timestep,episode,hip_pos_l,hip_pos_r,exo_pos_l,exo_pos_r,hip_vel_l,hip_vel_r,exo_vel_l,exo_vel_r,act_iliopsoas_l,act_iliopsoas_r,act_glut_l,act_glut_r,muscle_length_iliopsoas_l,muscle_length_iliopsoas_r,muscle_length_glut_l,muscle_length_glut_r,muscle_force_iliopsoas_l,muscle_force_iliopsoas_r,muscle_force_glut_l,muscle_force_glut_r,motor_torque_l,motor_torque_r,pid_output_l,pid_output_r,hip_pos_target_l,hip_pos_target_r,hip_vel_target_l,hip_vel_target_r
4001,4,-0.0,-0.0,-0.0,-0.0,0.0,0.0,0.0,0.0,0.009999999776482582,0.009999999776482582,0.009999999776482582,0.009999999776482582,1.0680413246154785,1.0680410861968994,0.7233719229698181,0.7233719229698181,0.0,0.0,0.0,0.0,-2.037733793258667,3.5114645957946777,0.00023616055873571117,0.0,0.0,0.00011691116769094612,0.0,-1.0447034592521818
4002,4,0.003315908135846257,0.004082830622792244,0.0036411527544260025,0.003672282677143812,-1.5260695219039917,-1.3852975368499756,-1.477133870124817,-1.4695099592208862,0.009999999776482582,0.009999999776482582,0.009999999776482582,0.0193317923694849,1.055721402168274,1.0557212829589844,0.7169662117958069,0.7140253782272339,0.0,0.0,0.0,0.0,-6.180620193481445,2.2287344932556152,-0.020864511094805666,0.0,0.0,-0.010330123424831429,0.0,-1.0447034592521813
4003,4,-0.011532856151461601,-0.008356539532542229,-0.01007328275591135,-0.009631344117224216,-0.3837507665157318,-0.05788397043943405,-0.22941678762435913,-0.1394389569759369,0.1771881878376007,0.12944193184375763,0.009999999776482582,0.01817447319626808,1.0231778621673584,1.0261890888214111,0.7106485366821289,0.7036118507385254,0.0,0.0,0.0,0.0,2.1575212478637695,1.2726211547851562,0.157548736542666,0.2222122938511893,0.0,-0.020690253406756048,0.0,-0.9984746488223865
4004,4,-0.009964368306100368,-0.004045963753014803,-0.007967395707964897,-0.005785338114947081,0.2683285176753998,0.5088220834732056,0.23890963196754456,0.49699097871780396,0.1605658084154129,0.11068709939718246,0.009999999776482582,0.0343702957034111,0.9903717637062073,0.9934739470481873,0.7044207453727722,0.6899672150611877,0.06506109237670898,0.0255811158567667,0.0,0.0,10.016632080078125,3.9541268348693848,-0.03710042029194416,0.08079266624059528,0.0,-0.03067499989498059,0.0,-0.9984746488223865
4005,4,-0.004228550475090742,0.0029566294979304075,-0.004280839581042528,0.001136025763116777,0.8745089769363403,0.8932094573974609,0.5131157636642456,0.8865820169448853,0.13558226823806763,0.09542328119277954,0.01862896978855133,0.12856684625148773,0.9813747406005859,0.9827548861503601,0.6956722140312195,0.6829856634140015,0.1096871942281723,0.07475465536117554,0.0,0.07471494376659393,5.5904340744018555,10.872149467468262,-0.1513376661211553,-0.01995691471267491,0.0,-0.040614408538753366,0.0,-0.951121543448045
4006,4,0.006427803076803684,0.013847786001861095,0.002025764901190996,0.01106410101056099,0.7994598746299744,0.7967544198036194,0.3742176294326782,0.6634657382965088,0.11564025282859802,0.08285710960626602,0.10377169400453568,0.2133038192987442,0.9796067476272583,0.9805185198783875,0.6828190088272095,0.6817384362220764,0.1099497452378273,0.07842724025249481,0.05607305467128754,0.11515101045370102,0.6635093688964844,6.043715476989746,-0.24300071569095766,-0.12227104825433344,0.0,-0.050083881914268207,0.0,-0.9469473375514328
4007,4,0.010348738171160221,0.01735907793045044,0.003579185577109456,0.014041870832443237,0.18676432967185974,0.12297344207763672,0.1334134042263031,0.1508253514766693,0.09944073110818863,0.07239114493131638,0.12647588551044464,0.2538471817970276,0.9794323444366455,0.980132520198822,0.68272465467453,0.6812493205070496,0.09604430943727493,0.06850803643465042,0.07399547845125198,0.144536554813385,4.539799690246582,13.84066104888916,-0.27072174263660537,-0.13245494607370345,0.0,-0.05955335528978305,0.0,-0.9217848711986326
4008,4,0.01415549498051405,0.0208943672478199,0.007984219118952751,0.017849605530500412,0.41204923391342163,0.39765340089797974,0.5447352528572083,0.44482386112213135,0.08617085963487625,0.06363610923290253,0.11423414200544357,0.2424895018339157,0.9801669716835022,0.980413019657135,0.6832190752029419,0.6815868616104126,0.08958098292350769,0.06483977288007736,0.06463366001844406,0.13685941696166992,-3.328831195831299,8.933653831481934,-0.1962096716783881,-0.04859945928212255,0.0,-0.06846139646755374,0.0,-0.8901215254393259
4009,4,0.01410707551985979,0.021114513278007507,0.010495170019567013,0.019270090386271477,-0.17358019948005676,-0.118621826171875,0.15335267782211304,0.05040860176086426,0.07515566051006317,0.0562426932156086,0.11052751541137695,0.25763556361198425,0.9822214841842651,0.9817512035369873,0.6826620697975159,0.6810314059257507,0.08118484169244766,0.05825762823224068,0.0601486973464489,0.14092013239860535,-7.62758731842041,10.258688926696777,-0.26424981422436133,-0.09028881843667477,0.0,-0.07736261172194747,0.0,-0.8901215254393259
4010,4,0.010965073481202126,0.01961643248796463,0.011641556397080421,0.019547678530216217,-0.3813060224056244,-0.1296910047531128,0.13108259439468384,0.05276590585708618,0.06596949696540833,0.04998563975095749,0.09530570358037949,0.24742484092712402,0.9849894046783447,0.9831453561782837,0.6818438172340393,0.680792510509491,0.07253976911306381,0.05124426633119583,0.05191197246313095,0.1397022306919098,-12.420096397399902,9.366331100463867,-0.20608447353610962,-0.002629706016741694,0.0,-0.0857121705396961,0.0,-0.8279972124860561
4011,4,0.006051714066416025,0.018361136317253113,0.011782683432102203,0.020036635920405388,-0.4441224932670593,0.00025728344917297363,-0.051388055086135864,0.14404436945915222,0.0616062693297863,0.04464030638337135,0.08273947238922119,0.2420935332775116,0.9874924421310425,0.9842487573623657,0.6809923052787781,0.6808502078056335,0.06649063527584076,0.045846909284591675,0.044428687542676926,0.1355736255645752,-10.515812873840332,2.590625286102295,-0.22026005092161072,0.03459387002978473,0.0,-0.09399214266455713,0.0,-0.8279972124860627
4012,4,0.0011787842959165573,0.017571376636624336,0.00881861336529255,0.020880430936813354,-0.49868279695510864,-0.10412552952766418,-0.45320576429367065,0.05318504571914673,0.06051762402057648,0.0400686152279377,0.07230283319950104,0.25117942690849304,0.989315390586853,0.9850965142250061,0.6802159547805786,0.6806738972663879,0.06325802952051163,0.04023584723472595,0.038840945810079575,0.13998521864414215,-7.295815944671631,6.127467155456543,-0.2551411180611819,0.053722025207243854,0.0,-0.10174083111555474,0.0,-0.7605743986916399
4013,4,-0.0029060973320156336,0.01750776171684265,0.004059184808284044,0.021626023575663567,-0.4217594265937805,-0.011851668357849121,-0.5551163554191589,0.008119627833366394,0.06969470530748367,0.03614487498998642,0.06356455385684967,0.2542697489261627,0.9898600578308105,0.9859573841094971,0.6793774962425232,0.6803518533706665,0.06912802159786224,0.037423133850097656,0.03404519334435463,0.13857918977737427,-0.8029210567474365,-0.5227839946746826,-0.2556540237620143,0.07162835461553185,0.0,-0.10934657510247155,0.0,-0.7605743986916399
4014,4,-0.006782637909054756,0.016040608286857605,-0.0020375775638967752,0.020668385550379753,-0.35889732837677,-0.2492167055606842,-0.6371256113052368,-0.18568167090415955,0.06950058043003082,0.03275960683822632,0.05618032440543175,0.27623772621154785,0.9909371733665466,0.98751300573349,0.6783422231674194,0.6790310144424438,0.07225014269351959,0.03536801040172577,0.029173385351896286,0.14288337528705597,-7.150173187255859,1.3959050178527832,-0.28625792859089394,0.06831773426383733,0.0,-0.11645200517998859,0.0,-0.6878530840560572
4015,4,-0.01150666642934084,0.012039314024150372,-0.009131896309554577,0.01708635687828064,-0.5145939588546753,-0.4900915026664734,-0.7238501906394958,-0.465765118598938,0.06911637634038925,0.02983270213007927,0.049908656626939774,0.2737714648246765,0.9924333095550537,0.989595353603363,0.6772616505622864,0.6775432825088501,0.07171529531478882,0.03330742195248604,0.026059644296765327,0.1405915468931198,-2.7124667167663574,0.29511213302612305,-0.26426335071776863,0.0667771534435451,0.0,-0.12333053602054957,0.0,-0.6878530840560638
4016,4,-0.01597820781171322,0.0064184400252997875,-0.015897613018751144,0.01172020472586155,-0.4253867268562317,-0.6458550691604614,-0.6657575368881226,-0.6260446310043335,0.0941510871052742,0.027304632589221,0.0445755273103714,0.2660311758518219,0.9917882680892944,0.9924448132514954,0.6761229634284973,0.675653874874115,0.08938983082771301,0.0321691520512104,0.022791143506765366,0.1318783313035965,-3.747994899749756,-2.193727493286133,-0.23580490269594093,0.09980983838438987,0.0,-0.12975031971785705,0.0,-0.6098332685793215
4017,4,-0.0205912496894598,-0.0017613917589187622,-0.022551601752638817,0.0038848889525979757,-0.45059800148010254,-0.9205750226974487,-0.6050687432289124,-0.8835412859916687,0.0953911691904068,0.025113577023148537,0.040014155209064484,0.25602301955223083,0.9921488761901855,0.9959266185760498,0.675075352191925,0.6732683777809143,0.09624117612838745,0.03063659369945526,0.02059893310070038,0.12322720885276794,-2.4163269996643066,-1.3481223583221436,-0.21624062694430785,0.09569140050560236,0.0,-0.13584865240365068,0.0,-0.6098332685793215
4018,4,-0.02452804148197174,-0.011706249788403511,-0.027458643540740013,-0.005888065323233604,-0.3810740113258362,-1.0963363647460938,-0.42621660232543945,-1.0976698398590088,0.10635837912559509,0.023210154846310616,0.03609639033675194,0.23963786661624908,0.9924606680870056,0.9999611973762512,0.6739985346794128,0.6704594492912292,0.10536780953407288,0.02935723215341568,0.01811186969280243,0.11222400516271591,-6.469881534576416,1.760110855102539,-0.17285204916516153,0.10911100044846535,0.0,-0.14154040171401913,0.0,-0.5265149522614327
4019,4,-0.028841637074947357,-0.023529961705207825,-0.031295422464609146,-0.01820974238216877,-0.4538313150405884,-1.2475649118423462,-0.34256792068481445,-1.3307803869247437,0.10691069066524506,0.02155163325369358,0.03271574154496193,0.22046564519405365,0.9932767152786255,1.0043675899505615,0.6729472875595093,0.6673586964607239,0.10857084393501282,0.02812134101986885,0.01662527769804001,0.10049523413181305,-2.5764214992523193,0.2580904960632324,-0.1398304168730894,0.1070465463399887,0.0,-0.14680555123663386,0.0,-0.5265149522614461
4020,4,-0.03271494060754776,-0.0366373248398304,-0.03418666496872902,-0.03218822553753853,-0.35517269372940063,-1.380779504776001,-0.2726415991783142,-1.4685097932815552,0.1229998841881752,0.020107492804527283,0.029797185212373734,0.1991800218820572,0.9932172894477844,1.0093765258789062,0.6721174120903015,0.6637315154075623,0.11789567023515701,0.02775292471051216,0.015343005768954754,0.08655183762311935,-0.5944490432739258,-4.848880767822266,-0.10590530313740579,0.1271641658246517,0.0,-0.15172687815333405,0.0,-0.43789813510239756
4021,4,-0.03578953072428703,-0.05213288590312004,-0.037018436938524246,-0.04801463708281517,-0.24254122376441956,-1.654181957244873,-0.2663714289665222,-1.6526577472686768,0.12264630943536758,0.018848123028874397,0.02727082185447216,0.17621031403541565,0.9932730793952942,1.0149483680725098,0.6718635559082031,0.6595576405525208,0.11930049955844879,0.02711888588964939,0.014921493828296661,0.07358985394239426,2.499220371246338,-5.087552070617676,-0.07085572132345139,0.12076627850532531,0.0,-0.15610585950435826,0.0,-0.43789813510238434
4022,4,-0.036630626767873764,-0.06942947208881378,-0.03901200369000435,-0.06515856832265854,0.01508435606956482,-1.8112701177597046,-0.15402057766914368,-1.79329514503479,0.12076698988676071,0.01774998940527439,0.025082137435674667,0.14783285558223724,0.9933855533599854,1.021095633506775,0.6720587611198425,0.6548948287963867,0.11724814772605896,0.026968151330947876,0.01400397252291441,0.05882591754198074,-0.5943715572357178,-6.736559867858887,-0.009232894161497834,0.11073652885854243,0.0,-0.1602143760206611,0.0,-0.3439828171021894
4023,4,-0.03626792132854462,-0.08895065635442734,-0.040050432085990906,-0.08442524075508118,0.08734120428562164,-2.030381679534912,-0.015397056937217712,-2.010374069213867,0.11353962868452072,0.03698919713497162,0.023182330653071404,0.12543559074401855,0.9939321875572205,1.0249083042144775,0.6719788908958435,0.6494764685630798,0.11520756781101227,0.046632178127765656,0.01214822381734848,0.0465046763420105,-13.003009796142578,-5.8144402503967285,0.0401593513030129,0.07450749650597573,0.0,-0.16365420419168317,0.0,-0.3439828171021762
4024,4,-0.03727487474679947,-0.11051396280527115,-0.04017326608300209,-0.10613783448934555,-0.1701458841562271,-2.187370538711548,0.047993630170822144,-2.234422206878662,0.1058560237288475,0.09265237301588058,0.02152780443429947,0.1073933020234108,0.9952479004859924,1.0250039100646973,0.6714217066764832,0.64361971616745,0.11035430431365967,0.09817980229854584,0.01082531176507473,0.037594668567180634,-13.806262969970703,-7.033398151397705,0.10400268056324014,0.0636689168214798,0.0,-0.16690752230085934,0.0,-0.2447689982608348
4025,4,-0.03969919681549072,-0.1324741542339325,-0.0393378771841526,-0.12887905538082123,-0.29459869861602783,-2.1771631240844727,0.11383587121963501,-2.289553165435791,0.10573312640190125,0.1492282599210739,0.020087048411369324,0.09268832951784134,0.9965476393699646,1.0251147747039795,0.6706075668334961,0.6377401947975159,0.1080053374171257,0.1539117991924286,0.009873582050204277,0.031314730644226074,-12.753376007080078,-7.112561225891113,0.16460541738664233,0.1050513844192028,0.0,-0.16935521228346778,0.0,-0.2447689982608348
4026,4,-0.04287130758166313,-0.15367929637432098,-0.03869486600160599,-0.15169839560985565,-0.3274799585342407,-2.0623862743377686,-0.033900752663612366,-2.2716145515441895,0.1244240254163742,0.1884266436100006,0.018831487745046616,0.08057112991809845,0.996239185333252,1.0260785818099976,0.6699338555335999,0.6324047446250916,0.1175636351108551,0.19872575998306274,0.009481801651418209,0.02731434814631939,-8.581061363220215,-4.379897117614746,0.20149848886436617,0.12936193466186524,0.0,-0.171710943978788,0.0,-0.148723177806131
4027,4,-0.04517652094364166,-0.17254890501499176,-0.040021862834692,-0.1736387461423874,-0.19728267192840576,-1.7681974172592163,-0.23838990926742554,-2.1594128608703613,0.1376747190952301,0.2138567417860031,0.017736459150910378,0.07049396634101868,0.9952250123023987,1.0276373624801636,0.6697253584861755,0.6281571984291077,0.12760066986083984,0.22726453840732574,0.00956558994948864,0.024875950068235397,-3.813983201980591,1.6104912757873535,0.22349842782376614,0.14149577133357524,0.0,-0.1731135107645712,0.0,-0.1402566785783073
4028,4,-0.04557105153799057,-0.1875276267528534,-0.04233210161328316,-0.19293564558029175,0.028707217425107956,-1.3358137607574463,-0.2603810727596283,-1.7287888526916504,0.13601821660995483,0.21415004134178162,0.016779566183686256,0.062035173177719116,0.9945637583732605,1.030093789100647,0.6701323986053467,0.6249361634254456,0.12825165688991547,0.23663876950740814,0.009864364750683308,0.022365039214491844,1.0325145721435547,-0.5544531345367432,0.21426483952105113,0.1274801354855299,0.0,-0.17451607755035445,0.0,-0.09165460465571888
4029,4,-0.043857306241989136,-0.199395552277565,-0.044867753982543945,-0.2072090357542038,0.27541449666023254,-1.0583386421203613,-0.2518933117389679,-1.1787502765655518,0.12944872677326202,0.20761580765247345,0.015942806378006935,0.05488951504230499,0.9942498207092285,1.0331521034240723,0.6708372235298157,0.6225107908248901,0.12490004301071167,0.2313079982995987,0.009237872436642647,0.020487943664193153,-6.512866020202637,0.7077813148498535,0.17898231601580297,0.09528213430196047,0.0,-0.17483422086211478,0.0,-0.030495883183302375
4030,4,-0.0417306013405323,-0.20860309898853302,-0.046555276960134506,-0.2169160693883896,0.18454542756080627,-0.7686183452606201,-0.02610640972852707,-0.77192223072052,0.11777085065841675,0.1990571916103363,0.015210835263133049,0.048821963369846344,0.9944605231285095,1.035859227180481,0.6715747117996216,0.6213933229446411,0.11611214280128479,0.2148742377758026,0.009070736356079578,0.02007213607430458,-4.860827922821045,7.7181172370910645,0.16097210905766984,0.05572569794952869,0.0,-0.17513917969394777,0.0,-0.03049588318328916
4031,4,-0.03930572420358658,-0.21293826401233673,-0.044624947011470795,-0.22164198756217957,0.2521120011806488,-0.20082707703113556,0.31632140278816223,-0.24945856630802155,0.10973109304904938,0.1880565583705902,0.014570578001439571,0.04364977777004242,0.9948241114616394,1.0377933979034424,0.6722085475921631,0.6213811635971069,0.10815097391605377,0.19771414995193481,0.008504570461809635,0.01880936324596405,-6.620957851409912,1.6087532043457031,0.13804179261706062,0.06593726053833962,0.0,-0.17442464688180706,0.0,0.08431328740960922
4032,4,-0.03744220361113548,-0.21383517980575562,-0.04125179350376129,-0.22237955033779144,0.17232248187065125,0.055452875792980194,0.3774827718734741,0.109247587621212,0.10088455677032471,0.1662972867488861,0.014009536243975163,0.039216455072164536,0.9952296614646912,1.0394099950790405,0.6728286743164062,0.6222220063209534,0.09950503706932068,0.17419472336769104,0.008319062180817127,0.018212564289569855,-5.408392906188965,2.1425271034240723,0.06401683317853006,0.05173863470554352,0.0,-0.17358151400771096,0.0,0.08431328740960922
4033,4,-0.035476990044116974,-0.21142959594726562,-0.03705523535609245,-0.21926383674144745,0.211082324385643,0.38892772793769836,0.4410361349582672,0.4710937440395355,0.09485894441604614,0.14365530014038086,0.0135182561352849,0.03540864586830139,0.9953526854515076,1.0406380891799927,0.6736645698547363,0.6240054965019226,0.09133993089199066,0.1467137634754181,0.008374789729714394,0.01781558431684971,-2.582007646560669,3.1097936630249023,0.03178389268386382,0.060728865489363675,0.0,-0.17179431226209094,0.0,0.20412080807174518
4034,4,-0.032667044550180435,-0.20569537580013275,-0.032348912209272385,-0.21270112693309784,0.31996187567710876,0.7087392807006836,0.46967849135398865,0.7948278188705444,0.0884476751089096,0.12200963497161865,0.013086645863950253,0.03316839784383774,0.9953717589378357,1.0413371324539185,0.674331784248352,0.6261963844299316,0.08643355965614319,0.12240187078714371,0.0076571181416511536,0.01713322289288044,-9.413997650146484,-2.132551670074463,-0.01813255685807092,0.05169400177896022,0.0,-0.16975310418137338,0.0,0.20412080807174518
4035,4,-0.030744142830371857,-0.19865785539150238,-0.02874947339296341,-0.20420540869235992,0.15267866849899292,0.7551509737968445,0.31688424944877625,0.9416182041168213,0.07999006658792496,0.10463656485080719,0.012709278613328934,0.06497309356927872,0.9958722591400146,1.0414501428604126,0.6746468544006348,0.627514123916626,0.08027034997940063,0.10247541218996048,0.007166013121604919,0.03128783777356148,-10.540953636169434,-5.640120506286621,-0.07099617252550984,0.030395518988370902,0.0,-0.1668532467017202,0.0,0.32892667880310555
4036,4,-0.029908083379268646,-0.1912311464548111,-0.026610950008034706,-0.19432111084461212,0.04612074792385101,0.7466542720794678,0.13893510401248932,1.0428965091705322,0.07600873708724976,0.09044963866472244,0.012378535233438015,0.0812050923705101,0.9963604807853699,1.0410435199737549,0.6748817563056946,0.6291950941085815,0.07486389577388763,0.08750718832015991,0.007029462140053511,0.03932799771428108,-6.954643726348877,-5.99290132522583,-0.08475255622157596,0.052257079482078556,0.0,-0.16356397991368896,0.0,0.32892667880310555
4037,4,-0.029204867780208588,-0.1837490051984787,-0.02584223262965679,-0.1832914501428604,0.06615772843360901,0.7268171310424805,0.011205680668354034,1.1346852779388428,0.07474757730960846,0.07873199880123138,0.012088515795767307,0.08800434321165085,0.9964445233345032,1.0402690172195435,0.6751654744148254,0.6312205791473389,0.07224592566490173,0.07478870451450348,0.0068850284442305565,0.04381968826055527,-6.248562335968018,-0.8653199672698975,-0.08959207547776427,0.06716681033372879,0.0,-0.1595114798994487,0.0,0.45873089960370345
4038,4,-0.02832292579114437,-0.17566129565238953,-0.025977876037359238,-0.17206904292106628,0.07705509662628174,0.8519402146339417,-0.0540938675403595,1.0481433868408203,0.0731256753206253,0.06896084547042847,0.011834057047963142,0.09109095484018326,0.9965629577636719,1.0392259359359741,0.6751691102981567,0.6333764791488647,0.07187100499868393,0.06548239290714264,0.006327799987047911,0.04541203752160072,-8.355606079101562,-5.934762954711914,-0.09182967215690513,0.06333892941474914,0.0,-0.15492417090341146,0.0,0.45873089960370345
4039,4,-0.02850983664393425,-0.16788724064826965,-0.027318207547068596,-0.16312071681022644,-0.06834886968135834,0.7477854490280151,-0.16543138027191162,0.7970016598701477,0.07133696973323822,0.06074252724647522,0.011610561050474644,0.11084038019180298,0.996863067150116,1.0379321575164795,0.6750877499580383,0.6351383328437805,0.0701897069811821,0.05658331513404846,0.006272902246564627,0.05552054941654205,-5.5315327644348145,-0.5757975578308105,-0.11576365000707317,0.06050689872354269,0.0,-0.1496790415540303,0.0,0.593533470473539
4040,4,-0.028793422505259514,-0.15961816906929016,-0.028635896742343903,-0.15538683533668518,-0.036369312554597855,0.8382523655891418,-0.137319877743721,0.7272316217422485,0.0812542587518692,0.053778186440467834,0.011414014734327793,0.10968134552240372,0.996091365814209,1.036138653755188,0.6751410365104675,0.637749969959259,0.07578777521848679,0.048499010503292084,0.006346770096570253,0.057800788432359695,-3.242335319519043,6.790885925292969,-0.1033350050889731,0.08326151210814714,0.0,-0.14374370684929463,0.0,0.593533470473539
4041,4,-0.028495993465185165,-0.14981047809123993,-0.029466690495610237,-0.14777681231498718,0.04142409563064575,1.0421500205993652,-0.0726902186870575,0.7582436203956604,0.08101619780063629,0.04787967726588249,0.011241947300732136,0.117864228785038,0.9957316517829895,1.0339895486831665,0.6751569509506226,0.6403728127479553,0.07815712690353394,0.042833827435970306,0.006180126219987869,0.06205331161618233,-3.4001076221466064,2.211759090423584,-0.12004065060684796,0.07960761871188879,0.0,-0.13726596136421879,0.0,0.7333343914125857
4042,4,-0.02838223986327648,-0.13982461392879486,-0.03023427352309227,-0.14042523503303528,0.005446944385766983,0.9813999533653259,-0.05266076326370239,0.7471612095832825,0.07912565022706985,0.04284215718507767,0.011090841144323349,0.14680707454681396,0.9959335923194885,1.0318537950515747,0.674983561038971,0.6422097086906433,0.07834531366825104,0.03842788562178612,0.005755972117185593,0.07564259320497513,-7.591333389282227,1.043243408203125,-0.155176435773406,0.06791366927325726,0.0,-0.1299326174500923,0.0,0.7333343914125989
4043,4,-0.029152479022741318,-0.13080114126205444,-0.03067665919661522,-0.13264411687850952,-0.11698433756828308,0.8480758666992188,-0.01611488312482834,0.8361358046531677,0.07833881676197052,0.038529228419065475,0.010958281345665455,0.14937947690486908,0.9963622689247131,1.0297417640686035,0.6746912002563477,0.6444898247718811,0.07755464315414429,0.034207820892333984,0.005672495346516371,0.07942228764295578,-6.876429557800293,6.264922618865967,-0.15018211027254055,0.07365037955343724,0.0,-0.12218226902876772,0.0,0.8781336624208899
4044,4,-0.03020883910357952,-0.12186524271965027,-0.03029029071331024,-0.12330164760351181,-0.1210365891456604,0.8995758891105652,0.053609706461429596,0.9857104420661926,0.09121129661798477,0.034816015511751175,0.010841751471161842,0.14621491730213165,0.9958764314651489,1.0275261402130127,0.6740915179252625,0.6470995545387268,0.0874493420124054,0.030288580805063248,0.005092587787657976,0.07977594435214996,-12.2017183303833,9.802665710449219,-0.13031976518053695,0.09413859974592925,0.0,-0.11340093240455851,0.0,0.8781336624208832
4045,4,-0.032427508383989334,-0.11249259114265442,-0.030127331614494324,-0.11319155246019363,-0.28372833132743835,0.9732635617256165,-0.03193741664290428,1.0340481996536255,0.09621307253837585,0.03162071108818054,0.010739602148532867,0.14476799964904785,0.9957985877990723,1.0250558853149414,0.673324704170227,0.649899959564209,0.09389900416135788,0.026891691610217094,0.005269759800285101,0.08028627187013626,-5.981307029724121,6.638460159301758,-0.1374401443413289,0.09746333442628384,0.0,-0.10433799424643149,0.0,1.0279312834984118
4046,4,-0.03477782756090164,-0.10255812853574753,-0.03122226893901825,-0.1024685800075531,-0.20126356184482574,1.0014294385910034,-0.1953568309545517,1.0942823886871338,0.12060091644525528,0.02885380946099758,0.01064974907785654,0.14595188200473785,0.9942885041236877,1.0222114324569702,0.6730248928070068,0.6528874635696411,0.10866914689540863,0.023317761719226837,0.005734104197472334,0.08335304260253906,-1.6118180751800537,11.499772071838379,-0.14631129452298502,0.12695298448204995,0.0,-0.09405868141144695,0.0,1.0279312834984118
4047,4,-0.035395827144384384,-0.09136749058961868,-0.033288709819316864,-0.09099206328392029,0.015253018587827682,1.1747384071350098,-0.23850147426128387,1.1500884294509888,0.12050294131040573,0.02645178884267807,0.010570667684078217,0.14846669137477875,0.9934411644935608,1.0190458297729492,0.6730306148529053,0.6560502052307129,0.11471983045339584,0.020794719457626343,0.00587332621216774,0.08605686575174332,-4.35659646987915,9.474603652954102,-0.1491957726392445,0.11997946396470069,0.0,-0.08364316671596361,0.0,1.1701872978806114
4048,4,-0.0351342111825943,-0.07971952855587006,-0.0361352302134037,-0.07982318848371506,0.05562138557434082,1.17569899559021,-0.2872037887573242,1.114039421081543,0.11565124243497849,0.02437564916908741,0.010501462034881115,0.1672886162996292,0.9932324290275574,1.0156199932098389,0.6735101342201233,0.6589193344116211,0.110847108066082,0.0183772724121809,0.00650262413546443,0.09759052842855453,2.254014015197754,9.401583671569824,-0.17352781679179632,0.08944589260965587,0.0,-0.07181589416951127,0.0,1.1827272546451713
4049,4,-0.03320447728037834,-0.06754250079393387,-0.03769998997449875,-0.0681946873664856,0.27114424109458923,1.2207717895507812,-0.02412530593574047,1.1841213703155518,0.11068067699670792,0.022568097338080406,0.010440574958920479,0.17150774598121643,0.9926258325576782,1.011859655380249,0.674915075302124,0.6623050570487976,0.101991668343544,0.016158536076545715,0.007651069201529026,0.10355747491121292,11.50918960571289,12.66070556640625,-0.17291866589601235,0.0835700898617506,0.0,-0.05998862162305875,0.0,1.2534841709393707
4050,4,-0.027989372611045837,-0.054411910474300385,-0.03513525426387787,-0.0554887093603611,0.665495753288269,1.3309245109558105,0.4621155560016632,1.292012095451355,0.10112480819225311,0.0209953710436821,0.010387107729911804,0.17545364797115326,0.9913337230682373,1.0079407691955566,0.6772862076759338,0.6658713817596436,0.09082647413015366,0.014609036035835743,0.008544138632714748,0.10766996443271637,13.125734329223633,12.349355697631836,-0.17680240001453518,0.048046283274888996,0.0,-0.04658260037750543,0.0,1.3425215758611548
4051,4,-0.019615020602941513,-0.04107167199254036,-0.02813456952571869,-0.04233817756175995,0.9807881116867065,1.3293843269348145,0.8999270796775818,1.330807089805603,0.08755193650722504,0.01962422765791416,0.019595537334680557,0.18793700635433197,0.9895104765892029,1.0038560628890991,0.6801041960716248,0.6692912578582764,0.07671621441841125,0.012914089486002922,0.014887569472193718,0.11713438481092453,10.925683975219727,16.094127655029297,-0.19231096683022386,-0.020976865440607062,0.0,-0.033157384618893164,0.0,1.3425215758611548
4052,4,-0.008419482037425041,-0.02731422334909439,-0.017086897045373917,-0.02874799072742462,1.2353171110153198,1.4061875343322754,1.2654776573181152,1.3786942958831787,0.07634462416172028,0.018430795520544052,0.07357997447252274,0.18836690485477448,0.9868056774139404,0.9996863007545471,0.6818270683288574,0.6730051040649414,0.06343720853328705,0.012202350422739983,0.04810579493641853,0.11927760392427444,12.501816749572754,11.04550838470459,-0.1885272495760081,-0.08462712280452253,0.0,-0.01826882973418353,0.0,1.507314247146373
4053,4,0.004913640208542347,-0.013826500624418259,-0.0032053710892796516,-0.015002192929387093,1.4210658073425293,1.304763913154602,1.5030947923660278,1.383906602859497,0.0669524073600769,0.017386291176080704,0.13044151663780212,0.19465143978595734,0.98319411277771,0.9959034323692322,0.6839257478713989,0.6762568354606628,0.05347852036356926,0.011967256665229797,0.08499732613563538,0.12230625748634338,11.282153129577637,8.013567924499512,-0.19693397230786258,-0.14502916019409895,0.0,-0.0031956872627189777,0.0,1.5073142471463747
4054,4,0.01946342922747135,-0.0018419999396428466,0.012592751532793045,-0.0013977811904624104,1.4886128902435303,1.1267012357711792,1.6503477096557617,1.3515421152114868,0.059057146310806274,0.016474219039082527,0.18255113065242767,0.19119293987751007,0.9791461229324341,0.9927402138710022,0.6863713264465332,0.6791569590568542,0.04634194076061249,0.012159673497080803,0.11953108012676239,0.11963742226362228,10.860536575317383,3.820798397064209,-0.17542985613353224,-0.199655981939286,0.0,0.013167383123319446,0.0,1.671013178378493
4055,4,0.03418949991464615,0.007989471778273582,0.029321594163775444,0.011239173822104931,1.4635241031646729,0.8904345035552979,1.6988368034362793,1.1710171699523926,0.05237467586994171,0.01567675545811653,0.22341106832027435,0.18184302747249603,0.9752951860427856,0.9906530976295471,0.6888323426246643,0.6813498139381409,0.04215899109840393,0.01327439770102501,0.14509552717208862,0.1103065013885498,6.105999946594238,-5.771458148956299,-0.13863480203106254,-0.23927689099684357,0.0,0.029877514907105517,0.0,1.6710131783784947
4056,4,0.04711447283625603,0.014093803241848946,0.045512810349464417,0.0203050896525383,1.2012652158737183,0.45170578360557556,1.604971170425415,0.7065568566322327,0.04668562859296799,0.014978663064539433,0.25294002890586853,0.165298193693161,0.9720733761787415,0.9895994067192078,0.6910573840141296,0.682863712310791,0.038723014295101166,0.013622970320284367,0.16338863968849182,0.09899646043777466,4.711158275604248,-3.151423931121826,-0.08674438193264561,-0.2656495043076575,0.0,0.047538699481011915,0.0,1.8092500090681671
4057,4,0.057944707572460175,0.017512761056423187,0.06126943975687027,0.025125201791524887,0.9836934208869934,0.236524760723114,1.486575722694397,0.2870136499404907,0.04182017222046852,0.014367107301950455,0.25305303931236267,0.13928449153900146,0.969535231590271,0.9892967343330383,0.6934412121772766,0.6840501427650452,0.03575431555509567,0.013987111859023571,0.16551852226257324,0.0826416164636612,4.370288848876953,-2.6355576515197754,0.0040720112406236325,-0.25310290651395917,0.0,0.06563119957169428,0.0,1.8092500090681671
4058,4,0.06685347855091095,0.018725164234638214,0.07369091361761093,0.026157869026064873,0.8117409944534302,0.021423496305942535,1.00680410861969,-0.04078865796327591,0.03765103220939636,0.059904273599386215,0.25111791491508484,0.11861488223075867,0.9675034880638123,0.9841598868370056,0.6956661939620972,0.684683620929718,0.03283171355724335,0.04939241334795952,0.16381379961967468,0.06884073466062546,5.816507339477539,1.2061762809753418,0.0682875758367314,-0.24328650088980794,0.0,0.0843509807709921,0.0,1.915932649093066
4059,4,0.07445909082889557,0.01880793273448944,0.08181596547365189,0.024896087124943733,0.6869339942932129,-0.013893742114305496,0.6454943418502808,-0.20351412892341614,0.03406088799238205,0.12278348207473755,0.2482585608959198,0.10188193619251251,0.9662056565284729,0.9783520102500916,0.6973198056221008,0.6847561597824097,0.03149489685893059,0.0982980951666832,0.15692098438739777,0.05765621364116669,0.8312082290649414,-1.9614589214324951,0.13814231498528554,-0.23664824845269322,0.0,0.10351030726192348,0.0,1.915932649093066
4060,4,0.07917620241641998,0.01774732396006584,0.08615922182798386,0.02177109569311142,0.3295302987098694,-0.12708792090415955,0.29247817397117615,-0.358699232339859,0.030965108424425125,0.16971196234226227,0.2455786019563675,0.08818663656711578,0.9654467701911926,0.9738167524337769,0.6984749436378479,0.6848284006118774,0.028477858752012253,0.13871681690216064,0.15544243156909943,0.05094528570771217,11.461796760559082,0.1340937614440918,0.18441081872389847,-0.23462760480120778,0.0,0.12303625156129451,0.0,1.9910610984531851
4061,4,0.0830870196223259,0.017642393708229065,0.08867225795984268,0.018700018525123596,0.3672381639480591,0.047261904925107956,0.17224432528018951,-0.3112453818321228,0.028293054550886154,0.22434677183628082,0.23519058525562286,0.07687760889530182,0.9648159742355347,0.9693843126296997,0.6996253132820129,0.6853002309799194,0.02653266303241253,0.17753219604492188,0.14878252148628235,0.045552704483270645,9.71524715423584,2.47819185256958,0.24583637583200554,-0.19203479768708348,0.0,0.14294686254582778,0.0,1.9910610984531982
4062,4,0.08607745170593262,0.019078101962804794,0.08966917544603348,0.015729786828160286,0.2346542924642563,0.22629289329051971,0.036225441843271255,-0.22749905288219452,0.02597135119140148,0.25139254331588745,0.22980381548404694,0.0674021914601326,0.9645849466323853,0.9655078053474426,0.7004054188728333,0.6864418983459473,0.02505422756075859,0.20349834859371185,0.14222848415374756,0.04206135496497154,7.370615005493164,8.238067626953125,0.26296079306377423,-0.2071743522770703,0.0,0.1630265364199532,0.0,2.034635357148537
4063,4,0.0876847505569458,0.023146674036979675,0.08966398984193802,0.01587604731321335,0.08751926571130753,0.5454725623130798,-0.04207511246204376,0.25164249539375305,0.023957286030054092,0.2690509855747223,0.2231816202402115,0.05943965166807175,0.964935839176178,0.9620605111122131,0.7006514668464661,0.6882497668266296,0.024226466193795204,0.2196495682001114,0.1344417780637741,0.03833809494972229,6.575460433959961,2.230648994445801,0.2772133312033572,-0.19498918475583193,0.0,0.18337288999143994,0.0,2.034635357148537
4064,4,0.08723798394203186,0.029080204665660858,0.08837896585464478,0.020493242889642715,-0.12968476116657257,0.6899174451828003,-0.17357289791107178,0.6617963314056396,0.022203516215085983,0.26834335923194885,0.21465328335762024,0.05268944427371025,0.9658713936805725,0.9589990377426147,0.7004204988479614,0.6908467411994934,0.023454146459698677,0.22089733183383942,0.12636539340019226,0.036689162254333496,3.9354705810546875,7.553434371948242,0.2655733202663082,-0.17788722345605493,0.0,0.2037538599150021,0.0,2.046655425179096
4065,4,0.08498553186655045,0.03810340538620949,0.08636803179979324,0.02925661765038967,-0.3140983581542969,1.0797486305236816,-0.23664256930351257,1.0513616800308228,0.020678622648119926,0.27412739396095276,0.20200441777706146,0.046956438571214676,0.9675408601760864,0.9555058479309082,0.6996468305587769,0.6944686770439148,0.023191533982753754,0.2163201868534088,0.11549858748912811,0.034533485770225525,1.2955427169799805,5.488648414611816,0.2768754392720954,-0.14615784587338565,0.0,0.22422041416679456,0.0,2.046655425179109
4066,4,0.08032672107219696,0.05028115585446358,0.08301521837711334,0.04135441035032272,-0.5731939673423767,1.363286018371582,-0.4171065390110016,1.3695242404937744,0.019347697496414185,0.2682482600212097,0.18641144037246704,0.042051032185554504,0.9701884984970093,0.951574981212616,0.6981323957443237,0.6986621022224426,0.023428425192832947,0.20963487029075623,0.10203363001346588,0.0322396494448185,-3.412618637084961,0.22933006286621094,0.2453449617497939,-0.1156906128115952,0.0,0.24465024661447587,0.0,2.0271213025449013
4067,4,0.07249407470226288,0.06434059888124466,0.07699871063232422,0.056023743003606796,-0.9062287211418152,1.4940577745437622,-0.7358690500259399,1.581498384475708,0.018187610432505608,0.2591816484928131,0.16591213643550873,0.03784922510385513,0.9734148979187012,0.9472620487213135,0.6962116956710815,0.7036313414573669,0.02243838831782341,0.1963450014591217,0.09008335322141647,0.031266793608665466,1.4754128456115723,4.843940734863281,0.22329408476270954,-0.06911518426612019,0.0,0.2649214596399257,0.0,2.0271213025449146
4068,4,0.06350598484277725,0.08145321905612946,0.06866459548473358,0.07367292046546936,-0.9396758675575256,1.8507171869277954,-0.9563852548599243,1.8859455585479736,0.01717369258403778,0.25145480036735535,0.13977068662643433,0.034231144934892654,0.9769658446311951,0.9422045946121216,0.694166362285614,0.7093242406845093,0.02201429381966591,0.18291614949703217,0.07451222836971283,0.02991221845149994,0.4793524742126465,3.6305689811706543,0.22042810062038676,-0.004944559950381511,0.0,0.2851477210864073,0.0,1.9801716321007514
4069,4,0.053253307938575745,0.10092431306838989,0.057728931307792664,0.09354718774557114,-1.0858031511306763,2.038768768310547,-1.1909916400909424,2.082752227783203,0.01712486706674099,0.2368214875459671,0.11900486797094345,0.031112652271986008,0.9809646010398865,0.9365835785865784,0.6915314197540283,0.7154949903488159,0.022732114419341087,0.16889740526676178,0.060432907193899155,0.028747444972395897,-4.46603536605835,4.306783676147461,0.1766937048363869,0.01677857203409075,0.0,0.30490805097886725,0.0,1.9760329892459265
4070,4,0.040986862033605576,0.12218326330184937,0.04470530524849892,0.11521070450544357,-1.326623558998108,2.2115635871887207,-1.383679986000061,2.2519547939300537,0.05192851275205612,0.22090505063533783,0.1022113487124443,0.028415342792868614,0.9811001420021057,0.9305689930915833,0.6880165934562683,0.7219804525375366,0.05505850166082382,0.15522216260433197,0.04888783022761345,0.027328073978424072,-5.972154140472412,-0.26445627212524414,0.15353932074543308,0.05813795221969485,0.0,0.32466838087132777,0.0,1.9394388932179145
4071,4,0.026541057974100113,0.14445382356643677,0.02986338920891285,0.1383504867553711,-1.5100136995315552,2.2674601078033447,-1.5500361919403076,2.380417585372925,0.10567696392536163,0.20350635051727295,0.08845070749521255,0.026077041402459145,0.980172872543335,0.9243125319480896,0.6835974454879761,0.7286067008972168,0.10643891990184784,0.14146548509597778,0.03914156183600426,0.026170963421463966,-14.328920364379883,1.2514781951904297,0.1274184401964365,0.11797416796907782,0.0,0.34361221275165393,0.0,1.8933904852821584
4072,4,0.009675364941358566,0.16744188964366913,0.013276821933686733,0.16241513192653656,-1.782584309577942,2.3461663722991943,-1.7301881313323975,2.449023962020874,0.1576717495918274,0.18786394596099854,0.0771004855632782,0.02405252493917942,0.980176568031311,0.9176991581916809,0.6784279942512512,0.7355024218559265,0.1612996906042099,0.12760569155216217,0.0319988913834095,0.025290338322520256,-16.391891479492188,2.5237059593200684,0.11672249716147487,0.17384347600862382,0.0,0.3625461176044769,0.0,1.8933904852821584
4073,4,-0.009010308422148228,0.19149723649024963,-0.004935965873301029,0.1872972548007965,-1.9247205257415771,2.4563887119293213,-1.9068208932876587,2.523361921310425,0.22306065261363983,0.17227637767791748,0.06761417537927628,0.02229120023548603,0.9802718162536621,0.9106809496879578,0.6728976368904114,0.7425705790519714,0.22383463382720947,0.11497976630926132,0.02662263624370098,0.02431299537420273,-15.730602264404297,1.1439776420593262,0.09904061077397008,0.24826694628223775,0.0,0.3804659695263191,0.0,1.7791937906536368
4074,4,-0.028423186391592026,0.21624141931533813,-0.024826517328619957,0.2127421647310257,-1.9350063800811768,2.4925649166107178,-2.0507750511169434,2.563612937927246,0.28116169571876526,0.15548168122768402,0.05960815027356148,0.020753558725118637,0.9806163311004639,0.9034731388092041,0.667525589466095,0.7496559023857117,0.2840646505355835,0.10315947234630585,0.023275302723050117,0.023302117362618446,-11.921419143676758,-0.2741515636444092,0.0741156553682163,0.3071389316022396,0.0,0.39825790743285616,0.0,1.7791937906536368
4075,4,-0.046707864850759506,0.2411775141954422,-0.04550900682806969,0.23853830993175507,-1.732986330986023,2.4844372272491455,-2.0790975093841553,2.5786561965942383,0.3251758813858032,0.1390771120786667,0.05284052714705467,0.019414400681853294,0.9813751578330994,0.8961313366889954,0.662788987159729,0.7568485140800476,0.33439573645591736,0.0905475914478302,0.020730897784233093,0.022831251844763756,-14.18358039855957,5.8696770668029785,0.056460934423019915,0.34807602941989896,0.0,0.41490134587089567,0.0,1.6334429053603086
4076,4,-0.0628562867641449,0.26682189106941223,-0.06588041037321091,0.26440298557281494,-1.523220181465149,2.6030282974243164,-1.9655110836029053,2.5728704929351807,0.3445356488227844,0.12382736802101135,0.04707817733287811,0.018244918435811996,0.9827913045883179,0.8884178400039673,0.6589634418487549,0.7642310261726379,0.36475321650505066,0.07878251373767853,0.019495727494359016,0.022121882066130638,-5.639190673828125,3.4551334381103516,0.04427792138883746,0.355276536270976,0.0,0.4312357749245,0.0,1.633442905360335
4077,4,-0.07570035010576248,0.29312360286712646,-0.08289503306150436,0.2903752028942108,-1.1204572916030884,2.6250572204589844,-1.454013466835022,2.5946755409240723,0.35271644592285156,0.10610014945268631,0.04215299338102341,0.01722315140068531,0.9845919609069824,0.880688488483429,0.6563921570777893,0.7715230584144592,0.3743627667427063,0.06750287115573883,0.019260069355368614,0.021190311759710312,-2.3259902000427246,3.410212993621826,0.009113535262533612,0.3573655834048986,0.0,0.446396542484307,0.0,1.4628495935163963
4078,4,-0.08442464470863342,0.319263219833374,-0.09400660544633865,0.31636738777160645,-0.6716587543487549,2.5890657901763916,-0.8296002149581909,2.5901131629943848,0.34623971581459045,0.09168414771556854,0.037942513823509216,0.016847586259245872,0.986463725566864,0.8729881048202515,0.655117928981781,0.778621256351471,0.3680058419704437,0.05725082382559776,0.018209315836429596,0.02105797454714775,-5.297718048095703,5.797882080078125,-0.014179206206719419,0.32415328361094,0.0,0.46102503841947134,0.0,1.4628495935163697
4079,4,-0.08925232291221619,0.34504738450050354,-0.09958083927631378,0.3420724868774414,-0.29620665311813354,2.5631327629089355,-0.3169856071472168,2.5530707836151123,0.3304523229598999,0.07973136752843857,0.0343082994222641,0.02883971855044365,0.9882595539093018,0.865119218826294,0.6549809575080872,0.7848435044288635,0.3481263518333435,0.048334769904613495,0.017864206805825233,0.03142819181084633,-5.911316871643066,6.6930460929870605,-0.030677315457855625,0.2759705851227045,0.0,0.47466225315573274,0.0,1.2942609115783388
4080,4,-0.09021156281232834,0.37052103877067566,-0.10039713978767395,0.36744123697280884,0.06903881579637527,2.52156400680542,0.10532338917255402,2.5176873207092285,0.3086525499820709,0.06976773589849472,0.031171662732958794,0.04668595641851425,0.989717960357666,0.857012927532196,0.6560879349708557,0.7906529903411865,0.31704697012901306,0.04053119570016861,0.01790311373770237,0.047866903245449066,-2.3804736137390137,9.956567764282227,-0.04961932291500748,0.23109317280352115,0.0,0.487604862271517,0.0,1.2942609115783388
4081,4,-0.0868842601776123,0.3960619568824768,-0.0968393087387085,0.39278265833854675,0.512015163898468,2.540097951889038,0.5359708666801453,2.517930507659912,0.2814578413963318,0.06142324209213257,0.028464749455451965,0.06402591615915298,0.9905895590782166,0.8486768007278442,0.6583958864212036,0.7964474558830261,0.27954643964767456,0.03432542085647583,0.018143264576792717,0.06417427957057953,0.20401716232299805,12.346260070800781,-0.06742148942946957,0.1800290635228157,0.0,0.49976731382613976,0.0,1.1343886236603582
4082,4,-0.07945191860198975,0.42153289914131165,-0.08923355489969254,0.41795486211776733,0.9141049385070801,2.5225818157196045,0.9366071224212646,2.4973068237304688,0.24660171568393707,0.05438059940934181,0.02612149715423584,0.09029798954725266,0.990997314453125,0.8405765891075134,0.6614750027656555,0.8013279438018799,0.2410646378993988,0.030933918431401253,0.017596431076526642,0.08655776083469391,-3.3764004707336426,5.698494911193848,-0.09629466007880116,0.10866569124162197,0.0,0.5111112000627438,0.0,1.1343886236603318
4083,4,-0.06965511292219162,0.44482237100601196,-0.07874108105897903,0.4419659674167633,1.075406789779663,2.19590425491333,1.1762816905975342,2.343463897705078,0.20612071454524994,0.0483759343624115,0.024080930277705193,0.115212082862854,0.991203784942627,0.8333207964897156,0.6651000380516052,0.8055580854415894,0.1997373402118683,0.028601080179214478,0.0174519345164299,0.10760514438152313,-3.847283124923706,5.710883140563965,-0.12108757071183657,0.03507658027112484,0.0,0.5218686195878877,0.0,0.9832327297624018
4084,4,-0.05782776698470116,0.4653627872467041,-0.06563419103622437,0.46463316679000854,1.2625491619110107,1.930757999420166,1.4114753007888794,2.193603754043579,0.17107658088207245,0.043270278722047806,0.02231258898973465,0.11242915689945221,0.990832507610321,0.826936662197113,0.6694884300231934,0.8103922009468079,0.15850377082824707,0.025853103026747704,0.01746918074786663,0.10769684612751007,2.404930591583252,8.76198959350586,-0.0972626542074568,-0.007319206520915028,0.0,0.5317009468855123,0.0,0.9832327297624018
4085,4,-0.04321393370628357,0.4841049313545227,-0.04997416213154793,0.4859077036380768,1.5762646198272705,1.7884904146194458,1.6640944480895996,2.0010409355163574,0.14389881491661072,0.038899414241313934,0.05231013149023056,0.10717292129993439,0.9894124865531921,0.8219069242477417,0.6728734970092773,0.8143730163574219,0.12731987237930298,0.026730893179774284,0.035133980214595795,0.09777915477752686,0.36364316940307617,-9.699870109558105,-0.07821210550348212,-0.05788869887590409,0.0,0.5411230655333381,0.0,0.8407932298844696
4086,4,-0.02804657258093357,0.4974319636821747,-0.033656805753707886,0.5024341940879822,1.5367958545684814,1.0498920679092407,1.6797407865524292,1.3864275217056274,0.12227436900138855,0.0351339653134346,0.11799926310777664,0.10245855897665024,0.9870432615280151,0.8191086649894714,0.6749750375747681,0.8169147968292236,0.10479199886322021,0.026898536831140518,0.07405772060155869,0.08924803137779236,-3.8440418243408203,-7.991507053375244,-0.07623187007176818,-0.13330940544605252,0.0,0.5495309978321831,0.0,0.8407932298844696
4087,4,-0.01323255617171526,0.5054126977920532,-0.016541732475161552,0.5127366185188293,1.4219471216201782,0.5859619975090027,1.7285312414169312,0.7212085723876953,0.10487403720617294,0.03387827053666115,0.14822766184806824,0.08866400271654129,0.9844751954078674,0.8178665637969971,0.6776099801063538,0.8185395002365112,0.09149923920631409,0.028470952063798904,0.09238903969526291,0.07459017634391785,-7.871432304382324,-9.828279495239258,0.025422026786248025,-0.15716288145631552,0.0,0.557687546754851,0.0,0.7070701240266409
4088,4,-0.0007302350713871419,0.5085117220878601,0.000416480062995106,0.5164914727210999,1.1077005863189697,0.0829395055770874,1.6756336688995361,0.09551632404327393,0.09063807129859924,0.08410754054784775,0.16421161592006683,0.07723725587129593,0.9824879765510559,0.8135930299758911,0.6799580454826355,0.8189289569854736,0.08139976114034653,0.06427780538797379,0.10168406367301941,0.0610426589846611,-8.689592361450195,-8.3057222366333,0.09437838261112078,-0.16929895320907234,0.0,0.5647582479951174,0.0,0.707070124026588
4089,4,0.009130408987402916,0.5073444247245789,0.015496143139898777,0.5148420929908752,0.8959794640541077,-0.279340922832489,1.2866673469543457,-0.3776952624320984,0.07886535674333572,0.15835241973400116,0.161296546459198,0.06769022345542908,0.9810613989830017,0.8089483976364136,0.6823186278343201,0.8182026743888855,0.07258901000022888,0.11716526001691818,0.10011022537946701,0.0512017160654068,-8.401900291442871,-6.755635738372803,0.1788192732337734,-0.14715201041311957,0.0,0.5717189583447877,0.0,0.5921901535381006
4090,4,0.017087027430534363,0.5032482147216797,0.025475773960351944,0.5091215372085571,0.6975338459014893,-0.5097267627716064,0.7706713080406189,-0.7251417636871338,0.06906777620315552,0.22413921356201172,0.1568908840417862,0.05967578664422035,0.9801270365715027,0.8055363297462463,0.6843170523643494,0.8168951272964478,0.06461865454912186,0.16928157210350037,0.09671631455421448,0.04441869258880615,-4.879403114318848,-5.492979049682617,0.24854110382038996,-0.13529773837071843,0.0,0.5775395924666755,0.0,0.582063412188757
4091,4,0.02341177687048912,0.4978082776069641,0.03147181496024132,0.5007656216621399,0.5408105850219727,-0.5778048634529114,0.45383164286613464,-0.9390062093734741,0.06083916127681732,0.27957621216773987,0.1510002166032791,0.05289613455533981,0.9795586466789246,0.8030928373336792,0.6859404444694519,0.8156052827835083,0.05782864987850189,0.21404361724853516,0.09220363944768906,0.03985412418842316,-2.9436886310577393,-1.310364007949829,0.30453490829816965,-0.12178587308269925,0.0,0.5833602265885636,0.0,0.530570066110839
4092,4,0.028202185407280922,0.4928874373435974,0.035051096230745316,0.4907025992870331,0.3941456973552704,-0.4356003403663635,0.2588099539279938,-1.0654661655426025,0.053889691829681396,0.317268967628479,0.14443974196910858,0.0471353605389595,0.9794777035713196,0.8013687133789062,0.6870460510253906,0.8145930767059326,0.05271141603589058,0.24901877343654633,0.08612773567438126,0.03580699488520622,-5.008053779602051,-0.17813801765441895,0.336774370105752,-0.11139511836809106,0.0,0.5880319263392187,0.0,0.46577309437097664
4093,4,0.03083580918610096,0.48891910910606384,0.036534782499074936,0.4812973737716675,0.15192726254463196,-0.3601762056350708,0.056149207055568695,-0.7435327172279358,0.047978151589632034,0.3297763168811798,0.13709458708763123,0.04220978915691376,0.9798991084098816,0.8005380630493164,0.687644898891449,0.8139529824256897,0.04796598479151726,0.2690025269985199,0.08046865463256836,0.03298031538724899,-1.880507469177246,1.2795400619506836,0.3365968784557102,-0.09954024599981494,0.0,0.5926896572829289,0.0,0.46577309437097664
4094,4,0.031807709485292435,0.48636263608932495,0.03641684725880623,0.4764600098133087,0.028365299105644226,-0.1650044173002243,-0.08543537557125092,-0.28541454672813416,0.042932167649269104,0.3381042778491974,0.12616929411888123,0.037986867129802704,0.9809143543243408,0.8001694679260254,0.6877381205558777,0.813701868057251,0.044771403074264526,0.2786773443222046,0.07170688360929489,0.030182795599102974,-6.022100448608398,-2.6635682582855225,0.3427743502774214,-0.06909144451958127,0.0,0.5963921447051075,0.0,0.35819917057324685
4095,4,0.030310161411762238,0.4849761128425598,0.034270454198122025,0.4747108519077301,-0.26318639516830444,-0.06163208186626434,-0.29387232661247253,-0.0554061233997345,0.03859829530119896,0.33584943413734436,0.11466598510742188,0.03434637188911438,0.9826174974441528,0.8000076413154602,0.6872002482414246,0.8139776587486267,0.04164166748523712,0.2775852382183075,0.06346708536148071,0.02842145971953869,-5.513481140136719,-1.5834307670593262,0.3280477414785675,-0.05313710479182192,0.0,0.59997413641084,0.0,0.35819917057324685
4096,4,0.026681916788220406,0.48560765385627747,0.03051643632352352,0.47543543577194214,-0.44903501868247986,0.16449210047721863,-0.45109793543815613,0.17506511509418488,0.034882012754678726,0.3330511748790741,0.09869131445884705,0.03121432289481163,0.9847816228866577,0.7996736764907837,0.68636155128479,0.8147909045219421,0.03835993632674217,0.27067920565605164,0.05408361926674843,0.026544049382209778,-2.110801935195923,-3.7922370433807373,0.3232769707450121,-0.007015457731904463,0.0,0.6027771426567027,0.0,0.25934164079556765
4097,4,0.02175520732998848,0.48807281255722046,0.025207819417119026,0.47820988297462463,-0.5423919558525085,0.31772562861442566,-0.6071826815605164,0.35913699865341187,0.03393717482686043,0.32475948333740234,0.08552761375904083,0.02849908173084259,0.9869632124900818,0.7990584969520569,0.6851946711540222,0.8160803318023682,0.03728673607110977,0.25961577892303467,0.04570353403687477,0.02519088238477707,-3.376040458679199,-0.8991634845733643,0.2956773522861332,0.0275846867065411,0.0,0.6053705590646583,0.0,0.25934164079551475
4098,4,0.015751246362924576,0.49242663383483887,0.018499739468097687,0.4827861487865448,-0.6545042991638184,0.522659182548523,-0.7271910905838013,0.5357338190078735,0.048438165336847305,0.31367889046669006,0.07462357729673386,0.026148680597543716,0.9876001477241516,0.7980911731719971,0.683543860912323,0.8178122043609619,0.04997122660279274,0.24600733816623688,0.03845701366662979,0.023842668160796165,-4.392430782318115,-1.75559401512146,0.27409393816166255,0.05100654205190949,0.0,0.607343815286365,0.0,0.16920050503783327
4099,4,0.008452093228697777,0.4983709156513214,0.010568268597126007,0.48894959688186646,-0.7794619202613831,0.6612076759338379,-0.8390172123908997,0.6904685497283936,0.07440997660160065,0.2979144752025604,0.06549560278654099,0.02410699427127838,0.987082839012146,0.7968523502349854,0.6815247535705566,0.819844663143158,0.07324124872684479,0.23109568655490875,0.033001553267240524,0.0224828589707613,-2.398860454559326,-3.9834070205688477,0.2403624563471071,0.07951629055547528,0.0,0.609035820336744,0.0,0.16920050503783327
4100,4,0.0005545802414417267,0.5054340362548828,0.0017911497270688415,0.49656179547309875,-0.7894606590270996,0.7431493401527405,-0.9052844047546387,0.8139044046401978,0.10517922043800354,0.2800127863883972,0.05782739818096161,0.022335799410939217,0.9859865307807922,0.795425534248352,0.6796947121620178,0.8221079707145691,0.09929996728897095,0.21497739851474762,0.029679125174880028,0.021289633587002754,3.6737966537475586,-4.352322578430176,0.21235565624647013,0.11268919812398961,0.0,0.6102490576864553,0.0,0.08777576330025526
4101,4,-0.006010857876390219,0.5134361982345581,-0.007080874405801296,0.505378007888794,-0.5628630518913269,0.8253576159477234,-0.8831506967544556,0.9128512144088745,0.12467099726200104,0.2616262435913086,0.05132821202278137,0.02079351805150509,0.9850003123283386,0.7937821745872498,0.678699791431427,0.8245880603790283,0.11669916659593582,0.19809816777706146,0.027794204652309418,0.020301302894949913,10.748229026794434,-2.8644168376922607,0.18980753625380858,0.12997294330853038,0.0,0.6111268153194579,0.0,0.08777576330025526
4102,4,-0.009387445636093616,0.5223729610443115,-0.014506514184176922,0.515080988407135,-0.19427308440208435,0.9129236936569214,-0.5924594402313232,0.9841649532318115,0.12222236394882202,0.24228884279727936,0.04577666521072388,0.01944561116397381,0.9847007989883423,0.7918681502342224,0.6789010763168335,0.8273467421531677,0.11660504341125488,0.18004554510116577,0.026892833411693573,0.01966504380106926,16.682355880737305,1.0211467742919922,0.16448214151925888,0.10923439563135616,0.0,0.6116497649493343,0.0,0.015067415582674975
4103,4,-0.008657671511173248,0.5325227975845337,-0.017114466056227684,0.5255478024482727,0.24613341689109802,1.0534347295761108,-0.006067804992198944,1.067226767539978,0.11264078319072723,0.22178879380226135,0.041045259684324265,0.01827297732234001,0.9845272302627563,0.7896655201911926,0.6801280379295349,0.8302718997001648,0.10738073289394379,0.16308780014514923,0.02551431767642498,0.01886916719377041,13.148355484008789,2.5050854682922363,0.13556360211624321,0.06088682494009844,0.0,0.6118004391051612,0.0,0.015067415582674975
4104,4,-0.004853968508541584,0.5433021783828735,-0.014559336937963963,0.5363161563873291,0.5171098709106445,1.1037734746932983,0.47635871171951294,1.0985851287841797,0.09700904786586761,0.19837941229343414,0.03698243945837021,0.017248474061489105,0.9842363595962524,0.7874680757522583,0.6822457313537598,0.8331341743469238,0.09109660238027573,0.14740045368671417,0.024848883971571922,0.01764390617609024,15.716023445129395,-3.369781970977783,0.0955756604639803,-0.0064605450734961795,0.0,0.6117028321673629,0.0,-0.04892453811485471
4105,4,0.002144009340554476,0.553704559803009,-0.0077316658571362495,0.5472840070724487,0.8687073588371277,1.0010942220687866,0.8693220019340515,1.09657621383667,0.08415531367063522,0.17493411898612976,0.05188857391476631,0.0163530595600605,0.9830305576324463,0.7856432795524597,0.6845740675926208,0.8357124924659729,0.07487525045871735,0.1323571801185608,0.03477512300014496,0.016560964286327362,13.153430938720703,-3.003230094909668,0.06684582450549262,-0.05461733981152064,0.0,0.6112135867862145,0.0,-0.048924538114801845
4106,4,0.012162110768258572,0.5631546378135681,0.0027042075525969267,0.5578758120536804,1.12420654296875,0.9004865288734436,1.1925702095031738,1.0237386226654053,0.07348190993070602,0.15543845295906067,0.10842636972665787,0.015569939278066158,0.9807774424552917,0.7842463850975037,0.6858695149421692,0.8377759456634521,0.06264681369066238,0.1205943152308464,0.06906554102897644,0.015040291473269463,9.131023406982422,-7.300548553466797,0.061283296744870625,-0.12139579888549633,0.0,0.6105651544329017,0.0,-0.10420009779233382
4107,4,0.02350035309791565,0.5705143809318542,0.015348387882113457,0.5669524669647217,1.1661368608474731,0.6293477416038513,1.3406168222427368,0.8285706043243408,0.06457682698965073,0.13906359672546387,0.1628449559211731,0.014886477962136269,0.9778814911842346,0.7834588885307312,0.6874095797538757,0.8393154144287109,0.053907401859760284,0.1102571040391922,0.10355903953313828,0.01393759623169899,8.102235794067383,-5.568490028381348,0.05631766306003533,-0.18000012157601303,0.0,0.6095231534549783,0.0,-0.10420009779233382
4108,4,0.03523195534944534,0.5759867429733276,0.02926701493561268,0.5743342638015747,1.1644959449768066,0.46263304352760315,1.4216723442077637,0.6424243450164795,0.05704996734857559,0.12964552640914917,0.19719308614730835,0.014286886900663376,0.9748963713645935,0.7830612659454346,0.6894190311431885,0.8401686549186707,0.04765237867832184,0.10512135922908783,0.12704429030418396,0.012312746606767178,9.246063232421875,-11.025047302246094,0.08076752659869753,-0.20943616097909398,0.0,0.6083936268383116,0.0,-0.15075926344976232
4109,4,0.04641488566994667,0.5786791443824768,0.04325675964355469,0.5793086290359497,1.0831739902496338,0.1201053112745285,1.3874919414520264,0.37931743264198303,0.050660714507102966,0.12371683865785599,0.2232639491558075,0.013761169277131557,0.972315788269043,0.783323347568512,0.6913094520568848,0.8402794003486633,0.04404411464929581,0.10336700081825256,0.1412472277879715,0.011201166547834873,1.2984275817871094,-7.373063564300537,0.09243280778280176,-0.2333578672085423,0.0,0.6068860342038136,0.0,-0.15075926344976232
4110,4,0.0553872250020504,0.5787155628204346,0.0566299743950367,0.58112633228302,0.7580451369285583,-0.08433572947978973,1.3043076992034912,0.008702918887138367,0.04522109031677246,0.13318386673927307,0.23821842670440674,0.013300755992531776,0.9706486463546753,0.783386766910553,0.6927294135093689,0.8398978114128113,0.04081960767507553,0.10902615636587143,0.1487736999988556,0.010259263217449188,0.5642867088317871,-7.643223762512207,0.13587870534861293,-0.24445373235386797,0.0,0.605345144475953,0.0,-0.1855364080125649
4111,4,0.061671607196331024,0.5769355893135071,0.06780274957418442,0.5793057680130005,0.5329474210739136,-0.2573835253715515,0.8871392011642456,-0.33973002433776855,0.0405690036714077,0.15612052381038666,0.2336803376674652,0.012897281907498837,0.9699744582176208,0.7830618023872375,0.6938244700431824,0.8386633396148682,0.03903805837035179,0.1286555379629135,0.14254450798034668,0.008704549632966518,-5.290858745574951,-14.67141342163086,0.16319485511019444,-0.2147368275199551,0.0,0.6034591241250812,0.0,-0.1886020350871931
4112,4,0.06453938037157059,0.5718910098075867,0.07296308875083923,0.5736304521560669,0.13128185272216797,-0.6518707871437073,0.25263088941574097,-0.7078227400779724,0.03656665235757828,0.1812586635351181,0.22621040046215057,0.012542858719825745,0.970396876335144,0.7832905650138855,0.6942009925842285,0.8366392850875854,0.037237271666526794,0.15394750237464905,0.13328945636749268,0.007596640847623348,-4.607468605041504,-14.610244750976562,0.1894326810952841,-0.19477436667424625,0.0,0.6015731037742094,0.0,-0.2014991934301282
4113,4,0.06431419402360916,0.5640888214111328,0.07311849296092987,0.5652210116386414,-0.16034865379333496,-0.8849311470985413,-0.17135491967201233,-0.9563382267951965,0.03312348946928978,0.23449012637138367,0.2102748304605484,0.012232261709868908,0.9717164635658264,0.7831084132194519,0.6939929127693176,0.8340768814086914,0.03551861271262169,0.19188359379768372,0.12068947404623032,0.006844935938715935,-3.153315782546997,-13.17940616607666,0.25489752461688425,-0.14155086537939496,0.0,0.5993993183111418,0.0,-0.2177284127045204
4114,4,0.061428338289260864,0.5545790195465088,0.06971948593854904,0.5545459389686584,-0.4134397804737091,-1.0109268426895142,-0.488600492477417,-1.1736834049224854,0.030153775587677956,0.2807421386241913,0.18991680443286896,0.011960036121308804,0.9740695953369141,0.7831334471702576,0.6930419206619263,0.8310339450836182,0.0345299169421196,0.23551174998283386,0.10439407825469971,0.0061641717329621315,-7.058985233306885,-15.05280590057373,0.30176905140438526,-0.09864220058661888,0.0,0.5972220341840963,0.0,-0.21772841270457324
4115,4,0.05511430278420448,0.543494462966919,0.06288904696702957,0.5415685176849365,-0.7865307927131653,-1.1579153537750244,-0.8294702768325806,-1.3630893230438232,0.02758387103676796,0.3172072172164917,0.16643109917640686,0.011721176095306873,0.9774797558784485,0.7839035391807556,0.6912392377853394,0.8277617692947388,0.033454034477472305,0.27614825963974,0.08777138590812683,0.005818614270538092,-7.969631195068359,-15.001955032348633,0.335776654658956,-0.05613538688165137,0.0,0.5948635118543562,0.0,-0.23813839630184996
4116,4,0.045612528920173645,0.5316502451896667,0.053010374307632446,0.5277569890022278,-1.0841224193572998,-1.195276141166687,-1.122687816619873,-1.3748434782028198,0.025526240468025208,0.35507869720458984,0.1401800960302353,0.011511501856148243,0.9815770983695984,0.7851405739784241,0.6888666749000549,0.8244293928146362,0.03187217935919762,0.31390446424484253,0.07214898616075516,0.0055523402988910675,-2.412821054458618,-17.793956756591797,0.37621102985341326,0.01135404990869572,0.0,0.5924821278913375,0.0,-0.23813839630184996
4117,4,0.03421701863408089,0.5195690989494324,0.04065115749835968,0.5144580602645874,-1.198842167854309,-1.21575927734375,-1.3330860137939453,-1.29625403881073,0.06620251387357712,0.3840406835079193,0.11933723092079163,0.011327628046274185,0.9808776378631592,0.7867279052734375,0.6861160397529602,0.8213403224945068,0.06573168188333511,0.34377574920654297,0.0597524419426918,0.005982816684991121,0.025892257690429688,-12.94497013092041,0.40172369452131107,0.0740840910549741,0.0,0.5900085998470853,0.0,-0.24983198587912894
4118,4,0.022446146234869957,0.508619487285614,0.026995792984962463,0.5024155974388123,-1.1733797788619995,-1.0127021074295044,-1.4067171812057495,-1.1382439136505127,0.10503379255533218,0.40950194001197815,0.10240581631660461,0.011165682226419449,0.9798998832702637,0.7882859706878662,0.6832728385925293,0.8189120292663574,0.10257972031831741,0.362903356552124,0.05101870745420456,0.006693691480904818,2.0835423469543457,-9.72453498840332,0.4253206413315336,0.1133987335290294,0.0,0.5875102799882939,0.0,-0.24983198587907607
4119,4,0.01142661552876234,0.5000998973846436,0.012892289087176323,0.49233776330947876,-1.0525128841400146,-0.7434391975402832,-1.4236254692077637,-0.9031291007995605,0.12676896154880524,0.41175660490989685,0.0886157900094986,0.01102395448833704,0.9802289009094238,0.7899943590164185,0.6805379986763,0.8169268369674683,0.12922772765159607,0.37323275208473206,0.043636586517095566,0.0068780118599534035,-0.9584450721740723,-14.789634704589844,0.4132511237607466,0.13267219705390743,0.0,0.5849914773816897,0.0,-0.25280918143635733
4120,4,0.0008325874805450439,0.4928743243217468,-0.0017045962158590555,0.4841708242893219,-1.028654932975769,-0.6580227613449097,-1.4181393384933472,-0.7092599272727966,0.13420717418193817,0.4055781960487366,0.07720485329627991,0.01089950930327177,0.9817476868629456,0.7920336723327637,0.6781377792358398,0.8154385089874268,0.14153999090194702,0.37156206369400024,0.03857235983014107,0.00733186537399888,3.593759536743164,-15.329075813293457,0.38649195321423024,0.13635269194724967,0.0,0.5824633855673258,0.0,-0.2528091814364102
4121,4,-0.008306843228638172,0.4873509407043457,-0.013994929380714893,0.47843191027641296,-0.8314228057861328,-0.4736657738685608,-1.0530202388763428,-0.4754605293273926,0.14934496581554413,0.40055203437805176,0.06768009811639786,0.010790237225592136,0.9828907251358032,0.7940134406089783,0.6763933897018433,0.8143410086631775,0.15109729766845703,0.3650497794151306,0.034803714603185654,0.007511010859161615,8.118860244750977,-18.200267791748047,0.384883836181702,0.15394540361943654,0.0,0.5799690395505301,0.0,-0.24706998297353513
4122,4,-0.015032012015581131,0.4830685257911682,-0.02234361693263054,0.4745100140571594,-0.5396227836608887,-0.3913322687149048,-0.6490997076034546,-0.3348509669303894,0.1482585370540619,0.39202046394348145,0.05966997891664505,0.010694267228245735,0.9841439723968506,0.7958841323852539,0.6752827763557434,0.8134340643882751,0.15286888182163239,0.3573455512523651,0.031326424330472946,0.00765207689255476,3.1960391998291016,-17.102155685424805,0.3651386036159095,0.1428055828239303,0.0,0.5774983397207945,0.0,-0.24706998297353513
4123,4,-0.019700556993484497,0.47947555780410767,-0.02723786234855652,0.4714517891407013,-0.3721389174461365,-0.3196471333503723,-0.3437988758087158,-0.26781848073005676,0.14239861071109772,0.38398995995521545,0.052887097001075745,0.010609922930598259,0.985381543636322,0.7974729537963867,0.6751182079315186,0.8132047057151794,0.14387205243110657,0.3411511480808258,0.029861167073249817,0.00863244291394949,9.30692195892334,-8.532636642456055,0.35839368423265816,0.1127865573193412,0.0,0.5750981814459675,0.0,-0.2326143904907152
4124,4,-0.02068331465125084,0.4785943627357483,-0.02827633172273636,0.4703078866004944,0.06934057176113129,0.03243355453014374,0.048506274819374084,-0.027400925755500793,0.1350528448820114,0.37642523646354675,0.047115374356508255,0.010535807348787785,0.9860506653785706,0.7984299063682556,0.6758620738983154,0.8134338855743408,0.13259257376194,0.32622241973876953,0.02771509252488613,0.008764497935771942,7.900786399841309,-12.221593856811523,0.35204049168702406,0.0973950784828048,0.0,0.5727720375410603,0.0,-0.23261439049066232
4125,4,-0.018855180591344833,0.4791141450405121,-0.026516083627939224,0.4705873429775238,0.30217793583869934,0.0919489935040474,0.30653929710388184,0.09415324777364731,0.11885449290275574,0.3582226634025574,0.042184364050626755,0.010470694862306118,0.9865486025810242,0.7992047071456909,0.6771515011787415,0.8137697577476501,0.11758965998888016,0.31221815943717957,0.025707989931106567,0.008777709677815437,4.268648624420166,-14.139405250549316,0.29835712858876223,0.03355233671027234,0.0,0.5705357981603626,0.0,-0.2094424039877918
4126,4,-0.015158765017986298,0.4800158739089966,-0.022309862077236176,0.47188708186149597,0.4551462233066559,0.11260056495666504,0.5322838425636292,0.1741640567779541,0.10208836942911148,0.341790109872818,0.0379631333053112,0.010413573123514652,0.98697429895401,0.799931526184082,0.678856611251831,0.8143667578697205,0.10019522905349731,0.2945898175239563,0.02380792424082756,0.00918485689908266,0.04949331283569336,-9.033872604370117,0.28598794463499233,-0.004652432409347977,0.0,0.5684413741204845,0.0,-0.20944240398784464
4127,4,-0.010072991251945496,0.48203372955322266,-0.015937285497784615,0.4742165803909302,0.5487556457519531,0.26814550161361694,0.7107557654380798,0.2820684313774109,0.08833154290914536,0.32771116495132446,0.037535469979047775,0.010363328270614147,0.9871412515640259,0.8003055453300476,0.6804823875427246,0.8153355717658997,0.08570276945829391,0.27561184763908386,0.023276422172784805,0.009553325362503529,-4.033012390136719,-6.94194221496582,0.27881003072885563,-0.0346873313758988,0.0,0.5664387847860761,0.0,-0.17755402346492352
4128,4,-0.004924093373119831,0.48540279269218445,-0.008564670570194721,0.47753602266311646,0.49645403027534485,0.392946720123291,0.7566750645637512,0.3843899667263031,0.07694417238235474,0.310587614774704,0.05550951883196831,0.0103191789239645,0.9870117902755737,0.8002386093139648,0.6813626289367676,0.8168005347251892,0.07353195548057556,0.25418150424957275,0.03337598592042923,0.010212023742496967,-2.6868152618408203,-2.4477648735046387,0.24954408877252676,-0.05869883244973609,0.0,0.5646632445514271,0.0,-0.17755402346487065
4129,4,0.00020572543144226074,0.49071723222732544,-0.0006904080510139465,0.48246580362319946,0.4954502284526825,0.61091148853302,0.7844444513320923,0.5648617148399353,0.0674658939242363,0.2917833626270294,0.06011504679918289,0.01028047688305378,0.9864993691444397,0.7995980381965637,0.6828035712242126,0.8187744617462158,0.06301932781934738,0.23208922147750854,0.03732535243034363,0.010636722669005394,3.7645983695983887,-1.9576072692871094,0.22223858832070081,-0.06105290401843377,0.0,0.5629640364154687,0.0,-0.13694924892189891
4130,4,0.006075592245906591,0.49787768721580505,0.007269569206982851,0.4893074035644531,0.6282544732093811,0.7717844843864441,0.754770040512085,0.7573766112327576,0.059485435485839844,0.2681722342967987,0.06926889717578888,0.01024644449353218,0.9855496287345886,0.7987084984779358,0.6843523383140564,0.8206444382667542,0.054246898740530014,0.21515341103076935,0.043370313942432404,0.010137085802853107,5.985321998596191,-11.460819244384766,0.17759355524450016,-0.07116608586278746,0.0,0.5615945439262497,0.0,-0.13694924892189891
4131,4,0.01269841380417347,0.5044261813163757,0.013833829201757908,0.49677610397338867,0.7154383063316345,0.6012054681777954,0.6062383055686951,0.7512071132659912,0.052729472517967224,0.2421635389328003,0.09667780995368958,0.010216535069048405,0.9842494130134583,0.7982220649719238,0.6853393912315369,0.8222110271453857,0.047910090535879135,0.1989063024520874,0.05866474285721779,0.009902268648147583,-0.6190800666809082,-8.521608352661133,0.1377373195373327,-0.10294796805013903,0.0,0.5602684481409015,0.0,-0.09162356755906952
4132,4,0.019134193658828735,0.5100160837173462,0.019344070926308632,0.5038252472877502,0.5971063375473022,0.5326118469238281,0.5302921533584595,0.6751748323440552,0.046984657645225525,0.22432856261730194,0.12270797789096832,0.010190261527895927,0.9829453825950623,0.7977861166000366,0.6861754059791565,0.8238815069198608,0.04266646131873131,0.18089887499809265,0.07416100800037384,0.010174036957323551,1.6602730751037598,-3.095412254333496,0.14957394188073003,-0.12952515441109427,0.0,0.5593921673373128,0.0,-0.0876280803588766
4133,4,0.02511560171842575,0.5161290764808655,0.02493637055158615,0.510758638381958,0.552146315574646,0.630946159362793,0.5507650375366211,0.6768357753753662,0.042081184685230255,0.2100035399198532,0.12451981753110886,0.010167192667722702,0.9815988540649414,0.7968105673789978,0.6877341866493225,0.8258894681930542,0.037736114114522934,0.1637517362833023,0.07781842350959778,0.010643932037055492,8.0926513671875,1.8169569969177246,0.14790061471603433,-0.12502960267593155,0.0,0.5585158865337241,0.0,0.22139257817852107
4134,4,0.031403444707393646,0.5236424803733826,0.030877966433763504,0.5180596113204956,0.6394919157028198,0.7977817058563232,0.583792507648468,0.7398602962493896,0.03788221254944801,0.19610720872879028,0.1293298453092575,0.010146950371563435,0.9801020622253418,0.7953594923019409,0.689428448677063,0.8278583288192749,0.03334406390786171,0.15206657350063324,0.08159884810447693,0.010248992592096329,12.442436218261719,-5.279841423034668,0.13392994636398783,-0.13075072753359565,0.0,0.5645345636821298,0.0,0.6102506424417637
4135,4,0.03807508200407028,0.530826210975647,0.036449410021305084,0.5252637267112732,0.6995649933815002,0.6552382707595825,0.5533788204193115,0.7081156969070435,0.03425348177552223,0.1801474392414093,0.15088742971420288,0.010129096917808056,0.9783156514167786,0.7942315340042114,0.6907597184181213,0.8293622136116028,0.029552847146987915,0.14384591579437256,0.09457550942897797,0.00970364362001419,11.474559783935547,-7.777286529541016,0.107022711248423,-0.1570563224249054,0.0,0.5706370701065476,0.0,0.6102506424418167
4136,4,0.04507710412144661,0.536279559135437,0.04220803454518318,0.5318107604980469,0.7054284811019897,0.46946728229522705,0.6179492473602295,0.6135116219520569,0.03112274408340454,0.1704685240983963,0.17324984073638916,0.01011340506374836,0.9765532612800598,0.7935672402381897,0.691871166229248,0.8303665518760681,0.027436764910817146,0.1382972002029419,0.1067352220416069,0.008863111957907677,6.714754104614258,-8.401118278503418,0.12490239291153833,-0.18017206031014213,0.0,0.5756219267503669,0.0,0.4843874781065452
4137,4,0.05112138390541077,0.5397767424583435,0.04858556017279625,0.5369387269020081,0.5453988909721375,0.27182790637016296,0.6686853170394897,0.4442194402217865,0.028420638293027878,0.16735224425792694,0.19012367725372314,0.010099640116095543,0.975177526473999,0.7931884527206421,0.6927552819252014,0.830792248249054,0.025376275181770325,0.13715237379074097,0.11682090908288956,0.008386951871216297,8.148735046386719,-11.338075637817383,0.15243281927166275,-0.19595716978539712,0.0,0.5804658015314326,0.0,0.4843874781065981
4138,4,0.05604047700762749,0.5411884784698486,0.055303893983364105,0.5403726696968079,0.44604843854904175,0.03959733992815018,0.6690309047698975,0.2556265592575073,0.026082180440425873,0.17956489324569702,0.18921791017055511,0.010087557137012482,0.974079966545105,0.792543351650238,0.6938634514808655,0.8308027982711792,0.02370372973382473,0.14398881793022156,0.117420494556427,0.008085249923169613,7.595481872558594,-7.454767227172852,0.18375054947552039,-0.18506371851195583,0.0,0.5843531328578926,0.0,0.362996864393302
4139,4,0.06011455878615379,0.5412395000457764,0.06190825626254082,0.5419739484786987,0.37077412009239197,-0.03481367975473404,0.6175925731658936,0.05101078003644943,0.024049988016486168,0.2120756059885025,0.1877691000699997,0.010076927952468395,0.9733314514160156,0.7909868955612183,0.694823682308197,0.8305235505104065,0.022309493273496628,0.16280172765254974,0.11553579568862915,0.0078084273263812065,6.028993129730225,-7.169308662414551,0.22395749216731725,-0.18112014639307744,0.0,0.5879831015018254,0.0,0.36299686439324913
4140,4,0.06315495818853378,0.5404271483421326,0.06682746112346649,0.5409468412399292,0.2643832564353943,-0.10272712260484695,0.38386818766593933,-0.22021053731441498,0.02228432521224022,0.23315587639808655,0.1862373799085617,0.010067597031593323,0.9729127883911133,0.7894954681396484,0.6954942345619202,0.830198347568512,0.021228929981589317,0.1807701289653778,0.11299721896648407,0.007942727766931057,3.518972396850586,-4.138632774353027,0.24165965855344854,-0.1791794533573557,0.0,0.5908086879159012,0.0,0.24607880130192833
4141,4,0.06502888351678848,0.5396944284439087,0.06936158984899521,0.5376625061035156,0.12280379235744476,-0.05238647758960724,0.14317664504051208,-0.3986031115055084,0.020747436210513115,0.25154390931129456,0.18345345556735992,0.010059396736323833,0.9727923274040222,0.7880815267562866,0.6959107518196106,0.83028644323349,0.02011268399655819,0.19223998486995697,0.11048023402690887,0.008562403731048107,4.387679100036621,2.912604808807373,0.2594498009660263,-0.1705647217773367,0.0,0.59326947592892,0.0,0.24607880130192833
4142,4,0.06604158878326416,0.5406088829040527,0.07011326402425766,0.5345536470413208,0.04443996399641037,0.15849122405052185,-0.013174701482057571,-0.21574918925762177,0.019408827647566795,0.25604918599128723,0.17832885682582855,0.01005219854414463,0.9730848073959351,0.7868510484695435,0.6960314512252808,0.8305739164352417,0.0195186547935009,0.1992853283882141,0.10553430765867233,0.008583716116845608,4.939556121826172,-1.2607550621032715,0.25807088121135574,-0.1543762304924894,0.0,0.595069097835587,0.0,0.1336332888324772
4143,4,0.06559272110462189,0.5419780015945435,0.06883884221315384,0.5337103009223938,-0.10807963460683823,0.14724649488925934,-0.2058182805776596,0.041470035910606384,0.018240612000226974,0.2505572438240051,0.17267829179763794,0.010045871138572693,0.9742624163627625,0.7862845063209534,0.6954047083854675,0.8307045698165894,0.020357271656394005,0.20257830619812012,0.09687536209821701,0.008363642729818821,-5.512365341186523,-5.019479751586914,0.22839891377809482,-0.1459678985469509,0.0,0.5964054307239117,0.0,0.1336332888324772
4144,4,0.0616963766515255,0.5425429940223694,0.06512704491615295,0.5342382192611694,-0.5546399354934692,0.05011438578367233,-0.45962077379226685,0.10337331891059875,0.01722092367708683,0.2465212047100067,0.16420632600784302,0.010040313936769962,0.9762311577796936,0.7860026359558105,0.6941359639167786,0.8313255310058594,0.019817037507891655,0.1958959400653839,0.090939000248909,0.009260308928787708,-0.5730223655700684,3.5507822036743164,0.230070998718442,-0.12350407782127151,0.0,0.5972148685281453,0.0,0.025660326984948478
4145,4,0.05614186078310013,0.5451582670211792,0.060308631509542465,0.5368049144744873,-0.624498188495636,0.36868712306022644,-0.5744821429252625,0.3359711766242981,0.01632796786725521,0.24624575674533844,0.14495910704135895,0.010035419836640358,0.9784788489341736,0.785088300704956,0.6929145455360413,0.8324286341667175,0.019035646691918373,0.18884500861167908,0.080646812915802,0.00960034690797329,5.683495998382568,0.5732178688049316,0.24512260632383914,-0.049961271315114616,0.0,0.5974714717979945,0.0,0.025660326984948478
4146,4,0.049962736666202545,0.5494397878646851,0.05358608067035675,0.5410029888153076,-0.6343371868133545,0.4676709473133087,-0.7599506974220276,0.4760436713695526,0.015548252500593662,0.23583932220935822,0.12624254822731018,0.01003112643957138,0.9808371663093567,0.7840675711631775,0.6916686296463013,0.8334318995475769,0.01825805753469467,0.18492844700813293,0.06976062059402466,0.009169567376375198,7.724480628967285,-7.814851760864258,0.19285958272595957,-0.029496338843600853,0.0,0.5973265059047702,0.0,-0.07784008424071062
4147,4,0.0434204526245594,0.5531021952629089,0.045030564069747925,0.5455927848815918,-0.645756721496582,0.31996944546699524,-0.9014317393302917,0.45646941661834717,0.01486657653003931,0.22303567826747894,0.10912865400314331,0.010027355514466763,0.9828376770019531,0.7834672331809998,0.6906844973564148,0.8344910144805908,0.01674647442996502,0.17611825466156006,0.06150434538722038,0.009548214264214039,11.321501731872559,-1.9814741611480713,0.1688343320601251,-0.016661495595471962,0.0,0.5965481050623632,0.0,-0.07784008424071062
4148,4,0.038256581872701645,0.5572031140327454,0.036460086703300476,0.5506479740142822,-0.44128596782684326,0.4483084976673126,-0.8296237587928772,0.5141052007675171,0.014269441366195679,0.21539053320884705,0.09414677321910858,0.010024040937423706,0.98446124792099,0.7827591300010681,0.6899826526641846,0.8355412483215332,0.015858471393585205,0.16879403591156006,0.05304654687643051,0.009310293011367321,11.340923309326172,-5.479455947875977,0.1823852105814852,-0.002732406362192741,0.0,0.5954845158766562,0.0,-0.1768679448443415
4149,4,0.033951934427022934,0.561084508895874,0.02901923470199108,0.5553605556488037,-0.4082717001438141,0.3557279407978058,-0.6207877397537231,0.44639667868614197,0.013747021555900574,0.20370426774024963,0.08382544666528702,0.010021132417023182,0.9858642220497131,0.7821406722068787,0.6892956495285034,0.8366345763206482,0.015096538700163364,0.16017195582389832,0.04709864407777786,0.00961465947329998,8.907022476196289,0.5934405326843262,0.15212541076278688,-0.02384040954639205,0.0,0.5937158364282126,0.0,-0.1768679448443415
4150,4,0.0301644466817379,0.5653009414672852,0.024449778720736504,0.559891939163208,-0.35699042677879333,0.45857709646224976,-0.3348919451236725,0.44775909185409546,0.013288014568388462,0.19482199847698212,0.07474937289953232,0.010018568485975266,0.9870395660400391,0.7812740802764893,0.6887456178665161,0.8380518555641174,0.014221220277249813,0.14940902590751648,0.04233955964446068,0.010045778937637806,9.038581848144531,4.175844192504883,0.15497053832970964,-0.02086229349602947,0.0,0.5917694043549984,0.0,-0.27142325482615565
4151,4,0.027140766382217407,0.5707899928092957,0.02218492515385151,0.5647312998771667,-0.26495519280433655,0.6003464460372925,-0.16020943224430084,0.5099592804908752,0.012885979376733303,0.1825457513332367,0.0672358050942421,0.010016320273280144,0.9882398843765259,0.7802603244781494,0.6880824565887451,0.8393456339836121,0.014137869700789452,0.1420011669397354,0.0373060442507267,0.009597279131412506,3.9459633827209473,-3.0407214164733887,0.1261569193474874,-0.02158279794384728,0.0,0.5890551718067372,0.0,-0.2714232548261028
4152,4,0.023583123460412025,0.5755491256713867,0.02027798444032669,0.5693777799606323,-0.37100377678871155,0.42875027656555176,-0.17379052937030792,0.4681926369667053,0.01253326516598463,0.16616012156009674,0.06203122437000275,0.010014338418841362,0.9892131090164185,0.7797390222549438,0.6875412464141846,0.8405130505561829,0.012974778190255165,0.13203226029872894,0.0352688729763031,0.009507342241704464,10.375809669494629,-3.2100510597229004,0.08863585880455223,-0.029883537768619156,0.0,0.5862616772509913,0.0,-0.3542084475940293
4153,4,0.021255619823932648,0.579879641532898,0.019245274364948273,0.5744125843048096,-0.14623023569583893,0.4068460166454315,-0.07541558891534805,0.49571943283081055,0.012224137783050537,0.15454117953777313,0.05489121377468109,0.010012599639594555,0.9898748397827148,0.779560923576355,0.6873152256011963,0.8412232398986816,0.012626683339476585,0.12523218989372253,0.03123873844742775,0.008796005509793758,5.7375168800354,-7.929416656494141,0.09776884804616684,-0.007332626796560382,0.0,0.5826466171091317,0.0,-0.36150601418594164
4154,4,0.019462546333670616,0.5823111534118652,0.018089396879076958,0.5783001780509949,-0.16121399402618408,0.14457732439041138,-0.11022914201021194,0.3226110637187958,0.011952701956033707,0.14298921823501587,0.05243740603327751,0.010011068545281887,0.990321159362793,0.7799492478370667,0.687126100063324,0.8415249586105347,0.011940235272049904,0.11904555559158325,0.030053844675421715,0.00841229222714901,6.525323390960693,-6.077449321746826,0.0851463733361304,-0.036818763084011163,0.0,0.5790315569672719,0.0,-0.3994142097181926
4155,4,0.01848459430038929,0.5832055807113647,0.017311815172433853,0.5808733701705933,-0.05653759464621544,0.026969144120812416,-0.06235811859369278,0.1826086789369583,0.011714225634932518,0.13766616582870483,0.04959115758538246,0.010009722784161568,0.9902752041816711,0.7805888056755066,0.6873809695243835,0.8414268493652344,0.01071501336991787,0.11576396226882935,0.029740558937191963,0.007701484952121973,12.407835006713867,-8.726089477539062,0.11054708647178021,-0.03137430328060874,0.0,0.5745706782465904,0.0,-0.44711622292391084
4156,4,0.019348902627825737,0.5824655890464783,0.017113633453845978,0.5817962884902954,0.17860393226146698,-0.16584870219230652,0.008060438558459282,0.0010325899347662926,0.011505404487252235,0.13434480130672455,0.04904048144817352,0.010008545592427254,0.9897325038909912,0.7815619707107544,0.6879631876945496,0.84089595079422,0.010402106679975986,0.11461332440376282,0.029324844479560852,0.007593618240207434,6.8367719650268555,-4.195919990539551,0.11719501316086335,-0.04548955100704917,0.0,0.5700995160173516,0.0,-0.447116222923858
4157,4,0.02119976095855236,0.5803017616271973,0.017761804163455963,0.5804973840713501,0.20142847299575806,-0.26036328077316284,0.13024558126926422,-0.24821652472019196,0.011322282254695892,0.13628755509853363,0.07695801556110382,0.010007509030401707,0.9890238642692566,0.7826701402664185,0.6876161694526672,0.8399239182472229,0.009878706187009811,0.1179005578160286,0.04479644075036049,0.006852953694760799,9.053149223327637,-10.233325958251953,0.1368632091051943,-0.08287637475063095,0.0,0.5649078611303084,0.0,-0.5282538810399047
4158,4,0.02339934930205345,0.5761933922767639,0.019606446847319603,0.5764594078063965,0.24339082837104797,-0.518838107585907,0.24624168872833252,-0.5226740837097168,0.011161505244672298,0.1425127238035202,0.0878886878490448,0.010006600059568882,0.9878672957420349,0.7840229272842407,0.688117265701294,0.8384907245635986,0.009063607081770897,0.1247904971241951,0.05334441736340523,0.0064406609162688255,13.845047950744629,-8.735971450805664,0.14438944432394152,-0.0904257677413989,0.0,0.5596253223199097,0.0,-0.5282538810398518
4159,4,0.02712141163647175,0.570497453212738,0.02319279871881008,0.5703673362731934,0.44813573360443115,-0.6426514387130737,0.4298798739910126,-0.7142238020896912,0.011020379140973091,0.17010927200317383,0.0860014483332634,0.010005800984799862,0.986140787601471,0.7845934629440308,0.6896510124206543,0.836728572845459,0.008149988949298859,0.14310771226882935,0.05471911281347275,0.006144230253994465,16.52663230895996,-6.595839500427246,0.1791550113377542,-0.07498917081163035,0.013167383123319446,0.5537386716714797,1.671013178378493,-0.6049189885339232
4160,4,0.03289421647787094,0.5637842416763306,0.028563523665070534,0.5624165534973145,0.6755068898200989,-0.7095439434051514,0.6208798885345459,-0.875836193561554,0.010896334424614906,0.18970021605491638,0.0850769579410553,0.010005096904933453,0.9839799404144287,0.7852272987365723,0.691616952419281,0.8347925543785095,0.007780170068144798,0.16234111785888672,0.054827820509672165,0.006127282977104187,11.044106483459473,-2.8522491455078125,0.1965643499356704,-0.07966964563248961,0.029877514907105517,0.5476894817861404,1.6710131783784947,-0.6049189885339232
4161,4,0.03976759314537048,0.5566813945770264,0.03549009561538696,0.5530673265457153,0.7150769829750061,-0.7089011073112488,0.7596091032028198,-0.9528660178184509,0.010787395760416985,0.20195317268371582,0.08883409202098846,0.010004479438066483,0.9815998673439026,0.7863621115684509,0.6935839056968689,0.832857608795166,0.007336894050240517,0.17699842154979706,0.05786050111055374,0.006074460223317146,11.737980842590332,-4.239620208740234,0.20648010418471419,-0.08970566993976253,0.047538699481011915,0.5411436157812993,1.8092500090681671,-0.6771115454060722
4162,4,0.04732462391257286,0.5494512319564819,0.04367909952998161,0.5438808798789978,0.793956995010376,-0.7299414873123169,0.8672379851341248,-0.8715980052947998,0.010691624134778976,0.20534373819828033,0.0864618718624115,0.010003935545682907,0.9791595935821533,0.7881377339363098,0.6957523822784424,0.8310096263885498,0.007584549020975828,0.18424150347709656,0.056539759039878845,0.006372733507305384,4.642937183380127,0.2679753303527832,0.20660096417612045,-0.07268566493810757,0.06563119957169375,0.5343725003272388,1.8092500090681671,-0.6771115454061251
4163,4,0.054657455533742905,0.5425944924354553,0.0525202751159668,0.5357567071914673,0.6959506869316101,-0.6403850317001343,0.9012051820755005,-0.7488394379615784,0.010607622563838959,0.20829874277114868,0.08281739801168442,0.010003459639847279,0.9771811366081238,0.7899495363235474,0.6975861191749573,0.8296513557434082,0.008304880931973457,0.18443603813648224,0.05327414348721504,0.007034480106085539,-1.6291427612304688,6.34779691696167,0.20943378385310557,-0.06145163874205388,0.08435098077099153,0.527203199370962,1.915932649093066,-0.7448315516562987
4164,4,0.06038789451122284,0.5375819206237793,0.06144432723522186,0.5293614864349365,0.47965744137763977,-0.39162373542785645,0.8761506676673889,-0.5302432179450989,0.010533814318478107,0.20572683215141296,0.07408922910690308,0.010003040544688702,0.9757524728775024,0.7914239168167114,0.6991370320320129,0.8288289904594421,0.00857559684664011,0.18040107190608978,0.047932952642440796,0.007475767284631729,1.1973786354064941,3.335087299346924,0.19436037134858453,-0.022120645756151566,0.10351030726192348,0.5197548838543992,1.915932649093066,-0.7448315516562987
4165,4,0.06480546295642853,0.5344266295433044,0.06902984529733658,0.5253515243530273,0.41514909267425537,-0.24555224180221558,0.6208502650260925,-0.29318925738334656,0.03515017777681351,0.19574879109859467,0.06506302952766418,0.010002669878304005,0.9713336229324341,0.7927129864692688,0.7005846500396729,0.8286139369010925,0.02813742682337761,0.16991578042507172,0.04212561622262001,0.00838289875537157,-0.06083250045776367,8.621646881103516,0.15104572968017826,0.03916731886172761,0.12303625156129451,0.511997928351662,1.9910610984531851,-0.8080790072846027
4166,4,0.06892364472150803,0.5336925983428955,0.07389255613088608,0.5239724516868591,0.3995693624019623,0.052094779908657074,0.36572614312171936,-0.012297134846448898,0.07403402775526047,0.18193501234054565,0.05744333565235138,0.01000234391540289,0.9656909108161926,0.7935325503349304,0.7018672227859497,0.8292190432548523,0.05865010246634483,0.1533784419298172,0.03722400218248367,0.009269488044083118,0.36879777908325195,11.686723709106445,0.11867381782629983,0.08139248423767842,0.14294686254582778,0.5039171382788159,1.9910610984531982,-0.8080790072846027
4167,4,0.07297106832265854,0.5359841585159302,0.07669517397880554,0.5255457162857056,0.4053329527378082,0.35834503173828125,0.21496035158634186,0.29427242279052734,0.10893416404724121,0.1604931652545929,0.05100276321172714,0.010002060793340206,0.9607448577880859,0.7939807772636414,0.7029967904090881,0.8302795886993408,0.08775356411933899,0.13521359860897064,0.0330829918384552,0.009546171873807907,-0.007774829864501953,5.619077682495117,0.05811548188787651,0.11753448583058437,0.16302653641995382,0.49560830863459376,2.034635357148537,-0.8668539122909842
4168,4,0.07670244574546814,0.5397629737854004,0.07798567414283752,0.5293568968772888,0.37943118810653687,0.4235970973968506,0.08857505768537521,0.4702939987182617,0.1419941931962967,0.1355242282152176,0.045515868812799454,0.010630068369209766,0.9559979438781738,0.7943660616874695,0.7045870423316956,0.8317676186561584,0.11146371811628342,0.11303415894508362,0.031285498291254044,0.010612008161842823,8.332731246948242,7.380115985870361,-0.010723142258540909,0.15147584365425557,0.18337288999144055,0.486939769511684,2.0346353571485243,-0.8668539122909842
4169,4,0.08261086791753769,0.5453572273254395,0.0795077532529831,0.5354920029640198,0.7120020389556885,0.6253334879875183,0.20964530110359192,0.6874057054519653,0.1789291799068451,0.11559595167636871,0.04082326963543892,0.04165375605225563,0.9506487846374512,0.7941111326217651,0.7069928646087646,0.831753671169281,0.13405218720436096,0.09278282523155212,0.029613079503178596,0.03611859679222107,12.297628402709961,7.371864318847656,-0.04695139196081913,0.19120132163384335,0.20375385991500333,0.4781148461309523,2.046655425179096,-0.9211562666754168
4170,4,0.0912870392203331,0.5520412921905518,0.08386430889368057,0.542972981929779,0.9811973571777344,0.6777458190917969,0.6660635471343994,0.7763060331344604,0.17793485522270203,0.09942577034235,0.03679228574037552,0.09650150686502457,0.9462129473686218,0.7931962609291077,0.7100736498832703,0.8307740688323975,0.14114338159561157,0.07808390259742737,0.028194887563586235,0.07979615777730942,10.70488452911377,8.428068161010742,-0.10835256184022976,0.1732641490908991,0.22422041416679456,0.4689032834641985,2.046655425179109,-0.9211562666754433
4171,4,0.10217608511447906,0.5585758090019226,0.0930124968290329,0.5506786704063416,1.1936957836151123,0.6173595786094666,1.1181795597076416,0.7558079361915588,0.17469938099384308,0.08613824844360352,0.033317871391773224,0.13875454664230347,0.9423425197601318,0.7923403978347778,0.7136505246162415,0.8300637006759644,0.13914203643798828,0.06978706270456314,0.026562267914414406,0.11209424585103989,6.845238208770752,2.4233174324035645,-0.15004187956940024,0.1594594377952469,0.24465024661447587,0.45959804675193267,2.0271213025449013,-0.9709860704379535
4172,4,0.11442261189222336,0.5627685785293579,0.10537471622228622,0.5570937991142273,1.3075683116912842,0.29502585530281067,1.3640987873077393,0.5718749165534973,0.17034229636192322,0.07514391094446182,0.030323056504130363,0.16672182083129883,0.9382258057594299,0.7923080325126648,0.7178928852081299,0.8294504880905151,0.13185974955558777,0.06314000487327576,0.025903014466166496,0.13312655687332153,9.461188316345215,3.224499225616455,-0.17564645098763892,0.14960391558275798,0.26492145963992625,0.4498881860475531,2.0271213025449146,-0.9709860704379535
4173,4,0.12918239831924438,0.5646199584007263,0.1206187754869461,0.5620638728141785,1.6053465604782104,0.06281421333551407,1.6481127738952637,0.4057007431983948,0.16716821491718292,0.06596782058477402,0.02773566171526909,0.165165975689888,0.9333127737045288,0.793229877948761,0.722938060760498,0.8291764855384827,0.12334290891885757,0.05896453186869621,0.025376275181770325,0.13165521621704102,12.217392921447754,0.24231672286987305,-0.15763407406657298,0.1518970078926906,0.2851477210864079,0.4401384164087285,1.9801716321007252,-1.0126689515059053
4174,4,0.146780863404274,0.5633693933486938,0.13839523494243622,0.5649065375328064,1.8982669115066528,-0.2947324812412262,1.9013384580612183,0.15394341945648193,0.15925444662570953,0.05823272094130516,0.025490552186965942,0.1624966263771057,0.9276851415634155,0.7952236533164978,0.7285693287849426,0.8285865783691406,0.11498460918664932,0.05356840044260025,0.02440294250845909,0.1284007579088211,4.281318187713623,10.153388977050781,-0.1495248534903423,0.12074587055872313,0.3049080509788684,0.4299749831729428,1.9760329892459265,-1.0163433235785675
4175,4,0.1662691980600357,0.5602836012840271,0.1585703045129776,0.5642722845077515,1.9949625730514526,-0.3340980112552643,2.1022746562957764,-0.2866192162036896,0.1467473953962326,0.05166454240679741,0.023536644876003265,0.15471628308296204,0.9220623970031738,0.7975512146949768,0.7341023683547974,0.8278524875640869,0.10766205936670303,0.04900908097624779,0.022769980132579803,0.12079943716526031,-1.6946911811828613,7.835016250610352,-0.11658974253956707,0.08468929786865736,0.32466838087132777,0.4198115499371578,1.9394388932179145,-1.0344470675152253
4176,4,0.18535073101520538,0.5557175874710083,0.17944128811359406,0.5588217377662659,1.8835808038711548,-0.5243726372718811,2.0994362831115723,-0.7079524993896484,0.13461953401565552,0.0460786297917366,0.021838651970028877,0.1503564715385437,0.9166591763496399,0.8002191185951233,0.7395164370536804,0.8268304467201233,0.09905651956796646,0.04419386386871338,0.021646589040756226,0.11607325822114944,-2.0449936389923096,11.82487964630127,-0.12866885568996694,0.07264280337989854,0.34361221275165393,0.4092441807515629,1.8933904852821584,-1.0572280260972593
4177,4,0.20421382784843445,0.5505068302154541,0.20062462985515594,0.5506612658500671,1.8707594871520996,-0.5399898290634155,2.109966516494751,-0.9224017262458801,0.12786470353603363,0.0413004532456398,0.02035917527973652,0.14453789591789246,0.911238968372345,0.8030856847763062,0.7446191906929016,0.825532853603363,0.09377024322748184,0.04104325547814369,0.020135700702667236,0.1092977225780487,-4.334754943847656,8.93425464630127,-0.11528110842299029,0.09259872028403526,0.3625461176044769,0.3986719004905903,1.8933904852821584,-1.0572280260972593
4178,4,0.22196033596992493,0.5439031720161438,0.22100847959518433,0.540399432182312,1.7170259952545166,-0.7510970830917358,1.9944945573806763,-1.042846441268921,0.12282492965459824,0.03719872981309891,0.01906873844563961,0.14174361526966095,0.9058796763420105,0.8066062331199646,0.7494394183158875,0.8236651420593262,0.0898769199848175,0.03872544318437576,0.019187042489647865,0.10371369123458862,-1.5813851356506348,7.423157691955566,-0.12756285764553463,0.09616047080267542,0.38046596952631806,0.38777628469460734,1.7791937906536368,-1.093640177994002
4179,4,0.2389925718307495,0.5352662801742554,0.24043719470500946,0.530375599861145,1.6923648118972778,-0.9639648199081421,1.8705734014511108,-0.9808077216148376,0.12283467501401901,0.033669084310531616,0.01794276386499405,0.13621777296066284,0.9001662731170654,0.8107665181159973,0.7544202208518982,0.821340799331665,0.08635818213224411,0.036660291254520416,0.018925728276371956,0.0974709689617157,4.127492904663086,6.59625768661499,-0.10790352248457559,0.12283730558666561,0.3982579074328556,0.3768398829146673,1.7791937906536368,-1.0936401779940284
4180,4,0.2568792998790741,0.5247854590415955,0.2583578824996948,0.5206486582756042,1.8409522771835327,-1.1354929208755493,1.704393744468689,-1.0021530389785767,0.12785379588603973,0.03062724694609642,0.01696058362722397,0.12789498269557953,0.8936995267868042,0.8155299425125122,0.7595328092575073,0.818655252456665,0.08745823800563812,0.0346667654812336,0.018186572939157486,0.0901566818356514,0.7657480239868164,8.622570037841797,-0.0844680318663518,0.12927706372548525,0.41490134587089567,0.36565180091327015,1.6334429053603086,-1.1255797792688487
4181,4,0.2751452326774597,0.512705385684967,0.27449339628219604,0.5098793506622314,1.8224060535430908,-1.2637975215911865,1.552173137664795,-1.1423540115356445,0.1245901957154274,0.027990572154521942,0.016100438311696053,0.11773251742124557,0.887694776058197,0.8210136890411377,0.7641533017158508,0.8154634833335876,0.08943312615156174,0.03395029529929161,0.016778668388724327,0.07984383404254913,-5.297456741333008,2.4636077880859375,-0.06369655915971822,0.10737147544401504,0.4312357749245,0.3543960031205816,1.633442905360335,-1.1255797792688487
4182,4,0.2915611267089844,0.49798640608787537,0.28908389806747437,0.4968615174293518,1.5516417026519775,-1.5757417678833008,1.4551870822906494,-1.3808118104934692,0.12187034636735916,0.025710875168442726,0.015349852852523327,0.10674309730529785,0.8826561570167542,0.8273060917854309,0.7680229544639587,0.8117525577545166,0.09139703214168549,0.03247719258069992,0.01517935935407877,0.07078295946121216,-12.000072479248047,5.419166088104248,-0.04657534095011048,0.10736810470906105,0.446396542484307,0.3429512353187465,1.4628495935163963,-1.1530468299217465
4183,4,0.3052108883857727,0.4815452992916107,0.30344685912132263,0.48199111223220825,1.2164775133132935,-1.6864689588546753,1.4212522506713867,-1.5778549909591675,0.14203989505767822,0.023728221654891968,0.014691962860524654,0.0921679213643074,0.8775055408477783,0.8339188694953918,0.7709130048751831,0.8078501224517822,0.1048421710729599,0.031100863590836525,0.013628226704895496,0.060107167810201645,-13.004043579101562,4.252424240112305,0.00326200580808933,0.14779723938421627,0.4610250384194709,0.3314207670195296,1.4628495935163963,-1.1530468299217729
4184,4,0.3155689537525177,0.464061975479126,0.3169906437397003,0.4649328589439392,0.9029536247253418,-1.7847403287887573,1.2845427989959717,-1.8071057796478271,0.18663550913333893,0.025847556069493294,0.014116084203124046,0.0801471397280693,0.8716936707496643,0.8404424786567688,0.7730368375778198,0.80351322889328,0.1322268396615982,0.0338139608502388,0.012619374319911003,0.04990840330719948,-10.874044418334961,-0.8374977111816406,0.026186147542341637,0.20143580119936508,0.47466225315573274,0.31975509382223183,1.2942609115783388,-1.1760413299527483
4185,4,0.32366326451301575,0.4450574815273285,0.3279348611831665,0.44560450315475464,0.7568679451942444,-1.9826452732086182,0.9146355986595154,-2.0235657691955566,0.23728758096694946,0.0458238311111927,0.013611435890197754,0.0701308473944664,0.8654689192771912,0.8446635603904724,0.7754080891609192,0.7990771532058716,0.15980270504951477,0.051068954169750214,0.013186334632337093,0.04383214935660362,-2.034742832183838,9.034460067749023,0.04925132815923991,0.2570741901560164,0.487604862271517,0.3079946805227043,1.2942609115783388,-1.1760413299527483
4186,4,0.3332718312740326,0.427054762840271,0.33666110038757324,0.4256983995437622,1.0349369049072266,-1.740329623222351,0.7710446715354919,-2.043549060821533,0.2741222381591797,0.08262547105550766,0.013169302605092525,0.061727359890937805,0.8592119216918945,0.8465288877487183,0.7782211303710938,0.7948393821716309,0.18315201997756958,0.08349349349737167,0.013284885324537754,0.03835386782884598,-2.165466547012329,11.15060806274414,0.09026618936639574,0.2906454046601929,0.49976731382613976,0.29614388233491923,1.1343886236603582,-1.1945632793618277
4187,4,0.34431546926498413,0.4104345440864563,0.34358376264572144,0.40547698736190796,1.162886142730713,-1.6040161848068237,0.6223060488700867,-1.9625256061553955,0.27040866017341614,0.07981198281049728,0.012781813740730286,0.054631080478429794,0.8539830446243286,0.8512360453605652,0.7813950181007385,0.7908927202224731,0.19197846949100494,0.08904068917036057,0.013318449258804321,0.03417931869626045,-1.5198898315429688,10.504474639892578,0.06317588338935456,0.2559624870301942,0.5111112000627438,0.2841982495413009,1.1343886236603318,-1.1945632793618277
4188,4,0.3564099669456482,0.39502066373825073,0.3504648804664612,0.3874281048774719,1.2245817184448242,-1.4880236387252808,0.8195455074310303,-1.6596052646636963,0.26418355107307434,0.07541922479867935,0.012441993691027164,0.04860348999500275,0.8497674465179443,0.856930673122406,0.7842976450920105,0.7872198820114136,0.1961633861064911,0.08526811003684998,0.01239507645368576,0.03032812289893627,-10.83156681060791,10.478200912475586,0.04920429084169345,0.2397487274315135,0.5218686195878874,0.2721981067680047,0.9832327297624018,-1.2086126781489845
4189,4,0.36696258187294006,0.38030773401260376,0.3597390949726105,0.3718000054359436,0.9804863929748535,-1.4068949222564697,1.0325911045074463,-1.4438611268997192,0.2572108209133148,0.06979484856128693,0.012144062668085098,0.04346320405602455,0.8462911248207092,0.8623814582824707,0.7870991826057434,0.7840055823326111,0.19386053085327148,0.07827059924602509,0.012488927692174911,0.027498576790094376,-5.016047954559326,9.958209991455078,0.03576274238785895,0.229475869907115,0.531700946885512,0.260111979986515,0.983232729762349,-1.2086126781489845
4190,4,0.37742552161216736,0.3674434423446655,0.37096893787384033,0.3589315414428711,1.0703622102737427,-1.2046208381652832,1.1612049341201782,-1.183657169342041,0.26411208510398865,0.06369494646787643,0.011882942169904709,0.039064984768629074,0.8425862193107605,0.8673295974731445,0.7900020480155945,0.7811978459358215,0.19295161962509155,0.07078853994607925,0.012340879067778587,0.025003433227539062,-5.938281059265137,10.6461763381958,0.02614569124156596,0.2673123858418867,0.5411230655333379,0.24799827303268154,0.8407932298844696,-1.2181895263142055
4191,4,0.38813769817352295,0.3562242090702057,0.382661372423172,0.3479597866535187,1.07523775100708,-1.0471915006637573,1.1722029447555542,-1.019745111465454,0.2619105577468872,0.05631367862224579,0.011653900146484375,0.035286176949739456,0.8388805389404297,0.8718690872192383,0.7927350401878357,0.7787973284721375,0.19404718279838562,0.062255941331386566,0.011867508292198181,0.02293156273663044,-10.63864517211914,12.517650604248047,-0.0054631698540220375,0.2531631078906894,0.5495309978321831,0.23581637776953956,0.8407932298844696,-1.2181895263142055
4192,4,0.3981824815273285,0.34661316871643066,0.39404401183128357,0.3384726643562317,0.9642688035964966,-0.8697824478149414,1.1152970790863037,-0.8641260862350464,0.2596609592437744,0.05003921315073967,0.01145255472511053,0.03507734835147858,0.8354032039642334,0.8755831122398376,0.7955029606819153,0.7768893241882324,0.1918293684720993,0.05346289277076721,0.01204107329249382,0.023510076105594635,-5.221750736236572,13.909220695495605,-0.033674071829721514,0.25071151847494,0.557687546754851,0.22362488704014505,0.7070701240266409,-1.2232938238575042
4193,4,0.40859928727149963,0.3394875228404999,0.4053308665752411,0.3312971889972687,1.0659512281417847,-0.6131327748298645,1.1041860580444336,-0.6198390126228333,0.26314765214920044,0.04469035193324089,0.011275792494416237,0.06289321929216385,0.8315876126289368,0.8784745931625366,0.7986841797828674,0.7740561962127686,0.1871100664138794,0.047156866639852524,0.012661142274737358,0.041534412652254105,4.1422247886657715,6.528174877166748,-0.06823364992494099,0.2647402116888051,0.5647582479951174,0.21139194880157008,0.707070124026588,-1.223293823857491
4194,4,0.4207022488117218,0.33330050110816956,0.4163435697555542,0.3258415162563324,1.3091239929199219,-0.6237220168113708,1.1095839738845825,-0.5022556185722351,0.2596612572669983,0.04010777920484543,0.011120468378067017,0.10909567028284073,0.8272958993911743,0.8812611699104309,0.8022986054420471,0.7704428434371948,0.18111103773117065,0.0429256297647953,0.012921412475407124,0.07011304050683975,2.7326130867004395,5.040960311889648,-0.11975337868357971,0.24583805063947614,0.5717189583447878,0.1991584547015898,0.5921901535381006,-1.2238743932254685
4195,4,0.43424370884895325,0.32638242840766907,0.4279049336910248,0.32060426473617554,1.4042836427688599,-0.739441454410553,1.2324697971343994,-0.5383117198944092,0.24777919054031372,0.036175038665533066,0.010984173975884914,0.12806859612464905,0.823111355304718,0.8845342993736267,0.8057137727737427,0.7673524618148804,0.17720133066177368,0.04053487256169319,0.012179448269307613,0.08162647485733032,-7.560875415802002,3.765280246734619,-0.13319708637955802,0.1999342279591864,0.5775395924666759,0.18691919899380105,0.582063412188757,-1.2239255707788805
4196,4,0.44677162170410156,0.31756287813186646,0.4402579963207245,0.3141404688358307,1.1983996629714966,-0.9498451948165894,1.2750060558319092,-0.691440999507904,0.233241468667984,0.03278737887740135,0.010864491574466228,0.12919896841049194,0.8194193840026855,0.8883171677589417,0.8091268539428711,0.7646421790122986,0.16792550683021545,0.03781352937221527,0.012552570551633835,0.08240243047475815,-0.5903959274291992,2.972421646118164,-0.1295155864566888,0.17320095900595045,0.5833602265885636,0.17467994328601305,0.530570066110839,-1.2221639080016642
4197,4,0.4596860110759735,0.30779340863227844,0.453726202249527,0.30717024207115173,1.330736517906189,-1.0327954292297363,1.3721333742141724,-0.7364795207977295,0.22519053518772125,0.0298615749925375,0.010759386233985424,0.12578657269477844,0.8155572414398193,0.8926805257797241,0.8126815557479858,0.7617042660713196,0.15867337584495544,0.03609580546617508,0.012559875845909119,0.07806093245744705,-0.18920302391052246,-3.337860107421875e-05,-0.10781748048155645,0.19119633585927098,0.5880319263392187,0.16247999430558668,0.46577309437097664,-1.2199471087084592
4198,4,0.47303590178489685,0.2961326837539673,0.46735048294067383,0.2986181974411011,1.3456225395202637,-1.2541247606277466,1.3665462732315063,-0.976132869720459,0.21245215833187103,0.027330534532666206,0.010667119175195694,0.12223827838897705,0.8114860653877258,0.8975678086280823,0.8165111541748047,0.7583918571472168,0.14755164086818695,0.03403214365243912,0.013006177730858326,0.07425302267074585,4.8995161056518555,0.1362895965576172,-0.10338520620285302,0.15749256368688266,0.5926896572829289,0.15028052321850213,0.46577309437097664,-1.219947108708446
4199,4,0.4875933825969696,0.2831871211528778,0.4815843999385834,0.28733018040657043,1.509758710861206,-1.3563817739486694,1.4515475034713745,-1.2941088676452637,0.19881422817707062,0.025134440511465073,0.010586045682430267,0.11471746116876602,0.8071326613426208,0.9028056263923645,0.8205906748771667,0.754859209060669,0.1358092725276947,0.032301947474479675,0.013160135596990585,0.0684429407119751,4.0320587158203125,1.4211678504943848,-0.07426039657158706,0.13843197872968638,0.5963921447051076,0.13816220805793353,0.35819917057324685,-1.2108078041667532
4200,4,0.5030514597892761,0.26908552646636963,0.4965636432170868,0.27277424931526184,1.5695165395736694,-1.464766263961792,1.5356531143188477,-1.5820298194885254,0.18004749715328217,0.023226866498589516,0.010514835827052593,0.10633905977010727,0.8028393387794495,0.9084295034408569,0.8245844841003418,0.751022219657898,0.124690942466259,0.030907081440091133,0.01289316825568676,0.061751026660203934,-0.31265735626220703,2.160153388977051,-0.06038953527733698,0.09410818989214217,0.5999741364108402,0.126054130016266,0.35819917057324685,-1.2108078041667598
4201,4,0.518139660358429,0.25369855761528015,0.5119469165802002,0.2556501030921936,1.4796080589294434,-1.5857510566711426,1.5481679439544678,-1.7962164878845215,0.1595853567123413,0.02156761847436428,0.010452295653522015,0.09675650298595428,0.7989363670349121,0.914155125617981,0.8284435868263245,0.747113049030304,0.11199495196342468,0.028881236910820007,0.012719636783003807,0.05590979754924774,-0.9085440635681152,6.679959297180176,-0.043017806267786285,0.0618288873497331,0.6027771426567027,0.11405982014674518,0.25934164079556765,-1.1963699987838148
4202,4,0.5327929854393005,0.23827382922172546,0.5275599956512451,0.23730331659317017,1.434219241142273,-1.5274542570114136,1.5466548204421997,-1.8783165216445923,0.1416492909193039,0.02012360654771328,0.010397400707006454,0.08556510508060455,0.7953804135322571,0.9199669361114502,0.831950306892395,0.7430984973907471,0.10087914764881134,0.02805701456964016,0.012255454435944557,0.04768409952521324,-1.8716955184936523,2.1082234382629395,-0.021055598384010304,0.0520702090980972,0.6053705590646583,0.10209612015890618,0.25934164079551475,-1.1963699987838148
4203,4,0.5461185574531555,0.22190165519714355,0.5421538949012756,0.2183699756860733,1.2705681324005127,-1.7030388116836548,1.4046428203582764,-1.8544255495071411,0.12444063276052475,0.018863825127482414,0.010349154472351074,0.07688315957784653,0.7921991944313049,0.9260016679763794,0.8352553844451904,0.7388177514076233,0.08921072632074356,0.026600992307066917,0.012106603011488914,0.042032934725284576,-0.07383108139038086,6.107831001281738,-0.025566607202041902,0.03500941064478433,0.607343815286365,0.09026820358716096,0.16920050503783327,-1.1766336925598029
4204,4,0.5587653517723083,0.20519734919071198,0.5559204816818237,0.2008579522371292,1.2261700630187988,-1.6715337038040161,1.3198221921920776,-1.6944856643676758,0.11083956062793732,0.017763890326023102,0.01030675508081913,0.06739740073680878,0.7893651723861694,0.9321247935295105,0.8379833698272705,0.7343958020210266,0.08160321414470673,0.02567739598453045,0.011099878698587418,0.03562505915760994,-6.551263332366943,4.907493591308594,0.007114754426048725,0.03754828828676807,0.609035820336744,0.07850186666156214,0.16920050503783327,-1.1766336925598029
4205,4,0.5690193176269531,0.18783284723758698,0.5677074790000916,0.18380217254161835,0.898063600063324,-1.7475627660751343,1.0890369415283203,-1.68406343460083,0.09736538678407669,0.016802571713924408,0.010269489139318466,0.059415303170681,0.7871794700622559,0.937967836856842,0.8404210209846497,0.7301431894302368,0.07225014269351959,0.023846032097935677,0.011173253878951073,0.031459785997867584,1.3796329498291016,7.909340858459473,0.009793037366560453,0.022370558873424873,0.6102490576864552,0.06688273139432319,0.08777576330025526,-1.151598885494631
4206,4,0.5784884691238403,0.17161506414413452,0.5782371163368225,0.16799984872341156,0.9223960638046265,-1.570427656173706,0.9598378539085388,-1.546617031097412,0.09087901562452316,0.028282903134822845,0.010236847214400768,0.05268675833940506,0.7847846150398254,0.9417129755020142,0.8427228331565857,0.7260112166404724,0.06587835401296616,0.03450731560587883,0.011049260385334492,0.02705606445670128,3.8124895095825195,4.503998756408691,0.03024510080961834,0.05367626182731225,0.611126815319458,0.055366742539375416,0.08777576330025526,-1.151598885494631
4207,4,0.5874643921852112,0.1559114158153534,0.586564302444458,0.15264993906021118,0.8760572671890259,-1.5568077564239502,0.7239852547645569,-1.5177292823791504,0.082374706864357,0.026065999642014503,0.010208110325038433,0.04694836214184761,0.782182514667511,0.9467750191688538,0.8452694416046143,0.7220297455787659,0.058175228536129,0.033745236694812775,0.011582150124013424,0.02397611364722252,12.712092399597168,3.887765407562256,0.01082214284808558,0.03279721444860498,0.6116497649493343,0.043998776583371306,0.015067415582674975,-1.121265577588303
4208,4,0.5976300835609436,0.14106251299381256,0.5937200784683228,0.13819149136543274,1.072147250175476,-1.4574599266052246,0.7069537043571472,-1.4225810766220093,0.07378906011581421,0.024705784395337105,0.010182867757976055,0.04204774647951126,0.7794550657272339,0.9522728323936462,0.8476600050926208,0.7178186178207397,0.05287761986255646,0.03299683332443237,0.011049260385334492,0.01995493844151497,6.668920516967773,-2.6801395416259766,0.015298637091259504,0.022584257068256203,0.6118004391051612,0.03278612080748751,0.015067415582674975,-1.121265577588303
4209,4,0.6069288849830627,0.12499408423900604,0.6006141304969788,0.12316054850816727,0.8722544312477112,-1.6614515781402588,0.7460945844650269,-1.5138880014419556,0.06479977071285248,0.022853918373584747,0.02487616240978241,0.03784049302339554,0.7773431539535522,0.9583104848861694,0.8486787676811218,0.7131160497665405,0.047686636447906494,0.03182292357087135,0.022851308807730675,0.01661991886794567,3.539562225341797,-4.94151496887207,0.005558434968964965,-0.027074382034644545,0.6117028321673629,0.02171171216944745,-0.04892453811485471,-1.0856337688408215
4210,4,0.6144335269927979,0.10740502178668976,0.6081637740135193,0.10758613795042038,0.6778496503829956,-1.808978796005249,0.7656794786453247,-1.572020411491394,0.05723011866211891,0.04119664058089256,0.023830527439713478,0.03422342240810394,0.775917649269104,0.9618889689445496,0.8500726819038391,0.7080926895141602,0.04378604516386986,0.04907036945223808,0.021642161533236504,0.01421910896897316,-1.6346073150634766,-2.289876937866211,0.044298590636854485,-0.016580858765951986,0.6112135867862144,0.010855374481037837,-0.048924538114801845,-1.0856337688408233
4211,4,0.619689404964447,0.08928049355745316,0.6152588725090027,0.09127090126276016,0.4139152765274048,-1.7960846424102783,0.6529170870780945,-1.6904855966567993,0.050827763974666595,0.07161126285791397,0.022096645087003708,0.031109200790524483,0.7753037214279175,0.9638994336128235,0.8510705232620239,0.7029358148574829,0.039851680397987366,0.07946701347827911,0.019798440858721733,0.011969335377216339,3.135373592376709,-8.14508056640625,0.07798310938216221,-0.0038036578135381693,0.6105651544329017,0.00011691116769110225,-0.10420009779233382,-1.0447034592521818
4212,4,0.6231142282485962,0.07098665088415146,0.6208504438400269,0.07353223860263824,0.2814546227455139,-1.8509446382522583,0.46651995182037354,-1.8446766138076782,0.047092437744140625,0.08618130534887314,0.020583858713507652,0.0284104086458683,0.7750276327133179,0.9673186540603638,0.8516499400138855,0.6977242827415466,0.03774579241871834,0.09936009347438812,0.017704350873827934,0.0105667095631361,-0.7988870143890381,-4.8790812492370605,0.08941176127669898,0.022987415335465944,0.6095231534549783,-0.010330123424831429,-0.10420009779233382,-1.0447034592521813
4213,4,0.6247231960296631,0.05283920839428902,0.6243790984153748,0.05444991961121559,0.06227992847561836,-1.7832800149917603,0.2511593997478485,-1.954198956489563,0.045276425778865814,0.10659880936145782,0.019266149029135704,0.026073696091771126,0.7751014232635498,0.9702232480049133,0.8518646955490112,0.6932781934738159,0.03674089163541794,0.11646066606044769,0.01614571176469326,0.010652171447873116,-0.4406583309173584,6.420583724975586,0.11167464794993173,0.03345340157291202,0.6083936268383116,-0.020690253406756197,-0.15075926344976232,-0.9984746488223865
4214,4,0.6250393390655518,0.03773041069507599,0.6262412071228027,0.03549310192465782,-0.04786575213074684,-1.3439053297042847,0.058121293783187866,-1.872776746749878,0.05746236816048622,0.11422699689865112,0.018114976584911346,0.024042777717113495,0.7740998268127441,0.9729083776473999,0.8519558906555176,0.6900205612182617,0.04399546980857849,0.1239517331123352,0.015348322689533234,0.010681015439331532,7.365989685058594,8.678218841552734,0.11618006229834738,0.059739741645749654,0.6068860342038136,-0.030674999894980744,-0.1507592634498152,-0.9984746488223865
4215,4,0.6253117322921753,0.02653016895055771,0.6257718801498413,0.019390320405364037,0.03572205826640129,-0.9928929209709167,-0.18143343925476074,-1.3693821430206299,0.06954086571931839,0.10575153678655624,0.017112042754888535,0.022281501442193985,0.7727875113487244,0.9761990904808044,0.8519884347915649,0.687648355960846,0.05330146849155426,0.11767265200614929,0.014318344183266163,0.010716043412685394,4.918642044067383,11.415397644042969,0.05904574123143086,0.07215364431741415,0.6053451444759531,-0.04061440853875308,-0.1855364080125649,-0.9511215434480482
4216,4,0.625353217124939,0.01820152997970581,0.6227818727493286,0.008702925406396389,-0.0271620973944664,-0.6807696223258972,-0.3644329905509949,-0.8031380772590637,0.06747961044311523,0.09137263149023056,0.016234323382377625,0.020746106281876564,0.7729067802429199,0.9798567891120911,0.8517062067985535,0.686002790927887,0.05577822029590607,0.10279778391122818,0.013104608282446861,0.010350708849728107,3.710479736328125,5.472137928009033,0.008323135642134605,0.05486159343950911,0.6034591241250812,-0.05008388191426863,-0.1886020350871931,-0.9469473375514328
4217,4,0.623967170715332,0.011948819272220135,0.6188348531723022,0.0024270308203995228,-0.207121804356575,-0.5298827290534973,-0.37018656730651855,-0.46255648136138916,0.06642655283212662,0.0794769749045372,0.015465669333934784,0.03931916132569313,0.7738858461380005,0.9830759763717651,0.8510791659355164,0.6841691136360168,0.0564289316534996,0.08687882870435715,0.012015077285468578,0.02071109600365162,2.686343193054199,4.915194511413574,-0.04233212566933313,0.0599636041543537,0.6015731037742094,-0.05955335528978305,-0.2014991934301282,-0.9217848711986326
4218,4,0.621060311794281,0.007649291306734085,0.6153643131256104,-0.000819571316242218,-0.3508493900299072,-0.34325000643730164,-0.33547693490982056,-0.21456828713417053,0.08156975358724594,0.06957938522100449,0.014793728478252888,0.06653545796871185,0.7738966941833496,0.9854341149330139,0.8503657579421997,0.6825321912765503,0.06526481360197067,0.07384276390075684,0.011619474738836288,0.03583933040499687,9.817859649658203,2.6764297485351562,-0.07188402491555858,0.08489072504366492,0.5993993183111418,-0.06846139646755374,-0.2177284127045204,-0.8901215254393259
4219,4,0.6181880235671997,0.00503788935020566,0.6123223900794983,-0.0017780439229682088,-0.2545056939125061,-0.21221935749053955,-0.29594630002975464,-0.021984875202178955,0.10223210602998734,0.061283379793167114,0.014206234365701675,0.10208866000175476,0.773065447807312,0.9872431755065918,0.8496173024177551,0.6808611750602722,0.08017343282699585,0.06412389129400253,0.010976981371641159,0.05448746681213379,6.274747848510742,2.5704455375671387,-0.11078254594637724,0.10743224693047201,0.5972220341840963,-0.0773626117219476,-0.21772841270457324,-0.8901215254393259
4220,4,0.6152982115745544,0.0029104568529874086,0.6091861128807068,-0.0018054862739518285,-0.295026034116745,-0.20480196177959442,-0.31066322326660156,0.023219965398311615,0.100916787981987,0.05424875393509865,0.013690236024558544,0.1349598467350006,0.7735096216201782,0.9885236024856567,0.8489322662353516,0.6796076893806458,0.0839284360408783,0.05492478609085083,0.01067071221768856,0.07373818010091782,4.952526092529297,9.974061965942383,-0.14372845820862917,0.09354173407328761,0.5948635118543563,-0.08571217053969585,-0.23813839630184996,-0.8279972124860627
4221,4,0.6126301288604736,0.0022681246045976877,0.6065096855163574,-0.0008460152894258499,-0.26767686009407043,0.004815859720110893,-0.26082390546798706,0.12541525065898895,0.1008056178689003,0.04827912151813507,0.013238480314612389,0.15347230434417725,0.7744247317314148,0.9895310997962952,0.8483186364173889,0.6788153648376465,0.08386395871639252,0.049827661365270615,0.010537889786064625,0.08250304311513901,10.068368911743164,-1.00677490234375,-0.15908419881090874,0.10018031948951203,0.5924821278913375,-0.09399214266455751,-0.23813839630190284,-0.8279972124860561
4222,4,0.6102011799812317,0.0009330288739874959,0.6036623120307922,9.745731949806213e-05,-0.20304179191589355,-0.21030429005622864,-0.2692072093486786,0.09504634886980057,0.1000831127166748,0.04318564757704735,0.01284256111830473,0.19315212965011597,0.775428831577301,0.9913244843482971,0.8475777506828308,0.6767815947532654,0.08480322360992432,0.047107502818107605,0.009795754216611385,0.0964687243103981,3.5614371299743652,-8.37803840637207,-0.20681976355548232,0.0960146221455004,0.5900085998470853,-0.10174083111555463,-0.24983198587912894,-0.7605743986916399
4223,4,0.606967568397522,-0.0038786421064287424,0.6003676652908325,-0.00022514723241329193,-0.350189208984375,-0.629744291305542,-0.3212094008922577,-0.13554684817790985,0.097922682762146,0.03881780430674553,0.012495141476392746,0.1924576759338379,0.7767838835716248,0.9940410256385803,0.846774160861969,0.674709677696228,0.08382879197597504,0.04427003115415573,0.009527776390314102,0.09535851329565048,4.679839611053467,-9.186613082885742,-0.18929862968117406,0.08572680195981608,0.5875102799882939,-0.10934657510247155,-0.24983198587907607,-0.7605743986916399
4224,4,0.6035923361778259,-0.011344702914357185,0.5973451137542725,-0.003960090689361095,-0.32798993587493896,-0.8430255055427551,-0.2925747036933899,-0.6081030368804932,0.10661599785089493,0.03506536781787872,0.012190587818622589,0.18189074099063873,0.7773171067237854,0.997424840927124,0.846197247505188,0.672486424446106,0.08668939024209976,0.041341010481119156,0.009661701507866383,0.08840461820363998,9.796321868896484,-8.3522367477417,-0.13322161494945003,0.1087890106539827,0.5849914773816897,-0.11645200517998869,-0.25280918143635733,-0.6878530840560638
4225,4,0.6013668775558472,-0.02053222618997097,0.5949292778968811,-0.012162853963673115,-0.16658610105514526,-1.0204710960388184,-0.21863049268722534,-1.010353446006775,0.10670723766088486,0.031832724809646606,0.01192358136177063,0.1680091917514801,0.7777464389801025,1.0013563632965088,0.8457295894622803,0.669889509677887,0.08825287222862244,0.03860393539071083,0.00937254261225462,0.0793343037366867,4.219932556152344,-3.13046932220459,-0.10229408954125724,0.10673082148602164,0.5824633855673258,-0.12333053602054977,-0.2528091814364102,-0.6878530840560572
4226,4,0.5994753837585449,-0.031435269862413406,0.5929065942764282,-0.02387351728975773,-0.2014908492565155,-1.1580584049224854,-0.18771567940711975,-1.292497992515564,0.10287275165319443,0.02903410792350769,0.011688931845128536,0.15173403918743134,0.7785531878471375,1.005488634109497,0.8453348875045776,0.6671038269996643,0.08632567524909973,0.03562745451927185,0.009334782138466835,0.07077037543058395,5.695185661315918,0.33129215240478516,-0.07232613368079202,0.08155451471331246,0.5799690395505301,-0.12975031971785686,-0.24706998297353513,-0.6098332685793347
4227,4,0.5978704690933228,-0.042974915355443954,0.5914304256439209,-0.037306755781173706,-0.14895576238632202,-1.1776597499847412,-0.13662508130073547,-1.3943310976028442,0.10020127147436142,0.02661469206213951,0.011483338661491871,0.13405853509902954,0.7794342041015625,1.0099431276321411,0.8449211716651917,0.6640142202377319,0.08427304774522781,0.034010786563158035,0.009125746786594391,0.05988891422748566,5.8502960205078125,-5.739872455596924,-0.04416688302577004,0.08519227399789564,0.5774983397207942,-0.13584865240365093,-0.24706998297353513,-0.6098332685793215
4228,4,0.5961192846298218,-0.05622343719005585,0.589778482913971,-0.05216069892048836,-0.17019008100032806,-1.4119760990142822,-0.1615164577960968,-1.5338598489761353,0.09645312279462814,0.024512363597750664,0.011302639730274677,0.11772790551185608,0.7804860472679138,1.014948844909668,0.8443725109100342,0.6603109240531921,0.08262118697166443,0.032629046589136124,0.008642597123980522,0.049978915601968765,1.2983965873718262,-6.161651611328125,-0.03150219862827844,0.07526607799521035,0.5750981814459675,-0.14154040171401913,-0.2326143904907152,-0.5265149522614327
4229,4,0.5936799049377441,-0.07145796716213226,0.5878753066062927,-0.068240687251091,-0.2758371829986572,-1.5920082330703735,-0.19888818264007568,-1.6486473083496094,0.09352239221334457,0.02366570197045803,0.011143903248012066,0.10112094134092331,0.7817577719688416,1.0200326442718506,0.8437149524688721,0.6563417911529541,0.0804961696267128,0.03159675747156143,0.008454875089228153,0.041947707533836365,1.6890811920166016,-2.5016427040100098,0.01780035606921543,0.07683436196272367,0.5727720375410603,-0.14680555123663386,-0.23261439049066232,-0.5265149522614461
4230,4,0.5909185409545898,-0.08725062757730484,0.5859124064445496,-0.08480868488550186,-0.2957656681537628,-1.5902512073516846,-0.2185307741165161,-1.6801201105117798,0.09338900446891785,0.05764654278755188,0.011004772037267685,0.08754929900169373,0.7830430865287781,1.0209040641784668,0.8428291082382202,0.6520189642906189,0.08090917021036148,0.06271856278181076,0.008058957755565643,0.03403807431459427,0.46544790267944336,-6.612145900726318,0.06382620406855788,0.09262482574968547,0.5705357981603627,-0.1517268781533339,-0.20944240398784464,-0.43789813510238434
4231,4,0.5872508883476257,-0.1040123999118805,0.583033561706543,-0.10214220732450485,-0.4016862213611603,-1.7082219123840332,-0.3266146779060364,-1.7488590478897095,0.09588930010795593,0.08015964180231094,0.010882659815251827,0.07631724327802658,0.7846352458000183,1.0226682424545288,0.8413200378417969,0.6474124789237976,0.08621930330991745,0.0884849801659584,0.006819883361458778,0.028858160600066185,-11.54560661315918,-1.5848946571350098,0.0850129037005096,0.09649843507282105,0.5684413741204843,-0.1561058595043584,-0.2094424039877918,-0.43789813510238434
4232,4,0.5808687806129456,-0.1208520457148552,0.5786358714103699,-0.120051309466362,-0.7887122631072998,-1.628066062927246,-0.5137484669685364,-1.7901225090026855,0.11135867238044739,0.1174875870347023,0.010775408707559109,0.06693228334188461,0.7863749861717224,1.0234074592590332,0.8389277458190918,0.643203616142273,0.10144966840744019,0.1208946704864502,0.005633755587041378,0.025377407670021057,-13.558159828186035,0.16726970672607422,0.12689098156973233,0.11530040252781149,0.5664387847860761,-0.16021437602066105,-0.17755402346492352,-0.3439828171021762
4233,4,0.5712481737136841,-0.13596434891223907,0.5724917650222778,-0.13757029175758362,-1.1019678115844727,-1.4035513401031494,-0.7126377820968628,-1.6977771520614624,0.16573747992515564,0.13564644753932953,0.010681227780878544,0.059037066996097565,0.7865400314331055,1.0245552062988281,0.8358527421951294,0.6398085355758667,0.13963669538497925,0.14217467606067657,0.005108414683490992,0.02304978296160698,-12.03512191772461,4.267866611480713,0.14081119624558283,0.1822433330685644,0.5646632445514271,-0.16365420419168317,-0.17755402346487065,-0.3439828171021762
4234,4,0.5596503019332886,-0.14797958731651306,0.5636289119720459,-0.15274576842784882,-1.214215636253357,-1.0555862188339233,-1.0847151279449463,-1.343454122543335,0.2231212854385376,0.13477091491222382,0.010598556138575077,0.052358586341142654,0.7863616347312927,1.0267902612686157,0.8324699997901917,0.6372374892234802,0.18611183762550354,0.14684540033340454,0.004930471070110798,0.02085196226835251,-9.253020286560059,1.3378047943115234,0.13023309453061138,0.24490878012078204,0.5629640364154687,-0.16690752230085934,-0.13694924892189891,-0.2447689982608348
4235,4,0.5474433898925781,-0.1575116217136383,0.5507371425628662,-0.16398967802524567,-1.2190717458724976,-0.8495731949806213,-1.4458098411560059,-0.925207257270813,0.26437559723854065,0.12865228950977325,0.010525844059884548,0.04666714742779732,0.7868354916572571,1.029628872871399,0.8290444612503052,0.6351526975631714,0.22863686084747314,0.14241771399974823,0.004917629063129425,0.01863117329776287,-9.789438247680664,-3.0952906608581543,0.09674591068421931,0.28224159724332687,0.5615945439262496,-0.16935521228346784,-0.13694924892189891,-0.2447689982608348
4236,4,0.5351667404174805,-0.1656402349472046,0.5347639322280884,-0.1717519611120224,-1.1985759735107422,-0.7453418374061584,-1.6975665092468262,-0.642911970615387,0.2918165624141693,0.12091930210590363,0.010461991652846336,0.04180540516972542,0.7881055474281311,1.0324236154556274,0.8258902430534363,0.6336683034896851,0.2601938545703888,0.1319815069437027,0.005122264847159386,0.017534948885440826,-9.442887306213379,1.424860954284668,0.07991257606453123,0.30498814736188906,0.5602684481409015,-0.17171094397878797,-0.09162356755906952,-0.14872317780614422
4237,4,0.5238177180290222,-0.1713709831237793,0.5182235836982727,-0.1765667200088501,-1.1125901937484741,-0.4431553781032562,-1.5526494979858398,-0.3645053505897522,0.31382232904434204,0.11414851993322372,0.010405934415757656,0.03763800486922264,0.7898992300033569,1.0344064235687256,0.8228163719177246,0.6332219839096069,0.28634175658226013,0.11918281018733978,0.005003596656024456,0.017110634595155716,-12.996292114257812,9.124996185302734,0.0775804998075804,0.3251990273890403,0.5593921673373128,-0.1731135107645713,-0.08762808035882373,-0.1402566785783205
4238,4,0.5125691294670105,-0.17324624955654144,0.5045996308326721,-0.1785755157470703,-1.1338547468185425,0.0020311549305915833,-1.2268812656402588,-0.06490600854158401,0.32684361934661865,0.10291653871536255,0.010356713086366653,0.03405442461371422,0.7922686338424683,1.0355474948883057,0.8197876811027527,0.6338471174240112,0.30560415983200073,0.10474967956542969,0.005161844659596682,0.016737891361117363,-12.146036148071289,8.330750465393066,0.04084599180519667,0.3339406069645332,0.5585158865337241,-0.17451607755035445,0.22139257817852107,-0.09165460465571888
4239,4,0.5015212297439575,-0.17144246399402618,0.49327683448791504,-0.1775078922510147,-1.0660457611083984,0.33709004521369934,-1.060185432434082,0.27180933952331543,0.35584694147109985,0.08906754851341248,0.010313497856259346,0.03261207416653633,0.7943326234817505,1.0361021757125854,0.8171136379241943,0.6352553367614746,0.3235790729522705,0.0887857973575592,0.005624817684292793,0.016996677964925766,-9.284784317016602,5.8640289306640625,-0.022849501333988338,0.37270413003018077,0.5645345636821298,-0.17483422086211478,0.6102506424417637,-0.030495883183302375
4240,4,0.4918372631072998,-0.1667575240135193,0.48347362875938416,-0.17301668226718903,-0.8712077736854553,0.5893869400024414,-0.9001637101173401,0.6093046069145203,0.38234904408454895,0.07756416499614716,0.010275427252054214,0.07024603337049484,0.7958422303199768,1.035963535308838,0.814786434173584,0.6359773874282837,0.3423144221305847,0.07479295879602432,0.005900193005800247,0.03474773094058037,-12.636908531188965,2.5560784339904785,-0.07739975797914941,0.39821591127585254,0.5706370701065476,-0.17513917969394777,0.6102506424418167,-0.030495883183302375
4241,4,0.48344701528549194,-0.16054651141166687,0.4749571681022644,-0.1659192442893982,-0.7736731171607971,0.6714030504226685,-0.7802537679672241,0.8118669390678406,0.3931792676448822,0.06797689944505692,0.010242012329399586,0.11294740438461304,0.7971500754356384,1.0348711013793945,0.8133822679519653,0.6370939016342163,0.3467727303504944,0.06281335651874542,0.007251426577568054,0.056963760405778885,-2.170802354812622,6.180460453033447,-0.12333844899155888,0.4000035529962269,0.5756219267503672,-0.17442464688180706,0.4843874781065452,0.08431328740960922
4242,4,0.47880321741104126,-0.15208549797534943,0.4693022668361664,-0.15603482723236084,-0.27739202976226807,0.9202359914779663,-0.41754624247550964,1.0721665620803833,0.4057668149471283,0.05990481376647949,0.01021262165158987,0.13938768208026886,0.797766923904419,1.033128023147583,0.8131313920021057,0.6389777064323425,0.3403359055519104,0.05427434295415878,0.008927198126912117,0.07165639847517014,1.424715518951416,4.346210956573486,-0.14663732506202642,0.4137819754481935,0.5804658015314326,-0.17358151400771096,0.4843874781065981,0.08431328740960922
4243,4,0.4783371686935425,-0.1426582932472229,0.46726542711257935,-0.1447368860244751,0.13159911334514618,0.951511025428772,-0.015624955296516418,1.1653972864151,0.3942955434322357,0.05307864770293236,0.010186800733208656,0.18353977799415588,0.7978053092956543,1.0312052965164185,0.814001202583313,0.6404287815093994,0.3240830898284912,0.04803334176540375,0.009680114686489105,0.09268169105052948,2.598099708557129,0.9893083572387695,-0.19770406588745076,0.3585130690491726,0.5843531328578926,-0.17179431226209094,0.362996864393302,0.20412080807174518
4244,4,0.4816032350063324,-0.13379210233688354,0.4693227708339691,-0.13302405178546906,0.49757105112075806,0.8324165344238281,0.40732407569885254,1.184464454650879,0.37370097637176514,0.0472855269908905,0.010164148174226284,0.2084094136953354,0.797435998916626,1.0293397903442383,0.8156699538230896,0.6420410871505737,0.3007427155971527,0.04261937737464905,0.010306519456207752,0.1069418415427208,-3.284066915512085,5.261850357055664,-0.21770921049357259,0.3075493509620893,0.5879831015018254,-0.16975310418137338,0.36299686439324913,0.20412080807174518
4245,4,0.4876004159450531,-0.12547042965888977,0.47516050934791565,-0.12189537286758423,0.7066672444343567,0.8341193795204163,0.7328507304191589,1.030175805091858,0.34604543447494507,0.04233049973845482,0.010144221596419811,0.21132798492908478,0.7967632412910461,1.0276280641555786,0.8177947998046875,0.6439993381500244,0.27507585287094116,0.038774069398641586,0.01073562353849411,0.10950273275375366,-4.501736164093018,0.7623720169067383,-0.21243892659149993,0.2539567095565107,0.5908086879159012,-0.16685324670172014,0.24607880130192833,0.32892667880310555
4246,4,0.4952636957168579,-0.11809622496366501,0.48340100049972534,-0.11315512657165527,0.8384385108947754,0.6844894289970398,0.9146122932434082,0.7653593420982361,0.31748324632644653,0.03808547183871269,0.010126722045242786,0.22008022665977478,0.7956395149230957,1.0260257720947266,0.820758044719696,0.6457911133766174,0.24228276312351227,0.03467271849513054,0.011920491233468056,0.11479891836643219,4.984102249145508,3.0478882789611816,-0.22352103614100913,0.2176328759077446,0.5932694759289201,-0.16356397991368885,0.24607880130187548,0.32892667880310555
4247,4,0.5063050985336304,-0.11086378246545792,0.4945782721042633,-0.10583607107400894,1.2454352378845215,0.6870343685150146,1.2425689697265625,0.6512887477874756,0.2897806465625763,0.034433163702487946,0.010111344046890736,0.2179083377122879,0.7937287092208862,1.0247527360916138,0.8240652680397034,0.6474477648735046,0.21476098895072937,0.03222084790468216,0.011884128674864769,0.11266173422336578,-2.9746460914611816,2.3198890686035156,-0.20854825802318777,0.18813597825078057,0.595069097835587,-0.1595114798994488,0.1336332888324772,0.45873089960370345
4248,4,0.5183226466178894,-0.10535278916358948,0.5073129534721375,-0.1008322611451149,1.2150667905807495,0.4754449427127838,1.3243379592895508,0.41666117310523987,0.2529304623603821,0.031284037977457047,0.010097833350300789,0.2173810750246048,0.7916004657745361,1.0237724781036377,0.8276247978210449,0.6487736105918884,0.18658101558685303,0.029488004744052887,0.01235234271734953,0.11224324256181717,1.3428497314453125,3.8027000427246094,-0.21510147372398208,0.10947833598922876,0.5964054307239117,-0.1549241709034112,0.1336332888324772,0.45873089960370345
4249,4,0.5315924286842346,-0.1007290631532669,0.5214816331863403,-0.09693287312984467,1.381575107574463,0.42084014415740967,1.4667950868606567,0.3435983657836914,0.22195349633693695,0.028562355786561966,0.010085968300700188,0.21129268407821655,0.7890303134918213,1.0230507850646973,0.831626296043396,0.6499483585357666,0.15763333439826965,0.02754208818078041,0.012974778190255165,0.10848365724086761,7.872729301452637,1.1675405502319336,-0.18478131280643134,0.09319522696294877,0.5972148685281453,-0.1496790415540303,0.025660326984948478,0.593533470473539
4250,4,0.5467296242713928,-0.09725359827280045,0.5369964241981506,-0.09388423711061478,1.5937161445617676,0.2687206566333771,1.6125149726867676,0.25287550687789917,0.18911565840244293,0.02620486542582512,0.010075543075799942,0.20455697178840637,0.7859018445014954,1.023138403892517,0.8358495235443115,0.6504319906234741,0.1321049928665161,0.027204588055610657,0.013151752762496471,0.10007159411907196,7.660889625549316,-7.157952785491943,-0.1748276685082194,0.04351020268317499,0.5974714717979945,-0.14374370684929455,0.025660326984948478,0.5935334704735258
4251,4,0.5627312660217285,-0.09712739288806915,0.5532529354095459,-0.09280321002006531,1.6407588720321655,-0.14869707822799683,1.6761044263839722,0.010075798258185387,0.15787936747074127,0.02415635623037815,0.01688801683485508,0.19402548670768738,0.7824224829673767,1.0240821838378906,0.8398123383522034,0.6501209139823914,0.10782811790704727,0.026240287348628044,0.01945861056447029,0.09277226030826569,7.027640342712402,-4.04421329498291,-0.14680543143222471,-0.01786333819301822,0.5973265059047702,-0.137265961364219,-0.07784008424071062,0.7333343914125989
4252,4,0.5796183943748474,-0.09950878471136093,0.5707120895385742,-0.09388645738363266,1.7102417945861816,-0.3254057466983795,1.7846449613571167,-0.23065930604934692,0.13341636955738068,0.02237682417035103,0.05177514627575874,0.17212656140327454,0.7784649729728699,1.025593876838684,0.8419182300567627,0.6495335102081299,0.08914955705404282,0.02531633898615837,0.049900710582733154,0.08134311437606812,2.7257657051086426,-1.8998134136199951,-0.07043459863546782,-0.05780349571825058,0.5965481050623632,-0.12993261745009207,-0.07784008424071062,0.7333343914125989
4253,4,0.5958666801452637,-0.10366468876600266,0.5883177518844604,-0.0977839007973671,1.5505942106246948,-0.48364853858947754,1.7300727367401123,-0.5082843899726868,0.11380486190319061,0.020824603736400604,0.0949927344918251,0.14690668880939484,0.7744742631912231,1.0274978876113892,0.8433062434196472,0.6487067937850952,0.07636215537786484,0.0243827011436224,0.0874256119132042,0.06839723885059357,2.6863503456115723,-1.3867664337158203,-0.024118287562026802,-0.10381004674896843,0.5954845158766563,-0.12218226902876798,-0.1768679448443415,0.8781336624208899
4254,4,0.61030113697052,-0.10909248888492584,0.6049184203147888,-0.1038927286863327,1.3433668613433838,-0.5877687335014343,1.5910130739212036,-0.6842872500419617,0.09796424955129623,0.024681786075234413,0.11168579012155533,0.12470564991235733,0.7707352042198181,1.028760552406311,0.8457242846488953,0.6477778553962708,0.06537564098834991,0.027309773489832878,0.10525475442409515,0.05796137824654579,10.56994915008545,1.3413476943969727,0.02529788770656917,-0.11593985646680642,0.5937158364282126,-0.11340093240455851,-0.1768679448443415,0.8781336624208832
4255,4,0.6240732073783875,-0.11441856622695923,0.6205661296844482,-0.1106363907456398,1.3381307125091553,-0.5324870944023132,1.489598035812378,-0.7040830254554749,0.08493492007255554,0.06301665306091309,0.11668538302183151,0.10681549459695816,0.7669252753257751,1.0257478952407837,0.8488210439682007,0.6470593810081482,0.0553918182849884,0.05666252225637436,0.11230093240737915,0.050541266798973083,15.028627395629883,8.414316177368164,0.06999248339023298,-0.11798816652386132,0.5917694043549984,-0.10433799424643149,-0.27142325482615565,1.0279312834984118
4256,4,0.6381059288978577,-0.11798471212387085,0.6352868676185608,-0.11704972386360168,1.3975582122802734,-0.2551286220550537,1.4082573652267456,-0.6300801634788513,0.07415743172168732,0.087614506483078,0.14301367104053497,0.09226848185062408,0.7631281614303589,1.0233428478240967,0.850901186466217,0.6467020511627197,0.04870417341589928,0.07984961569309235,0.13204579055309296,0.04415017366409302,10.282325744628906,7.19822883605957,0.09331821557571154,-0.1508757108224173,0.5890551718067372,-0.09405868141144665,-0.2714232548261028,1.0279312834984118
4257,4,0.6506046056747437,-0.12006605416536331,0.6480695605278015,-0.12341227382421494,1.1429721117019653,-0.13740994036197662,1.1915768384933472,-0.549963653087616,0.06511499732732773,0.08655200153589249,0.18177372217178345,0.08022903650999069,0.7603480815887451,1.0231122970581055,0.851576566696167,0.6464092135429382,0.04631293565034866,0.08634044229984283,0.15647724270820618,0.03812107443809509,-0.9691202640533447,2.8899550437927246,0.08036459681656935,-0.19447915297145446,0.5862616772509913,-0.08364316671596396,-0.3542084475940293,1.170187297880585
4258,4,0.6583034992218018,-0.12219571322202682,0.6579548120498657,-0.12789414823055267,0.5290150046348572,-0.1934189349412918,0.8800904154777527,-0.28183358907699585,0.05750120431184769,0.09054666012525558,0.18774771690368652,0.07020904868841171,0.7597241401672363,1.023423433303833,0.851836085319519,0.6460204720497131,0.04624107480049133,0.09007437527179718,0.15671613812446594,0.03305938467383385,-7.5966572761535645,-1.4885187149047852,0.09148902693841482,-0.1898778714935118,0.5826466171091317,-0.07181589416951144,-0.36150601418594164,1.1827272546451713
4259,4,0.6596857309341431,-0.12468234449625015,0.6643503308296204,-0.12977035343647003,-0.12129059433937073,-0.2288244664669037,0.3956282138824463,-0.07747073471546173,0.05104502663016319,0.12117937952280045,0.17612582445144653,0.06179458275437355,0.7610976099967957,1.0216341018676758,0.8517438173294067,0.6458447575569153,0.04426128417253494,0.10870087146759033,0.14536303281784058,0.029752152040600777,-3.2626569271087646,0.6076502799987793,0.1290483811635235,-0.12199765165637183,0.5790315569672719,-0.05998862162305892,-0.3994142097181926,1.2534841709393612
4260,4,0.6570591330528259,-0.12576240301132202,0.6647956967353821,-0.12920284271240234,-0.4238848388195038,-0.028720222413539886,-0.29420772194862366,0.13270732760429382,0.04554417356848717,0.15709760785102844,0.15242601931095123,0.05468384176492691,0.7635573148727417,1.0184516906738281,0.851513683795929,0.6463248133659363,0.04168236255645752,0.1323724091053009,0.12510760128498077,0.02799845114350319,1.321241855621338,5.417890548706055,0.16770651081429544,-0.03784033373003497,0.5745706782465901,-0.046582600377504634,-0.447116222923858,1.3425215758611548
4261,4,0.6518828868865967,-0.12389839440584183,0.6592506766319275,-0.12662087380886078,-0.6533495783805847,0.32724326848983765,-0.7890713810920715,0.3236944079399109,0.04084169492125511,0.16576538980007172,0.1290852427482605,0.04864765703678131,0.7669955492019653,1.0156214237213135,0.8507606387138367,0.6478628516197205,0.03978324308991432,0.1422753483057022,0.10264824330806732,0.026888268068432808,0.517888069152832,9.921463012695312,0.1685535231215065,0.002120481905432847,0.5700995160173516,-0.03315738461889296,-0.447116222923858,1.3425215758611548
4262,4,0.6437562704086304,-0.11825627833604813,0.649345874786377,-0.12225445359945297,-0.9613556265830994,0.7452961206436157,-1.1657999753952026,0.5402340888977051,0.040044110268354416,0.16192571818828583,0.11037171632051468,0.04349847882986069,0.7712650895118713,1.0131667852401733,0.8490327000617981,0.6504132747650146,0.04091911017894745,0.14010778069496155,0.0832989364862442,0.025728389620780945,-1.1095178127288818,7.39314079284668,0.1433206833378925,0.0347698748828406,0.5649078611303081,-0.01826882973418308,-0.5282538810398518,1.5073142471463747
4263,4,0.6321191191673279,-0.10947217792272568,0.6356585621833801,-0.11535725742578506,-1.3145551681518555,1.009981393814087,-1.5211021900177002,0.8559667468070984,0.0774201825261116,0.15176796913146973,0.09514772891998291,0.039088450372219086,0.7730404734611511,1.0108839273452759,0.8460925817489624,0.65345299243927,0.07164938747882843,0.13282811641693115,0.06746423989534378,0.023991819471120834,-3.694028854370117,0.32796144485473633,0.10177602013963268,0.08497631848657919,0.5596253223199097,-0.0031956872627191997,-0.5282538810398518,1.5073142471463747
4264,4,0.6167010068893433,-0.09933917969465256,0.6184113621711731,-0.10549303889274597,-1.6685799360275269,1.0818628072738647,-1.847928524017334,1.1372723579406738,0.13341793417930603,0.13984259963035583,0.0826115533709526,0.035297565162181854,0.7742524147033691,1.0086954832077026,0.8420109152793884,0.6567440629005432,0.12065338343381882,0.12236395478248596,0.05491560697555542,0.022492868825793266,-8.357057571411133,-1.773076057434082,0.07968396033041733,0.14788964195771998,0.5537386716714794,0.013167383123320444,-0.6049189885339762,1.671013178378492
4265,4,0.598045825958252,-0.08828287571668625,0.598336935043335,-0.09322647750377655,-1.9809163808822632,1.1605530977249146,-2.1102383136749268,1.320215106010437,0.19684602320194244,0.13090427219867706,0.07220311462879181,0.032033223658800125,0.7758147120475769,1.0060797929763794,0.837259829044342,0.6605184078216553,0.17688196897506714,0.11084391921758652,0.046683959662914276,0.02174507826566696,-5.275585651397705,0.9194397926330566,0.08464034931490969,0.21835097142229792,0.5476894817861404,0.029877514907105517,-0.6049189885339232,1.6710131783784947
4266,4,0.5782251954078674,-0.07533273845911026,0.5766695141792297,-0.07878217846155167,-1.996911883354187,1.3799971342086792,-2.2319226264953613,1.5179325342178345,0.2613239288330078,0.12418171763420105,0.06347502768039703,0.029210854321718216,0.7775061726570129,1.0027053356170654,0.8325145840644836,0.664793848991394,0.2330990582704544,0.10155519843101501,0.04117116332054138,0.020909223705530167,1.001431941986084,-0.4035508632659912,0.0887629984430886,0.2882820237994689,0.5411436157812989,0.047538699481013,-0.6771115454060722,1.8092500090681671
4267,4,0.5594390630722046,-0.06068267300724983,0.5545606017112732,-0.06275850534439087,-1.8016479015350342,1.5142412185668945,-2.171243667602539,1.6463384628295898,0.2977903187274933,0.11552704125642776,0.056127920746803284,0.02677127718925476,0.7799135446548462,0.998867392539978,0.8282257318496704,0.6693541407585144,0.2747165560722351,0.09318769723176956,0.037126317620277405,0.020096244290471077,2.695598602294922,-0.42533159255981445,0.06895039739734943,0.3159033254612938,0.5343725003272388,0.06563119957169375,-0.6771115454061251,1.8092500090681671
4268,4,0.5427374243736267,-0.044971100986003876,0.5344778895378113,-0.04586978629231453,-1.5528837442398071,1.6116384267807007,-1.8331624269485474,1.712939739227295,0.3053494095802307,0.10693473368883133,0.049878787249326706,0.02465006150305271,0.7834975123405457,0.9949193596839905,0.824434220790863,0.6738408803939819,0.2955664098262787,0.08661690354347229,0.03342092037200928,0.018721330910921097,-1.1706805229187012,-5.398144721984863,0.059853889314059106,0.3092026736731672,0.5272031993709616,0.08435098077099266,-0.7448315516562987,1.9159326490930595
4269,4,0.5276838541030884,-0.02969168685376644,0.5176733732223511,-0.029159121215343475,-1.4057421684265137,1.5022140741348267,-1.5132876634597778,1.6697794198989868,0.3020480275154114,0.09906616061925888,0.04454784840345383,0.022805456072092056,0.7879889011383057,0.9911912083625793,0.8210756182670593,0.6779274940490723,0.30001118779182434,0.08152180910110474,0.030101463198661804,0.017268812283873558,-5.94348669052124,-8.933663368225098,0.0551094451863163,0.28993504563252953,0.5197548838543992,0.10351030726192348,-0.7448315516562987,1.915932649093066
4270,4,0.513960599899292,-0.015780430287122726,0.5036402940750122,-0.013264083303511143,-1.2923249006271362,1.3422476053237915,-1.2850219011306763,1.5392656326293945,0.2978280782699585,0.0966728925704956,0.040000297129154205,0.021205060184001923,0.7926389575004578,0.9874639511108398,0.8181244730949402,0.6817103624343872,0.2967838644981384,0.07868321985006332,0.027212589979171753,0.01624300330877304,-8.223714828491211,-8.200058937072754,0.08307071718576575,0.2821433202811094,0.511997928351662,0.12303625156129451,-0.8080790072846027,1.9910610984531851
4271,4,0.5016975998878479,-0.0027598578017205,0.4917493760585785,0.0011564978631213307,-1.1539018154144287,1.2712054252624512,-1.101379632949829,1.3488436937332153,0.2932626008987427,0.11692197620868683,0.03608652949333191,0.01980813406407833,0.7970148921012878,0.9824053049087524,0.8155348300933838,0.6850876808166504,0.2906991243362427,0.09024051576852798,0.024908656254410744,0.01484411396086216,-6.47913932800293,-12.272939682006836,0.12223894219985684,0.27621478914069486,0.5039171382788165,0.1429468625458266,-0.8080790072846027,1.9910610984531851
4272,4,0.4909682869911194,0.008889004588127136,0.48142969608306885,0.013379446230828762,-0.9925995469093323,1.0896300077438354,-0.9583221673965454,1.1215344667434692,0.28695136308670044,0.14302614331245422,0.03270864486694336,0.018587607890367508,0.8009634017944336,0.9768813848495483,0.8134109973907471,0.6879526376724243,0.281770259141922,0.1095297634601593,0.0230263564735651,0.013763891533017159,-5.741833686828613,-11.927314758300781,0.15032919987093887,0.2632378812681676,0.4956083086345943,0.1630265364199526,-0.8668539122909842,2.0346353571485243
4273,4,0.4820729196071625,0.019131045788526535,0.47279661893844604,0.02357339672744274,-0.8088856339454651,0.9679508209228516,-0.7864780426025391,0.9315155148506165,0.27784663438796997,0.1846657395362854,0.029794735834002495,0.01752321980893612,0.8044644594192505,0.970820963382721,0.8117621541023254,0.6906471252441406,0.27015161514282227,0.13539613783359528,0.021461935713887215,0.01328278798609972,-6.243959426879883,-6.849994659423828,0.19845017257007572,0.24308351819045182,0.4869397695116845,0.18337288999143933,-0.8668539122909842,2.034635357148537
4274,4,0.47503426671028137,0.029140489175915718,0.46603983640670776,0.03238904848694801,-0.6342034339904785,1.0137923955917358,-0.6004825234413147,0.8288518786430359,0.26509490609169006,0.22550353407859802,0.02726840414106846,0.016591817140579224,0.8076833486557007,0.9645956754684448,0.8103931546211243,0.6933889985084534,0.25766077637672424,0.16315706074237823,0.019742663949728012,0.01289316825568676,-8.069255828857422,-6.743423938751221,0.2406723643220795,0.21558815778279805,0.47811484613095284,0.2037538599150021,-0.9211562666754168,2.046655425179096
4275,4,0.4690116047859192,0.03938649222254753,0.46056681871414185,0.04018886387348175,-0.5670352578163147,1.0463316440582275,-0.5010226964950562,0.7542924880981445,0.249068945646286,0.24874116480350494,0.025081701576709747,0.015778934583067894,0.8107466101646423,0.9588791131973267,0.8094423413276672,0.6964051127433777,0.24034130573272705,0.18349841237068176,0.018840894103050232,0.012877479195594788,-2.7408230304718018,-6.498068809509277,0.25861194835037105,0.18491738858488196,0.4689032834641985,0.22422041416679456,-0.9211562666754433,2.046655425179109
4276,4,0.46475663781166077,0.05059359222650528,0.4565475285053253,0.04810579493641853,-0.34232303500175476,1.153918981552124,-0.3376537263393402,0.8331363797187805,0.2332661896944046,0.26904723048210144,0.023181438446044922,0.015067515894770622,0.8135318160057068,0.9535279273986816,0.8086053729057312,0.699618399143219,0.2254728078842163,0.19910266995429993,0.017028920352458954,0.012770838104188442,-11.21762466430664,-3.608931303024292,0.2782039949703324,0.16808874142227156,0.4595980467519333,0.24465024661447468,-0.9709860704379535,2.0271213025449013
4277,4,0.4605916738510132,0.06235867738723755,0.45321711897850037,0.05728858709335327,-0.4382825493812561,1.2201142311096191,-0.3134632110595703,1.0365865230560303,0.21243974566459656,0.27948322892189026,0.02153019793331623,0.014445464126765728,0.8167352676391602,0.9484909772872925,0.8074057698249817,0.703055739402771,0.21190521121025085,0.2091183066368103,0.015080618672072887,0.012729039415717125,-15.876670837402344,-4.224345684051514,0.28448067773750174,0.12317475150456314,0.4498881860475537,0.2649214596399251,-0.9709860704379535,2.0271213025449146
4278,4,0.4550744891166687,0.07478611171245575,0.44957584142684937,0.06879891455173492,-0.6209594011306763,1.297088623046875,-0.39706772565841675,1.2714341878890991,0.19660843908786774,0.2904239594936371,0.020093610510230064,0.013901331461966038,0.8204967379570007,0.9435456991195679,0.8057375550270081,0.7067018151283264,0.19956238567829132,0.21629786491394043,0.013353070244193077,0.012588056735694408,-15.860514640808105,-8.301727294921875,0.2959295237493594,0.12599000215628858,0.4401384164087291,0.2851477210864067,-1.0126689515058789,1.9801716321007514
4279,4,0.44789713621139526,0.08777940273284912,0.4447990953922272,0.08227220922708511,-0.7923150062561035,1.3264533281326294,-0.543013870716095,1.4218965768814087,0.1870979219675064,0.2991747260093689,0.018839681521058083,0.0134241608902812,0.8244197964668274,0.938673734664917,0.8037057518959045,0.7102673649787903,0.19050487875938416,0.22414708137512207,0.012068113312125206,0.012059792876243591,-11.544256210327148,-15.585315704345703,0.30365159487858406,0.14359704279694474,0.4299749831729434,0.30490805097886725,-1.0163433235785675,1.9760329892459265
4280,4,0.4395746886730194,0.1003432497382164,0.43845853209495544,0.09668245911598206,-0.8626614809036255,1.2176874876022339,-0.7110446691513062,1.4562652111053467,0.18277183175086975,0.31132209300994873,0.017742661759257317,0.013005005195736885,0.8280060887336731,0.9337645769119263,0.801726222038269,0.7140146493911743,0.18322432041168213,0.22870731353759766,0.011391532607376575,0.01248997077345848,-8.969451904296875,-7.828676700592041,0.3175187464226247,0.16276651117924973,0.4198115499371578,0.32466838087132777,-1.0344470675152253,1.9394388932179145
4281,4,0.43167856335639954,0.11396750807762146,0.43116238713264465,0.11195599287748337,-0.7831562757492065,1.4245213270187378,-0.7998341917991638,1.5302786827087402,0.1802011877298355,0.33741387724876404,0.016784539446234703,0.012637592852115631,0.8311601281166077,0.9281014204025269,0.7997487187385559,0.7184045314788818,0.1797412782907486,0.23299884796142578,0.010530686937272549,0.013256571255624294,-9.884161949157715,-1.8765783309936523,0.3514589715123684,0.16822202892351196,0.4092441807515635,0.3436122127516528,-1.0572280260972593,1.8933904852821584
4282,4,0.4238595962524414,0.12991726398468018,0.42255425453186035,0.12751340866088867,-0.804253101348877,1.7090489864349365,-0.9276342391967773,1.5616464614868164,0.17494909465312958,0.33710238337516785,0.01594674214720726,0.012315306812524796,0.8343758583068848,0.921999454498291,0.7976503372192383,0.723681628704071,0.17690639197826385,0.22974039614200592,0.009724107570946217,0.01417162548750639,-10.231257438659668,2.7164077758789062,0.3360247608172657,0.1502838050043277,0.398671900490591,0.3625461176044758,-1.0572280260972593,1.8933904852821584
4283,4,0.4156494438648224,0.14895352721214294,0.413030207157135,0.1440405547618866,-0.8541732430458069,2.0440452098846436,-0.976333737373352,1.7499940395355225,0.17001564800739288,0.32934316992759705,0.01521421130746603,0.01203272957354784,0.8378438949584961,0.9156726598739624,0.7953693866729736,0.7295478582382202,0.17388856410980225,0.22231385111808777,0.009009637869894505,0.014383832924067974,-7.1932220458984375,-3.37677001953125,0.3022967780452358,0.14657336522907055,0.38777628469460734,0.38046596952631806,-1.093640177994002,1.7791937906536368
4284,4,0.40683993697166443,0.16966232657432556,0.4030210077762604,0.16293592751026154,-0.8948042988777161,2.116454601287842,-0.9981985092163086,2.027879476547241,0.16619451344013214,0.3129633665084839,0.014573685824871063,0.011785040609538555,0.8412157297134399,0.9091078639030457,0.7933200001716614,0.7362161874771118,0.1683143973350525,0.20583827793598175,0.008884470909833908,0.015662305057048798,-4.197068214416504,7.037906646728516,0.2545447814903434,0.1478326964799649,0.3768398829146673,0.3982579074328556,-1.0936401779940284,1.7791937906536368
4285,4,0.39900505542755127,0.19358259439468384,0.39418891072273254,0.18572324514389038,-0.7600252628326416,2.543299436569214,-0.8437491655349731,2.4356017112731934,0.163136288523674,0.297408789396286,0.014012356288731098,0.011567517183721066,0.8444374203681946,0.9019626379013062,0.7910891771316528,0.743398129940033,0.16687294840812683,0.19024039804935455,0.008029638789594173,0.015752892941236496,-7.520139217376709,0.5616855621337891,0.24045743131751213,0.14834644191710364,0.3656518009132695,0.41490134587089667,-1.1255797792688487,1.633442905360335
4286,4,0.39036238193511963,0.21887251734733582,0.3853352665901184,0.21081742644309998,-0.8989484310150146,2.574537754058838,-0.8773166537284851,2.608569383621216,0.15587373077869415,0.27002692222595215,0.013520272448658943,0.011376474983990192,0.8481565117835999,0.8946909308433533,0.7885931134223938,0.7506299614906311,0.16371341049671173,0.1744188517332077,0.007373108062893152,0.015739034861326218,-8.792388916015625,-3.414285182952881,0.16601209210239265,0.12039557296705367,0.3543960031205816,0.4312357749245,-1.1255797792688487,1.633442905360335
4287,4,0.3807775378227234,0.2444625347852707,0.37635648250579834,0.23741723597049713,-0.979663610458374,2.576355457305908,-0.8963883519172668,2.71413516998291,0.15231043100357056,0.24509848654270172,0.013089163228869438,0.01120882760733366,0.8518727421760559,0.8873027563095093,0.7863103747367859,0.7581965923309326,0.15735256671905518,0.1549447476863861,0.007554322946816683,0.01634891703724861,-2.773618698120117,0.7094240188598633,0.14561851419599864,0.13468163664327518,0.3429512353187465,0.446396542484307,-1.1530468299217465,1.4628495935163963
4288,4,0.37224122881889343,0.2715473771095276,0.3680717945098877,0.26562896370887756,-0.8060505986213684,2.759589195251465,-0.8198031187057495,2.8573408126831055,0.1505690962076187,0.22241494059562683,0.012711022049188614,0.011061570607125759,0.8551552891731262,0.8795740008354187,0.7840479612350464,0.7657259106636047,0.15515592694282532,0.13941600918769836,0.006991332862526178,0.015929965302348137,-5.43781042098999,-2.8980672359466553,0.12775406577608,0.14191052977007393,0.3314207670195296,0.4610250384194709,-1.1530468299217729,1.4628495935163963
4289,4,0.363614946603775,0.2983870506286621,0.3593977391719818,0.29375943541526794,-0.872755229473114,2.656304359436035,-0.8719738125801086,2.8016154766082764,0.14360442757606506,0.1955605447292328,0.01237991452217102,0.010932466015219688,0.8586580753326416,0.8720908761024475,0.7817893028259277,0.7727908492088318,0.15027356147766113,0.12648874521255493,0.006912098731845617,0.015402558259665966,-2.3140227794647217,-9.08775806427002,0.0774360474291822,0.10856012690765286,0.31975509382223116,0.4746622531557335,-1.1760413299527748,1.2942609115783388
4290,4,0.35516250133514404,0.32365649938583374,0.3506534695625305,0.3212521970272064,-0.8130306601524353,2.436469078063965,-0.8564493656158447,2.7090704441070557,0.13829636573791504,0.17309287190437317,0.012089625000953674,0.010819150134921074,0.8622929453849792,0.8653327226638794,0.7794076204299927,0.7790000438690186,0.14614737033843994,0.11658882349729538,0.006274898536503315,0.014360591769218445,-8.026464462280273,-12.310827255249023,0.06891900022765157,0.11118515404497636,0.3079946805227043,0.487604862271517,-1.1760413299527483,1.2942609115783388
4291,4,0.34602564573287964,0.3459254205226898,0.34170860052108765,0.34706664085388184,-0.948123037815094,2.090548276901245,-0.8878364562988281,2.5004096031188965,0.1311628818511963,0.1569824367761612,0.011834729462862015,0.010719554498791695,0.8661184310913086,0.8590523600578308,0.7770472168922424,0.78489089012146,0.13952979445457458,0.10500212758779526,0.006218027323484421,0.01453498937189579,-6.514134407043457,-3.202439546585083,0.0792025143171719,0.09424939042856043,0.2961438823349185,0.4997673138261404,-1.1945632793618277,1.1343886236603582
4292,4,0.3371751308441162,0.36756518483161926,0.3335447907447815,0.3711245656013489,-0.8893189430236816,2.158726215362549,-0.8153561949729919,2.2440686225891113,0.12741076946258545,0.1495523899793625,0.011611645109951496,0.01063231099396944,0.8698446750640869,0.8524800539016724,0.774588942527771,0.7905736565589905,0.13536542654037476,0.09812450408935547,0.005840496625751257,0.014105173759162426,-6.168544292449951,-5.172281265258789,0.11254428028187413,0.10765914477142276,0.28419824954130163,0.5111112000627431,-1.1945632793618277,1.1343886236603318
4293,4,0.32792729139328003,0.3883551359176636,0.3249586224555969,0.39166325330734253,-0.9491766095161438,2.0082435607910156,-0.89156174659729,1.898733139038086,0.12168723344802856,0.13871392607688904,0.01141570508480072,0.010555633343756199,0.8738240003585815,0.8461777567863464,0.7718345522880554,0.7958250045776367,0.13224206864833832,0.09296555817127228,0.005207376088947058,0.0137396939098835,-10.817117691040039,-3.0683493614196777,0.08363896864023485,0.0912397343021202,0.272198106768004,0.521868619587888,-1.2086126781489581,0.9832327297624018
4294,4,0.3175162374973297,0.4077697992324829,0.31553027033805847,0.40923357009887695,-1.1041847467422485,1.8856226205825806,-0.9793521165847778,1.6500282287597656,0.11720980703830719,0.13036605715751648,0.011243287473917007,0.010488112457096577,0.8779796361923218,0.8400266170501709,0.7690876126289368,0.8010813593864441,0.12689240276813507,0.08579419553279877,0.005333164241164923,0.013955503702163696,-4.820810317993164,2.2976207733154297,0.08716303546848103,0.09318550338654859,0.260111979986515,0.531700946885512,-1.2086126781489845,0.983232729762349
4295,4,0.30743545293807983,0.4274574816226959,0.30604732036590576,0.4255766272544861,-0.9924140572547913,1.9648336172103882,-0.9828604459762573,1.5836188793182373,0.11634014546871185,0.12364790588617325,0.011091969907283783,0.010428820736706257,0.8818433284759521,0.8337541818618774,0.7662213444709778,0.8061959147453308,0.1258474588394165,0.08097733557224274,0.0048021054826676846,0.013719707727432251,-9.407449722290039,4.564728736877441,0.08823815249177774,0.11164105856540356,0.2479982730326808,0.5411230655333384,-1.2181895263142055,0.8407932298844167
4296,4,0.2967294156551361,0.4466266334056854,0.2954860329627991,0.44153475761413574,-1.1238535642623901,1.8765535354614258,-1.1037663221359253,1.647114872932434,0.11212797462940216,0.11307811737060547,0.010959083214402199,0.010376724414527416,0.886083722114563,0.827947199344635,0.7630788683891296,0.8109127879142761,0.12396829575300217,0.07640781253576279,0.004520142916589975,0.013195767998695374,-6.995892524719238,0.02523183822631836,0.0562384731390595,0.0892408522311315,0.23581637776953956,0.5495309978321831,-1.2181895263142055,0.8407932298844696
4297,4,0.28520089387893677,0.4642696976661682,0.28388017416000366,0.45854422450065613,-1.1683199405670166,1.6882107257843018,-1.1969619989395142,1.7370789051055908,0.11095330119132996,0.10334848612546921,0.010842449963092804,0.010330979712307453,0.8903866410255432,0.8227207660675049,0.7598506212234497,0.815334141254425,0.12248597294092178,0.07023432850837708,0.004238786641508341,0.013060620985925198,-8.365442276000977,3.708808422088623,0.04967649794774309,0.10452378081707142,0.22362488704014577,0.5576875467548505,-1.2232938238575042,0.707070124026588
4298,4,0.2733297049999237,0.48102322220802307,0.27174893021583557,0.4760676324367523,-1.2133464813232422,1.6510813236236572,-1.2344681024551392,1.7421318292617798,0.11054568737745285,0.0966334417462349,0.010740072466433048,0.010290812700986862,0.8947507739067078,0.817512035369873,0.7563368678092957,0.8196796178817749,0.12353140115737915,0.06441953778266907,0.003688658121973276,0.013134988956153393,-11.766178131103516,7.420473098754883,0.058792964365458056,0.10830872543646677,0.2113919488015708,0.564758247995117,-1.2232938238575042,0.707070124026588
4299,4,0.2604197561740875,0.49763792753219604,0.25909554958343506,0.4932423233985901,-1.3561807870864868,1.6701865196228027,-1.291911005973816,1.6960551738739014,0.11238028854131699,0.08920115977525711,0.01065012626349926,0.010255507193505764,0.8991104960441589,0.8120575547218323,0.7527305483818054,0.8242385983467102,0.1249149963259697,0.05778486654162407,0.0037483631167560816,0.013447531498968601,-6.027393341064453,9.952139854431152,0.046590661027921226,0.11285467110199959,0.19915845470159055,0.5717189583447875,-1.2238743932254816,0.5921901535381534
4300,4,0.24749165773391724,0.5152068734169006,0.24632950127124786,0.5105894804000854,-1.2853055000305176,1.7836692333221436,-1.3072787523269653,1.7330416440963745,0.12954634428024292,0.0796511322259903,0.010571095161139965,0.010224476456642151,0.9023444056510925,0.8066995143890381,0.7488375902175903,0.8285780549049377,0.1400749832391739,0.052486978471279144,0.0031048175878822803,0.0130135053768754,-10.28505802154541,4.77977991104126,0.023734772522169156,0.1341511920589754,0.1869191989938018,0.5775395924666755,-1.2239255707788805,0.582063412188757
4301,4,0.2334839254617691,0.5318426489830017,0.23224811255931854,0.5272067189216614,-1.438447117805481,1.6161117553710938,-1.4413292407989502,1.6458418369293213,0.12856940925121307,0.06971987336874008,0.010501731187105179,0.014758734963834286,0.9067814350128174,0.8020960688591003,0.7445341944694519,0.8320404887199402,0.14725635945796967,0.04763588681817055,0.002681783400475979,0.01616281270980835,-12.257457733154297,-1.699134111404419,-0.015421190994931833,0.12344135017638504,0.17467994328601305,0.5833602265885636,-1.2221639080016642,0.530570066110839
4302,4,0.21815329790115356,0.5461685657501221,0.21709372103214264,0.5427840352058411,-1.5689302682876587,1.3227410316467285,-1.5389509201049805,1.507868766784668,0.14407990872859955,0.061381660401821136,0.010440795682370663,0.014553986489772797,0.9106191992759705,0.7982288599014282,0.7404856085777283,0.8353064656257629,0.15724283456802368,0.04269248992204666,0.003229563357308507,0.01556431595236063,-3.227849006652832,-2.197614908218384,-0.013091935386042225,0.1486080808029509,0.16247999430558743,0.5880319263392185,-1.2199471087084592,0.46577309437097664
4303,4,0.20407500863075256,0.5587379336357117,0.2021806836128235,0.5576270222663879,-1.3245140314102173,1.1562556028366089,-1.4909223318099976,1.4103838205337524,0.1661304086446762,0.05467706546187401,0.010387260466814041,0.013995077461004257,0.9130718111991882,0.7950195074081421,0.736982524394989,0.8380025625228882,0.17362366616725922,0.039192721247673035,0.003734658006578684,0.014369042590260506,-0.4229581356048584,-3.0130624771118164,0.012507723356448008,0.1730854108286865,0.15028052321850285,0.5926896572829286,-1.2199471087084592,0.46577309437097664
4304,4,0.19207051396369934,0.568992555141449,0.1877884566783905,0.5705841779708862,-1.109405755996704,0.9087561368942261,-1.3742057085037231,1.164752721786499,0.16149118542671204,0.05005119368433952,0.010340225882828236,0.013505351729691029,0.9161392450332642,0.7924186587333679,0.7340156435966492,0.8402169346809387,0.17654968798160553,0.036329809576272964,0.004272202495485544,0.0135178929194808,-1.8408048152923584,0.460965633392334,0.020499860972532313,0.1390246675052787,0.13816220805793425,0.5963921447051074,-1.2108078041667532,0.35819917057324685
4305,4,0.18184418976306915,0.5774645209312439,0.1755112111568451,0.5803441405296326,-0.9570827484130859,0.780929684638977,-1.0986043214797974,0.7968523502349854,0.15198342502117157,0.04935836419463158,0.010298904031515121,0.013076120056211948,0.9196757078170776,0.7897369265556335,0.7319211959838867,0.8423052430152893,0.1654323935508728,0.03480609506368637,0.005187578033655882,0.013258668594062328,4.813599586486816,4.338696002960205,0.04489915288926813,0.10523093176507449,0.12605413001626672,0.59997413641084,-1.2108078041667598,0.35819917057324685
4306,4,0.1745498776435852,0.5856350064277649,0.16686417162418365,0.5871971845626831,-0.60011225938797,0.7877594232559204,-0.7113113403320312,0.5518326163291931,0.13966043293476105,0.052626896649599075,0.010262621566653252,0.012700057588517666,0.922850489616394,0.78687983751297,0.7306643724441528,0.8440120220184326,0.14945319294929504,0.03787040337920189,0.005945978220552206,0.012265870347619057,7.264285087585449,-0.34234046936035156,0.05324145407420025,0.07749082189742254,0.11405982014674518,0.6027771426567027,-1.1963699987838148,0.25934164079556765
4307,4,0.16996833682060242,0.5922004580497742,0.16135337948799133,0.591162383556366,-0.32963597774505615,0.5555974245071411,-0.3983289301395416,0.2904148995876312,0.11939278990030289,0.051118213683366776,0.010230754502117634,0.01237037405371666,0.9257507920265198,0.7850724458694458,0.7302842140197754,0.8452233076095581,0.12701258063316345,0.0388275682926178,0.006860971916466951,0.011419488117098808,8.55010986328125,0.7097887992858887,0.041457566157265424,0.013157397657252948,0.1020961201589069,0.6053705590646581,-1.1963699987838148,0.25934164079556765
4308,4,0.16839627921581268,0.5968144536018372,0.15931151807308197,0.5936370491981506,-0.022928226739168167,0.3628923296928406,-0.04722296819090843,0.21695992350578308,0.10251906514167786,0.06468835473060608,0.03880305960774422,0.01208121981471777,0.9283740520477295,0.7832092046737671,0.728586733341217,0.845466136932373,0.10936922580003738,0.050414033234119415,0.02374853566288948,0.00988792534917593,-7.251514434814453,-3.29142689704895,0.06740034231370952,-0.04350079875137789,0.09026820358716166,0.607343815286365,-1.1766336925598029,0.16920050503783327
4309,4,0.16605444252490997,0.5975258350372314,0.1584542989730835,0.5941649675369263,-0.29797208309173584,-0.07412609457969666,-0.0527200922369957,-0.0037225373089313507,0.08870495855808258,0.08599288761615753,0.0986376404762268,0.011827525682747364,0.9309937357902527,0.7816757559776306,0.7255077362060547,0.8449680805206299,0.09455274045467377,0.06794068217277527,0.058727335184812546,0.008886504918336868,-5.435991287231445,-4.710137844085693,0.09070655286718439,-0.11169340829496421,0.07850186666156284,0.6090358203367439,-1.1766336925598029,0.16920050503788614
4310,4,0.16267146170139313,0.5955107808113098,0.15800189971923828,0.5934838652610779,-0.394102543592453,-0.30739718675613403,-0.05766613781452179,-0.13958579301834106,0.07726524770259857,0.1424253135919571,0.09748701006174088,0.01160476729273796,0.9335246086120605,0.7786431312561035,0.7244269251823425,0.8439674377441406,0.08233246952295303,0.10447549819946289,0.061194662004709244,0.0082339933142066,1.3259673118591309,-4.212517738342285,0.15751749278968377,-0.09097486121736612,0.0668827313943225,0.6102490576864553,-1.1515988854946242,0.08777576330025526
4311,4,0.1593458652496338,0.5920320153236389,0.157687708735466,0.5915651917457581,-0.32880061864852905,-0.40252524614334106,-0.048829853534698486,-0.2780074179172516,0.06769576668739319,0.1851983517408371,0.09710848331451416,0.011408926919102669,0.9359878897666931,0.7763590216636658,0.7235768437385559,0.8426146507263184,0.07210123538970947,0.14031849801540375,0.06059795245528221,0.007860920391976833,1.6111469268798828,-4.696948528289795,0.19860610102416076,-0.09496740258835795,0.055366742539376096,0.6111268153194579,-1.151598885494631,0.08777576330025526
4312,4,0.15594962239265442,0.5875040292739868,0.15677180886268616,0.5874838829040527,-0.3490612208843231,-0.4802868366241455,-0.13475467264652252,-0.5167422294616699,0.059672918170690536,0.21152004599571228,0.11785686016082764,0.011237375438213348,0.9381963014602661,0.7753332257270813,0.7221192121505737,0.8412725329399109,0.06258996576070786,0.1662796586751938,0.07246663421392441,0.007842747494578362,4.380791187286377,-3.9307260513305664,0.22127109515985038,-0.12315437211176275,0.043998776583371306,0.6116497649493343,-1.121265577588303,0.015067415582674975
4313,4,0.1529352217912674,0.5829280018806458,0.15477479994297028,0.5813278555870056,-0.28873080015182495,-0.453206866979599,-0.27943792939186096,-0.7036773562431335,0.05289030820131302,0.23375757038593292,0.13374781608581543,0.011086851358413696,0.9397980570793152,0.7748240232467651,0.7210906147956848,0.840241014957428,0.053739141672849655,0.18420717120170593,0.08419529348611832,0.008162131533026695,10.564783096313477,-0.5645322799682617,0.24277858233955232,-0.13821137764590447,0.032786120807488175,0.6118004391051611,-1.121265577588303,0.015067415582674975
4314,4,0.15147250890731812,0.5794604420661926,0.1518661379814148,0.5746860504150391,-0.08700201660394669,-0.310674250125885,-0.3409821689128876,-0.6360780000686646,0.04711561277508736,0.24397362768650055,0.15856090188026428,0.010954565368592739,0.9410838484764099,0.7747666239738464,0.7198970913887024,0.8392300605773926,0.0484786331653595,0.19815893471240997,0.09688606858253479,0.007962934672832489,4.041879177093506,-2.171086072921753,0.24824892440969032,-0.16600542702152432,0.0217117121694468,0.6117028321673629,-1.0856337688408215,-0.048924538114801845
4315,4,0.1494230479001999,0.5758206844329834,0.14758123457431793,0.5687355399131775,-0.2694178819656372,-0.36424580216407776,-0.43729645013809204,-0.5137826800346375,0.04218485951423645,0.24191544950008392,0.20258139073848724,0.010838440619409084,0.9427929520606995,0.7755572199821472,0.7177378535270691,0.8380879163742065,0.04487031698226929,0.20606905221939087,0.11748716980218887,0.007621836382895708,2.8988146781921387,-7.365071773529053,0.2334607236426432,-0.21786433685114967,0.010855374481038486,0.6112135867862145,-1.0856337688408224,-0.048924538114801845
4316,4,0.1453329473733902,0.5714064836502075,0.14310036599636078,0.5639821290969849,-0.5054053068161011,-0.4621801972389221,-0.4320286214351654,-0.429557740688324,0.037970636039972305,0.2462417036294937,0.20851725339889526,0.010736744850873947,0.9451136589050293,0.7767956852912903,0.715851366519928,0.8369001150131226,0.041894614696502686,0.21063938736915588,0.12131690979003906,0.007527125533670187,3.5395145416259766,-7.51931095123291,0.24817399640816334,-0.21086608439400595,0.00011691116769047862,0.6105651544329017,-1.0447034592521818,-0.10420009779233382
4317,4,0.13938280940055847,0.5667977929115295,0.13883167505264282,0.5599653720855713,-0.6807287335395813,-0.45758914947509766,-0.43649131059646606,-0.38718318939208984,0.03433598205447197,0.26292240619659424,0.20534001290798187,0.010647227056324482,0.9479169249534607,0.7775130271911621,0.7140260934829712,0.8360456228256226,0.038743674755096436,0.2156311571598053,0.11886916309595108,0.00806401390582323,5.1198601722717285,-0.24511098861694336,0.2703708886751904,-0.19129510021382512,-0.010330123424831429,0.6095231534549783,-1.0447034592521813,-0.10420009779233382
4318,4,0.13244183361530304,0.5637418627738953,0.1345495879650116,0.5568689107894897,-0.7448021769523621,-0.2288973033428192,-0.49598434567451477,-0.2782493531703949,0.031200401484966278,0.2728692293167114,0.2001504749059677,0.010568594560027122,0.9511792659759521,0.7777561545372009,0.7119341492652893,0.8353765606880188,0.036419883370399475,0.22234666347503662,0.11285912990570068,0.008013465441763401,3.0263304710388184,-4.690533638000488,0.2774724764331748,-0.17701803147963557,-0.020690253406756197,0.6083936268383116,-0.9984746488223865,-0.15075926344976232
4319,4,0.12386263906955719,0.5612635016441345,0.12778182327747345,0.5541157722473145,-0.92108553647995,-0.22834542393684387,-0.8142029047012329,-0.24278384447097778,0.02847972698509693,0.2675904929637909,0.19587722420692444,0.01049930788576603,0.954831600189209,0.7782792448997498,0.7094566822052002,0.8348919153213501,0.03414488956332207,0.22329646348953247,0.1077616810798645,0.008241080678999424,2.5722408294677734,-4.088016510009766,0.24712825794820423,-0.1767568930438611,-0.030674999894980147,0.6068860342038137,-0.9984746488223865,-0.1507592634498152
4320,4,0.11405355483293533,0.5594955086708069,0.1182292252779007,0.5522216558456421,-1.0291502475738525,-0.13806237280368805,-1.0636506080627441,-0.14715881645679474,0.02613230235874653,0.26398754119873047,0.18875864148139954,0.010438675992190838,0.9585323929786682,0.7789146900177002,0.7069306373596191,0.8347043395042419,0.031169790774583817,0.2188810408115387,0.10427509248256683,0.00844879075884819,9.589073181152344,-5.319497585296631,0.2498020516977444,-0.15632435826294447,-0.04061440853875365,0.605345144475953,-0.9511215434480318,-0.1855364080125649
4321,4,0.10444098711013794,0.5587431192398071,0.1071348711848259,0.5515252947807312,-0.9414757490158081,-0.04512147977948189,-1.1674267053604126,-0.030312713235616684,0.024095183238387108,0.2585403025150299,0.1805843859910965,0.010385424830019474,0.962265133857727,0.7795316576957703,0.7043679356575012,0.8344473242759705,0.029554005712270737,0.21635261178016663,0.09755833446979523,0.008195527829229832,5.259721279144287,-8.4596586227417,0.23690281158176835,-0.14271817861158823,-0.05008388191426807,0.6034591241250813,-0.9469473375514361,-0.1886020350871931
4322,4,0.09402323514223099,0.5575908422470093,0.09446535259485245,0.550886332988739,-1.0869044065475464,-0.13456465303897858,-1.3075388669967651,-0.06415016949176788,0.022321142256259918,0.2511524260044098,0.17675969004631042,0.01033856999129057,0.9662524461746216,0.7803756594657898,0.701453685760498,0.8341065645217896,0.02797204628586769,0.21295826137065887,0.09310305118560791,0.008077159523963928,5.485544204711914,-9.106254577636719,0.22155101547908093,-0.1588630515487297,-0.059553355289783616,0.6015731037742093,-0.9217848711986193,-0.2014991934301282
4323,4,0.08278518170118332,0.5561017990112305,0.08129236102104187,0.5501989722251892,-1.1536519527435303,-0.15625804662704468,-1.3053020238876343,-0.07234152406454086,0.02077976055443287,0.24771711230278015,0.16988982260227203,0.010297480970621109,0.9704522490501404,0.7813031077384949,0.6983416080474854,0.8336783647537231,0.026664791628718376,0.21006974577903748,0.0879213958978653,0.007913433015346527,5.302882194519043,-9.543704986572266,0.2337606440487493,-0.13727902397088987,-0.06846139646755321,0.599399318311142,-0.8901215254393259,-0.2177284127045204
4324,4,0.07073625922203064,0.5542811155319214,0.06852435320615768,0.5491997003555298,-1.2433358430862427,-0.20035609602928162,-1.2464388608932495,-0.12314625829458237,0.019436988979578018,0.24550504982471466,0.1623222529888153,0.010261395946145058,0.9748134016990662,0.7821448445320129,0.6950801014900208,0.8333694934844971,0.025443019345402718,0.2061307579278946,0.08251908421516418,0.00821678340435028,4.267935752868652,-3.6033713817596436,0.2364605760078828,-0.12579617153664727,-0.07736261172194707,0.5972220341840964,-0.8901215254393259,-0.21772841270457324
4325,4,0.05810387805104256,0.5530938506126404,0.056568026542663574,0.5480809807777405,-1.2969740629196167,-0.07549040019512177,-1.178354263305664,-0.11763771623373032,0.01826488971710205,0.2449764609336853,0.15314818918704987,0.010229679755866528,0.979379415512085,0.7826162576675415,0.6916475296020508,0.8333878517150879,0.024522198364138603,0.20093217492103577,0.07611116021871567,0.008628381416201591,2.4156737327575684,0.3078889846801758,0.24281125364380504,-0.10807382925766715,-0.08571217053969585,0.5948635118543563,-0.8279972124860627,-0.23813839630184996
4326,4,0.04466180130839348,0.553196907043457,0.044816531240940094,0.5472012162208557,-1.3884241580963135,0.07415799796581268,-1.1848341226577759,-0.053092289716005325,0.017240511253476143,0.24057285487651825,0.14337092638015747,0.010201788507401943,0.9841881394386292,0.7827259302139282,0.6879809498786926,0.8337262868881226,0.023639898747205734,0.19470292329788208,0.06964510679244995,0.008936355821788311,2.211592197418213,0.051462650299072266,0.22248092672677963,-0.09436519860471912,-0.09399214266455702,0.5924821278913376,-0.8279972124860627,-0.23813839630184996
4327,4,0.03038744442164898,0.5544683337211609,0.0324743427336216,0.5473299026489258,-1.444934368133545,0.17501159012317657,-1.2887319326400757,0.08339608460664749,0.016346553340554237,0.2318800985813141,0.13179369270801544,0.010177318938076496,0.9891232848167419,0.7826032638549805,0.6841983795166016,0.8344789743423462,0.022900346666574478,0.18496662378311157,0.06263463199138641,0.009506319649517536,-0.7851159572601318,5.210325717926025,0.1956167319085742,-0.07218896039339073,-0.10174083111555463,0.5900085998470853,-0.7605743986916399,-0.24983198587912894
4328,4,0.015542260371148586,0.5574201941490173,0.01877192221581936,0.5492178201675415,-1.516413927078247,0.38483792543411255,-1.4511598348617554,0.28431516885757446,0.015564501285552979,0.22078369557857513,0.11930078268051147,0.010155810043215752,0.9942437410354614,0.7821398377418518,0.6802490949630737,0.835589587688446,0.022204004228115082,0.17380833625793457,0.055303849279880524,0.009721037931740284,0.41228771209716797,1.7099547386169434,0.1736100389373221,-0.053169883478632246,-0.10934657510247109,0.5875102799882941,-0.7605743986916399,-0.24983198587912894
4329,4,5.4951757192611694e-05,0.5615760684013367,0.0032404339872300625,0.5529158711433411,-1.5669581890106201,0.45192158222198486,-1.6259233951568604,0.44566452503204346,0.014879373833537102,0.20417435467243195,0.10540332645177841,0.010136891156435013,0.9990614056587219,0.7814168930053711,0.676561713218689,0.8373131155967712,0.02065720595419407,0.15689940750598907,0.049346376210451126,0.010676893405616283,5.883357524871826,9.596033096313477,0.13174618823641387,-0.029608327001983348,-0.11645200517998827,0.5849914773816899,-0.6878530840560572,-0.25280918143635733
4330,4,-0.014194405637681484,0.5683197379112244,-0.012664230540394783,0.5591665506362915,-1.3687632083892822,0.7885199785232544,-1.608408808708191,0.7263253331184387,0.014280570670962334,0.18691734969615936,0.09108573198318481,0.010120296850800514,1.0030583143234253,0.7798625826835632,0.6736411452293396,0.8399187922477722,0.01860511302947998,0.1365119069814682,0.04399921000003815,0.011702451854944229,13.77026081085205,14.846501350402832,0.1087334539281862,-0.0072768419208923685,-0.12333053602054936,0.5824633855673259,-0.6878530840560638,-0.25280918143635733
4331,4,-0.02561701461672783,0.578503429889679,-0.028067849576473236,0.5684372186660767,-1.0212631225585938,1.146587610244751,-1.5036485195159912,1.0560758113861084,0.013755721040070057,0.16130408644676208,0.08122161775827408,0.01010570302605629,1.0062291622161865,0.7776712775230408,0.6713255047798157,0.8429970145225525,0.01713322289288044,0.11652717739343643,0.03957563266158104,0.01204107329249382,16.092931747436523,10.28160285949707,0.04000064946241497,-0.02365805990056344,-0.12975031971785686,0.5799690395505301,-0.6098332685793347,-0.24706998297353513
4332,4,-0.03482229262590408,0.5903615951538086,-0.041416049003601074,0.5800120830535889,-0.8311740159988403,1.2375266551971436,-1.1280704736709595,1.2486978769302368,0.013295821845531464,0.13613320887088776,0.07921786606311798,0.03504924848675728,1.009067177772522,0.7752747535705566,0.6689946055412292,0.8446217179298401,0.016693908721208572,0.0969487875699997,0.03759829327464104,0.03384477645158768,7.781693935394287,10.434041023254395,-0.039038380715567755,-0.06733915294439985,-0.13584865240365057,0.5774983397207945,-0.6098332685793215,-0.24706998297353513
4333,4,-0.04366165027022362,0.6027010679244995,-0.05102071538567543,0.5927535891532898,-0.8616901636123657,1.2603850364685059,-0.8034178018569946,1.3251378536224365,0.012892686761915684,0.11605549603700638,0.08878764510154724,0.07387716323137283,1.0116509199142456,0.7725812196731567,0.6664820313453674,0.8454530239105225,0.01568148471415043,0.08187519013881683,0.04227028414607048,0.06679870188236237,11.33303451538086,2.9932761192321777,-0.08150115281049672,-0.09095982371250982,-0.14154040171401913,0.5750981814459675,-0.5265149522614327,-0.2326143904907152
4334,4,-0.05152357742190361,0.6142023205757141,-0.0580022893846035,0.6058213710784912,-0.7066657543182373,1.0732145309448242,-0.6013955473899841,1.2843457460403442,0.012539205141365528,0.09979015588760376,0.08768690377473831,0.10699163377285004,1.013527512550354,0.7699972987174988,0.6648581624031067,0.8463637232780457,0.01433207280933857,0.07065442204475403,0.043508388102054596,0.09558238089084625,14.077051162719727,5.518307685852051,-0.11485972396006575,-0.08129686334639893,-0.14680555123663355,0.5727720375410604,-0.5265149522614327,-0.2326143904907152
4335,4,-0.05695487558841705,0.6245038509368896,-0.0626482293009758,0.6183394193649292,-0.4257684350013733,0.9569269418716431,-0.3671312928199768,1.1908066272735596,0.012229407206177711,0.0864609032869339,0.09813885390758514,0.11343704909086227,1.014837384223938,0.7678126692771912,0.6634690165519714,0.8480560183525085,0.013597745448350906,0.06254667043685913,0.048565253615379333,0.10294584929943085,9.341361999511719,7.9451584815979,-0.11513246264364543,-0.10067339028518808,-0.15172687815333416,0.5705357981603626,-0.43789813510239756,-0.2094424039877918
4336,4,-0.06091439723968506,0.633111834526062,-0.06566265970468521,0.6291214227676392,-0.34826409816741943,0.7809888124465942,-0.23431551456451416,0.9859654903411865,0.01195688545703888,0.07537075132131577,0.13371078670024872,0.12155941128730774,1.0157829523086548,0.7662505507469177,0.6616464257240295,0.8494278192520142,0.012892122380435467,0.056096769869327545,0.06543038040399551,0.10789456218481064,9.317293167114258,6.213369369506836,-0.12360248262110371,-0.14268637423005753,-0.15610585950435812,0.5684413741204845,-0.43789813510239756,-0.20944240398784464
4337,4,-0.0640018880367279,0.6396425366401672,-0.06748833507299423,0.637726902961731,-0.27669572830200195,0.5519335865974426,-0.1402173936367035,0.7598904967308044,0.011718297377228737,0.06613041460514069,0.15133409202098846,0.12127675861120224,1.0166683197021484,0.7654678225517273,0.6602599620819092,0.8505325317382812,0.012970591895282269,0.05105091631412506,0.07379894703626633,0.10610352456569672,5.010335445404053,5.822954177856445,-0.11976637004930775,-0.1565960140608404,-0.16021437602066124,0.566438784786076,-0.3439828171021894,-0.17755402346492352
4338,4,-0.06728878617286682,0.6436911225318909,-0.06882978230714798,0.6437902450561523,-0.34460824728012085,0.3018137216567993,-0.11090594530105591,0.49034127593040466,0.011508925817906857,0.05835248902440071,0.16551321744918823,0.11848616600036621,1.0177855491638184,0.7654662728309631,0.6588351726531982,0.8512348532676697,0.013161183334887028,0.04676860198378563,0.0795983374118805,0.10163748264312744,3.3191919326782227,5.253167152404785,-0.10352015671121796,-0.17002899061171023,-0.16365420419168317,0.5646632445514271,-0.3439828171021762,-0.17755402346487065
4339,4,-0.0712394267320633,0.6454560160636902,-0.06995973736047745,0.647014856338501,-0.42654553055763245,0.08067230880260468,-0.11951686441898346,0.17313191294670105,0.011325140483677387,0.05176501348614693,0.16487061977386475,0.11235253512859344,1.0193150043487549,0.7663599848747253,0.6574143767356873,0.8513771295547485,0.013630329631268978,0.044152673333883286,0.07820165157318115,0.09331772476434708,0.34703969955444336,0.21718978881835938,-0.07911230674781417,-0.16176732743362682,-0.16690752230085934,0.5629640364154687,-0.2447689982608348,-0.13694924892189891
4340,4,-0.07652045041322708,0.6440727710723877,-0.07248293608427048,0.6464096307754517,-0.5664801001548767,-0.28093665838241577,-0.3551992177963257,-0.22821471095085144,0.011163865216076374,0.04616078361868858,0.1620606780052185,0.10338931530714035,1.021337628364563,0.7685003876686096,0.6556679606437683,0.8507817387580872,0.014328905381262302,0.042359355837106705,0.07460719347000122,0.08276420086622238,-4.170405864715576,-1.96305513381958,-0.05388709630447021,-0.14843314949985187,-0.1693552122834677,0.5615945439262497,-0.2447689982608348,-0.13694924892189891
4341,4,-0.08344592899084091,0.63909912109375,-0.07787001878023148,0.6418368816375732,-0.7632125616073608,-0.6503862142562866,-0.6685215830802917,-0.6279990077018738,0.011022252961993217,0.041369348764419556,0.15552246570587158,0.08941034227609634,1.0237646102905273,0.7717400789260864,0.6536304354667664,0.8496885299682617,0.014711705036461353,0.03991280123591423,0.07034730911254883,0.07037800550460815,-3.3837294578552246,0.5097723007202148,-0.001207539273438446,-0.12349618995988966,-0.17171094397878806,0.5602684481409015,-0.1487231778061178,-0.09162356755901664
4342,4,-0.09149160981178284,0.6315515637397766,-0.08563059568405151,0.6339424252510071,-0.8547074794769287,-0.8588692545890808,-0.8729445338249207,-0.9378276467323303,0.010897975414991379,0.0577009916305542,0.14373305439949036,0.07786037027835846,1.026531457901001,0.7740251421928406,0.6514165997505188,0.8476355671882629,0.015025435946881771,0.05450054630637169,0.0639224499464035,0.05704309791326523,0.7183313369750977,-9.448110580444336,0.06081049338261145,-0.08473384879383025,-0.1731135107645712,0.5593921673373128,-0.1402566785783073,-0.0876280803588766
4343,4,-0.10055393725633621,0.620002806186676,-0.09558498859405518,0.6224071383476257,-0.9299243688583374,-1.3617936372756958,-1.0630338191986084,-1.3124884366989136,0.01078893430531025,0.09529884159564972,0.13004270195960999,0.06823448836803436,1.029134750366211,0.7755613923072815,0.6493861079216003,0.844444990158081,0.014561430551111698,0.08670566976070404,0.058563560247421265,0.04732782393693924,6.457796096801758,-8.295244216918945,0.10396478898917864,-0.05938387239784934,-0.17451607755035453,0.558515886533724,-0.09165460465569245,0.22139257817873254
4344,4,-0.10876698791980743,0.6051163077354431,-0.10595101863145828,0.6079389452934265,-0.761814296245575,-1.6187776327133179,-1.0331381559371948,-1.6036295890808105,0.0106930797919631,0.18561047315597534,0.11457890272140503,0.060133010149002075,1.0311946868896484,0.7746955752372742,0.6479588150978088,0.8406356573104858,0.013860720209777355,0.14899596571922302,0.05275295674800873,0.040700506418943405,8.181230545043945,-1.1516714096069336,0.213428950945092,-0.03209857639716726,-0.17483422086211475,0.5645345636821294,-0.03049588318328916,0.6102506424418167
4345,4,-0.11503122001886368,0.5893232226371765,-0.11555401980876923,0.5908042192459106,-0.545560359954834,-1.5685409307479858,-0.9277097582817078,-1.8374954462051392,0.010608847253024578,0.2620439827442169,0.10354673117399216,0.05327649787068367,1.0329687595367432,0.7742249965667725,0.6467369794845581,0.836520791053772,0.013768100179731846,0.21492883563041687,0.04712902009487152,0.035151880234479904,5.624089241027832,-5.7814130783081055,0.29326497525945966,-0.042826347461288036,-0.17513917969394777,0.5706370701065476,-0.030495883183302375,0.6102506424418167
4346,4,-0.12066128849983215,0.5730915665626526,-0.1242726519703865,0.5708502531051636,-0.5475563406944275,-1.6143088340759277,-0.7538027167320251,-2.0609030723571777,0.010534876026213169,0.3057609498500824,0.09735041856765747,0.04744850471615791,1.0343760251998901,0.7750657200813293,0.6456647515296936,0.832776665687561,0.013224069960415363,0.263592004776001,0.04483900964260101,0.032327812165021896,7.671310901641846,2.062411308288574,0.3270113275310955,-0.0624947766197642,-0.1744246468818071,0.5756219267503669,0.08431328740960922,0.4843874781065452
4347,4,-0.12497629970312119,0.5589203834533691,-0.12955941259860992,0.5518648028373718,-0.37563735246658325,-1.306350827217102,-0.3854525685310364,-1.737640142440796,0.010469958186149597,0.35107991099357605,0.09035787731409073,0.04247710853815079,1.0358668565750122,0.7762408256530762,0.6445310711860657,0.8296328186988831,0.013923902995884418,0.30131733417510986,0.04021380469202995,0.029667535796761513,-3.4721171855926514,4.799761772155762,0.3761750594408422,-0.050307381308853455,-0.1735815140077109,0.5804658015314329,0.08431328740960922,0.4843874781065452
4348,4,-0.13019050657749176,0.5469453930854797,-0.13303953409194946,0.5366154909133911,-0.5854387879371643,-1.0538779497146606,-0.2930228114128113,-1.2886404991149902,0.010412844829261303,0.36092624068260193,0.08660045266151428,0.03820769116282463,1.0378978252410889,0.7779642939567566,0.6427385807037354,0.8271374106407166,0.014761476777493954,0.3219473361968994,0.03682634234428406,0.027459654957056046,-6.026160717010498,-1.338571310043335,0.3666070422715951,-0.06482716389639145,-0.17179431226209094,0.5843531328578926,0.20412080807174518,0.362996864393302
4349,4,-0.13736890256404877,0.5372316837310791,-0.13607783615589142,0.5256898999214172,-0.7872136831283569,-0.8454954028129578,-0.2875725328922272,-0.9064009785652161,0.010362798348069191,0.3608894944190979,0.0769195705652237,0.03454643860459328,1.0403673648834229,0.7801357507705688,0.640637218952179,0.8255201578140259,0.01541425846517086,0.3229321837425232,0.031929656863212585,0.0262516550719738,-9.608144760131836,1.8017578125,0.36076678283820024,-0.019637370617705666,-0.16975310418137338,0.5879831015018254,0.20412080807174518,0.36299686439324913
4350,4,-0.14595705270767212,0.5308032035827637,-0.14012937247753143,0.5186362862586975,-0.9014723300933838,-0.4621501863002777,-0.5700685977935791,-0.5197085738182068,0.02768152765929699,0.35967934131622314,0.06741373240947723,0.03137712925672531,1.0407074689865112,0.7818906307220459,0.6382359266281128,0.8249217867851257,0.031663525849580765,0.3126487731933594,0.026789037510752678,0.025403421372175217,-10.737601280212402,1.7202949523925781,0.35565953242359394,0.030195683710639895,-0.16685324670172033,0.5908086879159011,0.32892667880310555,0.24607880130187548
4351,4,-0.1555100828409195,0.5280641317367554,-0.14804787933826447,0.5154564380645752,-0.9982549548149109,-0.11838097125291824,-0.9555380940437317,-0.1500828117132187,0.06409301608800888,0.34992846846580505,0.05943124741315842,0.028640422970056534,1.0391441583633423,0.783022403717041,0.6355147957801819,0.8251717686653137,0.06403131783008575,0.29688751697540283,0.022802283987402916,0.02418939583003521,-7.700040340423584,-0.9259152412414551,0.31718561171628357,0.0707371760745829,-0.16356397991368904,0.59326947592892,0.32892667880310555,0.24607880130192833
4352,4,-0.16556531190872192,0.528323769569397,-0.15877699851989746,0.5157416462898254,-1.0068920850753784,0.15124385058879852,-1.147262454032898,0.17410489916801453,0.10336261987686157,0.33327487111091614,0.052681948989629745,0.026271045207977295,1.0375187397003174,0.7836561799049377,0.6327579021453857,0.8261346220970154,0.09986615926027298,0.27575260400772095,0.019760161638259888,0.023336760699748993,-6.835522651672363,0.27099132537841797,0.27603771628650703,0.1123856021366166,-0.1595114798994488,0.595069097835587,0.45873089960370345,0.1336332888324772
4353,4,-0.17538496851921082,0.5313534140586853,-0.1705208122730255,0.5190364718437195,-0.9599335789680481,0.42093726992607117,-1.1904650926589966,0.45164549350738525,0.13464325666427612,0.3125816881656647,0.04694334790110588,0.024215305224061012,1.0366016626358032,0.7838215231895447,0.6301087141036987,0.827595591545105,0.13136465847492218,0.25319433212280273,0.017342036589980125,0.02206197753548622,-6.32601261138916,-3.3437347412109375,0.23910901634470577,0.14317907062347246,-0.15492417090341146,0.5964054307239116,0.45873089960370345,0.1336332888324243
4354,4,-0.18472570180892944,0.5361148118972778,-0.18252772092819214,0.5244835615158081,-0.8950263261795044,0.5291428565979004,-1.1928906440734863,0.6193439364433289,0.15935400128364563,0.28761446475982666,0.04203614220023155,0.02242676354944706,1.0362684726715088,0.783656895160675,0.6276772022247314,0.8294705748558044,0.15756133198738098,0.22860576212406158,0.015321743674576283,0.021318338811397552,-9.971616744995117,1.089012622833252,0.1955318191633948,0.16677898516641662,-0.1496790415540303,0.5972148685281453,0.593533470473539,0.025660326984948478
4355,4,-0.19340133666992188,0.542631208896637,-0.19407983124256134,0.5316464900970459,-0.8406261801719666,0.7363878488540649,-1.1187046766281128,0.792840838432312,0.18111979961395264,0.26373836398124695,0.03783227503299713,0.020871279761195183,1.036337971687317,0.7830490469932556,0.6252995729446411,0.8316232562065125,0.18099737167358398,0.20557977259159088,0.013383502140641212,0.0201510451734066,-11.235880851745605,-2.024000883102417,0.17151852522314814,0.18841467313623586,-0.14374370684929488,0.5974714717979945,0.5935334704735258,0.025660326984948478
4356,4,-0.20195899903774261,0.5500975251197815,-0.20461830496788025,0.5399774312973022,-0.8460994958877563,0.7738860249519348,-0.9623926877975464,0.8776447772979736,0.20342856645584106,0.2369508147239685,0.034219466149806976,0.019516969099640846,1.0364420413970947,0.7821413278579712,0.62320876121521,0.8340713381767273,0.20085139572620392,0.18182392418384552,0.012390906922519207,0.019511014223098755,-7.659323215484619,1.4402270317077637,0.12820295653971925,0.21168411943335586,-0.137265961364219,0.5973265059047702,0.7333343914125989,-0.07784008424071062
4357,4,-0.20922373235225677,0.558922290802002,-0.21259653568267822,0.5496237874031067,-0.6496617197990417,0.9344141483306885,-0.6840457916259766,1.0089167356491089,0.233685702085495,0.2122502326965332,0.031099233776330948,0.018334221094846725,1.036007046699524,0.7809945344924927,0.6216176152229309,0.8363732695579529,0.2217976152896881,0.1633795201778412,0.011742919683456421,0.017809102311730385,-3.941769599914551,-8.112120628356934,0.10701780759278755,0.24572765698637178,-0.12993261745009252,0.5965481050623633,0.7333343914125989,-0.07784008424065775
4358,4,-0.21463118493556976,0.5669577121734619,-0.21853528916835785,0.5592844486236572,-0.42146217823028564,0.7302519083023071,-0.48864710330963135,0.94113689661026,0.24375019967556,0.1852506399154663,0.028402380645275116,0.01730191707611084,1.0354753732681274,0.7801186442375183,0.6210166215896606,0.8386142253875732,0.2318016141653061,0.1434783786535263,0.011942313052713871,0.017237592488527298,-1.182621717453003,0.08577108383178711,0.06389312385161264,0.2480329833112118,-0.12218226902876798,0.5954845158766563,0.8781336624208899,-0.1768679448443415
4359,4,-0.21635904908180237,0.5751901865005493,-0.22123456001281738,0.5689508318901062,-0.006505541503429413,0.8352271914482117,-0.1177423819899559,0.9429989457130432,0.24406813085079193,0.1660575568675995,0.02606545388698578,0.016399791464209557,1.035016417503357,0.7790841460227966,0.6214478611946106,0.8407017588615417,0.23127053678035736,0.12758395075798035,0.011965177953243256,0.016029255464673042,0.2239823341369629,-3.841158151626587,0.07544442070115746,0.24420523554156348,-0.11340093240455851,0.5937158364282126,0.8781336624208832,-0.1768679448443415
4360,4,-0.2147202044725418,0.5826848149299622,-0.22073006629943848,0.5777348279953003,0.31772610545158386,0.6877522468566895,0.2167571485042572,0.8267202377319336,0.2366076111793518,0.14475883543491364,0.024036288261413574,0.01561068557202816,1.0343751907348633,0.7783108949661255,0.6229466795921326,0.8424988389015198,0.22094844281673431,0.11352436244487762,0.012427396140992641,0.015042413026094437,2.543051242828369,-3.0122101306915283,0.03967189978575755,0.20578376573796178,-0.10433799424643149,0.5917694043549984,1.0279312834984118,-0.27142325482615565
4361,4,-0.20930655300617218,0.5891558527946472,-0.21624810993671417,0.5855215787887573,0.7149633169174194,0.5945350527763367,0.6403296589851379,0.718912661075592,0.22510796785354614,0.12794774770736694,0.02226976677775383,0.014919326640665531,1.0333619117736816,0.7778171896934509,0.6253793835639954,0.844004213809967,0.20608100295066833,0.10101083666086197,0.012629815377295017,0.014115720987319946,-1.0317742824554443,-1.0819017887115479,0.04150282665667353,0.17684318560737894,-0.09405868141144727,0.5890551718067373,1.0279312834984118,-0.2714232548261028
4362,4,-0.2008609175682068,0.5945547223091125,-0.20789431035518646,0.5918201208114624,0.9632004499435425,0.494562029838562,0.9957605600357056,0.560094952583313,0.20723436772823334,0.11360753327608109,0.02073441445827484,0.014315015636384487,1.031921148300171,0.7775313258171082,0.628742516040802,0.8451797962188721,0.18537163734436035,0.09095100313425064,0.013233505189418793,0.013017692603170872,4.935312271118164,-4.465140342712402,0.03689845741699084,0.12977459807153663,-0.08364316671596325,0.5862616772509911,1.1701872978806314,-0.3542084475940293
4363,4,-0.18892714381217957,0.5985978841781616,-0.19594529271125793,0.596687912940979,1.361425518989563,0.3141128718852997,1.352792501449585,0.40694695711135864,0.18808288872241974,0.10135037451982498,0.019396141171455383,0.013785690069198608,1.0299324989318848,0.777816116809845,0.6328694224357605,0.8456692695617676,0.16429969668388367,0.0845857560634613,0.013396095484495163,0.01156971137970686,-0.09737968444824219,-6.895205974578857,0.03362838944100795,0.10188320280256483,-0.07181589416951144,0.5826466171091317,1.1827272546451713,-0.36150601418594164
4364,4,-0.17464564740657806,0.5999287962913513,-0.18119433522224426,0.5992604494094849,1.5220685005187988,0.010352402925491333,1.6034711599349976,0.1538611203432083,0.16295848786830902,0.09289776533842087,0.01822824403643608,0.013321778737008572,1.0273672342300415,0.7785305380821228,0.6379867792129517,0.8459745049476624,0.13829204440116882,0.07682623714208603,0.014303560368716717,0.011433985084295273,6.523385047912598,1.7435741424560547,0.04498799256796162,0.04451521047029622,-0.05998862162305822,0.5790315569672718,1.253484170939404,-0.3994142097182454
4365,4,-0.1565457582473755,0.6008872985839844,-0.1627228707075119,0.6005229949951172,1.9687089920043945,0.08702050149440765,1.9867523908615112,0.026559222489595413,0.13934797048568726,0.09076482057571411,0.01721116155385971,0.012916232459247112,1.0240055322647095,0.7787197232246399,0.6439525485038757,0.8462590575218201,0.11409097909927368,0.07298185676336288,0.0146016301587224,0.011131910607218742,3.588080406188965,5.6298041343688965,0.07846131888329579,0.02122907386139325,-0.046582600377506236,0.5745706782465906,1.3425215758611548,-0.447116222923858
4366,4,-0.13584116101264954,0.6018570065498352,-0.14158281683921814,0.5996793508529663,2.155771493911743,0.09584658592939377,2.2230427265167236,-0.17032676935195923,0.1186433956027031,0.08558189123868942,0.047447364777326584,0.012559923343360424,1.0198885202407837,0.7790142893791199,0.6490188837051392,0.8462777733802795,0.09402933716773987,0.07119692116975784,0.0315803624689579,0.010268508456647396,0.7103896141052246,1.459503173828125,0.055486019402881684,-0.052648579190055,-0.03315738461889296,0.5700995160173516,1.3425215758611548,-0.447116222923858
4367,4,-0.1144038736820221,0.6015738248825073,-0.11890638619661331,0.5972067713737488,2.16212797164917,-0.10117477923631668,2.3295111656188965,-0.25830692052841187,0.10185960680246353,0.07911556214094162,0.0829940065741539,0.012246870435774326,1.015267014503479,0.7801240682601929,0.653689444065094,0.8458165526390076,0.07980338484048843,0.0688934475183487,0.05192231759428978,0.009352129884064198,-4.720176696777344,0.6570935249328613,0.04110039812345516,-0.08998859255062197,-0.018268829734183978,0.5649078611303084,1.5073142471463747,-0.5282538810399047
4368,4,-0.09382806718349457,0.5993434190750122,-0.09557820856571198,0.5943050384521484,1.9963011741638184,-0.2946948707103729,2.3539435863494873,-0.29794061183929443,0.0881582647562027,0.07634574919939041,0.09791060537099838,0.011972823180258274,1.0105838775634766,0.781738817691803,0.6586581468582153,0.8449187874794006,0.06882686167955399,0.06734423339366913,0.06236407905817032,0.008681187406182289,-1.5946519374847412,-1.987898349761963,0.05981591856091735,-0.1014461902011734,-0.003195687262718301,0.5596253223199094,1.5073142471463747,-0.5282538810398518
4369,4,-0.07420095056295395,0.595439076423645,-0.07194190472364426,0.5911046266555786,1.9307818412780762,-0.471100777387619,2.3324759006500244,-0.35751762986183167,0.07681486010551453,0.07984943687915802,0.09565715491771698,0.011732327751815319,1.005869746208191,0.7832766771316528,0.6640955209732056,0.8436819911003113,0.0593968965113163,0.07011442631483078,0.06305050849914551,0.008170226588845253,-1.2540531158447266,0.7613563537597656,0.08061934765208612,-0.08285773379721398,0.013167383123319446,0.5537386716714797,1.671013178378493,-0.6049189885339232
4370,4,-0.05490253493189812,0.5903834104537964,-0.04984451085329056,0.5870510339736938,1.9145195484161377,-0.5505598783493042,2.0686373710632324,-0.4678436517715454,0.06734641641378403,0.09764538705348969,0.09284757077693939,0.011521320790052414,1.0008634328842163,0.7838538885116577,0.6698021292686462,0.842195451259613,0.05016492307186127,0.08292919397354126,0.06375107914209366,0.0076712328009307384,6.798646450042725,-1.5039753913879395,0.10183554729297868,-0.0767822342284605,0.029877514907105517,0.5476894817861404,1.6710131783784947,-0.6049189885339232
4371,4,-0.03465728461742401,0.5845022797584534,-0.03003145195543766,0.5819531083106995,2.072573184967041,-0.6389503479003906,1.9029797315597534,-0.5749885439872742,0.05938425287604332,0.10734240710735321,0.09029097855091095,0.011336143128573895,0.9954004883766174,0.78492271900177,0.6757088899612427,0.840493381023407,0.04320375621318817,0.09375964105129242,0.06342227011919022,0.007490870542824268,3.570404052734375,2.143118381500244,0.10978921647379754,-0.07556852772521266,0.04753869948101083,0.5411436157812998,1.8092500090681671,-0.6771115454061251
4372,4,-0.014053011313080788,0.5780258774757385,-0.011492274701595306,0.5754271745681763,2.0422203540802,-0.6494578719139099,1.8224245309829712,-0.7173450589179993,0.05264212191104889,0.11759226024150848,0.09939754754304886,0.011173500679433346,0.9899541139602661,0.7862270474433899,0.6809144616127014,0.8387881517410278,0.038461871445178986,0.10306433588266373,0.06888650357723236,0.007399268914014101,-0.6531310081481934,3.1368541717529297,0.12026522180039964,-0.10157630397164599,0.06563119957169482,0.5343725003272385,1.8092500090681671,-0.6771115454060722
4373,4,0.005225383210927248,0.5714638829231262,0.006229428108781576,0.5676150321960449,1.8470425605773926,-0.6457465291023254,1.751164197921753,-0.8031142354011536,0.04691749066114426,0.11903826147317886,0.09931138902902603,0.01103091612458229,0.9850513339042664,0.7880762815475464,0.6856744885444641,0.8371618390083313,0.03557960316538811,0.10669580101966858,0.06840139627456665,0.007386187557131052,-5.807826519012451,5.114805698394775,0.11943909949320884,-0.09882428370703147,0.08435098077099153,0.527203199370962,1.915932649093066,-0.7448315516562987
4374,4,0.021861130371689796,0.5651763677597046,0.02329126000404358,0.5596238374710083,1.5191900730133057,-0.6014988422393799,1.676810383796692,-0.7610785961151123,0.04201209917664528,0.11857317388057709,0.09458816796541214,0.010905410163104534,0.9810451865196228,0.7901291847229004,0.6897346377372742,0.8357111215591431,0.03339726850390434,0.1066611260175705,0.0644577145576477,0.007439525797963142,-6.8480658531188965,5.527637004852295,0.11607557616219454,-0.0678200522667402,0.10351030726192463,0.5197548838543987,1.9159326490930595,-0.7448315516562987
4375,4,0.035424988716840744,0.5594872236251831,0.03921077400445938,0.5526962280273438,1.2284969091415405,-0.543034553527832,1.4892510175704956,-0.631600022315979,0.037812817841768265,0.11651936918497086,0.08227462321519852,0.010795355774462223,0.9775303602218628,0.7919496893882751,0.6937110424041748,0.834722101688385,0.029797375202178955,0.10288193821907043,0.05795208737254143,0.0080033577978611,0.6025028228759766,9.9403715133667,0.10543597366596265,-0.010838282431122837,0.12303625156129333,0.5119979283516625,1.9910610984531982,-0.8080790072846027
4376,4,0.048223309218883514,0.5557115077972412,0.05330588296055794,0.5479704141616821,1.2516061067581177,-0.30353519320487976,1.2768651247024536,-0.38957667350769043,0.046162497252225876,0.11251366883516312,0.07190071046352386,0.010698613710701466,0.9730570912361145,0.7934229373931885,0.6973937153816223,0.8339667916297913,0.035554490983486176,0.09923523664474487,0.05039861798286438,0.008063002489507198,-1.409773826599121,7.340693473815918,0.09077163677565293,0.047609634904988735,0.14294686254582778,0.5039171382788159,1.9910610984531982,-0.8080790072846027
4377,4,0.059678465127944946,0.5527028441429138,0.06439071148633957,0.544549286365509,1.0823708772659302,-0.2712571620941162,1.0014369487762451,-0.28323256969451904,0.05864236503839493,0.10210652649402618,0.06321458518505096,0.010613703168928623,0.9683742523193359,0.7951260209083557,0.7004980444908142,0.833417534828186,0.046369682997465134,0.09156841039657593,0.043893225491046906,0.008260319009423256,-4.577032089233398,8.209230422973633,0.044578441111397804,0.061002026550687594,0.1630265364199526,0.4956083086345943,2.0346353571485243,-0.8668539122909842
4378,4,0.06941085308790207,0.5504406690597534,0.07332970947027206,0.542271614074707,0.8964613080024719,-0.17797182500362396,0.8181794881820679,-0.17092667520046234,0.09774449467658997,0.09088892489671707,0.05589359998703003,0.010539187118411064,0.962147057056427,0.7968533635139465,0.7030348181724548,0.8331124782562256,0.07357149571180344,0.08135327696800232,0.03834901377558708,0.0084224296733737,-4.766414165496826,7.228765487670898,0.027101724014993847,0.10664359479663615,0.18337288999143933,0.4869397695116845,2.034635357148537,-0.8668539122909842
4379,4,0.07761910557746887,0.5490290522575378,0.0807197242975235,0.5411056280136108,0.7669159173965454,-0.10622677206993103,0.6764160990715027,-0.0694032683968544,0.1454566866159439,0.0790749341249466,0.049673836678266525,0.010473664849996567,0.9556868672370911,0.7984520196914673,0.7050844430923462,0.832990288734436,0.10852169990539551,0.07059715688228607,0.03373812884092331,0.008568491786718369,-6.85963249206543,7.851231098175049,-0.0014630896022985417,0.15851405424990828,0.2037538599150021,0.47811484613095284,2.046655425179096,-0.9211562666754168
4380,4,0.08454801142215729,0.5483275055885315,0.08678504079580307,0.5407892465591431,0.6501096487045288,-0.036887284368276596,0.5575066208839417,0.004065262153744698,0.19054478406906128,0.06922692060470581,0.044370755553245544,0.02696622908115387,0.949995219707489,0.7999526858329773,0.7064883708953857,0.8317080736160278,0.14628583192825317,0.06251420080661774,0.029161829501390457,0.020853063091635704,-12.464442253112793,2.245028018951416,-0.029427254647296733,0.205394492537035,0.22422041416679456,0.4689032834641985,2.046655425179109,-0.9211562666754433
4381,4,0.08925098180770874,0.5467168092727661,0.09104809165000916,0.5402039289474487,0.39362892508506775,-0.20679178833961487,0.3732958436012268,-0.06998485326766968,0.2354554533958435,0.060966987162828445,0.03983660042285919,0.053963854908943176,0.9450721740722656,0.8015601634979248,0.7075032591819763,0.8297621607780457,0.18255497515201569,0.05522247403860092,0.026145966723561287,0.04140997305512428,-11.671714782714844,4.173674583435059,-0.058810147065794696,0.2531193307506673,0.24465024661447468,0.4595980467519333,2.0271213025449013,-0.9709860704379535
4382,4,0.09300583600997925,0.5445510745048523,0.09447851777076721,0.5394471287727356,0.36079296469688416,-0.24492749571800232,0.30670687556266785,-0.10011176764965057,0.2975153625011444,0.05398300290107727,0.035940468311309814,0.05362379178404808,0.9399451613426208,0.8030803203582764,0.7087220549583435,0.8291900753974915,0.21985971927642822,0.04881894215941429,0.02447943575680256,0.04273463413119316,-6.642851829528809,8.109209060668945,-0.051459372711826545,0.3262413341300286,0.2649214596399251,0.4498881860475537,2.0271213025449146,-0.9709860704379535
4383,4,0.09786499291658401,0.542688250541687,0.09772218763828278,0.5385860204696655,0.5547934770584106,-0.18474841117858887,0.3004980683326721,-0.1172107383608818,0.3433138430118561,0.048052433878183365,0.03258581832051277,0.06145187467336655,0.9348184466362,0.8044592142105103,0.7103580832481384,0.8284010291099548,0.2534598708152771,0.04328329116106033,0.023039741441607475,0.048635341227054596,-7.2535600662231445,10.167131423950195,-0.06299533950881256,0.367952380378207,0.2851477210864067,0.4401384164087291,1.9801716321007514,-1.0126689515058789
4384,4,0.10413986444473267,0.5409704446792603,0.10091249644756317,0.5370615720748901,0.6885080933570862,-0.16919386386871338,0.3711071014404297,-0.18225108087062836,0.36203745007514954,0.04298609122633934,0.029686104506254196,0.08570659905672073,0.9302327036857605,0.8056105971336365,0.712592601776123,0.8269158601760864,0.2735506594181061,0.03846430033445358,0.02231949009001255,0.06645077466964722,-2.5252413749694824,10.106964111328125,-0.09087768608234018,0.37279551065693517,0.30490805097886725,0.4299749831729434,1.9760329892459265,-1.0163433235785675
4385,4,0.11254603415727615,0.5393444299697876,0.10636330395936966,0.5352121591567993,0.9424818754196167,-0.18423497676849365,0.6992079019546509,-0.2043696939945221,0.3758569657802582,0.03864630311727524,0.02717677317559719,0.10731802880764008,0.9259313344955444,0.8068162798881531,0.7154431343078613,0.8253424167633057,0.28380683064460754,0.03533098101615906,0.02144536003470421,0.08222317695617676,-4.44954776763916,9.42279052734375,-0.11252530082038252,0.38411980526929207,0.324668380871329,0.4198115499371572,1.9394388932178879,-1.0344470675152517
4386,4,0.1227421835064888,0.5368201732635498,0.11512858420610428,0.532758355140686,1.1082721948623657,-0.30247893929481506,1.0351014137268066,-0.27209722995758057,0.3748854994773865,0.03492043912410736,0.02500329539179802,0.12572583556175232,0.9217120409011841,0.8082495331764221,0.7191040515899658,0.8238007426261902,0.28158318996429443,0.03232310712337494,0.021456409245729446,0.09587805718183517,-0.48370957374572754,11.132774353027344,-0.130753847822022,0.3717203858673606,0.3436122127516528,0.4092441807515635,1.8933904852821584,-1.0572280260972593
4387,4,0.13584518432617188,0.5337731838226318,0.12758813798427582,0.5300635099411011,1.4553191661834717,-0.3417879045009613,1.4038281440734863,-0.2995588481426239,0.3735339641571045,0.031707458198070526,0.023114800453186035,0.13051016628742218,0.9170765280723572,0.8099154233932495,0.7239253520965576,0.8225641250610352,0.2687017321586609,0.030292071402072906,0.021968839690089226,0.0995420590043068,5.8646345138549805,9.021787643432617,-0.13187626600800384,0.369123427640131,0.3625461176044769,0.3986719004905903,1.8933904852821584,-1.0572280260972593
4388,4,0.15295016765594482,0.5297810435295105,0.14379562437534332,0.5267939567565918,1.898574709892273,-0.4679393768310547,1.8016456365585327,-0.3776882290840149,0.3637482523918152,0.028927646577358246,0.021470239385962486,0.14143188297748566,0.9117079377174377,0.8121558427810669,0.729704737663269,0.820827066898346,0.2523358464241028,0.028893927112221718,0.021883510053157806,0.10484844446182251,1.7844557762145996,9.38272476196289,-0.14459711191977234,0.33159249985028405,0.38046596952631806,0.38777628469460734,1.7791937906536368,-1.093640177994002
4389,4,0.17308323085308075,0.5240877866744995,0.1635015308856964,0.522018551826477,2.133840322494507,-0.6397115588188171,2.127422332763672,-0.550119936466217,0.3426292836666107,0.026520950719714165,0.020038262009620667,0.14234812557697296,0.9059290289878845,0.8153677582740784,0.7358999252319336,0.8186546564102173,0.2352287322282791,0.029156051576137543,0.021359195932745934,0.10141243040561676,-1.205357313156128,-0.0597071647644043,-0.142621737256194,0.2713842322430336,0.3982579074328567,0.37683988291466664,1.7791937906536368,-1.093640177994002
4390,4,0.194621741771698,0.5149166584014893,0.185468390583992,0.5148321390151978,2.235170602798462,-1.0821424722671509,2.306105375289917,-0.806926965713501,0.31849217414855957,0.024431956931948662,0.018789172172546387,0.1404893696308136,0.8996549248695374,0.819550633430481,0.7431046962738037,0.8160537481307983,0.20867221057415009,0.027743753045797348,0.022355038672685623,0.09887636452913284,8.559846878051758,5.061519145965576,-0.13101427996602516,0.2339515031348608,0.41490134587089567,0.36565180091327015,1.6334429053603086,-1.1255797792688487
4391,4,0.22019311785697937,0.5042155981063843,0.2110380381345749,0.5064614415168762,2.734121561050415,-1.1333966255187988,2.7078614234924316,-0.9645560383796692,0.29582658410072327,0.022617001086473465,0.01769925281405449,0.12940442562103271,0.8923282027244568,0.8241222500801086,0.7511818408966064,0.8133766055107117,0.18357457220554352,0.026789037510752678,0.022313935682177544,0.09076946973800659,6.069293022155762,7.23376989364624,-0.07202939509374992,0.2130760780222979,0.4312357749245,0.3543960031205816,1.633442905360335,-1.1255797792688487
4392,4,0.24856948852539062,0.4922078847885132,0.23941150307655334,0.4948219656944275,2.9283108711242676,-1.2578428983688354,2.94954514503479,-1.3284457921981812,0.259949654340744,0.02103704772889614,0.016746897250413895,0.11982855200767517,0.8844205737113953,0.8294163942337036,0.7595795392990112,0.8102031946182251,0.15955853462219238,0.026941901072859764,0.022160718217492104,0.0803065299987793,6.159496307373047,0.17646074295043945,-0.06905397437521421,0.12193628572610077,0.4463965424843061,0.3429512353187472,1.4628495935163963,-1.1530468299217729
4393,4,0.2783239781856537,0.4776260554790497,0.269553542137146,0.4794917404651642,3.049111843109131,-1.5814372301101685,3.101853132247925,-1.6623097658157349,0.22281084954738617,0.019660936668515205,0.015914682298898697,0.10938955098390579,0.8761276006698608,0.8357483744621277,0.7684532999992371,0.8062840700149536,0.13326908648014069,0.027003539726138115,0.022325042635202408,0.0703166127204895,9.200851440429688,-2.1530842781066895,-0.05264828576578284,0.0695612507464135,0.4610250384194718,0.33142076701952894,1.4628495935163697,-1.1530468299217729
4394,4,0.31003841757774353,0.460302472114563,0.3016553521156311,0.4616483449935913,3.2599527835845947,-1.8631911277770996,3.297423839569092,-1.8938897848129272,0.18611882627010345,0.018460387364029884,0.015186570584774017,0.09434738755226135,0.8673869967460632,0.843148946762085,0.7774325013160706,0.8016772270202637,0.11009940505027771,0.027362389490008354,0.021681994199752808,0.058025114238262177,2.6114988327026367,-1.706385612487793,-0.0014342430133864326,0.02313332060008133,0.47466225315573274,0.31975509382223183,1.2942609115783388,-1.1760413299527483
4395,4,0.3421439826488495,0.43994712829589844,0.33482033014297485,0.4410778880119324,3.2003486156463623,-2.154292106628418,3.34564208984375,-2.1713688373565674,0.15560568869113922,0.04444361850619316,0.03858904913067818,0.08195680379867554,0.8582963347434998,0.8478333353996277,0.7848960161209106,0.796256422996521,0.08890800178050995,0.053040046244859695,0.042997609823942184,0.047212570905685425,7.062537670135498,-4.095942974090576,0.04890902593473287,-0.04248515212997234,0.4876048622715178,0.30799468052270357,1.2942609115783388,-1.1760413299527748
4396,4,0.3745443522930145,0.4171833395957947,0.368552029132843,0.4183061718940735,3.250614643096924,-2.3748536109924316,3.3813986778259277,-2.376356601715088,0.13159126043319702,0.09581039100885391,0.06525802612304688,0.07163791358470917,0.8485941290855408,0.8504993915557861,0.7921038866043091,0.7899937033653259,0.07217567414045334,0.1036277636885643,0.06850249320268631,0.038680482655763626,8.284204483032227,-4.801149368286133,0.10670719910497284,-0.07027828734866104,0.4997673138261391,0.2961438823349199,1.1343886236603054,-1.1945632793618277
4397,4,0.4069996476173401,0.39256733655929565,0.40230751037597656,0.39341238141059875,3.2257728576660156,-2.5109691619873047,3.36381459236145,-2.582134246826172,0.11239663511514664,0.14512167870998383,0.10732821375131607,0.06299686431884766,0.8388873934745789,0.8539373874664307,0.7978856563568115,0.7830519676208496,0.06317798048257828,0.1585542857646942,0.10523279011249542,0.032068151980638504,-3.091191053390503,-5.7782745361328125,0.1587680347714545,-0.11719982132597129,0.5111112000627438,0.2841982495413009,1.1343886236603318,-1.1945632793618277
4398,4,0.4362620413303375,0.3663717210292816,0.434487521648407,0.36579430103302,2.7375073432922363,-2.6242334842681885,3.1482179164886475,-2.8384037017822266,0.09680616855621338,0.1877601444721222,0.14416392147541046,0.05570617690682411,0.8302514553070068,0.8583483695983887,0.8028886914253235,0.7758868932723999,0.05690295621752739,0.2094586342573166,0.1382250189781189,0.02702523209154606,0.5029582977294922,-10.550939559936523,0.2020097033512654,-0.154571925670288,0.5218686195878874,0.2721981067680047,0.9832327297624018,-1.2086126781489845
4399,4,0.4617503881454468,0.3398398458957672,0.4648514688014984,0.33706340193748474,2.391077756881714,-2.6535658836364746,2.8926241397857666,-2.8660337924957275,0.08398988097906113,0.2290373295545578,0.13991641998291016,0.049520425498485565,0.8224343657493591,0.8630352020263672,0.8090961575508118,0.7690228819847107,0.04938729852437973,0.2541145086288452,0.1399109959602356,0.024145593866705894,8.846678733825684,-5.660345554351807,0.2450931343695897,-0.1182834532338623,0.5317009468855125,0.26011197998651425,0.9832327297624018,-1.2086126781489845
4400,4,0.48612210154533386,0.3150962293148041,0.49186742305755615,0.30997076630592346,2.3951187133789062,-2.3812661170959473,2.4633047580718994,-2.6148109436035156,0.07333981245756149,0.2621498107910156,0.13292181491851807,0.044242992997169495,0.8147697448730469,0.8675330877304077,0.8156431317329407,0.7630516886711121,0.042032934725284576,0.28756606578826904,0.1346699297428131,0.022808969020843506,12.90992546081543,1.9283747673034668,0.27649249917693436,-0.09686401805909389,0.5411230655333379,0.24799827303268154,0.8407932298844696,-1.2181895263142055
4401,4,0.5103673934936523,0.2939883768558502,0.5149937868118286,0.28614702820777893,2.3785581588745117,-1.940826177597046,2.155106782913208,-2.2076144218444824,0.06443754583597183,0.26155373454093933,0.13215045630931854,0.03973139077425003,0.8073763251304626,0.8728086948394775,0.8215753436088562,0.7580999732017517,0.03720831871032715,0.2972308397293091,0.13184453547000885,0.021168246865272522,9.99669075012207,0.9337759017944336,0.2591853798005923,-0.1281295458100196,0.5495309978321831,0.23581637776953956,0.8407932298844696,-1.2181895263142055
4402,4,0.532783031463623,0.2760849893093109,0.534811794757843,0.2661510407924652,2.1291921138763428,-1.6346163749694824,1.8539090156555176,-1.7879993915557861,0.05692282319068909,0.25116419792175293,0.15119270980358124,0.03585090860724449,0.8008185625076294,0.8787015676498413,0.8258342742919922,0.7539929747581482,0.03421732038259506,0.2890089750289917,0.1444597691297531,0.019702209159731865,5.977268218994141,-2.3626625537872314,0.2095448425385616,-0.15687654562043749,0.557687546754851,0.22362488704014505,0.7070701240266409,-1.2232938238575042
4403,4,0.5517927408218384,0.26074427366256714,0.5516281723976135,0.2500533163547516,1.7386757135391235,-1.4001089334487915,1.5766210556030273,-1.4290218353271484,0.050542764365673065,0.23594996333122253,0.15091319382190704,0.032503172755241394,0.79569411277771,0.8844470977783203,0.829550564289093,0.7509308457374573,0.03371443971991539,0.2677406072616577,0.14038413763046265,0.019267702475190163,-3.475043773651123,4.777827262878418,0.17366040995020093,-0.1495220079994908,0.5647582479951174,0.21139194880157008,0.707070124026588,-1.223293823857491
4404,4,0.5658260583877563,0.2492271214723587,0.5662747025489807,0.23795166611671448,1.1478880643844604,-0.954083263874054,1.3800042867660522,-1.0138622522354126,0.04512171074748039,0.2183225005865097,0.14489611983299255,0.02961844392120838,0.7925747632980347,0.8891895413398743,0.8323261141777039,0.7492594718933105,0.03283996507525444,0.23951534926891327,0.13107432425022125,0.019242629408836365,-2.1476399898529053,8.73758316040039,0.1434670204364063,-0.11464402161553955,0.5717189583447875,0.19915845470159055,0.5921901535381534,-1.2238743932254816
4405,4,0.5750648975372314,0.24259121716022491,0.5787420272827148,0.2306303083896637,0.7112219929695129,-0.45079299807548523,1.0490400791168213,-0.5084971189498901,0.04047836363315582,0.19172559678554535,0.12820228934288025,0.027118351310491562,0.7910639047622681,0.8930065035820007,0.8344508409500122,0.748930037021637,0.03209163621068001,0.2048029899597168,0.11344878375530243,0.0194444190710783,-3.745400905609131,12.41706371307373,0.07387280451546391,-0.04221697044882153,0.5775395924666755,0.1869191989938018,0.582063412188757,-1.2239255707788805
4406,4,0.5799515247344971,0.2406986653804779,0.5861626863479614,0.22816778719425201,0.2997450828552246,0.01841631345450878,0.45675238966941833,-0.026476353406906128,0.037355270236730576,0.1599399596452713,0.10965925455093384,0.025479890406131744,0.7908462285995483,0.8960671424865723,0.835891604423523,0.7496649026870728,0.031184978783130646,0.16726279258728027,0.09486111998558044,0.019351672381162643,1.8256568908691406,7.577114105224609,-0.014185663623115533,0.016612436789273113,0.5833602265885636,0.17467994328601305,0.530570066110839,-1.2221639080016642
4407,4,0.5816135406494141,0.24234983325004578,0.587813138961792,0.2300155609846115,0.0389900729060173,0.2948330044746399,-0.0641518086194992,0.35030701756477356,0.0716937854886055,0.13498519361019135,0.09452792257070541,0.09349309653043747,0.7881419658660889,0.8980239033699036,0.8365155458450317,0.7480641007423401,0.055116206407547,0.13296204805374146,0.07833094894886017,0.06548650562763214,2.4147486686706543,7.24515438079834,-0.10674622817547127,0.07806572644528992,0.5880319263392187,0.16247999430558668,0.46577309437097664,-1.2199471087084592
4408,4,0.5805875062942505,0.2462523877620697,0.5849975943565369,0.2348928451538086,-0.20815019309520721,0.44712796807289124,-0.4423568844795227,0.5827159285545349,0.11321479827165604,0.1151481494307518,0.08210964500904083,0.15887676179409027,0.7854794859886169,0.8987476825714111,0.8362599611282349,0.7470389008522034,0.08699284493923187,0.10908171534538269,0.06577553600072861,0.10994178801774979,0.6949234008789062,6.690945625305176,-0.17775139594242514,0.1233919303279269,0.5926896572829286,0.15028052321850285,0.46577309437097664,-1.2199471087084592
4409,4,0.577222466468811,0.25076228380203247,0.578920304775238,0.24119387567043304,-0.4193529486656189,0.44724780321121216,-0.7317402362823486,0.663690447807312,0.15716896951198578,0.09906157851219177,0.07178010791540146,0.2145472764968872,0.7834764719009399,0.8991223573684692,0.8353237509727478,0.7461516261100769,0.12240683287382126,0.09516220539808273,0.05591374635696411,0.14405333995819092,0.3249931335449219,-1.366339921951294,-0.23479918342143058,0.1702361065510125,0.5963921447051074,0.13816220805793425,0.35819917057324685,-1.2108078041667532
4410,4,0.5718830227851868,0.25331494212150574,0.5699169635772705,0.24701450765132904,-0.5850940942764282,0.12705978751182556,-0.9810599088668823,0.5301079750061035,0.2007739543914795,0.08586317300796509,0.06312528252601624,0.2537943720817566,0.7819740772247314,0.9000317454338074,0.8342357277870178,0.7451390027999878,0.1556323617696762,0.08536382764577866,0.04924666881561279,0.16704024374485016,5.568275451660156,-1.4250767230987549,-0.2705472699311546,0.21626561634775893,0.59997413641084,0.12605413001626672,0.35819917057324685,-1.2108078041667598
4411,4,0.5666819214820862,0.25338539481163025,0.5609081387519836,0.25191977620124817,-0.49594712257385254,-0.14225690066814423,-0.8131698966026306,0.42656058073043823,0.2415335774421692,0.07490721344947815,0.055815279483795166,0.25421223044395447,0.7806627154350281,0.9019840359687805,0.833178699016571,0.7442243099212646,0.18706020712852478,0.07897111773490906,0.04356936737895012,0.16546903550624847,4.651288986206055,-2.8911590576171875,-0.25439810639373306,0.2580295704457849,0.6027771426567028,0.11405982014674446,0.25934164079551475,-1.1963699987838214
4412,4,0.5618537068367004,0.24987512826919556,0.5539789199829102,0.25481703877449036,-0.4488816261291504,-0.4965065121650696,-0.5788642764091492,0.0808970183134079,0.2550918459892273,0.06574419885873795,0.049611467868089676,0.25160661339759827,0.7803255915641785,0.9053438901901245,0.8321407437324524,0.7426159977912903,0.2083943486213684,0.07372687757015228,0.03881054371595383,0.15554992854595184,1.693718433380127,-9.697403907775879,-0.24109469401571762,0.26102033286416215,0.6053705590646583,0.10209612015890618,0.25934164079551475,-1.1963699987838148
4413,4,0.5571436285972595,0.2422514706850052,0.5486751794815063,0.25108087062835693,-0.4258284866809845,-0.9322360157966614,-0.4486653804779053,-0.7232307195663452,0.2642132043838501,0.0580473355948925,0.04433467611670494,0.2430044561624527,0.7806611061096191,0.9100201725959778,0.8313881754875183,0.740107536315918,0.21890142560005188,0.0686064213514328,0.03515904024243355,0.14337393641471863,0.9002470970153809,-9.889320373535156,-0.2077846908434391,0.26847325230063507,0.607343815286365,0.09026820358716166,0.16920050503783327,-1.1766336925598029
4414,4,0.5535160303115845,0.23095668852329254,0.5449818968772888,0.2406533658504486,-0.29596638679504395,-1.3167842626571655,-0.2960997521877289,-1.3095051050186157,0.27421432733535767,0.05150802060961723,0.03980514034628868,0.22581785917282104,0.7809804081916809,0.9159914255142212,0.8309470415115356,0.7367076277732849,0.22499075531959534,0.06456544995307922,0.031997717916965485,0.12641039490699768,-0.5963730812072754,-9.998083114624023,-0.15398561606198596,0.2788572917978393,0.6090358203367439,0.07850186666156284,0.16920050503788614,-1.1766336925598029
4415,4,0.5510948896408081,0.2156202495098114,0.542668342590332,0.2250005304813385,-0.1861904263496399,-1.7166078090667725,-0.1735665202140808,-1.7703273296356201,0.2733897566795349,0.04593915492296219,0.03591315820813179,0.20234277844429016,0.7813059091567993,0.9230321049690247,0.8308892846107483,0.7325469255447388,0.22463667392730713,0.06004287302494049,0.02966637723147869,0.10893727093935013,-0.2904677391052246,-5.2645673751831055,-0.10023356438654538,0.27019430863321875,0.6102490576864553,0.0668827313943225,0.08777576330025526,-1.1515988854946242
4416,4,0.5502597689628601,0.197403684258461,0.541915774345398,0.20569323003292084,-0.018979806452989578,-1.9421379566192627,-0.014819398522377014,-2.079897880554199,0.270967572927475,0.04118593782186508,0.032565388828516006,0.17266146838665009,0.7815529108047485,0.9309517741203308,0.8311050534248352,0.7277160286903381,0.221367746591568,0.056512050330638885,0.02722630649805069,0.08861599117517471,-1.0416042804718018,-7.961359024047852,-0.03582420224744487,0.2615263496875392,0.611126815319458,0.055366742539375416,0.08777576330025526,-1.151598885494631
4417,4,0.5503778457641602,0.17610691487789154,0.5421271920204163,0.18312963843345642,0.0566214993596077,-2.2734375,0.06953717023134232,-2.393003225326538,0.2647457420825958,0.03709873929619789,0.02966795116662979,0.1450413316488266,0.7815688848495483,0.9395859837532043,0.8319419026374817,0.7221677303314209,0.21057116985321045,0.0527503602206707,0.02630850300192833,0.07107377797365189,7.477152347564697,-7.3566412925720215,0.008634420322620906,0.24038869723841977,0.6116497649493343,0.04399877658337197,0.015067415582674975,-1.121265577588303
4418,4,0.5532009601593018,0.1526479721069336,0.5443347692489624,0.15844644606113434,0.41154539585113525,-2.4463844299316406,0.31932881474494934,-2.570148229598999,0.25782299041748047,0.06936139613389969,0.027162138372659683,0.12319906055927277,0.7808113098144531,0.9439873099327087,0.8335620760917664,0.7161260843276978,0.19643878936767578,0.08244908601045609,0.025245124474167824,0.05845843628048897,6.3825154304504395,1.9014501571655273,0.07563116315769475,0.23034214794240365,0.6118004391051611,0.032786120807488175,0.015067415582674975,-1.121265577588303
4419,4,0.5589065551757812,0.1289341002702713,0.5493221282958984,0.13239431381225586,0.6681129932403564,-2.346020221710205,0.6169679760932922,-2.6590917110443115,0.24095085263252258,0.11315995454788208,0.024989161640405655,0.10560671985149384,0.77963787317276,0.9466226100921631,0.8354026675224304,0.7099937796592712,0.1839403212070465,0.1259523183107376,0.023334523662924767,0.04919043928384781,-1.1520969867706299,4.3671488761901855,0.12372354571452415,0.17243215824295613,0.6117028321673629,0.0217117121694468,-0.048924538114801845,-1.0856337688408215
4420,4,0.5652742981910706,0.10610093921422958,0.5560429692268372,0.1051773801445961,0.6471487283706665,-2.187631607055664,0.7272900938987732,-2.7431986331939697,0.21830524504184723,0.12792786955833435,0.02310253493487835,0.091251902282238,0.7786343097686768,0.9509163498878479,0.8374504446983337,0.7041946649551392,0.16695016622543335,0.150831401348114,0.02242727391421795,0.04191312938928604,5.65645694732666,-1.521916389465332,0.13202240826203085,0.12260347847152567,0.6112135867862144,0.010855374481037837,-0.048924538114801845,-1.0856337688408233
4421,4,0.5727469325065613,0.08463698625564575,0.5639521479606628,0.07904135435819626,0.8251541256904602,-2.1216142177581787,0.8449932932853699,-2.4388558864593506,0.1987602561712265,0.12980124354362488,0.021460574120283127,0.07939170300960541,0.7774369716644287,0.9568838477134705,0.8396337032318115,0.698665976524353,0.15071623027324677,0.15749472379684448,0.02068469673395157,0.036194171756505966,-2.1106576919555664,2.9808688163757324,0.13033383098830895,0.11262158458961179,0.6105651544329017,0.00011691116769110225,-0.10420009779233382,-1.0447034592521818
4422,4,0.5804407596588135,0.06414750963449478,0.5725120902061462,0.05666321888566017,0.7445520162582397,-1.9695919752120972,0.8667728900909424,-2.057753562927246,0.17577822506427765,0.13808128237724304,0.020032014697790146,0.06952317804098129,0.7764125466346741,0.9622958898544312,0.8416692018508911,0.6937793493270874,0.13533812761306763,0.16219739615917206,0.01929605007171631,0.032159753143787384,-2.31673002243042,5.679366588592529,0.14056571713219923,0.06962702882378279,0.6095231534549783,-0.010330123424831429,-0.10420009779233382,-1.0447034592521813
4423,4,0.5877240896224976,0.0460788756608963,0.5811736583709717,0.03807127848267555,0.6985847353935242,-1.6665500402450562,0.8437384963035583,-1.6945604085922241,0.15673838555812836,0.13779592514038086,0.01878650300204754,0.061237882822752,0.7755772471427917,0.9673521518707275,0.843525767326355,0.6896577477455139,0.12104576826095581,0.16082431375980377,0.017986370250582695,0.028838548809289932,-1.1554551124572754,4.374642372131348,0.13632431876791426,0.06462969504436794,0.6083936268383116,-0.020690253406756197,-0.15075926344976232,-0.9984746488223865
4424,4,0.5943739414215088,0.030753469094634056,0.5891622304916382,0.02270900085568428,0.6292064189910889,-1.4030300378799438,0.7529006600379944,-1.3912354707717896,0.13971254229545593,0.13256245851516724,0.017696505412459373,0.05421366170048714,0.7748717069625854,0.9721937775611877,0.8451684713363647,0.6862291097640991,0.10857559740543365,0.154026061296463,0.016787255182862282,0.02589166909456253,-0.16146421432495117,1.9095945358276367,0.1055007259824885,0.054326180869337506,0.6068860342038136,-0.030674999894980744,-0.1507592634498152,-0.9984746488223865
4425,4,0.6002465486526489,0.01778864674270153,0.5960566401481628,0.010152660310268402,0.5528688430786133,-1.1963177919387817,0.6377311944961548,-1.1380187273025513,0.1250263899564743,0.12341932207345963,0.016744598746299744,0.04824865236878395,0.7741236090660095,0.9766644239425659,0.8468813896179199,0.6836711764335632,0.095669224858284,0.1407558023929596,0.01621626690030098,0.024237701669335365,4.9550580978393555,6.28936767578125,0.07531736392003369,0.04857086933704825,0.6053451444759531,-0.04061440853875308,-0.1855364080125649,-0.9511215434480482
4426,4,0.6066000461578369,0.008142209611833096,0.6025338172912598,0.0007487555267289281,0.6476492881774902,-0.8198164105415344,0.6125788688659668,-0.8119391202926636,0.11240936815738678,0.1119222342967987,0.015912283211946487,0.04315686598420143,0.7731550335884094,0.9805812239646912,0.8484653830528259,0.6819086074829102,0.08604653179645538,0.12559956312179565,0.015183607116341591,0.02226506732404232,2.3375296592712402,5.570385456085205,0.0499437744085551,0.04456850206934432,0.6034591241250813,-0.05008388191426807,-0.1886020350871931,-0.9469473375514361
4427,4,0.6124036908149719,0.0010704118758440018,0.6080818176269531,-0.006188328377902508,0.5394563674926758,-0.5943452715873718,0.5227097272872925,-0.5748153924942017,0.09738482534885406,0.09642092138528824,0.015184466727077961,0.038796231150627136,0.772513210773468,0.984176516532898,0.8499217629432678,0.6807544827461243,0.07559563219547272,0.10769052058458328,0.014540276490151882,0.020535185933113098,5.588283538818359,3.413243293762207,-0.007531416588358625,0.013771860744720171,0.6015731037742093,-0.059553355289783616,-0.2014991934301282,-0.9217848711986193
4428,4,0.6178091168403625,-0.003867063671350479,0.6131172180175781,-0.01061947736889124,0.5337872505187988,-0.4022024869918823,0.48938852548599243,-0.33230096101760864,0.08501002192497253,0.08366051316261292,0.01454702764749527,0.04527470842003822,0.772081732749939,0.98724365234375,0.8510778546333313,0.6796740293502808,0.06714847683906555,0.09093599766492844,0.013347824104130268,0.024202873930335045,0.16554832458496094,4.114727973937988,-0.04641521048191301,0.013785851156960821,0.5993993183111418,-0.06846139646755374,-0.2177284127045204,-0.8901215254393259
4429,4,0.6218595504760742,-0.007248321548104286,0.6173932552337646,-0.013224069029092789,0.3242541551589966,-0.2656013071537018,0.3923899531364441,-0.17853014171123505,0.07418033480644226,0.07305540144443512,0.013988550752401352,0.07813630253076553,0.7724221348762512,0.9897124767303467,0.8514517545700073,0.6778153777122498,0.061977703124284744,0.07843873649835587,0.011691039428114891,0.040630560368299484,-6.087103843688965,-0.41880011558532715,-0.08463401854664603,-0.0009409432549550567,0.5972220341840964,-0.07736261172194707,-0.21772841270457324,-0.8901215254393259
4430,4,0.6226762533187866,-0.010488676838576794,0.6198604106903076,-0.015016385354101658,-0.06721851229667664,-0.3291952311992645,0.1574222892522812,-0.1417430341243744,0.06613641232252121,0.06419583410024643,0.01350012980401516,0.10902436077594757,0.7737635970115662,0.9919178485870361,0.8510984778404236,0.675955057144165,0.05760185793042183,0.06884627789258957,0.010447354055941105,0.05612311512231827,-5.106451511383057,-2.050875425338745,-0.11663007438419486,0.017131188345677388,0.5948635118543563,-0.08571217053969585,-0.23813839630184996,-0.8279972124860627
4431,4,0.6206877827644348,-0.014012087136507034,0.6203460693359375,-0.016139401122927666,-0.31794804334640503,-0.3777986764907837,-0.056226812303066254,-0.09484229236841202,0.06838861852884293,0.056718144565820694,0.013071720488369465,0.11680775135755539,0.7751245498657227,0.9939528703689575,0.8501816987991333,0.6748036742210388,0.05892454460263252,0.0601888932287693,0.009510406292974949,0.061586543917655945,-4.72714900970459,3.7978506088256836,-0.11884028876265848,0.06885203234401696,0.5924821278913375,-0.09399214266455751,-0.23813839630190284,-0.8279972124860561
4432,4,0.6166393160820007,-0.017014751210808754,0.6186366677284241,-0.01667935959994793,-0.5022462606430054,-0.2747325003147125,-0.32202112674713135,-0.05760694295167923,0.09785066545009613,0.050389353185892105,0.012696715071797371,0.12067677825689316,0.7746898531913757,0.9958863854408264,0.8488535284996033,0.6738123297691345,0.0782734751701355,0.05402877926826477,0.009004548192024231,0.06268878281116486,1.6191649436950684,-3.3235108852386475,-0.12175490315464615,0.10487776336332831,0.5900085998470852,-0.10174083111555507,-0.24983198587912894,-0.7605743986916399
4433,4,0.6114729642868042,-0.020533263683319092,0.613435685634613,-0.017846008762717247,-0.530176043510437,-0.3994152843952179,-0.6863594055175781,-0.1851053535938263,0.12716494500637054,0.04499048367142677,0.012367556802928448,0.14204846322536469,0.7737120985984802,0.9978973269462585,0.8477748036384583,0.6721959114074707,0.09841489791870117,0.048441704362630844,0.009396021254360676,0.07195521146059036,9.634628295898438,-3.8167178630828857,-0.14826762588411863,0.13504020888323015,0.5875102799882941,-0.10934657510247109,-0.24983198587912894,-0.7605743986916399
4434,4,0.6077622175216675,-0.024612534791231155,0.6056778430938721,-0.020364440977573395,-0.2801918387413025,-0.4551762044429779,-0.8648340702056885,-0.3552684187889099,0.14020954072475433,0.040368836373090744,0.012078708037734032,0.14149223268032074,0.7731204032897949,1.0001025199890137,0.8470343947410583,0.6707800030708313,0.11101952195167542,0.04430124908685684,0.009301111102104187,0.07124171406030655,7.7625322341918945,-2.935466766357422,-0.13865741831198986,0.14399514495242732,0.5849914773816899,-0.11645200517998827,-0.25280918143635733,-0.6878530840560572
4435,4,0.6051721572875977,-0.02979409322142601,0.5978950262069702,-0.025185149163007736,-0.2515488564968109,-0.571674108505249,-0.6278940439224243,-0.5831681489944458,0.13502542674541473,0.03640026971697807,0.011825268156826496,0.14089804887771606,0.773659348487854,1.0023447275161743,0.8464623093605042,0.6693809032440186,0.11261039972305298,0.039608586579561234,0.009272548370063305,0.07126270979642868,6.527595520019531,4.3628644943237305,-0.13786615979471023,0.1083568474995158,0.5824633855673259,-0.12333053602054936,-0.25280918143635733,-0.6878530840560638
4436,4,0.6030097603797913,-0.03474299609661102,0.5938438177108765,-0.03135618939995766,-0.20567995309829712,-0.4767844080924988,-0.26863253116607666,-0.6661577224731445,0.13000041246414185,0.032990530133247375,0.011603341437876225,0.13828667998313904,0.7746163010597229,1.0043789148330688,0.8461475372314453,0.6681554317474365,0.10803857445716858,0.0359339714050293,0.009546171873807907,0.0697188600897789,10.488758087158203,2.8114986419677734,-0.12486704924952433,0.10374776624264856,0.57996903955053,-0.12975031971785722,-0.24706998297358798,-0.6098332685793347
4437,4,0.6018157005310059,-0.03948218747973442,0.5923053026199341,-0.038167618215084076,-0.05490284785628319,-0.48584815859794617,-0.06944543123245239,-0.6996377110481262,0.12453948706388474,0.03003925271332264,0.011408152990043163,0.1422397345304489,0.7754450440406799,1.0068615674972534,0.8459450602531433,0.666283130645752,0.1035371720790863,0.03458583354949951,0.009418481960892677,0.06757325679063797,7.870912551879883,-7.261024475097656,-0.14342147705879502,0.09574059647583276,0.5774983397207942,-0.13584865240365093,-0.24706998297353513,-0.6098332685793215
4438,4,0.6008601784706116,-0.04674840718507767,0.5915431380271912,-0.04610452800989151,-0.06948119401931763,-0.865882158279419,-0.03189702332019806,-0.8097125887870789,0.1159941554069519,0.02748485840857029,0.011236804537475109,0.14513282477855682,0.7761229276657104,1.009737253189087,0.8462429046630859,0.6639729142189026,0.09446772187948227,0.031764306128025055,0.009992457926273346,0.06873117387294769,11.569437980651855,1.7502546310424805,-0.14600819462215248,0.07017748345574763,0.5750981814459677,-0.1415404017140188,-0.2326143904907152,-0.5265149522614327
4439,4,0.6019644737243652,-0.05463962256908417,0.5927826166152954,-0.05339368060231209,0.20061437785625458,-0.7886526584625244,0.20313096046447754,-0.7311152815818787,0.10873819142580032,0.02527051605284214,0.011086412705481052,0.13562685251235962,0.7762003540992737,1.0125211477279663,0.8468438982963562,0.6620360612869263,0.0866154283285141,0.029236959293484688,0.010033472441136837,0.06477969884872437,8.522210121154785,5.169720649719238,-0.08700209718550567,0.06906122887258584,0.5727720375410604,-0.14680555123663355,-0.2326143904907152,-0.5265149522614327
4440,4,0.604225218296051,-0.06225273385643959,0.5953402519226074,-0.06101854890584946,0.2497723400592804,-0.7427130937576294,0.29460665583610535,-0.7931168675422668,0.09549013525247574,0.023346412926912308,0.010954317636787891,0.12901823222637177,0.7766783833503723,1.015379786491394,0.8470418453216553,0.6599826812744141,0.08078012615442276,0.027569575235247612,0.00905749574303627,0.060113873332738876,-3.6208319664001465,3.1685948371887207,-0.09458849033511321,0.021237250311066925,0.5705357981603626,-0.15172687815333416,-0.2094424039877918,-0.43789813510239756
4441,4,0.604538083076477,-0.07054872065782547,0.5972586870193481,-0.07000787556171417,-0.06887023150920868,-0.8344618082046509,0.15146656334400177,-0.9161856174468994,0.08292848616838455,0.02167532965540886,0.010838491842150688,0.12391473352909088,0.77825528383255,1.0181771516799927,0.8467215895652771,0.6578601598739624,0.07311856746673584,0.025712523609399796,0.008396074175834656,0.05737925320863724,-4.917264938354492,3.7073874473571777,-0.09688822768114343,0.004437541873973654,0.5684413741204843,-0.1561058595043584,-0.2094424039877918,-0.43789813510238434
4442,4,0.6028009653091431,-0.0786740705370903,0.5980343818664551,-0.07906041294336319,-0.264787495136261,-0.7899086475372314,0.004678171128034592,-0.8841037750244141,0.07770856469869614,0.020214688032865524,0.010736435651779175,0.11645211279392242,0.7803263664245605,1.0214818716049194,0.8456719517707825,0.6552821397781372,0.07030266523361206,0.026280075311660767,0.007394237443804741,0.049955837428569794,-4.701376914978027,-11.7261323928833,-0.0765442930511804,0.04684103341377052,0.5664387847860761,-0.16021437602066105,-0.17755402346492352,-0.3439828171021762
4443,4,0.5981819033622742,-0.08960125595331192,0.5961171388626099,-0.0886441096663475,-0.5613036155700684,-1.2525283098220825,-0.29604560136795044,-0.949098527431488,0.0773758739233017,0.018943576142191887,0.010646968148648739,0.11011440306901932,0.7826786041259766,1.0258362293243408,0.8441684246063232,0.6516345739364624,0.07014509290456772,0.026280075311660767,0.0069903298281133175,0.044634997844696045,-2.461150884628296,-14.196820259094238,-0.07555582640789933,0.07538902360804428,0.5646632445514272,-0.16365420419168297,-0.17755402346487065,-0.3439828171021894
4444,4,0.5919390916824341,-0.10374224185943604,0.5921275615692139,-0.09886668622493744,-0.67640620470047,-1.533315896987915,-0.496934175491333,-1.1413092613220215,0.11541137099266052,0.017834829166531563,0.01056843250989914,0.09495436400175095,0.7822822332382202,1.0301774740219116,0.8425580859184265,0.6481797695159912,0.09291721880435944,0.024257926270365715,0.006794835906475782,0.03962934389710426,-1.9870376586914062,2.487208843231201,0.007638732221967759,0.12500179195599986,0.5629640364154687,-0.16690752230085934,-0.13694924892189891,-0.2447689982608348
4445,4,0.5857389569282532,-0.1168842688202858,0.5867816209793091,-0.11089547723531723,-0.6356781721115112,-1.2310490608215332,-0.6520381569862366,-1.3137775659561157,0.14338964223861694,0.06344425678253174,0.010499400086700916,0.0824568048119545,0.7818329334259033,1.028074026107788,0.8406847715377808,0.6455510258674622,0.11832420527935028,0.05978988856077194,0.006401698105037212,0.035583190619945526,-7.117623329162598,14.262328147888184,0.07183120273539328,0.15140692775167852,0.5615945439262496,-0.16935521228346784,-0.13694924892189891,-0.2447689982608348
4446,4,0.5788407325744629,-0.12648093700408936,0.5791820883750916,-0.1238408088684082,-0.7514394521713257,-0.7664039134979248,-0.8770598769187927,-1.2812952995300293,0.15188507735729218,0.06116410344839096,0.01043880358338356,0.07207610458135605,0.7829961180686951,1.0291541814804077,0.8384712338447571,0.6437705755233765,0.13481301069259644,0.06587149947881699,0.006116318050771952,0.03178071603178978,-5.483941078186035,6.8497490882873535,0.04696723433832525,0.15453639062525323,0.5602684481409015,-0.17171094397878797,-0.09162356755906952,-0.14872317780614422
4447,4,0.5705657601356506,-0.1333695650100708,0.5688973665237427,-0.1366337239742279,-0.8683018684387207,-0.5909484028816223,-1.1155143976211548,-1.1933209896087646,0.17570233345031738,0.054155390709638596,0.010385538451373577,0.0633685439825058,0.7843405604362488,1.031542420387268,0.8360697627067566,0.6424568891525269,0.15419034659862518,0.060487907379865646,0.005794747266918421,0.027957122772932053,-5.521446228027344,4.331917762756348,-0.007273986439384997,0.18355549842988556,0.5593921673373128,-0.1731135107645712,-0.0876280803588766,-0.1402566785783073
4448,4,0.5613678693771362,-0.139062762260437,0.5573908686637878,-0.1459641009569168,-0.9503515362739563,-0.5356519818305969,-1.1449710130691528,-0.6821843981742859,0.20500481128692627,0.048199139535427094,0.010338734835386276,0.05785983055830002,0.785373866558075,1.0338627099990845,0.8336340188980103,0.6414189338684082,0.177180677652359,0.05315576493740082,0.005848454311490059,0.025932515040040016,-2.3858845233917236,5.43989896774292,-0.02344312084223968,0.21564124666840334,0.5585158865337241,-0.17451607755035445,0.22139257817852107,-0.09165460465571888
4449,4,0.5523303151130676,-0.14340068399906158,0.5466810464859009,-0.15034140646457672,-0.8803709149360657,-0.3570217192173004,-1.0174837112426758,-0.27318882942199707,0.2430764138698578,0.04311266168951988,0.01029759831726551,0.05292988196015358,0.7857967019081116,1.0354995727539062,0.8314791917800903,0.640969455242157,0.2023589015007019,0.046145301312208176,0.006269908510148525,0.024620138108730316,1.1084747314453125,7.553362846374512,-0.021702905294715275,0.2584451665436289,0.5645345636821298,-0.17483422086211478,0.6102506424417637,-0.030495883183302375
4450,4,0.5446458458900452,-0.14546751976013184,0.5376043915748596,-0.151385098695755,-0.6952442526817322,-0.10313375294208527,-0.8283165097236633,0.006633426994085312,0.26760971546173096,0.03875739872455597,0.010261476039886475,0.05132613331079483,0.786080002784729,1.0364686250686646,0.8296850323677063,0.6409177780151367,0.22356343269348145,0.04065755382180214,0.006673671305179596,0.024224217981100082,0.7598352432250977,4.713954925537109,-0.041066288787024285,0.27859432981978705,0.5706370701065473,-0.17513917969394777,0.6102506424417637,-0.030495883183302375
4451,4,0.5383691191673279,-0.1459607630968094,0.5301750898361206,-0.15051710605621338,-0.5464193820953369,0.018462995067238808,-0.6464329957962036,0.16623663902282715,0.2738305330276489,0.03501759469509125,0.010229771956801414,0.07021746039390564,0.7867311239242554,1.0369387865066528,0.828437328338623,0.6405584812164307,0.2328401803970337,0.03617257624864578,0.007368077989667654,0.03282817453145981,2.3476028442382812,1.9702816009521484,-0.0741658891243182,0.27678350383252764,0.5756219267503669,-0.1744246468818071,0.4843874781065452,0.08431328740960922
4452,4,0.5340894460678101,-0.14547531306743622,0.5249210000038147,-0.14822109043598175,-0.3206647038459778,0.07779061794281006,-0.40840277075767517,0.2823921740055084,0.2763584852218628,0.03178755193948746,0.010201876983046532,0.08668593317270279,0.7875207662582397,1.037352442741394,0.827576756477356,0.640101432800293,0.2359144538640976,0.033523835241794586,0.007574473042041063,0.0397050566971302,-2.6506876945495605,-3.3658957481384277,-0.0902850639223874,0.277542909899417,0.5804658015314329,-0.1735815140077109,0.4843874781065452,0.08431328740960922
4453,4,0.5309163331985474,-0.14573679864406586,0.5214565396308899,-0.145597442984581,-0.2576063871383667,-0.06498533487319946,-0.2556114196777344,0.28884628415107727,0.27320942282676697,0.028997480869293213,0.010177378542721272,0.09511932730674744,0.788303792476654,1.0379737615585327,0.8272785544395447,0.6395893692970276,0.2308335304260254,0.031310051679611206,0.008393032476305962,0.04319878667593002,2.559633255004883,-6.22739315032959,-0.09710708390512235,0.26101899074977025,0.5843531328578928,-0.17179431226209083,0.362996864393302,0.20412080807174518
4454,4,0.5299710631370544,-0.14686338603496552,0.5202294588088989,-0.1429196447134018,0.02978360652923584,-0.14300331473350525,-0.014179009944200516,0.19252754747867584,0.27179640531539917,0.02658006362617016,0.010155848227441311,0.09161732345819473,0.7885817289352417,1.0387293100357056,0.8276357650756836,0.6392912864685059,0.22184470295906067,0.028942398726940155,0.008941443637013435,0.04201563820242882,1.343543529510498,-3.2613396644592285,-0.07156562977877311,0.2663077416360843,0.5879831015018252,-0.1697531041813735,0.36299686439324913,0.20412080807174518
4455,4,0.5313373804092407,-0.14815722405910492,0.5213809609413147,-0.1424366980791092,0.2263067662715912,-0.12666484713554382,0.21869812905788422,-0.07728935778141022,0.26371198892593384,0.024485144764184952,0.010136948898434639,0.08582501858472824,0.7882623076438904,1.0394150018692017,0.8287301063537598,0.6391400694847107,0.20843032002449036,0.026881422847509384,0.009951455518603325,0.03946702182292938,8.03872299194336,-3.6235690116882324,-0.05220984027195669,0.2319577080326585,0.5908086879159011,-0.16685324670172033,0.24607880130187548,0.32892667880310555
4456,4,0.5356607437133789,-0.1493099182844162,0.5251948833465576,-0.14392852783203125,0.570925235748291,-0.13435840606689453,0.5087526440620422,-0.22245487570762634,0.25214725732803345,0.022663723677396774,0.010120340622961521,0.08001507073640823,0.7872025370597839,1.0403244495391846,0.8306299448013306,0.6387324333190918,0.19138425588607788,0.025873519480228424,0.010872756130993366,0.03576149791479111,11.374662399291992,-8.358774185180664,-0.04580253590440084,0.20590681746336426,0.5932694759289201,-0.16356397991368885,0.24607880130187548,0.32892667880310555
4457,4,0.5429975390434265,-0.151703879237175,0.5317923426628113,-0.14697714149951935,0.8734679818153381,-0.3227039873600006,0.8046811819076538,-0.3681258261203766,0.2323399931192398,0.02108180709183216,0.010105772875249386,0.07350683957338333,0.7854424118995667,1.041658878326416,0.8333174586296082,0.6378685235977173,0.1709345430135727,0.025026006624102592,0.011710750870406628,0.031984809786081314,11.9606351852417,-8.147788047790527,-0.034442144817895724,0.15035473132936114,0.5950690978355871,-0.15951147989944855,0.1336332888324243,0.45873089960370345
4458,4,0.5532817244529724,-0.15566009283065796,0.5415529608726501,-0.15124806761741638,1.162102460861206,-0.46758806705474854,1.129456639289856,-0.4879004657268524,0.2063196748495102,0.019700612872838974,0.01009295228868723,0.06457730382680893,0.7830597758293152,1.04319167137146,0.836760938167572,0.6368658542633057,0.14690157771110535,0.023803438991308212,0.012506661005318165,0.027980081737041473,12.033069610595703,-3.1439566612243652,0.007707826440337233,0.09404055236946748,0.5964054307239116,-0.15492417090341146,0.1336332888324243,0.45873089960370345
4459,4,0.5664981603622437,-0.16009652614593506,0.5546561479568481,-0.15634970366954803,1.432522177696228,-0.45251399278640747,1.4396414756774902,-0.5491758584976196,0.17518839240074158,0.04374762251973152,0.010081684216856956,0.057050324976444244,0.7801436185836792,1.0414907932281494,0.8407210111618042,0.6359879374504089,0.12215793132781982,0.04244846850633621,0.012964311987161636,0.02497747913002968,9.072254180908203,3.6994028091430664,0.04796274530580948,0.03267454818346632,0.5972148685281453,-0.14967904155403067,0.025660326984948478,0.5935334704735258
4460,4,0.5817012190818787,-0.1635725349187851,0.5703266263008118,-0.16175656020641327,1.5797468423843384,-0.27085959911346436,1.6508883237838745,-0.5402354001998901,0.14707137644290924,0.0630161240696907,0.03003782592713833,0.05066365376114845,0.7767936587333679,1.039801001548767,0.8434913754463196,0.6352519392967224,0.10024778544902802,0.060859840363264084,0.03074847161769867,0.02199433743953705,8.500682830810547,-1.7126774787902832,0.0667722265915169,-0.03318860839191601,0.5974714717979945,-0.14374370684929488,0.025660326984948478,0.5935334704735258
4461,4,0.597393810749054,-0.16658133268356323,0.5869672894477844,-0.16742466390132904,1.5783437490463257,-0.2863873541355133,1.6915589570999146,-0.5457890629768372,0.12483559548854828,0.06259218603372574,0.07642152160406113,0.04522345960140228,0.7728044986724854,1.0396714210510254,0.8450482487678528,0.6350537538528442,0.08117322623729706,0.06254667043685913,0.0723794549703598,0.02091803401708603,9.956731796264648,8.527000427246094,0.0599577075275204,-0.0856558515843936,0.5973265059047701,-0.13726596136421812,-0.07784008424065775,0.7333343914125989
4462,4,0.6138690710067749,-0.16721077263355255,0.6046867370605469,-0.1711808294057846,1.6351600885391235,0.0544557124376297,1.777675986289978,-0.24482296407222748,0.10691975802183151,0.080045685172081,0.1103459820151329,0.04056519642472267,0.7684269547462463,1.0379440784454346,0.8470446467399597,0.6354793310165405,0.0695018321275711,0.07345148921012878,0.10342632234096527,0.01929713971912861,7.1256256103515625,7.506430149078369,0.08370412844330635,-0.11840428671658984,0.5965481050623632,-0.12993261745009166,-0.07784008424071062,0.7333343914125989
4463,4,0.6290343403816223,-0.16596321761608124,0.6217581033706665,-0.1719290316104889,1.426040530204773,0.20896677672863007,1.6478155851364136,0.09557496011257172,0.09231217950582504,0.07576396316289902,0.15078836679458618,0.03656766936182976,0.7645992040634155,1.037290096282959,0.8484191298484802,0.6360293030738831,0.06172270327806473,0.07466956973075867,0.13654270768165588,0.01743684522807598,7.083215713500977,-1.072782278060913,0.05023781527205657,-0.1623721276299676,0.5954845158766563,-0.12218226902876798,-0.1768679448443415,0.8781336624208899
4464,4,0.6415777206420898,-0.16444839537143707,0.6367795467376709,-0.1699683964252472,1.1347066164016724,0.16509047150611877,1.4057976007461548,0.30387336015701294,0.08026020228862762,0.0711301788687706,0.16203489899635315,0.03312534838914871,0.7616199851036072,1.0370850563049316,0.8502475023269653,0.6369247436523438,0.0557558611035347,0.0692196860909462,0.1478295475244522,0.016740038990974426,5.001101493835449,4.3663811683654785,0.043179964546113274,-0.16557846160546552,0.5937158364282126,-0.11340093240455851,-0.1768679448443415,0.8781336624208832
4465,4,0.6514651775360107,-0.16140910983085632,0.6498665809631348,-0.16566500067710876,0.8478978276252747,0.4007417559623718,1.2046027183532715,0.5164837837219238,0.07023362815380096,0.07041419297456741,0.16030295193195343,0.03015565499663353,0.759943962097168,1.0362374782562256,0.8518602252006531,0.638263463973999,0.05264652520418167,0.06613214313983917,0.14256013929843903,0.015765687450766563,-0.2848505973815918,2.8257322311401367,0.06605985017895587,-0.15185416552810577,0.5917694043549984,-0.10433799424643149,-0.27142325482615565,1.0279312834984118
4466,4,0.657138466835022,-0.15699782967567444,0.6599875688552856,-0.16010859608650208,0.36782798171043396,0.5065404176712036,0.8281423449516296,0.614353597164154,0.06180879473686218,0.06705454736948013,0.15606434643268585,0.02758319489657879,0.7597684264183044,1.0349456071853638,0.8527962565422058,0.6400576233863831,0.04892101138830185,0.06201550364494324,0.13499026000499725,0.015341943129897118,0.5893325805664062,4.107170104980469,0.046539220667714265,-0.13528442621059578,0.5890551718067372,-0.09405868141144665,-0.2714232548261028,1.0279312834984118
4467,4,0.6593220233917236,-0.15075868368148804,0.6651938557624817,-0.1530892550945282,0.08347027748823166,0.711411714553833,0.23249980807304382,0.764019250869751,0.0546882189810276,0.0638526901602745,0.1436324268579483,0.025351427495479584,0.7606545686721802,1.0331833362579346,0.8532406687736511,0.6423944234848022,0.04618184268474579,0.057340849190950394,0.12119035422801971,0.015010582283139229,-1.355607509613037,5.377259254455566,0.04414498375118671,-0.08162505282456486,0.5862616772509911,-0.08364316671596325,-0.3542084475940293,1.1701872978806314
4468,4,0.6581921577453613,-0.1426018476486206,0.6643698811531067,-0.14481620490550995,-0.27832865715026855,0.9021375179290771,-0.3244936764240265,0.8835921287536621,0.04865215718746185,0.058644987642765045,0.12877017259597778,0.023416105657815933,0.7627577185630798,1.0308589935302734,0.8530471920967102,0.6454431414604187,0.04380722716450691,0.05089506506919861,0.10516059398651123,0.01520166452974081,-1.4788508415222168,9.543757438659668,0.026169398113564044,-0.05210213871400893,0.5826466171091315,-0.07181589416951073,-0.36150601418594164,1.1827272546451713
4469,4,0.6537483334541321,-0.13177132606506348,0.6589990258216858,-0.13487759232521057,-0.6086210012435913,1.207305669784546,-0.7308180332183838,1.0789653062820435,0.043499208986759186,0.052011746913194656,0.11010202020406723,0.021731873974204063,0.7661136388778687,1.0280498266220093,0.8521072864532471,0.6490928530693054,0.04227646440267563,0.04403413459658623,0.08671602606773376,0.014962850138545036,-1.7882418632507324,6.654088497161865,0.006553665154958949,-0.00438589952479046,0.5790315569672718,-0.05998862162305822,-0.3994142097182454,1.253484170939404
4470,4,0.6455824375152588,-0.1190674751996994,0.6494656205177307,-0.12311942130327225,-0.9778088331222534,1.3385487794876099,-1.1241775751113892,1.2786879539489746,0.04353395849466324,0.04637441784143448,0.09493539482355118,0.03086627461016178,0.7704876065254211,1.0247617959976196,0.8500468134880066,0.6526901125907898,0.04446118697524071,0.03779175505042076,0.07036823779344559,0.020296914502978325,-7.281160354614258,7.0813822746276855,-0.032366783785617304,0.04354029012615228,0.5745706782465901,-0.046582600377504634,-0.447116222923858,1.3425215758611548
4471,4,0.633097767829895,-0.10517195612192154,0.6360925436019897,-0.109430231153965,-1.4490416049957275,1.4532662630081177,-1.500254511833191,1.467337965965271,0.0941658467054367,0.041549306362867355,0.08242491632699966,0.046258434653282166,0.7715339064598083,1.0209927558898926,0.8467397093772888,0.6562830209732056,0.08448295295238495,0.0327221043407917,0.05716215446591377,0.029409298673272133,-5.337080955505371,3.3936643600463867,-0.048892318642967225,0.10479827389726354,0.5700995160173519,-0.03315738461889377,-0.44711622292391084,1.3425215758611548
4472,4,0.6168738603591919,-0.09047388285398483,0.6192613840103149,-0.09384947270154953,-1.7421821355819702,1.495853066444397,-1.827748417854309,1.6387078762054443,0.16740524768829346,0.037413883954286575,0.07203573733568192,0.059788089245557785,0.7717838287353516,1.017086386680603,0.8425509333610535,0.6598724722862244,0.14264874160289764,0.029240427538752556,0.04822660982608795,0.03721313923597336,-2.0478296279907227,-2.0498907566070557,-0.06237580702942486,0.18870542114093364,0.5649078611303084,-0.018268829734183978,-0.5282538810399047,1.5073142471463747
4473,4,0.5989079475402832,-0.07615381479263306,0.5994541049003601,-0.07708851993083954,-1.8148587942123413,1.3930073976516724,-2.0965192317962646,1.7138484716415405,0.22953051328659058,0.03386077284812927,0.06334509700536728,0.06514442712068558,0.772728443145752,1.0134055614471436,0.838164210319519,0.6634091734886169,0.19902607798576355,0.02662491425871849,0.04202675819396973,0.04047111049294472,0.03462791442871094,-4.725229740142822,-0.06626812522598155,0.25341426728869165,0.559625322319909,-0.0031956872627174025,-0.5282538810399047,1.5073142471463747
4474,4,0.5811731815338135,-0.06297282874584198,0.5776848793029785,-0.05997303128242493,-1.7274688482284546,1.2571756839752197,-2.1906208992004395,1.6577680110931396,0.2698381245136261,0.030789365991950035,0.05599818006157875,0.06233951821923256,0.7746701836585999,1.009841799736023,0.8339698910713196,0.6671087741851807,0.24395185708999634,0.023591764271259308,0.03707689419388771,0.040032658725976944,-1.6762399673461914,0.2926468849182129,-0.04496884629937967,0.2875709049068288,0.553738671671479,0.01316738312332144,-0.6049189885339232,1.671013178378492
4475,4,0.5644667148590088,-0.049909431487321854,0.5572440028190613,-0.044617850333452225,-1.6308692693710327,1.3221319913864136,-1.9025547504425049,1.4027462005615234,0.2883168160915375,0.028133541345596313,0.04976688697934151,0.055923108011484146,0.7777783274650574,1.0060991048812866,0.8301298022270203,0.671100914478302,0.27112287282943726,0.02099955826997757,0.0335250198841095,0.03710702806711197,0.2695322036743164,0.8006381988525391,-0.015678790900866824,0.29716389125655446,0.5476894817861404,0.029877514907105517,-0.6049189885339232,1.6710131783784947
4476,4,0.5492836236953735,-0.036478616297245026,0.5401349067687988,-0.0315699465572834,-1.4309725761413574,1.3339201211929321,-1.5650081634521484,1.2204689979553223,0.2978239059448242,0.02583124488592148,0.04445355013012886,0.05027693510055542,0.7814316749572754,1.0025333166122437,0.8268811106681824,0.6748203635215759,0.28288036584854126,0.019775470718741417,0.030984103679656982,0.0330735482275486,2.5191116333007812,-5.471124649047852,-0.014277699762406754,0.3025286937863142,0.5411436157812993,0.047538699481011915,-0.6771115454060722,1.8092500090681671
4477,4,0.5363338589668274,-0.024369025602936745,0.5260213017463684,-0.02031426690518856,-1.1618475914001465,1.1272701025009155,-1.2610504627227783,1.0637335777282715,0.29596859216690063,0.023833181709051132,0.039907656610012054,0.044891055673360825,0.7851584553718567,0.9995394945144653,0.8243595957756042,0.6779260635375977,0.2825462520122528,0.018901795148849487,0.02854694426059723,0.029320217669010162,0.38794755935668945,-6.414450645446777,-0.004680353114793451,0.289069918753649,0.5343725003272385,0.06563119957169482,-0.6771115454060722,1.8092500090681671
4478,4,0.5259072780609131,-0.014299947768449783,0.5149630904197693,-0.010561145842075348,-0.917252242565155,0.9202983975410461,-0.9576478600502014,0.9113852977752686,0.2884445786476135,0.03893513232469559,0.03601376339793205,0.040295474231243134,0.7886775732040405,0.9952633380889893,0.8225406408309937,0.6803444027900696,0.2735618054866791,0.030931586399674416,0.02668074332177639,0.025626419112086296,1.9380712509155273,-9.892396926879883,0.04171193082646671,0.26007948539508857,0.5272031993709616,0.08435098077099266,-0.7448315516562987,1.9159326490930595
4479,4,0.5181719660758972,-0.00650843046605587,0.5068660974502563,-0.0023954531643539667,-0.6332566738128662,0.6658115983009338,-0.6615089774131775,0.7292811274528503,0.27614879608154297,0.08407782018184662,0.03264836221933365,0.03633628785610199,0.7917863726615906,0.9888704419136047,0.8213869333267212,0.6819043159484863,0.25910359621047974,0.06500779092311859,0.024947013705968857,0.022199563682079315,-0.2558267116546631,-11.344809532165527,0.09329438898394457,0.22922366596441246,0.5197548838543987,0.10351030726192463,-0.7448315516562987,1.9159326490930595
4480,4,0.5128629207611084,-0.001229872927069664,0.5015698075294495,0.0035778749734163284,-0.4258418679237366,0.4400940239429474,-0.4063657820224762,0.49351033568382263,0.257950097322464,0.14190660417079926,0.029742855578660965,0.03292777016758919,0.7945355176925659,0.982272744178772,0.8208288550376892,0.6831002235412598,0.23980674147605896,0.1063932403922081,0.02345862239599228,0.02033861353993416,-1.6699063777923584,-5.518946647644043,0.15752715650445792,0.18645756286164367,0.5119979283516625,0.12303625156129333,-0.8080790072846027,1.9910610984531982
4481,4,0.5098127126693726,0.0035342553164809942,0.49895793199539185,0.00781761109828949,-0.22170251607894897,0.4865819811820984,-0.16372421383857727,0.3536115288734436,0.23661477863788605,0.20268742740154266,0.027227414771914482,0.029984012246131897,0.7970417737960815,0.9759049415588379,0.820559561252594,0.684331476688385,0.21984951198101044,0.14961041510105133,0.021610083058476448,0.018813712522387505,-4.910210609436035,-5.03314733505249,0.22353243425871294,0.14962293681251196,0.5039171382788155,0.14294686254582897,-0.8080790072846027,1.9910610984531851
4482,4,0.5077458620071411,0.00853066798299551,0.49783700704574585,0.01070692203938961,-0.1787114441394806,0.5334035754203796,-0.06616654247045517,0.25869277119636536,0.21219660341739655,0.23681780695915222,0.02504446916282177,0.027434716001152992,0.7995579242706299,0.9706881046295166,0.820481538772583,0.6856408715248108,0.19763189554214478,0.1841576099395752,0.02028813585639,0.017400206997990608,-1.1713206768035889,-10.792045593261719,0.25038017755606046,0.10820070285012554,0.49560830863459326,0.16302653641995504,-0.8668539122909842,2.034635357148537
4483,4,0.5065406560897827,0.013638842850923538,0.4975299835205078,0.013038530014455318,-0.07009515166282654,0.5084792971611023,0.0072511350736021996,0.22905880212783813,0.18952608108520508,0.26508447527885437,0.02314913645386696,0.02522534504532814,0.8018001317977905,0.9664179682731628,0.820798397064209,0.6869783401489258,0.17344650626182556,0.21126991510391235,0.019352763891220093,0.016174571588635445,2.3677539825439453,-11.955930709838867,0.2775536646704267,0.08813254328794151,0.4869397695116845,0.18337288999143933,-0.8668539122909842,2.034635357148537
4484,4,0.506884753704071,0.018722757697105408,0.4983315169811249,0.01595659926533699,0.0989064872264862,0.5006600618362427,0.13313446938991547,0.35351428389549255,0.1660795360803604,0.29921427369117737,0.021499767899513245,0.023305736482143402,0.8037872314453125,0.9625518321990967,0.8211156725883484,0.6879695057868958,0.1529383361339569,0.24079804122447968,0.017669808119535446,0.014408133924007416,-3.084007501602173,-17.2152099609375,0.3156401968618693,0.05603214829052031,0.47811484613095284,0.2037538599150021,-0.9211562666754168,2.046655425179096
4485,4,0.5070388913154602,0.022366411983966827,0.499361515045166,0.019512413069605827,1.6615726053714752e-05,0.3177796006202698,0.11665939539670944,0.40248674154281616,0.14002232253551483,0.3335421085357666,0.020063385367393494,0.021636316552758217,0.8059278130531311,0.9589359760284424,0.821625292301178,0.6888585090637207,0.12897592782974243,0.2684165835380554,0.017070848494768143,0.01366502232849598,3.5068702697753906,-16.570018768310547,0.35168831410121304,0.010810952490240664,0.4689032834641985,0.22422041416679456,-0.9211562666754433,2.046655425179109
4486,4,0.5082436800003052,0.026002872735261917,0.5012474060058594,0.0243700984865427,0.16986282169818878,0.3770034909248352,0.21568092703819275,0.5149643421173096,0.11915605515241623,0.3862753212451935,0.018810322508215904,0.020181696861982346,0.8077154755592346,0.9550389647483826,0.8222094178199768,0.6897804737091064,0.10849317163228989,0.30046945810317993,0.01587127335369587,0.012865973636507988,0.6186723709106445,-16.929107666015625,0.41713841629785925,0.005776867676724895,0.45959804675193267,0.24465024661447587,-0.9709860704379535,2.0271213025449013
4487,4,0.5095952153205872,0.02976616658270359,0.5032950639724731,0.02932637371122837,0.11881759762763977,0.40200039744377136,0.20588752627372742,0.48936349153518677,0.10233698785305023,0.4224792420864105,0.039212439209222794,0.018915429711341858,0.8091439008712769,0.9510221481323242,0.8215348124504089,0.6912257671356201,0.09190693497657776,0.32535308599472046,0.03123873844742775,0.013325792737305164,-0.22898554801940918,-9.213153839111328,0.44630270903857827,-0.042696471876599466,0.4498881860475531,0.26492145963992625,-0.9709860704379535,2.0271213025449146
4488,4,0.5107564330101013,0.035780809819698334,0.5055602192878723,0.03456292301416397,0.07731956243515015,0.7515115141868591,0.2087249457836151,0.5283498764038086,0.08859370648860931,0.45627209544181824,0.05537771061062813,0.01781192608177662,0.8104933500289917,0.9467202425003052,0.8206778764724731,0.6936901807785034,0.08094687759876251,0.34092646837234497,0.04302367940545082,0.013889148831367493,-4.312080383300781,-5.584440231323242,0.48058673934889173,-0.058631434162467466,0.4401384164087285,0.2851477210864079,-1.0126689515059053,1.9801716321007252
4489,4,0.5103036165237427,0.045115843415260315,0.5069936513900757,0.040476709604263306,-0.16033384203910828,1.0953179597854614,0.07403874397277832,0.708544909954071,0.0771750658750534,0.45903480052948,0.07305681705474854,0.016845272853970528,0.8125377297401428,0.9423597455024719,0.819063127040863,0.6970741748809814,0.07403083890676498,0.3448888063430786,0.054286107420921326,0.014407077804207802,-7.6953125,-5.663802623748779,0.4610339899715433,-0.07667165973093683,0.4299749831729428,0.3049080509788684,-1.0163433235785675,1.9760329892459265
4490,4,0.5066975951194763,0.05739103630185127,0.5065157413482666,0.04966631904244423,-0.5179195404052734,1.3555656671524048,-0.14029070734977722,1.1391723155975342,0.06764687597751617,0.4530588984489441,0.07152554392814636,0.01600046455860138,0.8158630132675171,0.9380845427513123,0.8172861933708191,0.7010623812675476,0.06924746930599213,0.3408263921737671,0.051687028259038925,0.01439968217164278,-10.06825065612793,-10.513023376464844,0.43590466647467196,-0.062254723890383834,0.4198115499371572,0.324668380871329,-1.0344470675152517,1.9394388932178879
4491,4,0.4991547465324402,0.07138846814632416,0.5030614733695984,0.06287900358438492,-0.9048491716384888,1.486846685409546,-0.5468746423721313,1.4917991161346436,0.05965157225728035,0.44358059763908386,0.0649319663643837,0.015262714587152004,0.8203355669975281,0.9337430000305176,0.8150794506072998,0.7055739164352417,0.06360156834125519,0.33039355278015137,0.045874595642089844,0.014620675705373287,-7.440094947814941,-12.508928298950195,0.41592921188609666,-0.024488632985474545,0.4092441807515622,0.34361221275165504,-1.0572280260972593,1.8933904852821848
4492,4,0.4890580177307129,0.08715663850307465,0.4948830306529999,0.07925550639629364,-1.1116278171539307,1.6554125547409058,-1.0655845403671265,1.7497533559799194,0.054973602294921875,0.4355512857437134,0.05734194815158844,0.01461577694863081,0.8254303336143494,0.9291332364082336,0.8122441172599792,0.7105006575584412,0.06095661595463753,0.3176960051059723,0.038398757576942444,0.01473711896687746,-10.20222282409668,-12.34330940246582,0.41193315815338416,0.025482291430800608,0.398671900490591,0.3625461176044758,-1.0572280260972593,1.8933904852821584
4493,4,0.4761185348033905,0.10432600229978561,0.48167577385902405,0.09747999906539917,-1.4395188093185425,1.780377984046936,-1.5135505199432373,1.8895301818847656,0.054688114672899246,0.42582061886787415,0.05090878903865814,0.014049243181943893,0.8311182856559753,0.9240785241127014,0.8085218071937561,0.7160620093345642,0.06250743567943573,0.3002472519874573,0.031573336571455,0.015484480187296867,-12.659381866455078,-5.320804119110107,0.39681782750432837,0.052875679608882134,0.38777628469460734,0.38046596952631806,-1.093640177994002,1.7791937906536368
4494,4,0.4600207209587097,0.12393974512815475,0.4648401737213135,0.11751731485128403,-1.772442102432251,2.087747573852539,-1.842875361442566,2.089533567428589,0.09515935927629471,0.41573068499565125,0.04542991518974304,0.013552973046898842,0.8339488506317139,0.9184019565582275,0.8035759329795837,0.7221264839172363,0.09941713511943817,0.2842388451099396,0.02541247196495533,0.015527053736150265,-13.52269172668457,-10.197914123535156,0.3851967994307432,0.1040799176905613,0.37683988291466597,0.39825790743285777,-1.093640177994002,1.7791937906536368
4495,4,0.4401084780693054,0.14501090347766876,0.44421982765197754,0.1389547735452652,-2.133352756500244,2.159592628479004,-2.215095281600952,2.219074249267578,0.14776886999607086,0.39693892002105713,0.040738098323345184,0.01311759278178215,0.8360376954078674,0.9122005105018616,0.7981423735618591,0.7289196848869324,0.14801962673664093,0.26236239075660706,0.02220844477415085,0.016529887914657593,-4.710872173309326,-3.9098238945007324,0.3389699841940989,0.16195049694327607,0.3656518009132688,0.4149013458708976,-1.1255797792688487,1.6334429053603086
4496,4,0.419841468334198,0.16903865337371826,0.42174988985061646,0.16309739649295807,-2.0071706771850586,2.516846179962158,-2.334456443786621,2.5061442852020264,0.20958732068538666,0.3796456754207611,0.0367211289703846,0.012736758217215538,0.8376352190971375,0.9052694439888,0.7926448583602905,0.7363859415054321,0.2050929069519043,0.24055057764053345,0.019311318174004555,0.016976259648799896,-7.231950759887695,-1.8160593509674072,0.32444426483724237,0.2316857357479348,0.3543960031205816,0.4312357749245,-1.1255797792688487,1.633442905360335
4497,4,0.39976510405540466,0.1952865868806839,0.3974614143371582,0.18904469907283783,-1.9885963201522827,2.7134523391723633,-2.473193645477295,2.680596351623535,0.22344042360782623,0.35150793194770813,0.033257003873586655,0.01240234263241291,0.8412973880767822,0.8978003263473511,0.7871778011322021,0.7442263960838318,0.24089959263801575,0.21892383694648743,0.017076225951313972,0.01719992607831955,-7.8190765380859375,-3.6143696308135986,0.25866942522449593,0.22886510305689256,0.3429512353187465,0.446396542484307,-1.1530468299217465,1.4628495935163963
4498,4,0.37991827726364136,0.22290365397930145,0.37361669540405273,0.21666072309017181,-1.9674072265625,2.8108439445495605,-2.254061460494995,2.836949586868286,0.2364673614501953,0.32011908292770386,0.03026699088513851,0.012109056115150452,0.8463353514671326,0.8900189399719238,0.7820414900779724,0.7523524165153503,0.2590404152870178,0.196317657828331,0.015623954124748707,0.017422836273908615,-5.8093976974487305,-3.010646104812622,0.2112543952301396,0.24180385472041016,0.33142076701952894,0.4610250384194718,-1.1530468299217729,1.4628495935163697
4499,4,0.3610791265964508,0.2516898810863495,0.35300296545028687,0.24589283764362335,-1.818605899810791,2.9156360626220703,-1.917251706123352,2.975466728210449,0.24850960075855255,0.28882190585136414,0.02768438495695591,0.011852161027491093,0.8513123989105225,0.8819629549980164,0.7774316668510437,0.7605480551719666,0.2705128788948059,0.1755242645740509,0.014631257392466068,0.017358193174004555,-3.137415647506714,-5.355825424194336,0.1737211216823769,0.2537845342020456,0.31975509382223116,0.4746622531557335,-1.1760413299527748,1.2942609115783388
4500,4,0.3441634774208069,0.28078123927116394,0.33532577753067017,0.2759636640548706,-1.5771584510803223,2.899176836013794,-1.6360628604888916,3.022592067718506,0.24773187935352325,0.25657352805137634,0.025444211438298225,0.011626635678112507,0.8564122319221497,0.8737823367118835,0.7732552886009216,0.7687769532203674,0.27402302622795105,0.15441367030143738,0.013326841406524181,0.017613694071769714,-11.607565879821777,1.7963457107543945,0.1310333676126762,0.24456012100314023,0.30799468052270357,0.4876048622715178,-1.1760413299527748,1.2942609115783388
4501,4,0.3285541236400604,0.3104008734226227,0.3199865520000458,0.306191623210907,-1.519816517829895,3.006178379058838,-1.4485411643981934,3.0276548862457275,0.24182453751564026,0.22690218687057495,0.023501165211200714,0.011428938247263432,0.8618565201759338,0.8653537631034851,0.7692909240722656,0.7770277857780457,0.2709231972694397,0.13541148602962494,0.012215886265039444,0.017399130389094353,-10.940842628479004,-2.363903522491455,0.1040241598346307,0.2175123137675727,0.2961438823349199,0.4997673138261391,-1.1945632793618277,1.1343886236603054
4502,4,0.31371650099754333,0.3400503396987915,0.3059307932853699,0.336283415555954,-1.4324301481246948,2.9377057552337646,-1.3536312580108643,3.004692316055298,0.236690953373909,0.19514118134975433,0.021810024976730347,0.011255295015871525,0.8671914339065552,0.857008695602417,0.7656933665275574,0.7850293517112732,0.263653427362442,0.11775077879428864,0.011519964784383774,0.017116015776991844,-9.497641563415527,-2.675304412841797,0.055436639080970296,0.21535134827228689,0.2841982495413002,0.5111112000627446,-1.1945632793618277,1.1343886236603318
4503,4,0.3002396523952484,0.36909160017967224,0.29307353496551514,0.3662184178829193,-1.2797373533248901,2.8613486289978027,-1.2290536165237427,2.9678845405578613,0.2309785932302475,0.16625523567199707,0.02033345401287079,0.011102485470473766,0.8722912073135376,0.849041223526001,0.7621829509735107,0.7924601435661316,0.258269727230072,0.10297702252864838,0.01026234496384859,0.016368182376027107,-14.648123741149902,-5.494077205657959,0.031559804750463494,0.2070879846703564,0.27219810676800327,0.5218686195878885,-1.2086126781489581,0.983232729762349
4504,4,0.28691112995147705,0.39617297053337097,0.28068920969963074,0.39482560753822327,-1.3307572603225708,2.6149203777313232,-1.215151071548462,2.7994134426116943,0.22243452072143555,0.14003880321979523,0.01904682070016861,0.010968387126922607,0.8775610327720642,0.8418488502502441,0.7585854530334473,0.7990717887878418,0.25163787603378296,0.09068699926137924,0.009275608696043491,0.015244158916175365,-14.899797439575195,-10.367919921875,0.007847694253459825,0.18616295564382432,0.260111979986515,0.531700946885512,-1.2086126781489845,0.983232729762349
4505,4,0.27341440320014954,0.42030128836631775,0.2684183418750763,0.42165905237197876,-1.342698097229004,2.2670695781707764,-1.2193011045455933,2.59000301361084,0.21734844148159027,0.11956201493740082,0.017923755571246147,0.010850615799427032,0.8825998306274414,0.8352890014648438,0.7553028464317322,0.8052713871002197,0.2425203174352646,0.07703783363103867,0.009009637869894505,0.015301546081900597,-11.96198558807373,-1.5087246894836426,0.01239243043168542,0.19546731553497637,0.24799827303268154,0.5411230655333379,-1.2181895263142055,0.8407932298844696
4506,4,0.2612515091896057,0.44346392154693604,0.257110059261322,0.44661593437194824,-1.172226905822754,2.285114288330078,-1.1144037246704102,2.3389523029327393,0.21393680572509766,0.10655948519706726,0.01694272644817829,0.010747181251645088,0.8870143890380859,0.828547477722168,0.7524250149726868,0.811222493648529,0.2343910038471222,0.06732078641653061,0.008900746703147888,0.014724411070346832,-6.7100629806518555,-2.2910189628601074,0.035713873486881764,0.19913614353870018,0.23581637776953956,0.5495309978321831,-1.2181895263142055,0.8407932298844696
4507,4,0.2506793439388275,0.46568188071250916,0.24632622301578522,0.4683767855167389,-0.9889583587646484,2.1438796520233154,-1.05873703956604,2.028132677078247,0.2062901109457016,0.09200924634933472,0.016085132956504822,0.010656333528459072,0.8908389210700989,0.8217222094535828,0.7502566576004028,0.8173469305038452,0.2225106656551361,0.055561281740665436,0.009116576984524727,0.015645259991288185,-5.347064971923828,12.688651084899902,0.005279470951244036,0.17275573894707208,0.22362488704014505,0.557687546754851,-1.2232938238575042,0.7070701240266409
4508,4,0.24266788363456726,0.48921841382980347,0.2373422384262085,0.4883732795715332,-0.7234014868736267,2.4295876026153564,-0.8289361000061035,1.8975856304168701,0.19439274072647095,0.08000468462705612,0.015335116535425186,0.010576549917459488,0.8944644927978516,0.8147436380386353,0.7483437657356262,0.8229711651802063,0.21015796065330505,0.05019701272249222,0.008893625810742378,0.013810192234814167,-1.7953109741210938,-5.629912376403809,-0.00184832210770286,0.1411581630100176,0.21139194880157008,0.5647582479951174,-1.223293823857491,0.707070124026588
4509,4,0.23547598719596863,0.5101535320281982,0.22901225090026855,0.5061237215995789,-0.650637149810791,1.8986750841140747,-0.7556368708610535,1.7787425518035889,0.1761769950389862,0.0700116902589798,0.014678997918963432,0.06628785282373428,0.89815354347229,0.8090502023696899,0.7468885779380798,0.8241256475448608,0.191568061709404,0.04596772789955139,0.008816338144242764,0.059925053268671036,-1.5115165710449219,-7.470061779022217,-0.07620614934145714,0.09201037605626475,0.1991584547015898,0.5717189583447878,-1.2238743932254685,0.5921901535381006
4510,4,0.22979673743247986,0.5266082882881165,0.22260385751724243,0.5235907435417175,-0.4944075644016266,1.4193925857543945,-0.5354395508766174,1.6916594505310059,0.15789560973644257,0.06162421777844429,0.014104471541941166,0.06061253696680069,0.9016523361206055,0.8049392104148865,0.7459503412246704,0.8272071480751038,0.16911530494689941,0.04463750123977661,0.00903305597603321,0.05598878115415573,0.9441924095153809,-9.55233383178711,-0.02545051851050878,0.07002987119441574,0.18691919899380105,0.5775395924666759,-1.2239255707788805,0.582063412188757
4511,4,0.22600190341472626,0.5381153225898743,0.21855366230010986,0.5395179986953735,-0.2881189286708832,0.9214370250701904,-0.2984713912010193,1.4878053665161133,0.13709984719753265,0.05677386745810509,0.013601944781839848,0.05369469150900841,0.9046607613563538,0.8025742769241333,0.7457395792007446,0.8295307159423828,0.1438424289226532,0.043855831027030945,0.009621817618608475,0.047875795513391495,6.841084957122803,-11.71792221069336,0.026308650733391864,0.032373085611511795,0.1746799432860123,0.5833602265885639,-1.2221639080016642,0.530570066110839
4512,4,0.22487163543701172,0.5451977849006653,0.21702773869037628,0.5516539812088013,0.01142645813524723,0.5208935141563416,-0.03528444468975067,0.8802680373191833,0.1168183982372284,0.08286523073911667,0.0162652675062418,0.04780280962586403,0.9071390628814697,0.7993008494377136,0.7457490563392639,0.8306032419204712,0.1212429478764534,0.06272533535957336,0.011416381224989891,0.03991035744547844,0.48775434494018555,-13.67566967010498,0.08832964780880409,-0.016650877855627973,0.16247999430558596,0.5880319263392191,-1.2199471087084592,0.46577309437097664
4513,4,0.22473645210266113,0.5476084351539612,0.21719439327716827,0.5558617115020752,0.015753664076328278,0.04917945712804794,0.0935664027929306,0.09435530006885529,0.1004214808344841,0.13168643414974213,0.07414545118808746,0.04277791827917099,0.9092020988464355,0.7956207990646362,0.7432606220245361,0.8304725885391235,0.10291934758424759,0.098457932472229,0.04786563664674759,0.03370141237974167,-5.604832172393799,-11.347390174865723,0.14451154915936354,-0.08521291433965482,0.15028052321850285,0.5926896572829286,-1.2199471087084592,0.46577309437097664
4514,4,0.22407694160938263,0.5461056232452393,0.21828575432300568,0.5537151098251343,-0.13157495856285095,-0.29927247762680054,0.12027525901794434,-0.43893325328826904,0.08697409927845001,0.19699276983737946,0.1043679341673851,0.03847077861428261,0.9112206101417542,0.7920449376106262,0.7415419816970825,0.8296210169792175,0.09048464894294739,0.14376923441886902,0.06710300594568253,0.029523897916078568,-7.316580772399902,-6.034786701202393,0.21882800624239634,-0.11155974376414751,0.13816220805793425,0.5963921447051074,-1.2108078041667532,0.35819917057324685
4515,4,0.2218693196773529,0.5426421165466309,0.21941764652729034,0.5478142499923706,-0.32007455825805664,-0.3940291702747345,0.08117982000112534,-0.7144091129302979,0.07583007961511612,0.2573748826980591,0.11228533834218979,0.03476637229323387,0.9136179089546204,0.7889874577522278,0.7402946352958679,0.8285987377166748,0.08022405952215195,0.18819105625152588,0.07250179350376129,0.026613524183630943,-2.4670636653900146,-4.809141159057617,0.28234277394784474,-0.11431804169691112,0.12605413001626672,0.59997413641084,-1.2108078041667598,0.35819917057324685
4516,4,0.21841175854206085,0.5389744639396667,0.2200905680656433,0.5399805903434753,-0.4035544991493225,-0.35805216431617737,0.002912994474172592,-0.8688995838165283,0.06652161478996277,0.29319313168525696,0.11158809065818787,0.03157307207584381,0.9162228107452393,0.7868882417678833,0.7392258644104004,0.8277186751365662,0.07074522227048874,0.22228312492370605,0.0722290650010109,0.024417564272880554,-0.12808799743652344,-3.7848544120788574,0.3102920042561785,-0.10777266760822601,0.11405982014674518,0.6027771426567027,-1.1963699987838148,0.25934164079556765
4517,4,0.21436725556850433,0.5359094738960266,0.2186201959848404,0.5309993028640747,-0.42173999547958374,-0.2939019501209259,-0.310080349445343,-0.8457421064376831,0.058666422963142395,0.3102937340736389,0.11399343609809875,0.028806349262595177,0.918797492980957,0.7857816219329834,0.7380292415618896,0.8269789218902588,0.06254937499761581,0.24555730819702148,0.07298608124256134,0.02238059602677822,0.6630611419677734,-2.81552791595459,0.3187455132947342,-0.11458926694729307,0.10209612015890618,0.6053705590646583,-1.1963699987838148,0.25934164079551475
4518,4,0.21000924706459045,0.5331465005874634,0.21397387981414795,0.5247110724449158,-0.4633890390396118,-0.2600230872631073,-0.5790883302688599,-0.45650213956832886,0.052031517028808594,0.31708356738090515,0.12653273344039917,0.026414498686790466,0.9214965105056763,0.785436749458313,0.7362133264541626,0.8265440464019775,0.05673515424132347,0.2561193108558655,0.07798916101455688,0.021233342587947845,-3.4784603118896484,1.2920546531677246,0.32062816052394694,-0.12991025073375811,0.09026820358716096,0.607343815286365,-1.1766336925598029,0.16920050503783327
4519,4,0.20427526533603668,0.5315440893173218,0.2071056067943573,0.5218560695648193,-0.6685530543327332,-0.07012403011322021,-0.7713160514831543,-0.1489645093679428,0.04638826474547386,0.3228817582130432,0.13786311447620392,0.024339765310287476,0.9248500466346741,0.7851508259773254,0.7337173223495483,0.8266863226890564,0.0528581365942955,0.2573217749595642,0.08141719549894333,0.020452793687582016,-6.580835342407227,2.270476818084717,0.3259740742081444,-0.1411096986511874,0.07850186666156073,0.6090358203367441,-1.1766336925598029,0.16920050503783327
4520,4,0.19588090479373932,0.5319824814796448,0.19831594824790955,0.5216978788375854,-0.9784390926361084,0.1544504463672638,-0.9636409282684326,0.10856721550226212,0.04156504571437836,0.31889596581459045,0.1357487589120865,0.0225363876670599,0.9290117621421814,0.7846416234970093,0.7309122681617737,0.8275119662284851,0.049168720841407776,0.2503538131713867,0.07856094837188721,0.019962603226304054,-3.0164027214050293,1.7666077613830566,0.3046946122427497,-0.12485325411342234,0.0668827313943225,0.6102490576864553,-1.1515988854946242,0.08777576330025526
4521,4,0.18525353074073792,0.5349423885345459,0.18788091838359833,0.5243753790855408,-1.1515523195266724,0.40438899397850037,-1.1318516731262207,0.3893040716648102,0.037427209317684174,0.3090316355228424,0.127968430519104,0.020966626703739166,0.9339136481285095,0.7839527130126953,0.7276784181594849,0.8285638093948364,0.04618436098098755,0.2429490089416504,0.07162976264953613,0.018566032871603966,-2.753387689590454,-6.999876499176025,0.27347005838883265,-0.08742388823830272,0.055366742539375416,0.611126815319458,-1.151598885494631,0.08777576330025526
4522,4,0.1722395122051239,0.5384260416030884,0.17495286464691162,0.5285518169403076,-1.385661244392395,0.359841912984848,-1.3896011114120483,0.4670429229736328,0.033866818994283676,0.292741596698761,0.11812801659107208,0.019598837941884995,0.939412534236908,0.7835765480995178,0.7239967584609985,0.8293483853340149,0.04304726794362068,0.23707380890846252,0.06432140618562698,0.01676364429295063,-0.4580545425415039,-15.631184577941895,0.23263950892539328,-0.06576318309386942,0.04399877658337197,0.6116497649493343,-1.121265577588303,0.015067415582674975
4523,4,0.1575266271829605,0.5407401919364929,0.15979580581188202,0.5327950119972229,-1.5129681825637817,0.1707955002784729,-1.5879188776016235,0.4017595946788788,0.0307959895581007,0.2805016040802002,0.10449744760990143,0.01840616948902607,0.9449323415756226,0.7835952043533325,0.7203711867332458,0.8300306797027588,0.03930239751935005,0.22833023965358734,0.05687916651368141,0.015897948294878006,3.086376190185547,-10.469088554382324,0.2341231011990516,-0.02983318667250623,0.032786120807486836,0.6118004391051612,-1.121265577588303,0.015067415582674975
4524,4,0.14298026263713837,0.5429674983024597,0.14384949207305908,0.5369284152984619,-1.4512407779693604,0.21459820866584778,-1.6372253894805908,0.3780458867549896,0.028137922286987305,0.27607664465904236,0.09031659364700317,0.01736406423151493,0.9503293633460999,0.7835025787353516,0.7168262600898743,0.8306182622909546,0.03626738116145134,0.22236919403076172,0.04836913198232651,0.014799611642956734,3.7681221961975098,-10.776349067687988,0.2590758013672194,-0.006176491478820406,0.02171171216944745,0.6117028321673629,-1.0856337688408215,-0.04892453811485471
4525,4,0.12844908237457275,0.5447795391082764,0.12706692516803741,0.5401593446731567,-1.4610309600830078,0.14683277904987335,-1.7007017135620117,0.2712860703468323,0.025836601853370667,0.2704187333583832,0.07871487736701965,0.016454320400953293,0.9558144807815552,0.7833758592605591,0.7130417227745056,0.8310827612876892,0.034205444157123566,0.21835368871688843,0.040494404733181,0.014041914604604244,-0.38716912269592285,-7.94309139251709,0.24843721338455793,-0.010698046216279178,0.010855374481038486,0.6112135867862145,-1.0856337688408224,-0.048924538114801845
4526,4,0.11309997737407684,0.5462571382522583,0.11030644178390503,0.5423146486282349,-1.5856146812438965,0.14790068566799164,-1.6378650665283203,0.17517048120498657,0.023838240653276443,0.2672816216945648,0.06893866509199142,0.015658671036362648,0.961477518081665,0.7831990122795105,0.7089673280715942,0.8315422534942627,0.03203645348548889,0.214631587266922,0.03439316898584366,0.013332086615264416,1.9092297554016113,-8.782991409301758,0.2549967938151877,-0.004210728424933197,0.00011691116769110225,0.6105651544329017,-1.0447034592521818,-0.10420009779233382
4527,4,0.09720194339752197,0.547710657119751,0.09444393217563629,0.5438218712806702,-1.599094033241272,0.13530965149402618,-1.5544954538345337,0.12540891766548157,0.02358289249241352,0.2639878988265991,0.060706742107868195,0.014961197972297668,0.9669051766395569,0.7829588651657104,0.7047991156578064,0.8320042490959167,0.031289007514715195,0.2112257182598114,0.029350291937589645,0.012882708571851254,1.2496256828308105,-6.186189651489258,0.2510627278827135,0.021812368549166017,-0.010330123424832676,0.6095231534549782,-1.0447034592521822,-0.10420009779233382
4528,4,0.08121650665998459,0.5493121147155762,0.07922184467315674,0.5449782013893127,-1.6010648012161255,0.1703735888004303,-1.5072168111801147,0.10552399605512619,0.03125959634780884,0.26097118854522705,0.05377289652824402,0.014352330937981606,0.9712626338005066,0.7825544476509094,0.7003840208053589,0.8327268362045288,0.039247553795576096,0.20530349016189575,0.024482812732458115,0.012956987135112286,-5.054746627807617,1.2457585334777832,0.2489989514348609,0.032552235401949514,-0.020690253406756197,0.6083936268383116,-0.9984746488223865,-0.15075926344976232
4529,4,0.06444871425628662,0.5520879626274109,0.0641721561551094,0.5463300943374634,-1.7312557697296143,0.35068535804748535,-1.509259581565857,0.1749589890241623,0.04082551598548889,0.2565181851387024,0.047888100147247314,0.01381970476359129,0.9756280183792114,0.7817104458808899,0.6954712271690369,0.8339413404464722,0.05039091035723686,0.19659119844436646,0.0202694870531559,0.013134988956153393,-8.78766918182373,5.116899013519287,0.2386727387680187,0.04261140096570398,-0.030674999894980744,0.6068860342038136,-0.9984746488223865,-0.1507592634498152
4530,4,0.046230487525463104,0.5567263960838318,0.0486752912402153,0.5490654110908508,-1.8835783004760742,0.5553438663482666,-1.617840051651001,0.38313308358192444,0.06817416846752167,0.24613764882087708,0.042854536324739456,0.01335230190306902,0.9782410860061646,0.780499279499054,0.6902243494987488,0.8355034589767456,0.07697633653879166,0.18663081526756287,0.017168724909424782,0.012995709665119648,-5.4927978515625,0.6440591812133789,0.20405764173854066,0.07369555130667665,-0.04061440853875365,0.605345144475953,-0.9511215434480318,-0.1855364080125649
4531,4,0.02745983749628067,0.5625600218772888,0.03128964453935623,0.5540294647216797,-1.8549937009811401,0.6233315467834473,-1.8392562866210938,0.596718966960907,0.10405316203832626,0.2296239137649536,0.03852943703532219,0.012941697612404823,0.9797546863555908,0.7792204022407532,0.6851288080215454,0.8373623490333557,0.11162523925304413,0.1733085811138153,0.015215474180877209,0.013151752762496471,-3.733588457107544,2.551448345184326,0.16124461243966265,0.11211515024046564,-0.05008388191426976,0.603459124125081,-0.9469473375514328,-0.1886020350871931
4532,4,0.009751889854669571,0.5696484446525574,0.012361767701804638,0.5610626935958862,-1.7079111337661743,0.7630071043968201,-1.9335370063781738,0.7746400833129883,0.1203724667429924,0.21202322840690613,0.03481794521212578,0.012582299299538136,0.9823154807090759,0.7778764367103577,0.6804921627044678,0.8392742872238159,0.13333867490291595,0.16051432490348816,0.01390283927321434,0.012552570551633835,-0.043648481369018555,-3.62831711769104,0.1363874297236669,0.12468954976784377,-0.059553355289782485,0.6015731037742095,-0.9217848711986492,-0.2014991934301282
4533,4,-0.006229310762137175,0.576715350151062,-0.007297167554497719,0.5689272284507751,-1.4903948307037354,0.6795011758804321,-1.9759396314620972,0.7959638833999634,0.12010377645492554,0.19108667969703674,0.031617600470781326,0.012267102487385273,0.9861350059509277,0.7767660021781921,0.6765757203102112,0.8411908745765686,0.13747644424438477,0.14586707949638367,0.012805331498384476,0.012480583041906357,-0.8858954906463623,0.6965065002441406,0.09750669707816062,0.11866271188683519,-0.06846139646755321,0.599399318311142,-0.8901215254393259,-0.2177284127045204
4534,4,-0.020108014345169067,0.5839805603027344,-0.025521384552121162,0.577077329158783,-1.3223036527633667,0.7440627813339233,-1.6468266248703003,0.8154654502868652,0.11676938086748123,0.1735963672399521,0.02885543555021286,0.011990980245172977,0.9904231429100037,0.7756078243255615,0.6730590462684631,0.8431752324104309,0.13459160923957825,0.1312565952539444,0.011600811034440994,0.012301286682486534,-1.2241065502166748,1.454179286956787,0.0919543407851789,0.09877257113309895,-0.07736261172194707,0.5972220341840964,-0.8901215254393259,-0.21772841270457324
4535,4,-0.032865479588508606,0.5914632081985474,-0.03989240899682045,0.5851395726203918,-1.2243471145629883,0.7473896741867065,-1.2609610557556152,0.7974132895469666,0.11157529056072235,0.15471433103084564,0.026459060609340668,0.011748366989195347,0.994674026966095,0.7744713425636292,0.6699701547622681,0.845075786113739,0.12753714621067047,0.11794289946556091,0.010906800627708435,0.011892439797520638,1.3078522682189941,-0.8142375946044922,0.06324029403536228,0.08330510084871726,-0.08571217053969685,0.594863511854356,-0.8279972124860627,-0.23813839630184996
4536,4,-0.04404912143945694,0.5985643267631531,-0.05092835798859596,0.592939555644989,-1.025829792022705,0.6756811738014221,-0.9787151217460632,0.7579457759857178,0.10616578161716461,0.13625912368297577,0.024379141628742218,0.011535421945154667,0.9985175132751465,0.7735380530357361,0.667383074760437,0.8469143509864807,0.11967506259679794,0.10406074672937393,0.010205862112343311,0.011836351826786995,-2.4244964122772217,4.470000267028809,0.043033574783637715,0.07634407309409827,-0.09399214266455702,0.5924821278913376,-0.8279972124860627,-0.23813839630184996
4537,4,-0.05361395701766014,0.6055874824523926,-0.05952839553356171,0.6003376841545105,-0.8963071703910828,0.7142765522003174,-0.7695215344429016,0.720289409160614,0.09801343083381653,0.12000946700572968,0.02257208526134491,0.011348591186106205,1.002244234085083,0.7725883722305298,0.6650332808494568,0.848661482334137,0.11078965663909912,0.09174589812755585,0.009355191141366959,0.011426737532019615,-3.86533260345459,2.1835756301879883,0.03446944208539306,0.05228254731943531,-0.10174083111555463,0.5900085998470853,-0.7605743986916399,-0.24983198587912894
4538,4,-0.06237703561782837,0.6121460199356079,-0.06676588207483292,0.6070732474327087,-0.8374440670013428,0.6220707297325134,-0.6718370914459229,0.6491061449050903,0.08874352276325226,0.10300987213850021,0.020997831597924232,0.01118443999439478,1.0059611797332764,0.7720776796340942,0.6628710031509399,0.8499491810798645,0.1001596748828888,0.0817064419388771,0.008730963803827763,0.010525541380047798,-2.6491546630859375,-4.475401878356934,0.009275640180214886,0.03565768489556834,-0.10934657510247155,0.5875102799882939,-0.7605743986916399,-0.24983198587907607
4539,4,-0.0704103633761406,0.6167523860931396,-0.073276586830616,0.6127617359161377,-0.7536220550537109,0.354120135307312,-0.6133131980895996,0.5121645927429199,0.08005046844482422,0.08911056071519852,0.0196268018335104,0.011040403507649899,1.0090574026107788,0.772034764289856,0.6614857316017151,0.8510674834251404,0.08704616129398346,0.0704687163233757,0.00923889223486185,0.010452496819198132,5.427732467651367,2.334747314453125,0.00440874251966808,0.02906201704116633,-0.11645200517998869,0.5849914773816897,-0.6878530840560638,-0.25280918143635733
4540,4,-0.07534746080636978,0.6209511756896973,-0.07794953882694244,0.6180226802825928,-0.3515300154685974,0.39518216252326965,-0.4063701927661896,0.46373990178108215,0.07114463299512863,0.08043476194143295,0.018430031836032867,0.010913852602243423,1.0112528800964355,0.7717342972755432,0.6609631180763245,0.8520132303237915,0.07498878985643387,0.06296646595001221,0.009300091303884983,0.010131956078112125,6.1457014083862305,3.198726177215576,0.029646635729141446,0.017739905631637257,-0.12333053602054894,0.5824633855673261,-0.6878530840560572,-0.25280918143635733
4541,4,-0.07748560607433319,0.624513566493988,-0.0812060758471489,0.6218188405036926,-0.11092789471149445,0.31118419766426086,-0.2477266937494278,0.3014698326587677,0.06258098781108856,0.0703737810254097,0.04258343577384949,0.010802746750414371,1.0127596855163574,0.7716142535209656,0.6600104570388794,0.8528311252593994,0.06467187404632568,0.05572693049907684,0.0213558841496706,0.010030396282672882,1.6795563697814941,7.476952075958252,0.009281417697257717,-0.046627330018516225,-0.1297503197178565,0.5799690395505304,-0.6098332685793347,-0.24706998297353513
4542,4,-0.078249491751194,0.627613365650177,-0.08262745290994644,0.6241121888160706,-0.04667934030294418,0.3019605576992035,-0.04717706888914108,0.17863228917121887,0.05535165220499039,0.061931062489748,0.08340298384428024,0.010705169290304184,1.0139822959899902,0.7716671824455261,0.6585076451301575,0.8534098267555237,0.0572071447968483,0.049903273582458496,0.04069560021162033,0.009467500261962414,-2.032444477081299,4.293489456176758,0.008874626622592051,-0.09180528389432858,-0.1358486524036502,0.5774983397207946,-0.6098332685793347,-0.24706998297358798
4543,4,-0.07943471521139145,0.6295937299728394,-0.08274287730455399,0.6251809000968933,-0.14942073822021484,0.14110305905342102,0.037288472056388855,0.08226104825735092,0.04921790212392807,0.05480394512414932,0.10685811191797256,0.010619498789310455,1.015135407447815,0.7720644474029541,0.6574355363845825,0.8536882400512695,0.05082426220178604,0.044940464198589325,0.05263225734233856,0.009071754291653633,0.613858699798584,3.164193630218506,-0.001792045928765168,-0.11256411252188316,-0.1415404017140188,0.5750981814459677,-0.5265149522614327,-0.2326143904907152
4544,4,-0.0807470977306366,0.6304115056991577,-0.08187087625265121,0.6258957386016846,-0.13209527730941772,0.02362086996436119,0.11288229376077652,0.048489101231098175,0.043987251818180084,0.04909924045205116,0.10682786256074905,0.010544255375862122,1.016108512878418,0.7726022005081177,0.6571913957595825,0.8538498282432556,0.04498431459069252,0.040157485753297806,0.054064031690359116,0.009005566127598286,3.3778023719787598,7.29433536529541,0.012587128564326873,-0.10666017167963332,-0.14680555123663416,0.5727720375410602,-0.5265149522614327,-0.2326143904907152
4545,4,-0.08133657276630402,0.6309342980384827,-0.08022874593734741,0.6264448165893555,-0.029414229094982147,0.036182302981615067,0.15905113518238068,0.026227809488773346,0.039501141756772995,0.04559355974197388,0.1156798005104065,0.010478070937097073,1.016972303390503,0.7733058333396912,0.6568289399147034,0.85353022813797,0.04029463604092598,0.03892730921506882,0.05791624262928963,0.008120651356875896,2.7479147911071777,-0.9087681770324707,0.02290391256287825,-0.11789647521961602,-0.1517268781533339,0.5705357981603627,-0.43789813510238434,-0.20944240398784464
4546,4,-0.08197318017482758,0.6293025016784668,-0.07970980554819107,0.6255632638931274,-0.05411215499043465,-0.27585679292678833,-0.002828296273946762,-0.15200699865818024,0.03565404191613197,0.04148254171013832,0.13651148974895477,0.010420025326311588,1.0176445245742798,0.7748231291770935,0.6561790704727173,0.852818489074707,0.036279384046792984,0.03649558126926422,0.06760638952255249,0.007837699726223946,0.695502758026123,3.824751377105713,0.014535406373523834,-0.142373030817256,-0.15610585950435812,0.5684413741204845,-0.43789813510239756,-0.20944240398784464
4547,4,-0.08249640464782715,0.6262511014938354,-0.08008076250553131,0.6234345436096191,-0.06464871019124985,-0.3487301766872406,-0.07385115325450897,-0.28330445289611816,0.03233640640974045,0.056573811918497086,0.14476378262043,0.010369000025093555,1.0179827213287354,0.7746202945709229,0.6560579538345337,0.852185070514679,0.031948432326316833,0.04491540417075157,0.07399123162031174,0.008044803515076637,7.79909610748291,9.571418762207031,0.059342410473151634,-0.1471769840654135,-0.16021437602066105,0.5664387847860761,-0.3439828171021762,-0.17755402346492352
4548,4,-0.081658273935318,0.6238406896591187,-0.08031440526247025,0.6206537485122681,0.13759644329547882,-0.21170970797538757,-0.03268994763493538,-0.32348060607910156,0.029471272602677345,0.06908124685287476,0.15112364292144775,0.010324190370738506,1.0183204412460327,0.7744032740592957,0.6559864282608032,0.851084291934967,0.029860008507966995,0.057486556470394135,0.07552023977041245,0.00715697230771184,2.294449806213379,-0.90950608253479,0.07159338079833574,-0.15305286417221436,-0.16365420419168358,0.564663244551427,-0.3439828171021894,-0.17755402346487065
4549,4,-0.0817495733499527,0.6194378137588501,-0.08176443725824356,0.6158801913261414,-0.05571920797228813,-0.541642963886261,-0.15741141140460968,-0.5317879319190979,0.026989296078681946,0.06657566875219345,0.18293778598308563,0.01028480101376772,1.0187135934829712,0.7763452529907227,0.6551752686500549,0.8494393229484558,0.027086902409791946,0.06086118891835213,0.0899621769785881,0.006474637426435947,7.0171284675598145,-5.139676094055176,0.051245184824201685,-0.1932775198059043,-0.16690752230085934,0.5629640364154687,-0.2447689982608348,-0.13694924892189891
4550,4,-0.08198276907205582,0.612671971321106,-0.08298914134502411,0.6099964380264282,-0.015031851828098297,-0.7849206924438477,-0.09247401356697083,-0.6475289463996887,0.02483747899532318,0.09849439561367035,0.180781289935112,0.0102502116933465,1.0190922021865845,0.7768392562866211,0.6549959182739258,0.8471896052360535,0.025445282459259033,0.0835183709859848,0.09016118198633194,0.005777844227850437,4.516198635101318,-4.045295715332031,0.10564507463627976,-0.17074506603035708,-0.16935521228346784,0.5615945439262496,-0.2447689982608348,-0.13694924892189891
4551,4,-0.08255654573440552,0.6037629842758179,-0.08354747295379639,0.6025151014328003,-0.08384529501199722,-0.9623060822486877,-0.01615516096353531,-0.8327109217643738,0.02297017350792885,0.1403506100177765,0.18233998119831085,0.010219859890639782,1.020033836364746,0.7768048048019409,0.6544021368026733,0.8444341421127319,0.02497747913002968,0.11702553182840347,0.08738408237695694,0.0053787543438375,-4.139269828796387,-2.7731311321258545,0.15196815676110592,-0.18288780489655404,-0.1717109439787879,0.5602684481409016,-0.14872317780618385,-0.09162356755906952
4552,4,-0.08532441407442093,0.5933627486228943,-0.08391643315553665,0.5927163362503052,-0.39199697971343994,-1.061411738395691,-0.03325359895825386,-1.0783292055130005,0.0213448666036129,0.18061043322086334,0.18122614920139313,0.010193182155489922,1.0216689109802246,0.7769433856010437,0.6531745791435242,0.8417655229568481,0.024370331317186356,0.14917421340942383,0.08438458293676376,0.005723171401768923,-6.428225040435791,2.1217823028564453,0.1937539613764603,-0.17603450796644005,-0.1731135107645713,0.5593921673373128,-0.1402566785783205,-0.08762808035882373
4553,4,-0.09027033299207687,0.5836606025695801,-0.08508068323135376,0.5812456607818604,-0.5804519653320312,-0.9026423692703247,-0.2510451674461365,-1.2020010948181152,0.01992986910045147,0.21425770223140717,0.17206808924674988,0.010169760324060917,1.0237478017807007,0.7771860361099243,0.6517016291618347,0.8393899202346802,0.023388175293803215,0.17742501199245453,0.07934872806072235,0.0058902413584291935,-3.0982232093811035,-0.424196720123291,0.22697078225539719,-0.1288649854222776,-0.17451607755035436,0.5585158865337241,-0.09165460465575853,0.22139257817836247
4554,4,-0.09641077369451523,0.5750335454940796,-0.08949925005435944,0.5695288181304932,-0.656498372554779,-0.8322522640228271,-0.6067694425582886,-1.1107854843139648,0.018693823367357254,0.22855468094348907,0.15849284827709198,0.010149147361516953,1.0260956287384033,0.7781240344047546,0.6500919461250305,0.8372312784194946,0.022765524685382843,0.19661659002304077,0.07170688360929489,0.006180126219987869,-3.7949466705322266,0.4940056800842285,0.2342145025122823,-0.09303246412509848,-0.17483422086211475,0.5645345636821294,-0.03049588318328916,0.6102506424418167
4555,4,-0.10361438989639282,0.5672087073326111,-0.09695477783679962,0.5596035718917847,-0.7799344062805176,-0.737247884273529,-0.8479565382003784,-0.8878172039985657,0.017614787444472313,0.24585044384002686,0.14393745362758636,0.010131033137440681,1.0286381244659424,0.7791274785995483,0.6483182907104492,0.8357288837432861,0.02196107991039753,0.20639151334762573,0.06433912366628647,0.007097720168530941,-2.33675479888916,7.309403419494629,0.2530271842172438,-0.07152910742046426,-0.17513917969394777,0.5706370701065473,-0.030495883183302375,0.6102506424417637
4556,4,-0.11137655377388,0.5619335174560547,-0.10577224940061569,0.5527394413948059,-0.8137351274490356,-0.3977598547935486,-0.9380715489387512,-0.545943021774292,0.01667330041527748,0.25881141424179077,0.1268632858991623,0.010115138255059719,1.0312308073043823,0.7794870138168335,0.6465485692024231,0.8351960778236389,0.021130744367837906,0.20841632783412933,0.05630233883857727,0.00828664842993021,0.11849641799926758,12.072348594665527,0.2645641812537816,-0.038593609473275156,-0.174424646881807,0.5756219267503675,0.08431328740960922,0.4843874781065452
4557,4,-0.11928286403417587,0.5603798031806946,-0.11524040251970291,0.5495989918708801,-0.8054704070091248,0.01489114947617054,-0.9787818789482117,-0.1315319538116455,0.015848925337195396,0.25389549136161804,0.10970235615968704,0.010101151652634144,1.0338866710662842,0.7793882489204407,0.6447215676307678,0.8356163501739502,0.020571453496813774,0.20126532018184662,0.0478910356760025,0.009282749146223068,0.1077413558959961,11.540842056274414,0.23424975182853502,-0.017557006999507574,-0.17358151400771096,0.5804658015314326,0.08431328740960922,0.4843874781065981
4558,4,-0.1275678426027298,0.5622783303260803,-0.12531395256519318,0.5503875017166138,-0.8409849405288696,0.3386397063732147,-1.0200355052947998,0.25639188289642334,0.015128863975405693,0.2400791049003601,0.09459910541772842,0.01008888054639101,1.0366480350494385,0.7791215181350708,0.6427165865898132,0.8364211320877075,0.0200392697006464,0.19147905707359314,0.04051647707819939,0.00931947585195303,2.2667956352233887,-0.8155703544616699,0.18371365898526137,-0.0004599200182207053,-0.17179431226209094,0.5843531328578926,0.20412080807174518,0.362996864393302
4559,4,-0.13629375398159027,0.5651841759681702,-0.1360374540090561,0.5536908507347107,-0.8568072319030762,0.31869325041770935,-1.066838026046753,0.41802307963371277,0.023394597694277763,0.22072310745716095,0.08216338604688644,0.010078099556267262,1.037851333618164,0.7790194153785706,0.6408979296684265,0.8375470638275146,0.02686316892504692,0.1764202117919922,0.03536442667245865,0.009773232974112034,5.01023530960083,1.2818551063537598,0.1391283538713138,0.024675928076711137,-0.16975310418137338,0.5879831015018254,0.20412080807174518,0.36299686439324913
4560,4,-0.14379355311393738,0.5694233775138855,-0.145877406001091,0.5588699579238892,-0.687789797782898,0.48309412598609924,-0.9098700881004333,0.5772948861122131,0.04590843617916107,0.206107497215271,0.07180995494127274,0.010068618692457676,1.0369433164596558,0.7786737680435181,0.6393029689788818,0.8388546109199524,0.04628267511725426,0.16200825572013855,0.03075779788196087,0.00983466301113367,4.928126335144043,-1.131894588470459,0.1424722940475669,0.0496896196454677,-0.16685324670171975,0.5908086879159016,0.32892667880310555,0.24607880130187548
4561,4,-0.15022096037864685,0.5742514729499817,-0.15391819179058075,0.564854085445404,-0.5893808007240295,0.49232596158981323,-0.6938891410827637,0.6165069937705994,0.04585665464401245,0.1894885003566742,0.06313634663820267,0.01006028987467289,1.0376743078231812,0.7780697345733643,0.6383582949638367,0.8404421210289001,0.048068929463624954,0.14665235579013824,0.028503187000751495,0.010240775533020496,12.056241035461426,2.6417970657348633,0.11473225761521504,0.04551972783220118,-0.16356397991368923,0.5932694759289199,0.32892667880310555,0.24607880130187548
4562,4,-0.15380994975566864,0.5803051590919495,-0.15872816741466522,0.5718299150466919,-0.2165939211845398,0.6470428705215454,-0.3371681571006775,0.7223403453826904,0.05064486339688301,0.17502246797084808,0.055823035538196564,0.01005297526717186,1.037847638130188,0.7771490216255188,0.638053297996521,0.8420529961585999,0.05099552124738693,0.1343788057565689,0.025582248345017433,0.010173010639846325,6.826541423797607,1.308739185333252,0.10770688771351199,0.05153238244085412,-0.15951147989944908,0.595069097835587,0.45873089960370345,0.1336332888324772
4563,4,-0.15564365684986115,0.5863847136497498,-0.16099444031715393,0.5787169337272644,-0.11051390320062637,0.6038807034492493,-0.1006908044219017,0.6870861649513245,0.04546286538243294,0.1578875035047531,0.049616944044828415,0.010046548210084438,1.0382959842681885,0.7761620283126831,0.638279378414154,0.8439104557037354,0.046849481761455536,0.11988459527492523,0.023811286315321922,0.010620246641337872,7.453968524932861,7.092700004577637,0.07538665029910478,0.011944662833094075,-0.15492417090341173,0.5964054307239115,0.45873089960370345,0.1336332888324243
4564,4,-0.15527644753456116,0.5935646295547485,-0.16028620302677155,0.5861734747886658,0.13617348670959473,0.772578775882721,0.18718579411506653,0.7727981805801392,0.040810346603393555,0.14345771074295044,0.04432354494929314,0.01004089880734682,1.0385792255401611,0.7747034430503845,0.6389651298522949,0.8460743427276611,0.041619472205638885,0.10584867745637894,0.02168641984462738,0.01099762786179781,3.009610176086426,9.929353713989258,0.07153734495038418,0.010309625328572283,-0.14967904155402995,0.5972148685281453,0.593533470473539,0.02566032698489561
4565,4,-0.15355250239372253,0.6019969582557678,-0.1575014740228653,0.5942818522453308,0.21799570322036743,0.8959673047065735,0.35432612895965576,0.8544331789016724,0.03677693381905556,0.12547993659973145,0.04049307480454445,0.010035933926701546,1.0384125709533691,0.772817850112915,0.639958381652832,0.8486690521240234,0.036594148725271225,0.09042472392320633,0.020548373460769653,0.011600811034440994,3.910362720489502,13.604820251464844,0.03246414565992922,-0.01532657756538541,-0.14374370684929488,0.5974714717979945,0.5935334704735258,0.025660326984948478
4566,4,-0.15040086209774017,0.6122211217880249,-0.1529732197523117,0.6038554906845093,0.38119885325431824,1.1013503074645996,0.5143898725509644,1.0344016551971436,0.0333041176199913,0.10743468999862671,0.037515971809625626,0.010031572543084621,1.037995457649231,0.7705221772193909,0.6410269141197205,0.8514872789382935,0.03325542435050011,0.07618529349565506,0.018911587074398994,0.011740843765437603,-1.6703593730926514,12.360841751098633,-0.003292131899155837,-0.01776657853293675,-0.137265961364219,0.5973265059047702,0.7333343914125989,-0.07784008424071062
4567,4,-0.14717695116996765,0.6232876777648926,-0.1478501707315445,0.6145567297935486,0.3154280185699463,1.1420888900756836,0.5398430824279785,1.128760576248169,0.03030691109597683,0.09272582828998566,0.03698897734284401,0.04983603209257126,1.0374372005462646,0.7676911950111389,0.6420587301254272,0.8520692586898804,0.02988901175558567,0.06283638626337051,0.018996460363268852,0.046413831412792206,0.656588077545166,13.343732833862305,-0.05641817139670091,-0.033474278908788166,-0.12993261745009252,0.5965481050623633,0.7333343914125989,-0.07784008424065775
4568,4,-0.14352601766586304,0.6352120637893677,-0.14214731752872467,0.6265806555747986,0.3974544107913971,1.2096648216247559,0.5682101845741272,1.2449578046798706,0.027715647593140602,0.0806070864200592,0.034013472497463226,0.08087502419948578,1.0363259315490723,0.7642918229103088,0.6436954736709595,0.8532624244689941,0.02586444653570652,0.05353974178433418,0.01884959265589714,0.07451789081096649,9.046988487243652,10.791465759277344,-0.08734531235127765,-0.014055885076204366,-0.12218226902876798,0.5954845158766563,0.8781336624208899,-0.1768679448443415
4569,4,-0.1376575231552124,0.6471729278564453,-0.1363864690065384,0.639421820640564,0.7091938257217407,1.1550524234771729,0.5582353472709656,1.2778618335723877,0.025468900799751282,0.07051634043455124,0.03162701800465584,0.11680764704942703,1.034475326538086,0.7610371112823486,0.6459920406341553,0.8541125059127808,0.022680897265672684,0.047275885939598083,0.01840546354651451,0.1049942821264267,7.641196250915527,9.912190437316895,-0.12569775757669974,-0.015496535963983996,-0.11340093240455745,0.5937158364282124,0.8781336624208899,-0.1768679448443415
4570,4,-0.12969990074634552,0.6577333211898804,-0.13096965849399567,0.6515331864356995,0.8777481317520142,0.9736431241035461,0.5589480400085449,1.1518394947052002,0.023518692702054977,0.06205527484416962,0.05158142000436783,0.13986259698867798,1.0322600603103638,0.7584184408187866,0.6477396488189697,0.8550534248352051,0.020641809329390526,0.04307334125041962,0.02816040813922882,0.12455824017524719,1.716296672821045,9.333000183105469,-0.14642856060517448,-0.05520217033040928,-0.10433799424643149,0.5917694043549984,1.0279312834984118,-0.27142325482615565
4571,4,-0.1213955283164978,0.6659897565841675,-0.12485361844301224,0.661786675453186,0.8051361441612244,0.7179739475250244,0.7057976126670837,0.9326285719871521,0.021822376176714897,0.05490923672914505,0.07114709168672562,0.14545980095863342,1.030430555343628,0.7569886445999146,0.6489349007606506,0.8559478521347046,0.02003050595521927,0.041302841156721115,0.036976877599954605,0.12661713361740112,-4.607174396514893,2.227048873901367,-0.1471399804501858,-0.07512911099601641,-0.09405868141144665,0.5890551718067372,1.0279312834984118,-0.2714232548261028
4572,4,-0.11526147276163101,0.67025226354599,-0.11771827191114426,0.6691014170646667,0.5217949748039246,0.24654516577720642,0.766761839389801,0.6142796874046326,0.02034609206020832,0.04884590953588486,0.06947102397680283,0.1433221995830536,1.029005765914917,0.7568734884262085,0.6503807306289673,0.8565637469291687,0.01893008127808571,0.0380653440952301,0.03683717921376228,0.12379942834377289,-2.2802042961120605,7.477245330810547,-0.1324840254501365,-0.05925998109411877,-0.08364316671596467,0.5862616772509915,1.1701872978805388,-0.35420844759397646
4573,4,-0.11005613207817078,0.6721177101135254,-0.10920581221580505,0.6743250489234924,0.4830566346645355,0.09891699254512787,0.8756657242774963,0.3653027415275574,0.019058028236031532,0.04366888105869293,0.06117374449968338,0.13288740813732147,1.0278658866882324,0.7573577761650085,0.6518896222114563,0.8570448756217957,0.01790635846555233,0.03550904616713524,0.03285882994532585,0.11403943598270416,-2.3343825340270996,6.862726211547852,-0.07927695532406628,-0.004503460135507051,-0.07181589416951073,0.5826466171091315,1.1827272546451713,-0.36150601418594164
4574,4,-0.10556727647781372,0.6720139384269714,-0.10133040696382523,0.6755331754684448,0.43426793813705444,-0.09984788298606873,0.6769052147865295,-0.09056995809078217,0.018622515723109245,0.03923383727669716,0.05416010320186615,0.12283556908369064,1.026738166809082,0.7586199045181274,0.6533032059669495,0.857092559337616,0.01731080189347267,0.033650487661361694,0.02925083413720131,0.10246607661247253,-1.868131160736084,4.642488956451416,-0.06995546582096894,0.015552504820485244,-0.05998862162305963,0.5790315569672722,1.2534841709393147,-0.3994142097181926
4575,4,-0.10137944668531418,0.6695288419723511,-0.09612999111413956,0.67237389087677,0.4113624393939972,-0.36497899889945984,0.4057219624519348,-0.489656925201416,0.03856930136680603,0.035423632711172104,0.048203159123659134,0.11157825589179993,1.022898554801941,0.7605341672897339,0.6548852920532227,0.8567639589309692,0.031813543289899826,0.03124692104756832,0.026940759271383286,0.09215091168880463,3.4683609008789062,7.848236560821533,-0.05080381376315225,0.041884834112006206,-0.046582600377506236,0.5745706782465906,1.3425215758611548,-0.447116222923858
4576,4,-0.09602689743041992,0.6656381487846375,-0.09216363728046417,0.6664153337478638,0.5934711694717407,-0.45537662506103516,0.3677554726600647,-0.7217915654182434,0.06092050299048424,0.032139550894498825,0.04311864823102951,0.09718258678913116,1.0180772542953491,0.7626408338546753,0.6570963859558105,0.8563908934593201,0.048081640154123306,0.028776269406080246,0.025872385129332542,0.08034271001815796,10.299201011657715,10.878562927246094,-0.016994864444480236,0.06515987209701901,-0.03315738461889377,0.5700995160173519,1.3425215758611548,-0.44711622292391084
4577,4,-0.08797383308410645,0.6612249612808228,-0.08785615116357803,0.6585972309112549,0.9363381862640381,-0.48767367005348206,0.4420352876186371,-0.8442039489746094,0.060582611709833145,0.02930351532995701,0.03876463696360588,0.08430512994527817,1.0147024393081665,0.7652866840362549,0.6598948240280151,0.8555091619491577,0.05079594627022743,0.028224771842360497,0.024059148505330086,0.06721049547195435,7.4394989013671875,5.471644401550293,-0.008051749671991612,0.05847073519891703,-0.01826882973418218,0.5649078611303078,1.5073142471463765,-0.5282538810398518
4578,4,-0.07836838811635971,0.6543198823928833,-0.0830991119146347,0.6495957374572754,1.005387783050537,-0.818260133266449,0.6202568411827087,-0.9014374613761902,0.05540137365460396,0.02684772200882435,0.03502148762345314,0.07361368834972382,1.0122947692871094,0.7692911028862,0.662571370601654,0.8535872101783752,0.04864043742418289,0.02871401235461235,0.021655438467860222,0.05519622936844826,0.5646276473999023,-1.7459774017333984,-0.006977888315509578,0.02277640184679916,-0.0031956872627191997,0.5596253223199097,1.5073142471463747,-0.5282538810398518
4579,4,-0.06958460807800293,0.6432502269744873,-0.07562962174415588,0.6394294500350952,0.8528194427490234,-1.2734498977661133,0.9004935622215271,-1.0741528272628784,0.051651958376169205,0.04034634679555893,0.031792253255844116,0.06465724855661392,1.0100548267364502,0.7727413773536682,0.6652727127075195,0.8508147597312927,0.04445493593811989,0.0401587076485157,0.020498929545283318,0.04657788574695587,3.171706199645996,1.0006451606750488,0.04263531343102639,0.02776492859020166,0.013167383123319446,0.5537386716714797,1.671013178378493,-0.6049189885339232
4580,4,-0.0603511743247509,0.6296827793121338,-0.06509703397750854,0.6281496286392212,0.9738536477088928,-1.4333460330963135,1.1440272331237793,-1.2051923274993896,0.06573554128408432,0.10500402748584747,0.02900049462914467,0.05710620433092117,1.0058902502059937,0.7721432447433472,0.6682510375976562,0.8474323153495789,0.05199088156223297,0.08794665336608887,0.019390948116779327,0.03965865075588226,2.811129093170166,2.7346372604370117,0.11904349426832252,0.06849212558598941,0.029877514907105517,0.5476894817861404,1.6710131783784947,-0.6049189885339232
4581,4,-0.05005347728729248,0.6149296760559082,-0.0529419407248497,0.6150561571121216,1.0786911249160767,-1.488242268562317,1.2650460004806519,-1.410636305809021,0.06871265918016434,0.14407631754875183,0.02658657729625702,0.05071749910712242,1.0019338130950928,0.7730826735496521,0.6714204549789429,0.8438974022865295,0.05566906929016113,0.12573763728141785,0.018376188352704048,0.03523901849985123,0.15817880630493164,5.34977912902832,0.15530029461225903,0.06935029395943751,0.04753869948101407,0.5411436157812985,1.8092500090681671,-0.6771115454061251
4582,4,-0.03901755437254906,0.6005653738975525,-0.039971329271793365,0.5997068881988525,1.1228888034820557,-1.3712949752807617,1.3192243576049805,-1.6418261528015137,0.07103540003299713,0.16966703534126282,0.024489818140864372,0.04526872932910919,0.9981743693351746,0.7750676274299622,0.6746312379837036,0.8406319618225098,0.05777425691485405,0.15236704051494598,0.01732049509882927,0.03149372711777687,-1.2379419803619385,3.821988105773926,0.1778875620219188,0.07152797202197991,0.06563119957169267,0.5343725003272393,1.8092500090681605,-0.6771115454060722
4583,4,-0.02790207788348198,0.587230384349823,-0.02688686177134514,0.582730770111084,1.1214756965637207,-1.290744662284851,1.2993457317352295,-1.6748026609420776,0.08070021122694016,0.17238128185272217,0.02266506850719452,0.040600862354040146,0.9940351247787476,0.7785513401031494,0.6775431036949158,0.8374664187431335,0.06553853303194046,0.1642686128616333,0.015743300318717957,0.02796630747616291,-8.634252548217773,2.677741050720215,0.17326822694331162,0.08273340750906241,0.08435098077099039,0.5272031993709625,1.9159326490930595,-0.7448315516562987
4584,4,-0.017975790426135063,0.5740974545478821,-0.014956536702811718,0.5667521357536316,0.9396712183952332,-1.292890191078186,1.1261920928955078,-1.4814201593399048,0.09776442497968674,0.1722470372915268,0.021077502518892288,0.03659519925713539,0.98940509557724,0.7827542424201965,0.6802950501441956,0.8346103429794312,0.07752025127410889,0.16537560522556305,0.015057269483804703,0.025539223104715347,-5.16508674621582,4.346284866333008,0.17160951804634983,0.1016613212534504,0.10351030726192234,0.5197548838543996,1.915932649093066,-0.7448315516562987
4585,4,-0.008142659440636635,0.5621836185455322,-0.004304272588342428,0.5536614656448364,0.9909501075744629,-1.1285831928253174,0.9902745485305786,-1.199547290802002,0.13934370875358582,0.17907240986824036,0.019696831703186035,0.03315315395593643,0.983203649520874,0.7863216400146484,0.6830872893333435,0.8320609927177429,0.10250654071569443,0.16845270991325378,0.014393341727554798,0.0232820063829422,-3.9656054973602295,3.7067103385925293,0.1814413054398311,0.15095154750252526,0.1230362515612957,0.5119979283516615,1.9910610984531851,-0.8080790072846027
4586,4,0.002018183469772339,0.5515450239181519,0.00492851110175252,0.5427244901657104,1.0378589630126953,-1.0015180110931396,0.8759703636169434,-1.0103838443756104,0.16005900502204895,0.17630426585674286,0.018491121008992195,0.03017774224281311,0.9777187705039978,0.7899346351623535,0.685631513595581,0.8295722007751465,0.12452173978090286,0.16949597001075745,0.013252378441393375,0.02094557136297226,-10.240278244018555,-0.1427602767944336,0.16329601795557624,0.1664364645634349,0.1429468625458266,0.5039171382788165,1.9910610984531851,-0.8080790072846027
4587,4,0.011194980703294277,0.5411637425422668,0.012694488279521465,0.5326724052429199,0.8747680187225342,-1.012783408164978,0.7465384006500244,-0.9610385298728943,0.1768031120300293,0.17133939266204834,0.01743944175541401,0.02760562114417553,0.9728085398674011,0.7934921979904175,0.6886626482009888,0.8277163505554199,0.13559240102767944,0.1618882566690445,0.014036644250154495,0.020169684663414955,2.3297715187072754,6.588647365570068,0.14777703635639491,0.18245796523413763,0.1630265364199526,0.4956083086345943,2.0346353571485243,-0.8668539122909842
4588,4,0.022626085206866264,0.5335264205932617,0.021328289061784744,0.5250028967857361,1.2680702209472656,-0.6483484506607056,0.8822197914123535,-0.6787410974502563,0.21760617196559906,0.16796095669269562,0.016519537195563316,0.02537301741540432,0.9665350914001465,0.7961223721504211,0.6925833821296692,0.8265783190727234,0.15194396674633026,0.15312714874744415,0.014402851462364197,0.019519751891493797,5.23728609085083,10.350651741027832,0.15180785096250943,0.23270427773935426,0.18337288999143933,0.4869397695116845,2.034635357148537,-0.8668539122909842
4589,4,0.036888618022203445,0.5287542343139648,0.031573355197906494,0.5195785164833069,1.521037220954895,-0.36809712648391724,1.1651298999786377,-0.4427395462989807,0.2134188413619995,0.1553015559911728,0.015715615823864937,0.02343509905040264,0.960681140422821,0.7984640598297119,0.697048544883728,0.8256754875183105,0.15735796093940735,0.14465004205703735,0.014732884243130684,0.01770866848528385,8.397359848022461,0.2307271957397461,0.09365917298416701,0.19523123373979404,0.20375385991500455,0.47811484613095173,2.046655425179096,-0.9211562666754433
4590,4,0.053042035549879074,0.5244603753089905,0.04518326744437218,0.5155238509178162,1.725417137145996,-0.43184202909469604,1.5636199712753296,-0.3559930920600891,0.20600435137748718,0.13647249341011047,0.015012024901807308,0.02174895629286766,0.9552726745605469,0.801392674446106,0.702203631401062,0.8248565793037415,0.15194042026996613,0.1300261914730072,0.015065759420394897,0.01667996682226658,4.283931255340576,3.1449246406555176,0.04154570256574078,0.17344086253444696,0.22422041416679456,0.4689032834641985,2.046655425179109,-0.9211562666754433
4591,4,0.07123158127069473,0.5206456780433655,0.06289908289909363,0.512406051158905,1.9108232259750366,-0.3428468406200409,1.9332488775253296,-0.2757014036178589,0.1966935694217682,0.1209750548005104,0.014395562931895256,0.02027915045619011,0.9496611952781677,0.8043090105056763,0.7079693078994751,0.8241631388664246,0.142054945230484,0.11485380679368973,0.01554834470152855,0.015468517318367958,5.864870548248291,0.5028915405273438,0.039787435971633506,0.1551688691670851,0.24465024661447587,0.45959804675193267,2.0271213025449013,-0.9709860704379535
4592,4,0.09154202044010162,0.5171704888343811,0.08363493531942368,0.5098401308059692,2.1328847408294678,-0.35101911425590515,2.1844727993011475,-0.24045902490615845,0.18566584587097168,0.1042681634426117,0.013855944387614727,0.018998349085450172,0.9434566497802734,0.8071377873420715,0.7145063877105713,0.8236269354820251,0.1292126178741455,0.09892255067825317,0.016234446316957474,0.014785840176045895,7.667455673217773,4.844455718994141,0.013232680983009878,0.135395088019383,0.26492145963992625,0.4498881860475531,2.0271213025449146,-0.9709860704379535
4593,4,0.11456989496946335,0.5144962668418884,0.10707824677228928,0.5078446865081787,2.411715507507324,-0.23646308481693268,2.4487760066986084,-0.18832172453403473,0.1716422736644745,0.09015113115310669,0.013383937999606133,0.017882458865642548,0.9366486072540283,0.8097120523452759,0.721532940864563,0.8231115341186523,0.11678682267665863,0.08550377190113068,0.016443124040961266,0.013744953088462353,5.584757328033447,3.1150150299072266,0.00036871972019846683,0.10578961935828901,0.2851477210864055,0.4401384164087297,1.9801716321007776,-1.0126689515058789
4594,4,0.13920648396015167,0.511818528175354,0.13226813077926636,0.5057209730148315,2.5274221897125244,-0.27808448672294617,2.595168352127075,-0.21669745445251465,0.15279291570186615,0.07846476882696152,0.01296976674348116,0.03135806322097778,0.9295199513435364,0.8121910691261292,0.7289466261863708,0.8216164708137512,0.10242404788732529,0.0748000517487526,0.016839854419231415,0.0233702901750803,7.65777587890625,0.5068159103393555,-0.03348353285561486,0.06123667820300127,0.3049080509788684,0.4299749831729428,1.9760329892459265,-1.0163433235785675
4595,4,0.16536429524421692,0.508436381816864,0.15896612405776978,0.5033045411109924,2.690002202987671,-0.3835189938545227,2.738159418106079,-0.26447513699531555,0.13390298187732697,0.06874226778745651,0.0126072708517313,0.04210149496793747,0.9218748807907104,0.814784049987793,0.7369539737701416,0.8199441432952881,0.08615874499082565,0.06674091517925262,0.017543576657772064,0.030970098450779915,12.682640075683594,-1.8279838562011719,-0.04405185127297676,0.03783739561398436,0.3246683808713266,0.41981154993715836,1.9394388932179674,-1.0344470675152253
4596,4,0.19377100467681885,0.5038686990737915,0.1873691976070404,0.5003122091293335,2.9489235877990723,-0.5365821719169617,2.9232912063598633,-0.3535821735858917,0.11428096145391464,0.06056520715355873,0.012289135716855526,0.044204648584127426,0.9136326909065247,0.8178167343139648,0.7452613711357117,0.8182991147041321,0.07186960428953171,0.06040205433964729,0.017474569380283356,0.03228313848376274,5.8142781257629395,1.6102790832519531,-0.04459096487875601,0.0025873931653829785,0.3436122127516528,0.4092441807515635,1.8933904852821584,-1.0572280260972593
4597,4,0.22308677434921265,0.4977923333644867,0.21708953380584717,0.4957568943500519,2.9406702518463135,-0.6596624851226807,3.0229601860046387,-0.5344643592834473,0.09833414107561111,0.05364185571670532,0.04620452970266342,0.04308398440480232,0.9048499464988708,0.8211691379547119,0.7518017292022705,0.816582977771759,0.05830681696534157,0.05476626008749008,0.04602690413594246,0.030891915783286095,10.763978958129883,0.24901628494262695,-0.03574461917685412,-0.051820921457332025,0.3625461176044758,0.398671900490591,1.8933904852821584,-1.0572280260972593
4598,4,0.25324973464012146,0.49063894152641296,0.24792331457138062,0.48967835307121277,3.039900779724121,-0.7788896560668945,3.1102912425994873,-0.692168116569519,0.08524806797504425,0.04776119068264961,0.06627826392650604,0.04124199226498604,0.8952876925468445,0.824679970741272,0.759240984916687,0.8147903680801392,0.047819919884204865,0.04899631440639496,0.06538384407758713,0.029645521193742752,12.861576080322266,5.358431339263916,-0.029121393342754237,-0.0702271726619747,0.38046596952632017,0.38777628469460607,1.7791937906536368,-1.0936401779940284
4599,4,0.284380167722702,0.483282208442688,0.2796802520751953,0.4822252094745636,3.1258647441864014,-0.7428800463676453,3.191110610961914,-0.8296855092048645,0.0743715837597847,0.042732201516628265,0.09966935217380524,0.03859264776110649,0.8853071928024292,0.828141450881958,0.7660680413246155,0.8129450082778931,0.040010642260313034,0.04460247978568077,0.09550774097442627,0.027285758405923843,12.859911918640137,4.692351818084717,-0.021079318757087073,-0.106953633156538,0.3982579074328556,0.3768398829146673,1.7791937906536368,-1.0936401779940284
4600,4,0.3153396248817444,0.47545239329338074,0.31143686175346375,0.47302281856536865,3.0567822456359863,-0.8217633962631226,3.156097888946533,-0.978490948677063,0.06528496742248535,0.03842655569314957,0.13643962144851685,0.03831839561462402,0.8755112886428833,0.8318516612052917,0.7721931338310242,0.8107386231422424,0.035759102553129196,0.04105554521083832,0.12740175426006317,0.026430219411849976,5.534763336181641,6.399788856506348,-0.03649606619790714,-0.1462117935519972,0.41490134587089567,0.36565180091327015,1.6334429053603086,-1.1255797792688487
4601,4,0.34387701749801636,0.46665388345718384,0.3421386480331421,0.4626629054546356,2.7103030681610107,-0.9077522158622742,3.0147922039031982,-1.0432934761047363,0.057640887796878815,0.034728530794382095,0.1566096693277359,0.03774635121226311,0.8666644096374512,0.8357727527618408,0.7781519889831543,0.8082897663116455,0.03269265219569206,0.038113806396722794,0.1461946815252304,0.025368358939886093,7.865738868713379,2.9869818687438965,-0.03393665680380406,-0.16278155197945593,0.4312357749245,0.3543960031205816,1.633442905360335,-1.1255797792688487
4602,4,0.36950552463531494,0.45691174268722534,0.3714202046394348,0.4523443579673767,2.4383902549743652,-1.0288745164871216,2.8264355659484863,-1.0218991041183472,0.05116515979170799,0.031540270894765854,0.15306182205677032,0.036581769585609436,0.8591364026069641,0.8405959010124207,0.7840279340744019,0.8049976825714111,0.0313919261097908,0.03763696923851967,0.14258098602294922,0.022467292845249176,2.768228054046631,-7.93923282623291,-0.028804902757979367,-0.13551253497141014,0.4463965424843087,0.34295123531874516,1.4628495935163697,-1.1530468299217729
4603,4,0.39097774028778076,0.44354134798049927,0.3963263928890228,0.4407060444355011,1.9951611757278442,-1.4986660480499268,2.2467527389526367,-1.2202831506729126,0.04564949497580528,0.02878369390964508,0.14670100808143616,0.03400682285428047,0.8526374697685242,0.8463476896286011,0.7895616292953491,0.8012394309043884,0.028224771842360497,0.03548991680145264,0.13715581595897675,0.020244255661964417,6.654543876647949,-1.5716087818145752,-0.016723032236118762,-0.11489524512200483,0.46102503841947,0.3314207670195303,1.4628495935163697,-1.1530468299217465
4604,4,0.4107159972190857,0.4286552667617798,0.4169333577156067,0.42852655053138733,1.8848685026168823,-1.5453592538833618,1.8568246364593506,-1.2827632427215576,0.04094378650188446,0.050511736422777176,0.1329607218503952,0.03092315047979355,0.8467183709144592,0.8495495319366455,0.7949008345603943,0.7970879077911377,0.025789601728320122,0.054721735417842865,0.12505114078521729,0.01735926978290081,8.602226257324219,-2.639787197113037,0.05467941543399332,-0.06240719481007545,0.47466225315573196,0.31975509382223255,1.2942609115783388,-1.1760413299527748
4605,4,0.428597629070282,0.41250574588775635,0.43367233872413635,0.41454312205314636,1.6914329528808594,-1.6622157096862793,1.5194791555404663,-1.5278164148330688,0.03689334914088249,0.0630699098110199,0.12099404633045197,0.028248924762010574,0.8413285613059998,0.8532843589782715,0.7998611927032471,0.7929773926734924,0.023413890972733498,0.06815502792596817,0.11323659121990204,0.01611258089542389,8.948864936828613,5.282127857208252,0.06552152042261092,-0.05791681217342387,0.4876048622715162,0.30799468052270496,1.2942609115783388,-1.1760413299527748
4606,4,0.4449993968009949,0.3972049653530121,0.448003351688385,0.39839524030685425,1.5550563335418701,-1.4658420085906982,1.3253999948501587,-1.720402717590332,0.033407051116228104,0.08464092016220093,0.10823198407888412,0.02593190036714077,0.8368433713912964,0.8561884760856628,0.8040358424186707,0.7888926863670349,0.02289365977048874,0.088845394551754,0.09880248457193375,0.014054563827812672,2.6873183250427246,0.3814387321472168,0.0893201968944656,-0.03891644661104737,0.4997673138261404,0.2961438823349185,1.1343886236603582,-1.1945632793618277
4607,4,0.4579267203807831,0.3818121552467346,0.45926713943481445,0.3795621693134308,1.139413595199585,-1.5354297161102295,1.0203735828399658,-1.9238355159759521,0.03039645403623581,0.08168572187423706,0.09595901519060135,0.02391960471868515,0.833534836769104,0.8609674572944641,0.8073756694793701,0.7850098013877869,0.022145181894302368,0.09112513065338135,0.08556567132472992,0.01316223107278347,0.8378028869628906,5.460336208343506,0.06431430289614906,-0.027253480633184418,0.5111112000627431,0.28419824954130163,1.1343886236603318,-1.1945632793618277
4608,4,0.4677881896495819,0.36740201711654663,0.4686662554740906,0.3615224361419678,0.8424930572509766,-1.3955879211425781,0.8518694639205933,-1.6830551624298096,0.03180548548698425,0.08134667575359344,0.08327185362577438,0.02216963842511177,0.8312889933586121,0.8659662008285522,0.8095372319221497,0.7813923358917236,0.0258066076785326,0.08985599130392075,0.07018273323774338,0.012175285257399082,-9.507272720336914,8.622679710388184,0.07934551272046528,0.032031959993012615,0.5218686195878874,0.2721981067680047,0.9832327297624018,-1.2086126781489845
4609,4,0.47265899181365967,0.3537711203098297,0.47536537051200867,0.34594282507896423,0.2500495910644531,-1.3014758825302124,0.5321453809738159,-1.4183136224746704,0.07046577334403992,0.07839139550924301,0.07273675501346588,0.02064659632742405,0.827349841594696,0.870760440826416,0.8101269006729126,0.7780705690383911,0.055926911532878876,0.08670715242624283,0.05695318430662155,0.011466092430055141,-13.113079071044922,7.368004322052002,0.060871465430113514,0.07779001188767382,0.531700946885512,0.260111979986515,0.983232729762349,-1.2086126781489845
4610,4,0.4722523093223572,0.3412548005580902,0.4779565930366516,0.3329737186431885,-0.23733213543891907,-1.1798056364059448,0.014550618827342987,-1.1809334754943848,0.15401610732078552,0.07400127500295639,0.06392966210842133,0.019321028143167496,0.8220143914222717,0.8752906918525696,0.8094468116760254,0.7751498818397522,0.11268259584903717,0.08133439719676971,0.04770440608263016,0.01100072544068098,-11.282733917236328,5.855214595794678,0.04767358239847955,0.17712844625754434,0.5411230655333389,0.24799827303268007,0.8407932298844696,-1.2181895263141924
4611,4,0.4684847891330719,0.3302418887615204,0.47530698776245117,0.3223196566104889,-0.48476293683052063,-1.0269852876663208,-0.49769383668899536,-0.9708804488182068,0.23734091222286224,0.06750916689634323,0.05650591477751732,0.01816488429903984,0.8176805377006531,0.8797264695167542,0.8079148530960083,0.7724095582962036,0.17600202560424805,0.0751577764749527,0.04059743136167526,0.010097067803144455,-11.57261848449707,0.948641300201416,0.027983126001266456,0.26941050858354,0.5495309978321831,0.23581637776953956,0.8407932298844696,-1.2181895263142055
4612,4,0.46237239241600037,0.3197599947452545,0.4680258333683014,0.31290414929389954,-0.6815381050109863,-1.0340209007263184,-0.8836957216262817,-0.8994773626327515,0.3021070063114166,0.059511419385671616,0.050193510949611664,0.017153091728687286,0.8148068785667419,0.8843212127685547,0.8060078024864197,0.7697370052337646,0.23426756262779236,0.06716226041316986,0.0355401374399662,0.009437884204089642,-10.997936248779297,0.6100678443908691,0.0005705757902459974,0.3321573221686222,0.557687546754851,0.22362488704014505,0.7070701240266409,-1.2232938238575042
4613,4,0.45531508326530457,0.3096005916595459,0.4580371379852295,0.3042018711566925,-0.710186243057251,-1.0015690326690674,-1.082834243774414,-0.854017972946167,0.3586486577987671,0.05275612697005272,0.04482314735651016,0.016270052641630173,0.8127374649047852,0.8884243965148926,0.8046160340309143,0.7675634622573853,0.2774754762649536,0.057881731539964676,0.033347610384225845,0.009615682996809483,-2.011539936065674,7.167685031890869,-0.004043531614243312,0.39008751042194867,0.5647582479951166,0.21139194880157153,0.7070701240266409,-1.2232938238575042
4614,4,0.45073002576828003,0.301533579826355,0.44751405715942383,0.2968551218509674,-0.3297462463378906,-0.7290621995925903,-1.0598825216293335,-0.7072831988334656,0.39953210949897766,0.04700583592057228,0.040224071592092514,0.01614648476243019,0.8108569383621216,0.8917422294616699,0.8039197325706482,0.7657803297042847,0.3101179599761963,0.05060426518321037,0.030645916238427162,0.009812136180698872,-1.3565421104431152,7.729382514953613,-0.015268336590536447,0.4247488476312122,0.5717189583447878,0.1991584547015898,0.5921901535381006,-1.2238743932254685
4615,4,0.44831937551498413,0.2949201166629791,0.43932288885116577,0.2900922894477844,-0.17143023014068604,-0.6089048385620117,-0.5521611571311951,-0.6455786228179932,0.39747557044029236,0.04209417477250099,0.036275267601013184,0.05909772589802742,0.8098564147949219,0.8947229981422424,0.8035327196121216,0.7619709372520447,0.32835325598716736,0.0457148477435112,0.028230521827936172,0.036594148725271225,-3.663971424102783,1.129155158996582,-0.06678113691785172,0.39103042269509974,0.5775395924666752,0.18691919899380252,0.5820634121888099,-1.2239255707788672
4616,4,0.44682401418685913,0.28772416710853577,0.43594640493392944,0.2833181321620941,-0.06112132966518402,-0.766912043094635,-0.13730601966381073,-0.665067195892334,0.39481258392333984,0.03788032755255699,0.03287243843078613,0.09144848585128784,0.8094891905784607,0.8980131149291992,0.8038746118545532,0.7582998275756836,0.3270663619041443,0.042758189141750336,0.02718515880405903,0.05591506510972977,-0.2558934688568115,-3.2836735248565674,-0.09846112962880356,0.38644640603735847,0.5833602265885632,0.17467994328601377,0.530570066110892,-1.2221639080016775
4617,4,0.44798731803894043,0.2788316607475281,0.4365328252315521,0.2764741778373718,0.2717212438583374,-0.9850236773490906,0.22782206535339355,-0.7075334787368774,0.3924773633480072,0.03426709771156311,0.02994322031736374,0.09083276987075806,0.8088338971138,0.9020848274230957,0.8051433563232422,0.7552891373634338,0.31528037786483765,0.04059988260269165,0.0261868704110384,0.055360302329063416,-0.5630016326904297,-3.225388526916504,-0.08727293125693493,0.3850583513666409,0.5880319263392185,0.16247999430558743,0.46577309437097664,-1.2199471087084592
4618,4,0.452314555644989,0.26787927746772766,0.4405878484249115,0.268876850605011,0.582053542137146,-1.1941955089569092,0.5687934756278992,-0.8210650086402893,0.3811498284339905,0.03114006109535694,0.027399981394410133,0.08684497326612473,0.8076315522193909,0.9068171977996826,0.8072909712791443,0.7520738244056702,0.2964959740638733,0.0380810908973217,0.02543623186647892,0.051980532705783844,0.1584768295288086,-1.6280162334442139,-0.06374113832150397,0.3450148663062512,0.5926896572829291,0.1502805232185014,0.46577309437097664,-1.2199471087084592
4619,4,0.45985183119773865,0.25545409321784973,0.44808077812194824,0.2593027949333191,0.8837978839874268,-1.2887197732925415,0.8887734413146973,-1.114675760269165,0.3621516525745392,0.028435591608285904,0.02519412711262703,0.07963715493679047,0.8058840036392212,0.9118366837501526,0.8101381063461304,0.7487329840660095,0.2739628553390503,0.03561190515756607,0.02451094426214695,0.0468570701777935,-0.6556832790374756,-0.559687614440918,-0.037291568730063396,0.3000970729778925,0.5963921447051078,0.1381622080579328,0.35819917057324685,-1.2108078041667532
4620,4,0.4698938727378845,0.24216802418231964,0.45836958289146423,0.24633166193962097,1.1020479202270508,-1.3655786514282227,1.1395686864852905,-1.4381855726242065,0.3365081250667572,0.026091277599334717,0.02327730692923069,0.07182728499174118,0.8036468625068665,0.9170029163360596,0.813654363155365,0.7452661991119385,0.24713274836540222,0.03335588425397873,0.023951435461640358,0.041396427899599075,2.6944851875305176,0.04586935043334961,-0.025066715927326455,0.2497273001105774,0.59997413641084,0.12605413001626672,0.35819917057324685,-1.2108078041667598
4621,4,0.4825522303581238,0.2283371239900589,0.47127842903137207,0.23100803792476654,1.3746495246887207,-1.4172084331512451,1.3994650840759277,-1.6161960363388062,0.3076815903186798,0.024059312418103218,0.0216122604906559,0.06364618986845016,0.8008891344070435,0.9224997758865356,0.8175743818283081,0.7414621710777283,0.2211059033870697,0.031961336731910706,0.022869139909744263,0.03510056808590889,-0.13094425201416016,-2.0015716552734375,-0.013516529955668627,0.20516938948444377,0.6027771426567027,0.11405982014674518,0.25934164079556765,-1.1963699987838148
4622,4,0.49661916494369507,0.2131011188030243,0.48592716455459595,0.2137335240840912,1.456747055053711,-1.589173436164856,1.5350466966629028,-1.792510747909546,0.273884654045105,0.022294091060757637,0.020163074135780334,0.05626232549548149,0.7979013919830322,0.9285552501678467,0.82166588306427,0.7370985746383667,0.19563642144203186,0.031104370951652527,0.021864676848053932,0.029084421694278717,-0.2009117603302002,-5.594181060791016,-0.004562482364994791,0.14660563296475665,0.6053705590646583,0.10209612015890618,0.25934164079551475,-1.1963699987838148
4623,4,0.5114670395851135,0.1959051489830017,0.5016847848892212,0.1951269954442978,1.518667221069336,-1.819624900817871,1.6190176010131836,-1.8931312561035156,0.2414952665567398,0.025154899805784225,0.018897265195846558,0.049986060708761215,0.7947298884391785,0.9344385266304016,0.8259212970733643,0.7322756052017212,0.1702767163515091,0.033877965062856674,0.020936759188771248,0.024680959060788155,-1.1480998992919922,-0.6960535049438477,0.025591787013308193,0.11231813968913257,0.607343815286365,0.09026820358716096,0.16920050503783327,-1.1766336925598029
4624,4,0.5270533561706543,0.17763502895832062,0.5184391736984253,0.17630134522914886,1.5685536861419678,-1.856839656829834,1.694992184638977,-1.892964243888855,0.21047282218933105,0.061924777925014496,0.0177933257073164,0.04464168846607208,0.791249692440033,0.9358686208724976,0.8304265737533569,0.7274885177612305,0.1450972557067871,0.06665287166833878,0.020461581647396088,0.021799329668283463,3.198423385620117,5.4715800285339355,0.0686707068536821,0.07866975121974187,0.6090358203367437,0.07850186666156354,0.16920050503788614,-1.1766336925598029
4625,4,0.5438768863677979,0.1604061722755432,0.5361999273300171,0.15804338455200195,1.714854121208191,-1.6546666622161865,1.79365074634552,-1.809913158416748,0.18035252392292023,0.08121597766876221,0.016829082742333412,0.040068432688713074,0.7874689102172852,0.9384103417396545,0.8349342942237854,0.7228001356124878,0.12329330295324326,0.09071248769760132,0.019520841538906097,0.018901795148849487,3.612675666809082,0.4699850082397461,0.0853398438190795,0.0441045370175045,0.6102490576864552,0.06688273139432388,0.08777576330025526,-1.1515988854946375
4626,4,0.5607897043228149,0.14362595975399017,0.5538361072540283,0.13998453319072723,1.6857717037200928,-1.6623519659042358,1.7568700313568115,-1.7657592296600342,0.1511058807373047,0.07878163456916809,0.015986435115337372,0.03614230453968048,0.7837467193603516,0.9432283043861389,0.839218258857727,0.7184579968452454,0.10436588525772095,0.0929262787103653,0.01833716407418251,0.01735065132379532,-2.32698917388916,6.069297790527344,0.06433884168796972,-0.008387074791677607,0.6111268153194579,0.05536674253937679,0.08777576330025526,-1.1515988854946277
4627,4,0.5768307447433472,0.12813173234462738,0.571180522441864,0.12318601459264755,1.532878041267395,-1.45811128616333,1.7005620002746582,-1.593453049659729,0.1280224621295929,0.07814040780067444,0.03310733661055565,0.032757993787527084,0.7803168296813965,0.9481703042984009,0.8418416976928711,0.7145956158638,0.08920475840568542,0.0910680741071701,0.03256899490952492,0.015584547072649002,-2.479705810546875,3.075377941131592,0.07432358670885833,-0.03578724760621371,0.6116497649493343,0.04399877658337063,0.015067415582674975,-1.121265577588303
4628,4,0.5909478664398193,0.11390958726406097,0.5872469544410706,0.10816461592912674,1.3140063285827637,-1.3705135583877563,1.529624104499817,-1.4073408842086792,0.10950884968042374,0.07416374236345291,0.04233590140938759,0.029836438596248627,0.7771033048629761,0.9528791904449463,0.8446313142776489,0.7111948132514954,0.07587891072034836,0.08600814640522003,0.04124375805258751,0.014511724933981895,3.889141082763672,4.2066192626953125,0.050343715783940396,-0.04393453688048363,0.6118004391051611,0.032786120807488175,0.015067415582674975,-1.121265577588303
4629,4,0.6042492389678955,0.10150755196809769,0.6020963788032532,0.09563393890857697,1.2905343770980835,-1.1656534671783447,1.403049349784851,-1.160197138786316,0.09443915635347366,0.06955888122320175,0.04191145300865173,0.027308134362101555,0.7740616798400879,0.9572806358337402,0.8475974202156067,0.7082017064094543,0.06652911752462387,0.0798712894320488,0.04036937281489372,0.013417087495326996,0.06509542465209961,4.970829486846924,0.041655572000763474,-0.0391181379317789,0.6117028321673629,0.02171171216944745,-0.04892453811485471,-1.0856337688408215
4630,4,0.6157948970794678,0.09049664437770844,0.6148224472999573,0.08473246544599533,1.0540777444839478,-1.0307985544204712,1.1715471744537354,-1.015201210975647,0.0820205882191658,0.061547551304101944,0.059703148901462555,0.02511477656662464,0.7719094753265381,0.9619039297103882,0.8487023115158081,0.7051746249198914,0.06118255853652954,0.07289591431617737,0.052611496299505234,0.01156245544552803,-6.438432693481445,-2.6470518112182617,0.012204909984719237,-0.0630392940711596,0.6112135867862145,0.010855374481038486,-0.048924538114801845,-1.0856337688408224
4631,4,0.6232994198799133,0.07905682176351547,0.6243185997009277,0.07428833842277527,0.5634711384773254,-1.1577632427215576,0.8192415833473206,-1.006978154182434,0.07170010358095169,0.05447796359658241,0.05865275859832764,0.023210441693663597,0.7711415886878967,0.9665913581848145,0.8497216701507568,0.7022308707237244,0.05696640908718109,0.06401770561933517,0.05061841011047363,0.010800564661622047,-9.307088851928711,1.4235830307006836,-0.009286033039081043,-0.052063574961740924,0.6105651544329016,0.00011691116768985498,-0.10420009779233382,-1.0447034592521818
4632,4,0.6268817186355591,0.0682944506406784,0.6306572556495667,0.06478714197874069,0.1839926540851593,-1.0208139419555664,0.4347728192806244,-0.9116510152816772,0.06303933262825012,0.04846686124801636,0.05201561748981476,0.02155228517949581,0.7714344263076782,0.9705249071121216,0.8504887223243713,0.6999315619468689,0.051622431725263596,0.055109646171331406,0.04487156867980957,0.010679983533918858,-2.442229986190796,6.191565990447998,0.009956507345658394,0.004158843054016037,0.6095231534549783,-0.010330123424831429,-0.10420009779233382,-1.0447034592521813
4633,4,0.6284003257751465,0.05998203158378601,0.6330562829971313,0.05680165812373161,0.05469123274087906,-0.7381055951118469,0.02493784949183464,-0.7578171491622925,0.06141123175621033,0.04334240034222603,0.0463729128241539,0.020303841680288315,0.771755576133728,0.973419725894928,0.8509244918823242,0.6984236240386963,0.049720048904418945,0.04716319590806961,0.03934140503406525,0.010886166244745255,1.3264155387878418,10.996723175048828,-0.011561099568364375,0.051287203132270975,0.6083936268383116,-0.020690253406756197,-0.15075926344976232,-0.9984746488223865
4634,4,0.6285715699195862,0.05456208810210228,0.6316848993301392,0.05032143369317055,-0.06377756595611572,-0.42622068524360657,-0.2997635006904602,-0.5783362984657288,0.06373469531536102,0.03895312920212746,0.041550956666469574,0.05334452539682388,0.7721577286720276,0.9753535985946655,0.8507612347602844,0.696185827255249,0.053004954010248184,0.04085399955511093,0.033882707357406616,0.029551688581705093,-1.0115838050842285,10.479483604431152,-0.05912514708715945,0.06419973095431611,0.6068860342038138,-0.03067499989497955,-0.15075926344976232,-0.9984746488223865
4635,4,0.6263917684555054,0.051023904234170914,0.6268537044525146,0.04545219615101814,-0.32979872822761536,-0.28573334217071533,-0.6175062656402588,-0.38118162751197815,0.0755605399608612,0.03518290817737579,0.03741730377078056,0.10500859469175339,0.7724608182907104,0.9764896035194397,0.8500286936759949,0.6938782930374146,0.06261838972568512,0.03558558225631714,0.02960844524204731,0.05862879380583763,0.5629396438598633,11.686463356018066,-0.11685034382439351,0.07808125450539159,0.605345144475953,-0.04061440853875365,-0.1855364080125649,-0.9511215434480318
4636,4,0.6223108172416687,0.04913932457566261,0.6197488307952881,0.04311550408601761,-0.49571529030799866,-0.1284523457288742,-0.7702927589416504,-0.12267854809761047,0.10975538939237595,0.03193361312150955,0.03386089950799942,0.14151568710803986,0.7715525031089783,0.9768967032432556,0.8488372564315796,0.6926332712173462,0.08661986887454987,0.030933918431401253,0.02599039301276207,0.08163228631019592,1.5083074569702148,16.295188903808594,-0.1518081800234609,0.11811333818592648,0.6034591241250814,-0.050083881914267506,-0.1886020350871931,-0.9469473375514328
4637,4,0.6168676614761353,0.049338825047016144,0.6123305559158325,0.04340231418609619,-0.6054330468177795,0.1082678958773613,-0.7324089407920837,0.1305297613143921,0.1389397829771042,0.0291224904358387,0.030788566917181015,0.18026353418827057,0.7710314989089966,0.9769666790962219,0.8472887277603149,0.6916638016700745,0.11156445741653442,0.028459439054131508,0.02329876646399498,0.10238202661275864,5.586388111114502,7.112026214599609,-0.19274397052105927,0.1469759299545643,0.6015731037742095,-0.059553355289782485,-0.2014991934301282,-0.9217848711986492
4638,4,0.6105105876922607,0.04961186274886131,0.6048545241355896,0.045053429901599884,-0.6348101496696472,-0.012267177924513817,-0.7348239421844482,0.2033149003982544,0.16229557991027832,0.0266904104501009,0.02813391014933586,0.22972199320793152,0.7713363170623779,0.977864146232605,0.8453075289726257,0.6897853016853333,0.13592714071273804,0.028568828478455544,0.02025083638727665,0.12117227911949158,-2.207547426223755,-4.853682518005371,-0.24882309449053444,0.16962296717266356,0.599399318311142,-0.06846139646755321,-0.2177284127045204,-0.8901215254393259
4639,4,0.6022289991378784,0.046123355627059937,0.5964416265487671,0.04575427621603012,-0.8761337995529175,-0.5351269245147705,-0.8443832397460938,0.04876386374235153,0.17706693708896637,0.024581756442785263,0.025834811851382256,0.2450331449508667,0.7726266384124756,0.9801016449928284,0.843287467956543,0.6874881982803345,0.15212701261043549,0.028576891869306564,0.018730023875832558,0.12560789287090302,2.1697568893432617,-8.216503143310547,-0.2516308288221497,0.18212334084393766,0.5972220341840961,-0.07736261172194812,-0.2177284127045204,-0.8901215254393259
4640,4,0.5941134691238403,0.038860708475112915,0.5882887244224548,0.04519316554069519,-0.7616457343101501,-0.8642774820327759,-0.7932865023612976,-0.2834419012069702,0.21566297113895416,0.02274714969098568,0.023836398497223854,0.2334674745798111,0.7730841040611267,0.9834649562835693,0.8413508534431458,0.6850082874298096,0.17583709955215454,0.028174199163913727,0.01705257035791874,0.11738146841526031,-1.3101422786712646,-7.983242034912109,-0.18556068074883897,0.23002071103004268,0.5948635118543563,-0.08571217053969585,-0.23813839630184996,-0.8279972124860627
4641,4,0.586388349533081,0.02876260131597519,0.5803723931312561,0.03835197165608406,-0.7535138130187988,-1.1272249221801758,-0.7725850343704224,-0.9960075616836548,0.22185492515563965,0.02114933729171753,0.02209736779332161,0.21585047245025635,0.7741392254829407,0.987725555896759,0.8395216464996338,0.6820616126060486,0.19096660614013672,0.027762096375226974,0.015990812331438065,0.10449115931987762,-0.9998118877410889,-7.732458114624023,-0.1408798040897598,0.22428316652101632,0.5924821278913376,-0.09399214266455702,-0.23813839630184996,-0.8279972124860627
4642,4,0.5793135762214661,0.016049208119511604,0.572964072227478,0.025808153674006462,-0.6670269966125488,-1.401604413986206,-0.7113233804702759,-1.4462246894836426,0.23025035858154297,0.01975768432021141,0.02058381587266922,0.19439443945884705,0.7755681872367859,0.9927623271942139,0.8381108045578003,0.6785178780555725,0.19699978828430176,0.027257172390818596,0.01540043018758297,0.09047716110944748,1.9870519638061523,-6.402230262756348,-0.09934891930000014,0.23363896642660772,0.5900085998470853,-0.10174083111555463,-0.24983198587912894,-0.7605743986916399
4643,4,0.5737739205360413,0.0009458772838115692,0.566645622253418,0.00986520666629076,-0.48298412561416626,-1.6244492530822754,-0.5740221738815308,-1.7287206649780273,0.2301992028951645,0.018546367064118385,0.019267236813902855,0.16902558505535126,0.7769519090652466,0.9985597133636475,0.8371661901473999,0.6743593811988831,0.1966635137796402,0.027049213647842407,0.015028619207441807,0.07486247271299362,4.960613250732422,-8.987679481506348,-0.05048461277444388,0.22998278494665342,0.5875102799882936,-0.10934657510247245,-0.24983198587912894,-0.7605743986916464
4644,4,0.5700041055679321,-0.016785787418484688,0.5618067979812622,-0.008803552947938442,-0.2839691936969757,-1.9071917533874512,-0.3927028179168701,-1.9922924041748047,0.22608143091201782,0.017487192526459694,0.01811663992702961,0.14222757518291473,0.778201699256897,1.0053234100341797,0.8365998864173889,0.6693158149719238,0.1926005333662033,0.027306340634822845,0.014432440511882305,0.05853161960840225,2.3502445220947266,-12.573469161987305,-0.0034100430429418738,0.20864241159145064,0.5849914773816897,-0.11645200517998869,-0.25280918143635733,-0.6878530840560638
4645,4,0.5674935579299927,-0.03795836865901947,0.5586268305778503,-0.03048718348145485,-0.19018897414207458,-2.2588322162628174,-0.2271435558795929,-2.2947838306427,0.21766354143619537,0.052320003509521484,0.017112430185079575,0.1209743469953537,0.7792778611183167,1.0075652599334717,0.8365292549133301,0.6636517643928528,0.18335182964801788,0.060309525579214096,0.014233884401619434,0.04790373891592026,1.4907383918762207,-1.8299520015716553,0.058576704754265296,0.18152280371135115,0.5824633855673261,-0.12333053602054894,-0.25280918143635733,-0.6878530840560572
4646,4,0.5668982267379761,-0.059654686599969864,0.5579613447189331,-0.05364883691072464,0.008370502851903439,-2.146230697631836,0.021043237298727036,-2.364901304244995,0.20835734903812408,0.1222306564450264,0.01623406447470188,0.10379917174577713,0.7800889611244202,1.0069304704666138,0.8366661071777344,0.6575478911399841,0.17407149076461792,0.1246577575802803,0.013780727051198483,0.03785225376486778,2.0314860343933105,-10.938769340515137,0.13899253025084793,0.1677376836528141,0.5799690395505304,-0.1297503197178565,-0.24706998297353513,-0.6098332685793347
4647,4,0.5671243071556091,-0.08243062347173691,0.5583859086036682,-0.07824620604515076,0.07028937339782715,-2.3158652782440186,0.09612986445426941,-2.492100238800049,0.19483180344104767,0.14514251053333282,0.015465764328837395,0.08975081890821457,0.7807183265686035,1.0092005729675293,0.8372373580932617,0.6513373255729675,0.1607862412929535,0.16485562920570374,0.013730226084589958,0.03234897553920746,3.72586727142334,-6.280693054199219,0.1517743936504405,0.13441502708793537,0.5774983397207946,-0.1358486524036502,-0.24706998297358798,-0.6098332685793347
4648,4,0.5690304040908813,-0.10445907711982727,0.5604560375213623,-0.10278954356908798,0.2589151859283447,-2.1313397884368896,0.2731204330921173,-2.443629741668701,0.18147186934947968,0.19368603825569153,0.0147937573492527,0.07814443856477737,0.7809756994247437,1.0110893249511719,0.8381167650222778,0.6458315849304199,0.1472124308347702,0.20590393245220184,0.013403442688286304,0.028213277459144592,2.0253562927246094,-1.771632432937622,0.21020576030021781,0.12003419660693349,0.5750981814459674,-0.14154040171401944,-0.23261439049066232,-0.5265149522614461
4649,4,0.5720784664154053,-0.12406104803085327,0.5638654232025146,-0.12675176560878754,0.33073312044143677,-1.8294540643692017,0.38038086891174316,-2.328068256378174,0.16443096101284027,0.20924071967601776,0.01420578919351101,0.06847168505191803,0.7810730338096619,1.0135219097137451,0.8391948938369751,0.6411405205726624,0.13301292061805725,0.23200376331806183,0.013175854459404945,0.02501697838306427,3.623337745666504,-0.6050896644592285,0.21520661559776488,0.08335067571600113,0.5727720375410604,-0.14680555123663355,-0.2326143904907152,-0.5265149522614327
4650,4,0.5759453177452087,-0.14077362418174744,0.5681689977645874,-0.14755120873451233,0.4174148738384247,-1.5461779832839966,0.4588489532470703,-1.829736590385437,0.14717242121696472,0.20729877054691315,0.013690412044525146,0.06033509969711304,0.7810627818107605,1.017149567604065,0.840420126914978,0.637217104434967,0.11837150156497955,0.23776794970035553,0.01291827391833067,0.022285057231783867,4.579415321350098,-3.102003335952759,0.1987317283738133,0.06197852876349317,0.5705357981603627,-0.1517268781533339,-0.20944240398784464,-0.43789813510238434
4651,4,0.5803723931312561,-0.1551809459924698,0.5729427933692932,-0.16324429214000702,0.46796709299087524,-1.3239891529083252,0.5010445713996887,-1.350355625152588,0.1292535960674286,0.2024049162864685,0.01323946937918663,0.05346710979938507,0.7811269760131836,1.0212643146514893,0.841474175453186,0.6338756084442139,0.10588955879211426,0.23313039541244507,0.012062913738191128,0.01973063498735428,-1.700730323791504,-5.863375663757324,0.18060086110432028,0.03690363614208707,0.5684413741204845,-0.15610585950435812,-0.20944240398784464,-0.43789813510239756
4652,4,0.5839380025863647,-0.16786450147628784,0.5774282217025757,-0.1754402220249176,0.29710885882377625,-1.168810248374939,0.42709439992904663,-1.07541823387146,0.11145277321338654,0.19609247148036957,0.012843136675655842,0.04760952666401863,0.7817731499671936,1.0252386331558228,0.8420825600624084,0.6310951709747314,0.0946803092956543,0.22351208329200745,0.011051326990127563,0.017833951860666275,-5.145308971405029,-6.368353366851807,0.16776947853624374,0.016182801661404025,0.5664387847860759,-0.16021437602066146,-0.17755402346492352,-0.3439828171021894
4653,4,0.585705578327179,-0.17851892113685608,0.581016480922699,-0.1849496215581894,0.09050773084163666,-0.9624608755111694,0.3011815845966339,-0.8379780650138855,0.09915775805711746,0.19014602899551392,0.012496021576225758,0.04261484742164612,0.7828882932662964,1.028676152229309,0.8422152400016785,0.6290273666381836,0.08564821630716324,0.21153119206428528,0.01013503409922123,0.016647793352603912,-6.011151313781738,-3.8304972648620605,0.16306430342752062,0.03074374224625532,0.5646632445514271,-0.16365420419168317,-0.17755402346487065,-0.3439828171021762
4654,4,0.585666835308075,-0.1864943504333496,0.5832865238189697,-0.19193920493125916,-0.10344001650810242,-0.6710808277130127,0.13996770977973938,-0.5899803042411804,0.09245958924293518,0.18248309195041656,0.012191248126327991,0.03832821547985077,0.7840046882629395,1.0313445329666138,0.8421768546104431,0.627931535243988,0.07846318185329437,0.19680620729923248,0.010021166875958443,0.016168158501386642,2.297987937927246,-1.0163700580596924,0.14714632857745927,0.054345512851796694,0.5629640364154687,-0.16690752230085934,-0.13694924892189891,-0.2447689982608348
4655,4,0.5853013396263123,-0.1908567100763321,0.5842620134353638,-0.19591182470321655,-0.04256324842572212,-0.2920924127101898,0.003865409642457962,-0.2781415581703186,0.09065809845924377,0.17063120007514954,0.01192387007176876,0.034641820937395096,0.784644603729248,1.0334874391555786,0.8420414328575134,0.6275004744529724,0.07570236176252365,0.18212570250034332,0.009708759374916553,0.014871669001877308,3.342163562774658,-5.261412620544434,0.11483758279850405,0.08029473018639145,0.5615945439262499,-0.16935521228346753,-0.13694924892189891,-0.2447689982608348
4656,4,0.5845829844474792,-0.19317768514156342,0.5829518437385559,-0.19773602485656738,-0.08565095067024231,-0.16062073409557343,-0.22488723695278168,-0.08713099360466003,0.08743355423212051,0.15220418572425842,0.011689478531479836,0.03146616742014885,0.7854583263397217,1.035744071006775,0.8415722846984863,0.6271963715553284,0.07529133558273315,0.16536827385425568,0.008929233066737652,0.013336283154785633,-1.1841189861297607,-9.93081283569336,0.06238549176535545,0.06874135693715482,0.5602684481409015,-0.17171094397878806,-0.09162356755901664,-0.1487231778061178
4657,4,0.5824002027511597,-0.1951168328523636,0.5795046091079712,-0.19825366139411926,-0.2893485128879547,-0.17400716245174408,-0.39389002323150635,0.013785317540168762,0.08552256971597672,0.1345238834619522,0.011483585461974144,0.02871808037161827,0.7869748473167419,1.0383280515670776,0.8404732346534729,0.6266973614692688,0.07670478522777557,0.1483084112405777,0.007916463539004326,0.01170348934829235,-5.461452007293701,-15.185001373291016,0.044902840019599335,0.07438484468211813,0.5593921673373128,-0.17311351076457113,-0.08762808035882373,-0.1402566785783073
4658,4,0.5776821970939636,-0.19782686233520508,0.5746368169784546,-0.19808731973171234,-0.5785744190216064,-0.30720946192741394,-0.5300238728523254,0.056235190480947495,0.10268868505954742,0.12081681191921234,0.011303337290883064,0.026344234123826027,0.787972629070282,1.0409326553344727,0.838760256767273,0.6260267496109009,0.08966166526079178,0.13246046006679535,0.007053549867123365,0.01065320149064064,-6.677726745605469,-13.257522583007812,0.04839598122909897,0.10707479447588804,0.5585158865337241,-0.17451607755035436,0.22139257817836247,-0.09165460465575853
4659,4,0.5707724094390869,-0.20084775984287262,0.5687553882598877,-0.19747622311115265,-0.7897316813468933,-0.2944287955760956,-0.6569858193397522,0.009350065141916275,0.1563415676355362,0.11343921720981598,0.01114469300955534,0.024278201162815094,0.7870479822158813,1.0430865287780762,0.836499810218811,0.6252936720848083,0.12594400346279144,0.12211345136165619,0.006474637426435947,0.009541061706840992,-3.865542411804199,-16.836355209350586,0.07361995132207345,0.17166909333890185,0.5645345636821294,-0.17483422086211475,0.6102506424418167,-0.03049588318328916
4660,4,0.5623622536659241,-0.20413738489151,0.5612486004829407,-0.19863593578338623,-0.8700685501098633,-0.3532210886478424,-0.8346859216690063,-0.22639057040214539,0.21029137074947357,0.10791866481304169,0.011005406267940998,0.022482382133603096,0.7857090830802917,1.044729232788086,0.8344211578369141,0.6246959567070007,0.16404207050800323,0.11386711895465851,0.006970265880227089,0.009131859987974167,2.6691246032714844,-10.997461318969727,0.07764890032402323,0.22936456405963485,0.5706370701065481,-0.1751391796939478,0.6102506424417637,-0.03049588318328916
4661,4,0.5553142428398132,-0.20652782917022705,0.5528042316436768,-0.20113076269626617,-0.6164593696594238,-0.21050812304019928,-0.8899087309837341,-0.3049694001674652,0.2511868178844452,0.10595531761646271,0.010883244685828686,0.020921185612678528,0.7843769788742065,1.0457953214645386,0.8330273032188416,0.6243005990982056,0.19348549842834473,0.10929454863071442,0.007811455056071281,0.008533990941941738,8.107149124145508,-10.427809715270996,0.09507031476653549,0.26847031266973265,0.5756219267503669,-0.1744246468818071,0.4843874781065452,0.08431328740960922
4662,4,0.5510140657424927,-0.2082599401473999,0.5446324944496155,-0.20425103604793549,-0.3058697283267975,-0.1700689047574997,-0.7162771821022034,-0.33220425248146057,0.25363847613334656,0.10212774574756622,0.010775848291814327,0.019559049978852272,0.7837443947792053,1.0464117527008057,0.8326413631439209,0.6243723034858704,0.20181182026863098,0.10292090475559235,0.008919059298932552,0.008835656568408012,10.996953964233398,-0.303272008895874,0.08078945053426567,0.254715737990352,0.5804658015314326,-0.17358151400771096,0.4843874781065981,0.08431328740960922
4663,4,0.5502977967262268,-0.20786991715431213,0.5404975414276123,-0.2067103534936905,0.0687258318066597,0.14354410767555237,-0.19013100862503052,-0.22377660870552063,0.2480032593011856,0.09916459023952484,0.010681584477424622,0.018371455371379852,0.7835062146186829,1.0465306043624878,0.8327850699424744,0.6249086260795593,0.20022518932819366,0.09799093008041382,0.009180779568850994,0.008563417010009289,3.705759048461914,-1.4654052257537842,0.08249150579515266,0.2251690899803272,0.5843531328578926,-0.17179431226209094,0.362996864393302,0.20412080807174518
4664,4,0.5510101318359375,-0.20616468787193298,0.5401055812835693,-0.20897987484931946,0.13269782066345215,0.22039595246315002,0.1050657331943512,-0.14760488271713257,0.23441918194293976,0.09026804566383362,0.010598740540444851,0.017333850264549255,0.78361576795578,1.0466850996017456,0.8331876993179321,0.6256086230278015,0.19277894496917725,0.09104105830192566,0.009293969720602036,0.008255256339907646,-0.7382714748382568,-2.1754777431488037,0.03951426036491376,0.17842593737621895,0.5879831015018259,-0.16975310418137313,0.36299686439324913,0.20412080807174518
4665,4,0.552444577217102,-0.20386449992656708,0.5419800281524658,-0.208828404545784,0.18536557257175446,0.25953158736228943,0.2635813355445862,0.1822216808795929,0.222877636551857,0.08164899051189423,0.010526163503527641,0.016429541632533073,0.7837480902671814,1.0469599962234497,0.8339722156524658,0.6264265775680542,0.1802535355091095,0.08279631286859512,0.009836711920797825,0.007916463539004326,4.479587078094482,-6.266465187072754,0.031161968864726025,0.17385261277802871,0.5908086879159012,-0.16685324670172014,0.24607880130192833,0.32892667880310555
4666,4,0.555439829826355,-0.2012474238872528,0.54546058177948,-0.20551227033138275,0.3919169008731842,0.2615664005279541,0.4225206673145294,0.4396193027496338,0.21271781623363495,0.0739547610282898,0.010462254285812378,0.015636702999472618,0.783295750617981,1.047218680381775,0.8353543281555176,0.6272315979003906,0.16554966568946838,0.07514356821775436,0.010486442595720291,0.007557345554232597,7.88625955581665,-7.311458587646484,0.028075791715442652,0.16882163322972787,0.5932694759289199,-0.16356397991368923,0.24607880130187548,0.32892667880310555
4667,4,0.5607342720031738,-0.19865529239177704,0.5507537722587585,-0.2003442943096161,0.6249405741691589,0.24793741106987,0.6148900985717773,0.560368537902832,0.19860221445560455,0.06794015318155289,0.010406049899756908,0.014942209236323833,0.7822028994560242,1.0474117994308472,0.8372044563293457,0.6279149055480957,0.1509164720773697,0.06905026733875275,0.01094498299062252,0.007126840762794018,7.536666393280029,-7.9888129234313965,0.03147613657020077,0.13624025793952652,0.595069097835587,-0.15951147989944908,0.1336332888324772,0.45873089960370345
4668,4,0.5678041577339172,-0.19647638499736786,0.5578141808509827,-0.1945633441209793,0.7747693657875061,0.2028225064277649,0.7863751649856567,0.5760654211044312,0.1798773556947708,0.06381019204854965,0.010356737300753593,0.014335006475448608,0.7808184027671814,1.0474153757095337,0.839327871799469,0.6285837292671204,0.13593055307865143,0.0640544593334198,0.011056490242481232,0.007023441139608622,4.598047733306885,-6.228492259979248,0.03838546241980497,0.09408391154255678,0.5964054307239117,-0.1549241709034112,0.1336332888324772,0.45873089960370345
4669,4,0.5758468508720398,-0.1941653937101364,0.5662910342216492,-0.18978279829025269,0.8343376517295837,0.2612497806549072,0.898830235004425,0.3857763111591339,0.1590912789106369,0.06220210716128349,0.01031342800706625,0.013803319074213505,0.7795501351356506,1.046973705291748,0.8413034677505493,0.6294215321540833,0.12236395478248596,0.061034590005874634,0.010613038204610348,0.0070083895698189735,-2.9602622985839844,-3.6678826808929443,0.05222108889493164,0.05967691116266961,0.5972148685281453,-0.14967904155402995,0.02566032698489561,0.593533470473539
4670,4,0.5831836462020874,-0.19119738042354584,0.5750473141670227,-0.18700923025608063,0.6807044148445129,0.33780622482299805,0.8597025275230408,0.22349171340465546,0.13855546712875366,0.0607527457177639,0.010275397449731827,0.013337671756744385,0.7788107991218567,1.0461089611053467,0.842924177646637,0.6305633187294006,0.10939783602952957,0.058539606630802155,0.010125798173248768,0.007186105940490961,-5.137214660644531,-1.176598072052002,0.051714118333084334,0.03560198095333042,0.5974714717979945,-0.14374370684929488,0.025660326984948478,0.5935334704735258
4671,4,0.5891507863998413,-0.18705925345420837,0.5831380486488342,-0.18483996391296387,0.5211133360862732,0.46951326727867126,0.7508105039596558,0.21969425678253174,0.12335432320833206,0.05904154106974602,0.010241971351206303,0.01292937621474266,0.7785160541534424,1.0449882745742798,0.8440765738487244,0.631946861743927,0.09901802241802216,0.05647774785757065,0.009546171873807907,0.007161994930356741,-5.358410835266113,-2.9373037815093994,0.04832874448602782,0.04396630123360079,0.5973265059047702,-0.137265961364219,-0.07784008424071062,0.7333343914125989
4672,4,0.5932931900024414,-0.18218748271465302,0.5896458625793457,-0.1825619637966156,0.3261895775794983,0.5074484944343567,0.564398467540741,0.24900564551353455,0.11258966475725174,0.05590154975652695,0.010212613269686699,0.012571508064866066,0.7785876989364624,1.0439181327819824,0.844728410243988,0.6333534121513367,0.09191897511482239,0.0539439357817173,0.008960779756307602,0.006973275449126959,-5.223488807678223,-4.1645050048828125,0.03610565472733902,0.054561827340265406,0.5965481050623632,-0.12993261745009166,-0.07784008424071062,0.7333343914125989
4673,4,0.595490574836731,-0.17728257179260254,0.5941411852836609,-0.17947496473789215,0.13117146492004395,0.4787415862083435,0.35008805990219116,0.3829832673072815,0.10657300055027008,0.05338378995656967,0.010186834260821342,0.012257828377187252,0.7788950800895691,1.0427451133728027,0.8449732065200806,0.6348973512649536,0.08767488598823547,0.05064670369029045,0.008483270183205605,0.00721122557297349,-5.061473846435547,0.9638166427612305,0.03737263029124262,0.07343223205715145,0.5954845158766561,-0.12218226902876694,-0.1768679448443415,0.8781336624208899
4674,4,0.5961480736732483,-0.17167367041110992,0.5967300534248352,-0.17438656091690063,-0.013176321052014828,0.6086302995681763,0.14694523811340332,0.5958564877510071,0.10476621240377426,0.05302160605788231,0.01016418356448412,0.01198261696845293,0.779326319694519,1.041099190711975,0.8448364734649658,0.6367251873016357,0.08653852343559265,0.04895547032356262,0.008160107769072056,0.007337900344282389,-2.7439498901367188,0.15272855758666992,0.050709150717221374,0.09471732562243312,0.5937158364282126,-0.11340093240455851,-0.1768679448443415,0.8781336624208832
4675,4,0.5954683423042297,-0.16516350209712982,0.5967053771018982,-0.16756387054920197,-0.11931556463241577,0.6847935914993286,-0.14612041413784027,0.7493439316749573,0.10979148000478745,0.051191091537475586,0.010144260711967945,0.011740930378437042,0.7795846462249756,1.0393418073654175,0.8443946242332458,0.6386458277702332,0.09026297181844711,0.047305021435022354,0.007800353225320578,0.007318791002035141,-2.3240089416503906,-2.323051691055298,0.039480630789808804,0.11107405831241385,0.5917694043549984,-0.10433799424643149,-0.27142325482615565,1.0279312834984118
4676,4,0.5936266779899597,-0.1583743840456009,0.5936293601989746,-0.1596246212720871,-0.2288074493408203,0.6892254948616028,-0.4295581579208374,0.8390001058578491,0.12011320143938065,0.04928223043680191,0.010126748122274876,0.011528702452778816,0.7797889113426208,1.037618637084961,0.8434664607048035,0.6405553817749023,0.10007313638925552,0.04540073499083519,0.007076637353748083,0.007257458288222551,-7.252519130706787,-2.2782039642333984,0.03701652245585657,0.12279767908103953,0.5890551718067375,-0.09405868141144788,-0.2714232548261028,1.0279312834984118
4677,4,0.5898466110229492,-0.15160103142261505,0.5879858732223511,-0.15115469694137573,-0.47937092185020447,0.6924517750740051,-0.6340085864067078,0.8691593408584595,0.13341255486011505,0.04872122034430504,0.010111376643180847,0.011342623271048069,0.7805274128913879,1.0359975099563599,0.841755747795105,0.6421812176704407,0.11536760628223419,0.0454271025955677,0.0061003705486655235,0.006679677404463291,-9.749471664428711,-10.254344940185547,0.04509915458601971,0.13717050128956806,0.5862616772509911,-0.08364316671596325,-0.3542084475940293,1.1701872978806314
4678,4,0.5830457210540771,-0.14608526229858398,0.5805174112319946,-0.14321979880332947,-0.7999399900436401,0.49603304266929626,-0.7984153032302856,0.7520542144775391,0.16491524875164032,0.0550682432949543,0.010097876191139221,0.011179392226040363,0.7811810374259949,1.0339550971984863,0.8393579125404358,0.643483579158783,0.14114338159561157,0.050158508121967316,0.005346046760678291,0.0064966268837451935,-11.615538597106934,-9.547119140625,0.05631875514615191,0.17494103593800195,0.5826466171091319,-0.07181589416951215,-0.3615060141859945,1.1827272546451713
4679,4,0.5737587213516235,-0.1413992941379547,0.5718882083892822,-0.13663648068904877,-1.02779221534729,0.4488071799278259,-0.9254336953163147,0.5653170943260193,0.2119912952184677,0.09187055379152298,0.01008601300418377,0.01103602722287178,0.7813364267349243,1.0292751789093018,0.836764931678772,0.6447332501411438,0.17451786994934082,0.07504557818174362,0.005580135155469179,0.0064246742986142635,-2.7575135231018066,-9.910187721252441,0.10012650466521159,0.22931777253930585,0.5790315569672722,-0.05998862162305963,-0.3994142097181926,1.2534841709393147
4680,4,0.5643810629844666,-0.13658279180526733,0.5624333024024963,-0.13142481446266174,-0.8885524868965149,0.4788402318954468,-1.0015233755111694,0.4544229805469513,0.2553861737251282,0.11969707161188126,0.010075567290186882,0.010909879580140114,0.7811756730079651,1.0248874425888062,0.8344160318374634,0.6458293199539185,0.20762544870376587,0.0998445451259613,0.005895217414945364,0.006220022216439247,-1.8432307243347168,-11.271097183227539,0.1265468241214893,0.2731640874362967,0.5745706782465906,-0.046582600377506236,-0.447116222923858,1.3425215758611548
4681,4,0.5561210513114929,-0.13217361271381378,0.5520018935203552,-0.12764191627502441,-0.766572117805481,0.41744065284729004,-1.0412936210632324,0.32805871963500977,0.2600758373737335,0.13650324940681458,0.010066407732665539,0.010799338109791279,0.7819243669509888,1.0214484930038452,0.8325536847114563,0.6470261812210083,0.224116250872612,0.11635039746761322,0.0064866309985518456,0.006508622318506241,-0.5527138710021973,-6.932250022888184,0.1413278013219272,0.26220548950517364,0.5700995160173513,-0.03315738461889216,-0.447116222923858,1.3425215758611548
4682,4,0.5496134161949158,-0.12729620933532715,0.5427561402320862,-0.12433667480945587,-0.5766332149505615,0.5192142724990845,-0.8162752389907837,0.31685182452201843,0.25809910893440247,0.16494610905647278,0.010058351792395115,0.010702172294259071,0.7835004329681396,1.017674207687378,0.830963671207428,0.6484367847442627,0.22936677932739258,0.13548657298088074,0.006572617217898369,0.006706705782562494,-6.021385192871094,-5.3726959228515625,0.17377458542525254,0.2502208839097564,0.5649078611303084,-0.018268829734183978,-0.5282538810399047,1.5073142471463747
4683,4,0.543643057346344,-0.12178077548742294,0.5355802178382874,-0.12137828767299652,-0.5825552940368652,0.5986091494560242,-0.624419629573822,0.3012402057647705,0.25137993693351746,0.17725878953933716,0.010051274672150612,0.010616840794682503,0.7856038212776184,1.014039397239685,0.8295221924781799,0.6505268216133118,0.22789129614830017,0.14575150609016418,0.006616631522774696,0.007709552999585867,-9.59566879272461,3.6609840393066406,0.18138203110489176,0.2243804792163751,0.5596253223199097,-0.0031956872627191997,-0.5282538810398518,1.5073142471463747
4684,4,0.5380107164382935,-0.11360719054937363,0.5302928686141968,-0.11734919995069504,-0.5606551766395569,0.9537302255630493,-0.48667681217193604,0.5182164907455444,0.24629108607769012,0.18960437178611755,0.010045051574707031,0.010541846044361591,0.7879132628440857,1.0101932287216187,0.8280943632125854,0.6533231735229492,0.22462639212608337,0.15302380919456482,0.006664663553237915,0.008136836811900139,-8.337677955627441,0.3773689270019531,0.19386703580983444,0.22563811976610698,0.5537386716714797,0.013167383123319446,-0.6049189885339232,1.671013178378493
4685,4,0.5324193239212036,-0.10344932973384857,0.5254606604576111,-0.10997504740953445,-0.5502430200576782,1.080754041671753,-0.4770895540714264,0.939719557762146,0.2414797693490982,0.18442513048648834,0.010039589367806911,0.010476063936948776,0.790238618850708,1.0065793991088867,0.8266934156417847,0.6567373275756836,0.22120817005634308,0.15088988840579987,0.006539616268128157,0.009093144908547401,-11.176187515258789,5.345718860626221,0.16054166219438806,0.2217129795088888,0.5476894817861397,0.02987751490710751,-0.6049189885339232,1.671013178378493
4686,4,0.5267924666404724,-0.09096743166446686,0.5207768082618713,-0.09829864650964737,-0.5795415639877319,1.3787113428115845,-0.477251797914505,1.3455866575241089,0.2369953691959381,0.18002089858055115,0.010034789331257343,0.010418259538710117,0.7927151322364807,1.0027793645858765,0.8249949216842651,0.6609379649162292,0.22079306840896606,0.14373788237571716,0.006084424909204245,0.009837735444307327,-15.25195026397705,4.730362892150879,0.15951449787913832,0.21841669488330775,0.5411436157812993,0.047538699481011915,-0.6771115454060722,1.8092500090681671
4687,4,0.5199886560440063,-0.0760536640882492,0.5153828859329224,-0.08334267884492874,-0.7383599877357483,1.6115138530731201,-0.5808838605880737,1.6396795511245728,0.2338411957025528,0.1711358278989792,0.01003057137131691,0.010367481037974358,0.7954708933830261,0.9985451102256775,0.8231403827667236,0.6657609939575195,0.21958428621292114,0.13473296165466309,0.006142236292362213,0.010356876067817211,-9.18525218963623,-0.642697811126709,0.12917407937548478,0.2206745607998934,0.5343725003272393,0.06563119957169267,-0.6771115454060722,1.8092500090681605
4688,4,0.5128080248832703,-0.05915040522813797,0.5091453194618225,-0.06555350869894028,-0.7017090916633606,1.7561453580856323,-0.6635175347328186,1.8839765787124634,0.2409203052520752,0.15980009734630585,0.010026865638792515,0.01032287161797285,0.7978091239929199,0.9940877556800842,0.8213441967964172,0.670863926410675,0.2217976152896881,0.12507936358451843,0.006146224215626717,0.01065732166171074,-8.821800231933594,-2.833876609802246,0.10507382297959936,0.24391063450901357,0.5272031993709625,0.08435098077099039,-0.7448315516562987,1.9159326490930595
4689,4,0.5058603286743164,-0.04131421819329262,0.5020642280578613,-0.04604870080947876,-0.6817682981491089,1.8176671266555786,-0.7314962148666382,2.0054025650024414,0.24035507440567017,0.14827845990657806,0.010023610666394234,0.010283706709742546,0.8000362515449524,0.9893485903739929,0.819632351398468,0.6763339638710022,0.22310759127140045,0.1137576624751091,0.006210047751665115,0.011291144415736198,-9.383600234985352,1.1300349235534668,0.09114444673916994,0.23801656856592263,0.5197548838543987,0.10351030726192463,-0.7448315516562987,1.9159326490930595
4690,4,0.49931085109710693,-0.022042395547032356,0.49488699436187744,-0.02528333105146885,-0.6478030681610107,1.9982188940048218,-0.7145594954490662,2.1183359622955322,0.2390274554491043,0.13845506310462952,0.010020745918154716,0.010249280370771885,0.8023799061775208,0.9841369986534119,0.8178626894950867,0.6821026802062988,0.22417587041854858,0.10399974882602692,0.006069478113204241,0.01156763918697834,-10.393693923950195,-0.924069881439209,0.08858270537781637,0.233529682944767,0.5119979283516625,0.12303625156129333,-0.8080790072846027,1.9910610984531982
4691,4,0.49249735474586487,-0.0018902834272012115,0.4876050651073456,-0.003976451698690653,-0.6942813396453857,2.0451323986053467,-0.7241231799125671,2.1528594493865967,0.2363976240158081,0.12679192423820496,0.01001823227852583,0.010219037532806396,0.8049291968345642,0.9787492156028748,0.8160128593444824,0.6878679394721985,0.22432394325733185,0.09555648267269135,0.005993771366775036,0.011538617312908173,-9.787650108337402,-4.752638339996338,0.066077302113833,0.22546439919891337,0.5039171382788165,0.1429468625458266,-0.8080790072846027,1.9910610984531851
4692,4,0.48538076877593994,0.018183037638664246,0.48028796911239624,0.01750791445374489,-0.7135551571846008,1.9888200759887695,-0.7251927256584167,2.1534128189086914,0.23506547510623932,0.11660458147525787,0.010016018524765968,0.010192458517849445,0.8074069023132324,0.9732374548912048,0.81446373462677,0.6937335729598999,0.22043752670288086,0.08649417012929916,0.0064966268837451935,0.011966218240559101,-4.237032890319824,-1.7484378814697266,0.062193736329286986,0.2295076924133841,0.4956083086345943,0.1630265364199526,-0.8668539122909842,2.0346353571485243
4693,4,0.47955235838890076,0.03882100060582161,0.47384965419769287,0.03949500992894173,-0.52196204662323,2.0824356079101562,-0.6065418124198914,2.1841228008270264,0.23396018147468567,0.11008782684803009,0.01001407764852047,0.010169138200581074,0.8094562888145447,0.9673694372177124,0.813222348690033,0.699634850025177,0.21664267778396606,0.08015896379947662,0.006764784920960665,0.012001561932265759,-3.5995900630950928,-2.9257237911224365,0.07449044678007677,0.22932603875300933,0.48693976951168344,0.18337288999144177,-0.8668539122909842,2.0346353571485243
4694,4,0.47480952739715576,0.05946781858801842,0.46824243664741516,0.06077348440885544,-0.43077394366264343,2.051142692565918,-0.5087148547172546,2.075812578201294,0.22640685737133026,0.10292506217956543,0.010012365877628326,0.010148610919713974,0.8115366697311401,0.9616140723228455,0.811905562877655,0.7050971984863281,0.21395479142665863,0.07660765945911407,0.006469640415161848,0.01142052374780178,-9.304756164550781,-7.846271991729736,0.06323278809086319,0.19456529593625965,0.47811484613095173,0.20375385991500455,-0.9211562666754433,2.046655425179096
4695,4,0.46958068013191223,0.07846667617559433,0.4629865884780884,0.08024229854345322,-0.5379465222358704,1.828546166419983,-0.49517354369163513,1.88735830783844,0.21612021327018738,0.09809599071741104,0.010010868310928345,0.010130607523024082,0.814044713973999,0.9559878706932068,0.8105115294456482,0.7104446291923523,0.20798879861831665,0.07186960428953171,0.006306835915893316,0.011886206455528736,-12.864219665527344,0.23685693740844727,0.07086124984326081,0.1718314922634961,0.4689032834641985,0.22422041416679456,-0.9211562666754433,2.046655425179109
4696,4,0.4640350639820099,0.09749877452850342,0.45845142006874084,0.09889092296361923,-0.5856273770332336,1.9301519393920898,-0.45255085825920105,1.819310188293457,0.20929977297782898,0.10800816863775253,0.01000954955816269,0.010114749893546104,0.8165965676307678,0.9490910172462463,0.8092678785324097,0.7161651849746704,0.19941303133964539,0.07328074425458908,0.0066976952366530895,0.012423225678503513,-5.468912124633789,3.0788135528564453,0.11043634989413942,0.1795549474878359,0.45959804675193267,0.24465024661447587,-0.9709860704379535,2.0271213025449013
4697,4,0.45928990840911865,0.11791616678237915,0.4543760120868683,0.11725983023643494,-0.4378613233566284,2.0844008922576904,-0.41499289870262146,1.8124148845672607,0.20354148745536804,0.10693759471178055,0.010008388198912144,0.010100818239152431,0.8187461495399475,0.9420389533042908,0.8083016276359558,0.7220643162727356,0.19119665026664734,0.07357431948184967,0.007006382569670677,0.012585969641804695,-2.5490152835845947,2.453734874725342,0.10102216699563465,0.1780956490397968,0.4498881860475531,0.26492145963992625,-0.9709860704379535,2.0271213025449146
4698,4,0.4555346369743347,0.13890953361988068,0.4503103196620941,0.13563010096549988,-0.33352261781692505,2.0951523780822754,-0.3975837528705597,1.8786102533340454,0.19299857318401337,0.10296468436717987,0.010007369332015514,0.010088593699038029,0.8207155466079712,0.9354127049446106,0.8075773119926453,0.727724552154541,0.18153560161590576,0.07277339696884155,0.007257458288222551,0.01228357758373022,-0.8348464965820312,-2.288609743118286,0.08084719353708691,0.14553848301643144,0.4401384164087285,0.2851477210864079,-1.0126689515059053,1.9801716321007252
4699,4,0.45263683795928955,0.15888778865337372,0.44655245542526245,0.1548960655927658,-0.24312856793403625,1.9380799531936646,-0.33042028546333313,1.9765558242797852,0.17937269806861877,0.09950483590364456,0.01000647246837616,0.010077839717268944,0.8227969408035278,0.9293584227561951,0.8068482875823975,0.7328597903251648,0.17135009169578552,0.07208157330751419,0.00701742060482502,0.011852968484163284,-6.462733745574951,-3.880782127380371,0.08008836712049211,0.11656016050744711,0.429974983172944,0.3049080509788661,-1.0163433235785675,1.9760329892458999
4700,4,0.4494960606098175,0.17705993354320526,0.4433189928531647,0.17441251873970032,-0.33084455132484436,1.7552388906478882,-0.29070764780044556,1.9504605531692505,0.16348689794540405,0.10512830317020416,0.010005687363445759,0.010068396106362343,0.8254169225692749,0.9234781861305237,0.8057779669761658,0.7372400760650635,0.16099843382835388,0.07720093429088593,0.006547615397721529,0.01092124730348587,-9.643619537353516,-10.742478370666504,0.10652899241607766,0.08781327882309017,0.41981154993715836,0.3246683808713266,-1.0344470675152253,1.9394388932179674
4701,4,0.4450177848339081,0.19246363639831543,0.43987441062927246,0.19301658868789673,-0.4962206482887268,1.4156520366668701,-0.3565801978111267,1.824336051940918,0.15028336644172668,0.13163121044635773,0.010004997253417969,0.010060098953545094,0.8283478021621704,0.916927695274353,0.8047248721122742,0.740989089012146,0.14762023091316223,0.09313780814409256,0.006785820238292217,0.010561563074588776,-3.6713898181915283,-10.490389823913574,0.1388295713631023,0.08531245506230069,0.4092441807515635,0.3436122127516528,-1.0572280260972593,1.8933904852821584
4702,4,0.44079941511154175,0.20609202980995178,0.4365849792957306,0.21040968596935272,-0.4007483124732971,1.303005576133728,-0.338554322719574,1.5868899822235107,0.14146460592746735,0.18366645276546478,0.010004390962421894,0.010052804835140705,0.8309102058410645,0.9092945456504822,0.8037283420562744,0.7443633079528809,0.13730323314666748,0.12230131775140762,0.006710710469633341,0.010325015522539616,-4.366145133972168,-8.951189041137695,0.20022965307980867,0.0970039429498879,0.3986719004905897,0.3625461176044781,-1.0572280260972593,1.8933904852821848
4703,4,0.43672633171081543,0.21875451505184174,0.4329766035079956,0.22410613298416138,-0.4183570146560669,1.2328253984451294,-0.3823055922985077,1.1990853548049927,0.1295972615480423,0.21674907207489014,0.010003858245909214,0.0100463991984725,0.833428144454956,0.9021157026290894,0.8027676939964294,0.7478021383285522,0.1268673688173294,0.14653657376766205,0.006747758947312832,0.010770667344331741,-3.7895703315734863,-3.086787462234497,0.2291970179745145,0.06826813782200272,0.38777628469460734,0.38046596952631806,-1.093640177994002,1.7791937906536368
4704,4,0.43284812569618225,0.23196512460708618,0.42933008074760437,0.23529192805290222,-0.39673423767089844,1.357085108757019,-0.3818551301956177,1.0390877723693848,0.11793690919876099,0.24279867112636566,0.010003387928009033,0.010040770284831524,0.8362504839897156,0.8955805897712708,0.8014681935310364,0.7511165738105774,0.11835843324661255,0.16821667551994324,0.006155197508633137,0.010351736098527908,-6.914681434631348,-10.026541709899902,0.25357301780471975,0.05598507741506781,0.3768398829146673,0.3982579074328556,-1.0936401779940284,1.7791937906536368
4705,4,0.4275462031364441,0.24429677426815033,0.4245213568210602,0.24432900547981262,-0.5926591157913208,1.1911770105361938,-0.5199256539344788,0.8433509469032288,0.10540276765823364,0.24465440213680267,0.010002976283431053,0.010035829618573189,0.8396102786064148,0.8902076482772827,0.7999452948570251,0.7544589042663574,0.10790564119815826,0.17798937857151031,0.005993771366775036,0.010727379471063614,-6.5659499168396,-5.357423782348633,0.24545844344880358,0.03677798239810638,0.36565180091327015,0.41490134587089567,-1.1255797792688487,1.6334429053603086
4706,4,0.42148128151893616,0.25686174631118774,0.4192865490913391,0.25317904353141785,-0.6483451724052429,1.267366886138916,-0.5589325428009033,0.939635157585144,0.09744299203157425,0.2705203890800476,0.010002614930272102,0.010031481273472309,0.8432084321975708,0.8849141597747803,0.7979581356048584,0.7574780583381653,0.10121234506368637,0.19334179162979126,0.005385694094002247,0.010022192262113094,-7.8019514083862305,-12.963068008422852,0.2820889969801389,0.052795959649948945,0.3543960031205803,0.43123577492450194,-1.1255797792688487,1.633442905360335
4707,4,0.41363584995269775,0.26782500743865967,0.4124844968318939,0.2629041373729706,-0.8565497398376465,1.0129941701889038,-0.745081901550293,1.0328434705734253,0.0902070552110672,0.2767302095890045,0.010002298280596733,0.010027662850916386,0.8472962975502014,0.8803527355194092,0.7954408526420593,0.7598845958709717,0.09638318419456482,0.20837435126304626,0.0046995035372674465,0.009494060650467873,-9.991500854492188,-15.503549575805664,0.27964280259672814,0.048818574849381804,0.3429512353187465,0.446396542484307,-1.1530468299217465,1.4628495935163963
4708,4,0.4038156569004059,0.2767828106880188,0.4040313959121704,0.27318233251571655,-1.064624309539795,0.8306076526641846,-0.9140485525131226,1.026902675628662,0.08738444000482559,0.31166309118270874,0.010002018883824348,0.010024304501712322,0.851871132850647,0.8759469985961914,0.7921751737594604,0.7618108987808228,0.09574846923351288,0.2289913296699524,0.0037561955396085978,0.009070736356079578,-15.206189155578613,-16.2929630279541,0.3289931802242283,0.07103488483962349,0.3314207670195303,0.46102503841947,-1.1530468299217465,1.4628495935163697
4709,4,0.3912241458892822,0.28409653902053833,0.3934381902217865,0.28276875615119934,-1.3840709924697876,0.6838846206665039,-1.172835111618042,0.9207087159156799,0.09511759877204895,0.3493317663669586,0.01000177301466465,0.010021351277828217,0.8563187122344971,0.8714290261268616,0.7881759405136108,0.7634970545768738,0.10404666513204575,0.2537168860435486,0.002954893046990037,0.00903611071407795,-15.3471040725708,-15.70890998840332,0.36966756967609604,0.0968738987433705,0.31975509382223255,0.47466225315573196,-1.1760413299527748,1.2942609115783388
4710,4,0.3761940598487854,0.2908047139644623,0.3800211548805237,0.29149186611175537,-1.597095251083374,0.6687135696411133,-1.4950649738311768,0.8215163946151733,0.1343061774969101,0.38538119196891785,0.010001558810472488,0.010018761269748211,0.8585358262062073,0.8668282628059387,0.7838389873504639,0.765551745891571,0.13523918390274048,0.2733880877494812,0.002765306271612644,0.00986334029585123,-10.027838706970215,-10.234458923339844,0.4070039525073006,0.14478850729872705,0.30799468052270357,0.4876048622715178,-1.1760413299527748,1.2942609115783388
4711,4,0.36062803864479065,0.29912301898002625,0.36409255862236023,0.2995432913303375,-1.5728709697723389,0.9189959764480591,-1.7160543203353882,0.7400677800178528,0.17023694515228271,0.4091509282588959,0.010001370683312416,0.01001648511737585,0.8605692982673645,0.8622557520866394,0.7789409756660461,0.7677216529846191,0.17512370645999908,0.2927047610282898,0.0020754665601998568,0.009578878059983253,-15.29061508178711,-17.410091400146484,0.42436741537973727,0.18149971824591407,0.2961438823349199,0.4997673138261391,-1.1945632793618277,1.1343886236603054
4712,4,0.34326043725013733,0.3073945939540863,0.34496262669563293,0.3055350184440613,-1.7971824407577515,0.8187309503555298,-2.008324146270752,0.5669787526130676,0.180161252617836,0.40621039271354675,0.01000120397657156,0.010014485567808151,0.8643442988395691,0.8583125472068787,0.7741957306861877,0.7701342105865479,0.19535952806472778,0.30040696263313293,0.002687608590349555,0.01007552444934845,-7.66667366027832,-14.39465045928955,0.3971159804224299,0.183578257087942,0.28419824954130163,0.5111112000627431,-1.1945632793618277,1.1343886236603318
4713,4,0.32677698135375977,0.3166692852973938,0.32495397329330444,0.3123720586299896,-1.585495114326477,0.956830620765686,-2.0296244621276855,0.7520087957382202,0.21395529806613922,0.4153716266155243,0.010001057758927345,0.010012727230787277,0.8671702742576599,0.854453444480896,0.7701581120491028,0.7731351852416992,0.21822547912597656,0.2988414168357849,0.003353455103933811,0.010946014896035194,-1.8425393104553223,-7.324509620666504,0.4214169039511536,0.22653864836882412,0.2721981067680047,0.5218686195878874,-1.2086126781489845,0.9832327297624018
4714,4,0.31274735927581787,0.3280225992202759,0.3064333200454712,0.321717232465744,-1.3224704265594482,1.2143884897232056,-1.7014684677124023,1.0438036918640137,0.21177434921264648,0.41309234499931335,0.010000929236412048,0.01001118216663599,0.8705242276191711,0.8503355979919434,0.7666617035865784,0.7766122817993164,0.22678716480731964,0.2938278615474701,0.003977650310844183,0.011364617384970188,0.18310308456420898,-7.911393642425537,0.40611785853002935,0.20224690760656067,0.26011197998651353,0.5317009468855132,-1.2086126781489845,0.9832327297624018
4715,4,0.30062320828437805,0.34083306789398193,0.291718989610672,0.33341118693351746,-1.1190651655197144,1.3345760107040405,-1.2761131525039673,1.2715903520584106,0.2032003253698349,0.4020448923110962,0.010000817477703094,0.0100098242983222,0.8744679689407349,0.8461928963661194,0.764062762260437,0.7802606225013733,0.21781054139137268,0.2868616580963135,0.0051183076575398445,0.011421558447182178,6.632194519042969,-13.789569854736328,0.3678837969625479,0.16533005296486347,0.24799827303268154,0.5411230655333379,-1.2181895263142055,0.8407932298844696
4716,4,0.29149726033210754,0.35408324003219604,0.2812291979789734,0.34696072340011597,-0.742955207824707,1.326650857925415,-0.8506105542182922,1.4104347229003906,0.1905331313610077,0.38834649324417114,0.010000718757510185,0.010008632205426693,0.8779450058937073,0.8421146273612976,0.762634813785553,0.7841414213180542,0.19955649971961975,0.2752567231655121,0.006235984154045582,0.011943352408707142,6.671657562255859,-8.641183853149414,0.3452245546644648,0.13340763865520233,0.23581637776953956,0.5495309978321831,-1.2181895263142055,0.8407932298844696
4717,4,0.2862549126148224,0.3683863878250122,0.27527350187301636,0.3618268072605133,-0.36399686336517334,1.482671856880188,-0.4060782790184021,1.524572491645813,0.1692139357328415,0.3769444227218628,0.010000631213188171,0.010007587261497974,0.8810401558876038,0.8379021883010864,0.7619885802268982,0.7880899906158447,0.17668858170509338,0.26482394337654114,0.006914103869348764,0.011847775429487228,4.5691752433776855,-12.584890365600586,0.34029816728461926,0.069502611980864,0.22362488704014505,0.557687546754851,-1.2232938238575042,0.7070701240266409
4718,4,0.28357574343681335,0.38271909952163696,0.2726103961467743,0.3769058585166931,-0.15452176332473755,1.4247549772262573,-0.12513262033462524,1.517202615737915,0.14230474829673767,0.3604317605495453,0.010000554844737053,0.010006663389503956,0.884000837802887,0.8337180018424988,0.7620818018913269,0.7920376062393188,0.1474320888519287,0.2536455988883972,0.007961924187839031,0.011944392696022987,5.416622161865234,-11.43552017211914,0.30635756153970617,-0.0028195800069108143,0.21139194880157008,0.5647582479951174,-1.223293823857491,0.707070124026588
4719,4,0.2835303544998169,0.39719751477241516,0.2729961574077606,0.3922542631626129,0.10399940609931946,1.4538520574569702,0.1594504415988922,1.5364742279052734,0.12101627141237259,0.34753555059432983,0.04849763587117195,0.010005856864154339,0.8863381743431091,0.8296031951904297,0.7605658769607544,0.795757532119751,0.12246619164943695,0.2454293966293335,0.03384240344166756,0.011645399034023285,-0.8095324039459229,-13.326072692871094,0.30408108797035,-0.05503784063162312,0.1991584547015898,0.5717189583447878,-1.2238743932254685,0.5921901535381006
4720,4,0.28400883078575134,0.4107862114906311,0.2748006284236908,0.40680012106895447,0.03640708327293396,1.317333698272705,0.21723335981369019,1.4188494682312012,0.10383807122707367,0.3336988687515259,0.10683586448431015,0.010005145333707333,0.8880330324172974,0.825680136680603,0.7585037350654602,0.7992731928825378,0.1021813452243805,0.23760171234607697,0.07345572113990784,0.011466092430055141,4.530847072601318,-14.204156875610352,0.28600780523184655,-0.12013597269693355,0.18691919899380252,0.5775395924666752,-1.2239255707788672,0.5820634121888099
4721,4,0.28494423627853394,0.42371562123298645,0.277468740940094,0.42081117630004883,0.09846927225589752,1.2497638463974,0.280110627412796,1.3589518070220947,0.08976443856954575,0.3249722719192505,0.13118797540664673,0.01000452134758234,0.8891094923019409,0.8217942714691162,0.7578924894332886,0.8028303980827332,0.08669383823871613,0.2280527502298355,0.09320583194494247,0.011794819496572018,7.141585350036621,-7.828936576843262,0.29440091421878917,-0.1376191660104168,0.17467994328601377,0.5833602265885632,-1.2221639080016775,0.530570066110892
4722,4,0.28653860092163086,0.4370657205581665,0.2808055579662323,0.4344010055065155,0.15519918501377106,1.351485252380371,0.3301517069339752,1.3160557746887207,0.07815823704004288,0.3175979256629944,0.1650506556034088,0.01000397652387619,0.8901602625846863,0.8177151679992676,0.75690096616745,0.8064104914665222,0.07730542123317719,0.22032108902931213,0.11219356209039688,0.011829081922769547,-0.5391025543212891,-5.554406642913818,0.29130729811881084,-0.1756484881437413,0.16247999430558596,0.5880319263392191,-1.2199471087084592,0.46577309437097664
4723,4,0.2862842082977295,0.45046159625053406,0.28322479128837585,0.44680383801460266,-0.15147170424461365,1.3477078676223755,0.18227267265319824,1.213982343673706,0.06846798211336136,0.3055168390274048,0.20157259702682495,0.01000349409878254,0.8919234871864319,0.8136814832687378,0.7551450729370117,0.8098528385162354,0.07043103128671646,0.21393661201000214,0.1313730925321579,0.011541726998984814,0.48769474029541016,-9.923733711242676,0.2617768291929202,-0.2144708080718478,0.1502805232185014,0.5926896572829291,-1.2199471087084592,0.46577309437097664
4724,4,0.2832547128200531,0.4632439911365509,0.28411686420440674,0.4587920606136322,-0.426220566034317,1.2373217344284058,0.01589471474289894,1.2040057182312012,0.06032588705420494,0.29283055663108826,0.2004011571407318,0.01000306848436594,0.8945770263671875,0.8099817633628845,0.7535969614982605,0.8129907846450806,0.06481656432151794,0.2082364857196808,0.13082635402679443,0.01126321405172348,-0.8925974369049072,-10.626124382019043,0.2458752713353324,-0.19516045976121751,0.13816220805793425,0.5963921447051074,-1.2108078041667532,0.35819917057324685
4725,4,0.2775647044181824,0.4749896228313446,0.2824225425720215,0.4707052409648895,-0.6670131683349609,1.1303564310073853,-0.3732117712497711,1.1813944578170776,0.05343484878540039,0.2831738293170929,0.19582276046276093,0.010002697817981243,0.897926390171051,0.8065513968467712,0.7518899440765381,0.8159316182136536,0.05884057283401489,0.20231939852237701,0.12612882256507874,0.011127776466310024,1.6761517524719238,-9.959243774414062,0.24676698785934506,-0.17524930727681992,0.12605413001626672,0.59997413641084,-1.2108078041667598,0.35819917057324685
4726,4,0.2704002559185028,0.4860798716545105,0.2763654291629791,0.4824380576610565,-0.7863582372665405,1.0714675188064575,-0.800214409828186,1.142038106918335,0.047584109008312225,0.2757943570613861,0.1884777694940567,0.010002370923757553,0.9018300771713257,0.8032873272895813,0.7497838735580444,0.8186469078063965,0.054584283381700516,0.19781994819641113,0.11740422993898392,0.010946014896035194,-1.7250990867614746,-8.309125900268555,0.24748228287114418,-0.15500911755245683,0.11405982014674375,0.602777142656703,-1.1963699987838148,0.25934164079551475
4727,4,0.2610217034816742,0.4963735342025757,0.2663974463939667,0.4932407736778259,-1.0618723630905151,1.0001236200332642,-1.145383596420288,1.032995343208313,0.042588964104652405,0.26882168650627136,0.18165190517902374,0.010002081282436848,0.9061790704727173,0.8001174330711365,0.7472972869873047,0.8213399052619934,0.049259450286626816,0.19236594438552856,0.11219996958971024,0.010912992060184479,7.967026233673096,-8.625696182250977,0.2417077686190655,-0.15007194290423065,0.10209612015890476,0.6053705590646585,-1.1963699987838148,0.25934164079551475
4728,4,0.25095662474632263,0.5066032409667969,0.2543553113937378,0.5036725401878357,-1.0240803956985474,0.994805634021759,-1.2908997535705566,1.0042840242385864,0.03830202296376228,0.2625642716884613,0.17033369839191437,0.010001829825341702,0.9105674624443054,0.7971001863479614,0.744760274887085,0.823689341545105,0.045095864683389664,0.19019213318824768,0.10417024791240692,0.010482327081263065,7.822942733764648,-11.226404190063477,0.2379879464040029,-0.11705862229835501,0.09026820358716096,0.607343815286365,-1.1766336925598029,0.16920050503783327
4729,4,0.24018359184265137,0.515506386756897,0.24045440554618835,0.5129146575927734,-1.1054787635803223,0.8211708068847656,-1.4529366493225098,0.8684108257293701,0.034618910402059555,0.2547801434993744,0.16331793367862701,0.010001606307923794,0.9149443507194519,0.7943729162216187,0.7420957684516907,0.826065182685852,0.04113794490695,0.18429870903491974,0.09843026101589203,0.0109160877764225,7.621121406555176,-2.3068249225616455,0.2237588924654426,-0.12957902894933696,0.07850186666156354,0.6090358203367437,-1.1766336925598029,0.16920050503788614
4730,4,0.2293173372745514,0.5247907042503357,0.22631466388702393,0.5216515064239502,-1.1214408874511719,0.961273729801178,-1.385291337966919,0.8407145738601685,0.03144698217511177,0.2511163651943207,0.15639714896678925,0.010001410730183125,0.9196703433990479,0.7914475798606873,0.7390128374099731,0.8285947442054749,0.03901980072259903,0.1781795471906662,0.09081147611141205,0.011045129038393497,2.659158706665039,-0.4125487804412842,0.23631915307380547,-0.12252749570317403,0.06688273139432388,0.6102490576864552,-1.1515988854946375,0.08777576330025526
4731,4,0.21662168204784393,0.5345652103424072,0.21276745200157166,0.5297876596450806,-1.3705720901489258,0.9974282383918762,-1.3198069334030151,0.8251339793205261,0.028700917959213257,0.2410987764596939,0.15110623836517334,0.01000124029815197,0.9249448180198669,0.7883586883544922,0.7353891730308533,0.8314315676689148,0.03670841082930565,0.16914856433868408,0.08526221662759781,0.01153239980340004,3.1705331802368164,3.9719557762145996,0.20021731713685437,-0.12491165759094733,0.055366742539375416,0.611126815319458,-1.151598885494631,0.08777576330025526
4732,4,0.20242337882518768,0.5456125140190125,0.19995999336242676,0.5390294790267944,-1.4790188074111938,1.1589994430541992,-1.2856435775756836,0.9987289905548096,0.026324115693569183,0.22887691855430603,0.14072322845458984,0.010001088492572308,0.9305434226989746,0.7849546670913696,0.7315349578857422,0.8347885608673096,0.03473344072699547,0.1559317409992218,0.07776536047458649,0.012299202382564545,1.4157962799072266,10.526922225952148,0.17783271901599765,-0.08833905675416556,0.04399877658337197,0.6116497649493343,-1.121265577588303,0.015067415582674975
4733,4,0.18705064058303833,0.5587741732597351,0.18703415989875793,0.5504847168922424,-1.6020379066467285,1.4132648706436157,-1.326068639755249,1.2619378566741943,0.02426476590335369,0.21087206900119781,0.12921376526355743,0.010000956244766712,0.9365648031234741,0.7811095714569092,0.7273440361022949,0.8386120796203613,0.03307000547647476,0.14077308773994446,0.0693780928850174,0.012769793160259724,0.8272242546081543,10.17599105834961,0.13312753777681532,-0.06949349943163444,0.032786120807488175,0.6118004391051611,-1.121265577588303,0.015067415582674975
4734,4,0.1702982634305954,0.573662519454956,0.17285095155239105,0.5643255710601807,-1.7219902276992798,1.5616987943649292,-1.5231239795684814,1.4983099699020386,0.022469721734523773,0.1851336658000946,0.11600720882415771,0.010000837035477161,0.9428679347038269,0.777217447757721,0.7228990793228149,0.8425715565681458,0.03135799989104271,0.12462292611598969,0.06088537722826004,0.012756207026541233,1.9107627868652344,4.327676296234131,0.06952776445951359,-0.04575075390635866,0.02171171216944745,0.6117028321673629,-1.0856337688408215,-0.04892453811485471
4735,4,0.15263433754444122,0.5889849662780762,0.15596409142017365,0.5798793435096741,-1.7798833847045898,1.5390549898147583,-1.800050973892212,1.6086770296096802,0.020906558260321617,0.15597476065158844,0.10110488533973694,0.010000733658671379,0.9493222236633301,0.7737730741500854,0.7183187007904053,0.846322774887085,0.02988901175558567,0.1079815998673439,0.05160047113895416,0.012333584949374199,1.0574007034301758,-0.6197404861450195,0.01725851409520293,-0.019154684599402005,0.01085537448103719,0.6112135867862144,-1.0856337688408215,-0.04892453811485471
4736,4,0.1342863291501999,0.6034402847290039,0.13667650520801544,0.5956860780715942,-1.8541103601455688,1.3987454175949097,-2.000689744949341,1.5655913352966309,0.01954670436680317,0.13191178441047668,0.08753452450037003,0.01074832770973444,0.9560217261314392,0.7706537246704102,0.7134249210357666,0.8499630689620972,0.02912716381251812,0.09009532630443573,0.04244104400277138,0.013298519887030125,-5.616093635559082,7.291502952575684,-0.010855069812040541,0.0003298655694757291,0.00011691116769110225,0.6105651544329017,-1.0447034592521818,-0.10420009779233382
4737,4,0.1147351861000061,0.6179665327072144,0.11616339534521103,0.6112709641456604,-2.0381438732147217,1.472752571105957,-2.096724033355713,1.5422993898391724,0.023733140900731087,0.11264238506555557,0.07628986984491348,0.019411982968449593,0.9624904990196228,0.7671888470649719,0.7078890204429626,0.8530471324920654,0.03391709178686142,0.07527996599674225,0.03460606560111046,0.020894905552268028,-5.562562942504883,5.697662830352783,-0.020681615462246034,0.024373530437559632,-0.010330123424831429,0.6095231534549783,-1.0447034592521813,-0.10420009779233382
4738,4,0.09333446621894836,0.6323753595352173,0.09454203397035599,0.6263883113861084,-2.2152912616729736,1.4137393236160278,-2.2127277851104736,1.4898284673690796,0.060802385210990906,0.09701032191514969,0.0669071152806282,0.05659211799502373,0.9646747708320618,0.7633364200592041,0.7021670341491699,0.854457437992096,0.06860225647687912,0.06259403377771378,0.029753312468528748,0.05387086793780327,3.599221706390381,7.796599864959717,-0.0632856957960356,0.06765207474433538,-0.020690253406756197,0.6083936268383116,-0.9984746488223865,-0.15075926344976232
4739,4,0.07257698476314545,0.646933913230896,0.07267960160970688,0.6416358947753906,-2.0048370361328125,1.4221137762069702,-2.2146995067596436,1.498450517654419,0.10443752259016037,0.08415915071964264,0.05901303514838219,0.08145593106746674,0.9655446410179138,0.7592429518699646,0.6970933079719543,0.8564063906669617,0.10844086110591888,0.053887829184532166,0.02712002769112587,0.07699635624885559,11.902809143066406,6.960361003875732,-0.08677633410417612,0.11457594047646083,-0.030674999894980744,0.6068860342038136,-0.9984746488223865,-0.1507592634498152
4740,4,0.05502532795071602,0.6607503890991211,0.051159102469682693,0.6564671993255615,-1.5846680402755737,1.3056628704071045,-2.072706937789917,1.4282341003417969,0.1041245386004448,0.07348314672708511,0.05232767015695572,0.11325719952583313,0.9688472151756287,0.7557463049888611,0.6930170655250549,0.8575439453125,0.1184840202331543,0.049357883632183075,0.024912040680646896,0.10178966820240021,13.999900817871094,-0.5186939239501953,-0.1210631642149945,0.102380124403461,-0.04061440853875252,0.6053451444759532,-0.9511215434480615,-0.1855364080125649
4741,4,0.04069318249821663,0.6712808609008789,0.03257737308740616,0.6692987680435181,-1.2881532907485962,0.8630462288856506,-1.6054155826568604,1.1717276573181152,0.09648140519857407,0.06455568969249725,0.046645332127809525,0.13114425539970398,0.9735328555107117,0.7537021636962891,0.6895463466644287,0.8583346009254456,0.11353080719709396,0.04635454714298248,0.021914532408118248,0.11537244915962219,2.472355365753174,2.26682186126709,-0.13614634608268922,0.05341695770140445,-0.050083881914267506,0.6034591241250814,-0.9469473375514328,-0.1886020350871931
4742,4,0.02758133038878441,0.677727460861206,0.018580175936222076,0.6791730523109436,-1.2566773891448975,0.4870463013648987,-1.2124735116958618,0.843172013759613,0.08470267802476883,0.05703245475888252,0.041790671646595,0.12553127110004425,0.9788645505905151,0.7530293464660645,0.6863166093826294,0.8592740893363953,0.1013457253575325,0.0436689592897892,0.01947825960814953,0.11026348173618317,-0.05591630935668945,-0.35814881324768066,-0.09598098930226398,0.01666015867056672,-0.059553355289782485,0.6015731037742095,-0.9217848711986492,-0.2014991934301282
4743,4,0.015300230123102665,0.6805974841117859,0.007510079070925713,0.684981644153595,-1.1740500926971436,0.1406087726354599,-1.0119996070861816,0.33971473574638367,0.07514237612485886,0.050648100674152374,0.03762295842170715,0.11497490853071213,0.9838629961013794,0.7535797357559204,0.6835354566574097,0.8598423004150391,0.08790802210569382,0.04141490161418915,0.01793014071881771,0.09835495054721832,4.253857135772705,-3.247358798980713,-0.05838833387194248,0.018425540756205866,-0.06846139646755427,0.5993993183111417,-0.8901215254393259,-0.21772841270457324
4744,4,0.0048111663199961185,0.6801872849464417,-0.0016120636137202382,0.6856282353401184,-0.9513248205184937,-0.20754249393939972,-0.8348199725151062,-0.17788910865783691,0.06606727838516235,0.04520488157868385,0.03403421863913536,0.10013420879840851,0.9878256320953369,0.7554683685302734,0.6817073225975037,0.8596876859664917,0.07361527532339096,0.040529970079660416,0.01765146106481552,0.08181990683078766,15.421010971069336,-9.642755508422852,-0.01818482831633117,0.010937959474717596,-0.07736261172194812,0.5972220341840961,-0.8901215254393259,-0.2177284127045204
4745,4,-0.0019064100924879313,0.6755713224411011,-0.008447324857115746,0.6813521385192871,-0.4789943993091583,-0.686482846736908,-0.5603868961334229,-0.661200225353241,0.05829572677612305,0.04298040643334389,0.03222367540001869,0.08672276139259338,0.9902304410934448,0.758645236492157,0.6811038255691528,0.8585715293884277,0.061049383133649826,0.040343642234802246,0.01808806322515011,0.06836262345314026,16.059663772583008,-2.36281156539917,0.028434739879264835,-0.02000228811855606,-0.08571217053969585,0.5948635118543563,-0.8279972124860627,-0.23813839630184996
4746,4,-0.004251420032233,0.6675293445587158,-0.01181604154407978,0.6726199984550476,-0.06566478312015533,-0.9484711289405823,-0.16673052310943604,-1.0761619806289673,0.051717519760131836,0.0925736129283905,0.08513540774583817,0.07561685144901276,0.9911755323410034,0.7581099271774292,0.6795868277549744,0.8567383885383606,0.05085000395774841,0.07380743324756622,0.04708472266793251,0.05791093409061432,13.472132682800293,4.931118488311768,0.10308316599253964,-0.09581835737615194,-0.09399214266455702,0.5924821278913376,-0.8279972124860627,-0.23813839630184996
4747,4,-0.0033913846127688885,0.6577170491218567,-0.011345471255481243,0.6602356433868408,0.19120647013187408,-1.0239447355270386,0.20460455119609833,-1.3820303678512573,0.046124059706926346,0.13917176425457,0.15187543630599976,0.06634607166051865,0.9909754395484924,0.757561445236206,0.678410530090332,0.8546212911605835,0.04317021369934082,0.10949797183275223,0.08439632505178452,0.05059269070625305,14.174680709838867,7.820236682891846,0.1519678931051236,-0.17057494504867585,-0.10174083111555553,0.5900085998470851,-0.7605743986916399,-0.24983198587912894
4748,4,-0.00029244457255117595,0.647925615310669,-0.007676295470446348,0.6453201770782471,0.3848782181739807,-0.9530050754547119,0.48130208253860474,-1.567013144493103,0.04133577272295952,0.16766200959682465,0.2084769755601883,0.05853073671460152,0.9901853203773499,0.7581679821014404,0.6778960824012756,0.8521958589553833,0.037941817194223404,0.14065377414226532,0.11672838777303696,0.04294424504041672,14.17825698852539,-0.7691538333892822,0.17651274986655616,-0.22815629565903633,-0.10934657510247245,0.5875102799882936,-0.7605743986916464,-0.24983198587912894
4749,4,0.003620942821726203,0.6367632150650024,-0.002442362252622843,0.6300472021102905,0.4236336350440979,-1.202681303024292,0.5854756832122803,-1.4243583679199219,0.03723113611340523,0.17626109719276428,0.2587693929672241,0.05191934481263161,0.9890230298042297,0.7607740163803101,0.6778426766395569,0.8494411110877991,0.033506087958812714,0.15815214812755585,0.1468418836593628,0.037633348256349564,14.947562217712402,0.9300851821899414,0.17915838050629582,-0.2799389893129673,-0.11645200517998787,0.58499147738169,-0.6878530840560638,-0.2528091814364102
4750,4,0.008402906358242035,0.6246463060379028,0.004167712293565273,0.6169788837432861,0.5002709627151489,-1.2189632654190063,0.7040363550186157,-1.2384698390960693,0.0336996354162693,0.21738705039024353,0.29333069920539856,0.04629480093717575,0.9880880117416382,0.7628499269485474,0.6779847145080566,0.8462300896644592,0.03152181953191757,0.18930521607398987,0.16389049589633942,0.031869832426309586,8.31794548034668,-7.149593830108643,0.23279243491438462,-0.30987516789000724,-0.12333053602054894,0.5824633855673261,-0.6878530840560572,-0.25280918143635733
4751,4,0.011583336628973484,0.6106624603271484,0.010408952832221985,0.6038146615028381,0.2339375764131546,-1.4538089036941528,0.6193551421165466,-1.3306838274002075,0.030652949586510658,0.2428952008485794,0.3281475603580475,0.04148896411061287,0.9875259399414062,0.7653507590293884,0.6778915524482727,0.8427963852882385,0.028720928356051445,0.21781665086746216,0.182716503739357,0.02822132408618927,13.18891716003418,-6.329780578613281,0.2535863099644513,-0.3465373260298352,-0.12975031971785722,0.57996903955053,-0.6098332685793347,-0.24706998297358798
4752,4,0.014161079190671444,0.5965443849563599,0.016860712319612503,0.5907180309295654,0.2459559440612793,-1.3934564590454102,0.5918780565261841,-1.3207237720489502,0.028014816343784332,0.28959721326828003,0.32813557982444763,0.03736162558197975,0.9872638583183289,0.7674175500869751,0.6781553626060486,0.8392641544342041,0.02717144414782524,0.2533605396747589,0.18470698595046997,0.024835355579853058,8.589468002319336,-8.079139709472656,0.3111761650556334,-0.3280934837782389,-0.13584865240365093,0.5774983397207942,-0.6098332685793215,-0.24706998297353513
4753,4,0.015461745671927929,0.5823054313659668,0.02077537402510643,0.5769274234771729,0.06792096793651581,-1.4064652919769287,0.23429074883460999,-1.3946802616119385,0.02572677843272686,0.31324681639671326,0.3419720232486725,0.03380738943815231,0.9873360395431519,0.7697780132293701,0.6781701445579529,0.8358972668647766,0.025115201249718666,0.28162825107574463,0.18955764174461365,0.022640826180577278,12.084243774414062,-7.612128257751465,0.3251302084800382,-0.34954925228768297,-0.1415404017140188,0.5750981814459677,-0.5265149522614327,-0.2326143904907152
4754,4,0.016194568946957588,0.569111168384552,0.021818969398736954,0.5633405447006226,0.04473763331770897,-1.2594074010849,-0.012280083261430264,-1.3363980054855347,0.023742498829960823,0.3375348746776581,0.3413524031639099,0.030744140967726707,0.9878945350646973,0.7723382711410522,0.6779534816741943,0.8327324390411377,0.024724895134568214,0.3050075173377991,0.184491366147995,0.020585741847753525,5.014433860778809,-8.468732833862305,0.35071648491423946,-0.3392209838148821,-0.14680555123663355,0.5727720375410604,-0.5265149522614327,-0.2326143904907152
4755,4,0.014637505635619164,0.5566697716712952,0.020021382719278336,0.5499674081802368,-0.2760840952396393,-1.1832528114318848,-0.28431981801986694,-1.285102367401123,0.02201710268855095,0.34588879346847534,0.3471308648586273,0.02809474803507328,0.9890182018280029,0.7751065492630005,0.6772054433822632,0.8301570415496826,0.023317761719226837,0.3151693344116211,0.18411947786808014,0.01961696147918701,10.682511329650879,-5.23921012878418,0.3506023410773855,-0.35041021294752683,-0.1517268781533339,0.5705357981603627,-0.43789813510238434,-0.20944240398784464
4756,4,0.01193229015916586,0.5466510653495789,0.016727164387702942,0.5386673212051392,-0.3197178542613983,-0.8900235891342163,-0.40671098232269287,-1.0227136611938477,0.02051687054336071,0.35484978556632996,0.3390759825706482,0.025801848620176315,0.9905402064323425,0.7775940299034119,0.6762821674346924,0.8282025456428528,0.02275327406823635,0.318682461977005,0.17692141234874725,0.018680047243833542,8.001737594604492,-3.8037467002868652,0.36010853002517373,-0.311345657046097,-0.15610585950435865,0.5684413741204842,-0.43789813510239756,-0.2094424039877918
4757,4,0.007579098921269178,0.5389134287834167,0.01167440228164196,0.5296730995178223,-0.5285753011703491,-0.6630476713180542,-0.5854308009147644,-0.7727590799331665,0.01920992136001587,0.3497784435749054,0.3328360319137573,0.023812389001250267,0.9927065372467041,0.7798739075660706,0.6748821139335632,0.8268726468086243,0.022308381274342537,0.31414029002189636,0.16823695600032806,0.017952846363186836,7.056453227996826,-3.780491352081299,0.3325521350438698,-0.3110501285961278,-0.16021437602066105,0.5664387847860761,-0.3439828171021762,-0.17755402346492352
4758,4,0.001254882663488388,0.5334699153900146,0.00497068976983428,0.5233715772628784,-0.7195748686790466,-0.42882925271987915,-0.7445549964904785,-0.4915851652622223,0.01806703582406044,0.3409954905509949,0.32146188616752625,0.022078653797507286,0.9956074357032776,0.7819462418556213,0.6729210615158081,0.8260776400566101,0.022422827780246735,0.303725004196167,0.15608419477939606,0.01722467876970768,2.7489709854125977,-5.087485313415527,0.31094493634983195,-0.28131945148829507,-0.16365420419168317,0.5646632445514271,-0.3439828171021762,-0.17755402346487065
4759,4,-0.007637423928827047,0.5299342274665833,-0.003671949729323387,0.5195309519767761,-1.0056955814361572,-0.2638483941555023,-0.9507258534431458,-0.27126505970954895,0.017066948115825653,0.3282153904438019,0.3058904707431793,0.020566115155816078,0.9989950060844421,0.7837017774581909,0.6705417633056641,0.8258532285690308,0.021464146673679352,0.28812330961227417,0.14670148491859436,0.016664952039718628,9.368762969970703,-6.263387203216553,0.283890666495502,-0.24989096816406808,-0.16690752230085934,0.5629640364154687,-0.2447689982608348,-0.13694924892189891
4760,4,-0.017518946900963783,0.5285142064094543,-0.013722127303481102,0.5183050632476807,-1.0071587562561035,-0.06651127338409424,-1.0745128393173218,-0.031367227435112,0.01619366928935051,0.31414318084716797,0.2829241156578064,0.019248899072408676,1.0023984909057617,0.7850333452224731,0.6682370901107788,0.826079249382019,0.020502226427197456,0.27072131633758545,0.1354644000530243,0.016187399625778198,10.850911140441895,-4.892630577087402,0.26410913490846355,-0.19731798379818066,-0.16935521228346784,0.5615945439262496,-0.2447689982608348,-0.13694924892189891
4761,4,-0.02750968374311924,0.5288454294204712,-0.024922380223870277,0.5189932584762573,-1.0051071643829346,0.09806937724351883,-1.1635245084762573,0.13638193905353546,0.015430453233420849,0.29722660779953003,0.2628967761993408,0.018100397661328316,1.0057121515274048,0.7859694361686707,0.6659868955612183,0.8267117738723755,0.019465159624814987,0.25185322761535645,0.12526044249534607,0.015791278332471848,12.309613227844238,-3.93157958984375,0.23533150217094304,-0.18513076496311176,-0.1717109439787879,0.5602684481409016,-0.14872317780618385,-0.09162356755906952
4762,4,-0.037215933203697205,0.53072190284729,-0.03666948154568672,0.5212393403053284,-0.951796293258667,0.24737848341464996,-1.188594937324524,0.28721943497657776,0.01476227305829525,0.2787077724933624,0.2446306049823761,0.017096949741244316,1.0088824033737183,0.7866001129150391,0.6637948751449585,0.8275418877601624,0.018646378070116043,0.23410019278526306,0.11574776470661163,0.01498512364923954,12.522666931152344,-7.222808837890625,0.20884033170592656,-0.17117424017177163,-0.17311351076457113,0.5593921673373128,-0.1402566785783073,-0.08762808035882373
4763,4,-0.046654000878334045,0.5332334637641907,-0.048614826053380966,0.5244596600532532,-0.9288821816444397,0.2584177255630493,-1.1612142324447632,0.3519207537174225,0.014176673255860806,0.2588635981082916,0.22921516001224518,0.01621907204389572,1.0120751857757568,0.7871652841567993,0.6615025401115417,0.8283596038818359,0.018382694572210312,0.21779224276542664,0.10615546256303787,0.014265550300478935,8.19755744934082,-6.730473041534424,0.18149433699317047,-0.16530950837775543,-0.17451607755035436,0.5585158865337241,-0.09165460465575853,0.22139257817836247
4764,4,-0.05654662474989891,0.5357663631439209,-0.05956545099616051,0.5279837250709534,-1.0141934156417847,0.2607099115848541,-1.0214917659759521,0.3625071048736572,0.013664525002241135,0.24469861388206482,0.21480099856853485,0.015452523715794086,1.0152746438980103,0.7875345945358276,0.659119725227356,0.829308271408081,0.01771622523665428,0.2017683982849121,0.09894872456789017,0.013845980167388916,10.085458755493164,-4.613480567932129,0.18747870513228032,-0.15307038079381247,-0.17483422086211478,0.5645345636821302,-0.030495883183302375,0.6102506424417637
4765,4,-0.06629380583763123,0.5389211177825928,-0.068803571164608,0.531966507434845,-0.9517872333526611,0.3400978446006775,-0.8646799921989441,0.4116562306880951,0.013216092251241207,0.23502548038959503,0.1979738026857376,0.014782252721488476,1.018526315689087,0.7874670028686523,0.6567293405532837,0.8303191661834717,0.01771838404238224,0.18950945138931274,0.08941969275474548,0.013398194685578346,4.344897270202637,-2.3627328872680664,0.1949715054576359,-0.12347021671362785,-0.17513917969394777,0.5706370701065473,-0.030495883183302375,0.6102506424417637
4766,4,-0.07659976184368134,0.5424171686172485,-0.07738260924816132,0.5359091758728027,-1.066683053970337,0.36834514141082764,-0.8385829329490662,0.3978481888771057,0.012823422439396381,0.22592607140541077,0.18295755982398987,0.014196036383509636,1.0218390226364136,0.7870173454284668,0.654213011264801,0.8314427733421326,0.017269888892769814,0.1794258952140808,0.08192030340433121,0.012998850084841251,6.97643518447876,-2.8145384788513184,0.1874575356949134,-0.11407033307813386,-0.1744246468818071,0.5756219267503669,0.08431328740960922,0.4843874781065452
4767,4,-0.08692391216754913,0.5463876724243164,-0.08554580062627792,0.5401601791381836,-1.0061286687850952,0.40980371832847595,-0.8275960087776184,0.4381679892539978,0.012478360906243324,0.21849346160888672,0.16439597308635712,0.01368141919374466,1.0250531435012817,0.7863165140151978,0.6518328785896301,0.8325517177581787,0.017023546621203423,0.1718514859676361,0.07311292737722397,0.01256509404629469,4.1207098960876465,-2.5388479232788086,0.1866770617244943,-0.07647741726847057,-0.17358151400771096,0.5804658015314326,0.08431328740960922,0.4843874781065981
4768,4,-0.0971035361289978,0.5504066348075867,-0.09448125213384628,0.5444512367248535,-1.0073939561843872,0.4038045108318329,-0.9435599446296692,0.4312692880630493,0.012175790034234524,0.21148855984210968,0.14730097353458405,0.013230588287115097,1.0283012390136719,0.785593569278717,0.6493967771530151,0.8334348201751709,0.017006350681185722,0.1678113043308258,0.06428870558738708,0.011694151908159256,2.3847365379333496,-7.538577079772949,0.18105123943430385,-0.06303527890917163,-0.1717943122620907,0.584353132857893,0.20412080807174518,0.362996864393302
4769,4,-0.10754814743995667,0.5534489750862122,-0.10481173545122147,0.5482595562934875,-1.0445936918258667,0.25247514247894287,-1.0767781734466553,0.3582537770271301,0.011910749599337578,0.20602726936340332,0.12980781495571136,0.012835996225476265,1.0313868522644043,0.7850850224494934,0.6470708847045898,0.8341188430786133,0.016580255702137947,0.164288729429245,0.05672327056527138,0.01126321405172348,4.975950717926025,-6.1903276443481445,0.18192466241401023,-0.03985681307599284,-0.16975310418137313,0.5879831015018259,0.20412080807174518,0.36299686439324913
4770,4,-0.1173369511961937,0.5558934211730957,-0.11556120961904526,0.5517165660858154,-0.9312010407447815,0.22312575578689575,-1.0792220830917358,0.3141789436340332,0.011678382754325867,0.20582720637321472,0.11102200299501419,0.012490296736359596,1.0341204404830933,0.7845543026924133,0.6451259255409241,0.8345949053764343,0.0160068292170763,0.1636769026517868,0.048927389085292816,0.010633633472025394,7.535858154296875,-8.144275665283203,0.20493775419443658,-0.00877401713378323,-0.16685324670172053,0.5908086879159009,0.32892667880310555,0.24607880130187548
4771,4,-0.12587003409862518,0.5575412511825562,-0.1262761652469635,0.5543220043182373,-0.7854844927787781,0.11052139848470688,-1.0599958896636963,0.2034616768360138,0.011473528109490871,0.2089696079492569,0.09563387185335159,0.012185707688331604,1.036335825920105,0.7839003205299377,0.6436008214950562,0.8351054787635803,0.015340880490839481,0.1634306013584137,0.04259460046887398,0.010804688557982445,6.984133720397949,-0.2120804786682129,0.21012036714563095,-0.0005513142817592798,-0.16356397991368923,0.5932694759289199,0.32892667880310555,0.24607880130187548
4772,4,-0.13271769881248474,0.5596325993537903,-0.1357153058052063,0.5562258958816528,-0.6371660828590393,0.24573050439357758,-0.8540136218070984,0.15090954303741455,0.011294071562588215,0.2226915955543518,0.08300991356372833,0.011919029988348484,1.038025140762329,0.7823939323425293,0.6424946188926697,0.8360505700111389,0.014594224281609058,0.16505694389343262,0.03752700239419937,0.011164983734488487,10.006256103515625,4.888122081756592,0.2280651614684336,0.0020895404406680446,-0.15951147989944855,0.5950690978355871,0.45873089960370345,0.1336332888324243
4773,4,-0.1377764642238617,0.5635032057762146,-0.1423574537038803,0.5582317113876343,-0.43116915225982666,0.46009278297424316,-0.5302753448486328,0.23207774758338928,0.011136475019156933,0.21972517669200897,0.07251495122909546,0.011684950441122055,1.0393431186676025,0.7806436419487,0.641674816608429,0.8373157978057861,0.014248661696910858,0.1638539731502533,0.032795168459415436,0.01131390780210495,6.509730815887451,5.268292427062988,0.2070092216436863,0.002267596930682514,-0.1549241709034112,0.5964054307239117,0.45873089960370345,0.1336332888324772
4774,4,-0.14184516668319702,0.5685828924179077,-0.14648371934890747,0.5612606406211853,-0.3673616647720337,0.5579169392585754,-0.3092341423034668,0.3915179967880249,0.010998222976922989,0.21031247079372406,0.06373368948698044,0.011479689739644527,1.0403107404708862,0.779067873954773,0.6411085724830627,0.8388546109199524,0.01360089797526598,0.1576027274131775,0.029358388856053352,0.01142052374780178,8.029573440551758,3.734462261199951,0.1694067758752436,-0.008262204684287774,-0.14967904155403067,0.5972148685281453,0.5935334704735258,0.025660326984948478
4775,4,-0.14464904367923737,0.5745660662651062,-0.14852674305438995,0.5662896633148193,-0.20244058966636658,0.6378684043884277,-0.11849627643823624,0.5932443141937256,0.010876907967031002,0.19844397902488708,0.05633385479450226,0.011299640871584415,1.0407941341400146,0.7774316668510437,0.6409730911254883,0.8408640623092651,0.013037584722042084,0.1457567662000656,0.026448426768183708,0.012057713232934475,5.1908278465271,10.936563491821289,0.14566475727650768,0.002136775717363551,-0.14374370684929488,0.5974714717979945,0.5935334704735258,0.025660326984948478
4776,4,-0.1458754688501358,0.5825236439704895,-0.14865843951702118,0.5735335946083069,-0.06543514132499695,0.9022935628890991,0.056667618453502655,0.8254473209381104,0.010770239867269993,0.1846623569726944,0.05004728212952614,0.011141379363834858,1.0410298109054565,0.7752812504768372,0.6410382986068726,0.843407154083252,0.01275098230689764,0.13181579113006592,0.023638779297471046,0.012518136762082577,2.6062941551208496,11.534080505371094,0.12187096681897733,-0.0038904789399519073,-0.13726596136421812,0.5973265059047701,0.7333343914125989,-0.07784008424065775
4777,4,-0.14637666940689087,0.5924810171127319,-0.14769284427165985,0.5828472375869751,-0.027763832360506058,1.0773932933807373,0.13290958106517792,1.028610110282898,0.010676602832973003,0.16378508508205414,0.044692520052194595,0.0110024930909276,1.041221261024475,0.7728137969970703,0.6410793662071228,0.846400260925293,0.012776064686477184,0.1154177263379097,0.020923539996147156,0.012971637770533562,-1.139305830001831,12.981643676757812,0.06501572517013371,-0.007002900993106676,-0.12993261745009166,0.5965481050623632,0.7333343914125989,-0.07784008424071062
4778,4,-0.14695307612419128,0.6042029857635498,-0.14619843661785126,0.5941787958145142,-0.06341536343097687,1.2565252780914307,0.1681467890739441,1.231038212776184,0.010594354942440987,0.1391744464635849,0.040109507739543915,0.010880525223910809,1.0415000915527344,0.7702111005783081,0.6409936547279358,0.8496368527412415,0.0127614326775074,0.09787735342979431,0.018696341663599014,0.012915135361254215,-1.4848852157592773,8.455774307250977,0.016768910915767765,0.0043333886259396175,-0.12218226902876798,0.5954845158766563,0.8781336624208899,-0.1768679448443415
4779,4,-0.1478060930967331,0.6167480945587158,-0.14507703483104706,0.6070364117622375,-0.07536841928958893,1.2798519134521484,0.0700283870100975,1.34162175655365,0.026555581018328667,0.11851649731397629,0.036178942769765854,0.033603399991989136,1.0396145582199097,0.7672897577285767,0.6408687233924866,0.8516308069229126,0.02612551860511303,0.08023852109909058,0.016727162525057793,0.03335707262158394,-4.074429512023926,13.221383094787598,-0.03729192597606615,0.02906764784392266,-0.11340093240455851,0.5937158364282126,0.8781336624208832,-0.1768679448443415
4780,4,-0.1485838145017624,0.6303861737251282,-0.1449628621339798,0.6211013793945312,-0.07865338772535324,1.4080907106399536,-0.04613136500120163,1.4506254196166992,0.047926802188158035,0.10178066045045853,0.03278860077261925,0.06455861777067184,1.0371317863464355,0.7637185454368591,0.6405723690986633,0.853253960609436,0.0451710969209671,0.06694323569536209,0.014880148693919182,0.06123368814587593,-5.239658355712891,11.11401081085205,-0.07027357682100865,0.05156187846105822,-0.10433799424643149,0.5917694043549984,1.0279312834984118,-0.27142325482615565
4781,4,-0.1497439295053482,0.6441673636436462,-0.146270290017128,0.6356438398361206,-0.12893664836883545,1.3574116230010986,-0.18159739673137665,1.4595381021499634,0.07065462321043015,0.08809655159711838,0.02986433170735836,0.11173442751169205,1.0348424911499023,0.7598478198051453,0.6400083303451538,0.8542430996894836,0.06635871529579163,0.0562627911567688,0.013019787147641182,0.10308149456977844,-10.654876708984375,16.467041015625,-0.12304063986689434,0.07525919486825743,-0.09405868141144665,0.5890551718067372,1.0279312834984118,-0.2714232548261028
4782,4,-0.1518498957157135,0.6579439043998718,-0.14861880242824554,0.6502087712287903,-0.26407188177108765,1.3733948469161987,-0.2748006284236908,1.4505302906036377,0.10048796236515045,0.07675481587648392,0.027330782264471054,0.14149756729602814,1.0324909687042236,0.7558311223983765,0.639057457447052,0.8558716773986816,0.0926409438252449,0.04889548942446709,0.011451591737568378,0.1315099000930786,-10.704866409301758,14.118690490722656,-0.14974625939744654,0.107274958618703,-0.08364316671596467,0.5862616772509915,1.1701872978805388,-0.35420844759397646
4783,4,-0.15509121119976044,0.6709113717079163,-0.15196368098258972,0.6643118262290955,-0.35485994815826416,1.239047884941101,-0.37269970774650574,1.377474069595337,0.14486005902290344,0.06728651374578476,0.02513396367430687,0.17709104716777802,1.0295296907424927,0.7521992325782776,0.6379086971282959,0.857172966003418,0.1277695894241333,0.04328204691410065,0.010289053432643414,0.16129423677921295,-10.374249458312988,13.49668025970459,-0.1884328905266968,0.15701240117360046,-0.07181589416951215,0.5826466171091319,1.1827272546451713,-0.3615060141859945
4784,4,-0.15876421332359314,0.6823781132698059,-0.15606583654880524,0.6774241328239441,-0.36683130264282227,1.058739185333252,-0.43643897771835327,1.2437816858291626,0.18837200105190277,0.05932416021823883,0.023225845769047737,0.19646281003952026,1.026565432548523,0.7491030097007751,0.6368392109870911,0.8586181998252869,0.16397449374198914,0.03894799202680588,0.0096780676394701,0.17955617606639862,-9.190220832824707,14.581298828125,-0.20328349742505336,0.20266983898420982,-0.05998862162305963,0.5790315569672722,1.2534841709393147,-0.3994142097181926
4785,4,-0.16189299523830414,0.6921250820159912,-0.1603793054819107,0.689062237739563,-0.268926739692688,0.8874300718307495,-0.4289645850658417,1.078643798828125,0.22625979781150818,0.05259280651807785,0.021567268297076225,0.20648805797100067,1.0239524841308594,0.7467674612998962,0.6358604431152344,0.8600149154663086,0.1988278031349182,0.0359339714050293,0.00880007166415453,0.1869509071111679,-13.781647682189941,14.1566801071167,-0.21024858174948377,0.24086722115459086,-0.046582600377504634,0.5745706782465901,1.3425215758611548,-0.447116222923858
4786,4,-0.16488496959209442,0.6995285749435425,-0.16485151648521423,0.6983790397644043,-0.29227402806282043,0.6325550079345703,-0.4318298399448395,0.8188655376434326,0.2511821985244751,0.04686977341771126,0.020123211666941643,0.2129276692867279,1.0219181776046753,0.7454373836517334,0.6352428793907166,0.8610054850578308,0.22369694709777832,0.03418406844139099,0.008954673074185848,0.18685504794120789,-5.366910934448242,6.386392116546631,-0.21542898799492827,0.26186424427110255,-0.03315738461889377,0.5700995160173519,1.3425215758611548,-0.44711622292391084
4787,4,-0.16624771058559418,0.7036808729171753,-0.16852125525474548,0.7052407264709473,-0.01583724096417427,0.23743847012519836,-0.2949230670928955,0.5502923130989075,0.28720802068710327,0.0419781319797039,0.018863553181290627,0.2114671915769577,1.0196255445480347,0.7456651926040649,0.6352218985557556,0.8612817525863647,0.2475411742925644,0.033881522715091705,0.008811254985630512,0.17799504101276398,-7.738061904907227,1.5349864959716797,-0.2050804383159554,0.30405971880078075,-0.018268829734183978,0.5649078611303084,1.5073142471463747,-0.5282538810399047
4788,4,-0.16586869955062866,0.703222393989563,-0.17040060460567474,0.7078588604927063,0.11898928880691528,-0.24535562098026276,-0.044391654431819916,0.006695762276649475,0.29492706060409546,0.037781719118356705,0.01776372827589512,0.20335565507411957,1.017606258392334,0.7475571632385254,0.6357612609863281,0.8607746958732605,0.2612968683242798,0.0335250198841095,0.009054440073668957,0.1647110879421234,-6.487753391265869,-0.8198320865631104,-0.167563742224558,0.2987270081323703,-0.0031956872627191997,0.5596253223199097,1.5073142471463747,-0.5282538810398518
4789,4,-0.16342467069625854,0.698417603969574,-0.16900664567947388,0.7046860456466675,0.3562600910663605,-0.6748366355895996,0.2985944449901581,-0.5945439338684082,0.3075837790966034,0.03417430818080902,0.016803644597530365,0.18630385398864746,1.0156052112579346,0.7508194446563721,0.6370719075202942,0.8596848845481873,0.2672352194786072,0.03241601213812828,0.00942256674170494,0.14820624887943268,-7.753267288208008,4.4550395011901855,-0.10899064644673738,0.3140518690223364,0.01316738312332144,0.553738671671479,1.671013178378492,-0.6049189885339232
4790,4,-0.158479705452919,0.6904310584068298,-0.16413621604442596,0.6962734460830688,0.603428840637207,-0.9374311566352844,0.627016544342041,-1.0587987899780273,0.30973806977272034,0.03106212243437767,0.015964321792125702,0.16255231201648712,1.0133204460144043,0.7550290822982788,0.6394312381744385,0.8582144379615784,0.2630108892917633,0.03167055547237396,0.010547153651714325,0.1264154016971588,1.2214326858520508,2.5913143157958984,-0.050071856429704714,0.31085949825431475,0.029877514907105517,0.5476894817861404,1.6710131783784947,-0.6049189885339232
4791,4,-0.1496264636516571,0.6796168684959412,-0.1557977795600891,0.6839711666107178,1.0832241773605347,-1.2311253547668457,0.99288409948349,-1.4005439281463623,0.30835914611816406,0.028370941057801247,0.015230138786137104,0.13726408779621124,1.010502815246582,0.7605180740356445,0.6428893804550171,0.8559827208518982,0.2536736726760864,0.03178540617227554,0.011171184480190277,0.10236337035894394,-0.6221795082092285,-0.3805053234100342,-0.010787068009554868,0.30333699257849567,0.04753869948100975,0.5411436157813001,1.8092500090681705,-0.6771115454060722
4792,4,-0.13734813034534454,0.6649647355079651,-0.1442614197731018,0.667809009552002,1.377525806427002,-1.6381710767745972,1.3231173753738403,-1.7786941528320312,0.2967926561832428,0.03695811703801155,0.014587762765586376,0.11698992550373077,1.0071184635162354,0.7661330103874207,0.6474263668060303,0.852672278881073,0.237237811088562,0.04062933102250099,0.012267952784895897,0.0822770893573761,4.186160564422607,-3.6979830265045166,0.03844832326046102,0.25415136191330545,0.06563119957169267,0.5343725003272393,1.8092500090681605,-0.6771115454060722
4793,4,-0.12115936726331711,0.6465845108032227,-0.12879782915115356,0.6484637260437012,1.8144614696502686,-2.005523443222046,1.7446849346160889,-2.0748233795166016,0.28226757049560547,0.09786200523376465,0.014025753363966942,0.100597083568573,1.002974033355713,0.7679307460784912,0.6532106399536133,0.8480804562568665,0.21547725796699524,0.09125429391860962,0.013527346774935722,0.06569194048643112,6.690607070922852,-7.163517475128174,0.11171561490228032,0.2273229955616373,0.08435098077099266,0.5272031993709616,1.9159326490930595,-0.7448315516562987
4794,4,-0.10073412954807281,0.624539852142334,-0.10906972736120224,0.6261553764343262,2.2497000694274902,-2.3473072052001953,2.1929805278778076,-2.364938497543335,0.2598229944705963,0.16588464379310608,0.013532762415707111,0.08712799847126007,0.9979826211929321,0.7700167298316956,0.6600782871246338,0.8425405025482178,0.1918332427740097,0.15281546115875244,0.014263439923524857,0.05501392111182213,0.9345483779907227,-1.023949384689331,0.1861456957067803,0.172217166386461,0.10351030726192463,0.5197548838543987,1.9159326490930595,-0.7448315516562987
4795,4,-0.07685805857181549,0.6008800864219666,-0.08501578122377396,0.6011596918106079,2.5107028484344482,-2.360261917114258,2.578261613845825,-2.6165709495544434,0.23038062453269958,0.2364082783460617,0.01310077216476202,0.07597135752439499,0.9924015402793884,0.7724615335464478,0.6676568388938904,0.836687445640564,0.1664595901966095,0.21874253451824188,0.015014826320111752,0.04647817462682724,3.001587390899658,-6.431915760040283,0.26373782784399413,0.10960819721031384,0.12303625156129333,0.5119979283516625,1.9910610984531982,-0.8080790072846027
4796,4,-0.0504416786134243,0.5768526792526245,-0.05783877149224281,0.5739426612854004,2.763467311859131,-2.403733968734741,2.847994089126587,-2.7548134326934814,0.1997794657945633,0.27679020166397095,0.01272159069776535,0.06663379818201065,0.9862735867500305,0.7764351963996887,0.675757884979248,0.8306954503059387,0.1415989100933075,0.2718423008918762,0.015379159711301327,0.04015381261706352,-1.5566372871398926,-5.60246467590332,0.29489972696328337,0.06692295879817478,0.1429468625458266,0.5039171382788165,1.9910610984531851,-0.8080790072846027
4797,4,-0.02240637131035328,0.5529986619949341,-0.028427259996533394,0.5468709468841553,2.8579483032226562,-2.343050003051758,3.0258893966674805,-2.6162984371185303,0.1679893136024475,0.31303906440734863,0.012389201670885086,0.05877995491027832,0.9798740744590759,0.7812948226928711,0.6838692426681519,0.8249322772026062,0.11979945003986359,0.3123852014541626,0.015100785531103611,0.03549470007419586,-8.493752479553223,-3.3485305309295654,0.33123280234423286,0.020604241416614766,0.16302653641995504,0.49560830863459326,2.034635357148537,-0.8668539122909842
4798,4,0.0055076382122933865,0.5303305983543396,0.0020408949349075556,0.5219690799713135,2.749422073364258,-2.1669247150421143,3.069323778152466,-2.3488669395446777,0.14142805337905884,0.3377070426940918,0.012097788043320179,0.052134785801172256,0.9733703136444092,0.7862745523452759,0.6918071508407593,0.8199395537376404,0.10008086264133453,0.33716100454330444,0.015120956115424633,0.03279988467693329,-6.746022701263428,0.7480740547180176,0.35117998591168154,-0.004830229525046803,0.18337288999144177,0.48693976951168344,2.0346353571485243,-0.8668539122909842
4799,4,0.033060964196920395,0.5110059976577759,0.033156536519527435,0.5008398294448853,2.721310615539551,-1.7536070346832275,3.1138932704925537,-1.920152187347412,0.12030103802680969,0.3464740812778473,0.011841928586363792,0.04647502675652504,0.9665133953094482,0.7910303473472595,0.6997771859169006,0.8160508871078491,0.08256867527961731,0.344658225774765,0.015399367548525333,0.031051816418766975,-0.9963011741638184,1.4844894409179688,0.35140315818549506,0.00034755018959437,0.2037538599150021,0.47811484613095284,2.046655425179096,-0.9211562666754168
4800,4,0.06095575541257858,0.49592557549476624,0.06398051232099533,0.48431098461151123,2.8154184818267822,-1.3231887817382812,2.989851474761963,-1.445629358291626,0.10324019193649292,0.3379715383052826,0.011617387644946575,0.04163756221532822,0.9592225551605225,0.7956905961036682,0.7076365351676941,0.8130410313606262,0.06976200640201569,0.3399505615234375,0.015171924605965614,0.028490522876381874,-4.030422210693359,-2.9011130332946777,0.3087895279074093,-0.00578608560297128,0.22422041416679456,0.4689032834641985,2.046655425179109,-0.9211562666754433
4801,4,0.0883113369345665,0.4836883246898651,0.09205231070518494,0.47145378589630127,2.699732542037964,-1.0933170318603516,2.693239688873291,-1.1202822923660278,0.08929193019866943,0.3196033239364624,0.028527449816465378,0.03749031573534012,0.9516897201538086,0.8001840114593506,0.7144253849983215,0.8112007975578308,0.059243343770504,0.3174993395805359,0.02753407321870327,0.027765536680817604,-5.506234169006348,6.668648719787598,0.25505061029229836,-0.03115829325797187,0.24465024661447587,0.45959804675193267,2.0271213025449013,-0.9709860704379535
4802,4,0.11509113013744354,0.47607192397117615,0.11846014112234116,0.4630252718925476,2.60823392868042,-0.5397130250930786,2.5597779750823975,-0.6277441382408142,0.07775000482797623,0.2991633713245392,0.028006937354803085,0.0339198112487793,0.9442692995071411,0.8036732077598572,0.721534788608551,0.8107742667198181,0.05215785279870033,0.2852124571800232,0.027264032512903214,0.027352092787623405,-6.300449371337891,11.024584770202637,0.22494862523880813,-0.02444193682862189,0.26492145963992386,0.44988818604755426,2.027121302544888,-0.9709860704379535
4803,4,0.14017346501350403,0.4736269414424896,0.14321684837341309,0.4596264064311981,2.404715061187744,-0.02398078888654709,2.386324644088745,-0.10489094257354736,0.06811605393886566,0.2654134929180145,0.027042090892791748,0.030837811529636383,0.9375563263893127,0.8063392043113708,0.7278439998626709,0.8112893104553223,0.04755597561597824,0.25009602308273315,0.02552337385714054,0.02603352814912796,-8.405484199523926,4.868021011352539,0.13692261623219448,-0.02042307651879649,0.2851477210864079,0.4401384164087285,1.9801716321007252,-1.0126689515059053
4804,4,0.1620946079492569,0.4743362367153168,0.1653534173965454,0.46026358008384705,2.054900884628296,0.19602401554584503,2.1023716926574707,0.227460578083992,0.06003136187791824,0.22190050780773163,0.02488497830927372,0.02817581035196781,0.9315101504325867,0.8088439702987671,0.7336550354957581,0.8124671578407288,0.041946470737457275,0.2093745470046997,0.024127626791596413,0.024545833468437195,-1.1628448963165283,0.874629020690918,0.04325284022162553,0.002755435357212177,0.3049080509788684,0.4299749831729428,1.9760329892459265,-1.0163433235785675
4805,4,0.18245357275009155,0.4773894250392914,0.1854839026927948,0.46415889263153076,1.9876471757888794,0.3811217248439789,1.9171736240386963,0.4943740665912628,0.0592217780649662,0.18298214673995972,0.023008238524198532,0.02619319036602974,0.9252423048019409,0.8111383318901062,0.739166259765625,0.8138435482978821,0.040241967886686325,0.17114783823490143,0.022530678659677505,0.02288585714995861,0.36652565002441406,-2.4376606941223145,-0.01258383119602197,0.05415741121298617,0.324668380871329,0.4198115499371572,1.9394388932178879,-1.0344470675152517
4806,4,0.2017235904932022,0.4811745285987854,0.2035365253686905,0.4695056676864624,1.8773243427276611,0.38020798563957214,1.7248948812484741,0.5596999526023865,0.06368427723646164,0.15324930846691132,0.02138112112879753,0.06188533082604408,0.9185765981674194,0.8129450678825378,0.7444052696228027,0.8131868243217468,0.04288220778107643,0.14008016884326935,0.021235551685094833,0.049377065151929855,2.6584887504577637,-3.578624725341797,-0.06895250749563578,0.06463837449791265,0.34361221275165504,0.4092441807515622,1.8933904852821848,-1.0572280260972593
4807,4,0.2202267050743103,0.4845775067806244,0.22007234394550323,0.47500157356262207,1.8191440105438232,0.2816483974456787,1.588073492050171,0.5188024640083313,0.0802074521780014,0.12973842024803162,0.019960127770900726,0.09242616593837738,0.9112207889556885,0.8145673274993896,0.7491753101348877,0.812162458896637,0.05405097454786301,0.12071900814771652,0.019550327211618423,0.07099545001983643,0.0028562545776367188,-8.817440032958984,-0.09918026681806913,0.08373102421874101,0.3625461176044758,0.398671900490591,1.8933904852821584,-1.0572280260972593
4808,4,0.23713000118732452,0.4852672815322876,0.23506879806518555,0.47882604598999023,1.6235698461532593,-0.07470478862524033,1.4841179847717285,0.29009130597114563,0.09199711680412292,0.1108304038643837,0.018718073144555092,0.11070383340120316,0.9043980240821838,0.8168684840202332,0.7535732388496399,0.8108721971511841,0.06391836702823639,0.10794361680746078,0.018604028970003128,0.08215034753084183,2.027003765106201,-10.889156341552734,-0.11492954098635066,0.09449633401682506,0.38046596952631806,0.38777628469460734,1.7791937906536368,-1.093640177994002
4809,4,0.25303342938423157,0.48251721262931824,0.25009727478027344,0.48048773407936096,1.5656399726867676,-0.4426337480545044,1.5213584899902344,0.0667569488286972,0.1211925819516182,0.09553536772727966,0.017637629061937332,0.10705004632472992,0.8965610861778259,0.8201212286949158,0.7583721876144409,0.8097383975982666,0.07753744721412659,0.09595736116170883,0.018795231357216835,0.07961710542440414,12.513031959533691,-7.445657253265381,-0.08689746411127165,0.12883230038736687,0.3982579074328556,0.3768398829146673,1.7791937906536368,-1.0936401779940284
4810,4,0.27081868052482605,0.47744306921958923,0.26656854152679443,0.48072659969329834,1.8793784379959106,-0.6283218860626221,1.6998097896575928,-0.13697195053100586,0.1376647800207138,0.08292043954133987,0.01669231615960598,0.0985279381275177,0.8884547352790833,0.8241349458694458,0.7637046575546265,0.8082447648048401,0.08744636923074722,0.08644982427358627,0.01873980276286602,0.07151342928409576,13.145439147949219,-8.429779052734375,-0.05092145462805853,0.14223916021933986,0.41490134587089567,0.36565180091327015,1.6334429053603086,-1.1255797792688487
4811,4,0.29048633575439453,0.469704806804657,0.28436416387557983,0.4759781062602997,2.0434327125549316,-0.8903273940086365,1.8698956966400146,-0.7621686458587646,0.13084255158901215,0.07244983315467834,0.015866564586758614,0.08950147777795792,0.881174623966217,0.8290067315101624,0.7694283723831177,0.8060753345489502,0.08655479550361633,0.07892792671918869,0.018629003316164017,0.06219783425331116,11.40603256225586,-9.783496856689453,-0.03789248401474003,0.09548508813698148,0.4312357749245,0.3543960031205816,1.633442905360335,-1.1255797792688487
4812,4,0.31139346957206726,0.45901283621788025,0.3041228652000427,0.4653930366039276,2.1501598358154297,-1.2123600244522095,2.08335280418396,-1.2757675647735596,0.12037504464387894,0.06368208676576614,0.015144438482820988,0.07793509215116501,0.8743564486503601,0.8347949385643005,0.7753711342811584,0.8032341003417969,0.08015173673629761,0.07227122038602829,0.018238559365272522,0.052261460572481155,6.433982849121094,-6.550576686859131,-0.008539740026362236,0.06498137574820412,0.446396542484307,0.3429512353187465,1.4628495935163963,-1.1530468299217465
4813,4,0.3328886330127716,0.445638507604599,0.3257971405982971,0.4506753087043762,2.165457010269165,-1.4480435848236084,2.233813762664795,-1.622258186340332,0.10781862586736679,0.05979298800230026,0.01451287791132927,0.06829585880041122,0.8678516745567322,0.8409625291824341,0.7811638712882996,0.7997114062309265,0.07293113321065903,0.06893507391214371,0.017414215952157974,0.04377109557390213,0.2798318862915039,-3.8164901733398438,0.035536317731325096,0.03940766287106162,0.4610250384194718,0.33142076701952894,1.4628495935163697,-1.1530468299217729
4814,4,0.3537752628326416,0.43006232380867004,0.3481352627277374,0.43291768431663513,2.0362954139709473,-1.6429672241210938,2.230140209197998,-1.8909356594085693,0.09518224745988846,0.06972246617078781,0.013959408737719059,0.06018631160259247,0.8616316914558411,0.8458732962608337,0.7868746519088745,0.7958824038505554,0.06388435512781143,0.07637356966733932,0.01719992607831955,0.037904292345047,3.589963912963867,1.8125605583190918,0.0717884943433546,0.024232661696975244,0.4746622531557335,0.31975509382223116,1.2942609115783388,-1.1760413299527748
4815,4,0.3746684789657593,0.4142146706581116,0.370805948972702,0.41365012526512146,2.0810937881469727,-1.583916425704956,2.244732618331909,-2.0020368099212646,0.08561186492443085,0.09940899163484573,0.01347419060766697,0.053322236984968185,0.8550723195075989,0.8483871221542358,0.7928099036216736,0.792123019695282,0.054797690361738205,0.10058188438415527,0.01733449473977089,0.03330506011843681,9.199726104736328,6.06248140335083,0.10621722836506362,0.030395451722310785,0.4876048622715162,0.30799468052270496,1.2942609115783388,-1.1760413299527748
4816,4,0.3966279625892639,0.3993914723396301,0.39354318380355835,0.39437851309776306,2.232482671737671,-1.457061529159546,2.249220848083496,-1.8494418859481812,0.07469677180051804,0.10228080302476883,0.013049080036580563,0.047489289194345474,0.8481865525245667,0.8526906371116638,0.7988730669021606,0.7879521250724792,0.04642139747738838,0.11361928284168243,0.01728065311908722,0.027760948985815048,13.638381958007812,-6.48195743560791,0.10299190276172601,0.008716143136124899,0.4997673138261391,0.2961438823349199,1.1343886236603054,-1.1945632793618277
4817,4,0.41919568181037903,0.38278716802597046,0.4152916669845581,0.37644630670547485,2.3059041500091553,-1.7605925798416138,2.1658527851104736,-1.7223700284957886,0.06555108726024628,0.10003053396940231,0.03036426566541195,0.042499840259552,0.8407403230667114,0.8588446378707886,0.8041395545005798,0.7833874225616455,0.0379030816257,0.1154080182313919,0.03307119011878967,0.023927882313728333,14.865617752075195,-4.204598426818848,0.08741493487367433,-0.0329337194268115,0.5111112000627431,0.28419824954130163,1.1343886236603318,-1.1945632793618277
4818,4,0.44305938482284546,0.3649454712867737,0.4376261830329895,0.3596682846546173,2.427914619445801,-1.8084397315979004,2.2891740798950195,-1.6704970598220825,0.05786670744419098,0.1314610093832016,0.05999267101287842,0.03823180869221687,0.8326374292373657,0.862690269947052,0.8088544011116028,0.7786892056465149,0.031503092497587204,0.13967981934547424,0.06045973300933838,0.0208662748336792,14.941744804382324,-1.9226229190826416,0.13994113433155075,-0.06551408180392565,0.5218686195878874,0.2721981067680047,0.9832327297624018,-1.2086126781489845
4819,4,0.4675827622413635,0.34709957242012024,0.4613458812236786,0.3429598808288574,2.456059217453003,-1.7576414346694946,2.4299142360687256,-1.6794039011001587,0.051354918628931046,0.15077492594718933,0.10084850341081619,0.03456038981676102,0.8243548274040222,0.8664498329162598,0.8129375576972961,0.7739090919494629,0.02704007737338543,0.16340869665145874,0.09780984371900558,0.0182699766010046,14.021906852722168,-4.134827613830566,0.15653267718440267,-0.11010557240785301,0.531700946885512,0.260111979986515,0.983232729762349,-1.2086126781489845
4820,4,0.4914815425872803,0.3294276297092438,0.4856577515602112,0.32578811049461365,2.3412089347839355,-1.7425880432128906,2.435134172439575,-1.7261087894439697,0.04581471160054207,0.15656080842018127,0.13395759463310242,0.03139621019363403,0.8163005113601685,0.8711246848106384,0.8171361684799194,0.7694693803787231,0.023874059319496155,0.17321911454200745,0.12914377450942993,0.01691502332687378,12.717447280883789,0.17892837524414062,0.1583952904830298,-0.14305897358447583,0.5411230655333389,0.24799827303268007,0.8407932298844696,-1.2181895263141924
4821,4,0.5141878128051758,0.31320858001708984,0.5098684430122375,0.30887413024902344,2.1863012313842773,-1.5352277755737305,2.3786230087280273,-1.6614333391189575,0.04107563570141792,0.16312463581562042,0.15062017738819122,0.028659692034125328,0.8090715408325195,0.8757166862487793,0.8214021325111389,0.7654592990875244,0.022790029644966125,0.17917107045650482,0.14387205243110657,0.015474902465939522,7.5292158126831055,-0.17235159873962402,0.16524515162121411,-0.15565213817336085,0.5495309978321841,0.23581637776953812,0.8407932298844696,-1.2181895263141924
4822,4,0.5339158177375793,0.2983570098876953,0.5324092507362366,0.2926243841648102,1.8145414590835571,-1.4135632514953613,2.1628432273864746,-1.5490902662277222,0.037007804960012436,0.15925751626491547,0.15824507176876068,0.026288442313671112,0.8029658198356628,0.8804240822792053,0.8254730105400085,0.7619875073432922,0.021009476855397224,0.17644086480140686,0.15120193362236023,0.014594224281609058,12.712101936340332,0.14649152755737305,0.14040455554132297,-0.1606454305748758,0.557687546754851,0.22362488704014505,0.7070701240266409,-1.2232938238575042
4823,4,0.5514208078384399,0.28549933433532715,0.553237795829773,0.2786795198917389,1.6646660566329956,-1.2025446891784668,1.956730842590332,-1.2822540998458862,0.03350751847028732,0.15359076857566833,0.15341658890247345,0.024231217801570892,0.7979596257209778,0.8852975368499756,0.8292315602302551,0.7585795521736145,0.020968707278370857,0.17255805432796478,0.1441597044467926,0.012804285623133183,4.330687522888184,-5.950813293457031,0.12565283948948425,-0.12957922350889123,0.5647582479951174,0.21139194880157008,0.707070124026588,-1.223293823857491
4824,4,0.5650937557220459,0.2725123465061188,0.5695297122001648,0.26579052209854126,1.2010560035705566,-1.294574499130249,1.3946703672409058,-1.2312195301055908,0.030486421659588814,0.14360961318016052,0.1491357982158661,0.02244303561747074,0.7942749857902527,0.8905263543128967,0.8323034644126892,0.7552675604820251,0.02005789428949356,0.16342511773109436,0.13750217854976654,0.011818698607385159,6.0680413246154785,-5.906963348388672,0.0935216004540541,-0.12778050963356186,0.5717189583447871,0.19915845470159127,0.5921901535382063,-1.2238743932254816
4825,4,0.5759146213531494,0.26004573702812195,0.5811085104942322,0.25420868396759033,0.9587509036064148,-1.2168906927108765,0.9455485939979553,-1.1151494979858398,0.027871929109096527,0.1376352459192276,0.1367303878068924,0.02088601142168045,0.7916039228439331,0.8955610990524292,0.8348947763442993,0.7520833611488342,0.019906770437955856,0.15506106615066528,0.12393517047166824,0.010802625678479671,3.445432186126709,-5.448594093322754,0.1071096732394144,-0.07369471246273925,0.5775395924666752,0.18691919899380252,0.5820634121888099,-1.2239255707788672
4826,4,0.5835680365562439,0.24804027378559113,0.5882428884506226,0.24320486187934875,0.6064106822013855,-1.1785236597061157,0.5278604030609131,-1.0825704336166382,0.025599759072065353,0.13059227168560028,0.12233654409646988,0.019525736570358276,0.7902406454086304,0.9002581834793091,0.8367842435836792,0.7491939663887024,0.020303497090935707,0.14556773006916046,0.10703021287918091,0.010423700325191021,0.24242162704467773,-0.3031492233276367,0.09420449394208252,-0.047200498381840636,0.5833602265885632,0.17467994328601377,0.530570066110892,-1.2221639080016775
4827,4,0.5875309109687805,0.23735372722148895,0.591579794883728,0.23281127214431763,0.22484850883483887,-0.9986539483070374,0.16943523287773132,-1.009713053703308,0.023631323128938675,0.12353553622961044,0.104895681142807,0.018341723829507828,0.7901397943496704,0.9044867157936096,0.837986409664154,0.7466597557067871,0.01984001137316227,0.1366642415523529,0.09037678688764572,0.00979370716959238,5.860841274261475,-3.613762855529785,0.08634926192597735,-0.0002236182803051351,0.5880319263392185,0.16247999430558743,0.46577309437097664,-1.2199471087084592
4828,4,0.588638424873352,0.2277958244085312,0.5915445685386658,0.22326530516147614,0.008717458695173264,-0.9304909110069275,-0.15412531793117523,-0.9141793847084045,0.05292744189500809,0.11276978999376297,0.09069252014160156,0.01731027476489544,0.7875587344169617,0.9088242053985596,0.8386189937591553,0.7441267371177673,0.04011097177863121,0.12696418166160583,0.07628227025270462,0.008905833587050438,9.271278381347656,-7.654025554656982,0.054601492090087855,0.05850359571330777,0.5926896572829291,0.1502805232185014,0.46577309437097664,-1.2199471087084592
4829,4,0.5881487131118774,0.21817389130592346,0.5885664820671082,0.21436400711536407,-0.08697300404310226,-0.980583131313324,-0.417819082736969,-0.8689053058624268,0.08851197361946106,0.10125093907117844,0.07892651855945587,0.016407279297709465,0.7847843170166016,0.9134517312049866,0.8385679125785828,0.7416020631790161,0.06842078268527985,0.11453105509281158,0.06362195312976837,0.00851370021700859,-0.6909346580505371,-1.495436429977417,0.03746353947283777,0.09626827466610709,0.5963921447051078,0.1381622080579328,0.35819917057324685,-1.2108078041667532
4830,4,0.5854399800300598,0.20878958702087402,0.5832110047340393,0.20561446249485016,-0.3935064375400543,-0.8952682614326477,-0.5875430703163147,-0.8645052313804626,0.11290234327316284,0.09181118756532669,0.0691147968173027,0.01561746746301651,0.7838614583015442,0.9178518056869507,0.8375977873802185,0.7391872406005859,0.09355071187019348,0.10341069847345352,0.05345508083701134,0.007909392938017845,-3.5415267944335938,-3.8093698024749756,0.03816268741488453,0.11900175947724206,0.5999741364108404,0.12605413001626528,0.35819917057324685,-1.2108078041667598
4831,4,0.5796504020690918,0.1996620148420334,0.5766949653625488,0.1968364119529724,-0.6987484693527222,-0.9024497270584106,-0.686851441860199,-0.8643485307693481,0.16195452213287354,0.08103499561548233,0.06086741387844086,0.014925970695912838,0.7827684283256531,0.9221641421318054,0.8359836935997009,0.736905574798584,0.12964946031570435,0.09151428192853928,0.04561176523566246,0.0076712328009307384,-2.994215488433838,-2.0066678524017334,0.018250850426356338,0.1763519964096782,0.602777142656703,0.11405982014674375,0.25934164079551475,-1.1963699987838148
4832,4,0.5719321966171265,0.19116856157779694,0.5694600343704224,0.18855838477611542,-0.8284157514572144,-0.8210862874984741,-0.773331880569458,-0.8087074756622314,0.21886906027793884,0.07111042737960815,0.053896788507699966,0.014320602640509605,0.7816736102104187,0.9264161586761475,0.8337295651435852,0.7346212863922119,0.1753501445055008,0.08080187439918518,0.03880324959754944,0.007076637353748083,-8.12126636505127,-3.382291793823242,0.011704496758564414,0.23941869305933627,0.6053705590646583,0.10209612015890618,0.25934164079551475,-1.1963699987838148
4833,4,0.5622476935386658,0.1825578510761261,0.5605668425559998,0.1802070438861847,-1.0306659936904907,-0.8638710975646973,-0.9587336182594299,-0.826896607875824,0.2610448896884918,0.06254784017801285,0.04797494411468506,0.013790493831038475,0.7814059257507324,0.9306737184524536,0.8314598798751831,0.7321609258651733,0.2130126804113388,0.07211387157440186,0.03533336892724037,0.006285876035690308,2.176342010498047,-9.931678771972656,-0.009186952950253457,0.27895994109573885,0.6073438152863649,0.09026820358716237,0.16920050503783327,-1.1766336925598029
4834,4,0.5534213185310364,0.17323237657546997,0.5505990982055664,0.17219975590705872,-0.7765238285064697,-0.9963847398757935,-1.0327463150024414,-0.7985785603523254,0.309462308883667,0.05532076582312584,0.04292052239179611,0.013468319550156593,0.78095942735672,0.9351953864097595,0.8297473788261414,0.7293266654014587,0.2450394332408905,0.06472919136285782,0.0323442742228508,0.0057013086043298244,1.202099323272705,-7.40767240524292,-0.01116160397646715,0.33298625622437084,0.6090358203367437,0.07850186666156354,0.16920050503788614,-1.1766336925598029
4835,4,0.5467149019241333,0.1628035455942154,0.5407412052154541,0.16393160820007324,-0.58174729347229,-1.0858074426651,-0.9052867293357849,-0.8707879781723022,0.313814252614975,0.04918968304991722,0.03859153389930725,0.013043846935033798,0.781045138835907,0.9395843148231506,0.8287666440010071,0.72658771276474,0.2590317130088806,0.05696772783994675,0.030567871406674385,0.005781820975244045,4.970064163208008,-1.3201820850372314,0.002001127933407315,0.31608071094455775,0.6102490576864552,0.06688273139432388,0.08777576330025526,-1.1515988854946375
4836,4,0.5429543256759644,0.15296635031700134,0.5340869426727295,0.15495599806308746,-0.25009605288505554,-0.9524250030517578,-0.48568567633628845,-0.9742705821990967,0.3115389347076416,0.04410426691174507,0.03486861288547516,0.012671626172959805,0.7814586162567139,0.9435440897941589,0.8286806344985962,0.7240472435951233,0.25629281997680664,0.050803668797016144,0.029061319306492805,0.0055910563096404076,8.020002365112305,-1.3606417179107666,0.011091481543321569,0.3033208174371488,0.6111268153194579,0.05536674253937679,0.08777576330025526,-1.1515988854946277
4837,4,0.5423270463943481,0.14372952282428741,0.5315618515014648,0.14456267654895782,0.07923398911952972,-0.9172132611274719,-0.06494414806365967,-1.0991586446762085,0.30124783515930176,0.03961488977074623,0.03166520595550537,0.013957622461020947,0.7816697359085083,0.9473137855529785,0.8294147849082947,0.721454918384552,0.24389232695102692,0.045789048075675964,0.02770821563899517,0.00625494122505188,7.171494960784912,-1.1069750785827637,-0.014156777230936946,0.26351409189062197,0.6116497649493343,0.04399877658337063,0.015067415582674975,-1.121265577588303
4838,4,0.5445855259895325,0.1345701515674591,0.5328727960586548,0.13314174115657806,0.36348336935043335,-0.919289231300354,0.3048946261405945,-1.1558910608291626,0.2834920585155487,0.035748206079006195,0.028889596462249756,0.02409677766263485,0.7815195322036743,0.950884222984314,0.8309366106987,0.7185501456260681,0.22397644817829132,0.04112687706947327,0.02667960338294506,0.01222525630146265,6.582980155944824,2.2884607315063477,-0.02560906312625555,0.21705996031903668,0.6118004391051612,0.032786120807486836,0.015067415582674975,-1.121265577588303
4839,4,0.5497951507568359,0.12577207386493683,0.5378198623657227,0.12222012877464294,0.6356076598167419,-0.8738982677459717,0.6294080018997192,-1.040330410003662,0.2604856789112091,0.03241856023669243,0.026486869901418686,0.03037877194583416,0.7809469103813171,0.9545722603797913,0.832944393157959,0.7155154943466187,0.20266923308372498,0.038607582449913025,0.02515925094485283,0.015059391967952251,5.316267013549805,-4.365785121917725,-0.031384911150708183,0.17105272634199206,0.6117028321673628,0.021711712169446153,-0.048924538114801845,-1.0856337688408215
4840,4,0.5567308068275452,0.11563144624233246,0.5449883937835693,0.11200850456953049,0.7753241062164307,-1.0865944623947144,0.815397322177887,-0.9829047322273254,0.2328474521636963,0.029543351382017136,0.02440263330936432,0.042517680674791336,0.7801815867424011,0.9587388038635254,0.8351973295211792,0.7118180990219116,0.18073605000972748,0.03614378720521927,0.02346421219408512,0.021142877638339996,0.27346372604370117,-3.3059263229370117,-0.044608409643314195,0.12006471119572991,0.6112135867862145,0.010855374481038486,-0.048924538114801845,-1.0856337688408224
4841,4,0.5645126700401306,0.10402438789606094,0.5536985993385315,0.10211141407489777,0.8036389350891113,-1.2077844142913818,0.920985221862793,-0.9901217222213745,0.20497429370880127,0.027052339166402817,0.022589830681681633,0.03905586898326874,0.7793078422546387,0.9629817008972168,0.8376837372779846,0.7086536884307861,0.15722665190696716,0.03323179483413696,0.022312823683023453,0.01969783753156662,2.4143052101135254,0.9423232078552246,-0.016209942528981613,0.08501575433983966,0.6105651544329017,0.00011691116769110225,-0.10420009779233382,-1.0447034592521818
4842,4,0.5734163522720337,0.09250348061323166,0.56369948387146,0.09249261021614075,0.9226464033126831,-1.1405476331710815,1.0301363468170166,-0.9773688912391663,0.17959663271903992,0.024893688037991524,0.021013503894209862,0.035270169377326965,0.7781509757041931,0.9671165347099304,0.8402507305145264,0.705625593662262,0.13621941208839417,0.030728653073310852,0.02095218002796173,0.01744546741247177,2.0851898193359375,1.0000109672546387,0.002001507536598668,0.06402101129621678,0.6095231534549783,-0.010330123424831429,-0.10420009779233382,-1.0447034592521813
4843,4,0.5826638340950012,0.0811690241098404,0.5740678310394287,0.0822080671787262,0.9205542802810669,-1.1235744953155518,1.0356359481811523,-1.0809375047683716,0.15335118770599365,0.02301952615380287,0.0196408461779356,0.03200944513082504,0.7770660519599915,0.9712953567504883,0.8426069021224976,0.7024516463279724,0.11804389208555222,0.029020899906754494,0.019371310248970985,0.015055146999657154,-0.20434975624084473,-2.5824403762817383,-0.008026329710037056,0.026803018856866895,0.6083936268383116,-0.020690253406756197,-0.15075926344976232,-0.9984746488223865
4844,4,0.5910885334014893,0.06924079358577728,0.5838653445243835,0.07043416798114777,0.8025063872337341,-1.21830153465271,0.9511156678199768,-1.229207158088684,0.12981948256492615,0.021387344226241112,0.01844235695898533,0.029203016310930252,0.7763332724571228,0.9757370352745056,0.8446431159973145,0.6989508271217346,0.10150863975286484,0.027812553569674492,0.01786096580326557,0.012805331498384476,-1.1987853050231934,-5.583174228668213,-0.010109760838127035,0.0060911323988550314,0.6068860342038138,-0.03067499989497955,-0.15075926344976232,-0.9984746488223865
4845,4,0.5983089208602905,0.05621085688471794,0.592699408531189,0.05743890628218651,0.6679896712303162,-1.3532639741897583,0.8346197605133057,-1.3402678966522217,0.1109490916132927,0.01996498554944992,0.017395587638020515,0.026757825165987015,0.7758394479751587,0.9803555607795715,0.84634929895401,0.6952613592147827,0.08737073838710785,0.026230057701468468,0.016477394849061966,0.01130666397511959,-2.4739038944244385,-1.7537057399749756,0.005879834780533749,0.004152270508746558,0.605345144475953,-0.04061440853875365,-0.1855364080125649,-0.9511215434480318
4846,4,0.6043204069137573,0.04280276224017143,0.6005061268806458,0.04378842934966087,0.5309850573539734,-1.3398240804672241,0.7159765362739563,-1.3969731330871582,0.09562857449054718,0.02956143207848072,0.016481913626194,0.02463885024189949,0.7755188345909119,0.9835019111633301,0.8477626442909241,0.6914196610450745,0.07553446292877197,0.03536323457956314,0.01548767276108265,0.00960034690797329,2.3554325103759766,-5.519880294799805,0.03111923258620003,0.0062199663552088835,0.6034591241250812,-0.05008388191426863,-0.1886020350871931,-0.9469473375514328
4847,4,0.6094016432762146,0.02886570617556572,0.6068331599235535,0.029500439763069153,0.47305944561958313,-1.434945821762085,0.5516316294670105,-1.4554225206375122,0.0831388607621193,0.03417329862713814,0.01568232849240303,0.022795889526605606,0.7751766443252563,0.9873161315917969,0.8490530252456665,0.6872829794883728,0.06526891887187958,0.041593581438064575,0.014723353087902069,0.008181358687579632,5.0166916847229,-6.6132402420043945,0.03493336871528388,0.010920699565191885,0.6015731037742093,-0.059553355289783616,-0.2014991934301282,-0.9217848711986193
4848,4,0.6140807271003723,0.01405723113566637,0.6115729808807373,0.01474142074584961,0.4535583257675171,-1.5228341817855835,0.40429115295410156,-1.498307228088379,0.0726226419210434,0.05382436886429787,0.014982513152062893,0.02119160071015358,0.7746500372886658,0.9896772503852844,0.8503646850585938,0.6828566789627075,0.05616527050733566,0.060831621289253235,0.014263439923524857,0.006825895514339209,8.823137283325195,-8.28989028930664,0.05731311763032079,0.004899451174999278,0.5993993183111417,-0.06846139646755427,-0.21772841270457324,-0.8901215254393259
4849,4,0.618979811668396,-0.0016127268318086863,0.6152369976043701,-0.0004109498404432088,0.5035125017166138,-1.6035691499710083,0.33410462737083435,-1.5345743894577026,0.06383972615003586,0.0757560133934021,0.01437126100063324,0.0197970662266016,0.7740955948829651,0.9919721484184265,0.8513852953910828,0.6780135035514832,0.05030485615134239,0.08465185761451721,0.013068998232483864,0.0055215745232999325,1.8861889839172363,-9.784550666809082,0.08048249434770643,-0.006225290607922401,0.5972220341840964,-0.07736261172194707,-0.21772841270457324,-0.8901215254393259
4850,4,0.6225477457046509,-0.01855132170021534,0.6180127263069153,-0.0167267806828022,0.27507027983665466,-1.7217782735824585,0.2638311982154846,-1.6753861904144287,0.05642550066113472,0.0997975766658783,0.02673107571899891,0.01857985183596611,0.7741207480430603,0.9941842555999756,0.8510686159133911,0.6731820106506348,0.0460999496281147,0.1092325896024704,0.022068632766604424,0.005150958895683289,-3.1724953651428223,-4.360555648803711,0.10555154900081501,-0.02871595679209525,0.5948635118543563,-0.08571217053969585,-0.23813839630184996,-0.8279972124860627
4851,4,0.6238269805908203,-0.03504054620862007,0.6202670335769653,-0.03377160802483559,0.00028811395168304443,-1.5822885036468506,0.17442864179611206,-1.7261888980865479,0.05013028904795647,0.1307835578918457,0.02461467869579792,0.017516259104013443,0.77466881275177,0.9955218434333801,0.8512859344482422,0.6689797043800354,0.041288070380687714,0.13653072714805603,0.021040337160229683,0.005303439684212208,6.4156270027160645,-3.2891976833343506,0.13909134661033667,-0.006949571864914773,0.5924821278913376,-0.09399214266455702,-0.23813839630184996,-0.8279972124860627
4852,4,0.6244103908538818,-0.04920531436800957,0.6218945980072021,-0.05038022622466087,0.04357888922095299,-1.3198572397232056,0.09497558325529099,-1.6379115581512451,0.046915505081415176,0.13349901139736176,0.022779639810323715,0.016588985919952393,0.7751106023788452,0.9981690645217896,0.8514269590377808,0.6651586890220642,0.038494646549224854,0.14920245110988617,0.019264431670308113,0.0048169102519750595,7.714941501617432,-8.409765243530273,0.13431494753667111,0.02608585954211287,0.5900085998470853,-0.10174083111555463,-0.24983198587912894,-0.7605743986916399
4853,4,0.6244099140167236,-0.062480948865413666,0.6217653751373291,-0.06623395532369614,-0.0239984393119812,-1.322487235069275,-0.089996837079525,-1.488356113433838,0.04237595200538635,0.12922121584415436,0.02118002064526081,0.01577690802514553,0.7757869958877563,1.0021220445632935,0.8514105677604675,0.661487340927124,0.03564300760626793,0.14879310131072998,0.017620164901018143,0.004558556247502565,6.120972633361816,-7.368555068969727,0.10686548107837826,0.012690780790704105,0.5875102799882936,-0.10934657510247245,-0.24983198587912894,-0.7605743986916464
4854,4,0.6237063407897949,-0.07543185353279114,0.6202787160873413,-0.0798971876502037,-0.10732853412628174,-1.2637349367141724,-0.18734653294086456,-1.2592051029205322,0.03904593363404274,0.12751440703868866,0.019787194207310677,0.015066882595419884,0.7768365740776062,1.0061395168304443,0.8509960770606995,0.658198356628418,0.03412352129817009,0.14428701996803284,0.015630343928933144,0.004695558920502663,-0.6359410285949707,-1.9155395030975342,0.1185209680937729,0.017002359799052024,0.5849914773816897,-0.11645200517998869,-0.25280918143635733,-0.6878530840560638
4855,4,0.6213182210922241,-0.08704472333192825,0.6179081201553345,-0.09145966172218323,-0.352482408285141,-1.064697504043579,-0.28348103165626526,-1.0619357824325562,0.03721627965569496,0.12646017968654633,0.018570948392152786,0.014444662258028984,0.7785006165504456,1.0094165802001953,0.8500731587409973,0.6556869149208069,0.03358182683587074,0.1385912299156189,0.014051401987671852,0.005220246966928244,0.4891800880432129,1.6007518768310547,0.12089489734438513,0.025027977741877434,0.5824633855673258,-0.12333053602054977,-0.2528091814364102,-0.6878530840560572
4856,4,0.6170613765716553,-0.0958700105547905,0.6146261692047119,-0.10061603784561157,-0.511353611946106,-0.7510825395584106,-0.39863041043281555,-0.8026999235153198,0.057083260267972946,0.12235454469919205,0.01750839687883854,0.013899369165301323,0.778586208820343,1.011897087097168,0.8487327694892883,0.6542078852653503,0.04796598479151726,0.1299016922712326,0.012678897008299828,0.006046561989933252,1.0461211204528809,6.765937805175781,0.10057134271973692,0.06076162259642253,0.57996903955053,-0.12975031971785722,-0.24706998297358798,-0.6098332685793347
4857,4,0.6114397644996643,-0.10100103169679642,0.6099908351898193,-0.10677778720855713,-0.6224639415740967,-0.34477224946022034,-0.5481026768684387,-0.46617549657821655,0.08193406462669373,0.11233481764793396,0.016580985859036446,0.013422107324004173,0.7784353494644165,1.0139883756637573,0.8469708561897278,0.6534382104873657,0.0684872567653656,0.1193331927061081,0.011548981070518494,0.006145227700471878,2.2627997398376465,-0.30245542526245117,0.05818343428412297,0.08737333179021683,0.5774983397207946,-0.1358486524036502,-0.24706998297358798,-0.6098332685793347
4858,4,0.6044902801513672,-0.10406062006950378,0.6031301617622375,-0.11016934365034103,-0.7253323197364807,-0.23079602420330048,-0.7805154323577881,-0.20250967144966125,0.10445864498615265,0.09673663973808289,0.01576869934797287,0.013003099709749222,0.7786727547645569,1.0162346363067627,0.8451299071311951,0.6530669331550598,0.08767043054103851,0.10396847873926163,0.010941886343061924,0.0063018458895385265,4.358997344970703,-2.5498270988464355,-0.0046953529676753356,0.10975595716766973,0.5750981814459677,-0.1415404017140188,-0.2326143904907152,-0.5265149522614327
4859,4,0.5973778367042542,-0.1057053804397583,0.594589114189148,-0.11091300845146179,-0.6939031481742859,-0.10834623873233795,-0.8988473415374756,0.023221096023917198,0.1275748312473297,0.08393154293298721,0.015058798715472221,0.02516944520175457,0.7790707349777222,1.0182853937149048,0.843153178691864,0.6525335907936096,0.10794361680746078,0.08865322172641754,0.009993483312427998,0.012315872125327587,-0.5538034439086914,-2.086327075958252,-0.027057807679370667,0.1337985299266009,0.5727720375410604,-0.14680555123663355,-0.2326143904907152,-0.5265149522614327
4860,4,0.5896579027175903,-0.10645079612731934,0.5852264165878296,-0.11013633012771606,-0.8085662722587585,-0.030703125521540642,-0.9336791038513184,0.1366957575082779,0.13589219748973846,0.07330227643251419,0.014437572099268436,0.04869518056511879,0.7807475328445435,1.019923210144043,0.8407920002937317,0.6516796350479126,0.12257998436689377,0.07669621706008911,0.008966885507106781,0.023430664092302322,-4.648381233215332,-4.7589802742004395,-0.05289883854717821,0.1382997215542245,0.5705357981603627,-0.1517268781533339,-0.20944240398784464,-0.43789813510238434
4861,4,0.5803610682487488,-0.10713410377502441,0.5755182504653931,-0.10869890451431274,-0.9945914149284363,-0.07535386085510254,-0.9802494049072266,0.17280223965644836,0.15916186571121216,0.06439731270074844,0.01389326248317957,0.06878554075956345,0.7824263572692871,1.0213336944580078,0.8382855653762817,0.6508694291114807,0.14043770730495453,0.06729596853256226,0.008520802482962608,0.03295200318098068,-0.5121099948883057,-6.3250017166137695,-0.07280553812326616,0.1663258794885239,0.5684413741204842,-0.15610585950435865,-0.2094424039877918,-0.43789813510239756
4862,4,0.5706651210784912,-0.10805000364780426,0.5657804012298584,-0.10658853501081467,-0.959587037563324,-0.11814030259847641,-0.981773316860199,0.21301862597465515,0.19580522179603577,0.056891195476055145,0.013416397385299206,0.07310225069522858,0.7831770777702332,1.0226573944091797,0.8358740210533142,0.6504790782928467,0.1655753254890442,0.05931009724736214,0.008315009996294975,0.03547079116106033,0.5170536041259766,-4.462497234344482,-0.07401995100534008,0.20853969548858856,0.5664387847860759,-0.16021437602066146,-0.17755402346492352,-0.3439828171021894
4863,4,0.5616388320922852,-0.10898276418447495,0.5562036633491516,-0.10502848029136658,-0.8603166341781616,-0.08471809327602386,-0.9409758448600769,0.06980738043785095,0.21262986958026886,0.050526153296232224,0.012998383492231369,0.07364565134048462,0.7841242551803589,1.0238465070724487,0.8337857723236084,0.6502631306648254,0.18352507054805756,0.05267377942800522,0.008567477576434612,0.03571241348981857,3.4424400329589844,-5.452249050140381,-0.0737619253511961,0.2190098152244978,0.564663244551427,-0.16365420419168358,-0.17755402346487065,-0.3439828171021894
4864,4,0.5540814399719238,-0.10987262427806854,0.5473933219909668,-0.1052960753440857,-0.6757309436798096,-0.10453192889690399,-0.8213167190551758,-0.1107284426689148,0.2170378416776657,0.045110367238521576,0.012632298283278942,0.08254823833703995,0.7855470180511475,1.0249515771865845,0.8321565389633179,0.6497612595558167,0.19079849123954773,0.046972133219242096,0.008689312264323235,0.03965010121464729,1.355574131011963,-2.6252055168151855,-0.08457486705690179,0.2187999205036825,0.5629640364154687,-0.16690752230085934,-0.13694924892189891,-0.2447689982608348
4865,4,0.5480051636695862,-0.11091332882642746,0.5401318073272705,-0.10706453770399094,-0.5493706464767456,-0.11099615693092346,-0.6377534866333008,-0.2276020050048828,0.2145216166973114,0.04046081006526947,0.012310291640460491,0.08531789481639862,0.7872776389122009,1.0260695219039917,0.8308889865875244,0.6492511630058289,0.19055508077144623,0.042804066091775894,0.00884887482970953,0.04045149311423302,1.9655728340148926,-5.318424701690674,-0.08590810325190693,0.20363812827030126,0.5615945439262499,-0.16935521228346753,-0.13694924892189891,-0.2447689982608348
4866,4,0.5431643128395081,-0.11267907917499542,0.5346478819847107,-0.10986102372407913,-0.4219347834587097,-0.22424821555614471,-0.46806085109710693,-0.30920177698135376,0.2107781618833542,0.03647838905453682,0.012028388679027557,0.08813755214214325,0.788966715335846,1.0275273323059082,0.8299910426139832,0.648329496383667,0.18602953851222992,0.0398419015109539,0.009030001237988472,0.04047723859548569,2.5306344032287598,-8.69688892364502,-0.08878447564377406,0.19442971041324675,0.5602684481409016,-0.1717109439787879,-0.09162356755906952,-0.14872317780618385
4867,4,0.5396293997764587,-0.11608181148767471,0.5307765007019043,-0.11343418806791306,-0.28558698296546936,-0.42738962173461914,-0.30742672085762024,-0.39095327258110046,0.20574164390563965,0.033047258853912354,0.011780951172113419,0.08581212908029556,0.7903158664703369,1.029451608657837,0.8296019434928894,0.6470306515693665,0.17791974544525146,0.03737001121044159,0.009485888294875622,0.03839511796832085,5.634138584136963,-9.531427383422852,-0.07227898835621291,0.18356802810347606,0.5593921673373128,-0.17311351076457113,-0.08762808035882373,-0.1402566785783073
4868,4,0.538074791431427,-0.12121781706809998,0.5288730263710022,-0.11773309111595154,-0.060106948018074036,-0.5953254699707031,-0.09783028811216354,-0.4857654273509979,0.19897226989269257,0.03008485771715641,0.011563817039132118,0.07901131361722946,0.7911779880523682,1.0320143699645996,0.8296355605125427,0.6452049016952515,0.16896942257881165,0.03583693504333496,0.009713875129818916,0.03369904309511185,4.817519187927246,-13.296704292297363,-0.03897613169690321,0.16881085228355652,0.5585158865337241,-0.17451607755035436,0.22139257817836247,-0.09165460465575853
4869,4,0.5380622148513794,-0.128853440284729,0.5286515951156616,-0.12391319870948792,0.06721711903810501,-0.8756705522537231,0.05884403735399246,-0.7245936393737793,0.19023801386356354,0.027522528544068336,0.011373322457075119,0.06917963922023773,0.7917354702949524,1.0352916717529297,0.8298916816711426,0.6427356004714966,0.16038748621940613,0.03448115289211273,0.009662725031375885,0.027988117188215256,1.004631519317627,-13.727030754089355,-0.005222358000041144,0.1506646134733354,0.5645345636821294,-0.17483422086211475,0.6102506424418167,-0.03049588318328916
4870,4,0.5387945175170898,-0.1389927715063095,0.5297638773918152,-0.13283483684062958,0.1048966720700264,-1.108508586883545,0.16588902473449707,-1.0210689306259155,0.18207064270973206,0.047248877584934235,0.011205997318029404,0.0609159916639328,0.792007565498352,1.0362677574157715,0.8305075764656067,0.6397752165794373,0.14977654814720154,0.05188610404729843,0.010127849876880646,0.02339823730289936,4.937443733215332,-11.68988037109375,0.050565018323819336,0.14444766652894456,0.5706370701065481,-0.1751391796939478,0.6102506424417637,-0.03049588318328916
4871,4,0.541090726852417,-0.15038272738456726,0.5324150323867798,-0.14398854970932007,0.30073270201683044,-1.1872285604476929,0.3233131468296051,-1.2122223377227783,0.17608433961868286,0.09592737257480621,0.011059249751269817,0.0539412759244442,0.7916030883789062,1.0345430374145508,0.8315600752830505,0.636542558670044,0.13991618156433105,0.09248103201389313,0.010453524999320507,0.01992099918425083,5.567102432250977,-7.998771667480469,0.10648981407822522,0.14803738971503985,0.5756219267503675,-0.174424646881807,0.4843874781065452,0.08431328740960922
4872,4,0.5450599193572998,-0.16201111674308777,0.5365474224090576,-0.15663839876651764,0.45803141593933105,-1.1548138856887817,0.47146642208099365,-1.3143821954727173,0.16715644299983978,0.13229380548000336,0.010930576361715794,0.04802431911230087,0.7906491160392761,1.0335077047348022,0.8329927325248718,0.633356511592865,0.13017599284648895,0.12924955785274506,0.010809844359755516,0.017405595630407333,7.512998580932617,-7.52169132232666,0.14230001188509234,0.12454481760807651,0.5804658015314331,-0.17358151400771088,0.4843874781065981,0.08431328740960922
4873,4,0.5505692362785339,-0.17314676940441132,0.5420637130737305,-0.16984975337982178,0.6176775693893433,-1.077683687210083,0.6146270036697388,-1.3241366147994995,0.15599413216114044,0.15657968819141388,0.010817519389092922,0.042969729751348495,0.7893815040588379,1.0333714485168457,0.8346633911132812,0.6305837631225586,0.12042699754238129,0.1556681990623474,0.010833561420440674,0.015917157754302025,3.380739688873291,-2.7250170707702637,0.164073328969157,0.10157215243286745,0.584353132857893,-0.1717943122620907,0.362996864393302,0.20412080807174518
4874,4,0.5568800568580627,-0.18268567323684692,0.5487563610076904,-0.18283337354660034,0.6464870572090149,-0.8441880345344543,0.7084420323371887,-1.2746378183364868,0.14245031774044037,0.17337413132190704,0.010718181729316711,0.038635678589344025,0.7881999611854553,1.0337636470794678,0.8362674713134766,0.6281946301460266,0.11116167157888412,0.1761426329612732,0.010671742260456085,0.013970253057777882,2.647411823272705,-9.594016075134277,0.17892539398589466,0.07461481016522797,0.5879831015018254,-0.16975310418137338,0.36299686439324913,0.20412080807174518
4875,4,0.5629432201385498,-0.1913970559835434,0.5556018352508545,-0.19505903124809265,0.6049497127532959,-0.8548815250396729,0.691036581993103,-1.094586968421936,0.12974585592746735,0.17263159155845642,0.010631049983203411,0.03491494804620743,0.7871741056442261,1.035301685333252,0.8378492593765259,0.6258119344711304,0.10132090747356415,0.1853639930486679,0.010567738674581051,0.012257537804543972,2.7353692054748535,-12.321305274963379,0.1690952172394298,0.06400149128252731,0.5908086879159009,-0.16685324670172053,0.24607880130187548,0.32892667880310555
4876,4,0.5688902139663696,-0.20015749335289001,0.5624061226844788,-0.20451243221759796,0.5928856730461121,-0.8720000982284546,0.6767126321792603,-0.813048779964447,0.1192646250128746,0.1893642246723175,0.010554417967796326,0.031701862812042236,0.7860046625137329,1.036557912826538,0.8395284414291382,0.6237447261810303,0.09166767448186874,0.19434285163879395,0.010649081319570541,0.011469199322164059,4.132869243621826,-7.0136213302612305,0.19525720140606517,0.06363386753175636,0.5932694759289199,-0.16356397991368923,0.24607880130187548,0.32892667880310555
4877,4,0.5753010511398315,-0.20756234228610992,0.5694807171821594,-0.21110258996486664,0.6493034958839417,-0.6525141596794128,0.7033672332763672,-0.563136637210846,0.10966458916664124,0.2150215059518814,0.010486944578588009,0.028917277231812477,0.784684956073761,1.0368317365646362,0.8411292433738708,0.6219683289527893,0.0842246264219284,0.21144676208496094,0.010485413484275341,0.0102726174518466,4.335684776306152,-12.121030807495117,0.22426378242062478,0.05767230732291298,0.595069097835587,-0.15951147989944908,0.1336332888324772,0.45873089960370345
4878,4,0.5814321041107178,-0.2140844166278839,0.576034665107727,-0.21623051166534424,0.6004043221473694,-0.6163618564605713,0.6356829404830933,-0.45491939783096313,0.09898729622364044,0.21599484980106354,0.010427819564938545,0.02651198022067547,0.7834175229072571,1.0373854637145996,0.842803955078125,0.6205228567123413,0.07561413198709488,0.2199801355600357,0.010608918964862823,0.009840808808803558,6.904616355895996,-10.37492561340332,0.21637797092443822,0.039482712918645746,0.5964054307239117,-0.1549241709034112,0.1336332888324772,0.45873089960370345
4879,4,0.5879178643226624,-0.21911020576953888,0.5825579762458801,-0.21990451216697693,0.6639186143875122,-0.4209213852882385,0.6502844095230103,-0.31496497988700867,0.08968150615692139,0.2300696074962616,0.010375886224210262,0.024424979463219643,0.7820690274238586,1.0378023386001587,0.84440678358078,0.6194634437561035,0.068477563560009,0.22764921188354492,0.010396965779364109,0.009163452312350273,5.110480785369873,-12.966936111450195,0.23577764032539955,0.03649001393417485,0.5972148685281453,-0.14967904155402995,0.02566032698489561,0.593533470473539
4880,4,0.5940795540809631,-0.22303158044815063,0.5887308716773987,-0.22288556396961212,0.5938825607299805,-0.3401891887187958,0.6062174439430237,-0.26578107476234436,0.07877716422080994,0.2300354689359665,0.010330317541956902,0.02261325530707836,0.7810266613960266,1.0382152795791626,0.8458277583122253,0.6187871098518372,0.061307720839977264,0.22981303930282593,0.010044753551483154,0.008980116806924343,1.908097267150879,-9.758890151977539,0.22989114732073596,0.01469562836346934,0.5974714717979945,-0.1437437068492942,0.02566032698489561,0.593533470473539
4881,4,0.5994465947151184,-0.22536741197109222,0.5945903658866882,-0.2251950353384018,0.4795306324958801,-0.13416427373886108,0.5582329630851746,-0.20332913100719452,0.06935188919305801,0.23730801045894623,0.010290189646184444,0.02103254944086075,0.7802944183349609,1.0383504629135132,0.8470588326454163,0.6186168193817139,0.05413716286420822,0.2308085709810257,0.00997708085924387,0.008647673763334751,6.289539337158203,-13.749265670776367,0.2402948705443738,0.012652664145524808,0.5973265059047701,-0.13726596136421812,-0.07784008424065775,0.7333343914125989
4882,4,0.6042124032974243,-0.226141557097435,0.5998217463493347,-0.22679045796394348,0.47160613536834717,-0.023864107206463814,0.4930998682975769,-0.11229787766933441,0.062110867351293564,0.23601782321929932,0.010254994966089725,0.01965760439634323,0.7793989777565002,1.0382740497589111,0.8483583927154541,0.6188758015632629,0.04753441736102104,0.2284296452999115,0.010052958503365517,0.008658843114972115,8.54043960571289,-10.091252326965332,0.23063818006193793,0.01745660063446068,0.5965481050623633,-0.12993261745009252,-0.07784008424065775,0.7333343914125989
4883,4,0.6092712879180908,-0.2251720130443573,0.6047157049179077,-0.2269338071346283,0.5098358988761902,0.17618460953235626,0.46942055225372314,0.05793870985507965,0.05496048182249069,0.2354774922132492,0.01022406667470932,0.018457936123013496,0.7788125872612,1.0380749702453613,0.8490878939628601,0.6193426251411438,0.04447118192911148,0.22634732723236084,0.008941443637013435,0.008191479369997978,-3.8974225521087646,-11.634847640991211,0.23322132793878625,0.006811921919149366,0.5954845158766563,-0.12218226902876798,-0.1768679448443415,0.8781336624208899
4884,4,0.6117588877677917,-0.22370220720767975,0.6080772876739502,-0.22624734044075012,0.10311149060726166,0.18380339443683624,0.2706488072872162,0.14560246467590332,0.04887066036462784,0.23269090056419373,0.012578349560499191,0.017407823354005814,0.7790454626083374,1.0376836061477661,0.8493185043334961,0.6201516389846802,0.03988468647003174,0.22149667143821716,0.010851094499230385,0.008244117721915245,5.054388046264648,-12.25054931640625,0.2210730271830227,-0.0128887797750451,0.5937158364282126,-0.11340093240455851,-0.1768679448443415,0.8781336624208832
4885,4,0.6131520867347717,-0.22083978354930878,0.6105374097824097,-0.22322118282318115,0.12047344446182251,0.33812829852104187,0.18486051261425018,0.39403367042541504,0.04753036051988602,0.23607084155082703,0.012263812124729156,0.016492996364831924,0.7791966795921326,1.036912441253662,0.8493330478668213,0.621169924736023,0.0392061248421669,0.21945376694202423,0.010002709925174713,0.007998304441571236,-0.21741390228271484,-12.190467834472656,0.23750375834947207,0.03885202795120872,0.5917694043549987,-0.10433799424643271,-0.27142325482615565,1.0279312834984118
4886,4,0.6129273176193237,-0.21730731427669525,0.6111469864845276,-0.218849316239357,-0.11852237582206726,0.3892245292663574,-0.028707006946206093,0.49141260981559753,0.04486880451440811,0.23523080348968506,0.011987716890871525,0.01569254696369171,0.7797771096229553,1.035743236541748,0.8491877317428589,0.6227068901062012,0.037448491901159286,0.21422743797302246,0.009810088202357292,0.008516743779182434,5.61833381652832,-7.2519731521606445,0.23172442313282912,0.02755093354398081,0.5890551718067372,-0.09405868141144665,-0.2714232548261028,1.0279312834984118
4887,4,0.6122233867645264,-0.211591899394989,0.6105304956436157,-0.2126898169517517,-0.08499885350465775,0.6760405898094177,-0.13938191533088684,0.6738081574440002,0.05567699298262596,0.23893357813358307,0.011745449155569077,0.014992148615419865,0.779073178768158,1.0338692665100098,0.8491147756576538,0.625088095664978,0.043464839458465576,0.20790092647075653,0.009757880121469498,0.009158356115221977,9.53463363647461,-3.63120436668396,0.24049936231798605,0.057729542898601494,0.5862616772509911,-0.08364316671596325,-0.3542084475940293,1.1701872978806314
4888,4,0.6120123267173767,-0.20291036367416382,0.6088184118270874,-0.20489607751369476,-0.006242640316486359,0.9935599565505981,-0.2145610749721527,0.8473467230796814,0.054399918764829636,0.23382270336151123,0.011532985605299473,0.014379434287548065,0.7790533900260925,1.0315076112747192,0.8489815592765808,0.6280056238174438,0.04455995559692383,0.20170918107032776,0.009485888294875622,0.009270508773624897,8.327693939208984,-7.2997307777404785,0.2124961886705291,0.046287220583757636,0.5826466171091315,-0.07181589416951073,-0.36150601418594164,1.1827272546451713
4889,4,0.6115047931671143,-0.19258294999599457,0.6063709855079651,-0.19574211537837982,-0.07169506698846817,1.0897871255874634,-0.2319171279668808,1.0095728635787964,0.050685614347457886,0.22236473858356476,0.011346029117703438,0.013841425068676472,0.7795949578285217,1.0290429592132568,0.8488666415214539,0.6313359141349792,0.04224059730768204,0.19106519222259521,0.009385812096297741,0.009892023168504238,9.476863861083984,-5.511529445648193,0.17401819215162867,0.02700617302110988,0.5790315569672718,-0.05998862162305822,-0.3994142097182454,1.253484170939404
4890,4,0.6109299659729004,-0.18060874938964844,0.6046711802482605,-0.18422619998455048,-0.05408255010843277,1.276347279548645,-0.12552136182785034,1.2601014375686646,0.04766825959086418,0.21229980885982513,0.011182386428117752,0.013371427543461323,0.7802957892417908,1.0263699293136597,0.8485909104347229,0.6350181698799133,0.0403951071202755,0.18050135672092438,0.008937373757362366,0.009716944769024849,6.236939430236816,-8.06098461151123,0.16866133892323412,0.02817866438265912,0.5745706782465906,-0.046582600377506236,-0.447116222923858,1.3425215758611548
4891,4,0.609644889831543,-0.16774314641952515,0.6033138036727905,-0.17093801498413086,-0.1683950424194336,1.3193637132644653,-0.13137266039848328,1.4066270589828491,0.043574996292591095,0.2001655101776123,0.011038470081984997,0.012958758510649204,0.7814330458641052,1.0235650539398193,0.8481035828590393,0.6387696862220764,0.037952713668346405,0.17008602619171143,0.008606047369539738,0.009683182463049889,6.126830577850342,-10.617319107055664,0.14652837342900452,0.016927507781493163,0.5700995160173519,-0.03315738461889377,-0.44711622292391084,1.3425215758611548
4892,4,0.6074965000152588,-0.15459448099136353,0.6017569899559021,-0.15631547570228577,-0.2414405196905136,1.322788953781128,-0.17194877564907074,1.5129518508911133,0.04117236286401749,0.19057020545005798,0.010912220925092697,0.012597281485795975,0.7827580571174622,1.0205705165863037,0.8474035859107971,0.6426995992660522,0.0363406166434288,0.1592494249343872,0.008138860575854778,0.009953505359590054,3.17751407623291,-6.582361221313477,0.14711129853451127,0.02536648356274661,0.5649078611303084,-0.018268829734183978,-0.5282538810399047,1.5073142471463747
4893,4,0.6044572591781616,-0.14066219329833984,0.5997146964073181,-0.14071767032146454,-0.3551175892353058,1.443677306175232,-0.24230945110321045,1.5881950855255127,0.03958723694086075,0.18395619094371796,0.010801369324326515,0.01228029653429985,0.784730076789856,1.0172032117843628,0.8459861874580383,0.646774172782898,0.03740260750055313,0.1509661078453064,0.006944187916815281,0.009984256699681282,-6.502094268798828,-6.7389655113220215,0.153474442418191,0.029097583611272508,0.5596253223199097,-0.0031956872627191997,-0.5282538810398518,1.5073142471463747
4894,4,0.5983864068984985,-0.12634357810020447,0.595835268497467,-0.12535957992076874,-0.7648124098777771,1.4659732580184937,-0.48083221912384033,1.5258874893188477,0.039567939937114716,0.1767936646938324,0.0107040386646986,0.012002288363873959,0.7879241108894348,1.0136429071426392,0.8436615467071533,0.6507595777511597,0.03965865075588226,0.1454487442970276,0.005881286226212978,0.009683182463049889,-6.87312126159668,-13.119297981262207,0.1432793464735385,0.039439952670192104,0.5537386716714797,0.013167383123319446,-0.6049189885339232,1.671013178378493
4895,4,0.5887603759765625,-0.1124880462884903,0.5895159244537354,-0.11063146591186523,-1.1037886142730713,1.3552414178848267,-0.7440146207809448,1.4536281824111938,0.08919882029294968,0.17175276577472687,0.010618569329380989,0.011758401058614254,0.7876079678535461,1.0101149082183838,0.8405265212059021,0.6545012593269348,0.07691057026386261,0.1415313184261322,0.004942326806485653,0.009464437142014503,-7.3117876052856445,-14.121922492980957,0.1478424087284973,0.09992356205296303,0.5476894817861404,0.029877514907105517,-0.6049189885339232,1.6710131783784947
4896,4,0.5765165090560913,-0.09937361627817154,0.5801202654838562,-0.09650116413831711,-1.299340844154358,1.2823210954666138,-1.1341042518615723,1.376162052154541,0.14137011766433716,0.17435963451862335,0.010543521493673325,0.011544437147676945,0.7874491214752197,1.0063297748565674,0.8367626667022705,0.6581449508666992,0.12227824330329895,0.14047227799892426,0.004216186236590147,0.009497124701738358,-11.993884086608887,-10.173551559448242,0.17526402518832176,0.1559779873425418,0.5411436157812993,0.047538699481011915,-0.6771115454060722,1.8092500090681671
4897,4,0.5624315142631531,-0.08643469214439392,0.5665414333343506,-0.08327483385801315,-1.4923052787780762,1.3033835887908936,-1.5450613498687744,1.2754523754119873,0.18196098506450653,0.19285379350185394,0.01047754567116499,0.011356485076248646,0.7884970903396606,1.0015591382980347,0.8327444195747375,0.6618717908859253,0.16338863968849182,0.1474725306034088,0.004187696613371372,0.009560479782521725,-7.181954383850098,-10.561903953552246,0.1994583100287793,0.1954134445829785,0.5343725003272385,0.06563119957169482,-0.6771115454060722,1.8092500090681671
4898,4,0.5477325320243835,-0.07313507050275803,0.5497782230377197,-0.07063868641853333,-1.4674155712127686,1.3337063789367676,-1.796032428741455,1.2393646240234375,0.2221059650182724,0.20623162388801575,0.010419584810733795,0.011191478930413723,0.7900441288948059,0.9964538216590881,0.8288276195526123,0.665569543838501,0.2007528841495514,0.1572086662054062,0.0043026781640946865,0.009526754729449749,-6.058051586151123,-10.973657608032227,0.21127636361948546,0.2374849311520151,0.5272031993709616,0.08435098077099266,-0.7448315516562987,1.9159326490930595
4899,4,0.5334388017654419,-0.05984637513756752,0.5308219194412231,-0.058425020426511765,-1.3973406553268433,1.3232625722885132,-1.9453595876693726,1.2086509466171265,0.24034374952316284,0.21766795217990875,0.01036856323480606,0.011046306230127811,0.7924807667732239,0.9914073944091797,0.8250969648361206,0.6692728400230408,0.22727486491203308,0.165951207280159,0.0044098892249166965,0.009598301723599434,-5.3459930419921875,-10.282176971435547,0.22198026235148538,0.24769325549823434,0.5197548838543996,0.10351030726192234,-0.7448315516562987,1.915932649093066
4900,4,0.5197528004646301,-0.04649507999420166,0.5126846432685852,-0.046304065734148026,-1.354673981666565,1.3401511907577515,-1.6637643575668335,1.2126481533050537,0.2469479739665985,0.2332497537136078,0.010323850437998772,0.010919153690338135,0.7960480451583862,0.9863145351409912,0.8213502764701843,0.6728728413581848,0.24322716891765594,0.17671111226081848,0.004263356328010559,0.00943890493363142,-9.282827377319336,-11.893499374389648,0.23967898375106167,0.24982675015947903,0.5119979283516625,0.12303625156129333,-0.8080790072846027,1.9910610984531982
4901,4,0.5057047009468079,-0.0336066372692585,0.4972977042198181,-0.03438007831573486,-1.4027526378631592,1.271999716758728,-1.4263581037521362,1.2077367305755615,0.2520582377910614,0.24778293073177338,0.010284563526511192,0.010807480663061142,0.8002287745475769,0.9812990427017212,0.8176928758621216,0.6762752532958984,0.25189411640167236,0.18869683146476746,0.00439119478687644,0.009230734780430794,-8.982306480407715,-14.512638092041016,0.2540531615138112,0.2543204583226525,0.5039171382788165,0.1429468625458266,-0.8080790072846027,1.9910610984531851
4902,4,0.4919307827949524,-0.02140020951628685,0.4837409257888794,-0.022133054211735725,-1.3378264904022217,1.1872117519378662,-1.2960799932479858,1.2480400800704956,0.2663081884384155,0.2716600000858307,0.01025004405528307,0.010709396563470364,0.8038343191146851,0.9759528636932373,0.8145951628684998,0.6800758242607117,0.25831976532936096,0.19805113971233368,0.005064894910901785,0.01019046176224947,-5.536010265350342,-3.29264760017395,0.2825910083858145,0.27280886865309767,0.4956083086345943,0.1630265364199526,-0.8668539122909842,2.0346353571485243
4903,4,0.4804256856441498,-0.007316572591662407,0.4723558723926544,-0.008516913279891014,-1.0618915557861328,1.5140315294265747,-1.0678753852844238,1.384543538093567,0.2710018754005432,0.30120351910591125,0.010219701565802097,0.010623210109770298,0.8070134520530701,0.969826340675354,0.8118271231651306,0.6844570636749268,0.2638706862926483,0.20991739630699158,0.005287589505314827,0.010660411790013313,-8.184843063354492,-4.154567718505859,0.31568451673613407,0.2731808843261808,0.48693976951168344,0.18337288999144177,-0.8668539122909842,2.0346353571485243
4904,4,0.4701133072376251,0.008501487784087658,0.4621155858039856,0.00552683649584651,-0.983340859413147,1.654046893119812,-0.9705263376235962,1.4583523273468018,0.26414430141448975,0.2974490225315094,0.010193102061748505,0.010547677986323833,0.8104410767555237,0.9639517664909363,0.8094360828399658,0.6891132593154907,0.2608969509601593,0.21533554792404175,0.00577287282794714,0.010857283137738705,-4.97737979888916,-9.127030372619629,0.2834776247608378,0.23710477488364534,0.47811484613095173,0.20375385991500455,-0.9211562666754433,2.046655425179096
4905,4,0.4611849784851074,0.025115514174103737,0.45305898785591125,0.020957093685865402,-0.8016441464424133,1.682674527168274,-0.8282387852668762,1.6375346183776855,0.2567787170410156,0.29293113946914673,0.01016966626048088,0.0104811517521739,0.813721239566803,0.9585234522819519,0.8076694011688232,0.6939318776130676,0.2505515217781067,0.21431228518486023,0.006425673607736826,0.01111537590622902,-2.789846658706665,-9.742356300354004,0.276086686486591,0.22749960143176956,0.4689032834641974,0.22422041416679703,-0.9211562666754433,2.046655425179109
4906,4,0.4544695317745209,0.04221145808696747,0.4459155201911926,0.0382760725915432,-0.5734625458717346,1.7275114059448242,-0.6176173686981201,1.7952446937561035,0.2454385906457901,0.2910151481628418,0.010149096138775349,0.01042277179658413,0.8164888620376587,0.9530872702598572,0.8066672682762146,0.6989964842796326,0.23473641276359558,0.21041466295719147,0.007311751134693623,0.011491989716887474,1.8931126594543457,-8.754048347473145,0.2838148481434547,0.19945953993200194,0.45959804675193267,0.24465024661447587,-0.9709860704379535,2.0271213025449013
4907,4,0.4506206214427948,0.06013525277376175,0.4413592517375946,0.057021062821149826,-0.259201318025589,1.820847749710083,-0.3314472436904907,1.9097157716751099,0.22871719300746918,0.29035964608192444,0.01013101078569889,0.010371449403464794,0.8187597990036011,0.9473339915275574,0.8062586188316345,0.7044550180435181,0.2164945900440216,0.2043287456035614,0.00771459611132741,0.01221796777099371,-2.6247060298919678,-2.1623754501342773,0.28789405458319967,0.1591518449442771,0.44988818604755426,0.26492145963992386,-0.9709860704379535,2.027121302544888
4908,4,0.44872769713401794,0.07958239316940308,0.43933433294296265,0.07654234021902084,-0.130592942237854,2.033372640609741,-0.10684308409690857,1.9829344749450684,0.20454813539981842,0.2888142764568329,0.010115107521414757,0.010326331481337547,0.82099449634552,0.9410207867622375,0.8061684966087341,0.7105194926261902,0.19513341784477234,0.1965228021144867,0.007986176759004593,0.012921412475407124,-2.9706454277038574,-0.5176126956939697,0.28299878590403843,0.10000129805247698,0.4401384164087297,0.2851477210864055,-1.0126689515058789,1.9801716321007776
4909,4,0.4479648470878601,0.10106506198644638,0.4390830993652344,0.09700874239206314,-0.036396801471710205,2.2344560623168945,0.032122187316417694,2.1097676753997803,0.17923669517040253,0.2820282280445099,0.010101147927343845,0.010286728851497173,0.8234617710113525,0.9343153834342957,0.8059876561164856,0.7168054580688477,0.1742507368326187,0.19017091393470764,0.007618812844157219,0.013052243739366531,-8.599264144897461,-4.108572006225586,0.2562529444189173,0.06379396955107763,0.429974983172944,0.3049080509788661,-1.0163433235785675,1.9760329892458999
4910,4,0.44660598039627075,0.12315922975540161,0.439045250415802,0.11837638169527054,-0.17190837860107422,2.2355000972747803,-0.004978962242603302,2.206468343734741,0.15360398590564728,0.27071812748908997,0.01008887030184269,0.01025190856307745,0.8264055848121643,0.9274902939796448,0.805621325969696,0.7233234643936157,0.15227991342544556,0.18106555938720703,0.007388200145214796,0.013571473769843578,-9.246957778930664,-1.8090271949768066,0.22711781969137618,0.030300316113886377,0.41981154993715836,0.3246683808713266,-1.0344470675152253,1.9394388932179674
4911,4,0.4445687532424927,0.146263986825943,0.4389067590236664,0.1413860321044922,-0.24545660614967346,2.3657588958740234,-0.04085512459278107,2.3684887886047363,0.13355621695518494,0.26150164008140564,0.01007811538875103,0.010221405886113644,0.8295359015464783,0.9203990697860718,0.8049845695495605,0.7300714254379272,0.13315200805664062,0.17192208766937256,0.007035483606159687,0.013797563500702381,-8.177217483520508,-3.5839593410491943,0.2250696023303655,0.03146281170238311,0.4092441807515622,0.34361221275165504,-1.0572280260972593,1.8933904852821848
4912,4,0.4415481388568878,0.17008563876152039,0.4379049241542816,0.16554445028305054,-0.3599357604980469,2.39976167678833,-0.1603354811668396,2.4554555416107178,0.11624734103679657,0.2495409995317459,0.010068642906844616,0.01019454374909401,0.832603394985199,0.9129637479782104,0.8043287396430969,0.7372192144393921,0.11522211134433746,0.16005608439445496,0.007150945719331503,0.014559315517544746,-2.7765917778015137,1.653892993927002,0.201514720720613,0.024507002565246093,0.3986719004905897,0.3625461176044781,-1.0572280260972593,1.8933904852821848
4913,4,0.43865513801574707,0.19560271501541138,0.43631190061569214,0.19117891788482666,-0.2975362539291382,2.6143829822540283,-0.21706455945968628,2.6014904975891113,0.10219224542379379,0.23764678835868835,0.010060315020382404,0.010170935653150082,0.8354025483131409,0.9049431681632996,0.8035703301429749,0.7449631690979004,0.10132090747356415,0.1462034434080124,0.006869992706924677,0.015474902465939522,-5.297873020172119,8.543734550476074,0.18881831017129236,0.024853435813498928,0.38777628469460607,0.38046596952632017,-1.0936401779940284,1.7791937906536368
4914,4,0.43530359864234924,0.22335906326770782,0.4336300790309906,0.21802020072937012,-0.38941141963005066,2.8803679943084717,-0.3324015140533447,2.748155117034912,0.08843367546796799,0.21997207403182983,0.010053000412881374,0.010150196962058544,0.8383544087409973,0.8962578773498535,0.8026009202003479,0.7532912492752075,0.088826023042202,0.13141025602817535,0.00674976222217083,0.016133954748511314,-1.7164158821105957,7.529942989349365,0.14522794150507962,-0.001829597151457668,0.37683988291466597,0.39825790743285777,-1.093640177994002,1.7791937906536368
4915,4,0.43130263686180115,0.25314441323280334,0.42969974875450134,0.2466687262058258,-0.42006200551986694,3.0511233806610107,-0.4533199667930603,2.9657678604125977,0.07704825699329376,0.19539617002010345,0.010046572424471378,0.01013198122382164,0.8417618274688721,0.8875213861465454,0.800951361656189,0.7613949179649353,0.08079463243484497,0.1194787323474884,0.005578149575740099,0.015636736527085304,-10.08738899230957,-1.2672615051269531,0.08693521572045976,-0.005114443506898332,0.36565180091327015,0.41490134587089567,-1.1255797792688487,1.6334429053603086
4916,4,0.42444342374801636,0.2819814682006836,0.4233103394508362,0.27590057253837585,-0.8174149990081787,2.842068910598755,-0.7105173468589783,2.9579265117645264,0.06754396110773087,0.16760021448135376,0.015721166506409645,0.010115975514054298,0.8461828827857971,0.8794124722480774,0.7981148958206177,0.7690536975860596,0.07412704825401306,0.10617279261350632,0.008456902578473091,0.015247346833348274,-12.322532653808594,-4.4443535804748535,0.037981893178430315,-0.016564660322531136,0.3543960031205816,0.4312357749245,-1.1255797792688487,1.633442905360335
4917,4,0.41439148783683777,0.30942821502685547,0.4151504337787628,0.30523231625556946,-1.1441644430160522,2.685589551925659,-0.894262969493866,2.9189460277557373,0.06262049078941345,0.1469191610813141,0.015017025172710419,0.010101905092597008,0.8510587811470032,0.8715880513191223,0.7950617671012878,0.7764899134635925,0.06933362036943436,0.09226392209529877,0.007777142804116011,0.015301546081900597,-7.426795959472656,-1.8222033977508545,0.04527579035729101,0.032237335556032407,0.3429512353187479,0.4463965424843052,-1.1530468299217729,1.4628495935163697
4918,4,0.40265530347824097,0.33638429641723633,0.40532466769218445,0.33449679613113403,-1.2384109497070312,2.6571080684661865,-1.1203429698944092,2.8831708431243896,0.07426562160253525,0.13045203685760498,0.014400094747543335,0.010089531540870667,0.854734480381012,0.8638125658035278,0.791469156742096,0.7834717035293579,0.07955647259950638,0.08244617283344269,0.00647363718599081,0.014774187467992306,-9.061458587646484,-3.6895954608917236,0.04614312884409344,0.0766332729647894,0.3314207670195303,0.46102503841947,-1.1530468299217465,1.4628495935163697
4919,4,0.3889625668525696,0.3617570698261261,0.3920474350452423,0.3622508645057678,-1.458336353302002,2.4531056880950928,-1.4813430309295654,2.690566301345825,0.08651412278413773,0.11404047906398773,0.013860365375876427,0.0100786704570055,0.8584498167037964,0.8565302491188049,0.7874072790145874,0.7899199724197388,0.09327387064695358,0.07366188615560532,0.005739073734730482,0.014341579750180244,-6.865019798278809,-5.333926677703857,0.026543177189546407,0.08925326709791415,0.31975509382223255,0.47466225315573196,-1.1760413299527748,1.2942609115783388
4920,4,0.373943567276001,0.3853408992290497,0.37591469287872314,0.38796624541282654,-1.54345703125,2.276677370071411,-1.7202951908111572,2.4378881454467773,0.11665453761816025,0.10191074013710022,0.013388095423579216,0.010069137439131737,0.8610105514526367,0.8497297763824463,0.783065140247345,0.7957862019538879,0.12030238658189774,0.06667625904083252,0.0050915987230837345,0.013798616826534271,-6.063849925994873,-7.228689193725586,0.034800161507910765,0.12448736656284701,0.30799468052270357,0.4876048622715178,-1.1760413299527748,1.2942609115783388
4921,4,0.35819336771965027,0.4069122076034546,0.35771694779396057,0.41054320335388184,-1.5870994329452515,2.050272226333618,-1.8941333293914795,2.097499370574951,0.1364838182926178,0.09273504465818405,0.012973551638424397,0.01006074994802475,0.8639035224914551,0.8433417081832886,0.7787591218948364,0.8011552691459656,0.1432451456785202,0.06106148660182953,0.00497493427246809,0.013440183363854885,-3.4946954250335693,-4.436655044555664,0.04071018180680286,0.14203587733379217,0.2961438823349185,0.4997673138261404,-1.1945632793618277,1.1343886236603582
4922,4,0.3429248034954071,0.4268818497657776,0.33904802799224854,0.4301988482475281,-1.5102287530899048,1.9134933948516846,-1.8262395858764648,1.8291659355163574,0.15057486295700073,0.08735231310129166,0.012609776109457016,0.010053372010588646,0.8673585653305054,0.8373643755912781,0.7745315432548523,0.8058473467826843,0.1609240621328354,0.05886589363217354,0.004739942494779825,0.01261206530034542,-2.8672432899475098,-7.369344234466553,0.05630008894105609,0.1547114687499777,0.2841982495413002,0.5111112000627446,-1.1945632793618277,1.1343886236603318
4923,4,0.32783186435699463,0.4443182051181793,0.3217014968395233,0.44682174921035767,-1.4927383661270142,1.6118183135986328,-1.6369125843048096,1.5365633964538574,0.15019582211971283,0.08339959383010864,0.012291043065488338,0.01004689559340477,0.871780276298523,0.8320820927619934,0.7706462740898132,0.8099103569984436,0.16471657156944275,0.05759257823228836,0.0051014903001487255,0.011963099241256714,-0.16073107719421387,-5.124297142028809,0.060292203785430265,0.14830317573902013,0.27219810676800327,0.5218686195878885,-1.2086126781489581,0.983232729762349
4924,4,0.3139757513999939,0.45955219864845276,0.30686959624290466,0.4611784517765045,-1.3188916444778442,1.4166820049285889,-1.3788130283355713,1.324737787246704,0.15030437707901,0.09040218591690063,0.012011904269456863,0.010041212663054466,0.8762742280960083,0.8269261121749878,0.7671381831169128,0.8132023215293884,0.1642850637435913,0.0629027709364891,0.005119296722114086,0.011178421787917614,-1.0539424419403076,-7.2521867752075195,0.09208306469917793,0.15033884472102535,0.260111979986515,0.531700946885512,-1.2086126781489845,0.983232729762349
4925,4,0.30119624733924866,0.4719673693180084,0.293867826461792,0.4729714095592499,-1.220535397529602,1.1022099256515503,-1.2176262140274048,1.0661895275115967,0.1463349163532257,0.1072525754570961,0.011766541749238968,0.010036212392151356,0.8807839751243591,0.8220630288124084,0.7638193964958191,0.8154095411300659,0.1613287329673767,0.07750019431114197,0.005083685740828514,0.009801897220313549,-2.8291308879852295,-13.40355110168457,0.11136117857248717,0.12642709891263823,0.24799827303268154,0.5411230655333379,-1.2181895263142055,0.8407932298844696
4926,4,0.2890470325946808,0.4802757799625397,0.282053679227829,0.48191577196121216,-1.1678780317306519,0.6499378681182861,-1.1171852350234985,0.7794293165206909,0.14061205089092255,0.14221727848052979,0.011551372706890106,0.01003182027488947,0.8852622509002686,0.8173258304595947,0.7608198523521423,0.8166980743408203,0.15480521321296692,0.1019248366355896,0.005243020597845316,0.009052404202520847,-3.5760843753814697,-11.032423973083496,0.15206878629290546,0.11156128207421427,0.23581637776953956,0.5495309978321831,-1.2181895263142055,0.8407932298844696
4927,4,0.278045117855072,0.4855177104473114,0.27170243859291077,0.4883294403553009,-1.0493109226226807,0.41401323676109314,-0.9771128296852112,0.49780720472335815,0.13436885178089142,0.20120440423488617,0.011362394317984581,0.010027959942817688,0.889237105846405,0.8119857311248779,0.7585588097572327,0.8176687955856323,0.1438877284526825,0.1363237202167511,0.006135257892310619,0.008976045064628124,4.739713668823242,-6.473672389984131,0.22115410681501285,0.10226968232363068,0.2236248870401465,0.5576875467548501,-1.223293823857491,0.707070124026588
4928,4,0.269948273897171,0.4900291860103607,0.26350781321525574,0.4924532473087311,-0.6851935982704163,0.423584520816803,-0.7379112243652344,0.28430163860321045,0.12575282156467438,0.2444535195827484,0.011196495965123177,0.010024567134678364,0.89238041639328,0.8071386218070984,0.7571446895599365,0.8185158967971802,0.13127347826957703,0.16876080632209778,0.006852953694760799,0.008954673074185848,7.915811538696289,-6.16154670715332,0.26178515378053935,0.08068950557842947,0.21139194880157008,0.5647582479951174,-1.223293823857491,0.707070124026588
4929,4,0.2647797167301178,0.49418649077415466,0.25743263959884644,0.49413031339645386,-0.39833271503448486,0.4040675759315491,-0.4969905614852905,0.061883822083473206,0.1086663007736206,0.2599654793739319,0.011050992645323277,0.010021589696407318,0.8954399824142456,0.8036726117134094,0.7561388611793518,0.8192127346992493,0.11567331850528717,0.1912972331047058,0.006905080284923315,0.00875941663980484,1.9339513778686523,-7.2656097412109375,0.26688172619211353,0.016382810257519642,0.1991584547015898,0.5717189583447878,-1.2238743932254685,0.5921901535381006
4930,4,0.2607605755329132,0.4975056052207947,0.25319400429725647,0.4937535524368286,-0.35994020104408264,0.2989386320114136,-0.33149096369743347,-0.03776474669575691,0.09373098611831665,0.2701820731163025,0.03812084719538689,0.01001896895468235,0.8985348343849182,0.8013791441917419,0.7538835406303406,0.819642961025238,0.09946803003549576,0.20771923661231995,0.024535702541470528,0.008299816399812698,-1.1336159706115723,-9.917730331420898,0.27480298867494024,-0.04234492966406742,0.18691919899380105,0.5775395924666759,-1.2239255707788805,0.582063412188757
4931,4,0.25682908296585083,0.49946004152297974,0.25023728609085083,0.4937511384487152,-0.3973568379878998,0.14266768097877502,-0.2532983720302582,0.058835916221141815,0.08145392686128616,0.2884353995323181,0.061669111251831055,0.01001666858792305,0.9012969732284546,0.7996392250061035,0.7519418597221375,0.8197392821311951,0.08509883284568787,0.2240360677242279,0.04067350924015045,0.007935656234622002,4.191827774047852,-14.048154830932617,0.2972924620408119,-0.06626564842873406,0.1746799432860123,0.5833602265885639,-1.2221639080016642,0.530570066110839
4932,4,0.2534930109977722,0.5000945329666138,0.24811692535877228,0.4947056174278259,-0.3015751540660858,0.003427510615438223,-0.18806354701519012,0.1024685874581337,0.07120919972658157,0.31477826833724976,0.07616084069013596,0.010014642030000687,0.9039198160171509,0.7980889081954956,0.7501896619796753,0.8194036483764648,0.07601425051689148,0.24541233479976654,0.04900908097624779,0.0075674201361835,-5.162067413330078,-13.293197631835938,0.3279390692889716,-0.07907704748709168,0.16247999430558743,0.5880319263392185,-1.2199471087084592,0.46577309437097664
4933,4,0.24881517887115479,0.499218225479126,0.24560324847698212,0.4949021339416504,-0.5550174117088318,-0.11722652614116669,-0.27165746688842773,-0.014761649072170258,0.06262744218111038,0.34329649806022644,0.10623400658369064,0.010012863203883171,0.90696120262146,0.7965735793113708,0.7475027441978455,0.8192307949066162,0.06814949214458466,0.26348012685775757,0.0659208595752716,0.008063002489507198,-5.270644187927246,-7.108910083770752,0.3587234763299503,-0.11323534806896104,0.15028052321850285,0.5926896572829286,-1.2199471087084592,0.46577309437097664
4934,4,0.24257037043571472,0.4992075264453888,0.2428055852651596,0.49490270018577576,-0.7201774716377258,0.0650535449385643,-0.3190801739692688,-0.00782153569161892,0.05540183186531067,0.3712814748287201,0.10411527007818222,0.010011306032538414,0.9105274677276611,0.7948377132415771,0.7453216314315796,0.8192104697227478,0.06203440576791763,0.2819303572177887,0.06490669399499893,0.007980112917721272,-1.9530653953552246,-13.749093055725098,0.38792265004729387,-0.09231303490671587,0.13816220805793425,0.5963921447051074,-1.2108078041667532,0.35819917057324685
4935,4,0.23452432453632355,0.49954575300216675,0.23817771673202515,0.4946715533733368,-0.8550326824188232,0.027867654338479042,-0.6188402771949768,-0.014453273266553879,0.04925503209233284,0.37093016505241394,0.10070045292377472,0.010009934194386005,0.9143264889717102,0.7936363816261292,0.7431784868240356,0.8192362785339355,0.05543909966945648,0.2935182452201843,0.06263463199138641,0.008142907172441483,1.3884949684143066,-14.0379638671875,0.36978135306358273,-0.0815958899382256,0.12605413001626672,0.59997413641084,-1.2108078041667598,0.35819917057324685
4936,4,0.2261935919523239,0.5000755786895752,0.2303953468799591,0.49488338828086853,-0.8393322229385376,0.06378482282161713,-0.9135527610778809,0.03795856609940529,0.04401472955942154,0.37804967164993286,0.09633568674325943,0.010008729994297028,0.9181477427482605,0.7927495241165161,0.740937352180481,0.8196285963058472,0.050573404878377914,0.29609087109565735,0.05861414968967438,0.008781775832176208,-3.102908134460449,-6.585431098937988,0.3823534238248568,-0.07167342634911658,0.11405982014674375,0.602777142656703,-1.1963699987838148,0.25934164079551475
4937,4,0.2170809656381607,0.501987874507904,0.220215305685997,0.49581190943717957,-0.9833563566207886,0.27258947491645813,-1.1101092100143433,0.13861443102359772,0.03953085094690323,0.38123810291290283,0.09446106106042862,0.010007672011852264,0.9224870800971985,0.7917664647102356,0.7380967736244202,0.8200910091400146,0.046978455036878586,0.2996850311756134,0.05519229546189308,0.008410264737904072,-1.5228760242462158,-16.557392120361328,0.3831989296009814,-0.0837763795147036,0.10209612015890618,0.6053705590646583,-1.1963699987838148,0.25934164079551475
4938,4,0.20603883266448975,0.503688395023346,0.20769795775413513,0.4971977174282074,-1.1735525131225586,0.14029216766357422,-1.3295471668243408,0.17105473577976227,0.03568146005272865,0.3748435974121094,0.09085502475500107,0.010006742551922798,0.927249550819397,0.7910706400871277,0.7348623275756836,0.8206180334091187,0.04375365376472473,0.2986173629760742,0.05152040719985962,0.008860060945153236,-4.375021457672119,-10.981745719909668,0.35410727140908016,-0.07013959521854987,0.09026820358716096,0.607343815286365,-1.1766336925598029,0.16920050503783327
4939,4,0.19350466132164001,0.5058999061584473,0.19402894377708435,0.49946916103363037,-1.3381567001342773,0.27100229263305664,-1.4098342657089233,0.26107707619667053,0.032366953790187836,0.37558338046073914,0.08422726392745972,0.010005926713347435,0.9325460195541382,0.7902767062187195,0.731219470500946,0.821519136428833,0.04111088812351227,0.292849063873291,0.04624485597014427,0.009270508773624897,-4.567196369171143,-8.355081558227539,0.3760417850731547,-0.04560931896719861,0.07850186666156214,0.609035820336744,-1.1766336925598029,0.16920050503783327
4940,4,0.1792163848876953,0.5094183683395386,0.17955556511878967,0.502640426158905,-1.5203251838684082,0.4142625331878662,-1.4912859201431274,0.36440831422805786,0.029496459290385246,0.37110626697540283,0.07518953830003738,0.010005206800997257,0.9386498332023621,0.7892769575119019,0.7268942594528198,0.8224711418151855,0.03971971571445465,0.2891661822795868,0.03864767402410507,0.00910435151308775,-8.329361915588379,-13.487835884094238,0.35652570178751236,-0.021621057362764123,0.06688273139432388,0.6102490576864552,-1.1515988854946375,0.08777576330025526
4941,4,0.16196317970752716,0.5129253268241882,0.1634683609008789,0.5061702132225037,-1.8468859195709229,0.3448883593082428,-1.6762133836746216,0.37802654504776,0.027012882754206657,0.36195576190948486,0.06597772240638733,0.010004574432969093,0.9456177949905396,0.7884171009063721,0.7218132019042969,0.8233737349510193,0.03813076764345169,0.2847549319267273,0.031682271510362625,0.00909620150923729,-9.753003120422363,-14.000185012817383,0.331789425547712,0.008771797508384388,0.05536674253937679,0.6111268153194579,-1.1515988854946277,0.08777576330025526
4942,4,0.14215679466724396,0.516295850276947,0.1455659419298172,0.5100753903388977,-2.0771002769470215,0.338900625705719,-1.8993432521820068,0.402554988861084,0.060817573219537735,0.35648664832115173,0.05823029577732086,0.010004018433392048,0.9486622214317322,0.7876336574554443,0.7159125208854675,0.8242666721343994,0.07119271904230118,0.2797352373600006,0.02535252459347248,0.009120652452111244,-12.815229415893555,-13.625365257263184,0.33820202268261196,0.0671670982496052,0.04399877658337197,0.6116497649493343,-1.121265577588303,0.015067415582674975
4943,4,0.12007258087396622,0.519641637802124,0.1249009445309639,0.5140341520309448,-2.2942256927490234,0.3400677740573883,-2.2070884704589844,0.39743471145629883,0.10607163608074188,0.3514742851257324,0.05166790634393692,0.010003532283008099,0.9507161378860474,0.7867989540100098,0.7094968557357788,0.8252124190330505,0.11751645058393478,0.27445554733276367,0.02125982940196991,0.009138992987573147,-8.310564041137695,-14.741222381591797,0.33457057590569084,0.11669929690762376,0.032786120807488175,0.6118004391051611,-1.121265577588303,0.015067415582674975
4944,4,0.09733661264181137,0.5231665372848511,0.10176412761211395,0.5181902050971985,-2.266313314437866,0.34722045063972473,-2.406108856201172,0.4112013280391693,0.15513452887535095,0.3464426100254059,0.04607829079031944,0.010003103874623775,0.9526945948600769,0.7859792709350586,0.7029430866241455,0.8259746432304382,0.16974928975105286,0.27210450172424316,0.01778857782483101,0.008839723654091358,-10.424023628234863,-16.897884368896484,0.32934993861429457,0.16932050221430775,0.02171171216944745,0.6117028321673629,-1.0856337688408215,-0.04892453811485471
4945,4,0.07444003224372864,0.5259663462638855,0.07680894434452057,0.521801769733429,-2.272885322570801,0.2439330518245697,-2.5370545387268066,0.33287757635116577,0.17919501662254333,0.3409222960472107,0.041299253702163696,0.010002725757658482,0.9561850428581238,0.7853226065635681,0.6965485215187073,0.8266465067863464,0.20658469200134277,0.2691684365272522,0.015535569749772549,0.008862095884978771,-10.753185272216797,-14.243807792663574,0.3220096883892206,0.18716328179190758,0.01085537448103719,0.6112135867862144,-1.0856337688408215,-0.04892453811485471
4946,4,0.05232429876923561,0.5285336971282959,0.05138017609715462,0.5249140858650208,-2.1591637134552,0.2523929476737976,-2.5471646785736084,0.28070133924484253,0.20241400599479675,0.3389870822429657,0.03720381483435631,0.010002395138144493,0.9603208899497986,0.7846676707267761,0.6905810236930847,0.8273014426231384,0.2339935153722763,0.26637977361679077,0.01369025930762291,0.008823455311357975,-9.020109176635742,-14.300360679626465,0.33229829171017977,0.21097885475979786,0.00011691116768985498,0.6105651544329016,-1.0447034592521818,-0.10420009779233382
4947,4,0.031498271971940994,0.5310097932815552,0.026865879073739052,0.527457594871521,-2.024369955062866,0.23416012525558472,-2.322204351425171,0.2253543734550476,0.21219322085380554,0.3359551429748535,0.0336785726249218,0.010002103634178638,0.9649821519851685,0.7840006351470947,0.6851431131362915,0.8279365301132202,0.248740091919899,0.26406824588775635,0.012542136013507843,0.008807187899947166,-5.840704441070557,-13.74603271484375,0.32543039277466157,0.21600492271251737,-0.010330123424832676,0.6095231534549782,-1.0447034592521822,-0.10420009779233382
4948,4,0.012534263543784618,0.5334224700927734,0.005794428288936615,0.529635488986969,-1.7956410646438599,0.2290755808353424,-1.9266130924224854,0.19709856808185577,0.21471543610095978,0.33294570446014404,0.03062812052667141,0.01000184752047062,0.9699292778968811,0.7833772301673889,0.6804062128067017,0.8284997940063477,0.2521483600139618,0.262401819229126,0.011658882722258568,0.008717755787074566,-6.052212715148926,-13.157062530517578,0.32250174726867675,0.21567388207683555,-0.020690253406756197,0.6083936268383116,-0.9984746488223865,-0.15075926344976232
4949,4,-0.004219996742904186,0.5355631113052368,-0.01158211100846529,0.5313957929611206,-1.572624683380127,0.19810768961906433,-1.5903016328811646,0.15672516822814941,0.211673304438591,0.32936373353004456,0.027987273409962654,0.010001622140407562,0.9746631979942322,0.7827858328819275,0.6767317056655884,0.8291559815406799,0.24411135911941528,0.258685439825058,0.011769904755055904,0.008900746703147888,0.8498287200927734,-11.360654830932617,0.31689316132250184,0.19845888712507542,-0.03067499989497955,0.6068860342038138,-0.9984746488223865,-0.15075926344976232
4950,4,-0.01715165190398693,0.5381041765213013,-0.02506016194820404,0.5334362387657166,-1.1165099143981934,0.26008355617523193,-1.1840893030166626,0.2057812213897705,0.2054200917482376,0.3263096511363983,0.025703590363264084,0.010001427493989468,0.9787518382072449,0.7821168303489685,0.6740603446960449,0.8298927545547485,0.23280887305736542,0.2545945644378662,0.01137496903538704,0.009097219444811344,-3.146010637283325,-7.802095413208008,0.3155709237877099,0.17790824498543018,-0.04061440853875252,0.6053451444759532,-0.9511215434480615,-0.1855364080125649
4951,4,-0.026998497545719147,0.5409905314445496,-0.03510439395904541,0.5355408787727356,-0.8649688959121704,0.3121863901615143,-0.8505465984344482,0.22206753492355347,0.18914614617824554,0.32024845480918884,0.023722684010863304,0.010001256130635738,0.9826940298080444,0.781403124332428,0.6720678210258484,0.830700695514679,0.21521008014678955,0.2500680983066559,0.010956335812807083,0.009086014702916145,-3.8943886756896973,-9.206096649169922,0.29872747162248775,0.11575674860907004,-0.050083881914267506,0.6034591241250814,-0.9469473375514328,-0.1886020350871931
4952,4,-0.03452441841363907,0.5440160036087036,-0.04219762980937958,0.5379612445831299,-0.6436145305633545,0.307041734457016,-0.5810798406600952,0.2703024446964264,0.16958896815776825,0.3120381832122803,0.02199862338602543,0.010001101531088352,0.9866343140602112,0.7808141112327576,0.6706455945968628,0.8313684463500977,0.19223998486995697,0.24654735624790192,0.010540977120399475,0.008809220977127552,-4.989995002746582,-12.769976615905762,0.28257894742289813,0.07812924321371983,-0.059553355289782485,0.6015731037742095,-0.9217848711986492,-0.2014991934301282
4953,4,-0.040187299251556396,0.5464248657226562,-0.04699135199189186,0.540577232837677,-0.48504558205604553,0.20667165517807007,-0.3811202347278595,0.2640303671360016,0.14790838956832886,0.30387720465660095,0.020500056445598602,0.010000966489315033,0.9903025031089783,0.7804802060127258,0.6699296236038208,0.8318732380867004,0.1648665964603424,0.2428237646818161,0.010695436969399452,0.00860909279435873,0.470426082611084,-14.247665405273438,0.2740597968181781,0.04148310823061532,-0.06846139646755427,0.5993993183111417,-0.8901215254393259,-0.21772841270457324
4954,4,-0.04322047159075737,0.548227846622467,-0.04940313100814819,0.5432600975036621,-0.17648428678512573,0.14058932662010193,-0.13433639705181122,0.24472396075725555,0.12553229928016663,0.2989802062511444,0.019190900027751923,0.010000848211348057,0.993485689163208,0.7803228497505188,0.669865071773529,0.8321764469146729,0.13769091665744781,0.24032436311244965,0.010469982400536537,0.00847921334207058,-2.4141573905944824,-11.820201873779297,0.2809589595972525,0.010477590872158105,-0.07736261172194812,0.5972220341840961,-0.8901215254393259,-0.2177284127045204
4955,4,-0.044209931045770645,0.5493434071540833,-0.049727581441402435,0.5451889634132385,-0.03460012376308441,0.09600184857845306,0.05595855414867401,0.1478794813156128,0.10748445242643356,0.29569053649902344,0.04328683763742447,0.010000744834542274,0.9959010481834412,0.7801869511604309,0.6693477034568787,0.832560122013092,0.11346165090799332,0.23619148135185242,0.02348882146179676,0.008668999187648296,-0.16441822052001953,-8.087909698486328,0.28348101572648365,-0.047289210354554134,-0.08571217053969685,0.594863511854356,-0.8279972124860627,-0.23813839630184996
4956,4,-0.04345812648534775,0.5508217811584473,-0.04806913435459137,0.5466031432151794,0.13052447140216827,0.16102883219718933,0.23120081424713135,0.11285696923732758,0.09272529184818268,0.2932182252407074,0.07778898626565933,0.010000653564929962,0.9975150227546692,0.7799320816993713,0.6686795353889465,0.8329336047172546,0.09545443952083588,0.23349177837371826,0.04152948409318924,0.00859183631837368,-1.8553853034973145,-8.747472763061523,0.284038022858206,-0.08414850437993183,-0.093992142664558,0.5924821278913373,-0.8279972124860561,-0.23813839630184996
4957,4,-0.04221833869814873,0.5521858334541321,-0.04542548954486847,0.5473678708076477,0.1239776760339737,0.1266489326953888,0.29463282227516174,0.06494150310754776,0.08060219883918762,0.28774306178092957,0.11739154160022736,0.010000575333833694,0.9986537098884583,0.7797570824623108,0.6679062843322754,0.8332302570343018,0.08181116729974747,0.23115813732147217,0.06192101538181305,0.008474142290651798,-0.8479857444763184,-9.659751892089844,0.2671639075919364,-0.12708383377016289,-0.10174083111555463,0.5900085998470853,-0.7605743986916399,-0.24983198587912894
4958,4,-0.0410102978348732,0.5532315969467163,-0.042237065732479095,0.5480049848556519,0.1068962812423706,0.08696483075618744,0.33105549216270447,0.06409578770399094,0.0705183893442154,0.2830665111541748,0.1389879435300827,0.010000504553318024,0.999616265296936,0.7797608375549316,0.6675212979316711,0.8333331942558289,0.07155967503786087,0.22988572716712952,0.07340067625045776,0.008170226588845253,-0.2502894401550293,-12.264177322387695,0.2653026371389372,-0.145135442741252,-0.10934657510247155,0.5875102799882939,-0.7605743986916399,-0.24983198587907607
4959,4,-0.04028312861919403,0.5534900426864624,-0.039055876433849335,0.5484433770179749,0.0463486984372139,-0.01992761716246605,0.2959183156490326,0.026372769847512245,0.06205694004893303,0.27927473187446594,0.15559712052345276,0.010000444017350674,1.00063157081604,0.7799986004829407,0.6671220660209656,0.8331886529922485,0.06344399601221085,0.22997921705245972,0.08136780560016632,0.007932625710964203,-2.1785128116607666,-11.942131042480469,0.2647613178401407,-0.16070900955099748,-0.11645200517998787,0.58499147738169,-0.6878530840560638,-0.2528091814364102
4960,4,-0.04036035016179085,0.5528426766395569,-0.036936093121767044,0.5483427047729492,-0.04892704263329506,-0.09849421679973602,0.12379960715770721,-0.042018793523311615,0.054899703711271286,0.27855613827705383,0.16541408002376556,0.010000389069318771,1.0018365383148193,0.7804269194602966,0.6666175127029419,0.8328146934509277,0.05691220611333847,0.23151624202728271,0.08543452620506287,0.0076349396258592606,-2.8353524208068848,-12.990386962890625,0.275801576777336,-0.16849922039073156,-0.12333053602054894,0.5824633855673261,-0.6878530840560572,-0.25280918143635733
4961,4,-0.041526611894369125,0.5512959361076355,-0.03702059015631676,0.5473933815956116,-0.17122668027877808,-0.19412752985954285,-0.11338669806718826,-0.13627681136131287,0.04883724823594093,0.28251540660858154,0.1678624451160431,0.010000341571867466,1.003222942352295,0.7808958292007446,0.6660683751106262,0.8323220610618591,0.051016129553318024,0.23426756262779236,0.08637148141860962,0.0075926100835204124,-0.7040572166442871,-11.551692962646484,0.2844351340413649,-0.1686807829306997,-0.12975031971785722,0.57996903955053,-0.6098332685793347,-0.24706998297358798
4962,4,-0.043389055877923965,0.5493953227996826,-0.03896819055080414,0.5458031892776489,-0.22581155598163605,-0.2052835375070572,-0.2761804163455963,-0.19709868729114532,0.04365057870745659,0.2926357090473175,0.16686570644378662,0.010000298731029034,1.0048092603683472,0.7812135815620422,0.6653733849525452,0.8316522836685181,0.04638734087347984,0.24141183495521545,0.08445798605680466,0.007237354759126902,-0.5037164688110352,-13.481245994567871,0.29745626047697027,-0.16208642000049375,-0.13584865240365093,0.5774983397207942,-0.6098332685793215,-0.24706998297353513
4963,4,-0.046308767050504684,0.5467978715896606,-0.042624689638614655,0.543258547782898,-0.342842161655426,-0.29667675495147705,-0.42721015214920044,-0.2953454256057739,0.03922998532652855,0.29660025238990784,0.16629239916801453,0.010000264272093773,1.006550908088684,0.7816784381866455,0.664463996887207,0.8308906555175781,0.04190325364470482,0.24773584306240082,0.08357983827590942,0.0073409173637628555,1.5791702270507812,-11.549798965454102,0.29864462886327514,-0.16352032621541424,-0.14154040171401944,0.5750981814459674,-0.5265149522614461,-0.23261439049066232
4964,4,-0.04977942258119583,0.5440139770507812,-0.04713013768196106,0.5402294397354126,-0.3728422224521637,-0.2786138653755188,-0.4852749705314636,-0.32612964510917664,0.035420119762420654,0.30773746967315674,0.16395625472068787,0.010000230744481087,1.0082639455795288,0.7820300459861755,0.6635531783103943,0.8303040862083435,0.037888556718826294,0.25248026847839355,0.08221735060214996,0.007664175238460302,3.3919620513916016,-7.816280364990234,0.3134157094091957,-0.15266654774813632,-0.14680555123663416,0.5727720375410602,-0.5265149522614327,-0.2326143904907152
4965,4,-0.053332891315221786,0.5419721603393555,-0.05196008086204529,0.5372032523155212,-0.3670494556427002,-0.16829001903533936,-0.5002351403236389,-0.2945771813392639,0.03213563933968544,0.3107668459415436,0.16210263967514038,0.010000205598771572,1.0103459358215332,0.7823832631111145,0.662231981754303,0.8295671939849854,0.03597351908683777,0.25981640815734863,0.07781125605106354,0.007248411420732737,-3.74082088470459,-13.046226501464844,0.3123320227113574,-0.1531068305120856,-0.1517268781533339,0.5705357981603627,-0.43789813510238434,-0.20944240398784464
4966,4,-0.059009090065956116,0.5391319990158081,-0.057936783879995346,0.5336722135543823,-0.6704740524291992,-0.31479042768478394,-0.6185192465782166,-0.3436998724937439,0.029297690838575363,0.3076256811618805,0.1613491028547287,0.010000182315707207,1.012722373008728,0.7831558585166931,0.6605292558670044,0.8288309574127197,0.03282228112220764,0.26236239075660706,0.07726390659809113,0.00733186537399888,3.5692906379699707,-13.204072952270508,0.2962076153790481,-0.1576822301312843,-0.15610585950435812,0.5684413741204845,-0.43789813510239756,-0.20944240398784464
4967,4,-0.06512303650379181,0.5363429188728333,-0.06375209242105484,0.5308862328529358,-0.6050974130630493,-0.27922531962394714,-0.5914602875709534,-0.26113161444664,0.026841703802347183,0.3160133957862854,0.15285353362560272,0.010000163689255714,1.014981985092163,0.7837990522384644,0.6590744256973267,0.828316330909729,0.030278118327260017,0.2628881335258484,0.0733385905623436,0.007752927951514721,2.4799442291259766,-6.956758499145508,0.32040395637014824,-0.1110572818635407,-0.16021437602066105,0.5664387847860761,-0.3439828171021762,-0.17755402346492352
4968,4,-0.07108987122774124,0.5345526337623596,-0.06964752823114395,0.5287052392959595,-0.609811544418335,-0.12715761363506317,-0.6106568574905396,-0.1975986659526825,0.024709979072213173,0.3170945942401886,0.1469557285308838,0.010000145062804222,1.0174362659454346,0.7841635346412659,0.6573881506919861,0.828088104724884,0.028780881315469742,0.26182615756988525,0.06839169561862946,0.008083227090537548,-2.1532416343688965,-5.3434157371521,0.31766267649124635,-0.11748616458859382,-0.16365420419168317,0.5646632445514271,-0.3439828171021762,-0.17755402346487065
4969,4,-0.07816337794065475,0.5337818264961243,-0.0762895941734314,0.5270146131515503,-0.7716748714447021,-0.02318081073462963,-0.6969510316848755,-0.12013053894042969,0.022858716547489166,0.3124254047870636,0.141402930021286,0.010000130161643028,1.0203505754470825,0.784494936466217,0.6551847457885742,0.8279767036437988,0.02769789844751358,0.25968772172927856,0.06361379474401474,0.008040759712457657,-3.6610305309295654,-9.84712028503418,0.2956029025950066,-0.11326836467721621,-0.16690752230085906,0.5629640364154689,-0.2447689982608348,-0.13694924892189891
4970,4,-0.0869925394654274,0.5332451462745667,-0.0840984508395195,0.5261011123657227,-0.9442422389984131,-0.04331427812576294,-0.8342088460922241,-0.042589541524648666,0.021247589960694313,0.3052991032600403,0.13168083131313324,0.010000117123126984,1.0233992338180542,0.7849224805831909,0.6528939008712769,0.8279940485954285,0.025964288040995598,0.2545274794101715,0.059139251708984375,0.008194515481591225,1.2707853317260742,-10.212645530700684,0.2793652660625764,-0.0815610688495082,-0.16935521228346784,0.5615945439262496,-0.2447689982608348,-0.13694924892189891
4971,4,-0.09598362445831299,0.5332388877868652,-0.09275747835636139,0.5263664126396179,-0.8891032338142395,0.014842851087450981,-0.9148722887039185,0.0570623055100441,0.019843654707074165,0.30017828941345215,0.1178261935710907,0.010000105015933514,1.026223063468933,0.7853001356124878,0.6509217619895935,0.8280786871910095,0.02413436397910118,0.2491173893213272,0.05334051325917244,0.008204637095332146,5.110256671905518,-11.282588005065918,0.2813469210809921,-0.04442347214781389,-0.17171094397878806,0.5602684481409015,-0.1487231778061178,-0.09162356755901664
4972,4,-0.1041589081287384,0.5334525108337402,-0.1021343246102333,0.5271750688552856,-0.777103066444397,0.01335519552230835,-0.9616244435310364,0.08127199113368988,0.018619390204548836,0.29407647252082825,0.10565027594566345,0.010000093840062618,1.0290586948394775,0.7857145667076111,0.6488910913467407,0.827982485294342,0.023516789078712463,0.24651747941970825,0.04629906639456749,0.007993251085281372,-2.406795024871826,-11.957586288452148,0.2714063726582443,-0.03905988423736037,-0.1731135107645713,0.5593921673373128,-0.1402566785783205,-0.08762808035882373
4973,4,-0.11301695555448532,0.5329362750053406,-0.11232234537601471,0.5273886322975159,-0.9266251921653748,-0.0669238418340683,-1.0181071758270264,0.0053996555507183075,0.017549453303217888,0.28899070620536804,0.0962778851389885,0.010000083595514297,1.0321677923202515,0.7862576842308044,0.6464582085609436,0.8278536200523376,0.023044206202030182,0.24297447502613068,0.04075698181986809,0.008006390184164047,-4.204415321350098,-10.660680770874023,0.26995098080608776,-0.043721618961984676,-0.17451607755035453,0.558515886533724,-0.09165460465569245,0.22139257817873254
4974,4,-0.12294171005487442,0.5323313474655151,-0.12237925082445145,0.5272961258888245,-1.0386674404144287,-0.05436334013938904,-0.990327775478363,-0.018253322690725327,0.016615062952041626,0.2935018837451935,0.08353082835674286,0.010000077076256275,1.0351943969726562,0.7864569425582886,0.6441527009010315,0.828057050704956,0.021770542487502098,0.2377384901046753,0.035644203424453735,0.008525874465703964,2.162933349609375,-5.489022731781006,0.2956946281366902,-0.005449837182017164,-0.17483422086211475,0.5645345636821294,-0.03049588318328916,0.6102506424418167
4975,4,-0.1322108954191208,0.5331727862358093,-0.13149121403694153,0.5278250575065613,-0.8909233808517456,0.13717351853847504,-0.9008178114891052,0.0691218301653862,0.027791576460003853,0.30313387513160706,0.07296093553304672,0.010000068694353104,1.0363459587097168,0.7858557105064392,0.6420192122459412,0.8285930752754211,0.0314679779112339,0.2359396368265152,0.030683202669024467,0.008987242355942726,0.8937621116638184,-2.492351531982422,0.30799153526379563,0.029552141999671627,-0.17513917969394777,0.5706370701065473,-0.030495883183302375,0.6102506424417637
4976,4,-0.14085210859775543,0.5353646874427795,-0.14042414724826813,0.5289595127105713,-0.838706374168396,0.27918705344200134,-0.8873651623725891,0.15963682532310486,0.027629127725958824,0.29999104142189026,0.06411198526620865,0.010000063106417656,1.0387096405029297,0.7850241661071777,0.639798104763031,0.8291938304901123,0.03323179483413696,0.23553690314292908,0.02620277926325798,0.008820404298603535,-1.9321346282958984,-7.529325485229492,0.28839682501945807,0.026513694388789574,-0.1744246468818071,0.5756219267503669,0.08431328740960922,0.4843874781065452
4977,4,-0.14976277947425842,0.5376299619674683,-0.1496400386095047,0.5306709408760071,-0.8922311663627625,0.22889968752861023,-0.9081528782844543,0.21597522497177124,0.03561987727880478,0.29433906078338623,0.05665557086467743,0.010000057518482208,1.0400902032852173,0.7842654585838318,0.6377597451210022,0.8301568031311035,0.039681851863861084,0.22861406207084656,0.023293178528547287,0.009524712339043617,0.6943416595458984,-1.030726432800293,0.27330076421389304,0.03699524738354955,-0.17358151400771096,0.5804658015314326,0.08431328740960922,0.4843874781065981
4978,4,-0.15759587287902832,0.5414981245994568,-0.15784096717834473,0.534059464931488,-0.7287949919700623,0.4706012010574341,-0.7825664281845093,0.41041481494903564,0.061042025685310364,0.29237717390060425,0.05033256858587265,0.010000055655837059,1.0391712188720703,0.7829962968826294,0.6360164880752563,0.8317121267318726,0.060443636029958725,0.21828246116638184,0.020683597773313522,0.01026645302772522,0.5906271934509277,3.2797765731811523,0.2850224461222538,0.06597908080119436,-0.1717943122620907,0.584353132857893,0.20412080807174518,0.362996864393302
4979,4,-0.164132758975029,0.5476259589195251,-0.16507171094417572,0.5393087863922119,-0.5980422496795654,0.7126244306564331,-0.6812761425971985,0.6186448335647583,0.061031948775053024,0.28333690762519836,0.04493464529514313,0.010000050999224186,1.0401164293289185,0.7812091708183289,0.6344952583312988,0.8336309790611267,0.06535100936889648,0.2083323895931244,0.01852262020111084,0.010498788207769394,-0.19730448722839355,-0.12732267379760742,0.24922053065486532,0.06096911298721684,-0.16975310418137338,0.5879831015018254,0.20412080807174518,0.36299686439324913
4980,4,-0.1698634773492813,0.5549774169921875,-0.17158597707748413,0.5462151765823364,-0.5315428376197815,0.7772694230079651,-0.5994977355003357,0.7653128504753113,0.060913488268852234,0.2676452100276947,0.040313154458999634,0.010000048205256462,1.0416436195373535,0.7793305516242981,0.63313889503479,0.8357715606689453,0.06573989987373352,0.1963762640953064,0.016401365399360657,0.010800564661622047,-3.895622491836548,0.5332517623901367,0.2071762049829579,0.06017527904041631,-0.16685324670172014,0.5908086879159012,0.32892667880310555,0.24607880130192833
4981,4,-0.17528671026229858,0.5632152557373047,-0.17699861526489258,0.554498016834259,-0.5355461835861206,0.8674084544181824,-0.48296940326690674,0.8848837614059448,0.06708289682865143,0.25176745653152466,0.03635472059249878,0.010000045411288738,1.0425196886062622,0.7774101495742798,0.6318996548652649,0.8379624485969543,0.0697299912571907,0.184586763381958,0.014901350252330303,0.010628484189510345,-0.24458050727844238,-5.573794841766357,0.18846395718967573,0.06836632750472779,-0.16356397991368885,0.5932694759289201,0.32892667880310555,0.24607880130187548
4982,4,-0.1799985021352768,0.571480929851532,-0.1812686175107956,0.563590407371521,-0.4109053611755371,0.8069366216659546,-0.37530311942100525,0.924027681350708,0.08447915315628052,0.23432612419128418,0.03294121101498604,0.010000042617321014,1.0418250560760498,0.7756325602531433,0.6311367154121399,0.8400576710700989,0.08145932853221893,0.17305144667625427,0.014133649878203869,0.010554357431828976,3.3622312545776367,-5.7655229568481445,0.16270374564320825,0.0882337998614497,-0.15951147989944908,0.595069097835587,0.45873089960370345,0.1336332888324772
4983,4,-0.18267394602298737,0.5794749855995178,-0.18419770896434784,0.5728969573974609,-0.1540226936340332,0.7773280739784241,-0.23323623836040497,0.9140923023223877,0.08785352855920792,0.2198532670736313,0.029996542260050774,0.010000040754675865,1.0412492752075195,0.7739927172660828,0.631176233291626,0.8419516682624817,0.0849326103925705,0.16325733065605164,0.013935488648712635,0.010234614834189415,7.464249134063721,-7.900094985961914,0.15841432812168432,0.0886373648625306,-0.15492417090341173,0.5964054307239115,0.45873089960370345,0.1336332888324243
4984,4,-0.18236075341701508,0.5866560339927673,-0.18554317951202393,0.5816376805305481,0.17599669098854065,0.6603891849517822,-0.036343805491924286,0.824299156665802,0.08474339544773102,0.20660249888896942,0.027446066960692406,0.010000038892030716,1.0405746698379517,0.7725622057914734,0.6323067545890808,0.8436300158500671,0.08035862445831299,0.15459060668945312,0.014275052584707737,0.010067317634820938,12.18386459350586,-6.273517608642578,0.14884117204588246,0.06660600929486742,-0.14967904155403067,0.5972148685281453,0.5935334704735258,0.025660326984948478
4985,4,-0.17820119857788086,0.5930816531181335,-0.18380619585514069,0.5894893407821655,0.5840515494346619,0.5995102524757385,0.35448911786079407,0.7227873802185059,0.07671187818050385,0.19676481187343597,0.025237295776605606,0.010000037960708141,1.03957200050354,0.7713773250579834,0.6343542337417603,0.8448625802993774,0.07198188453912735,0.1498384177684784,0.014185341075062752,0.009399084374308586,11.409645080566406,-10.389568328857422,0.15274942390918267,0.02911972673036271,-0.14374370684929488,0.5974714717979945,0.5935334704735258,0.025660326984948478
4986,4,-0.17107954621315002,0.5976514220237732,-0.1782425045967102,0.5955343842506409,0.8482771515846252,0.35666507482528687,0.7592516541481018,0.5163064002990723,0.06725601851940155,0.18813177943229675,0.02644190937280655,0.010000036098062992,1.0381780862808228,0.7707603573799133,0.6369354724884033,0.8455697298049927,0.06199255213141441,0.14717905223369598,0.015519602224230766,0.00885802786797285,6.762242317199707,-8.944397926330566,0.1488249907991407,-0.026633416000396988,-0.13726596136421812,0.5973265059047701,0.7333343914125989,-0.07784008424065775
4987,4,-0.16182366013526917,0.6002126932144165,-0.16887010633945465,0.5994651317596436,1.0179367065429688,0.18331021070480347,1.0910875797271729,0.29592981934547424,0.05930706486105919,0.1857082098722458,0.059022579342126846,0.010000035166740417,1.036012053489685,0.7705201506614685,0.6391695737838745,0.8458189368247986,0.051910679787397385,0.1469963788986206,0.03257370740175247,0.008297789841890335,10.707893371582031,-11.481223106384277,0.1745333616113872,-0.06502093464883911,-0.12993261745009166,0.5965481050623632,0.7333343914125989,-0.07784008424071062
4988,4,-0.150081604719162,0.6009616851806641,-0.1564091295003891,0.6012800931930542,1.2882415056228638,-0.022989977151155472,1.3665077686309814,0.06888175010681152,0.05257519334554672,0.19123166799545288,0.08674505352973938,0.010000033304095268,1.0331406593322754,0.7704411745071411,0.6418672800064087,0.8455482125282288,0.04506577551364899,0.15235280990600586,0.047455813735723495,0.007853852584958076,2.6820993423461914,-8.16263198852539,0.19319230693000355,-0.0926881153835729,-0.12218226902876694,0.5954845158766561,0.8781336624208899,-0.1768679448443415
4989,4,-0.13750548660755157,0.5998501181602478,-0.1421048939228058,0.6002436280250549,1.2601202726364136,-0.16936053335666656,1.4930787086486816,-0.2363249808549881,0.046840302646160126,0.21158523857593536,0.12819980084896088,0.010000031441450119,1.0301408767700195,0.770077109336853,0.6440823078155518,0.8448406457901001,0.03985656797885895,0.16641736030578613,0.06879773736000061,0.0073006898164749146,0.7219886779785156,-10.288811683654785,0.2189570753039658,-0.13842165938306045,-0.11340093240455745,0.5937158364282124,0.8781336624208899,-0.1768679448443415
4990,4,-0.1254718005657196,0.5970665216445923,-0.12702059745788574,0.5962974429130554,1.167681097984314,-0.3458327651023865,1.530990481376648,-0.5000367164611816,0.04195324704051018,0.23118185997009277,0.13779765367507935,0.010000030510127544,1.0271878242492676,0.7698376178741455,0.6469373106956482,0.8437677621841431,0.035554490983486176,0.18391554057598114,0.07598147541284561,0.006955220364034176,2.585110664367676,-10.338479995727539,0.23908131435309268,-0.14056648449484188,-0.10433799424643271,0.5917694043549987,1.0279312834984118,-0.27142325482615565
4991,4,-0.1138644814491272,0.5930653214454651,-0.11147883534431458,0.5906216502189636,1.1504685878753662,-0.45454689860343933,1.5293182134628296,-0.6187769174575806,0.037765420973300934,0.2550768554210663,0.13646304607391357,0.010000030510127544,1.0243042707443237,0.7696908116340637,0.6500977873802185,0.8426246643066406,0.0318710058927536,0.20151188969612122,0.07671478390693665,0.007146927993744612,-1.009765863418579,-2.789740562438965,0.26553065005298226,-0.1295810923276358,-0.09405868141144788,0.5890551718067375,1.0279312834984118,-0.2714232548261028
4992,4,-0.10253772884607315,0.5890652537345886,-0.09728997200727463,0.584513783454895,1.105520486831665,-0.368426114320755,1.2851485013961792,-0.5993140935897827,0.03415216505527496,0.2751467227935791,0.13521386682987213,0.010000028647482395,1.021435260772705,0.7694161534309387,0.6532497406005859,0.8418527245521545,0.028418006375432014,0.21433046460151672,0.07708790153265,0.007813474163413048,1.0470318794250488,1.4008545875549316,0.2841171084810132,-0.1287783983588488,-0.08364316671596467,0.5862616772509915,1.1701872978805388,-0.35420844759397646
4993,4,-0.09131074696779251,0.586591899394989,-0.08557363599538803,0.5796536207199097,1.102750539779663,-0.17960193753242493,1.0660094022750854,-0.3972451686859131,0.03104289434850216,0.274468332529068,0.13282404839992523,0.01000002771615982,1.0187093019485474,0.769483745098114,0.6562166213989258,0.8411924839019775,0.02587125077843666,0.2221704125404358,0.07601567357778549,0.007527125533670187,2.299966812133789,-6.579170227050781,0.27184063324413504,-0.12042070662196545,-0.07181589416951215,0.5826466171091319,1.1827272546451713,-0.3615060141859945
4994,4,-0.08100692927837372,0.5841407179832458,-0.07623293250799179,0.5762202739715576,0.9907492995262146,-0.2624967396259308,0.8609851002693176,-0.27766573429107666,0.02836000546813011,0.2676796615123749,0.1304754912853241,0.01000002771615982,1.0160998106002808,0.770244300365448,0.6589999198913574,0.8405542373657227,0.02352014370262623,0.22310759127140045,0.07531122863292694,0.007647036574780941,2.9554343223571777,-6.347415447235107,0.24108238827281023,-0.11817819072092382,-0.05998862162305822,0.5790315569672718,1.253484170939404,-0.3994142097182454
4995,4,-0.07129010558128357,0.581712007522583,-0.06796903163194656,0.5739991068840027,0.945583164691925,-0.22587458789348602,0.7958366274833679,-0.1845107227563858,0.026029223576188087,0.26395973563194275,0.12473442405462265,0.01000002771615982,1.013524055480957,0.7711690068244934,0.6618101000785828,0.8402036428451538,0.02135809138417244,0.21820107102394104,0.0731467679142952,0.008079182356595993,4.163141250610352,-2.416660785675049,0.24930581317422593,-0.09448511099261958,-0.046582600377504634,0.5745706782465901,1.3425215758611548,-0.447116222923858
4996,4,-0.06174909695982933,0.5804036259651184,-0.05995684117078781,0.5728190541267395,0.9363120198249817,-0.07549894601106644,0.7868853211402893,-0.07992510497570038,0.024004122242331505,0.25903192162513733,0.11760798841714859,0.010000026784837246,1.0108200311660767,0.7717189788818359,0.6647828817367554,0.8404767513275146,0.01907593198120594,0.2078050971031189,0.07067397236824036,0.008957725949585438,7.271733283996582,4.522604942321777,0.23949533704710263,-0.07953075222518367,-0.03315738461889216,0.5700995160173513,1.3425215758611548,-0.447116222923858
4997,4,-0.05169973522424698,0.5815885066986084,-0.051635198295116425,0.57329922914505,1.0139029026031494,0.22364018857479095,0.8292392492294312,0.12624718248844147,0.022244540974497795,0.2490476369857788,0.10969046503305435,0.010000026784837246,1.0078154802322388,0.771606981754303,0.668043851852417,0.8415622115135193,0.01686454564332962,0.19241246581077576,0.06778868287801743,0.009969905950129032,10.318279266357422,9.734651565551758,0.2088625288088856,-0.06657538262411779,-0.01826882973418218,0.5649078611303078,1.5073142471463765,-0.5282538810398518
4998,4,-0.04073592647910118,0.5859006643295288,-0.042718254029750824,0.5763068795204163,1.1206169128417969,0.5576463937759399,0.9269739389419556,0.4287340044975281,0.02071169577538967,0.22987143695354462,0.10319045931100845,0.010000025853514671,1.0047309398651123,0.7709678411483765,0.671283483505249,0.843167781829834,0.015605848282575607,0.17549055814743042,0.06414159387350082,0.010386685840785503,7.806501388549805,6.9548773765563965,0.15061755584565553,-0.06719637260984751,-0.0031956872627174025,0.559625322319909,1.5073142471463747,-0.5282538810399047
4999,4,-0.03007443994283676,0.5920208096504211,-0.03310549259185791,0.5816917419433594,1.0501302480697632,0.6858029961585999,1.0207263231277466,0.6508683562278748,0.01937619224190712,0.20167596638202667,0.09837649762630463,0.010000025853514671,1.0018819570541382,0.7702913284301758,0.6741800904273987,0.8451719284057617,0.014969213865697384,0.15427787601947784,0.060811471194028854,0.01085625123232603,2.345566749572754,8.08572006225586,0.07947576865362278,-0.07132688467181414,0.013167383123319446,0.5537386716714797,1.671013178378493,-0.6049189885339232
5000,5,0.0,0.0,-0.0,-0.0,0.0,0.0,0.0,0.0,0.009999999776482582,0.009999999776482582,0.009999999776482582,0.009999999776482582,1.0819710493087769,1.0819710493087769,0.729764461517334,0.729764461517334,0.018508514389395714,0.018508514389395714,0.006624635774642229,0.006624635774642229,0.0,0.0,0.03502698132647489,-0.047457555363966966,0.029877514907105517,0.5476894817861404,1.6710131783784947,-0.6049189885339232
