timestep,episode,hip_pos_l,hip_pos_r,exo_pos_l,exo_pos_r,hip_vel_l,hip_vel_r,exo_vel_l,exo_vel_r,act_iliopsoas_l,act_iliopsoas_r,act_glut_l,act_glut_r,muscle_length_iliopsoas_l,muscle_length_iliopsoas_r,muscle_length_glut_l,muscle_length_glut_r,muscle_force_iliopsoas_l,muscle_force_iliopsoas_r,muscle_force_glut_l,muscle_force_glut_r,motor_torque_l,motor_torque_r,pid_output_l,pid_output_r,hip_pos_target_l,hip_pos_target_r,hip_vel_target_l,hip_vel_target_r
9001,9,-0.0,-0.0,-0.0,-0.0,0.0,0.0,0.0,0.0,0.009999999776482582,0.009999999776482582,0.009999999776482582,0.009999999776482582,1.0680413246154785,1.0680413246154785,0.7233719825744629,0.7233719825744629,0.0,0.0,0.0,0.0,1.227407455444336,-1.7031669616699219,0.00023616055873571117,0.0,0.0,0.00011691116769094612,0.0,-1.0447034592521818
9002,9,0.0032856373582035303,0.0028804216999560595,0.003171303542330861,0.003155436832457781,-1.5529143810272217,-1.6273753643035889,-1.584086298942566,-1.5877577066421509,0.009999999776482582,0.009999999776482582,0.009999999776482582,0.019335497170686722,1.0557199716567993,1.0557199716567993,0.7169660925865173,0.7140263319015503,0.0,0.0,0.0,0.0,1.9768476486206055,-1.5060639381408691,-0.020864511094805666,0.0,0.0,-0.010330123424831429,0.0,-1.0447034592521813
9003,9,-0.008887113071978092,-0.010443881154060364,-0.009458029642701149,-0.009661776013672352,0.0003662183880805969,-0.14984890818595886,-0.05833974480628967,-0.09887021780014038,0.17997761070728302,0.1581968069076538,0.009999999776482582,0.018177995458245277,1.0230504274368286,1.0242940187454224,0.7106484174728394,0.703612744808197,0.0,0.0,0.0,0.0,-1.6816425323486328,-3.2280540466308594,0.19628927668483703,0.22630016969051212,0.0,-0.020690253406756048,0.0,-0.9984746488223865
9004,9,-0.006831958424299955,-0.009931055828928947,-0.007533919531852007,-0.008541038259863853,0.17345024645328522,0.014445751905441284,0.20380261540412903,0.07998903840780258,0.15214677155017853,0.13369907438755035,0.009999999776482582,0.01894514448940754,0.9905263185501099,0.9927378296852112,0.7044204473495483,0.6934682726860046,0.0682186707854271,0.06195610761642456,0.0,0.0,-0.7695913314819336,-0.626978874206543,-0.019065201376042083,0.017831322900019583,0.0,-0.03067499989498059,0.0,-0.9984746488223865
9005,9,-0.006043725647032261,-0.010541893541812897,-0.006226473022252321,-0.008956355974078178,0.08098164200782776,-0.04684074968099594,0.12826409935951233,-0.0838572308421135,0.12886697053909302,0.11409551650285721,0.011839971877634525,0.05819402635097504,0.983458936214447,0.9864569902420044,0.6976910829544067,0.6794077754020691,0.11083434522151947,0.1008806973695755,0.0,0.03316918760538101,3.793463706970215,1.6983294486999512,-0.06522753538175698,-0.01210495143663138,0.0,-0.040614408538753366,0.0,-0.951121543448045
9006,9,-0.0009749573073349893,-0.0070336987264454365,-0.0021082719322293997,-0.007215047720819712,0.7673122882843018,0.5821552276611328,0.5504975318908691,0.2948063313961029,0.11023515462875366,0.09822414815425873,0.01161605678498745,0.07164761424064636,0.981563150882721,0.9849776029586792,0.6907868981361389,0.680677592754364,0.09924294054508209,0.09075748175382614,0.0,0.043761130422353745,5.16801118850708,2.699556350708008,-0.07454267123650228,0.00030974818859249263,0.0,-0.050083881914268207,0.0,-0.9469473375514328
9007,9,0.008985836058855057,0.00022427327348850667,0.004958298522979021,-0.0029730917885899544,0.9930121302604675,0.64278244972229,0.6936142444610596,0.38442525267601013,0.0950620174407959,0.08517956733703613,0.09520716220140457,0.16796033084392548,0.9803451895713806,0.9846546053886414,0.6843987107276917,0.6788644790649414,0.08875898271799088,0.0843273401260376,0.053637463599443436,0.08748197555541992,2.975001335144043,1.717071533203125,-0.19589779735085294,-0.11275788628612644,0.0,-0.05955335528978305,0.0,-0.9217848711986326
9008,9,0.015376546420156956,0.002478559035807848,0.009535728953778744,-0.0019440411124378443,0.37554892897605896,-0.08381016552448273,0.3316231667995453,-0.06928648799657822,0.08253909647464752,0.07433237880468369,0.15111657977104187,0.21968547999858856,0.9802887439727783,0.9859846830368042,0.6829907298088074,0.6765735745429993,0.08256721496582031,0.07956946641206741,0.08175735175609589,0.10954724997282028,-0.20128846168518066,1.116025447845459,-0.23869762041025666,-0.1667141660361085,0.0,-0.06846139646755374,0.0,-0.8901215254393259
9009,9,0.016302267089486122,-0.0012956754071637988,0.011546129360795021,-0.004308423493057489,-0.05966085195541382,-0.5394147038459778,0.1565558910369873,-0.3043421506881714,0.07213018089532852,0.06525915861129761,0.1405385136604309,0.20735368132591248,0.9813015460968018,0.9884130954742432,0.6829602122306824,0.6752458810806274,0.07382721453905106,0.07073963433504105,0.0809265747666359,0.10972696542739868,-0.9163022041320801,4.978880882263184,-0.153616553571822,-0.08718363749445415,0.0,-0.07736261172194747,0.0,-0.8901215254393259
9010,9,0.016108036041259766,-0.0058542219921946526,0.014331871643662453,-0.006176584400236607,0.014404356479644775,-0.3840752840042114,0.36940810084342957,-0.09649340808391571,0.06342153251171112,0.05762756988406181,0.12184115499258041,0.18718859553337097,0.9823701977729797,0.9907323718070984,0.6837895512580872,0.6748336553573608,0.06390340626239777,0.06184275448322296,0.07297340035438538,0.1016203984618187,3.376591205596924,2.2473931312561035,-0.09611485147580233,-0.0240796570351813,0.0,-0.0857121705396961,0.0,-0.8279972124860561
9011,9,0.017264574766159058,-0.009064086712896824,0.01895911805331707,-0.006411103531718254,0.1875985711812973,-0.2782503068447113,0.4971250295639038,-0.014769583940505981,0.0560523122549057,0.051141541451215744,0.10831823199987411,0.17681282758712769,0.983084499835968,0.9929250478744507,0.6848307251930237,0.6743265390396118,0.055638834834098816,0.055126700550317764,0.06502282619476318,0.0938383936882019,2.624332904815674,-0.4391062259674072,-0.1286213739451749,-0.03512313692481257,0.0,-0.09399214266455713,0.0,-0.8279972124860627
9012,9,0.019030136987566948,-0.01261065248399973,0.022575367242097855,-0.008136327378451824,0.21303851902484894,-0.36946815252304077,0.28590208292007446,-0.2668801546096802,0.04981071501970291,0.04562701657414436,0.10152740031480789,0.17307820916175842,0.983265221118927,0.9948932528495789,0.6859575510025024,0.673623263835907,0.047849126160144806,0.04845316335558891,0.061621587723493576,0.09153081476688385,2.7602267265319824,1.6058802604675293,-0.15542630286774395,-0.0637606380751822,0.0,-0.10174083111555474,0.0,-0.7605743986916399
9013,9,0.022065559402108192,-0.01571737416088581,0.025259587913751602,-0.01121224369853735,0.3407002389431,-0.30288898944854736,0.2320224642753601,-0.3660333752632141,0.044496048241853714,0.04091629758477211,0.0970093235373497,0.16939125955104828,0.9835567474365234,0.9970419406890869,0.6865221858024597,0.6724854707717896,0.0446687787771225,0.04486405476927757,0.05597824975848198,0.08638478070497513,-5.976808071136475,0.5154633522033691,-0.15179670089999178,-0.07148835743428208,0.0,-0.10934657510247155,0.0,-0.7605743986916399
9014,9,0.022690797224640846,-0.02078300341963768,0.02537645772099495,-0.017181746661663055,-0.03737841546535492,-0.5539103746414185,-0.04349513351917267,-0.6569962501525879,0.039948999881744385,0.03687490522861481,0.09712176769971848,0.17118419706821442,0.9839954376220703,0.9989300966262817,0.6867853403091431,0.6714017391204834,0.039393842220306396,0.03898206725716591,0.05654240399599075,0.08913613855838776,-2.114741802215576,6.271305084228516,-0.17179568478280974,-0.09714977143914438,0.0,-0.11645200517998859,0.0,-0.6878530840560572
9015,9,0.023684775456786156,-0.024153614416718483,0.026216834783554077,-0.022247059270739555,0.07506898790597916,-0.2955240309238434,0.058804951608181,-0.5014533996582031,0.03604429215192795,0.03339627385139465,0.0889698714017868,0.16578303277492523,0.9845016598701477,1.0004414319992065,0.6870909929275513,0.6707069277763367,0.03635502606630325,0.035274844616651535,0.05148167535662651,0.08669383823871613,-2.3313748836517334,6.774230003356934,-0.13981923081951553,-0.042142264867434276,0.0,-0.12333053602054957,0.0,-0.6878530840560638
9016,9,0.023658335208892822,-0.02712911367416382,0.026060786098241806,-0.02749648503959179,-0.07240410149097443,-0.3024015426635742,-0.08311169594526291,-0.5394944548606873,0.032672375440597534,0.030386311933398247,0.08493672311306,0.18152408301830292,0.9851866364479065,1.0017324686050415,0.6871498227119446,0.6696981191635132,0.033032238483428955,0.03171156346797943,0.04874369874596596,0.09341603517532349,1.0840177536010742,8.083915710449219,-0.18678746188362794,-0.06147102734656073,0.0,-0.12975031971785705,0.0,-0.6098332685793215
9017,9,0.023231608793139458,-0.029607409611344337,0.0251088198274374,-0.03203407675027847,-0.07552842795848846,-0.26521608233451843,-0.154753640294075,-0.4141084849834442,0.029761770740151405,0.027783578261733055,0.07839197665452957,0.19087736308574677,0.9857854843139648,1.0027215480804443,0.6873038411140442,0.6689071655273438,0.029847249388694763,0.028470952063798904,0.045453477650880814,0.0994202196598053,2.9785537719726562,12.396507263183594,-0.19417589275395464,-0.03977035014540889,0.0,-0.13584865240365068,0.0,-0.6098332685793215
9018,9,0.023011643439531326,-0.03133006393909454,0.02369459718465805,-0.03479862958192825,-0.03810881823301315,-0.16057994961738586,-0.18293079733848572,-0.21478819847106934,0.027239318937063217,0.0255245640873909,0.07274115085601807,0.20379255712032318,0.9863764643669128,1.0035167932510376,0.6873875260353088,0.6681870222091675,0.027460800483822823,0.02599039301276207,0.04190448299050331,0.10583923757076263,3.27639102935791,12.618203163146973,-0.20841927839174237,-0.038912880519637844,0.0,-0.14154040171401913,0.0,-0.5265149522614327
9019,9,0.022455019876360893,-0.03280121088027954,0.02154368907213211,-0.036273278295993805,-0.07382183521986008,-0.13841894268989563,-0.23178090155124664,-0.09801293164491653,0.0250537171959877,0.023564619943499565,0.06875307112932205,0.22523802518844604,0.987219512462616,1.0045017004013062,0.6871047019958496,0.6670710444450378,0.025917762890458107,0.024847757071256638,0.0387011356651783,0.11314339190721512,2.39654541015625,6.355421543121338,-0.23350919843499207,-0.044546124140033505,0.0,-0.14680555123663386,0.0,-0.5265149522614461
9020,9,0.02067827433347702,-0.03560873866081238,0.01869766227900982,-0.037591420114040375,-0.20627599954605103,-0.33308547735214233,-0.26085197925567627,-0.10826342552900314,0.02315434254705906,0.021859418600797653,0.06451517343521118,0.24009782075881958,0.9881314039230347,1.0056133270263672,0.6867638230323792,0.6658811569213867,0.023896481841802597,0.022943826392292976,0.03635982796549797,0.12100470811128616,2.601289749145508,10.211221694946289,-0.24611222277060713,-0.038525024863192814,0.0,-0.15172687815333405,0.0,-0.43789813510239756
9021,9,0.018895752727985382,-0.03845224902033806,0.016922667622566223,-0.03810423985123634,-0.18552517890930176,-0.28291958570480347,-0.14496386051177979,-0.043823227286338806,0.021502839401364326,0.020375270396471024,0.05773494392633438,0.2366665005683899,0.988897979259491,1.0066851377487183,0.6866279244422913,0.6651126742362976,0.021762792021036148,0.02153046429157257,0.03317391127347946,0.12061891704797745,6.459665298461914,8.735795021057129,-0.22246509212912374,-0.015516974615165966,0.0,-0.15610585950435826,0.0,-0.43789813510238434
9022,9,0.01769600436091423,-0.04122885316610336,0.01599501445889473,-0.03873630613088608,-0.08645276725292206,-0.2827438712120056,-0.0730259120464325,-0.11638776957988739,0.02006625384092331,0.019083136692643166,0.05197755619883537,0.23633511364459991,0.9893540740013123,1.007843255996704,0.6867327690124512,0.6643287539482117,0.019831258803606033,0.020393498241901398,0.030306024476885796,0.11918607354164124,7.534399032592773,7.119879722595215,-0.23495523072978536,-0.015442469554254785,0.0,-0.1602143760206611,0.0,-0.3439828171021894
9023,9,0.01735874079167843,-0.04430793970823288,0.015477918088436127,-0.04082852602005005,0.014997631311416626,-0.322787344455719,-0.026408381760120392,-0.28592395782470703,0.018813785165548325,0.01795577071607113,0.04878426715731621,0.2380385547876358,0.9896165728569031,1.0093733072280884,0.686867892742157,0.6631577610969543,0.018457522615790367,0.020197097212076187,0.02836277335882187,0.11620774865150452,6.152396202087402,1.3275766372680664,-0.23875654297473015,-0.028257754655787726,0.0,-0.16365420419168317,0.0,-0.3439828171021762
9024,9,0.017306597903370857,-0.04906563088297844,0.015040571801364422,-0.04512747749686241,0.02748514711856842,-0.5507142543792725,-0.005720838904380798,-0.5061067342758179,0.01772252470254898,0.01697285659611225,0.04803064465522766,0.23755715787410736,0.9895049333572388,1.0114647150039673,0.6872314810752869,0.6614915132522583,0.01653096079826355,0.020118162035942078,0.028735915198922157,0.1124371886253357,10.988676071166992,-2.7426278591156006,-0.235550476774119,-0.04314796211780049,0.0,-0.16690752230085934,0.0,-0.2447689982608348
9025,9,0.018679074943065643,-0.055688679218292236,0.01569201610982418,-0.05101161077618599,0.228984534740448,-0.7657036781311035,0.1309184432029724,-0.6770946979522705,0.016767369583249092,0.016112051904201508,0.04766041785478592,0.23015154898166656,0.9887256026268005,1.0141288042068481,0.6881524324417114,0.6594197154045105,0.014730765484273434,0.019992170855402946,0.029492635279893875,0.10641371458768845,11.350502967834473,-0.9108829498291016,-0.19914722952932157,-0.04526293567032553,0.0,-0.16935521228346778,0.0,-0.2447689982608348
9026,9,0.022051800042390823,-0.06405193358659744,0.01805843971669674,-0.058782946318387985,0.41338592767715454,-0.9118295907974243,0.32304853200912476,-0.8805707693099976,0.015932219102978706,0.01535902451723814,0.07341203838586807,0.2169724702835083,0.9872743487358093,1.0170973539352417,0.6886385083198547,0.6571835279464722,0.01305538509041071,0.019511014223098755,0.04498180374503136,0.09922599792480469,11.51468276977539,3.2131385803222656,-0.1606846279817696,-0.07860637939185836,0.0,-0.171710943978788,0.0,-0.148723177806131
9027,9,0.027146607637405396,-0.07320345938205719,0.022575240582227707,-0.06834927946329117,0.5603266358375549,-0.9479221105575562,0.538031816482544,-1.0361121892929077,0.015200992114841938,0.014699411578476429,0.10596416890621185,0.2002953141927719,0.9852275848388672,1.0200872421264648,0.6892770528793335,0.6550034880638123,0.011641251854598522,0.018826758489012718,0.06558646261692047,0.09126630425453186,13.371624946594238,6.216413974761963,-0.12702559746033698,-0.11345307453186251,0.0,-0.1731135107645712,0.0,-0.1402566785783073
9028,9,0.033707186579704285,-0.08234929293394089,0.02915172651410103,-0.07899455726146698,0.699630618095398,-0.9166605472564697,0.7270911931991577,-1.1038888692855835,0.014562259428203106,0.014123012311756611,0.1373858004808426,0.18373577296733856,0.9829469323158264,1.023080825805664,0.6901312470436096,0.6528313755989075,0.011107110418379307,0.018380526453256607,0.08478117734193802,0.08281528949737549,10.246038436889648,6.400716304779053,-0.10814005384033012,-0.14622672809869983,0.0,-0.17451607755035445,0.0,-0.09165460465571888
9029,9,0.04045325890183449,-0.09165558218955994,0.03679952025413513,-0.09042424708604813,0.6659892797470093,-0.9264309406280518,0.8033045530319214,-1.153620719909668,0.014002424664795399,0.013617643155157566,0.17045347392559052,0.16856379806995392,0.9806382656097412,1.025739073753357,0.6909876465797424,0.6508961319923401,0.010597593151032925,0.01715151034295559,0.10519041121006012,0.07717803865671158,9.432048797607422,12.596588134765625,-0.09702360641380986,-0.18091762705356812,0.0,-0.17483422086211478,0.0,-0.030495883183302375
9030,9,0.047242600470781326,-0.09955422580242157,0.045432936400175095,-0.10139641165733337,0.656506359577179,-0.7086712121963501,0.8784262537956238,-1.055492639541626,0.013512111268937588,0.013174906373023987,0.18509507179260254,0.15336447954177856,0.978678286075592,1.028217077255249,0.6920532584190369,0.6491527557373047,0.010869660414755344,0.017175177112221718,0.1143198162317276,0.06881298869848251,8.642191886901855,5.199885368347168,-0.0792250585105882,-0.19017263612360694,0.0,-0.17513917969394777,0.0,-0.03049588318328916
9031,9,0.05274336785078049,-0.10751181840896606,0.053572457283735275,-0.11132877320051193,0.500227153301239,-0.8173587918281555,0.790012776851654,-0.8827056288719177,0.013081910088658333,0.01278634276241064,0.19850292801856995,0.14383994042873383,0.9771369695663452,1.0309412479400635,0.6929417252540588,0.6470175385475159,0.010801595635712147,0.017344189807772636,0.12207555770874023,0.0625588446855545,8.95235538482666,1.1258149147033691,-0.09616007334692644,-0.20327373324544168,0.0,-0.17442464688180706,0.0,0.08431328740960922
9032,9,0.05727989226579666,-0.11644181609153748,0.06049901992082596,-0.11931636929512024,0.43401873111724854,-0.9250512719154358,0.6044632792472839,-0.7299627065658569,0.012704933062195778,0.012445776723325253,0.1973000019788742,0.13076846301555634,0.975811779499054,1.0337504148483276,0.6940309405326843,0.6448084712028503,0.01082634273916483,0.0170633215457201,0.12233428657054901,0.05665196105837822,6.913020610809326,4.118998050689697,-0.06357687935284934,-0.1918882544210646,0.0,-0.17358151400771096,0.0,0.08431328740960922
9033,9,0.06122847646474838,-0.1254660040140152,0.06539729237556458,-0.1260363757610321,0.35613083839416504,-0.8803327083587646,0.38905230164527893,-0.6369713544845581,0.01237442996352911,0.01214713416993618,0.1963699907064438,0.11437284201383591,0.975085973739624,1.0363951921463013,0.6947670578956604,0.6428425312042236,0.011629844084382057,0.016623133793473244,0.11819706112146378,0.04975591599941254,0.3806281089782715,6.454319953918457,-0.02709565840678549,-0.19217563776881433,0.0,-0.17179431226209094,0.0,0.20412080807174518
9034,9,0.06307822465896606,-0.13386261463165283,0.06776163727045059,-0.13251355290412903,0.07122648507356644,-0.778081476688385,0.1250532567501068,-0.6532259583473206,0.012083945795893669,0.011884610168635845,0.19514229893684387,0.09874472767114639,0.9751681089401245,1.0386595726013184,0.6948330402374268,0.6412500143051147,0.012372144497931004,0.015990812331438065,0.11374800652265549,0.04342379420995712,0.9829282760620117,5.177488327026367,-0.012558392937242785,-0.18961419178755023,0.0,-0.16975310418137338,0.0,0.20412080807174518
9035,9,0.06256873160600662,-0.14093710482120514,0.0676189512014389,-0.13923922181129456,-0.14578819274902344,-0.6472393274307251,-0.12416069209575653,-0.6826713681221008,0.011829801835119724,0.01165489386767149,0.18736085295677185,0.08558440208435059,0.9760638475418091,1.0406252145767212,0.6943390369415283,0.6398808360099792,0.013177950866520405,0.015750762075185776,0.10656969994306564,0.037337422370910645,-0.8283388614654541,2.9298758506774902,-0.005962954134619419,-0.15183959967107513,0.0,-0.1668532467017202,0.0,0.32892667880310555
9036,9,0.059570975601673126,-0.14722903072834015,0.06478922814130783,-0.1463252753019333,-0.41050535440444946,-0.5929234027862549,-0.40058356523513794,-0.7036997675895691,0.011606920510530472,0.011453406885266304,0.17538821697235107,0.07467874139547348,0.9777814745903015,1.0422086715698242,0.6932981014251709,0.6387909054756165,0.013976575806736946,0.015047718770802021,0.09691666066646576,0.033080630004405975,-3.2414770126342773,6.8912577629089355,-0.005314300069950997,-0.1195197865238879,0.0,-0.16356397991368896,0.0,0.32892667880310555
9037,9,0.05413078889250755,-0.1520487666130066,0.059563931077718735,-0.1529785394668579,-0.6657794117927551,-0.4043644368648529,-0.6442150473594666,-0.6334704160690308,0.011411326006054878,0.01127657014876604,0.15813523530960083,0.06555894017219543,0.980528712272644,1.0435723066329956,0.6915274262428284,0.6378632187843323,0.015259034931659698,0.015057269483804703,0.0835520327091217,0.028626427054405212,-6.533374786376953,1.4366674423217773,0.006981514092706836,-0.07500811977894045,0.0,-0.1595114798994487,0.0,0.45873089960370345
9038,9,0.04535958170890808,-0.15651139616966248,0.05119200423359871,-0.15896965563297272,-1.0182245969772339,-0.4435764253139496,-0.9759049415588379,-0.518160343170166,0.011239741928875446,0.011121422052383423,0.13641034066677094,0.05788370221853256,0.9841054677963257,1.044835090637207,0.6891677975654602,0.6369460225105286,0.015733705833554268,0.014864251017570496,0.07026640325784683,0.02521687187254429,-3.534228801727295,1.4068222045898438,-0.0025457491199041907,-0.0269192535302136,0.0,-0.15492417090341146,0.0,0.45873089960370345
9039,9,0.034466344863176346,-0.16060295701026917,0.04026351869106293,-0.16298729181289673,-1.1682565212249756,-0.38872334361076355,-1.2070413827896118,-0.318246454000473,0.037976909428834915,0.02126047946512699,0.11632741987705231,0.05138174816966057,0.9844112396240234,1.044620156288147,0.6863313913345337,0.6360401511192322,0.04049685597419739,0.023619748651981354,0.057829976081848145,0.02214074321091175,-1.8162059783935547,-0.8196020126342773,0.022888214051847024,0.042582746980478994,0.0,-0.1496790415540303,0.0,0.593533470473539
9040,9,0.022274848073720932,-0.16450263559818268,0.02717876061797142,-0.16552375257015228,-1.254029393196106,-0.3785727024078369,-1.386129379272461,-0.19845302402973175,0.07826472073793411,0.033167269080877304,0.09999886900186539,0.04582996666431427,0.9834260940551758,1.0439597368240356,0.6831979751586914,0.6351648569107056,0.07751452177762985,0.03461439535021782,0.048820216208696365,0.019760161638259888,0.7948923110961914,-1.2842440605163574,0.03505122789027333,0.08618468241184017,0.0,-0.14374370684929463,0.0,0.593533470473539
9041,9,0.010067835450172424,-0.16798627376556396,0.012934979051351547,-0.16698119044303894,-1.1918187141418457,-0.32105207443237305,-1.4526454210281372,-0.12045417726039886,0.11406362056732178,0.05146108195185661,0.08663146942853928,0.04109001159667969,0.9827502965927124,1.0421985387802124,0.6803506016731262,0.6348215341567993,0.11111214756965637,0.04878450557589531,0.04276314750313759,0.01880066655576229,2.7425479888916016,7.1230387687683105,0.054828213340492336,0.12298810982494614,0.0,-0.13726596136421879,0.0,0.7333343914125857
9042,9,-0.0004733540117740631,-0.16900132596492767,-0.0011228770017623901,-0.16766327619552612,-0.9725469946861267,0.03577228635549545,-1.4063962697982788,-0.07264886051416397,0.13249537348747253,0.06559044122695923,0.07557602226734161,0.03702941909432411,0.9830411076545715,1.039979100227356,0.6779564619064331,0.635430097579956,0.13380230963230133,0.05957593768835068,0.037438832223415375,0.018361013382673264,1.2859344482421875,10.588254928588867,0.06859515643349776,0.1378691765049007,0.0,-0.1299326174500923,0.0,0.7333343914125989
9043,9,-0.009521463885903358,-0.1665971875190735,-0.014172145165503025,-0.16810226440429688,-0.8577402234077454,0.4109719395637512,-1.1670963764190674,-0.007232114672660828,0.13146157562732697,0.061140693724155426,0.06630892306566238,0.03352569416165352,0.9847468733787537,1.0386180877685547,0.6759398579597473,0.6369505524635315,0.13992653787136078,0.05776894837617874,0.03335470333695412,0.01768599823117256,4.213581085205078,7.762773036956787,0.033538684695417244,0.12607026459067128,0.0,-0.12218226902876772,0.0,0.8781336624208899
9044,9,-0.017228011041879654,-0.1613319367170334,-0.02386586181819439,-0.16660438477993011,-0.6888941526412964,0.6136133074760437,-0.7961475253105164,0.3358197808265686,0.1307658702135086,0.054126642644405365,0.058497875928878784,0.030498024076223373,0.9868072867393494,1.0374423265457153,0.6744996309280396,0.6390596032142639,0.13793125748634338,0.05075090378522873,0.030008558183908463,0.01707192324101925,3.283858299255371,9.527261734008789,-0.008922941826820768,0.12713589792489072,0.0,-0.11340093240455851,0.0,0.8781336624208832
9045,9,-0.023102594539523125,-0.154054194688797,-0.030028019100427628,-0.16082815825939178,-0.4993837773799896,0.8237369060516357,-0.4805438220500946,0.7672936916351318,0.12865231931209564,0.04817814379930496,0.0518958754837513,0.03057151846587658,0.9885620474815369,1.0357447862625122,0.6735725998878479,0.6416611075401306,0.13357636332511902,0.04349345341324806,0.027284614741802216,0.017949603497982025,2.6941776275634766,9.178147315979004,-0.03058389345207877,0.11756664184271357,0.0,-0.10433799424643149,0.0,1.0279312834984118
9046,9,-0.027129095047712326,-0.14474904537200928,-0.03357132151722908,-0.15139688551425934,-0.3085666596889496,1.0327571630477905,-0.24457763135433197,1.0895030498504639,0.12431707978248596,0.043109260499477386,0.04628622531890869,0.050968237221241,0.9899486303329468,1.0334265232086182,0.6731780767440796,0.6439817547798157,0.1269408017396927,0.03777360916137695,0.025102779269218445,0.028473254293203354,4.7573018074035645,3.8067007064819336,-0.05489938135937428,0.10135130443959497,0.0,-0.09405868141144695,0.0,1.0279312834984118
9047,9,-0.02916484884917736,-0.13427551090717316,-0.03513040021061897,-0.1395874321460724,-0.09278907626867294,1.0810797214508057,-0.057275258004665375,1.2661188840866089,0.11754560470581055,0.038753487169742584,0.04147721827030182,0.07738159596920013,0.9909703731536865,1.030740737915039,0.673342227935791,0.6462034583091736,0.1182589903473854,0.03313257917761803,0.023210518062114716,0.04266522079706192,2.4629878997802734,3.504772186279297,-0.08280957157828535,0.08132431970327161,0.0,-0.08364316671596361,0.0,1.1701872978806114
9048,9,-0.029284531250596046,-0.12332777678966522,-0.034759681671857834,-0.12643983960151672,0.06613073498010635,1.1091978549957275,0.125174880027771,1.3552806377410889,0.10767624527215958,0.035018499940633774,0.03736229985952377,0.08442465215921402,0.9917250871658325,1.0278635025024414,0.67399662733078,0.6490670442581177,0.1070459857583046,0.02944517321884632,0.021762793883681297,0.04766887426376343,3.599841594696045,3.222651481628418,-0.08610128684075191,0.05361248677014373,0.0,-0.07181589416951127,0.0,1.1827272546451713
9049,9,-0.02756260521709919,-0.11209596693515778,-0.03251781314611435,-0.11253365129232407,0.2628461420536041,1.1298662424087524,0.30987969040870667,1.4136075973510742,0.09604755789041519,0.03179829567670822,0.03382084146142006,0.0867285206913948,0.992167055606842,1.0249077081680298,0.675183892250061,0.6521461009979248,0.09392476081848145,0.02624710649251938,0.020557167008519173,0.049872513860464096,4.314618110656738,3.0684661865234375,-0.08729314691126891,0.030599570510676126,0.0,-0.05998862162305875,0.0,1.2534841709393707
9050,9,-0.023961113765835762,-0.10072805732488632,-0.02854231558740139,-0.09847036749124527,0.442975789308548,1.1458497047424316,0.4748644232749939,1.3647563457489014,0.08336732536554337,0.029008394107222557,0.030757255852222443,0.08643680810928345,0.9923669099807739,1.0219782590866089,0.676660418510437,0.6552225351333618,0.0810614824295044,0.023823613300919533,0.019065042957663536,0.050104621797800064,1.054832935333252,0.1407456398010254,-0.08473471490997786,-0.0018003405130002648,0.0,-0.04658260037750543,0.0,1.3425215758611548
9051,9,-0.01948477514088154,-0.08983515202999115,-0.023400891572237015,-0.08604796230792999,0.4809248149394989,1.0696862936019897,0.5700770020484924,1.1539968252182007,0.07283620536327362,0.026592813432216644,0.03483660891652107,0.08573988825082779,0.9922980666160583,1.0191748142242432,0.6779688000679016,0.6581342220306396,0.06977592408657074,0.0217937920242548,0.021311713382601738,0.04996481165289879,-0.6792819499969482,-0.7387006282806396,-0.08166620850922826,-0.03554354822845199,0.0,-0.033157384618893164,0.0,1.3425215758611548
9052,9,-0.014661510474979877,-0.07959085702896118,-0.017344778403639793,-0.07553510367870331,0.49396342039108276,0.9925029277801514,0.6402925252914429,0.9759373664855957,0.06400947272777557,0.02449560910463333,0.04750167950987816,0.08211448788642883,0.99184650182724,1.016376256942749,0.679054319858551,0.6610952019691467,0.0601460225880146,0.01959948055446148,0.028764739632606506,0.04897205904126167,0.15441179275512695,3.3684873580932617,-0.060819071212616885,-0.04979888382018545,0.0,-0.01826882973418353,0.0,1.507314247146373
9053,9,-0.009305551648139954,-0.06927745044231415,-0.010464481078088284,-0.06613091379404068,0.5443999767303467,1.033889889717102,0.7013062238693237,0.8954046964645386,0.05656495690345764,0.02267267182469368,0.058896828442811966,0.07577460259199142,0.9913820624351501,1.0137184858322144,0.6798649430274963,0.6639786958694458,0.0541645884513855,0.01837293803691864,0.03435513377189636,0.04536056146025658,-6.669108867645264,0.9307861328125,-0.03805596800314712,-0.06110797376022674,0.0,-0.0031956872627189777,0.0,1.5073142471463747
9054,9,-0.005402001552283764,-0.059892021119594574,-0.004087201319634914,-0.058086056262254715,0.3058989942073822,0.8975539207458496,0.6083204746246338,0.7713316082954407,0.05024935305118561,0.021085690706968307,0.07568510621786118,0.06935343891382217,0.9912525415420532,1.011229157447815,0.6800791025161743,0.6666960120201111,0.04862641543149948,0.016988079994916916,0.04316648468375206,0.041947707533836365,-5.530296325683594,1.777658462524414,-0.03051578802359428,-0.07919926383183337,0.0,0.013167383123319446,0.0,1.671013178378493
9055,9,-0.0027797678485512733,-0.05102705955505371,0.0011623018654063344,-0.05039453133940697,0.21464022994041443,0.8653785586357117,0.41522443294525146,0.7606917023658752,0.044882722198963165,0.01970631629228592,0.07219986617565155,0.061098918318748474,0.9912658929824829,1.0087777376174927,0.6807665228843689,0.6694321632385254,0.04357932135462761,0.015660174190998077,0.04208359867334366,0.03772765025496483,-2.351555824279785,2.7945327758789062,0.006379402964760611,-0.05112317661405542,0.0,0.029877514907105517,0.0,1.6710131783784947
9056,9,-0.000585503876209259,-0.042293522506952286,0.004178158473223448,-0.042592938989400864,0.2017262876033783,0.8630369305610657,0.18595747649669647,0.7852652072906494,0.04028633236885071,0.029139380902051926,0.06803767383098602,0.054115381091833115,0.9914866089820862,1.0050123929977417,0.681308925151825,0.6721262335777283,0.040015533566474915,0.022371705621480942,0.038834866136312485,0.03402620926499367,-6.642851829528809,5.963168144226074,0.03076946848073367,-0.0426232340245042,0.0,0.047538699481011915,0.0,1.8092500090681671
9057,9,0.00045479461550712585,-0.03347719460725784,0.004891753662377596,-0.034693941473960876,0.022333338856697083,0.901742696762085,-0.02188003994524479,0.8046717047691345,0.03634043037891388,0.04828520864248276,0.06483406573534012,0.048182979226112366,0.992170512676239,0.9998080730438232,0.6813154816627502,0.6750181913375854,0.037193845957517624,0.03626498207449913,0.03591360151767731,0.03145861625671387,-8.661584854125977,9.853925704956055,0.05199713321866539,-0.04506296054110863,0.0,0.06563119957169428,0.0,1.8092500090681671
9058,9,-0.0002892427146434784,-0.023537643253803253,0.003884284058585763,-0.026089731603860855,-0.17279139161109924,1.071908950805664,-0.1839827597141266,0.9165880084037781,0.032929860055446625,0.0650821402668953,0.05866324156522751,0.04310041293501854,0.9935078024864197,0.994396984577179,0.6807339787483215,0.6782252192497253,0.03526170551776886,0.04965345934033394,0.03130069747567177,0.029079798609018326,-10.013975143432617,7.505838871002197,0.06835473839528425,-0.02024371110484936,0.0,0.0843509807709921,0.0,1.915932649093066
9059,9,-0.003454377641901374,-0.012487100437283516,0.0008488408057019114,-0.016247661784291267,-0.42478349804878235,1.151159644126892,-0.3980616629123688,1.0640136003494263,0.030054131522774696,0.06490502506494522,0.05203746259212494,0.03875018283724785,0.9954455494880676,0.990191638469696,0.6796284317970276,0.6817821264266968,0.0331113263964653,0.05160047113895416,0.026912229135632515,0.027377262711524963,-8.037942886352539,7.758145332336426,0.06381030957401551,0.010518857979914167,0.0,0.10351030726192348,0.0,1.915932649093066
9060,9,-0.008399934507906437,-0.00018861514399759471,-0.004018864594399929,-0.004471328109502792,-0.5691344738006592,1.2882881164550781,-0.5776605606079102,1.2653069496154785,0.051200367510318756,0.07049435377120972,0.046382300555706024,0.03499995917081833,0.995146632194519,0.9856606125831604,0.6778755784034729,0.6855815649032593,0.05139261856675148,0.05476756766438484,0.022565161809325218,0.025490548461675644,-10.287219047546387,5.24402379989624,0.0715839755815054,0.054717031352920456,0.0,0.12303625156129451,0.0,1.9910610984531851
9061,9,-0.01542584877461195,0.012776531279087067,-0.011078395880758762,0.00877918116748333,-0.7829461097717285,1.3291213512420654,-0.7906891107559204,1.388344168663025,0.08027266710996628,0.07029790431261063,0.041563086211681366,0.03177560120820999,0.9942324161529541,0.9811896681785583,0.675585925579071,0.689650297164917,0.0784028023481369,0.05447438359260559,0.0193309485912323,0.02427590638399124,-9.770709991455078,6.7131876945495605,0.06910166566856876,0.08642879013787023,0.0,0.14294686254582778,0.0,1.9910610984531982
9062,9,-0.02373811975121498,0.02687840722501278,-0.019710589200258255,0.023434506729245186,-0.8746148943901062,1.4716917276382446,-0.931520938873291,1.5203977823257446,0.12202242761850357,0.07840298116207123,0.03743106871843338,0.028990227729082108,0.9925227761268616,0.9757711291313171,0.6733088493347168,0.6941048502922058,0.1128511130809784,0.05798129364848137,0.017596431076526642,0.023152457550168037,-1.4778375625610352,4.894909858703613,0.08021073545541949,0.13286088104243388,0.0,0.1630265364199532,0.0,2.034635357148537
9063,9,-0.031348176300525665,0.042331963777542114,-0.029144253581762314,0.03945811837911606,-0.6948428750038147,1.585208535194397,-0.9727364778518677,1.642494559288025,0.15405967831611633,0.07783469557762146,0.033873315900564194,0.026576541364192963,0.9909171462059021,0.9703640341758728,0.6716800928115845,0.6988983750343323,0.14147761464118958,0.05769069492816925,0.016772229224443436,0.02236948348581791,2.7315878868103027,6.4414167404174805,0.0744440239024432,0.1637105030834209,0.0,0.18337288999143994,0.0,2.034635357148537
9064,9,-0.036503128707408905,0.05912160873413086,-0.03857092186808586,0.05653594434261322,-0.38909435272216797,1.731661081314087,-0.9163082242012024,1.737282156944275,0.1538131982088089,0.07678283751010895,0.030800646170973778,0.024480385705828667,0.990641713142395,0.9647344350814819,0.6708837151527405,0.7040831446647644,0.1505497395992279,0.05561648681759834,0.01606236770749092,0.021730689331889153,3.9554738998413086,8.02581787109375,0.07049976743383521,0.15259177680010905,0.0,0.2037538599150021,0.0,2.046655425179096
9065,9,-0.03909255936741829,0.07727029919624329,-0.045688778162002563,0.07436226308345795,-0.16950452327728271,1.8726884126663208,-0.49206534028053284,1.815022587776184,0.14779457449913025,0.07426954805850983,0.02814308926463127,0.02265864610671997,0.9912365078926086,0.958827555179596,0.6705508828163147,0.7095448970794678,0.1488107293844223,0.05303354561328888,0.01496497169137001,0.021022701635956764,-0.37877321243286133,7.955503463745117,0.05918768021494242,0.11776946584577672,0.0,0.22422041416679456,0.0,2.046655425179109
9066,9,-0.04056632146239281,0.09635145217180252,-0.04837987944483757,0.09278545528650284,-0.09396328032016754,1.9536570310592651,-0.0862121731042862,1.8892645835876465,0.1384153515100479,0.0702536329627037,0.02584017999470234,0.021073393523693085,0.992246150970459,0.9527810215950012,0.6704906225204468,0.7151913642883301,0.1409754902124405,0.049631692469120026,0.014022942632436752,0.02030569314956665,-2.969062328338623,6.721043586730957,0.04594346343160971,0.09079170393641106,0.0,0.24465024661447587,0.0,2.0271213025449013
9067,9,-0.0411933958530426,0.11606787890195847,-0.04803884029388428,0.11214516311883926,-0.015186607837677002,1.999205231666565,0.1302574872970581,1.9881025552749634,0.12948279082775116,0.0659376010298729,0.023839030414819717,0.019690869376063347,0.9932489991188049,0.9465659856796265,0.6707263588905334,0.7210018038749695,0.13065269589424133,0.04563941806554794,0.013326841406524181,0.01975906826555729,-3.5908710956573486,7.001819610595703,0.039549690921811764,0.08321936811204067,0.0,0.2649214596399257,0.0,2.0271213025449146
9068,9,-0.04078841954469681,0.13644762337207794,-0.04593938589096069,0.13260261714458466,0.08503923565149307,2.0655035972595215,0.26519742608070374,2.0872297286987305,0.12059182673692703,0.06193059682846069,0.022101126611232758,0.018486376851797104,0.9939950108528137,0.9401484727859497,0.6712552905082703,0.7268868088722229,0.119937002658844,0.04220721125602722,0.01278233528137207,0.01907375454902649,-2.156134843826294,5.0014567375183105,0.03711872710705705,0.07348088393802754,0.0,0.2851477210864073,0.0,1.9801716321007514
9069,9,-0.03929877653717995,0.15707549452781677,-0.04280973970890045,0.1537671983242035,0.20183902978897095,2.064208745956421,0.351181298494339,2.1371517181396484,0.1109219416975975,0.05744379758834839,0.020589308813214302,0.017435666173696518,0.9943420886993408,0.9335190653800964,0.6722908020019531,0.7329708933830261,0.10769367963075638,0.03780385106801987,0.012685163877904415,0.018926816061139107,1.2156057357788086,9.157710075378418,0.02930435166493034,0.05845282318885437,0.0,0.30490805097886725,0.0,1.9760329892459265
9070,9,-0.035896316170692444,0.17866648733615875,-0.03848769888281822,0.17567963898181915,0.4184192419052124,2.197885036468506,0.46681636571884155,2.200188159942627,0.09991455078125,0.053854335099458694,0.019270194694399834,0.01651669852435589,0.9943331480026245,0.9264801144599915,0.6736826300621033,0.7392566204071045,0.0961328074336052,0.03419237956404686,0.012172163464128971,0.018622487783432007,-1.68168306350708,9.7066068649292,0.03111535456070902,0.038739543583942576,0.0,0.32466838087132777,0.0,1.9394388932179145
9071,9,-0.03144598752260208,0.20097418129444122,-0.03357045724987984,0.19771212339401245,0.4739347994327545,2.2601912021636963,0.5191272497177124,2.2149312496185303,0.0865592285990715,0.04794476181268692,0.018119484186172485,0.01571335643529892,0.9943949580192566,0.9196022152900696,0.6750767230987549,0.7453452944755554,0.08425983786582947,0.030977100133895874,0.01152100134640932,0.017613694071769714,-2.740703821182251,1.983191967010498,0.009068503636174563,0.00016551735694519953,0.0,0.34361221275165393,0.0,1.8933904852821584
9072,9,-0.026989873498678207,0.22238755226135254,-0.028538160026073456,0.21951982378959656,0.4565100371837616,2.0859923362731934,0.5236400365829468,2.1828413009643555,0.0754900872707367,0.04289970174431801,0.01791059412062168,0.01501047145575285,0.9943653345108032,0.9130464792251587,0.6765371561050415,0.751171886920929,0.07250460982322693,0.02716573141515255,0.011568674817681313,0.01711171306669712,-2.774815559387207,4.348735809326172,-0.003793560702822274,-0.016433553817914795,0.0,0.3625461176044769,0.0,1.8933904852821584
9073,9,-0.02211686223745346,0.24315792322158813,-0.02291479893028736,0.241380974650383,0.5020500421524048,2.0592286586761475,0.5824321508407593,2.1701090335845947,0.06623484194278717,0.03968944773077965,0.021618735045194626,0.014395017176866531,0.9940488338470459,0.9063226580619812,0.6778896450996399,0.7569913268089294,0.0629461333155632,0.023994063958525658,0.01364189200103283,0.016920391470193863,-3.578130006790161,8.045394897460938,0.01851079943591427,-0.022192270058440045,0.0,0.3804659695263191,0.0,1.7791937906536368
9074,9,-0.017085177823901176,0.26409417390823364,-0.01694146916270256,0.2628348767757416,0.4906065762042999,2.104738235473633,0.5937453508377075,2.107100009918213,0.05843781679868698,0.0370718352496624,0.036018263548612595,0.013855671510100365,0.9934729337692261,0.8993340730667114,0.6788479685783386,0.7628722190856934,0.054623544216156006,0.02155589498579502,0.021987684071063995,0.016666023060679436,-0.13158917427062988,7.907810211181641,0.019670484652299425,-0.03832695608143695,0.0,0.39825790743285616,0.0,1.7791937906536368
9075,9,-0.011806313879787922,0.28529348969459534,-0.011101610958576202,0.2836018204689026,0.5386294722557068,2.1195945739746094,0.5584226250648499,2.043807029724121,0.05184706673026085,0.033564381301403046,0.04473808780312538,0.013383791781961918,0.9925761222839355,0.8922748565673828,0.6801342964172363,0.7687976956367493,0.047731056809425354,0.01869960129261017,0.027515752241015434,0.016511674970388412,1.162734031677246,9.819795608520508,0.007274567074717797,-0.04633210145984777,0.0,0.41490134587089567,0.0,1.6334429053603086
9076,9,-0.006073435768485069,0.3067917227745056,-0.0056641739793121815,0.30399104952812195,0.5861325860023499,2.157665729522705,0.5212402939796448,2.0326743125915527,0.0462297648191452,0.030533285811543465,0.06079740822315216,0.01296973042190075,0.9916009902954102,0.8853289484977722,0.681065022945404,0.7744596600532532,0.0426986888051033,0.017033221200108528,0.036315400153398514,0.0157102569937706,-0.986093282699585,4.691116809844971,-0.0017648114613452726,-0.06385713747818955,0.0,0.4312357749245,0.0,1.633442905360335
9077,9,-0.0009322650730609894,0.32722440361976624,-0.0010506362887099385,0.3239264190196991,0.4785905182361603,1.981371283531189,0.4451550245285034,1.9900686740875244,0.04141891002655029,0.027906356379389763,0.07877273857593536,0.016835058107972145,0.9907554984092712,0.8787920475006104,0.6816784143447876,0.7794654965400696,0.03858085721731186,0.01547277346253395,0.046283937990665436,0.018676789477467537,-1.4801323413848877,4.661290645599365,-0.01735831943957017,-0.08232689204742201,0.0,0.446396542484307,0.0,1.4628495935163963
9078,9,0.0033348738215863705,0.3463950753211975,0.0033453230280429125,0.3436761796474457,0.37942641973495483,1.8655463457107544,0.4363240897655487,1.9553395509719849,0.03731431066989899,0.02564096823334694,0.07844103127717972,0.01599365472793579,0.9901593923568726,0.872650146484375,0.6826215386390686,0.7843616604804993,0.035223498940467834,0.014343691058456898,0.0463961698114872,0.017722703516483307,-0.19297242164611816,2.826700210571289,0.0001534903349588168,-0.07645927797188051,0.0,0.46102503841947134,0.0,1.4628495935163697
9079,9,0.006702703423798084,0.3642154633998871,0.007544572465121746,0.36276233196258545,0.3004108965396881,1.7110111713409424,0.39939451217651367,1.860418677330017,0.033770378679037094,0.023667946457862854,0.07725590467453003,0.015255553647875786,0.9898603558540344,0.8670449256896973,0.6833702921867371,0.7887800335884094,0.03242777660489082,0.013606153428554535,0.04518364369869232,0.01663707196712494,-1.571037769317627,2.1659326553344727,0.009025660634374932,-0.07018563846242615,0.0,0.47466225315573274,0.0,1.2942609115783388
9080,9,0.009010625071823597,0.38032248616218567,0.01094709150493145,0.3804958462715149,0.18416506052017212,1.5349910259246826,0.28941407799720764,1.6997735500335693,0.030719520524144173,0.024734079837799072,0.07553573697805405,0.014610975980758667,0.989898145198822,0.8616797924041748,0.6837884187698364,0.7927842140197754,0.030203714966773987,0.014522298239171505,0.043355394154787064,0.015755025669932365,-4.057435989379883,3.3299899101257324,0.024918166841468692,-0.06520302325603552,0.0,0.487604862271517,0.0,1.2942609115783388
9081,9,0.010006517171859741,0.3950253129005432,0.013006344437599182,0.3963692784309387,0.03024589642882347,1.4149202108383179,0.12441374361515045,1.4743512868881226,0.028077920898795128,0.042574722319841385,0.07227320969104767,0.014046043157577515,0.9902124404907227,0.8548502922058105,0.6839786171913147,0.7965356111526489,0.02789514884352684,0.026195960119366646,0.0413496270775795,0.015133696608245373,-1.323714256286621,4.624266624450684,0.0458209427918351,-0.05256220365059562,0.0,0.49976731382613976,0.0,1.1343886236603582
9082,9,0.01022461336106062,0.4090856909751892,0.01359069999307394,0.4101475179195404,-0.003909450024366379,1.3845100402832031,-0.017383186146616936,1.2759212255477905,0.025783685967326164,0.05676410347223282,0.0665535181760788,0.013550207950174809,0.990568995475769,0.8482534289360046,0.6842115521430969,0.8002021312713623,0.025565262883901596,0.03669276833534241,0.038342949002981186,0.014815503731369972,1.3315796852111816,6.349148750305176,0.05943540179452683,-0.03166624358040281,0.0,0.5111112000627438,0.0,1.1343886236603318
9083,9,0.010366493836045265,0.423088937997818,0.012904840521514416,0.42208075523376465,0.0077127497643232346,1.3948478698730469,-0.12154572457075119,1.1164820194244385,0.023793330416083336,0.059164345264434814,0.061084646731615067,0.013115998357534409,0.9908286333084106,0.8427972197532654,0.6845189929008484,0.8038042187690735,0.023300999775528908,0.0402909591794014,0.035512637346982956,0.014345803298056126,4.40410852432251,5.288944244384766,0.05964666885104372,-0.0271836262580473,0.0,0.5218686195878877,0.0,0.9832327297624018
9084,9,0.010797977447509766,0.4367031157016754,0.011381912045180798,0.43306946754455566,0.06168944388628006,1.3187118768692017,-0.17974285781383514,1.1050441265106201,0.02206229418516159,0.0581711120903492,0.05673617124557495,0.012735283933579922,0.9909732937812805,0.8382455110549927,0.6848484873771667,0.8070620894432068,0.02156474068760872,0.041348397731781006,0.03291543573141098,0.01355886459350586,3.60745906829834,2.754676342010498,0.05192639514031269,-0.029418047053040942,0.0,0.5317009468855123,0.0,0.9832327297624018
9085,9,0.011298052035272121,0.448862761259079,0.009389408864080906,0.44422975182533264,0.04593716561794281,1.1409310102462769,-0.1771678328514099,1.132378339767456,0.02055441029369831,0.058017559349536896,0.054264143109321594,0.012401293031871319,0.9909815192222595,0.8342112898826599,0.6851992011070251,0.81003737449646,0.019770003855228424,0.04154427722096443,0.031740862876176834,0.013111941516399384,6.16497278213501,4.549825191497803,0.057051074975459554,-0.03859347794321366,0.0,0.5411230655333381,0.0,0.8407932298844696
9086,9,0.012238849885761738,0.4600585699081421,0.00865450594574213,0.4557783007621765,0.11856260895729065,1.0895336866378784,0.013894405215978622,1.1516672372817993,0.019240790978074074,0.07467358559370041,0.051988694816827774,0.012108511291444302,0.9908528327941895,0.8290727138519287,0.685623288154602,0.8127985000610352,0.018392452970147133,0.05143262818455696,0.030509650707244873,0.012709190137684345,5.254888534545898,5.536770820617676,0.07822814318324314,-0.03745674641919323,0.0,0.5495309978321831,0.0,0.8407932298844696
9087,9,0.013398604467511177,0.4706437289714813,0.009582034312188625,0.4669496715068817,0.1231548935174942,1.0395312309265137,0.1599336564540863,1.0865198373794556,0.018094278872013092,0.08050142973661423,0.05178462713956833,0.011851586401462555,0.9907063245773315,0.824677050113678,0.6859590411186218,0.8152728080749512,0.01725912280380726,0.05820047855377197,0.03023974969983101,0.0121326157823205,4.710392951965332,1.4113616943359375,0.08181180180864675,-0.05047693561878987,0.0,0.557687546754851,0.0,0.7070701240266409
9088,9,0.014475243166089058,0.48014989495277405,0.011479667387902737,0.47715404629707336,0.1143500804901123,0.89650559425354,0.2256636917591095,0.9759584069252014,0.017091961577534676,0.08349694311618805,0.053440697491168976,0.011625912971794605,0.9906010031700134,0.8211435079574585,0.68613201379776,0.8174535632133484,0.01652238890528679,0.06206006556749344,0.03080793470144272,0.011645399034023285,1.2125420570373535,1.6878771781921387,0.08416554489967856,-0.05375325955566951,0.0,0.5647582479951174,0.0,0.707070124026588
9089,9,0.015149206854403019,0.48850494623184204,0.013812633231282234,0.48620015382766724,0.04550955444574356,0.7956452965736389,0.24574926495552063,0.8509409427642822,0.016215847805142403,0.09877797961235046,0.05464718118309975,0.011427829973399639,0.9906865358352661,0.8173815011978149,0.6861200332641602,0.8191384673118591,0.015884077176451683,0.07329061627388,0.031258609145879745,0.010733562521636486,1.7785000801086426,-4.814414024353027,0.10235986040521997,-0.054875319862039765,0.0,0.5717189583447877,0.0,0.5921901535381006
9090,9,0.015207364223897457,0.4948872923851013,0.01596357487142086,0.49369433522224426,-0.004190690815448761,0.5401659607887268,0.20070266723632812,0.6804625391960144,0.015450619161128998,0.11101994663476944,0.05350106954574585,0.011254176497459412,0.9907243847846985,0.8142257332801819,0.6862401366233826,0.8204158544540405,0.014913011342287064,0.08404277265071869,0.03104831464588642,0.010366125963628292,2.885305881500244,-1.7946386337280273,0.11420076366754146,-0.04620015246910043,0.0,0.5775395924666755,0.0,0.582063412188757
9091,9,0.015595344826579094,0.5000061988830566,0.01771392673254013,0.49983924627304077,0.059654269367456436,0.4687741696834564,0.1228480413556099,0.5284054279327393,0.014780472032725811,0.1438070684671402,0.051561810076236725,0.0111016184091568,0.990594208240509,0.810336172580719,0.6865532994270325,0.8214632272720337,0.014017673209309578,0.10409046709537506,0.030282767489552498,0.009985281154513359,3.8726329803466797,-1.5331768989562988,0.15316869865660507,-0.03916557770338841,0.0,0.5833602265885636,0.0,0.530570066110839
9092,9,0.016514457762241364,0.5043618083000183,0.018368680030107498,0.5040794610977173,0.11200513690710068,0.4077916443347931,0.015455357730388641,0.3253592848777771,0.014193571172654629,0.15977497398853302,0.05132812634110451,0.010967637412250042,0.9902278780937195,0.8071497678756714,0.6870157122612,0.8223078846931458,0.013049101456999779,0.12027779221534729,0.030535265803337097,0.009707735851407051,6.264994144439697,-3.5383176803588867,0.16474356837691856,-0.04983018983271905,0.0,0.5880319263392187,0.0,0.46577309437097664
9093,9,0.018198927864432335,0.5080112218856812,0.018237236887216568,0.5064267516136169,0.20747284591197968,0.32866716384887695,-0.03476119413971901,0.16660186648368835,0.013680276460945606,0.17206822335720062,0.05840688571333885,0.010850166901946068,0.9896331429481506,0.8048734664916992,0.6873691082000732,0.8227742910385132,0.012351300567388535,0.1343124508857727,0.034617964178323746,0.008967902511358261,6.651444435119629,-9.047622680664062,0.17626174721237323,-0.05985133499023505,0.0,0.5926896572829289,0.0,0.46577309437097664
9094,9,0.020344387739896774,0.5099446773529053,0.017808018252253532,0.5073305368423462,0.2287144958972931,0.09417461603879929,-0.001291673630475998,0.047996267676353455,0.013229260221123695,0.18546590209007263,0.0746379941701889,0.010746733285486698,0.9888656735420227,0.8033474683761597,0.6874798536300659,0.8227667212486267,0.011755374260246754,0.14845463633537292,0.04398424178361893,0.00844473484903574,7.158336639404297,-8.374471664428711,0.1900041854146807,-0.07790441010263749,0.0,0.5963921447051075,0.0,0.35819917057324685
9095,9,0.022801809012889862,0.5101045966148376,0.01883445307612419,0.5074365139007568,0.251120924949646,-0.04694966599345207,0.19055582582950592,-0.029118990525603294,0.012834076769649982,0.21812105178833008,0.08380240201950073,0.010655932128429413,0.9878864884376526,0.8015192747116089,0.6879887580871582,0.8225864171981812,0.01100175827741623,0.16819825768470764,0.05047314614057541,0.008338311687111855,10.13160514831543,-5.011427402496338,0.23027572924436776,-0.08578846510616131,0.0,0.59997413641084,0.0,0.35819917057324685
9096,9,0.02605782262980938,0.5098243951797485,0.02196771278977394,0.5069725513458252,0.35968130826950073,-0.03465209901332855,0.3859598636627197,-0.08590013533830643,0.012488089501857758,0.24655422568321228,0.09246179461479187,0.010576298460364342,0.9865564107894897,0.799508810043335,0.688865065574646,0.8224602937698364,0.010127849876880646,0.18858331441879272,0.05679856240749359,0.008490370586514473,12.644603729248047,-3.1209981441497803,0.2585839964379034,-0.09452030819025822,0.0,0.6027771426567027,0.0,0.25934164079556765
9097,9,0.03051052615046501,0.509928286075592,0.02668873965740204,0.5060471892356873,0.500491738319397,0.03644378483295441,0.5293675661087036,-0.1026991456747055,0.012184595689177513,0.25887346267700195,0.11265899240970612,0.010506346821784973,0.9847013354301453,0.7978881001472473,0.6898119449615479,0.8225864171981812,0.009081940166652203,0.20149019360542297,0.07006563991308212,0.008792956359684467,15.336551666259766,-1.5960824489593506,0.26439752035467257,-0.11783754937467167,0.0,0.6053705590646583,0.0,0.25934164079551475
9098,9,0.03653528541326523,0.5109384655952454,0.03275788947939873,0.5054370760917664,0.6678096652030945,0.14134317636489868,0.6614931225776672,-0.021827124059200287,0.011918235570192337,0.2592497169971466,0.14054881036281586,0.010444878600537777,0.9826512336730957,0.7968615889549255,0.6906198859214783,0.822795569896698,0.009076847694814205,0.2078709751367569,0.08600962907075882,0.008735028095543385,8.806770324707031,-4.012456893920898,0.2594201790136721,-0.14847473144647666,0.0,0.607343815286365,0.0,0.16920050503783327
9099,9,0.04239083454012871,0.5119669437408447,0.039337292313575745,0.5053526163101196,0.5556972622871399,0.11165691912174225,0.6857194304466248,0.04195164889097214,0.011684391647577286,0.2567988336086273,0.17525269091129303,0.010390851646661758,0.9807751774787903,0.79632169008255,0.6910606622695923,0.8230583667755127,0.009082959033548832,0.20920836925506592,0.10588955879211426,0.008718771860003471,9.091245651245117,-6.095074653625488,0.24701086844016162,-0.18635264471289703,0.0,0.609035820336744,0.0,0.16920050503783327
9100,9,0.04760962352156639,0.513018786907196,0.0463031604886055,0.5062451958656311,0.4931650459766388,0.1131523847579956,0.7041762471199036,0.1297284960746765,0.011479421518743038,0.25620076060295105,0.18031547963619232,0.01034344732761383,0.9791785478591919,0.7959296703338623,0.6920198798179626,0.8233890533447266,0.009402146562933922,0.20830440521240234,0.11082317680120468,0.0087848249822855,8.416622161865234,-5.510444641113281,0.25379896771377125,-0.18209469922003335,0.0,0.6102490576864553,0.0,0.08777576330025526
9101,9,0.05202719569206238,0.5143219828605652,0.05320201441645622,0.5078136324882507,0.40069708228111267,0.14670629799365997,0.6622810363769531,0.17804251611232758,0.011299422942101955,0.25599896907806396,0.18311536312103271,0.010301780886948109,0.9780578017234802,0.7954816222190857,0.6928806304931641,0.8237729072570801,0.009819303639233112,0.207346111536026,0.1114029660820961,0.0088041378185153,5.6055450439453125,-5.523231029510498,0.255188637369881,-0.1841046372067649,0.0,0.6111268153194579,0.0,0.08777576330025526
9102,9,0.05519676208496094,0.5158035755157471,0.058717288076877594,0.5096012353897095,0.26230522990226746,0.1600216031074524,0.4417249262332916,0.1883634775876999,0.011141321621835232,0.2549111247062683,0.1825834959745407,0.010265156626701355,0.9773266911506653,0.794991672039032,0.6935285925865173,0.8242136240005493,0.010067317634820938,0.20605909824371338,0.11034474521875381,0.008811254985630512,6.094865798950195,-6.2561774253845215,0.2505416133793213,-0.18011013090726918,0.0,0.6116497649493343,0.0,0.015067415582674975
9103,9,0.057335298508405685,0.517472505569458,0.0617411807179451,0.5115755200386047,0.17099609971046448,0.17251664400100708,0.1842266023159027,0.20382320880889893,0.01100248098373413,0.2534961700439453,0.17979644238948822,0.010232972912490368,0.9769484996795654,0.7945128083229065,0.6939622163772583,0.8246006369590759,0.010408276692032814,0.20552211999893188,0.10750555992126465,0.008645642548799515,5.971243381500244,-8.356588363647461,0.2478024178853308,-0.16679442107793876,0.0,0.6118004391051612,0.0,0.015067415582674975
9104,9,0.05838626250624657,0.5188978314399719,0.062351252883672714,0.5134786367416382,0.05322939157485962,0.12453771382570267,-0.028734322637319565,0.1816687136888504,0.010880623944103718,0.2516673505306244,0.17606505751609802,0.010204711928963661,0.9770711660385132,0.7941624522209167,0.6940234899520874,0.8248716592788696,0.011107110418379307,0.2054048478603363,0.10278531908988953,0.00854109413921833,2.4140310287475586,-7.840697765350342,0.24427969430023708,-0.1585218303662259,0.0,0.6117028321673629,0.0,-0.04892453811485471
9105,9,0.0577324815094471,0.5199145674705505,0.061056848615407944,0.5149993896484375,-0.15436473488807678,0.09219237416982651,-0.20346438884735107,0.13483045995235443,0.010773691348731518,0.25123727321624756,0.17051571607589722,0.010179897770285606,0.9778355956077576,0.7938938140869141,0.6935818195343018,0.8250829577445984,0.01177820935845375,0.2052697241306305,0.09731774777173996,0.00844879075884819,1.954972743988037,-8.170473098754883,0.24949370643013302,-0.14412647739169188,0.0,0.6112135867862145,0.0,-0.048924538114801845
9106,9,0.05518558621406555,0.5206966996192932,0.058201178908348083,0.516133725643158,-0.3400341272354126,0.06845776736736298,-0.3576248586177826,0.0959126353263855,0.010679651983082294,0.2523425221443176,0.16061323881149292,0.01015806570649147,0.9791674613952637,0.793595552444458,0.6927661895751953,0.825312077999115,0.012377356179058552,0.20509092509746552,0.09002948552370071,0.008528918027877808,1.7610740661621094,-6.120603084564209,0.25282818234997867,-0.11283444605884142,0.0,0.6105651544329017,0.0,-0.10420009779233382
9107,9,0.05097319558262825,0.5216188430786133,0.05390245467424393,0.5170310139656067,-0.4938129782676697,0.10503958910703659,-0.49907517433166504,0.08124425262212753,0.010597274638712406,0.25383079051971436,0.14728900790214539,0.010138929821550846,0.9812229871749878,0.79317706823349,0.6914578080177307,0.8256333470344543,0.013427585363388062,0.2046700119972229,0.07969795167446136,0.008701501414179802,-4.534585475921631,-3.009510040283203,0.2545166361937298,-0.08099395834025927,0.0,0.6095231534549783,0.0,-0.10420009779233382
9108,9,0.04432692006230354,0.5229441523551941,0.04781811311841011,0.5177174806594849,-0.799687385559082,0.16681237518787384,-0.7037172317504883,0.07950113713741302,0.010524728335440159,0.25240635871887207,0.13148003816604614,0.01012207381427288,0.984292209148407,0.7926717400550842,0.6893525719642639,0.8261073231697083,0.014685236848890781,0.20285314321517944,0.06772927939891815,0.008834638632833958,-7.696809768676758,-3.3212482929229736,0.24666151845599904,-0.05052181333419867,0.0,0.6083936268383116,0.0,-0.15075926344976232
9109,9,0.034509047865867615,0.5247809290885925,0.039304085075855255,0.5187291502952576,-1.1144607067108154,0.209177628159523,-0.9801506996154785,0.1383386105298996,0.010460995137691498,0.24864564836025238,0.11230337619781494,0.010107260197401047,0.9883493185043335,0.7921964526176453,0.6864657402038574,0.8265666365623474,0.01569214090704918,0.20115095376968384,0.055248722434043884,0.008677125908434391,-8.67563247680664,-7.04891300201416,0.23340863435868828,0.007765360398916524,0.0,0.6068860342038136,0.0,-0.15075926344976232
9110,9,0.02174675092101097,0.5264482498168945,0.027624482288956642,0.5202699303627014,-1.390376329421997,0.1549759805202484,-1.316345453262329,0.17855380475521088,0.06435901671648026,0.24338790774345398,0.09671992063522339,0.010094243101775646,0.986316442489624,0.7919108867645264,0.6826670169830322,0.8269537687301636,0.06429824233055115,0.19872182607650757,0.04432123526930809,0.00863244291394949,-10.243118286132812,-7.460165977478027,0.22190979779817005,0.07392692200723103,0.0,0.605345144475953,0.0,-0.1855364080125649
9111,9,0.006650438066571951,0.5278682708740234,0.012841768562793732,0.5221540331840515,-1.5864224433898926,0.13746890425682068,-1.602418303489685,0.19686585664749146,0.1256512999534607,0.2396908849477768,0.08389809727668762,0.010082799009978771,0.9845755100250244,0.7916757464408875,0.6781970858573914,0.8274264931678772,0.12195861339569092,0.19439928233623505,0.03663142770528793,0.008835656568408012,-10.416163444519043,-4.452567100524902,0.2244735802718773,0.14040392428520138,0.0,0.6034591241250812,0.0,-0.1886020350871931
9112,9,-0.009618427604436874,0.5296974778175354,-0.004171836189925671,0.5243037939071655,-1.65486478805542,0.20984512567520142,-1.7815501689910889,0.21956397593021393,0.18193182349205017,0.23625066876411438,0.07326874881982803,0.010072758421301842,0.9838639497756958,0.7912139892578125,0.6734279990196228,0.8281674981117249,0.17960339784622192,0.188414067029953,0.030581844970583916,0.009221557527780533,-13.408815383911133,-0.06629824638366699,0.22196165555339376,0.19987045832793227,0.0,0.6015731037742094,0.0,-0.2014991934301282
9113,9,-0.026558872312307358,0.5326137542724609,-0.022600091993808746,0.5267735123634338,-1.7112321853637695,0.3463929295539856,-1.8897318840026855,0.272964209318161,0.22547324001789093,0.23015683889389038,0.06439507752656937,0.010063951835036278,0.9841998815536499,0.7905265092849731,0.6687005758285522,0.8290186524391174,0.22930245101451874,0.18336325883865356,0.026582768186926842,0.009058513678610325,-7.865188121795654,-6.711058616638184,0.2044932743373497,0.24286690992186774,0.0,0.5993993183111418,0.0,-0.2177284127045204
9114,9,-0.04288756102323532,0.5357092618942261,-0.04174474999308586,0.5297302603721619,-1.5421546697616577,0.28522467613220215,-1.9226717948913574,0.3172590136528015,0.2673565447330475,0.21969756484031677,0.05689019709825516,0.010056196711957455,0.9847951531410217,0.7900606989860535,0.6646518707275391,0.8297665119171143,0.2703377604484558,0.17773157358169556,0.023983966559171677,0.008999457582831383,-6.300108432769775,-6.096128463745117,0.17511614818982263,0.28573408638010733,0.0,0.5972220341840963,0.0,-0.21772841270457324
9115,9,-0.05677565932273865,0.538494348526001,-0.060467299073934555,0.5330343246459961,-1.2701923847198486,0.2640432119369507,-1.7701786756515503,0.326832115650177,0.2852739095687866,0.21126000583171844,0.05053112655878067,0.010049386881291866,0.9858855605125427,0.7897669076919556,0.6613789796829224,0.8304676413536072,0.2975120544433594,0.1712610125541687,0.02180265076458454,0.008944496512413025,-5.063892364501953,-5.530831813812256,0.17456641129928227,0.2938875876821112,0.0,0.5948635118543562,0.0,-0.23813839630184996
9116,9,-0.06811637431383133,0.5410729050636292,-0.07552840560674667,0.5362095832824707,-1.0190733671188354,0.2425612062215805,-1.2538785934448242,0.29814228415489197,0.28459036350250244,0.20333567261695862,0.04509425163269043,0.01004338264465332,0.9877802133560181,0.7896044850349426,0.6588635444641113,0.8309372663497925,0.3064066767692566,0.16699978709220886,0.020219027996063232,0.008523846045136452,-5.428524017333984,-8.606853485107422,0.16849044532628957,0.28200495471130127,0.0,0.5924821278913375,0.0,-0.23813839630184996
9117,9,-0.07703686505556107,0.542650580406189,-0.08555223792791367,0.538618266582489,-0.7677855491638184,0.10536155104637146,-0.8006259202957153,0.20205925405025482,0.2812376320362091,0.19593830406665802,0.040470413863658905,0.010038132779300213,0.989933967590332,0.7897644639015198,0.6573309302330017,0.831127941608429,0.30046945810317993,0.1635199785232544,0.019250258803367615,0.008237031288444996,-2.7032530307769775,-9.344955444335938,0.16258729091550356,0.26838085953961127,0.0,0.5900085998470853,0.0,-0.24983198587912894
9118,9,-0.08268871158361435,0.5431881546974182,-0.09141132235527039,0.5401923060417175,-0.3847998380661011,-0.0032894276082515717,-0.39315277338027954,0.10118009150028229,0.27481529116630554,0.19232626259326935,0.03648993745446205,0.010033509694039822,0.9916784763336182,0.7901052236557007,0.6569450497627258,0.8311181664466858,0.2859038710594177,0.16100025177001953,0.018716983497142792,0.008101431652903557,-2.265974283218384,-6.386223793029785,0.17591244278072446,0.2500694056309294,0.0,0.5875102799882939,0.0,-0.24983198587907607
9119,9,-0.08447638899087906,0.5430539846420288,-0.09319575130939484,0.5406562089920044,-0.0115656778216362,-0.038588523864746094,-0.002054475247859955,-0.017191216349601746,0.260784387588501,0.19135867059230804,0.033065132796764374,0.010029452852904797,0.9929445385932922,0.79047030210495,0.657500684261322,0.8309204578399658,0.266205757856369,0.16069194674491882,0.018174661323428154,0.007850823923945427,-3.115701675415039,-7.002859115600586,0.18693340223693647,0.20557901625405067,0.0,0.5849914773816897,0.0,-0.25280918143635733
9120,9,-0.08309824019670486,0.5421663522720337,-0.09152993559837341,0.5397025346755981,0.2793445587158203,-0.12735047936439514,0.3229656219482422,-0.15671896934509277,0.23986664414405823,0.19079753756523132,0.03010627068579197,0.01002588588744402,0.993898332118988,0.7909651398658752,0.6588204503059387,0.8305328488349915,0.24183125793933868,0.16160114109516144,0.017491819337010384,0.007682324852794409,-5.10478401184082,-5.792579650878906,0.18822861117596767,0.15485877481172794,0.0,0.5824633855673258,0.0,-0.2528091814364102
9121,9,-0.07916975766420364,0.5406038165092468,-0.08685517311096191,0.5375610589981079,0.49939703941345215,-0.1812613159418106,0.5942097902297974,-0.25626033544540405,0.2151172161102295,0.196855366230011,0.027543291449546814,0.010022747330367565,0.994674563407898,0.7914429903030396,0.6605975031852722,0.8298095464706421,0.21549347043037415,0.1673823744058609,0.016610268503427505,0.0071579767391085625,-7.47806453704834,-9.54072380065918,0.19908553095288387,0.11012790654669516,0.0,0.5799690395505301,0.0,-0.24706998297353513
9122,9,-0.07375066727399826,0.5376809239387512,-0.08012712746858597,0.5343024134635925,0.6035704612731934,-0.3578449785709381,0.7567556500434875,-0.3614869713783264,0.18869711458683014,0.2035944014787674,0.025319185107946396,0.01001998782157898,0.9953514933586121,0.7921709418296814,0.6626371145248413,0.8286610841751099,0.18833331763744354,0.17643147706985474,0.015733705833554268,0.006706705782562494,-9.205158233642578,-10.716252326965332,0.2060937187698295,0.07084646453033198,0.0,0.5774983397207945,0.0,-0.24706998297353513
9123,9,-0.06741825491189957,0.5332368016242981,-0.07195669412612915,0.5301222205162048,0.6622164249420166,-0.5056400895118713,0.8678820133209229,-0.4619947671890259,0.16368474066257477,0.22571903467178345,0.023387493565678596,0.010017561726272106,0.9958673715591431,0.7926991581916809,0.6649107336997986,0.8271791934967041,0.1611708104610443,0.19237177073955536,0.015116709284484386,0.00631681876257062,-6.761013031005859,-11.244263648986816,0.23437508190568018,0.04585728381644001,0.0,0.5750981814459675,0.0,-0.2326143904907152
9124,9,-0.06013645604252815,0.5276548862457275,-0.06273286044597626,0.5250208377838135,0.7651500701904297,-0.606250524520874,0.9532021284103394,-0.5653201341629028,0.14061199128627777,0.2507930397987366,0.021709106862545013,0.01001543179154396,0.9960911870002747,0.7930895090103149,0.6673564910888672,0.8253768086433411,0.13649480044841766,0.2139931470155716,0.014391230419278145,0.006024646107107401,-6.959648132324219,-12.024181365966797,0.2615710100842474,0.025743929640157134,0.0,0.5727720375410603,0.0,-0.23261439049066232
9125,9,-0.052285775542259216,0.5210562348365784,-0.053031764924526215,0.5186749696731567,0.7996612787246704,-0.6951321363449097,0.9825609922409058,-0.6940695643424988,0.1196669414639473,0.27368617057800293,0.020246848464012146,0.010013561695814133,0.9960566163063049,0.7936726212501526,0.6698110103607178,0.8233631253242493,0.11501691490411758,0.23681317269802094,0.013628226704895496,0.005834528245031834,-7.473258972167969,-12.696061134338379,0.2842115455696361,-0.0030569857649971055,0.0,0.5705357981603626,0.0,-0.2094424039877918
9126,9,-0.04434667527675629,0.5137543082237244,-0.04327697679400444,0.5110807418823242,0.7945035696029663,-0.7458946704864502,0.9635449647903442,-0.8040931224822998,0.10273659229278564,0.2964096665382385,0.022532794624567032,0.010011916980147362,0.9956949353218079,0.7944698929786682,0.6721048951148987,0.8212807774543762,0.09706662595272064,0.2586876153945923,0.014958607964217663,0.005796736106276512,-6.788501739501953,-12.649374008178711,0.3074999448674616,-0.0228893125348259,0.0,0.5684413741204845,0.0,-0.20944240398784464
9127,9,-0.03636078163981438,0.5062465071678162,-0.034103963524103165,0.5027071833610535,0.7981409430503845,-0.7493054866790771,0.86844402551651,-0.8561577796936035,0.08887991309165955,0.3164214789867401,0.03503624349832535,0.010010471567511559,0.9949877262115479,0.7953847050666809,0.6739078164100647,0.8193768262863159,0.08314542472362518,0.27648818492889404,0.02178714983165264,0.0061571914702653885,-8.75696086883545,-8.247234344482422,0.3267666890768311,-0.03710692319204102,0.0,0.5664387847860761,0.0,-0.17755402346492352
9128,9,-0.028723372146487236,0.499539852142334,-0.025974642485380173,0.4943954348564148,0.7168823480606079,-0.6198221445083618,0.7516115307807922,-0.804110050201416,0.07742685824632645,0.3316199779510498,0.050103213638067245,0.010009203106164932,0.9940479397773743,0.7962299585342407,0.6755138039588928,0.8179523348808289,0.07145458459854126,0.2874546945095062,0.030750803649425507,0.006732738111168146,-3.740553855895996,-6.175165176391602,0.3399111678959158,-0.05289710085024128,0.0,0.5646632445514271,0.0,-0.17755402346487065
9129,9,-0.021152548491954803,0.4945822060108185,-0.018702631816267967,0.4875706732273102,0.7429031133651733,-0.4210583567619324,0.6753239631652832,-0.5897908210754395,0.06784293800592422,0.3317187428474426,0.05459477752447128,0.01000808272510767,0.9929912090301514,0.7971706390380859,0.6773556470870972,0.8169082403182983,0.06266170740127563,0.29151028394699097,0.033490706235170364,0.007051542401313782,-3.728724718093872,-7.96906852722168,0.33177204403481864,-0.05540866314549933,0.0,0.5629640364154687,0.0,-0.13694924892189891
9130,9,-0.01419735699892044,0.49085479974746704,-0.012571016326546669,0.4827081561088562,0.6604788899421692,-0.32019245624542236,0.5754183530807495,-0.3913865387439728,0.05978965386748314,0.3270011246204376,0.07085974514484406,0.0100071020424366,0.9920371174812317,0.7982816696166992,0.6785227656364441,0.8162038326263428,0.05564146116375923,0.2888745665550232,0.04211696237325668,0.007428453769534826,-4.829955101013184,-7.855830192565918,0.310474029915756,-0.0740303742804099,0.0,0.5615945439262497,0.0,-0.13694924892189891
9131,9,-0.008352091535925865,0.48826074600219727,-0.007239897735416889,0.47972118854522705,0.5215914249420166,-0.2010754495859146,0.5055285692214966,-0.21880634129047394,0.05298564210534096,0.3213934004306793,0.07451782375574112,0.01000624056905508,0.9913334846496582,0.7993258237838745,0.6797247529029846,0.8158556222915649,0.04996096342802048,0.28185367584228516,0.04414144158363342,0.007793289143592119,-3.3732986450195312,-8.688423156738281,0.30153503876215454,-0.0752931766130496,0.0,0.5602684481409015,0.0,-0.09162356755906952
9132,9,-0.003728790208697319,0.48688676953315735,-0.002460107672959566,0.4783896207809448,0.4090017080307007,-0.08653666079044342,0.4479193091392517,-0.06687139719724655,0.04720718786120415,0.3142312169075012,0.07330452650785446,0.010005485266447067,0.9908725619316101,0.8001095652580261,0.6808499693870544,0.815992534160614,0.04500812292098999,0.2703377604484558,0.04328702390193939,0.008524860255420208,-3.576183319091797,-3.775458335876465,0.28852566207329283,-0.06598354595829735,0.0,0.5593921673373128,0.0,-0.0876280803588766
9133,9,-3.6947425542166457e-05,0.48741504549980164,0.0018201544880867004,0.4787828028202057,0.3159060478210449,0.1456937938928604,0.38557082414627075,0.11926506459712982,0.04226458817720413,0.30549290776252747,0.0711720660328865,0.010004818439483643,0.9906595349311829,0.8004170656204224,0.6817384362220764,0.8167413473129272,0.04075820744037628,0.2551615536212921,0.04167866334319115,0.00914205051958561,-3.031747341156006,-1.3716113567352295,0.27377281742488596,-0.05826711527188311,0.0,0.5585158865337241,0.0,0.22139257817852107
9134,9,0.0026596272364258766,0.490146666765213,0.005110601428896189,0.4811018407344818,0.21775954961776733,0.36099618673324585,0.2633720636367798,0.3210403621196747,0.03802037239074707,0.2939550578594208,0.06841935962438583,0.010004231706261635,0.9907562732696533,0.8002074956893921,0.6822823882102966,0.8179388642311096,0.037464190274477005,0.23954276740550995,0.039323121309280396,0.009558435529470444,-4.322100639343262,-1.9864988327026367,0.2514614419495599,-0.05168571285823421,0.0,0.5645345636821298,0.0,0.6102506424417637
9135,9,0.003964739385992289,0.49447470903396606,0.006811737082898617,0.48524487018585205,0.06874211877584457,0.49627822637557983,0.09947269409894943,0.4950311481952667,0.03437652438879013,0.28005683422088623,0.06477786600589752,0.010003719478845596,0.9912424683570862,0.7995507121086121,0.6824421882629395,0.8195298314094543,0.034816816449165344,0.22313427925109863,0.03628898784518242,0.01015145517885685,-6.318058013916016,-0.1247549057006836,0.22751766140834154,-0.04241007999640717,0.0,0.5706370701065476,0.0,0.6102506424418167
9136,9,0.0037591999862343073,0.5003702640533447,0.006980768404901028,0.4911434054374695,-0.09569084644317627,0.6643916964530945,-0.055799540132284164,0.6695333123207092,0.031235922127962112,0.2657482624053955,0.05896160379052162,0.01000326406210661,0.9921978712081909,0.7984122633934021,0.6821997165679932,0.8215194344520569,0.03249719738960266,0.20659266412258148,0.032458364963531494,0.010443240404129028,-6.152448654174805,-0.1742267608642578,0.210161928566452,-0.022746984456971427,0.0,0.5756219267503669,0.0,0.4843874781065452
9137,9,0.0019823163747787476,0.5077164769172668,0.0055093830451369286,0.49865806102752686,-0.2488832324743271,0.7905300855636597,-0.2294129729270935,0.8178391456604004,0.028525104746222496,0.24952633678913116,0.052298642694950104,0.010002869181334972,0.9934664368629456,0.7968893051147461,0.6817071437835693,0.8237189650535583,0.030024811625480652,0.19134557247161865,0.028538884595036507,0.0105667095631361,-1.9864606857299805,-3.134036064147949,0.1844434583277605,0.0022538551256729746,0.0,0.5804658015314326,0.0,0.4843874781065981
9138,9,-0.0006651095463894308,0.5158469080924988,0.0024765622802078724,0.5074056386947632,-0.2870153784751892,0.8291104435920715,-0.3704780042171478,0.9126201868057251,0.02871478721499443,0.2321244776248932,0.04662247747182846,0.010002519935369492,0.9942939281463623,0.7951022386550903,0.6813411116600037,0.826229453086853,0.028883542865514755,0.17452535033226013,0.02587692253291607,0.011102977208793163,3.2259058952331543,1.8352818489074707,0.16013767000506407,0.02874683392576114,0.0,0.5843531328578926,0.0,0.362996864393302
9139,9,-0.002562840236350894,0.5253733396530151,-0.0011531710624694824,0.517417848110199,-0.15449967980384827,1.0069111585617065,-0.39059361815452576,1.0390247106552124,0.03814572095870972,0.21593929827213287,0.04176884889602661,0.010002215392887592,0.9938451051712036,0.792911171913147,0.6809147000312805,0.828946053981781,0.03700819984078407,0.15928195416927338,0.022578511387109756,0.011297352612018585,-2.0145606994628906,2.8183794021606445,0.14679241510639057,0.0397748098591546,0.0,0.5879831015018254,0.0,0.36299686439324913
9140,9,-0.004833080805838108,0.53565514087677,-0.0055624316446483135,0.5279089212417603,-0.2631283402442932,1.0596410036087036,-0.4519653916358948,1.0778148174285889,0.036265742033720016,0.19599410891532898,0.037594977766275406,0.010001946240663528,0.9946028590202332,0.7905153036117554,0.6803006529808044,0.8318907618522644,0.03743278980255127,0.1431807577610016,0.020191615447402,0.011621547862887383,-0.5825424194335938,3.6926674842834473,0.10802932453332195,0.02374417324310341,0.0,0.5908086879159012,0.0,0.24607880130192833
9141,9,-0.0074949199333786964,0.546855628490448,-0.00958344992250204,0.5392636656761169,-0.27853327989578247,1.1578292846679688,-0.3590927720069885,1.172821044921875,0.043414004147052765,0.17633792757987976,0.03401217609643936,0.010001709684729576,0.9946836233139038,0.7878698110580444,0.6797161102294922,0.8350734114646912,0.04250046983361244,0.12669885158538818,0.018272142857313156,0.011864392086863518,1.7121291160583496,5.000157356262207,0.08563010805584315,0.04467561506426134,0.0,0.59326947592892,0.0,0.24607880130192833
9142,9,-0.009933731518685818,0.5590304136276245,-0.012468487955629826,0.5515889525413513,-0.22994180023670197,1.246687650680542,-0.24231760203838348,1.2642687559127808,0.051012180745601654,0.15519900619983673,0.030923765152692795,0.010001499205827713,0.9944429993629456,0.7852010726928711,0.6791298985481262,0.8380781412124634,0.04948706924915314,0.1131032258272171,0.01657489687204361,0.011388427577912807,2.4800801277160645,-2.220655679702759,0.0530644038698343,0.052459932665733476,0.0,0.595069097835587,0.0,0.1336332888324772
9143,9,-0.01226044911891222,0.5703751444816589,-0.014778753742575645,0.5638755559921265,-0.2066527009010315,1.0711346864700317,-0.1959357112646103,1.2092434167861938,0.050909362733364105,0.13280171155929565,0.028256865218281746,0.010001319460570812,0.9947197437286377,0.7830563187599182,0.6788196563720703,0.8408307433128357,0.050060998648405075,0.09865785390138626,0.015618627890944481,0.011254940181970596,3.940861225128174,-0.3746628761291504,0.018806244812170414,0.05024750851785936,0.0,0.5964054307239117,0.0,0.1336332888324772
9144,9,-0.013495848514139652,0.5808888077735901,-0.016042569652199745,0.575783371925354,-0.061288896948099136,1.0121227502822876,-0.07563668489456177,1.1498496532440186,0.0515294075012207,0.11568748950958252,0.025942860171198845,0.010001158341765404,0.9947890639305115,0.7811195850372314,0.6788857579231262,0.8433122634887695,0.04964705556631088,0.08614693582057953,0.014747709035873413,0.010897514410316944,4.410057067871094,-0.9282338619232178,0.02460539782507501,0.05165278780033984,0.0,0.5972148685281453,0.0,0.025660326984948478
9145,9,-0.01349349319934845,0.5903483629226685,-0.016302231699228287,0.5866219401359558,0.05577068030834198,0.882656991481781,0.02243804931640625,1.017746925354004,0.04898722842335701,0.10004092007875443,0.023935183882713318,0.010001018643379211,0.9948458075523376,0.7794716954231262,0.679176390171051,0.8454722166061401,0.04764477163553238,0.07538656890392303,0.013778623193502426,0.010617156513035297,1.6002202033996582,0.8542943000793457,0.013274721489560853,0.03258893296813765,0.0,0.5974714717979945,0.0,0.025660326984948478
9146,9,-0.012794521637260914,0.5986228585243225,-0.01561369001865387,0.5959597826004028,0.09088711440563202,0.773208498954773,0.11622098088264465,0.8542593717575073,0.04449131339788437,0.0871884822845459,0.022184576839208603,0.010000895708799362,0.9950591325759888,0.7779071927070618,0.6795836687088013,0.8475933074951172,0.043758638203144073,0.06464321911334991,0.012875387445092201,0.010807782411575317,-0.9609746932983398,7.946686744689941,0.013625106084673488,0.015295155614076043,0.0,0.5973265059047702,0.0,-0.07784008424071062
9147,9,-0.011714296415448189,0.606925368309021,-0.013787695206701756,0.604011058807373,0.10064102709293365,0.8423522710800171,0.20890548825263977,0.7393695712089539,0.039938703179359436,0.07627634704113007,0.02066013589501381,0.010000787675380707,0.9953710436820984,0.7760745286941528,0.679993748664856,0.849690854549408,0.03928655385971069,0.056030917912721634,0.012060833163559437,0.010663501918315887,0.25858163833618164,5.992622375488281,0.011895092006363434,0.008885637808052684,0.0,0.5965481050623632,0.0,-0.07784008424071062
9148,9,-0.010573187842965126,0.6150838136672974,-0.01151211652904749,0.6110236048698425,0.12237651646137238,0.7871218919754028,0.23444029688835144,0.677247166633606,0.03603005036711693,0.06689347326755524,0.019331853836774826,0.016483062878251076,0.9954866170883179,0.7741416692733765,0.680550754070282,0.8513594269752502,0.034865669906139374,0.048185911029577255,0.011586297303438187,0.016342496499419212,1.110396385192871,10.685293197631836,-0.017437488801881534,0.00549638638964095,0.0,0.5954845158766562,0.0,-0.1768679448443415
9149,9,-0.008826006203889847,0.6233882904052734,-0.008886151947081089,0.6180881261825562,0.20501217246055603,0.84121173620224,0.2670518755912781,0.7236089110374451,0.03265993669629097,0.05899130925536156,0.01817198097705841,0.027727218344807625,0.9952768683433533,0.7718997597694397,0.6813367009162903,0.8527715802192688,0.030914083123207092,0.04152948409318924,0.011249768547713757,0.026272116228938103,2.7941417694091797,12.329983711242676,-0.02943454109441103,0.00016530959626831834,0.0,0.5937158364282126,0.0,-0.1768679448443415
9150,9,-0.006218412891030312,0.6319701075553894,-0.006246182136237621,0.625698447227478,0.29608064889907837,0.8552603721618652,0.25033122301101685,0.7854277491569519,0.02975061722099781,0.052306339144706726,0.01784658618271351,0.054027725011110306,0.9947261214256287,0.7696085572242737,0.6823224425315857,0.8531566262245178,0.027487128973007202,0.0370732806622982,0.011360477656126022,0.047887228429317474,5.078244209289551,7.314901351928711,-0.05868221307182267,-0.015547881957681992,0.0,0.5917694043549984,0.0,-0.27142325482615565
9151,9,-0.002773471875116229,0.6394638419151306,-0.003998319618403912,0.6334009170532227,0.3902733027935028,0.6737917065620422,0.22482433915138245,0.7549560070037842,0.027230285108089447,0.04661384969949722,0.03213603049516678,0.07921773195266724,0.9938181638717651,0.7678062915802002,0.6829257607460022,0.8532503247261047,0.02466631308197975,0.033930134028196335,0.01954486407339573,0.06852882355451584,3.7965750694274902,6.9202423095703125,-0.0842399065774938,-0.03429897179135881,0.0,0.5890551718067372,0.0,-0.2714232548261028
9152,9,0.0012893715174868703,0.6451671123504639,-0.001397598534822464,0.6403549909591675,0.41816261410713196,0.4848847985267639,0.3064436912536621,0.63856440782547,0.025045612826943398,0.04175252839922905,0.051852334290742874,0.07913704216480255,0.9927133321762085,0.7666348814964294,0.683377742767334,0.8541669249534607,0.0224395003169775,0.03137437626719475,0.030968930572271347,0.06952547281980515,3.624751567840576,8.453717231750488,-0.07865810786177725,-0.05526228246984831,0.0,0.5862616772509913,0.0,-0.3542084475940293
9153,9,0.005555233918130398,0.6493117809295654,0.0024547805078327656,0.6459891200065613,0.42387038469314575,0.3499147295951843,0.44293636083602905,0.48868468403816223,0.02314935065805912,0.03758688271045685,0.06504303216934204,0.07785265892744064,0.9917682409286499,0.765942394733429,0.6838574409484863,0.85504549741745,0.021424368023872375,0.028444476425647736,0.037970878183841705,0.06844848394393921,-2.250974178314209,12.998010635375977,-0.07020914271569793,-0.06759715338244862,0.0,0.5826466171091317,0.0,-0.36150601418594164
9154,9,0.008769208565354347,0.6526079177856445,0.007125921547412872,0.6498990654945374,0.24967160820960999,0.3113574981689453,0.4852859079837799,0.3131360709667206,0.02150064893066883,0.034004975110292435,0.0749930664896965,0.07628131657838821,0.991376519203186,0.7653354406356812,0.6839733719825745,0.8558688163757324,0.0206759013235569,0.025722723454236984,0.04273339360952377,0.06693083792924881,-3.640686273574829,13.708605766296387,-0.06688869429712949,-0.07709614845000036,0.0,0.5790315569672719,0.0,-0.3994142097181926
9155,9,0.010221157222986221,0.655517041683197,0.011838087812066078,0.6522549390792847,0.06620395183563232,0.2765825092792511,0.44409623742103577,0.18332134187221527,0.02006395161151886,0.030913233757019043,0.07251342386007309,0.07784347236156464,0.9915488958358765,0.7648885250091553,0.6840060353279114,0.8563655614852905,0.020094051957130432,0.02391778863966465,0.0409277118742466,0.06686476618051529,-4.296119213104248,11.032652854919434,-0.07817988552749605,-0.05756966544322498,0.0,0.5745706782465904,0.0,-0.44711622292391084
9156,9,0.0099823959171772,0.6574679613113403,0.01472797803580761,0.6534683108329773,-0.07706761360168457,0.14011545479297638,0.1436048001050949,0.0893557220697403,0.018809886649250984,0.02823663502931595,0.06695590168237686,0.0873790830373764,0.9922285676002502,0.7648751735687256,0.6837364435195923,0.8561373353004456,0.01972844824194908,0.022542912513017654,0.03695519268512726,0.07300440222024918,-7.1340203285217285,10.584373474121094,-0.08943255996094124,-0.0331578374468518,0.0,0.5700995160173516,0.0,-0.447116222923858
9157,9,0.008114300668239594,0.6579856276512146,0.014085852541029453,0.6537888646125793,-0.26451706886291504,-0.01318328082561493,-0.21666020154953003,-0.005277354270219803,0.01771632581949234,0.025919489562511444,0.059235431253910065,0.08704451471567154,0.9932159781455994,0.7651669383049011,0.6833038926124573,0.8560976386070251,0.018730023875832558,0.02092023566365242,0.03271150216460228,0.07328638434410095,-2.41896390914917,12.828577041625977,-0.08509885282199371,-0.011389227937979769,0.0,0.5649078611303084,0.0,-0.5282538810399047
9158,9,0.005663696676492691,0.657905101776123,0.011050211265683174,0.653728723526001,-0.273379921913147,-0.03981515392661095,-0.39449238777160645,-0.040513236075639725,0.01996435411274433,0.02390923537313938,0.05251524969935417,0.08538033068180084,0.9940305948257446,0.7657887935638428,0.6826014518737793,0.8558818697929382,0.02102160081267357,0.02026619389653206,0.02814202383160591,0.07078015804290771,-3.2432329654693604,9.834504127502441,-0.07567165888637715,0.020302094835715222,0.0,0.5596253223199097,0.0,-0.5282538810398518
9159,9,0.002131011337041855,0.6564318537712097,0.006078546401113272,0.6525517106056213,-0.40536850690841675,-0.21850746870040894,-0.5613201260566711,-0.17203524708747864,0.0482778400182724,0.022160571068525314,0.04679566249251366,0.08537916839122772,0.9919310212135315,0.7670349478721619,0.6814728379249573,0.855224072933197,0.04512595385313034,0.01971423625946045,0.024356838315725327,0.06928776204586029,-3.2167088985443115,8.033232688903809,-0.08537245606999745,0.05301757075231925,0.013167383123319446,0.5537386716714797,1.671013178378493,-0.6049189885339232
9160,9,-0.0023890251759439707,0.6532741785049438,-6.34416937828064e-05,0.650100827217102,-0.4752575755119324,-0.38804182410240173,-0.6446579694747925,-0.3051111698150635,0.10187190771102905,0.020639782771468163,0.041914958506822586,0.08312427252531052,0.9878391027450562,0.7687925696372986,0.6801795363426208,0.8542889356613159,0.08726102113723755,0.01915108785033226,0.021657651290297508,0.06667900830507278,-1.3322186470031738,7.876784801483154,-0.06989534005448111,0.1138564228194848,0.029877514907105517,0.5476894817861404,1.6710131783784947,-0.6049189885339232
9161,9,-0.006768928375095129,0.6487526893615723,-0.00652707414701581,0.6464043855667114,-0.4022086560726166,-0.5141356587409973,-0.650176465511322,-0.43852365016937256,0.1550445854663849,0.0193120576441288,0.03772181272506714,0.07883051782846451,0.9838550090789795,0.77107834815979,0.6790846586227417,0.8530563116073608,0.13053305447101593,0.019100980833172798,0.01985861361026764,0.06190481781959534,0.6186842918395996,4.8485636711120605,-0.05348417947580552,0.1697007797769357,0.047538699481011915,0.5411436157812993,1.8092500090681671,-0.6771115454060722
9162,9,-0.010047174990177155,0.6425108313560486,-0.012773711234331131,0.6410225629806519,-0.257535457611084,-0.7142279148101807,-0.5687432289123535,-0.6235500574111938,0.19241853058338165,0.018155351281166077,0.03412042185664177,0.07346879690885544,0.9807300567626953,0.7742217779159546,0.6783306002616882,0.8512932658195496,0.1659988909959793,0.019419319927692413,0.018228810280561447,0.056012481451034546,-1.1717331409454346,2.1671319007873535,-0.041356960682080696,0.2051362509996401,0.06563119957169375,0.5343725003272388,1.8092500090681671,-0.6771115454061251
9163,9,-0.012222868390381336,0.6337897181510925,-0.017290329560637474,0.6334872841835022,-0.1542333960533142,-0.9817005395889282,-0.31387725472450256,-0.8539894223213196,0.21906813979148865,0.017145788297057152,0.03101537376642227,0.06530700623989105,0.9783074259757996,0.7783125638961792,0.6780229210853577,0.849017322063446,0.19172677397727966,0.019928662106394768,0.01725158840417862,0.04814521223306656,-0.7506287097930908,-0.3093290328979492,-0.015504160812911102,0.22931928997439321,0.08435098077099153,0.527203199370962,1.915932649093066,-0.7448315516562987
9164,9,-0.012849397957324982,0.6224560737609863,-0.018867021426558495,0.6235800981521606,0.031518518924713135,-1.2533745765686035,-0.018568985164165497,-1.1172006130218506,0.24675197899341583,0.023761020973324776,0.028335867449641228,0.057680658996105194,0.9758042097091675,0.782215416431427,0.6785304546356201,0.8462787866592407,0.20996350049972534,0.025744257494807243,0.01708805374801159,0.04148758575320244,2.2676610946655273,3.301839828491211,0.024881631594753498,0.2588086840360461,0.10351030726192348,0.5197548838543992,1.915932649093066,-0.7448315516562987
9165,9,-0.010571026243269444,0.6096253991127014,-0.017122378572821617,0.6112428307533264,0.38582396507263184,-1.3358955383300781,0.32876914739608765,-1.3758935928344727,0.26550865173339844,0.06320318579673767,0.026008471846580505,0.0512005090713501,0.9730212092399597,0.7829069495201111,0.6799026727676392,0.8431119322776794,0.22239789366722107,0.057298481464385986,0.016767937690019608,0.03566095605492592,-0.8471500873565674,4.606525897979736,0.07057695200825644,0.2739685575123437,0.12303625156129451,0.511997928351662,1.9910610984531851,-0.8080790072846027
9166,9,-0.005528632085770369,0.5958461165428162,-0.012347041629254818,0.5959281921386719,0.6303449869155884,-1.3900705575942993,0.6203354001045227,-1.6485015153884888,0.26422518491744995,0.08541720360517502,0.023988334462046623,0.0456831194460392,0.9702704548835754,0.7849463224411011,0.6823737025260925,0.8398640155792236,0.22042730450630188,0.07967629283666611,0.017400206997990608,0.03152884542942047,6.243898868560791,4.904937744140625,0.09034070020667748,0.25915757690689334,0.14294686254582778,0.5039171382788159,1.9910610984531982,-0.8080790072846027
9167,9,0.0035237721167504787,0.5823373794555664,-0.003975237719714642,0.5790356993675232,1.1019655466079712,-1.349946141242981,1.0090805292129517,-1.7084317207336426,0.2625497281551361,0.10314101725816727,0.02223065122961998,0.040960974991321564,0.9670515060424805,0.7877148389816284,0.6860677599906921,0.8365629315376282,0.21061331033706665,0.09798018634319305,0.017774537205696106,0.027731141075491905,5.897512435913086,5.229549407958984,0.10740310278947246,0.2559250864338183,0.16302653641995382,0.49560830863459376,2.034635357148537,-0.8668539122909842
9168,9,0.016452046111226082,0.5686708092689514,0.008134114556014538,0.5625426769256592,1.456007480621338,-1.377180814743042,1.391442060470581,-1.5762887001037598,0.2522948384284973,0.10796631872653961,0.020699206739664078,0.036904774606227875,0.9631734490394592,0.7916572093963623,0.6907359957695007,0.8332746028900146,0.19667133688926697,0.10621844232082367,0.01805776357650757,0.024838736280798912,4.532210826873779,6.906170845031738,0.109156884066577,0.21136688357538644,0.18337288999144055,0.486939769511684,2.0346353571485243,-0.8668539122909842
9169,9,0.03266412019729614,0.5551616549491882,0.024062668904662132,0.5477571487426758,1.7574191093444824,-1.3215959072113037,1.7573511600494385,-1.400782823562622,0.23749622702598572,0.11838895082473755,0.019365571439266205,0.033416252583265305,0.9588358998298645,0.7954845428466797,0.6958932876586914,0.829991340637207,0.18282678723335266,0.11582060903310776,0.017618007957935333,0.022057542577385902,-2.435293197631836,4.930706024169922,0.12111425944059276,0.17691202160763136,0.20375385991500333,0.4781148461309523,2.046655425179096,-0.9211562666754168
9170,9,0.05031077563762665,0.5416615009307861,0.04253831505775452,0.5339841246604919,1.820395827293396,-1.3259131908416748,1.9464287757873535,-1.3259391784667969,0.21961236000061035,0.11938238143920898,0.01820186898112297,0.030404726043343544,0.9542278051376343,0.7997061610221863,0.7014151215553284,0.8269029259681702,0.16680312156677246,0.11845792829990387,0.017605062574148178,0.020225608721375465,-1.6315054893493652,5.891883373260498,0.11964653918715105,0.14404036350999194,0.22422041416679456,0.4689032834641985,2.046655425179109,-0.9211562666754433
9171,9,0.06944477558135986,0.5291686058044434,0.06303919851779938,0.5214853286743164,1.9784266948699951,-1.1929844617843628,2.1199917793273926,-1.194625735282898,0.20553238689899445,0.12540042400360107,0.017186064273118973,0.027800345793366432,0.949121356010437,0.8033474683761597,0.7073235511779785,0.8241962194442749,0.151707723736763,0.12145668268203735,0.0174519345164299,0.018835457041859627,-2.071845531463623,9.253020286560059,0.12704269726040213,0.14404699925189357,0.24465024661447587,0.45959804675193267,2.0271213025449013,-0.9709860704379535
9172,9,0.08989354968070984,0.5183051228523254,0.0849313735961914,0.5103466510772705,2.0880701541900635,-0.9966455698013306,2.2322585582733154,-1.0441101789474487,0.191221684217453,0.1231386810541153,0.01630067266523838,0.02554897777736187,0.9435723423957825,0.8068007826805115,0.7133529186248779,0.8219376802444458,0.1392764151096344,0.1195916011929512,0.01705257035791874,0.017752937972545624,-3.776763677597046,10.080280303955078,0.11108384835059393,0.12652632896000932,0.26492145963992625,0.4498881860475531,2.0271213025449146,-0.9709860704379535
9173,9,0.11078858375549316,0.5092607140541077,0.10740216076374054,0.5007236003875732,2.0949883460998535,-0.8151617050170898,2.2585363388061523,-0.8731170892715454,0.17746366560459137,0.11673323065042496,0.015525241382420063,0.023590853437781334,0.9378172755241394,0.8101125955581665,0.7193554639816284,0.8201634883880615,0.12835049629211426,0.11313857138156891,0.0166681706905365,0.016878506168723106,-3.97957444190979,9.98019027709961,0.08229710705085375,0.11353986818437639,0.2851477210864079,0.4401384164087285,1.9801716321007252,-1.0126689515059053
9174,9,0.13171182572841644,0.5020173192024231,0.12995274364948273,0.49302181601524353,2.0906991958618164,-0.6395323276519775,2.2484939098358154,-0.6725435256958008,0.1664581298828125,0.10661004483699799,0.014845361933112144,0.0218843724578619,0.9318714141845703,0.8131839632987976,0.7253208160400391,0.8189249634742737,0.11908967047929764,0.10255013406276703,0.016311462968587875,0.01625797711312771,-4.154404640197754,11.856603622436523,0.051250763840458555,0.11411512037772975,0.3049080509788684,0.4299749831729428,1.9760329892459265,-1.0163433235785675
9175,9,0.15259158611297607,0.49683594703674316,0.15229779481887817,0.48750075697898865,2.0770370960235596,-0.4263819754123688,2.2094972133636475,-0.45412155985832214,0.15791203081607819,0.09317982196807861,0.014250838197767735,0.02040017955005169,0.9257751107215881,0.8159689903259277,0.7311426997184753,0.8181584477424622,0.11230093240737915,0.08933012187480927,0.015838203951716423,0.015631409361958504,-4.827238082885742,11.488661766052246,0.017422165082185553,0.1162917998553657,0.32466838087132777,0.4198115499371578,1.9394388932179145,-1.0344470675152253
9176,9,0.17301955819129944,0.49338746070861816,0.1738358438014984,0.48393377661705017,2.016357421875,-0.27069801092147827,2.09859561920166,-0.26856112480163574,0.1512720286846161,0.0810236856341362,0.013730860315263271,0.026090282946825027,0.9196589589118958,0.8182727098464966,0.7367255091667175,0.8173967599868774,0.10762569308280945,0.07611971348524094,0.015297294594347477,0.020278261974453926,-6.141315460205078,12.085760116577148,-0.027074217119289312,0.11828967035541077,0.34361221275165393,0.4092441807515629,1.8933904852821584,-1.0572280260972593
9177,9,0.19267334043979645,0.4914243221282959,0.1940297931432724,0.482085257768631,1.9215937852859497,-0.12840726971626282,1.9454214572906494,-0.10638599097728729,0.14742638170719147,0.07085859030485153,0.013273729011416435,0.060423143208026886,0.9136025309562683,0.8199321627616882,0.7420099377632141,0.8153803944587708,0.10488606989383698,0.06525934487581253,0.014793255366384983,0.04580162465572357,-4.557958602905273,8.696951866149902,-0.06656871086297858,0.12819401821495752,0.3625461176044769,0.3986719004905903,1.8933904852821584,-1.0572280260972593
9178,9,0.21141326427459717,0.49009233713150024,0.2124815434217453,0.48145461082458496,1.8387755155563354,-0.1336558759212494,1.769227147102356,-0.03076053038239479,0.14664164185523987,0.062332939356565475,0.012873031198978424,0.0992632582783699,0.9075934290885925,0.8213168978691101,0.7469925880432129,0.8132125735282898,0.10437685251235962,0.05759257823228836,0.014242328703403473,0.07411997765302658,-5.414516925811768,7.599930763244629,-0.10785023722375606,0.14269655563173378,0.38046596952631806,0.38777628469460734,1.7791937906536368,-1.093640177994002
9179,9,0.2291317582130432,0.48832929134368896,0.22930297255516052,0.4810585379600525,1.7274169921875,-0.20869335532188416,1.6221150159835815,-0.04669812321662903,0.15455688536167145,0.05513683333992958,0.012521742843091488,0.12256569415330887,0.9014536738395691,0.8229189515113831,0.7515391707420349,0.8114562630653381,0.10927866399288177,0.052385855466127396,0.013416037894785404,0.09099002182483673,-7.025713920593262,6.133184432983398,-0.12853682894363352,0.1569602170978147,0.3982579074328556,0.3768398829146673,1.7791937906536368,-1.0936401779940284
9180,9,0.24535296857357025,0.48527809977531433,0.2447424978017807,0.4799400866031647,1.5551362037658691,-0.369187593460083,1.5011701583862305,-0.15564432740211487,0.17015403509140015,0.04903430864214897,0.012213913723826408,0.13505302369594574,0.8952979445457458,0.8252681493759155,0.7554663419723511,0.8096123337745667,0.12048275768756866,0.04923900216817856,0.01266427431255579,0.09755220264196396,-8.470053672790527,0.2793240547180176,-0.13858482926931842,0.17522927635548508,0.41490134587089567,0.36565180091327015,1.6334429053603086,-1.1255797792688487
9181,9,0.2595505118370056,0.4795824885368347,0.2588827610015869,0.477126806974411,1.3420534133911133,-0.7021644711494446,1.373200535774231,-0.3629336953163147,0.19586825370788574,0.04383169487118721,0.011943978257477283,0.1348077654838562,0.8889862298965454,0.8286154270172119,0.759151041507721,0.8076032996177673,0.13511300086975098,0.04618687927722931,0.012577618472278118,0.09585213661193848,-4.126040935516357,0.42908430099487305,-0.13353754793031106,0.20501548813190293,0.4312357749245,0.3543960031205816,1.633442905360335,-1.1255797792688487
9182,9,0.27323806285858154,0.47149255871772766,0.2725124955177307,0.4728277623653412,1.3671683073043823,-0.9230287671089172,1.3266602754592896,-0.5271097421646118,0.22947320342063904,0.039374012500047684,0.01170701626688242,0.12885497510433197,0.8823003768920898,0.8326737284660339,0.7627725601196289,0.8053498864173889,0.1540171205997467,0.04284995421767235,0.01235025841742754,0.09085047990083694,-5.920615196228027,4.137003421783447,-0.09782195446797959,0.24264127589380557,0.446396542484307,0.3429512353187465,1.4628495935163963,-1.1530468299217465
9183,9,0.28674373030662537,0.4617888033390045,0.2854327857494354,0.46563637256622314,1.3358508348464966,-1.0180354118347168,1.2591989040374756,-0.9125751256942749,0.24010413885116577,0.035541437566280365,0.0114989522844553,0.12020576745271683,0.876275360584259,0.8371251225471497,0.7662818431854248,0.8028964996337891,0.1676529347896576,0.040055904537439346,0.012203391641378403,0.0832594484090805,-5.673175811767578,2.7375173568725586,-0.07437482286824235,0.24451167114520897,0.4610250384194709,0.3314207670195296,1.4628495935163963,-1.1530468299217729
9184,9,0.2999035120010376,0.4507189095020294,0.2976555824279785,0.45437657833099365,1.3082892894744873,-1.1750156879425049,1.2068721055984497,-1.2841250896453857,0.24929450452327728,0.03223950043320656,0.011316368356347084,0.1118873804807663,0.8708394169807434,0.8421639800071716,0.7698461413383484,0.7999610900878906,0.17525655031204224,0.03828594088554382,0.012304412201046944,0.07466815412044525,-2.909238338470459,-1.40641450881958,-0.06688833598685712,0.25323075704731,0.47466225315573274,0.31975509382223183,1.2942609115783388,-1.1760413299527483
9185,9,0.3132151663303375,0.4375811815261841,0.30972400307655334,0.439998596906662,1.3562666177749634,-1.425925850868225,1.224038004875183,-1.5547289848327637,0.25723177194595337,0.029385561123490334,0.011156021617352962,0.10203397274017334,0.8654971718788147,0.8480172157287598,0.7736485600471497,0.796425461769104,0.17895223200321198,0.0367637574672699,0.012557788752019405,0.06583036482334137,-1.2378668785095215,-1.3871610164642334,-0.047576818075380306,0.2606846707012651,0.487604862271517,0.3079946805227043,1.2942609115783388,-1.1760413299527483
9186,9,0.32735106348991394,0.4221603274345398,0.32256177067756653,0.4233374297618866,1.4533023834228516,-1.6447560787200928,1.3366721868515015,-1.7622270584106445,0.2567703425884247,0.026919281110167503,0.011015490628778934,0.08834083378314972,0.860237181186676,0.8545603156089783,0.7776692509651184,0.7924748063087463,0.1790069341659546,0.03522946685552597,0.012690385803580284,0.05546405538916588,-2.187807559967041,0.5578207969665527,-0.010195180044227009,0.25492070885675544,0.49976731382613976,0.29614388233491923,1.1343886236603582,-1.1945632793618277
9187,9,0.3421926498413086,0.40486907958984375,0.3366416394710541,0.4047601521015167,1.5093250274658203,-1.804804801940918,1.4678149223327637,-1.941202163696289,0.2531203031539917,0.026906752958893776,0.010891993530094624,0.07696536183357239,0.8550899624824524,0.8615128993988037,0.7818119525909424,0.787880003452301,0.17627952992916107,0.03625297546386719,0.01284715160727501,0.04548989608883858,-1.0043299198150635,-3.43001127243042,0.026820555171740285,0.23845652489508404,0.5111112000627438,0.2841982495413009,1.1343886236603318,-1.1945632793618277
9188,9,0.3574928939342499,0.3852404057979584,0.3517000675201416,0.38438692688941956,1.5608922243118286,-2.076388359069824,1.5507798194885254,-2.096853017807007,0.24765384197235107,0.05386129021644592,0.010783602483570576,0.06747511029243469,0.8499449491500854,0.8657699227333069,0.7861148715019226,0.7824691534042358,0.17140577733516693,0.06270231306552887,0.012980010360479355,0.037520963698625565,-2.2742128372192383,-2.858710289001465,0.05875665434122698,0.22547831403106827,0.5218686195878874,0.2721981067680047,0.9832327297624018,-1.2086126781489845
9189,9,0.3733322322368622,0.36352798342704773,0.3676907420158386,0.36282649636268616,1.6104025840759277,-2.234564781188965,1.6416631937026978,-2.204796552658081,0.24032382667064667,0.10159598290920258,0.010688302107155323,0.05948196351528168,0.8447975516319275,0.8683457970619202,0.790449857711792,0.7763717174530029,0.1659255176782608,0.11020771414041519,0.01297268457710743,0.03092341683804989,-3.5356950759887695,-5.368651390075684,0.11207671341512532,0.2102915619725587,0.531700946885512,0.260111979986515,0.983232729762349,-1.2086126781489845
9190,9,0.3893167972564697,0.3402683734893799,0.3842080533504486,0.33996084332466125,1.6100214719772339,-2.3581881523132324,1.6744680404663086,-2.3359174728393555,0.23124763369560242,0.14157019555568695,0.01060468889772892,0.05272817611694336,0.8397893905639648,0.871931791305542,0.7946298122406006,0.7697173357009888,0.1610274612903595,0.1575937271118164,0.012691430747509003,0.025625286623835564,-6.002774238586426,-10.359273910522461,0.1526900133592635,0.19338638536430064,0.5411230655333379,0.24799827303268154,0.8407932298844696,-1.2181895263142055
9191,9,0.4047139286994934,0.31559744477272034,0.40054795145988464,0.31554216146469116,1.5230783224105835,-2.4939661026000977,1.631845235824585,-2.4917078018188477,0.22177079319953918,0.17903278768062592,0.010531258769333363,0.04698473960161209,0.8349764347076416,0.8762550950050354,0.7987484931945801,0.7629719376564026,0.15463531017303467,0.2006780207157135,0.012675763107836246,0.022212883457541466,-5.104532241821289,-8.30070972442627,0.1912999084625586,0.18149457074909423,0.5495309978321831,0.23581637776953956,0.8407932298844696,-1.2181895263142055
9192,9,0.4200182259082794,0.2911889851093292,0.4168594777584076,0.2902708947658539,1.5205342769622803,-2.3953158855438232,1.6115894317626953,-2.5654995441436768,0.21450769901275635,0.21949514746665955,0.010466757230460644,0.042078111320734024,0.8302162289619446,0.8804085850715637,0.802729070186615,0.7565131783485413,0.1493719518184662,0.24303604662418365,0.012454508803784847,0.019632261246442795,-6.459157466888428,-6.747124195098877,0.23478602582546695,0.18311435050448743,0.557687546754851,0.22362488704014505,0.7070701240266409,-1.2232938238575042
9193,9,0.43482115864753723,0.26811981201171875,0.4325772523880005,0.2646310329437256,1.4437752962112427,-2.2270448207855225,1.530519723892212,-2.5314035415649414,0.20623525977134705,0.23596471548080444,0.010410086251795292,0.037869684398174286,0.8256889581680298,0.8853946924209595,0.8064067363739014,0.7504315972328186,0.1455799788236618,0.2708544135093689,0.012071234174072742,0.017468102276325226,-7.286478042602539,-8.755034446716309,0.2427435953905029,0.16992356582643053,0.5647582479951174,0.21139194880157008,0.707070124026588,-1.223293823857491
9194,9,0.4485391080379486,0.24639497697353363,0.44712361693382263,0.24032926559448242,1.3192518949508667,-2.1090104579925537,1.3956305980682373,-2.3065006732940674,0.19929824769496918,0.23726695775985718,0.010360202752053738,0.03424090892076492,0.8214604258537292,0.8914778828620911,0.8098626136779785,0.7448857426643372,0.14142563939094543,0.2787693738937378,0.011951666325330734,0.016038868576288223,-5.440633296966553,-8.05965518951416,0.23779506652581556,0.1684909241538563,0.5717189583447878,0.1991584547015898,0.5921901535381006,-1.2238743932254685
9195,9,0.46155914664268494,0.22644373774528503,0.4604887068271637,0.21906504034996033,1.2750922441482544,-1.9074739217758179,1.2778278589248657,-1.988107442855835,0.1947026401758194,0.23769143223762512,0.010316490195691586,0.031119676306843758,0.8174067735671997,0.8976911306381226,0.8130627870559692,0.7398994565010071,0.1388235092163086,0.27870428562164307,0.011578003875911236,0.01458787638694048,-6.474590301513672,-8.307941436767578,0.23787155520806832,0.1739548134944406,0.5775395924666759,0.18691919899380105,0.582063412188757,-1.2239255707788805
9196,9,0.4735942482948303,0.20821356773376465,0.47234827280044556,0.20043379068374634,1.1501405239105225,-1.7348450422286987,1.1178126335144043,-1.7473032474517822,0.19000855088233948,0.23466134071350098,0.010278078727424145,0.028420081362128258,0.8136783838272095,0.9036751985549927,0.8159063458442688,0.7353596091270447,0.13757936656475067,0.2747187912464142,0.01115464698523283,0.013334185816347599,-6.698334217071533,-10.290353775024414,0.2220297659272937,0.1686159737480528,0.5833602265885636,0.17467994328601305,0.530570066110839,-1.2221639080016642
9197,9,0.48432594537734985,0.19154246151447296,0.48270151019096375,0.18398672342300415,1.013597011566162,-1.5945823192596436,0.9748857617378235,-1.5513832569122314,0.18731118738651276,0.22939887642860413,0.010244335047900677,0.026080965995788574,0.8102894425392151,0.9094221591949463,0.8184626698493958,0.7312213182449341,0.136614590883255,0.2677030861377716,0.01093156635761261,0.012231503613293171,-4.970516204833984,-11.685328483581543,0.20728120458885033,0.1749206815416199,0.5880319263392187,0.16247999430558668,0.46577309437097664,-1.2199471087084592
9198,9,0.49406832456588745,0.17629912495613098,0.49190160632133484,0.16940028965473175,0.9326997995376587,-1.4627138376235962,0.871938943862915,-1.385101318359375,0.18697357177734375,0.22271282970905304,0.010214647278189659,0.024047432467341423,0.8071119785308838,0.9149045348167419,0.8207281231880188,0.7274399399757385,0.13726894557476044,0.25858527421951294,0.010533774271607399,0.01133667305111885,-6.227426528930664,-11.012130737304688,0.1943598276419869,0.18542155035376676,0.5926896572829289,0.15028052321850213,0.46577309437097664,-1.219947108708446
9199,9,0.5026865005493164,0.16237658262252808,0.5000894069671631,0.15623082220554352,0.803109347820282,-1.3315104246139526,0.7785876393318176,-1.2591825723648071,0.18737637996673584,0.21470223367214203,0.010188628919422626,0.022284258157014847,0.804204523563385,0.9199835062026978,0.822727382183075,0.7242065072059631,0.13864800333976746,0.2461332082748413,0.010288026183843613,0.01096356101334095,-5.869557857513428,-6.843632698059082,0.1800668598541626,0.18752282502810894,0.5963921447051076,0.13816220805793353,0.35819917057324685,-1.2108078041667532
9200,9,0.5103712677955627,0.15053163468837738,0.5076749324798584,0.1446470469236374,0.7137858867645264,-1.0876264572143555,0.7148553133010864,-1.085767388343811,0.19582977890968323,0.20515325665473938,0.010165718384087086,0.020745938643813133,0.8013299107551575,0.9245793223381042,0.8243378400802612,0.7215020656585693,0.14478100836277008,0.23239575326442719,0.009801897220313549,0.010459696874022484,-7.28360652923584,-7.150382041931152,0.16328882743446158,0.1988347769475532,0.5999741364108402,0.126054130016266,0.35819917057324685,-1.2108078041667598
9201,9,0.5165895223617554,0.14046157896518707,0.5141230821609497,0.1345548778772354,0.5558502674102783,-0.9348286986351013,0.5904242992401123,-0.9331669807434082,0.202015683054924,0.1907099038362503,0.010145612992346287,0.0194067545235157,0.7987720966339111,0.9289307594299316,0.8256916403770447,0.7192507386207581,0.15092888474464417,0.2156372368335724,0.009657610207796097,0.010081678628921509,-4.708967208862305,-7.551836013793945,0.12567807216294913,0.20431789160237157,0.6027771426567027,0.11405982014674518,0.25934164079556765,-1.1963699987838148
9202,9,0.5219797492027283,0.13197705149650574,0.5195491909980774,0.12623384594917297,0.5147310495376587,-0.7866833806037903,0.49036115407943726,-0.7560544013977051,0.21674421429634094,0.17436467111110687,0.010127962566912174,0.018239393830299377,0.7962220907211304,0.9331216216087341,0.8267261981964111,0.7174341678619385,0.16144311428070068,0.1957261860370636,0.009100276045501232,0.009861292317509651,-10.068551063537598,-3.9080190658569336,0.09820381067063796,0.2225341789230929,0.6053705590646583,0.10209612015890618,0.25934164079551475,-1.1963699987838148
9203,9,0.5260308384895325,0.12505629658699036,0.5237365961074829,0.11940474063158035,0.32609081268310547,-0.612305760383606,0.3615301847457886,-0.6097427010536194,0.22164234519004822,0.156182199716568,0.010112431831657887,0.017218487337231636,0.794309139251709,0.9370138645172119,0.8273603916168213,0.7161227464675903,0.17103838920593262,0.17364604771137238,0.008763481862843037,0.009727178141474724,-9.494194030761719,-3.4817075729370117,0.06846105780162669,0.22357540168712625,0.607343815286365,0.09026820358716096,0.16920050503783327,-1.1766336925598029
9204,9,0.5286749005317688,0.11984962224960327,0.526721179485321,0.11426500231027603,0.21133413910865784,-0.45296624302864075,0.23630830645561218,-0.4370604455471039,0.2408072054386139,0.13559411466121674,0.01009879820048809,0.016327036544680595,0.7925316095352173,0.940674364566803,0.8277093172073364,0.7152559757232666,0.1838526725769043,0.14973235130310059,0.008419387973845005,0.009646360762417316,-10.220379829406738,-1.531975269317627,0.031682162137923575,0.24881336837940296,0.609035820336744,0.07850186666156214,0.16920050503783327,-1.1766336925598029
9205,9,0.5302054286003113,0.1162121370434761,0.5283787250518799,0.11077796667814255,0.09735333174467087,-0.3010024130344391,0.0949053019285202,-0.2808414101600647,0.2574443519115448,0.11563677340745926,0.010086816735565662,0.015547527931630611,0.7908839583396912,0.9439283013343811,0.8278722167015076,0.7148916125297546,0.1976945847272873,0.1254100203514099,0.008319062180817127,0.00969545915722847,-8.807043075561523,0.6947922706604004,-0.006103025142130514,0.2647967031736136,0.6102490576864552,0.06688273139432319,0.08777576330025526,-1.151598885494631
9206,9,0.5311712026596069,0.11436154693365097,0.5288912057876587,0.10904031246900558,0.0761939287185669,-0.114280566573143,-0.003803566098213196,-0.10097202658653259,0.27434659004211426,0.09946316480636597,0.010076288133859634,0.04147821292281151,0.7894011735916138,0.9464666247367859,0.8279549479484558,0.7136915922164917,0.21113130450248718,0.1049676164984703,0.008283611387014389,0.025328777730464935,-7.122361660003662,-0.9639108180999756,-0.04587151482898402,0.2822067111415152,0.611126815319458,0.055366742539375416,0.08777576330025526,-1.151598885494631
9207,9,0.5318509340286255,0.11347192525863647,0.5283583402633667,0.10864046961069107,0.0631679818034172,-0.07646232843399048,-0.08189601451158524,0.007716501131653786,0.2822675406932831,0.08619791269302368,0.010067041032016277,0.08499336987733841,0.7881698608398438,0.9482191801071167,0.8282569646835327,0.7121675610542297,0.21846970915794373,0.08789613842964172,0.008663921616971493,0.052073705941438675,-3.579453229904175,4.123749732971191,-0.09432179889754194,0.28610454398238666,0.6116497649493343,0.043998776583371306,0.015067415582674975,-1.121265577588303
9208,9,0.5333995819091797,0.11378245800733566,0.5281493663787842,0.10965374857187271,0.18880048394203186,0.0636734664440155,0.010741379112005234,0.13763903081417084,0.28654956817626953,0.07517187297344208,0.010058903135359287,0.11495587974786758,0.7870645523071289,0.9494410157203674,0.8287161588668823,0.7112151980400085,0.22244709730148315,0.07622236758470535,0.008777709677815437,0.07025524973869324,-3.4883272647857666,1.5942096710205078,-0.12225431890917643,0.28859931169480657,0.6118004391051612,0.03278612080748751,0.015067415582674975,-1.121265577588303
9209,9,0.5353906750679016,0.11393663287162781,0.5286954641342163,0.11101626604795456,0.21728120744228363,-0.019570980221033096,0.11046314239501953,0.139534130692482,0.28268957138061523,0.06596141308546066,0.010051755234599113,0.15596406161785126,0.7860831618309021,0.950505793094635,0.8295896053314209,0.7099899053573608,0.21888715028762817,0.06638619303703308,0.009471586905419827,0.09401115030050278,1.484816074371338,3.508782386779785,-0.16788598583111355,0.26802799174247294,0.6117028321673629,0.02171171216944745,-0.04892453811485471,-1.0856337688408215
9210,9,0.5390064120292664,0.1139703243970871,0.5311350226402283,0.1127781942486763,0.4378683865070343,-0.027661018073558807,0.3308619558811188,0.16448122262954712,0.2780613899230957,0.05821623653173447,0.010045480914413929,0.17362411320209503,0.7849733233451843,0.9516922831535339,0.8306831121444702,0.7091035842895508,0.21396487951278687,0.0598675012588501,0.009496103972196579,0.10396847873926163,-3.0692172050476074,2.365694046020508,-0.17948196910457165,0.26031166437206066,0.6112135867862144,0.010855374481037837,-0.048924538114801845,-1.0856337688408233
9211,9,0.5431756377220154,0.11260401457548141,0.534911036491394,0.11368874460458755,0.4361458420753479,-0.20339474081993103,0.43870723247528076,0.04181327298283577,0.2661915421485901,0.051644157618284225,0.010039960965514183,0.19478000700473785,0.7840338349342346,0.9533487558364868,0.8317158222198486,0.7077998518943787,0.2086242437362671,0.05438022315502167,0.009323556907474995,0.11362410336732864,-7.294491767883301,1.7058277130126953,-0.2020898413688927,0.22012642373106583,0.6105651544329017,0.00011691116769110225,-0.10420009779233382,-1.0447034592521818
9212,9,0.547012209892273,0.10958927124738693,0.5393975377082825,0.11280767619609833,0.3704131841659546,-0.360525906085968,0.4656544327735901,-0.1941891759634018,0.255129873752594,0.0460495799779892,0.010035108774900436,0.19593742489814758,0.7833182215690613,0.9552482962608337,0.8328397274017334,0.7067226767539978,0.19973930716514587,0.04896950721740723,0.00954514928162098,0.11523181200027466,-4.668128490447998,4.295508861541748,-0.19634991525877687,0.21128930236913324,0.6095231534549783,-0.010330123424831429,-0.10420009779233382,-1.0447034592521813
9213,9,0.5512981414794922,0.10602029412984848,0.5444732308387756,0.10988045483827591,0.4459525942802429,-0.3862679898738861,0.5148841142654419,-0.39666080474853516,0.24668295681476593,0.041278090327978134,0.010030853562057018,0.19487783312797546,0.7825038433074951,0.9574093818664551,0.8339850306510925,0.7055560350418091,0.19189324975013733,0.04489411041140556,0.009485888294875622,0.11254303902387619,-5.023550987243652,2.9256844520568848,-0.19007660426961473,0.2124446318206143,0.6083936268383116,-0.020690253406756197,-0.15075926344976232,-0.9984746488223865
9214,9,0.5555946230888367,0.10129721462726593,0.5494143962860107,0.10466969758272171,0.4193466901779175,-0.5427177548408508,0.4799509346485138,-0.6157594919204712,0.23573905229568481,0.037179071456193924,0.01002710871398449,0.1999339461326599,0.7816846370697021,0.9598873853683472,0.8351839780807495,0.7039398550987244,0.18338990211486816,0.04121176525950432,0.009625907987356186,0.11261200904846191,-3.2344484329223633,3.9664793014526367,-0.20178073632329582,0.1906384297145231,0.6068860342038136,-0.030674999894980744,-0.1507592634498152,-0.9984746488223865
9215,9,0.5601451396942139,0.09545966982841492,0.5543379187583923,0.09788478165864944,0.4642150104045868,-0.6389428377151489,0.48783576488494873,-0.7427276372909546,0.22576923668384552,0.03364602103829384,0.010023814626038074,0.19840912520885468,0.7808679938316345,0.9627859592437744,0.8363242745399475,0.7020070552825928,0.17589330673217773,0.03867318853735924,0.009436862543225288,0.10879287123680115,-4.586646556854248,1.9664573669433594,-0.19158416232395103,0.1839495830832043,0.6053451444759531,-0.04061440853875308,-0.1855364080125649,-0.9511215434480482
9216,9,0.5643905401229858,0.08785562962293625,0.5588936805725098,0.08955048024654388,0.40696707367897034,-0.8416976928710938,0.44272109866142273,-0.8890597820281982,0.21434077620506287,0.030603215098381042,0.010020922869443893,0.19639571011066437,0.7802176475524902,0.9663639664649963,0.8373361825942993,0.6994991302490234,0.16862979531288147,0.03674209490418434,0.009362336248159409,0.1037527471780777,-4.242147445678711,-1.3918137550354004,-0.1873251280809891,0.165212540825323,0.6034591241250812,-0.05008388191426863,-0.1886020350871931,-0.9469473375514328
9217,9,0.5681723356246948,0.07795069366693497,0.5630176067352295,0.0798838883638382,0.36268430948257446,-1.097651481628418,0.39651307463645935,-1.023568868637085,0.20468765497207642,0.02797161415219307,0.010018385015428066,0.19047744572162628,0.7796473503112793,0.9705607295036316,0.8383680582046509,0.6964981555938721,0.1603657454252243,0.0347953736782074,0.009462393820285797,0.09781597554683685,-2.1513450145721436,-0.61004638671875,-0.16359094584592324,0.16228054104790235,0.6015731037742094,-0.05955335528978305,-0.2014991934301282,-0.9217848711986326
9218,9,0.5720796585083008,0.06619425863027573,0.5670420527458191,0.06904332339763641,0.3979482650756836,-1.2503066062927246,0.3966887593269348,-1.1576756238937378,0.19610394537448883,0.025692090392112732,0.010016153566539288,0.17905108630657196,0.7789424657821655,0.9754225611686707,0.8395077586174011,0.6930212378501892,0.15193508565425873,0.03365404158830643,0.00969341304153204,0.08827666938304901,2.460193634033203,-6.029453277587891,-0.12613232977855307,0.15763633340153754,0.5993993183111418,-0.06846139646755374,-0.2177284127045204,-0.8901215254393259
9219,9,0.5764925479888916,0.05201556906104088,0.5709258317947388,0.05617239326238632,0.47651126980781555,-1.5369118452072144,0.39927780628204346,-1.401794195175171,0.18614739179611206,0.023712104186415672,0.010014193132519722,0.16538460552692413,0.7780370712280273,0.9809799790382385,0.8408251404762268,0.6889704465866089,0.14299291372299194,0.032253753393888474,0.00982749555259943,0.07864581793546677,1.8491458892822266,-3.772139549255371,-0.10039475892142083,0.1406803735547841,0.5972220341840963,-0.0773626117219476,-0.21772841270457324,-0.8901215254393259
9220,9,0.5815249085426331,0.035819362848997116,0.5752879977226257,0.04077739268541336,0.5187742114067078,-1.6946879625320435,0.46745267510414124,-1.6640775203704834,0.1737346053123474,0.021989786997437477,0.010012471117079258,0.1456771045923233,0.7770268321037292,0.9868403673171997,0.8423362970352173,0.684730589389801,0.13252143561840057,0.030583014711737633,0.010111433453857899,0.06780525296926498,4.211726188659668,-1.317126750946045,-0.048500266373288914,0.115720518501612,0.5948635118543563,-0.08571217053969585,-0.23813839630184996,-0.8279972124860627
9221,9,0.5873904228210449,0.018693117424845695,0.5806417465209961,0.023241909220814705,0.6136448383331299,-1.7541431188583374,0.5715153217315674,-1.8438036441802979,0.16014263033866882,0.020490458235144615,0.010010958649218082,0.1239548772573471,0.7759752869606018,0.9929102659225464,0.8438403010368347,0.6803336143493652,0.12279945611953735,0.02910059131681919,0.009953505359590054,0.056154731661081314,0.5314183235168457,-0.04103541374206543,-0.011597610710471551,0.09477273261523177,0.5924821278913375,-0.09399214266455751,-0.23813839630190284,-0.8279972124860561
9222,9,0.5930912494659424,0.0007389039965346456,0.5864502787590027,0.003922830335795879,0.5480979084968567,-1.8201982975006104,0.5929722785949707,-1.9863991737365723,0.1440368890762329,0.019640181213617325,0.010009629651904106,0.10622131824493408,0.7751678824424744,0.9988847374916077,0.84534752368927,0.6758211255073547,0.11129428446292877,0.027805671095848083,0.010064240545034409,0.04694051668047905,2.8450655937194824,1.3343143463134766,0.013667097713973286,0.06391641747146119,0.5900085998470853,-0.10174083111555463,-0.24983198587912894,-0.7605743986916399
9223,9,0.5988736152648926,-0.017205987125635147,0.5926308035850525,-0.01602824218571186,0.5808073878288269,-1.788722038269043,0.6198771595954895,-2.011768341064453,0.1299324333667755,0.03882173076272011,0.010008460842072964,0.09175310283899307,0.7743085026741028,1.0018497705459595,0.8469671607017517,0.6712990999221802,0.09919671714305878,0.04555773362517357,0.010255154222249985,0.03949020802974701,5.340278148651123,2.4958348274230957,0.04207060381112229,0.05723854454997136,0.5875102799882939,-0.10934657510247155,-0.24983198587907607,-0.7605743986916399
9224,9,0.6051269769668579,-0.0345834344625473,0.599054753780365,-0.03593789041042328,0.6441607475280762,-1.7024931907653809,0.6488215923309326,-1.9688853025436401,0.11498959362506866,0.05426333099603653,0.010007433593273163,0.07978993654251099,0.7733431458473206,1.0046625137329102,0.8486154079437256,0.6669468283653259,0.08787534385919571,0.06192236393690109,0.01018224935978651,0.03397757560014725,3.4467220306396484,5.691478252410889,0.057043166654605404,0.03545214308140299,0.5849914773816897,-0.11645200517998869,-0.25280918143635733,-0.6878530840560638
9225,9,0.6114352941513062,-0.05078872665762901,0.6055858731269836,-0.05465913191437721,0.6139539480209351,-1.5553382635116577,0.6493703126907349,-1.7703899145126343,0.09891745448112488,0.061847373843193054,0.01000653114169836,0.06983291357755661,0.7727624177932739,1.008189082145691,0.8499115705490112,0.6628081202507019,0.07799059897661209,0.07152744382619858,0.009636133909225464,0.02905900962650776,-1.2451863288879395,3.225979804992676,0.06333173049059815,0.007932960265866554,0.5824633855673258,-0.12333053602054977,-0.2528091814364102,-0.6878530840560572
9226,9,0.6162362098693848,-0.06632031500339508,0.6113325357437134,-0.07135219871997833,0.40497592091560364,-1.5062354803085327,0.5335637927055359,-1.548604130744934,0.08570615202188492,0.06148769333958626,0.010005737654864788,0.06146400421857834,0.7726954221725464,1.0124870538711548,0.8508920073509216,0.6589721441268921,0.06843462586402893,0.07216303050518036,0.009344985708594322,0.02542378380894661,0.9917831420898438,2.074594497680664,0.059250276536884444,-0.005770671302565603,0.5799690395505301,-0.12975031971785686,-0.24706998297353513,-0.6098332685793347
9227,9,0.6198342442512512,-0.0806807205080986,0.6161365509033203,-0.0854850709438324,0.3145592212677002,-1.37718665599823,0.42369166016578674,-1.316352367401123,0.07483360171318054,0.06796672940254211,0.010005042888224125,0.05442052334547043,0.7728466987609863,1.0159157514572144,0.8515781760215759,0.6555162072181702,0.06050669774413109,0.07658196240663528,0.008985206484794617,0.02238726243376732,0.12519598007202148,2.8542232513427734,0.0693608036283545,0.010258044264633226,0.5774983397207942,-0.13584865240365093,-0.24706998297353513,-0.6098332685793215
9228,9,0.6222779154777527,-0.0936107411980629,0.6196373701095581,-0.09770004451274872,0.17869184911251068,-1.2130789756774902,0.2758874297142029,-1.1427185535430908,0.06583506613969803,0.06770869344472885,0.010004431940615177,0.04843844100832939,0.7732877731323242,1.0194960832595825,0.8519634008407593,0.6522833108901978,0.05394132807850838,0.07760050147771835,0.00875941663980484,0.019395312294363976,3.572840690612793,-3.572918176651001,0.06612359874636137,0.010929442642326662,0.5750981814459675,-0.14154040171401913,-0.2326143904907152,-0.5265149522614327
9229,9,0.623604953289032,-0.10586588829755783,0.6213829517364502,-0.1086641475558281,0.09789910912513733,-1.2075433731079102,0.09419834613800049,-1.0429565906524658,0.059594087302684784,0.06603949517011642,0.010003894567489624,0.04332536831498146,0.7737921476364136,1.0231640338897705,0.8521580696105957,0.6492556929588318,0.048986103385686874,0.07548468559980392,0.00845994520932436,0.01733234152197838,2.2916150093078613,-0.3297269344329834,0.055773292832178106,0.020779800644053974,0.5727720375410603,-0.14680555123663386,-0.23261439049066232,-0.5265149522614461
9230,9,0.6241093873977661,-0.11712254583835602,0.6216519474983215,-0.11851900070905685,0.0003306148573756218,-1.0602188110351562,-0.03563566878437996,-0.9466742277145386,0.05482333153486252,0.06823065876960754,0.010003420524299145,0.03894304484128952,0.7745742201805115,1.0262246131896973,0.8519145846366882,0.6464958190917969,0.046553898602724075,0.07607552409172058,0.007781179156154394,0.015383413061499596,-0.6458032131195068,-2.021341323852539,0.06869337301521536,0.024710774155632793,0.5705357981603627,-0.1517268781533339,-0.20944240398784464,-0.43789813510238434
9231,9,0.6228341460227966,-0.1274796724319458,0.6203133463859558,-0.12792818248271942,-0.22139322757720947,-0.9915693998336792,-0.20245473086833954,-0.9183638691902161,0.051868319511413574,0.06701584905385971,0.01000300608575344,0.03517229110002518,0.775843620300293,1.0291389226913452,0.8512864112854004,0.6439968347549438,0.044771403074264526,0.07492491602897644,0.007540219929069281,0.013835454359650612,2.0951271057128906,-2.8060173988342285,0.0595703748105296,0.033034971733026414,0.5684413741204843,-0.1561058595043584,-0.2094424039877918,-0.43789813510238434
9232,9,0.620145320892334,-0.13679265975952148,0.6176730990409851,-0.1367344856262207,-0.3226800560951233,-0.8851721882820129,-0.3280915915966034,-0.8570751547813416,0.061726171523332596,0.06619107723236084,0.010002641007304192,0.03192545101046562,0.7761960029602051,1.0317044258117676,0.8505365252494812,0.6419394016265869,0.05065184831619263,0.0725538432598114,0.00749590527266264,0.012891076505184174,5.70042610168457,-0.0993192195892334,0.061115489213108026,0.0637109449546023,0.5664387847860761,-0.16021437602066105,-0.17755402346492352,-0.3439828171021762
9233,9,0.6171665191650391,-0.14438731968402863,0.6141189336776733,-0.14472585916519165,-0.3085203766822815,-0.6806444525718689,-0.40270379185676575,-0.7734439373016357,0.07652448862791061,0.06481954455375671,0.010002320632338524,0.029116399586200714,0.7759408950805664,1.0338412523269653,0.8496186137199402,0.6403123140335083,0.06214649975299835,0.0701785534620285,0.007279574405401945,0.011929843574762344,4.31657075881958,-0.033686161041259766,0.05636499490482197,0.07962089749709854,0.5646632445514271,-0.16365420419168317,-0.17755402346487065,-0.3439828171021762
9234,9,0.6136572957038879,-0.1505185216665268,0.6096280217170715,-0.15213416516780853,-0.38013917207717896,-0.5529725551605225,-0.4735548198223114,-0.6928498148918152,0.07853017747402191,0.06053592637181282,0.01000203937292099,0.0266847126185894,0.7768673896789551,1.035932183265686,0.8484305143356323,0.6389176845550537,0.06773342192173004,0.06625296175479889,0.006914103869348764,0.010920214466750622,1.2572550773620605,-1.5067875385284424,0.03391811412662568,0.07897208311285377,0.5629640364154687,-0.16690752230085934,-0.13694924892189891,-0.2447689982608348
9235,9,0.6089516878128052,-0.15587249398231506,0.6044646501541138,-0.15847578644752502,-0.523823618888855,-0.5011463761329651,-0.5349503755569458,-0.555984616279602,0.0902491956949234,0.05522217974066734,0.010001789778470993,0.024575360119342804,0.7777806520462036,1.0380107164382935,0.8470233082771301,0.6377305388450623,0.07679765671491623,0.06071341782808304,0.006705704145133495,0.010153507813811302,2.1164774894714355,-1.7994439601898193,0.021757619702364242,0.09295310933039977,0.5615945439262496,-0.16935521228346784,-0.13694924892189891,-0.2447689982608348
9236,9,0.6033892035484314,-0.16043874621391296,0.5989366173744202,-0.16304902732372284,-0.5801708698272705,-0.4190509617328644,-0.5730304718017578,-0.3754938542842865,0.1143283024430275,0.05040412023663521,0.010001574642956257,0.022740690037608147,0.7779476642608643,1.0397151708602905,0.8453465700149536,0.636992871761322,0.09500706195831299,0.054141078144311905,0.006279888562858105,0.010005786083638668,-2.510625123977661,4.838690757751465,0.019663405089237446,0.12029113577018237,0.5602684481409015,-0.17171094397878797,-0.09162356755906952,-0.14872317780614422
9237,9,0.5968848466873169,-0.16316208243370056,0.5929411053657532,-0.16579006612300873,-0.7040292024612427,-0.1663965880870819,-0.6351389288902283,-0.19739100337028503,0.13236229121685028,0.04544976353645325,0.01000138558447361,0.02114342711865902,0.778633177280426,1.0408282279968262,0.8432820439338684,0.6368222832679749,0.11381882429122925,0.0480409637093544,0.005883275996893644,0.009775281883776188,-4.185605049133301,3.6916494369506836,0.013422968529838326,0.13723568960829247,0.5593921673373128,-0.1731135107645713,-0.08762808035882373,-0.1402566785783205
9238,9,0.589012086391449,-0.16400282084941864,0.5858306884765625,-0.16697627305984497,-0.8399428725242615,-0.006411765702068806,-0.7687835693359375,-0.03778492659330368,0.1583283245563507,0.04076318070292473,0.010001217015087605,0.02193610928952694,0.7794355750083923,1.0412704944610596,0.8410360217094421,0.6372184753417969,0.135056734085083,0.04161330685019493,0.005735097918659449,0.010974915698170662,-4.099056720733643,7.746720314025879,-0.02206072855135323,0.16630321241536802,0.5585158865337241,-0.17451607755035445,0.22139257817852107,-0.09165460465571888
9239,9,0.5805017352104187,-0.16237758100032806,0.577744722366333,-0.16597966849803925,-0.869945228099823,0.28381186723709106,-0.8605531454086304,0.20747095346450806,0.19941358268260956,0.036742743104696274,0.010001069866120815,0.041775595396757126,0.7796637415885925,1.0409120321273804,0.838590681552887,0.6376550793647766,0.16526386141777039,0.03626978397369385,0.005507682450115681,0.02066490240395069,-5.288000106811523,6.92227840423584,-0.04522988970144363,0.2139835873591818,0.5645345636821298,-0.17483422086211478,0.6102506424417637,-0.030495883183302375
9240,9,0.5714064836502075,-0.1586323380470276,0.5684265494346619,-0.16277343034744263,-0.9223679900169373,0.45984330773353577,-0.9797804951667786,0.4343821108341217,0.2338828146457672,0.03327640891075134,0.010000939480960369,0.08416170626878738,0.7799328565597534,1.0397608280181885,0.8362123966217041,0.6380159854888916,0.19454136490821838,0.03136969730257988,0.005781820975244045,0.04160097613930702,-2.5663626194000244,8.76882553100586,-0.09287906397803712,0.24751236260433476,0.5706370701065476,-0.17513917969394777,0.6102506424418167,-0.030495883183302375
9241,9,0.5628641247749329,-0.15273109078407288,0.5586283802986145,-0.15691156685352325,-0.8097522854804993,0.6736496686935425,-0.9828787446022034,0.6959355473518372,0.2685447037220001,0.03028193861246109,0.010000823065638542,0.11754092574119568,0.7801964282989502,1.038058876991272,0.8340109586715698,0.6390158534049988,0.22234255075454712,0.02786073088645935,0.005925074219703674,0.058797936886548996,-3.623303174972534,7.288799285888672,-0.12566104651151896,0.28362030216196654,0.5756219267503672,-0.17442464688180706,0.4843874781065452,0.08431328740960922
9242,9,0.5549707412719727,-0.1456615924835205,0.5490208864212036,-0.1491144448518753,-0.7520030736923218,0.7444920539855957,-0.9138453006744385,0.8557228446006775,0.28551048040390015,0.027699869126081467,0.010000726208090782,0.1562480330467224,0.7808937430381775,1.0360593795776367,0.831965982913971,0.640129804611206,0.24374134838581085,0.024892866611480713,0.006050547119230032,0.07847180217504501,-6.560249328613281,8.076486587524414,-0.16826523789770995,0.29385244732931093,0.5804658015314326,-0.17358151400771096,0.4843874781065981,0.08431328740960922
9243,9,0.547587513923645,-0.13791611790657043,0.5405107736587524,-0.14000314474105835,-0.7102357745170593,0.8019923567771912,-0.7830783724784851,0.9614819288253784,0.30122581124305725,0.02546130307018757,0.010000639595091343,0.18119847774505615,0.7819473743438721,1.033796787261963,0.8300825953483582,0.6417332887649536,0.25975751876831055,0.022276172414422035,0.006201069802045822,0.09320734441280365,-8.623337745666504,9.975317001342773,-0.18997884319695402,0.3093391430516432,0.5843531328578926,-0.17179431226209094,0.362996864393302,0.20412080807174518
9244,9,0.5407039523124695,-0.12944626808166504,0.5333091616630554,-0.1299661099910736,-0.6592958569526672,0.8794479370117188,-0.6669653058052063,1.0345044136047363,0.3174792230129242,0.023511432111263275,0.01000056229531765,0.20281164348125458,0.7830374240875244,1.031378149986267,0.8283451795578003,0.6435839533805847,0.2736820876598358,0.020204773172736168,0.006352761294692755,0.10571818053722382,-9.451336860656738,8.760309219360352,-0.2106491613336544,0.32590835191143835,0.5879831015018254,-0.16975310418137338,0.36299686439324913,0.20412080807174518
9245,9,0.5343483686447144,-0.12065630406141281,0.5270105600357056,-0.11955104023218155,-0.602165937423706,0.8829307556152344,-0.5934010148048401,1.0404331684112549,0.3312038779258728,0.021817024797201157,0.010000496171414852,0.2252342700958252,0.7840918898582458,1.028883457183838,0.8267927765846252,0.6454673409461975,0.2852419316768646,0.01836426369845867,0.006582619156688452,0.11859332025051117,-10.509137153625488,9.261762619018555,-0.23415562263173895,0.3386877550393509,0.5908086879159012,-0.16685324670172014,0.24607880130192833,0.32892667880310555
9246,9,0.5286800861358643,-0.11174818873405457,0.5214623808860779,-0.10945552587509155,-0.5296736359596252,0.8936349749565125,-0.51946622133255,0.9739093780517578,0.34258297085762024,0.020340410992503166,0.010000435635447502,0.24026542901992798,0.7851017117500305,1.026421070098877,0.825401246547699,0.6474394202232361,0.2950699031352997,0.017092352733016014,0.006691689137369394,0.12758061289787292,-11.687212944030762,7.867300510406494,-0.24653759340375372,0.3489294326172388,0.5932694759289201,-0.16356397991368885,0.24607880130187548,0.32892667880310555
9247,9,0.5235671401023865,-0.10322430729866028,0.5164864659309387,-0.10037856549024582,-0.4795272648334503,0.824127197265625,-0.4672680199146271,0.8592840433120728,0.35005423426628113,0.019053107127547264,0.010000381618738174,0.2531782388687134,0.7860897779464722,1.0240212678909302,0.8242607116699219,0.6493975520133972,0.30102765560150146,0.015766754746437073,0.00700036296620965,0.13591860234737396,-11.513086318969727,10.427637100219727,-0.2588097227544897,0.3543191764626552,0.595069097835587,-0.1595114798994488,0.1336332888324772,0.45873089960370345
9248,9,0.5194172859191895,-0.09484775364398956,0.5123807787895203,-0.0920984148979187,-0.3709031045436859,0.8279734253883362,-0.372854620218277,0.7886285185813904,0.3570031225681305,0.017932115122675896,0.010000335052609444,0.2559918463230133,0.7869393825531006,1.0216807126998901,0.8233817219734192,0.6515072584152222,0.30454638600349426,0.014795375056564808,0.007266505155712366,0.13917477428913116,-11.257643699645996,10.524129867553711,-0.257290698251665,0.3611525444497644,0.5964054307239117,-0.1549241709034112,0.1336332888324772,0.45873089960370345
9249,9,0.5162171125411987,-0.0867782011628151,0.509092390537262,-0.0845675989985466,-0.27651485800743103,0.77950519323349,-0.289257287979126,0.7192793488502502,0.35684940218925476,0.01695091277360916,0.010000291280448437,0.26234015822410583,0.787670910358429,1.01947820186615,0.8229479789733887,0.6534665822982788,0.3019295036792755,0.014051401987671852,0.007915453054010868,0.14266785979270935,-6.624727249145508,9.272787094116211,-0.2652271068388521,0.3563334560333401,0.5972148685281453,-0.1496790415540303,0.025660326984948478,0.593533470473539
9250,9,0.5147635340690613,-0.07927002012729645,0.5070797204971313,-0.07745600491762161,-0.05762939900159836,0.7061861157417297,-0.13220523297786713,0.6873029470443726,0.35544100403785706,0.016092760488390923,0.010000254958868027,0.26304420828819275,0.7880496382713318,1.0174225568771362,0.8232072591781616,0.655364990234375,0.29223087430000305,0.013329989276826382,0.008803121745586395,0.14420677721500397,-2.7042007446289062,10.875601768493652,-0.2633646176822322,0.3507138595337177,0.5974714717979945,-0.14374370684929455,0.025660326984948478,0.5935334704735258
9251,9,0.5158790349960327,-0.07223266363143921,0.5071771144866943,-0.07056159526109695,0.2210341840982437,0.6723453998565674,0.11764178425073624,0.663841962814331,0.3478417992591858,0.015342160128057003,0.010000225156545639,0.2615415155887604,0.7879747152328491,1.015733003616333,0.823967695236206,0.6570356488227844,0.28057190775871277,0.013256571255624294,0.009168547578155994,0.14199422299861908,-4.223837852478027,7.644069194793701,-0.25558754598409283,0.32214952527738316,0.5973265059047702,-0.137265961364219,-0.07784008424071062,0.7333343914125989
9252,9,0.5186641216278076,-0.06666605919599533,0.5092954039573669,-0.06462077796459198,0.35123711824417114,0.486570805311203,0.3133244812488556,0.5537859797477722,0.3321724534034729,0.01468518003821373,0.01000019907951355,0.2594372034072876,0.7876640558242798,1.0145411491394043,0.8251243829727173,0.6582766771316528,0.26565971970558167,0.013268106617033482,0.00962897576391697,0.1389646679162979,-4.260536193847656,5.954489707946777,-0.2510734628411522,0.2781755656749767,0.5965481050623632,-0.12993261745009207,-0.07784008424071062,0.7333343914125989
9253,9,0.5229330062866211,-0.06274702399969101,0.5134379267692566,-0.059736136347055435,0.4970252513885498,0.32313966751098633,0.5035244822502136,0.43084654211997986,0.3146476149559021,0.014110068790614605,0.010000176727771759,0.2515611946582794,0.7871055603027344,1.0136486291885376,0.8267071843147278,0.6593276858329773,0.2473786175251007,0.012841924093663692,0.010060139000415802,0.13545075058937073,-4.376958847045898,9.516730308532715,-0.2199501098842425,0.25248418180310084,0.5954845158766563,-0.12218226902876798,-0.1768679448443415,0.8781336624208899
9254,9,0.5287778377532959,-0.05951530486345291,0.5195245742797852,-0.056004732847213745,0.6374707221984863,0.29976022243499756,0.6755422949790955,0.30275630950927734,0.29437729716300964,0.013606559485197067,0.010000159032642841,0.23884320259094238,0.7862923741340637,1.0127917528152466,0.8284797668457031,0.6604717969894409,0.22975283861160278,0.01221380289644003,0.010139139369130135,0.13032080233097076,-7.32219934463501,13.24472427368164,-0.1867239145264971,0.2199564902197615,0.5937158364282126,-0.11340093240455851,-0.1768679448443415,0.8781336624208832
9255,9,0.535256564617157,-0.05623387172818184,0.526756763458252,-0.0535455048084259,0.6536858081817627,0.3409042954444885,0.7498093247413635,0.1997644603252411,0.27153652906417847,0.013164874166250229,0.010000142268836498,0.2260577380657196,0.7855181097984314,1.011879324913025,0.8301347494125366,0.6617150902748108,0.21420924365520477,0.011711789295077324,0.009900219738483429,0.12427972257137299,-10.373631477355957,13.415675163269043,-0.17245101350898046,0.18456697385052706,0.5917694043549984,-0.10433799424643149,-0.27142325482615565,1.0279312834984118
9256,9,0.5412317514419556,-0.05283248424530029,0.5340552926063538,-0.051984917372465134,0.5615978837013245,0.35321298241615295,0.7146013975143433,0.14035572111606598,0.25012290477752686,0.012778342701494694,0.010000128298997879,0.21463143825531006,0.7850364446640015,1.011045217514038,0.8314835429191589,0.6628852486610413,0.2007056027650833,0.01162569597363472,0.009507342241704464,0.1174091100692749,-11.34242057800293,9.459001541137695,-0.16538336125464187,0.16482476427258264,0.5890551718067372,-0.09405868141144665,-0.2714232548261028,1.0279312834984118
9257,9,0.5460288524627686,-0.04991220310330391,0.5405323505401611,-0.050832539796829224,0.4249226152896881,0.2589314579963684,0.6010648608207703,0.12922754883766174,0.23291632533073425,0.01243891566991806,0.010000113397836685,0.2033671885728836,0.784818172454834,1.0102964639663696,0.8325832486152649,0.663945734500885,0.18840830028057098,0.011223914101719856,0.009235833771526814,0.11192609369754791,-11.061540603637695,12.06763744354248,-0.15381762352460254,0.16200118869974023,0.5862616772509913,-0.08364316671596396,-0.3542084475940293,1.170187297880585
9258,9,0.5499075055122375,-0.0470845028758049,0.5461294651031494,-0.04888906329870224,0.3378461003303528,0.2861836850643158,0.5040315985679626,0.23915985226631165,0.2202070653438568,0.012140809558331966,0.01000010222196579,0.18864360451698303,0.7847570776939392,1.009535312652588,0.8333020806312561,0.6651009321212769,0.18010982871055603,0.01089545153081417,0.008687281049787998,0.10477946698665619,-12.693800926208496,12.49295425415039,-0.12229948587404674,0.1664105119290677,0.5826466171091317,-0.07181589416951144,-0.36150601418594164,1.1827272546451713
9259,9,0.5523221492767334,-0.04422835633158684,0.5502352118492126,-0.046104878187179565,0.15893447399139404,0.2905392348766327,0.32885512709617615,0.3105461001396179,0.20989540219306946,0.01187976822257042,0.010000091046094894,0.17451412975788116,0.7850349545478821,1.0087145566940308,0.8335149884223938,0.666323184967041,0.17559917271137238,0.010486442595720291,0.008116604760289192,0.09786201268434525,-13.816393852233887,12.511839866638184,-0.1086462576712769,0.16506704381941117,0.5790315569672719,-0.05998862162305892,-0.3994142097181926,1.2534841709393612
9260,9,0.5528185963630676,-0.04114563763141632,0.5524733662605286,-0.04266979545354843,-0.0407092347741127,0.3307202458381653,0.12897662818431854,0.3731106221675873,0.20412002503871918,0.011650689877569675,0.010000083595514297,0.15966662764549255,0.7855888605117798,1.0074313879013062,0.8334978818893433,0.6679612398147583,0.1712443232536316,0.009330700151622295,0.00806199200451374,0.09292326122522354,-9.51749038696289,17.610864639282227,-0.08824692562137033,0.17859771337929684,0.5745706782465901,-0.046582600377504634,-0.447116222923858,1.3425215758611548
9261,9,0.5526250600814819,-0.03620174154639244,0.5531415939331055,-0.03799225389957428,-0.050728846341371536,0.5851096510887146,-0.04164823889732361,0.5060890316963196,0.20317195355892181,0.01144959032535553,0.010000074282288551,0.14521507918834686,0.7860977649688721,1.005562424659729,0.8332499265670776,0.6701662540435791,0.17032301425933838,0.008492399007081985,0.007745865732431412,0.08685958385467529,-9.943047523498535,17.40176773071289,-0.07342931808846745,0.19895466945606308,0.5700995160173516,-0.03315738461889296,-0.447116222923858,1.3425215758611548
9262,9,0.5515198111534119,-0.029550546780228615,0.5513159036636353,-0.032464560121297836,-0.16214235126972198,0.733967125415802,-0.2979945242404938,0.6074705719947815,0.20088720321655273,0.011272930540144444,0.010000068694353104,0.13637582957744598,0.7867764830589294,1.0031459331512451,0.8327454328536987,0.6727113127708435,0.1712016463279724,0.007563390303403139,0.007489863317459822,0.08364133536815643,-9.705243110656738,18.044940948486328,-0.09133975304043365,0.19070703000121275,0.5649078611303081,-0.01826882973418308,-0.5282538810398518,1.5073142471463747
9263,9,0.5494414567947388,-0.021201740950345993,0.5474513173103333,-0.0253169983625412,-0.2567559480667114,0.9116725325584412,-0.44831520318984985,0.8087511658668518,0.20058362185955048,0.011117911897599697,0.010000063106417656,0.1299012452363968,0.7877697348594666,1.0002204179763794,0.8318750858306885,0.6755954027175903,0.17413683235645294,0.006861974019557238,0.006989326328039169,0.08160321414470673,-11.014776229858398,17.27197265625,-0.09629738158854648,0.19922658619913858,0.5596253223199097,-0.0031956872627191997,-0.5282538810398518,1.5073142471463747
9264,9,0.5459086894989014,-0.011439485475420952,0.5425147414207458,-0.0161692313849926,-0.42576345801353455,1.0416057109832764,-0.5137543082237244,1.013782024383545,0.20443786680698395,0.01098194345831871,0.010000056587159634,0.1261221170425415,0.7890441417694092,0.9969444870948792,0.830609142780304,0.67867511510849,0.1798451989889145,0.006491628475487232,0.006611629389226437,0.08045562356710434,-9.484342575073242,13.385319709777832,-0.10623728106615496,0.2058879774367074,0.5537386716714794,0.013167383123320444,-0.6049189885339762,1.671013178378492
9265,9,0.5409500598907471,-0.0008484199643135071,0.5370790362358093,-0.005194248631596565,-0.5438862442970276,1.0887094736099243,-0.5616276264190674,1.1722345352172852,0.22019343078136444,0.010862457565963268,0.010000050067901611,0.12372031807899475,0.7901472449302673,0.9935041666030884,0.8289988040924072,0.681816816329956,0.19209274649620056,0.006222017575055361,0.006200073286890984,0.08004038780927658,-11.155762672424316,12.172840118408203,-0.11100516520450968,0.22624187459547246,0.5476894817861404,0.029877514907105517,-0.6049189885339232,1.6710131783784947
9266,9,0.5347448587417603,0.010146033018827438,0.5310408473014832,0.006977646611630917,-0.6700737476348877,1.1202725172042847,-0.6329963207244873,1.2570505142211914,0.23487122356891632,0.010757531970739365,0.010000045411288738,0.12044062465429306,0.791313648223877,0.9899805784225464,0.8271040916442871,0.6850224733352661,0.20724838972091675,0.006108344066888094,0.005978833884000778,0.0790085718035698,-10.62838077545166,9.919486045837402,-0.10296274908400024,0.24078969086243301,0.5411436157812989,0.047538699481013,-0.6771115454060722,1.8092500090681671
9267,9,0.527648389339447,0.021249674260616302,0.5242490172386169,0.019751334562897682,-0.7305024862289429,1.1137357950210571,-0.7107834815979004,1.2992501258850098,0.25138869881629944,0.0106655303388834,0.010000043548643589,0.11605174839496613,0.7925344109535217,0.986409068107605,0.8252370953559875,0.6882972717285156,0.22110998630523682,0.005985804367810488,0.0061661661602556705,0.07730112969875336,-7.212550640106201,8.957138061523438,-0.09239140807701737,0.2585785405846751,0.5343725003272388,0.06563119957169375,-0.6771115454061251,1.8092500090681671
9268,9,0.5208256840705872,0.03248973935842514,0.5170051455497742,0.03288184478878975,-0.6517125368118286,1.1231186389923096,-0.7392988204956055,1.309838056564331,0.2625105082988739,0.010584662668406963,0.010000040754675865,0.10967940092086792,0.7937958240509033,0.9829119443893433,0.8234817385673523,0.6915690302848816,0.2327149510383606,0.006071470677852631,0.006241970229893923,0.07380177080631256,-8.102243423461914,7.149081230163574,-0.07491659370430556,0.2674882844664857,0.5272031993709616,0.08435098077099266,-0.7448315516562987,1.9159326490930595
9269,9,0.514370322227478,0.04337490350008011,0.5095123648643494,0.04536079615354538,-0.6295702457427979,1.07258141040802,-0.7371926307678223,1.190195918083191,0.26087650656700134,0.010513629764318466,0.010000037029385567,0.10195131599903107,0.7955090403556824,0.9794626235961914,0.8218589425086975,0.6948519349098206,0.2374901920557022,0.005954938009381294,0.006368738599121571,0.06977035850286484,-8.723000526428223,8.24854850769043,-0.059065086155679555,0.2543971555541896,0.5197548838543992,0.10351030726192348,-0.7448315516562987,1.915932649093066
9270,9,0.508315920829773,0.0542060025036335,0.5025702118873596,0.05657193064689636,-0.5888780355453491,1.089587926864624,-0.6563143134117126,1.058146357536316,0.2583759129047394,0.010451225563883781,0.010000035166740417,0.09156255424022675,0.7974614500999451,0.9759366512298584,0.8205738663673401,0.698305606842041,0.23488721251487732,0.005864372011274099,0.006890041287988424,0.06394558399915695,-3.382573127746582,7.041575908660889,-0.032609714591379735,0.24842517669706268,0.511997928351662,0.12303625156129451,-0.8080790072846027,1.9910610984531851
9271,9,0.5035495758056641,0.06523940712213516,0.4968671500682831,0.06681899726390839,-0.4063204228878021,1.0969312191009521,-0.5077170729637146,0.9837741255760193,0.2543395757675171,0.010396407917141914,0.010000034235417843,0.08039034157991409,0.7992034554481506,0.9725223183631897,0.8196597695350647,0.7017186284065247,0.22936885058879852,0.006031619384884834,0.0072403703816235065,0.056708741933107376,-3.61380934715271,5.9186530113220215,-0.015226850897069044,0.23818059216614523,0.5039171382788165,0.1429468625458266,-0.8080790072846027,1.9910610984531851
9272,9,0.5000205636024475,0.07580216974020004,0.49252575635910034,0.0761428251862526,-0.300330251455307,1.0315285921096802,-0.35979166626930237,0.9007861614227295,0.24430468678474426,0.01034827996045351,0.010000033304095268,0.07033707946538925,0.8007950782775879,0.9691175818443298,0.8191502690315247,0.7051094174385071,0.21965977549552917,0.005797730293124914,0.007672241423279047,0.05067114159464836,-2.5092780590057373,8.980064392089844,0.0037199363646867323,0.20355315568386528,0.4956083086345943,0.1630265364199526,-0.8668539122909842,2.0346353571485243
9273,9,0.49798405170440674,0.08653374761343002,0.4900367856025696,0.08524880558252335,-0.14266684651374817,1.0838404893875122,-0.17183463275432587,0.9112027883529663,0.2312493622303009,0.03195077180862427,0.010000031441450119,0.06189412251114845,0.8022862076759338,0.962975025177002,0.8188877105712891,0.7084385752677917,0.2079688310623169,0.02192450687289238,0.007840728387236595,0.045064520090818405,-4.692028999328613,8.973407745361328,0.03524892672524607,0.17711396024778925,0.4869397695116845,0.18337288999143933,-0.8668539122909842,2.034635357148537
9274,9,0.4967358112335205,0.09732566773891449,0.48888933658599854,0.09455576539039612,-0.09886185079813004,1.0888681411743164,-0.06415088474750519,0.9690102338790894,0.21385563910007477,0.04651928320527077,0.010000030510127544,0.054767120629549026,0.8038978576660156,0.9575285315513611,0.8186901211738586,0.7116127014160156,0.19470292329788208,0.034871626645326614,0.007836690172553062,0.04022359475493431,-5.776806831359863,5.818367004394531,0.04904532848026824,0.1394902424297046,0.47811484613095284,0.2037538599150021,-0.9211562666754168,2.046655425179096
9275,9,0.4956500828266144,0.10778114944696426,0.48840317130088806,0.1045558825135231,-0.10170748084783554,1.0357098579406738,-0.026420310139656067,1.041930913925171,0.19591517746448517,0.06638380140066147,0.01000002957880497,0.048714473843574524,0.8056297898292542,0.9518303871154785,0.8186466693878174,0.7148250937461853,0.17855441570281982,0.04955232888460159,0.008035704493522644,0.0366903655230999,-4.298907279968262,7.3511481285095215,0.07017834389342123,0.11643619812523923,0.4689032834641985,0.22422041416679456,-0.9211562666754433,2.046655425179109
9276,9,0.49515509605407715,0.11869873106479645,0.488591730594635,0.11565297842025757,-0.030890248715877533,1.1255030632019043,0.03545611351728439,1.1447829008102417,0.17874285578727722,0.09450255334377289,0.010000028647482395,0.0435556061565876,0.8073154091835022,0.9454444050788879,0.8186395764350891,0.7181521654129028,0.16312424838542938,0.0689087063074112,0.00797202903777361,0.03354750573635101,-4.867791175842285,6.3213300704956055,0.10083816980107849,0.09970298530048324,0.4595980467519333,0.24465024661447468,-0.9709860704379535,2.0271213025449013
9277,9,0.4947156012058258,0.1301744431257248,0.4888809323310852,0.12728454172611237,-0.054145216941833496,1.1799139976501465,0.023968331515789032,1.1843502521514893,0.1598907858133316,0.10615188628435135,0.01000002771615982,0.039135199040174484,0.809296190738678,0.9400642514228821,0.8182874917984009,0.7214075922966003,0.15016384422779083,0.08160902559757233,0.007401281502097845,0.03044097125530243,-9.740701675415039,1.8403339385986328,0.109000906398633,0.06974531441687436,0.4498881860475537,0.2649214596399251,-0.9709860704379535,2.0271213025449146
9278,9,0.49281033873558044,0.14132820069789886,0.48829415440559387,0.1387777328491211,-0.2592194080352783,1.1142995357513428,-0.09525224566459656,1.1616389751434326,0.14217354357242584,0.11813606321811676,0.01000002771615982,0.03534655272960663,0.8119198679924011,0.9351212978363037,0.8175212740898132,0.7247191667556763,0.13704785704612732,0.0905400961637497,0.006921122781932354,0.028261562809348106,-11.183568954467773,2.929396629333496,0.12143983056171676,0.05352146637367928,0.4401384164087291,0.2851477210864067,-1.0126689515058789,1.9801716321007514
9279,9,0.4893450140953064,0.15281730890274048,0.4867773950099945,0.15056779980659485,-0.4277718663215637,1.182525634765625,-0.212337464094162,1.192970633506775,0.1298777461051941,0.144396111369133,0.010000025853514671,0.03207004815340042,0.8148808479309082,0.9292841553688049,0.8163395524024963,0.7282553315162659,0.12654376029968262,0.10484374314546585,0.006467641331255436,0.02647460252046585,-9.95643138885498,3.579220771789551,0.1517667414927297,0.0665095463953626,0.4299749831729434,0.30490805097886725,-1.0163433235785675,1.9760329892459265
9280,9,0.48437678813934326,0.16525651514530182,0.4839116036891937,0.16276204586029053,-0.5696180462837219,1.2881464958190918,-0.3665001392364502,1.2341606616973877,0.12146018445491791,0.1575312465429306,0.010000023990869522,0.029239030554890633,0.8180219531059265,0.9235448241233826,0.8147258758544922,0.7319868803024292,0.11972907185554504,0.11579147726297379,0.006014686077833176,0.024886099621653557,-9.229772567749023,2.2487783432006836,0.16151229145519688,0.07700552866411933,0.4198115499371578,0.32466838087132777,-1.0344470675152253,1.9394388932179145
9281,9,0.47785013914108276,0.17846599221229553,0.47905200719833374,0.175307035446167,-0.71708083152771,1.3518376350402832,-0.5990312099456787,1.2810754776000977,0.11583178490400314,0.1611160784959793,0.010000023059546947,0.026788795366883278,0.8214576840400696,0.9184139966964722,0.8125796914100647,0.7357409000396729,0.11664723604917526,0.12153398245573044,0.005324245896190405,0.02317255362868309,-11.75391960144043,-1.0059809684753418,0.1622455275248314,0.08558151705142508,0.4092441807515635,0.3436122127516528,-1.0572280260972593,1.8933904852821584
9282,9,0.4692985415458679,0.19160069525241852,0.47120943665504456,0.18812140822410583,-0.9429143071174622,1.313097596168518,-0.9149221181869507,1.309794545173645,0.1130642220377922,0.16618232429027557,0.010000023059546947,0.024664223194122314,0.8251939415931702,0.9133367538452148,0.8100696802139282,0.7398658990859985,0.11501206457614899,0.12211674451828003,0.004911702126264572,0.022727658972144127,-11.092263221740723,6.508440971374512,0.16782231472115472,0.09802610753958946,0.398671900490591,0.3625461176044758,-1.0572280260972593,1.8933904852821584
9283,9,0.45951393246650696,0.2063744217157364,0.46116903424263,0.20222868025302887,-1.0502700805664062,1.5657241344451904,-1.1163297891616821,1.462731957435608,0.1229451447725296,0.18172912299633026,0.010000023059546947,0.022818228229880333,0.8284304738044739,0.907303512096405,0.8070504665374756,0.744462251663208,0.12373489141464233,0.12643706798553467,0.004348895512521267,0.021891266107559204,-11.13494873046875,5.650637149810791,0.18698092380083614,0.12558264733948943,0.38777628469460734,0.38046596952631806,-1.093640177994002,1.7791937906536368
9284,9,0.4479914903640747,0.22269637882709503,0.44866546988487244,0.21751534938812256,-1.2329392433166504,1.6920233964920044,-1.3552407026290894,1.599672794342041,0.13447539508342743,0.17772068083286285,0.010000023059546947,0.021212296560406685,0.8315238952636719,0.9012612700462341,0.8038522601127625,0.7494613528251648,0.1348726600408554,0.12511424720287323,0.004422681871801615,0.0214287880808115,-4.351060390472412,4.75031852722168,0.15896103566011693,0.1377289469646361,0.3768398829146673,0.3982579074328556,-1.0936401779940284,1.7791937906536368
9285,9,0.4362013339996338,0.2405819147825241,0.4345615804195404,0.2348020374774933,-1.1699925661087036,1.8460896015167236,-1.4699236154556274,1.8130244016647339,0.15712198615074158,0.17192983627319336,0.010000023059546947,0.0198142621666193,0.8338644504547119,0.8952352404594421,0.8005494475364685,0.7548608183860779,0.15439580380916595,0.11932829767465591,0.004072816111147404,0.021053563803434372,-7.20569372177124,7.362794876098633,0.14450320834733577,0.16415124779022547,0.3656518009132695,0.41490134587089667,-1.1255797792688487,1.633442905360335
9286,9,0.42401593923568726,0.2598891854286194,0.41986602544784546,0.2537457346916199,-1.2534843683242798,2.0023488998413086,-1.4404075145721436,1.9700777530670166,0.15661822259426117,0.1633351892232895,0.010000022128224373,0.01859285496175289,0.837444543838501,0.8889376521110535,0.7970213890075684,0.7606564164161682,0.16393432021141052,0.11135341227054596,0.003920780960470438,0.020669301971793175,-7.7306437492370605,7.13369607925415,0.12210414099281586,0.15414185673495853,0.3543960031205816,0.4312357749245,-1.1255797792688487,1.633442905360335
9287,9,0.4110944867134094,0.2806006669998169,0.40593525767326355,0.27426615357398987,-1.3167916536331177,2.1289384365081787,-1.3538551330566406,2.1222293376922607,0.16410088539123535,0.15163443982601166,0.010000022128224373,0.017527997493743896,0.8415037989616394,0.8825262188911438,0.7933257222175598,0.76651531457901,0.1723366677761078,0.10356997698545456,0.0036906152963638306,0.019824696704745293,-8.036619186401367,1.949474811553955,0.09410238721266534,0.16652558691317892,0.3429512353187465,0.446396542484307,-1.1530468299217465,1.4628495935163963
9288,9,0.39739128947257996,0.3014613687992096,0.3923349976539612,0.29570043087005615,-1.383183479309082,2.084188222885132,-1.3447538614273071,2.1790764331817627,0.1739320307970047,0.13759450614452362,0.010000022128224373,0.016597317531704903,0.8454415798187256,0.8763628005981445,0.7895554304122925,0.7721949815750122,0.1825074702501297,0.09532350301742554,0.0036485441960394382,0.01889200508594513,-7.39973783493042,-1.3461804389953613,0.06655647286896066,0.17721017376174894,0.3314207670195296,0.4610250384194709,-1.1530468299217729,1.4628495935163963
9289,9,0.3835611641407013,0.3217475116252899,0.37888821959495544,0.3174450695514679,-1.3675569295883179,1.994702696800232,-1.3350716829299927,2.169804811477661,0.18564116954803467,0.1254766881465912,0.010000022128224373,0.015783460810780525,0.8491416573524475,0.8706053495407104,0.7858412861824036,0.7773789167404175,0.19385665655136108,0.08894526213407516,0.003738573519513011,0.017543576657772064,-6.039508819580078,-7.191288471221924,0.062286048473288114,0.18969127178719863,0.31975509382223116,0.4746622531557335,-1.1760413299527748,1.2942609115783388
9290,9,0.3700857162475586,0.34020835161209106,0.36543554067611694,0.33845794200897217,-1.3095961809158325,1.745054841041565,-1.3303158283233643,2.0522117614746094,0.1888360232114792,0.11585545539855957,0.010000022128224373,0.015071668662130833,0.852821946144104,0.8651465177536011,0.782698929309845,0.7823919653892517,0.19664591550827026,0.08117177337408066,0.004517188295722008,0.017276348546147346,-1.8754303455352783,1.2009572982788086,0.06433895697835385,0.1899753837214277,0.3079946805227043,0.487604862271517,-1.1760413299527483,1.2942609115783388
9291,9,0.3588722050189972,0.35851287841796875,0.35342082381248474,0.35911884903907776,-1.032630205154419,1.8265280723571777,-1.1434125900268555,1.9950770139694214,0.1878039687871933,0.11221640557050705,0.010000022128224373,0.014449226669967175,0.8563508987426758,0.8593313694000244,0.7800024151802063,0.7873408794403076,0.1956910640001297,0.0765705406665802,0.004795196931809187,0.016725018620491028,-3.2731056213378906,1.749420166015625,0.09238053772207955,0.1830517341530159,0.2961438823349185,0.4997673138261404,-1.1945632793618277,1.1343886236603582
9292,9,0.3490285277366638,0.37659651041030884,0.3426261842250824,0.3777849078178406,-0.9350306987762451,1.795676827430725,-1.0092028379440308,1.753241777420044,0.1790761649608612,0.10562286525964737,0.010000022128224373,0.013903479091823101,0.860021710395813,0.8534947633743286,0.7776628732681274,0.7922202348709106,0.1886775940656662,0.0721517950296402,0.005181638989597559,0.016322163864970207,-2.561744451522827,2.38070011138916,0.0692902383190831,0.13854911554913904,0.28419824954130163,0.5111112000627431,-1.1945632793618277,1.1343886236603318
9293,9,0.34042033553123474,0.39455851912498474,0.3334881067276001,0.39431190490722656,-0.8022602200508118,1.7877973318099976,-0.8347131013870239,1.5674123764038086,0.16847163438796997,0.09905277192592621,0.010000022128224373,0.013426008634269238,0.8637487888336182,0.8477607369422913,0.7756159901618958,0.7970321178436279,0.17803457379341125,0.06738284975290298,0.005351001862436533,0.01590755209326744,-4.691779613494873,4.021968841552734,0.06217094230721215,0.1180596501911112,0.272198106768004,0.521868619587888,-1.2086126781489581,0.9832327297624018
9294,9,0.33269205689430237,0.4123461842536926,0.3258523941040039,0.40946996212005615,-0.7414108514785767,1.7584298849105835,-0.7031549215316772,1.500789761543274,0.15500682592391968,0.09169743955135345,0.010000022128224373,0.013006447814404964,0.8675902485847473,0.8422462344169617,0.7736691236495972,0.8016158938407898,0.16555334627628326,0.06307220458984375,0.005340100731700659,0.015204851515591145,-6.477723121643066,3.4016823768615723,0.04983635237142786,0.08958204211928196,0.260111979986515,0.531700946885512,-1.2086126781489845,0.983232729762349
9295,9,0.32524383068084717,0.42929407954216003,0.31912532448768616,0.4246703088283539,-0.7413070201873779,1.6451877355575562,-0.6469434499740601,1.5509885549545288,0.1408948302268982,0.08412149548530579,0.010000022128224373,0.012639131397008896,0.8714495301246643,0.8370503783226013,0.7720004916191101,0.8060168027877808,0.14971645176410675,0.05791756883263588,0.005784804001450539,0.014886508695781231,-1.4091229438781738,4.208786487579346,0.04008591407017015,0.0699899045224106,0.2479982730326808,0.5411230655333384,-1.2181895263142055,0.8407932298844167
9296,9,0.31892871856689453,0.445713609457016,0.31335097551345825,0.4408402442932129,-0.5788413882255554,1.6075125932693481,-0.547156035900116,1.6329821348190308,0.1275656372308731,0.07807141542434692,0.010000021196901798,0.0123162642121315,0.875011146068573,0.8320450186729431,0.7705572247505188,0.8101383447647095,0.1347772479057312,0.05392436310648918,0.005865366663783789,0.014334185980260372,-2.4024975299835205,3.732476234436035,0.0423970488596791,0.05871844267113262,0.23581637776953956,0.5495309978321831,-1.2181895263142055,0.8407932298844696
9297,9,0.3132877051830292,0.461137980222702,0.3080490231513977,0.45689263939857483,-0.5459445118904114,1.4980106353759766,-0.5107207298278809,1.582743525505066,0.11076855659484863,0.07174388319253922,0.010000020265579224,0.012033416889607906,0.8785514235496521,0.8273080587387085,0.7693469524383545,0.8140832781791687,0.11764336377382278,0.04953313246369362,0.0061661661602556705,0.01400818768888712,0.25087833404541016,4.622821807861328,0.033761836964490005,0.020689764015441994,0.22362488704014577,0.5576875467548505,-1.2232938238575042,0.707070124026588
9298,9,0.30856719613075256,0.4759964942932129,0.30349549651145935,0.47254836559295654,-0.4356134235858917,1.456621766090393,-0.426538348197937,1.5295802354812622,0.09544640779495239,0.06664169579744339,0.010000020265579224,0.011785225011408329,0.8819606304168701,0.8227651715278625,0.7682729363441467,0.8177564144134521,0.10119529068470001,0.0462309904396534,0.0061621773056685925,0.013433883897960186,-0.5201756954193115,3.3264780044555664,0.03555219695310488,0.0005334677281219474,0.2113919488015708,0.564758247995117,-1.2232938238575042,0.707070124026588
9299,9,0.3042246997356415,0.48984912037849426,0.29937002062797546,0.4871343672275543,-0.43012499809265137,1.3323259353637695,-0.3939379155635834,1.4025964736938477,0.08285898715257645,0.061250198632478714,0.030117928981781006,0.011567690409719944,0.885159432888031,0.818659245967865,0.7660725116729736,0.821078360080719,0.08771347999572754,0.04315779358148575,0.01940840668976307,0.012944430112838745,-2.719327211380005,3.132476806640625,0.02787936918529313,-0.03323034044154648,0.19915845470159055,0.5717189583447875,-1.2238743932254816,0.5921901535381534
9300,9,0.2994343340396881,0.5024263858795166,0.2953559458255768,0.5003331899642944,-0.5142999291419983,1.2041406631469727,-0.4029458463191986,1.2555440664291382,0.07238242030143738,0.057250648736953735,0.04900567978620529,0.011376545764505863,0.8884267807006836,0.8150072693824768,0.7635878324508667,0.8239566683769226,0.07811261713504791,0.04122776538133621,0.031200168654322624,0.012083715759217739,-5.0039777755737305,0.927581787109375,0.03221356930926367,-0.05219323290572471,0.1869191989938018,0.5775395924666755,-1.2239255707788805,0.582063412188757
9301,9,0.29316720366477966,0.5132579207420349,0.29076460003852844,0.5117888450622559,-0.6996576189994812,1.0071642398834229,-0.49270203709602356,1.0727695226669312,0.0636284127831459,0.054835811257362366,0.05566992610692978,0.011209079995751381,0.8920143842697144,0.8117178082466125,0.7613157629966736,0.8265363574028015,0.06974390894174576,0.03937798738479614,0.03553535416722298,0.011927764862775803,-3.54822039604187,3.6355113983154297,0.03954677419769553,-0.05695986108706688,0.17467994328601305,0.5833602265885636,-1.2221639080016642,0.530570066110839
9302,9,0.28582125902175903,0.5231789946556091,0.285624623298645,0.5219655632972717,-0.7916901111602783,0.9526750445365906,-0.5626702904701233,0.943289577960968,0.0562395378947258,0.05771041661500931,0.05403224006295204,0.01106197852641344,0.8958060145378113,0.8081819415092468,0.7592126131057739,0.82891845703125,0.06237354502081871,0.04093017056584358,0.034430019557476044,0.011578003875911236,-0.6846392154693604,3.8896799087524414,0.05826904757544499,-0.04363558900666269,0.16247999430558743,0.5880319263392185,-1.2199471087084592,0.46577309437097664
9303,9,0.2777929902076721,0.5323881506919861,0.27931955456733704,0.5307164788246155,-0.8253796100616455,0.8782261610031128,-0.7211655974388123,0.8053547143936157,0.04997211694717407,0.057655006647109985,0.05243489891290665,0.010932824574410915,0.8997294902801514,0.805072546005249,0.7569292783737183,0.8310320377349854,0.05640123412013054,0.04189708083868027,0.03257841244339943,0.011193929240107536,-2.8510868549346924,4.547834396362305,0.057305954190287806,-0.04224858278673607,0.15028052321850285,0.5926896572829286,-1.2199471087084592,0.46577309437097664
9304,9,0.2688739001750946,0.5405928492546082,0.2708088159561157,0.5379939675331116,-0.941412627696991,0.7755498886108398,-0.9534938931465149,0.6758631467819214,0.044638678431510925,0.058555442839860916,0.05185886472463608,0.010819558054208755,0.903924286365509,0.802151083946228,0.754269540309906,0.8330837488174438,0.051614683121442795,0.04219113662838936,0.031175630167126656,0.0112270163372159,-5.406299591064453,9.476447105407715,0.05874002937217565,-0.0481678662874892,0.13816220805793425,0.5963921447051074,-1.2108078041667532,0.35819917057324685
9305,9,0.25871795415878296,0.5486685037612915,0.2604108154773712,0.5446599125862122,-1.093025803565979,0.8128018379211426,-1.1257413625717163,0.6589961647987366,0.040077514946460724,0.06474888324737549,0.05026327818632126,0.01072016078978777,0.9084694385528564,0.7987207770347595,0.7512882351875305,0.8351328372955322,0.0473024882376194,0.04580162465572357,0.029571376740932465,0.011077148839831352,-1.8616461753845215,7.983856201171875,0.06608368226036228,-0.039997285063543914,0.12605413001626672,0.59997413641084,-1.2108078041667598,0.35819917057324685
9306,9,0.24746261537075043,0.556734025478363,0.248430997133255,0.5515373349189758,-1.1665371656417847,0.7912416458129883,-1.2717646360397339,0.71070796251297,0.03614625707268715,0.06284079700708389,0.046717554330825806,0.010632597841322422,0.913292646408081,0.7959128618240356,0.7480576634407043,0.8370648622512817,0.04394932836294174,0.045901019126176834,0.026441600173711777,0.010911960154771805,-3.64565372467041,8.16042709350586,0.05103276612008384,-0.023825199069856307,0.11405982014674518,0.6027771426567027,-1.1963699987838148,0.25934164079556765
9307,9,0.23493729531764984,0.5643802285194397,0.23489730060100555,0.5587332248687744,-1.3197249174118042,0.7473572492599487,-1.41079580783844,0.7290404438972473,0.03275897353887558,0.060273174196481705,0.04278290271759033,0.01055566780269146,0.9185374975204468,0.7935272455215454,0.7444428205490112,0.8388755321502686,0.04103218764066696,0.044518690556287766,0.023180369287729263,0.010676893405616283,-3.1584012508392334,6.43460750579834,0.044295314989800605,-0.017122547062333765,0.1020961201589069,0.6053705590646581,-1.1963699987838148,0.25934164079556765
9308,9,0.22102774679660797,0.5714436769485474,0.22026273608207703,0.5659927725791931,-1.4496198892593384,0.678530216217041,-1.4980145692825317,0.7200330495834351,0.029843855649232864,0.05754717439413071,0.03848347067832947,0.010488303378224373,0.9239756464958191,0.7913634181022644,0.7406582832336426,0.8405920267105103,0.03787161409854889,0.042598314583301544,0.020343003794550896,0.0105502400547266,0.6813979148864746,6.061515808105469,0.04039135256935565,0.004357040831269976,0.09026820358716166,0.607343815286365,-1.1766336925598029,0.16920050503783327
9309,9,0.20666532218456268,0.5781577825546265,0.20528872311115265,0.5732399225234985,-1.447392463684082,0.645499587059021,-1.513822078704834,0.7041957378387451,0.029261531308293343,0.05525417625904083,0.03478498384356499,0.010429113171994686,0.9291817545890808,0.7892964482307434,0.736753523349762,0.8422334790229797,0.036967236548662186,0.040723830461502075,0.017575934529304504,0.010513192974030972,-0.846097469329834,8.730640411376953,0.04072436363609801,0.02527719219658539,0.07850186666156284,0.6090358203367439,-1.1766336925598029,0.16920050503788614
9310,9,0.19190151989459991,0.5846620798110962,0.19009730219841003,0.5800423622131348,-1.5103861093521118,0.6444521546363831,-1.5280182361602783,0.6503574252128601,0.029053568840026855,0.052543945610523224,0.031584274023771286,0.010376952588558197,0.9344396591186523,0.7873605489730835,0.7326158285140991,0.8437424898147583,0.03698049113154411,0.039172012358903885,0.015202726237475872,0.01022331789135933,-0.04657745361328125,5.762393474578857,0.03531904699970234,0.02763400523410195,0.0668827313943225,0.6102490576864553,-1.1515988854946242,0.08777576330025526
9311,9,0.17649923264980316,0.5905427932739258,0.17465412616729736,0.5861307382583618,-1.5523160696029663,0.5558574199676514,-1.546722412109375,0.5842879414558411,0.03900733217597008,0.048809345811605453,0.028828369453549385,0.01033129170536995,0.938462495803833,0.7858049869537354,0.7283052802085876,0.845075249671936,0.04648700729012489,0.036887746304273605,0.01313394121825695,0.010051933117210865,-1.3362503051757812,6.338560581207275,0.02475237732633094,0.04084798340723472,0.055366742539376096,0.6111268153194579,-1.151598885494631,0.08777576330025526
9312,9,0.16069798171520233,0.5957586169242859,0.15910515189170837,0.5915995240211487,-1.5903319120407104,0.4950883090496063,-1.5560945272445679,0.5165433287620544,0.05049307644367218,0.04599318280816078,0.026433423161506653,0.010291059501469135,0.9421855211257935,0.7844498753547668,0.723800003528595,0.8462380766868591,0.05913258343935013,0.034944333136081696,0.011314942501485348,0.009810088202357292,-3.078286647796631,6.322174072265625,0.027748199294242534,0.05255611090111817,0.043998776583371306,0.6116497649493343,-1.121265577588303,0.015067415582674975
9313,9,0.14445561170578003,0.6002940535545349,0.1433628648519516,0.5963005423545837,-1.6363959312438965,0.4254230558872223,-1.583446979522705,0.43700242042541504,0.06245642155408859,0.0434814915060997,0.024358514696359634,0.010255767032504082,0.9459600448608398,0.7832678556442261,0.7191912531852722,0.8472598791122437,0.07231057435274124,0.033175092190504074,0.00987563282251358,0.009661701507866383,-3.9780569076538086,7.043132781982422,0.027054103386500203,0.06487744036606091,0.032786120807488175,0.6118004391051611,-1.121265577588303,0.015067415582674975
9314,9,0.12799599766731262,0.6043022274971008,0.1273905485868454,0.6003249287605286,-1.649896502494812,0.37719616293907166,-1.6128896474838257,0.36986497044563293,0.0765177309513092,0.04150303825736046,0.022556373849511147,0.0102247828617692,0.9493606686592102,0.7820766568183899,0.7148056626319885,0.8482983708381653,0.08588714152574539,0.03128316253423691,0.009304171428084373,0.009717967361211777,1.3395905494689941,8.749494552612305,0.0284659797970198,0.07966808799857397,0.0217117121694468,0.6117028321673629,-1.0856337688408215,-0.048924538114801845
9315,9,0.1126771792769432,0.6084297895431519,0.1115569919347763,0.6041690707206726,-1.4506813287734985,0.4115563929080963,-1.5856094360351562,0.36917436122894287,0.08796820789575577,0.03957696631550789,0.020984401926398277,0.01019750814884901,0.9523612856864929,0.7807371616363525,0.7110409140586853,0.8494113683700562,0.09662764519453049,0.029422027990221977,0.009081940166652203,0.009838759899139404,4.102213382720947,10.906917572021484,0.026843402277596108,0.09055691392260407,0.010855374481038486,0.6112135867862145,-1.0856337688408224,-0.048924538114801845
9316,9,0.09960915893316269,0.6129376292228699,0.0962633565068245,0.6080039739608765,-1.2133830785751343,0.45531782507896423,-1.4761241674423218,0.37871015071868896,0.08498331904411316,0.03600047528743744,0.0196140818297863,0.010173534043133259,0.95597904920578,0.7794348001480103,0.707972526550293,0.8505739569664001,0.09535090625286102,0.026831232011318207,0.00903305597603321,0.009852073155343533,6.895132064819336,10.848050117492676,0.01218008628130976,0.06758414265626478,0.00011691116769047862,0.6105651544329017,-1.0447034592521818,-0.10420009779233382
9317,9,0.08886656165122986,0.6175883412361145,0.08298508822917938,0.6119831800460815,-0.9742583632469177,0.4613542854785919,-1.1868609189987183,0.4070880115032196,0.07776641845703125,0.032642558217048645,0.018420962616801262,0.010152507573366165,0.9597783088684082,0.7781991362571716,0.7055285573005676,0.8517006039619446,0.08757840842008591,0.02428152598440647,0.008873282000422478,0.009789612144231796,6.3964104652404785,10.733113288879395,-0.005552099374961081,0.035032590981867506,-0.010330123424831429,0.6095231534549783,-1.0447034592521813,-0.10420009779233382
9318,9,0.08004584908485413,0.622066855430603,0.07283710688352585,0.6161133050918579,-0.7937607765197754,0.4389415383338928,-0.8579516410827637,0.420931339263916,0.06813716888427734,0.029735971242189407,0.017377126961946487,0.01718093454837799,0.9634867310523987,0.7770354151725769,0.7035759091377258,0.8522619605064392,0.07657910138368607,0.022162936627864838,0.00872588437050581,0.015451492741703987,5.3893327713012695,9.495887756347656,-0.018201939982684087,-0.0022623180185086522,-0.020690253406756197,0.6083936268383116,-0.9984746488223865,-0.15075926344976232
9319,9,0.07285362482070923,0.6260528564453125,0.06561937928199768,0.6201992630958557,-0.6427436470985413,0.3737061619758606,-0.605277955532074,0.40373438596725464,0.06005573645234108,0.027223192155361176,0.03154086694121361,0.02573791891336441,0.9668267965316772,0.7761222124099731,0.7012482285499573,0.8524735569953918,0.06686200946569443,0.020727597177028656,0.016478465870022774,0.02231060341000557,0.9035420417785645,8.400487899780273,-0.027115857993487744,-0.03387944085087305,-0.030674999894980147,0.6068860342038137,-0.9984746488223865,-0.1507592634498152
9320,9,0.06630123406648636,0.6289994716644287,0.06012552231550217,0.6236684918403625,-0.6337646842002869,0.25095364451408386,-0.48596903681755066,0.3170575201511383,0.05322762951254845,0.02504594810307026,0.058920152485370636,0.028348209336400032,0.9697384834289551,0.7755829095840454,0.6986194849014282,0.8527829051017761,0.05825098231434822,0.019634446129202843,0.031839340925216675,0.02425343170762062,4.001879692077637,5.820178985595703,-0.028798487264310467,-0.06429573969050469,-0.04061440853875365,0.605345144475953,-0.9511215434480318,-0.1855364080125649
9321,9,0.060546550899744034,0.6308293342590332,0.05582593008875847,0.6264224648475647,-0.5314533114433289,0.11687804758548737,-0.38861948251724243,0.22620323300361633,0.04742299020290375,0.02315487153828144,0.07111670821905136,0.027359943836927414,0.9722570180892944,0.7755416035652161,0.6967055201530457,0.8529815077781677,0.05165214464068413,0.018824584782123566,0.039045363664627075,0.02313794568181038,2.3978662490844727,6.4360809326171875,-0.020561687735806737,-0.073804451687441,-0.05008388191426807,0.6034591241250813,-0.9469473375514361,-0.1886020350871931
9322,9,0.05530911684036255,0.6313265562057495,0.052163898944854736,0.6279429793357849,-0.5121302008628845,-0.007591874338686466,-0.3456602096557617,0.08304812014102936,0.04245210438966751,0.02150573395192623,0.09379653632640839,0.02516103908419609,0.9748004078865051,0.7760633230209351,0.6943502426147461,0.8528507947921753,0.04699869081377983,0.018496576696634293,0.04996609315276146,0.02071109600365162,-2.252713441848755,4.961462020874023,-0.008467238697166823,-0.09898273614232174,-0.059553355289783616,0.6015731037742093,-0.9217848711986193,-0.2014991934301282
9323,9,0.04918542131781578,0.6300625205039978,0.04831784591078758,0.6275386810302734,-0.6695051193237305,-0.19862599670886993,-0.39458099007606506,-0.12276546657085419,0.03818884864449501,0.020068619400262833,0.10815194994211197,0.02325015515089035,0.9775636792182922,0.7770249247550964,0.6919621229171753,0.8524940609931946,0.04295789450407028,0.017551127821207047,0.0570669062435627,0.018921377137303352,-1.7780733108520508,7.9866838455200195,0.004222690014000022,-0.1116978272323229,-0.06846139646755321,0.599399318311142,-0.8901215254393259,-0.2177284127045204
9324,9,0.04219335690140724,0.6280034184455872,0.04431745037436485,0.6256800889968872,-0.735619843006134,-0.22987695038318634,-0.4482559561729431,-0.25504669547080994,0.03452324494719505,0.028976792469620705,0.10631897300481796,0.021588267758488655,0.9806301593780518,0.7770506143569946,0.6897763013839722,0.8519094586372375,0.03977224603295326,0.0241287499666214,0.055529747158288956,0.017203155905008316,-3.7744009494781494,7.709512710571289,0.030394501792541634,-0.0961775895876854,-0.07736261172194707,0.5972220341840964,-0.8901215254393259,-0.21772841270457324
9325,9,0.03410272300243378,0.6252042055130005,0.038394033908843994,0.6222678422927856,-0.8533434271812439,-0.30961793661117554,-0.7184985876083374,-0.39578163623809814,0.03136436268687248,0.03311633691191673,0.1040673479437828,0.02014184184372425,0.9839320182800293,0.7775977849960327,0.6874377727508545,0.8511955142021179,0.03665187209844589,0.02818913944065571,0.05350196361541748,0.015895813703536987,-2.6811349391937256,8.530109405517578,0.03382050616920556,-0.09153348038682742,-0.08571217053969585,0.5948635118543563,-0.8279972124860627,-0.23813839630184996
9326,9,0.02534315176308155,0.6220183372497559,0.029986752197146416,0.6180465221405029,-0.9098294377326965,-0.33725690841674805,-0.9468201398849487,-0.44429850578308105,0.02863297611474991,0.044011276215314865,0.09994464367628098,0.01888042502105236,0.9871958494186401,0.777612030506134,0.6851480007171631,0.850434422492981,0.033366527408361435,0.03632260486483574,0.051400359719991684,0.01475830003619194,2.429659366607666,8.615264892578125,0.04596287049010667,-0.07681551652567614,-0.09399214266455702,0.5924821278913376,-0.8279972124860627,-0.23813839630184996
9327,9,0.0167944747954607,0.6187396049499512,0.020060215145349503,0.6138362884521484,-0.8427488207817078,-0.3409557342529297,-1.0439013242721558,-0.4190507233142853,0.026261761784553528,0.049869515001773834,0.09527511149644852,0.017777280882000923,0.9903393983840942,0.7779842615127563,0.6829285621643066,0.8496922254562378,0.030861584469676018,0.04153934121131897,0.048380590975284576,0.01405983604490757,0.6455802917480469,12.056488990783691,0.050893201950873844,-0.06886252902382178,-0.10174083111555463,0.5900085998470853,-0.7605743986916399,-0.24983198587912894
9328,9,0.008218890987336636,0.6157127618789673,0.009332924149930477,0.6098688840866089,-0.8754997849464417,-0.281217098236084,-1.0958569049835205,-0.37864992022514343,0.02420659363269806,0.05199001356959343,0.09293562918901443,0.016814889386296272,0.9934794902801514,0.7786364555358887,0.6805972456932068,0.8490694761276245,0.02854694426059723,0.04363035783171654,0.04660818725824356,0.01334887370467186,2.794773578643799,10.751531600952148,0.05238426420909488,-0.07956157660301988,-0.10934657510247109,0.5875102799882941,-0.7605743986916399,-0.24983198587912894
9329,9,-0.00044764758786186576,0.6130461692810059,-0.001668421900831163,0.6064860820770264,-0.864206075668335,-0.25270307064056396,-1.0889887809753418,-0.30248814821243286,0.02242225408554077,0.050889089703559875,0.09016570448875427,0.015974562615156174,0.9966581463813782,0.77968829870224,0.6781647801399231,0.848362386226654,0.02688598819077015,0.04391815513372421,0.04429875314235687,0.012421139515936375,1.916050910949707,7.1335673332214355,0.043825124045381844,-0.0742020424404426,-0.11645200517998827,0.5849914773816899,-0.6878530840560572,-0.25280918143635733
9330,9,-0.009604264050722122,0.6099255084991455,-0.01229359582066536,0.6034039258956909,-0.9393645524978638,-0.33521848917007446,-1.00627601146698,-0.2986419200897217,0.020866211503744125,0.04931696131825447,0.0878983587026596,0.015238190069794655,0.9999101161956787,0.7810341715812683,0.6756033897399902,0.8476107716560364,0.02528468519449234,0.04286732152104378,0.04256115108728409,0.011834274977445602,1.8473529815673828,8.521806716918945,0.03921336579897516,-0.07477774113153748,-0.12333053602054936,0.5824633855673259,-0.6878530840560638,-0.25280918143635733
9331,9,-0.019073424860835075,0.6066763401031494,-0.021597346290946007,0.6005352139472961,-0.9559042453765869,-0.3207210898399353,-0.8792456388473511,-0.28609195351600647,0.019512813538312912,0.05176818370819092,0.08388792723417282,0.01459492277354002,1.0030370950698853,0.7819724082946777,0.6731836199760437,0.8469112515449524,0.023400474339723587,0.04399297386407852,0.04079381749033928,0.011349092237651348,5.506043434143066,8.593742370605469,0.052244178729558576,-0.06043322518934541,-0.12975031971785686,0.5799690395505301,-0.6098332685793347,-0.24706998297353513
9332,9,-0.027999384328722954,0.6037105321884155,-0.029769062995910645,0.5978447794914246,-0.8523779511451721,-0.29032987356185913,-0.7842127680778503,-0.27021223306655884,0.018330669030547142,0.051670223474502563,0.07949268817901611,0.014030962251126766,1.0059789419174194,0.7829578518867493,0.6709145307540894,0.8462416529655457,0.022150730714201927,0.0441676527261734,0.03815743327140808,0.010998660698533058,1.6097831726074219,10.686712265014648,0.05104294595491142,-0.05354611955975469,-0.13584865240365057,0.5774983397207945,-0.6098332685793215,-0.24706998297353513
9333,9,-0.036693375557661057,0.6009603142738342,-0.03751416131854057,0.5950217247009277,-0.8746798038482666,-0.2553923726081848,-0.760541558265686,-0.2810848653316498,0.017297297716140747,0.05104503780603409,0.07738830894231796,0.013536367565393448,1.0090645551681519,0.7839087843894958,0.6683900356292725,0.8456932902336121,0.02154262736439705,0.04343622922897339,0.03591000661253929,0.010760359466075897,-2.9587209224700928,12.058837890625,0.04704331577816483,-0.06487746372713424,-0.14154040171401913,0.5750981814459675,-0.5265149522614327,-0.2326143904907152
9334,9,-0.0462239608168602,0.598659336566925,-0.045254357159137726,0.5922572016716003,-0.9958162307739258,-0.19793757796287537,-0.7788258194923401,-0.2533055543899536,0.016394348815083504,0.04983711242675781,0.07445114850997925,0.013102954253554344,1.0122520923614502,0.7846361994743347,0.6657523512840271,0.8453800082206726,0.020487943664193153,0.0417637825012207,0.03434443473815918,0.010695436969399452,0.12630462646484375,12.424114227294922,0.04208707311980674,-0.05687674592260211,-0.14680555123663355,0.5727720375410604,-0.5265149522614327,-0.2326143904907152
9335,9,-0.055886805057525635,0.5973184704780579,-0.05328953266143799,0.5903973579406738,-0.9475704431533813,-0.09424655884504318,-0.8509366512298584,-0.1389344483613968,0.015605947934091091,0.0475841648876667,0.06838599592447281,0.012723558582365513,1.0152889490127563,0.7851186394691467,0.6633293628692627,0.8452787399291992,0.019563432782888412,0.03952315077185631,0.031418830156326294,0.010626424103975296,0.31409740447998047,13.172494888305664,0.03303585980730175,-0.03159782354548568,-0.15172687815333416,0.5705357981603626,-0.43789813510239756,-0.2094424039877918
9336,9,-0.06514112651348114,0.5968638062477112,-0.06240842118859291,0.5895328521728516,-0.9094074964523315,-0.007922365330159664,-0.9612269401550293,-0.04204650968313217,0.014916585758328438,0.04330543056130409,0.06306659430265427,0.012391090393066406,1.0181962251663208,0.7855125069618225,0.6609897613525391,0.8453854918479919,0.018796319141983986,0.035901620984077454,0.02860684134066105,0.010577003471553326,0.36989927291870117,13.526067733764648,0.015397549110453561,-0.03027134699822101,-0.15610585950435812,0.5684413741204845,-0.43789813510239756,-0.20944240398784464
9337,9,-0.07410193979740143,0.5972045063972473,-0.0723869726061821,0.5896110534667969,-0.8844721913337708,0.07087898254394531,-1.0204484462738037,0.052477866411209106,0.014312021434307098,0.03891671821475029,0.05816657841205597,0.012098964303731918,1.0210788249969482,0.7857497930526733,0.6586180329322815,0.8456451296806335,0.018382694572210312,0.03197307139635086,0.025789601728320122,0.010515250265598297,-1.5211594104766846,13.073751449584961,-0.0012554305541352118,-0.02760564411421737,-0.16021437602066124,0.566438784786076,-0.3439828171021894,-0.17755402346492352
9338,9,-0.08321647346019745,0.5981220602989197,-0.08281884342432022,0.5904779434204102,-0.9217591285705566,0.1209980845451355,-1.0430629253387451,0.1252499371767044,0.013783300295472145,0.03515089303255081,0.0532478466629982,0.01719815842807293,1.0239845514297485,0.785671055316925,0.6561905145645142,0.84577876329422,0.018014490604400635,0.028101811185479164,0.023131247609853745,0.01490877103060484,-1.430349349975586,14.650278091430664,-0.017958938740537365,-0.022095014944090358,-0.16365420419168317,0.5646632445514271,-0.3439828171021762,-0.17755402346487065
9339,9,-0.0924716666340828,0.5999082326889038,-0.09302368760108948,0.5922467112541199,-0.9335625767707825,0.22027245163917542,-0.9984914064407349,0.21772275865077972,0.01332014612853527,0.03190545737743378,0.04742797091603279,0.029441187158226967,1.0269614458084106,0.7852728962898254,0.653702437877655,0.8455390930175781,0.017800459638237953,0.025362703949213028,0.020045842975378036,0.02479815110564232,-0.8011734485626221,11.100395202636719,-0.03141348859364661,-0.006453364228146075,-0.16690752230085934,0.5629640364154687,-0.2447689982608348,-0.13694924892189891
9340,9,-0.10204832255840302,0.6018455028533936,-0.10288629680871964,0.5945236682891846,-0.9671351909637451,0.17818957567214966,-0.9636512398719788,0.2381889522075653,0.012913951650261879,0.02909904345870018,0.04245447739958763,0.0497870147228241,1.0299357175827026,0.7849240303039551,0.651164710521698,0.8447768092155457,0.017529556527733803,0.023275302723050117,0.01750906929373741,0.04102972894906998,-0.43487548828125,10.107865333557129,-0.053382247191411755,0.00739448847145413,-0.1693552122834677,0.5615945439262497,-0.2447689982608348,-0.13694924892189891
9341,9,-0.11168032884597778,0.6032965183258057,-0.1122332215309143,0.5968219637870789,-0.9566293358802795,0.11430548876523972,-0.9097820520401001,0.21483862400054932,0.023817041888833046,0.02666882984340191,0.03819144517183304,0.053691741079092026,1.0310708284378052,0.7846740484237671,0.6488066911697388,0.8448262214660645,0.026843778789043427,0.021308399736881256,0.015859538689255714,0.04528651386499405,3.0765461921691895,12.394318580627441,-0.05442808879028376,0.02547897662999052,-0.17171094397878806,0.5602684481409015,-0.1487231778061178,-0.09162356755901664
9342,9,-0.1202787458896637,0.6046984195709229,-0.12068666517734528,0.5990720987319946,-0.7881175875663757,0.1427285522222519,-0.8122440576553345,0.211522176861763,0.03693048655986786,0.024561213329434395,0.03452679142355919,0.05324247106909752,1.03150475025177,0.7845041751861572,0.6467015743255615,0.8450960516929626,0.03930605575442314,0.01988706737756729,0.014158966019749641,0.04497053101658821,0.5034160614013672,11.910533905029297,-0.050378155326018734,0.03913331373268206,-0.1731135107645712,0.5593921673373128,-0.1402566785783073,-0.0876280803588766
9343,9,-0.12798023223876953,0.6057360768318176,-0.1287394016981125,0.6006777882575989,-0.7319492101669312,0.08435087651014328,-0.7785598039627075,0.12989333271980286,0.03566122055053711,0.02272961102426052,0.03136618807911873,0.05899205431342125,1.033371925354004,0.7845348119735718,0.644824743270874,0.8449405431747437,0.04014524072408676,0.01875501498579979,0.012963266111910343,0.048787057399749756,0.9247899055480957,10.012693405151367,-0.06012162960272656,0.027163505368187832,-0.17451607755035453,0.558515886533724,-0.09165460465569245,0.22139257817873254
9344,9,-0.13484133780002594,0.6060490608215332,-0.13618062436580658,0.6015225648880005,-0.6410114765167236,-0.00945696234703064,-0.7027687430381775,0.047666482627391815,0.03526017442345619,0.021135957911610603,0.028634274378418922,0.05669537931680679,1.0350754261016846,0.7848034501075745,0.6434773802757263,0.8449646830558777,0.03842424601316452,0.017816664651036263,0.01245137955993414,0.04710497334599495,6.04189395904541,9.184527397155762,-0.042226968733882715,0.03256785506049549,-0.17483422086211475,0.5645345636821294,-0.03049588318328916,0.6102506424418167
9345,9,-0.13973036408424377,0.6057078838348389,-0.14221309125423431,0.6018110513687134,-0.3859081268310547,-0.07363952696323395,-0.5267518162727356,-0.01160379033535719,0.034739330410957336,0.019748879596590996,0.026270097121596336,0.05135192349553108,1.0362040996551514,0.7854397296905518,0.64267897605896,0.8449009656906128,0.037074483931064606,0.017366809770464897,0.011755374260246754,0.04234574735164642,5.338239669799805,7.688241004943848,-0.01728498785020105,0.031233531633932707,-0.17513917969394777,0.5706370701065476,-0.030495883183302375,0.6102506424418167
9346,9,-0.14281761646270752,0.6042093634605408,-0.14654214680194855,0.6009588241577148,-0.23372004926204681,-0.2106759250164032,-0.3278167247772217,-0.14770939946174622,0.031556595116853714,0.018539590761065483,0.02421918883919716,0.04582305997610092,1.0371688604354858,0.7865404486656189,0.6422701478004456,0.8445912599563599,0.033904049545526505,0.01692683808505535,0.01119186170399189,0.03726743161678314,4.361600875854492,7.779586315155029,0.002392744961567321,0.0034812617178481345,-0.1744246468818071,0.5756219267503669,0.08431328740960922,0.4843874781065452
9347,9,-0.14449985325336456,0.6015335321426392,-0.1486460566520691,0.5987709760665894,-0.10042992234230042,-0.314243346452713,-0.09817521274089813,-0.2822404205799103,0.02879938669502735,0.0328005813062191,0.022696204483509064,0.0410844162106514,1.0377495288848877,0.7863034605979919,0.6422963738441467,0.8439422249794006,0.03017001412808895,0.027758656069636345,0.011053391732275486,0.032617270946502686,5.942668914794922,6.086587905883789,0.03515812374168865,-0.012101457363283281,-0.1735815140077109,0.5804658015314329,0.08431328740960922,0.4843874781065452
9348,9,-0.14451541006565094,0.5977546572685242,-0.14847344160079956,0.5952582359313965,0.08528221398591995,-0.4247731864452362,0.1165907233953476,-0.4113467037677765,0.02640639618039131,0.05885257199406624,0.025308268144726753,0.037009626626968384,1.0376486778259277,0.7850522398948669,0.642803966999054,0.8430395126342773,0.026554297655820847,0.04764096066355705,0.01299675740301609,0.029065940529108047,7.468070983886719,7.914276123046875,0.0634759542601628,-0.025701988508865726,-0.17179431226209094,0.5843531328578926,0.20412080807174518,0.362996864393302
9349,9,-0.14229491353034973,0.5935329794883728,-0.1460147649049759,0.5907042622566223,0.32123592495918274,-0.42715612053871155,0.33698925375938416,-0.49978429079055786,0.02433379553258419,0.08818946778774261,0.04624785855412483,0.03350929170846939,1.0370182991027832,0.783737301826477,0.6430948972702026,0.8419387340545654,0.024006405845284462,0.07076618075370789,0.023024125024676323,0.025931378826498985,3.307204246520996,6.595520973205566,0.09467768617980293,-0.04995003305440537,-0.16975310418137338,0.5879831015018254,0.20412080807174518,0.36299686439324913
9350,9,-0.13900406658649445,0.5887966156005859,-0.14205341041088104,0.584972620010376,0.3629893362522125,-0.4837513566017151,0.46547916531562805,-0.6000487804412842,0.022530339658260345,0.10503288358449936,0.07806918770074844,0.03048461116850376,1.0360387563705444,0.783567488193512,0.6432601809501648,0.8406344056129456,0.02163773775100708,0.08824394643306732,0.03874246031045914,0.02300850860774517,5.51767110824585,1.5765023231506348,0.10907516885082896,-0.08447553447511852,-0.16685324670172033,0.5908086879159011,0.32892667880310555,0.24607880130187548
9351,9,-0.13487674295902252,0.58320152759552,-0.1368628442287445,0.5787104368209839,0.4574928283691406,-0.5994969606399536,0.5725679993629456,-0.635784924030304,0.020962096750736237,0.12631583213806152,0.08877982944250107,0.027870433405041695,1.034627079963684,0.7837355732917786,0.6443954110145569,0.839188814163208,0.019390948116779327,0.10565215349197388,0.04584188014268875,0.020793620496988297,8.14689826965332,2.155935764312744,0.1320482152684576,-0.09123290474726484,-0.16356397991368904,0.59326947592892,0.32892667880310555,0.24607880130192833
9352,9,-0.1292383223772049,0.577212929725647,-0.13042226433753967,0.5725011825561523,0.6358566284179688,-0.6051012277603149,0.6910788416862488,-0.6247465014457703,0.01959492266178131,0.1556881219148636,0.1027015894651413,0.02560337819159031,1.0326626300811768,0.7835434675216675,0.6460304260253906,0.8376589417457581,0.016997752711176872,0.12767258286476135,0.054627470672130585,0.018840894103050232,11.77558708190918,0.5944323539733887,0.1644368271024607,-0.10605077053007597,-0.1595114798994488,0.595069097835587,0.45873089960370345,0.1336332888324772
9353,9,-0.12158224731683731,0.5710753798484802,-0.12293136864900589,0.5662515759468079,0.8571537733078003,-0.6191981434822083,0.790727436542511,-0.6334778070449829,0.01840119995176792,0.17433865368366241,0.12868404388427734,0.02363293431699276,1.0301082134246826,0.7837792038917542,0.647826611995697,0.8360686898231506,0.015026497654616833,0.14668568968772888,0.0692460834980011,0.01727527193725109,10.819787979125977,0.43665409088134766,0.1803111787068754,-0.13542128067948486,-0.15492417090341146,0.5964054307239116,0.45873089960370345,0.1336332888324243
9354,9,-0.11236325651407242,0.5648531913757324,-0.11451327800750732,0.5597567558288574,0.9701434969902039,-0.6133871674537659,0.8978492617607117,-0.653810441493988,0.017358561977744102,0.1911403387784958,0.16368353366851807,0.02191874571144581,1.0272409915924072,0.784361720085144,0.6495723128318787,0.834562361240387,0.013708137907087803,0.1618591845035553,0.08818298578262329,0.016173502430319786,8.411504745483398,1.3355302810668945,0.19684248120155362,-0.17399967971967634,-0.1496790415540303,0.5972148685281453,0.593533470473539,0.025660326984948478
9355,9,-0.1026715487241745,0.5589814782142639,-0.10489649325609207,0.5532670617103577,0.9666017889976501,-0.5551129579544067,1.0196385383605957,-0.6303966045379639,0.01644863747060299,0.2046390175819397,0.18940575420856476,0.0204280037432909,1.024390697479248,0.7850627303123474,0.6514569520950317,0.8332347273826599,0.01293396670371294,0.17367401719093323,0.10268561542034149,0.015185731463134289,7.517147064208984,1.0312414169311523,0.20958078389092655,-0.19814305947480026,-0.14374370684929488,0.5974714717979945,0.5935334704735258,0.025660326984948478
9356,9,-0.0933455377817154,0.5537776350975037,-0.09429366141557693,0.5472986698150635,0.9057614207267761,-0.4815346896648407,1.092816710472107,-0.5547752380371094,0.015653414651751518,0.21073392033576965,0.20062826573848724,0.01912914216518402,1.0218627452850342,0.7859760522842407,0.6534216403961182,0.8320811986923218,0.012700832448899746,0.18095190823078156,0.10904202610254288,0.014352140948176384,4.707779884338379,0.5130553245544434,0.21306004755632119,-0.2047316161383622,-0.137265961364219,0.5973265059047702,0.7333343914125989,-0.07784008424071062
9357,9,-0.08521672338247299,0.5492225885391235,-0.0834517553448677,0.5421460270881653,0.7562679648399353,-0.41434377431869507,1.0708835124969482,-0.4631136953830719,0.014957509934902191,0.21145330369472504,0.2005724459886551,0.017995502799749374,1.0195472240447998,0.7870863676071167,0.6555052995681763,0.8311917781829834,0.011861276812851429,0.18262338638305664,0.11136940121650696,0.0137112932279706,9.050504684448242,-0.7696986198425293,0.2117296012608902,-0.20032263654776386,-0.12993261745009252,0.5965481050623633,0.7333343914125989,-0.07784008424065775
9358,9,-0.07729218155145645,0.5456153154373169,-0.07340265065431595,0.5382928252220154,0.8051089644432068,-0.3248275816440582,0.916801929473877,-0.33467406034469604,0.014348250813782215,0.2111010104417801,0.1967162936925888,0.017005302011966705,1.0171961784362793,0.7881893515586853,0.6577843427658081,0.8304818868637085,0.01121150515973568,0.18209153413772583,0.11081040650606155,0.013106702826917171,8.649888038635254,-0.9705770015716553,0.2095591172510652,-0.1793948610334994,-0.12218226902876798,0.5954845158766563,0.8781336624208899,-0.1768679448443415
9359,9,-0.06928359717130661,0.5426700711250305,-0.06526549905538559,0.5353575944900513,0.7945219278335571,-0.2666553854942322,0.738913893699646,-0.2582094967365265,0.013814201578497887,0.2091805636882782,0.19472317397594452,0.016139088198542595,1.014970064163208,0.7892462611198425,0.6599387526512146,0.8298898935317993,0.010970787145197392,0.18049000203609467,0.10942326486110687,0.012551527470350266,6.597023010253906,-1.4289891719818115,0.2007708860764134,-0.18572959640466624,-0.11340093240455851,0.5937158364282126,0.8781336624208832,-0.1768679448443415
9360,9,-0.06190168112516403,0.5401548147201538,-0.05866587907075882,0.5329915285110474,0.7005253434181213,-0.2288600653409958,0.6101351976394653,-0.21062533557415009,0.013346336781978607,0.20655837655067444,0.19255560636520386,0.01538157183676958,1.0129432678222656,0.7902262210845947,0.6618829965591431,0.8294577598571777,0.010641872882843018,0.17750023305416107,0.10866756737232208,0.012093079276382923,7.536876201629639,-1.6313159465789795,0.1950246677966832,-0.18273392129876698,-0.10433799424643149,0.5917694043549984,1.0279312834984118,-0.27142325482615565
9361,9,-0.05513298884034157,0.5382382273674011,-0.05287909135222435,0.5312947034835815,0.6501901745796204,-0.16630466282367706,0.5502340793609619,-0.14310717582702637,0.012936093844473362,0.20349085330963135,0.1873272806406021,0.014718378894031048,1.0109494924545288,0.7910159230232239,0.6638494729995728,0.8292894959449768,0.010152481496334076,0.1724947988986969,0.10720384865999222,0.011962059885263443,9.94300365447998,0.7930970191955566,0.18993542462866064,-0.16348278006449396,-0.09405868141144727,0.5890551718067373,1.0279312834984118,-0.2714232548261028
9362,9,-0.04837781563401222,0.5374402403831482,-0.04731953889131546,0.5304978489875793,0.6737287640571594,-0.032939083874225616,0.5443781614303589,-0.044838301837444305,0.01257733628153801,0.19915392994880676,0.18056714534759521,0.014139224775135517,1.009053111076355,0.7915393114089966,0.6658005118370056,0.8293080925941467,0.010011938400566578,0.16766399145126343,0.10359495878219604,0.011639176867902279,8.591854095458984,0.2574014663696289,0.1797587688427477,-0.14920906347490814,-0.08364316671596325,0.5862616772509911,1.1701872978806314,-0.3542084475940293
9363,9,-0.042104754596948624,0.5372990965843201,-0.042132146656513214,0.5302786231040955,0.5994088053703308,0.012675877660512924,0.5126825571060181,0.009445946663618088,0.012262889184057713,0.19118055701255798,0.17400024831295013,0.013632209040224552,1.0073896646499634,0.7920879125595093,0.6675410270690918,0.8293290138244629,0.009981180541217327,0.1627161204814911,0.09964234381914139,0.011106077581644058,8.297538757324219,-3.2153427600860596,0.15502391321963666,-0.14306441478700405,-0.07181589416951144,0.5826466171091317,1.1827272546451713,-0.36150601418594164
9364,9,-0.036643143743276596,0.5370660424232483,-0.03714406490325928,0.5304044485092163,0.5186408758163452,-0.030343391001224518,0.5088483095169067,0.027738679200410843,0.011986985802650452,0.18243245780467987,0.16487586498260498,0.013187800534069538,1.0060549974441528,0.7929167151451111,0.6690477132797241,0.8291393518447876,0.010226398706436157,0.15822064876556396,0.09381870925426483,0.010402106679975986,5.760853290557861,-6.410460472106934,0.14206848551102144,-0.12116567530572273,-0.05998862162305822,0.5790315569672718,1.253484170939404,-0.3994142097182454
9365,9,-0.032371990382671356,0.5359692573547363,-0.03226090222597122,0.5302867889404297,0.3802030682563782,-0.14679017663002014,0.4951714277267456,-0.028683986514806747,0.01174476183950901,0.1751178503036499,0.15275301039218903,0.01279799547046423,1.0050216913223267,0.7939882874488831,0.6703740358352661,0.8288787603378296,0.010307547636330128,0.15240617096424103,0.08698099851608276,0.010132981464266777,4.641199111938477,-3.0415773391723633,0.14081581940752996,-0.09336045422154957,-0.046582600377506236,0.5745706782465906,1.3425215758611548,-0.447116222923858
9366,9,-0.028932005167007446,0.5347335338592529,-0.02726667933166027,0.5299139618873596,0.30898308753967285,-0.1206882894039154,0.4753696918487549,-0.05868854373693466,0.011531871743500233,0.17112451791763306,0.13646391034126282,0.012455668300390244,1.0041611194610596,0.7949414253234863,0.6716931462287903,0.8285908699035645,0.010083731263875961,0.1480671465396881,0.07867028564214706,0.009723084978759289,7.548942565917969,-4.795012474060059,0.1522166881036477,-0.05430236617626287,-0.03315738461889296,0.5700995160173516,1.3425215758611548,-0.447116222923858
9367,9,-0.02578560635447502,0.5333396792411804,-0.02310137450695038,0.5290735960006714,0.3281048834323883,-0.1617756485939026,0.357827365398407,-0.1089015007019043,0.01134537998586893,0.16592708230018616,0.11797169595956802,0.012156004086136818,1.0034661293029785,0.7959969639778137,0.672982931137085,0.8280753493309021,0.010364070534706116,0.1457427591085434,0.06763814389705658,0.009225636720657349,2.138395309448242,-4.505724906921387,0.14099302878203346,-0.020508966222010462,-0.018268829734183978,0.5649078611303084,1.5073142471463747,-0.5282538810399047
9368,9,-0.023432794958353043,0.5311180353164673,-0.020578760653734207,0.5272776484489441,0.193593829870224,-0.24881164729595184,0.19183489680290222,-0.2158934772014618,0.011181716807186604,0.16147968173027039,0.10136465728282928,0.011893187649548054,1.0030522346496582,0.7973047494888306,0.6739979982376099,0.8273646831512451,0.010425757616758347,0.14361420273780823,0.057875096797943115,0.00871572457253933,2.7462196350097656,-6.752679347991943,0.13990447713745296,0.0009280500937838762,-0.003195687262718301,0.5596253223199094,1.5073142471463747,-0.5282538810398518
9369,9,-0.021830398589372635,0.5280988216400146,-0.01928604394197464,0.5246757864952087,0.14008206129074097,-0.3464733362197876,0.08362598717212677,-0.29590487480163574,0.04418867453932762,0.15886661410331726,0.08776336163282394,0.011662635952234268,0.9985648989677429,0.7986981272697449,0.6748272776603699,0.8266493678092957,0.03650519624352455,0.1406191885471344,0.04993275925517082,0.008758400566875935,2.287294864654541,-1.052170991897583,0.1460822762224276,0.04985722966957348,0.013167383123319446,0.5537386716714797,1.671013178378493,-0.6049189885339232
9370,9,-0.020205331966280937,0.5252630710601807,-0.01846347562968731,0.5217363834381104,0.1693752259016037,-0.2585262954235077,0.06298093497753143,-0.31386277079582214,0.0813300833106041,0.15822291374206543,0.07649465650320053,0.01146022044122219,0.9938089847564697,0.7998111248016357,0.6755098700523376,0.8260523676872253,0.06735388934612274,0.1384003460407257,0.04346981644630432,0.008659860119223595,0.9952282905578613,-0.2084791660308838,0.15506339034615213,0.08913362405603685,0.029877514907105517,0.5476894817861404,1.6710131783784947,-0.6049189885339232
9371,9,-0.01854287087917328,0.5228646397590637,-0.018062613904476166,0.5184778571128845,0.1727272868156433,-0.22896748781204224,0.02505406178534031,-0.32780274748802185,0.11110285669565201,0.15426141023635864,0.0670638158917427,0.011282275430858135,0.9898000359535217,0.8008087873458862,0.6762774586677551,0.8256223201751709,0.09336309880018234,0.1348249465227127,0.038923658430576324,0.008810237981379032,1.7522525787353516,1.8049192428588867,0.13476871427111922,0.11816676589498049,0.04753869948101083,0.5411436157812998,1.8092500090681671,-0.6771115454061251
9372,9,-0.016187656670808792,0.5211690664291382,-0.017545945942401886,0.5156970620155334,0.2771202623844147,-0.14048655331134796,0.07280384749174118,-0.2428552806377411,0.14309142529964447,0.14883992075920105,0.059145793318748474,0.011126291006803513,0.9857766628265381,0.8016127943992615,0.6774466633796692,0.8255820274353027,0.11733105778694153,0.1280440390110016,0.03535367548465729,0.009203205816447735,3.5655975341796875,6.513018608093262,0.12181968203487423,0.1522075161740446,0.06563119957169482,0.5343725003272385,1.8092500090681671,-0.6771115454060722
9373,9,-0.012271789833903313,0.521014392375946,-0.015694065019488335,0.5143240690231323,0.4620283544063568,0.052200574427843094,0.2728162407875061,-0.06574796140193939,0.16461168229579926,0.14039717614650726,0.05243638902902603,0.010989208705723286,0.9821030497550964,0.8021273016929626,0.6788563132286072,0.8258804678916931,0.13730666041374207,0.11962269246578217,0.0318264439702034,0.00955536961555481,-0.8067440986633301,7.901782989501953,0.09772076926590477,0.1712884765694293,0.08435098077099153,0.527203199370962,1.915932649093066,-0.7448315516562987
9374,9,-0.007658505346626043,0.5221161842346191,-0.012044325470924377,0.5144036412239075,0.48752179741859436,0.16769784688949585,0.4583396315574646,0.08756248652935028,0.17343275249004364,0.12647293508052826,0.046731993556022644,0.010868898592889309,0.9791135787963867,0.8025563955307007,0.6805816888809204,0.8265613317489624,0.14743384718894958,0.10778698325157166,0.029514634981751442,0.00976913794875145,2.045762538909912,7.210829257965088,0.05420522700785278,0.17635482401610986,0.10351030726192463,0.5197548838543987,1.9159326490930595,-0.7448315516562987
9375,9,-0.0017360077472403646,0.5245336294174194,-0.00627283938229084,0.5163783431053162,0.6764289140701294,0.2930353879928589,0.6668676733970642,0.2771429419517517,0.1966879665851593,0.10964024811983109,0.0418604239821434,0.010763292200863361,0.975645124912262,0.8030203580856323,0.6826032996177673,0.8274362683296204,0.16069376468658447,0.09387476742267609,0.02688370645046234,0.009925834834575653,-3.590373992919922,7.609610557556152,0.018960776298127046,0.2049700223266154,0.12303625156129333,0.5119979283516625,1.9910610984531982,-0.8080790072846027
9376,9,0.004957983270287514,0.5276736617088318,0.000901566818356514,0.5195499658584595,0.702338695526123,0.3540717363357544,0.782725989818573,0.3714505434036255,0.20457293093204498,0.09454146027565002,0.037680525332689285,0.01989705301821232,0.972314715385437,0.8033379912376404,0.6847565174102783,0.8278992176055908,0.17018228769302368,0.07996955513954163,0.024878203868865967,0.0172968041151762,-4.025228023529053,6.322774887084961,-0.0212486552014432,0.20750383900504416,0.14294686254582778,0.5039171382788159,1.9910610984531982,-0.8080790072846027
9377,9,0.012342062778770924,0.5312861204147339,0.009183567948639393,0.5236297845840454,0.7832829356193542,0.37284955382347107,0.87101811170578,0.4392542541027069,0.22538992762565613,0.08210790157318115,0.0340847410261631,0.048957522958517075,0.9686088562011719,0.8032636642456055,0.6872349381446838,0.8273448348045349,0.18010038137435913,0.06798906624317169,0.023387057706713676,0.04055572301149368,-3.4283804893493652,7.560124397277832,-0.05394313838563014,0.2335501085628322,0.1630265364199526,0.4956083086345943,2.0346353571485243,-0.8668539122909842
9378,9,0.020938755944371223,0.5352228879928589,0.018401576206088066,0.5283002853393555,0.9194339513778687,0.3885815441608429,0.9545683860778809,0.4739534854888916,0.24339759349822998,0.07175447046756744,0.030978893861174583,0.07676608115434647,0.9645162224769592,0.8029559254646301,0.6898784637451172,0.8268152475357056,0.19211405515670776,0.059502437710762024,0.02166096866130829,0.06270502507686615,-7.238643169403076,7.55030632019043,-0.08220873368447246,0.2507536372191075,0.18337288999143933,0.4869397695116845,2.034635357148537,-0.8668539122909842
9379,9,0.03006928600370884,0.5385669469833374,0.027979589998722076,0.5326588749885559,0.9336720705032349,0.2970331013202667,0.9763320684432983,0.4146077632904053,0.2532774806022644,0.06308969110250473,0.028296297416090965,0.10468941181898117,0.9606080055236816,0.8028953075408936,0.6924505233764648,0.8260642290115356,0.20296984910964966,0.053492847830057144,0.019958222284913063,0.08356813341379166,-10.815706253051758,5.200803279876709,-0.11123407499002969,0.257555840450668,0.2037538599150021,0.47811484613095284,2.046655425179096,-0.9211562666754168
9380,9,0.03895026817917824,0.5403668284416199,0.03758711367845535,0.5359897017478943,0.885746955871582,0.10205631703138351,0.9707819223403931,0.28262048959732056,0.27299511432647705,0.05578150600194931,0.025972459465265274,0.12001258134841919,0.9564738869667053,0.80335533618927,0.6954147815704346,0.8254408240318298,0.21011784672737122,0.048977166414260864,0.019762348383665085,0.09469398111104965,-0.8856809139251709,1.3637781143188477,-0.1240063251487917,0.2819751935300343,0.22422041416679456,0.4689032834641985,2.046655425179109,-0.9211562666754433
9381,9,0.04969842731952667,0.5403542518615723,0.047876425087451935,0.5384000539779663,1.2004051208496094,-0.11816397309303284,1.0513097047805786,0.16819337010383606,0.3021416962146759,0.04957994073629379,0.023955022916197777,0.1197882816195488,0.951327919960022,0.8045708537101746,0.6992400884628296,0.8249467611312866,0.21785122156143188,0.04541580379009247,0.019716423004865646,0.09417640417814255,0.4487442970275879,4.336450099945068,-0.11858541948034843,0.3163756608379097,0.24465024661447468,0.4595980467519333,2.0271213025449013,-0.9709860704379535
9382,9,0.0633789449930191,0.5383670926094055,0.05928664654493332,0.5392131209373474,1.483372449874878,-0.290548712015152,1.2253834009170532,-0.02641701139509678,0.300091952085495,0.04429583624005318,0.022201919928193092,0.11774559319019318,0.9460022449493408,0.806373119354248,0.7036880850791931,0.8242597579956055,0.21972709894180298,0.04143091291189194,0.019257890060544014,0.09205299615859985,-2.0840418338775635,8.234216690063477,-0.10675626552663021,0.2925275045078174,0.2649214596399251,0.4498881860475537,2.0271213025449146,-0.9709860704379535
9383,9,0.07905294746160507,0.5351439118385315,0.07305984944105148,0.5373154282569885,1.636716604232788,-0.35866013169288635,1.5132702589035034,-0.3466412127017975,0.2932065427303314,0.03977113589644432,0.020675258710980415,0.11472596973180771,0.9408756494522095,0.8084411025047302,0.7084763050079346,0.8233842253684998,0.21561697125434875,0.03812107443809509,0.018760450184345245,0.08857429772615433,-4.051327705383301,7.39551305770874,-0.09838834898564167,0.2676092682218733,0.2851477210864067,0.4401384164087291,1.9801716321007514,-1.0126689515058789
9384,9,0.09578052908182144,0.5308427810668945,0.08939758688211441,0.5320791602134705,1.7211787700653076,-0.48080015182495117,1.7395987510681152,-0.652543842792511,0.2856908142566681,0.03589066490530968,0.019346540793776512,0.11308787763118744,0.9356527924537659,0.8109930753707886,0.7137270569801331,0.8220482468605042,0.2062203288078308,0.03614618629217148,0.01888221688568592,0.08438751846551895,1.697077751159668,0.7953596115112305,-0.10415551953711652,0.25729740198628115,0.30490805097886725,0.4299749831729434,1.9760329892459265,-1.0163433235785675
9385,9,0.11428818851709366,0.5245667695999146,0.10787494480609894,0.5243173837661743,1.9634610414505005,-0.7537205815315247,1.9482688903808594,-0.8733034729957581,0.27939411997795105,0.032549116760492325,0.018187817186117172,0.11103505641222,0.9299091696739197,0.8144042491912842,0.7195602059364319,0.8200818300247192,0.19552332162857056,0.0344371534883976,0.018721330910921097,0.08068448305130005,-1.3221848011016846,3.956773281097412,-0.09977974606820013,0.25527133069168423,0.324668380871329,0.4198115499371572,1.9394388932178879,-1.0344470675152517
9386,9,0.13463665544986725,0.5160365104675293,0.1283745914697647,0.5147076845169067,2.1030666828155518,-0.9514585137367249,2.1387786865234375,-1.0359857082366943,0.26812630891799927,0.029657650738954544,0.017174283042550087,0.10470736771821976,0.9236874580383301,0.8185051083564758,0.7258754968643188,0.8177273869514465,0.18294277787208557,0.03308181092143059,0.018908321857452393,0.07431957125663757,2.2917628288269043,2.586967945098877,-0.0697308488264085,0.22438781535869956,0.3436122127516528,0.4092441807515635,1.8933904852821584,-1.0572280260972593
9387,9,0.1568908840417862,0.5054117441177368,0.1507875919342041,0.5037615895271301,2.3178069591522217,-1.166865348815918,2.321739435195923,-1.1547552347183228,0.25544023513793945,0.027152203023433685,0.016287710517644882,0.09592089802026749,0.9169674515724182,0.8234090209007263,0.7326334714889526,0.8148866295814514,0.170023113489151,0.03206932544708252,0.018805015832185745,0.0661211684346199,0.6467318534851074,2.6021409034729004,-0.04650149345234314,0.20517603423713526,0.3625461176044769,0.3986719004905903,1.8933904852821584,-1.0572280260972593
9388,9,0.18061944842338562,0.4925077259540558,0.17471574246883392,0.4913117587566376,2.4263558387756348,-1.384771704673767,2.458439588546753,-1.3186458349227905,0.23842644691467285,0.024984054267406464,0.015514012426137924,0.08431094884872437,0.9099209904670715,0.8289863467216492,0.739628255367279,0.8116701245307922,0.1571277379989624,0.030826592817902565,0.018620315939188004,0.05692410469055176,-0.6901240348815918,3.6652731895446777,-0.017084876271307725,0.1687677411561696,0.38046596952631806,0.38777628469460734,1.7791937906536368,-1.093640177994002
9389,9,0.2052343785762787,0.47789689898490906,0.19988660514354706,0.4772532880306244,2.4939396381378174,-1.5255972146987915,2.5653631687164307,-1.4874290227890015,0.2205415815114975,0.024005906656384468,0.014836077578365803,0.0736183151602745,0.9027865529060364,0.8350675106048584,0.7465342879295349,0.8079251050949097,0.14565348625183105,0.03092225082218647,0.018013406544923782,0.04755978286266327,-4.261211395263672,0.8003950119018555,0.017222953014062486,0.1449649254427257,0.3982579074328567,0.37683988291466664,1.7791937906536368,-1.093640177994002
9390,9,0.22954639792442322,0.46122977137565613,0.22537557780742645,0.4610285460948944,2.41237473487854,-1.749818205833435,2.5574088096618652,-1.709167242050171,0.20242024958133698,0.04019865021109581,0.014242331497371197,0.0646635964512825,0.8957435488700867,0.8395746946334839,0.7532976865768433,0.8035663366317749,0.13420355319976807,0.04641887545585632,0.017649300396442413,0.039817456156015396,-3.746919631958008,-0.4649484157562256,0.04294736749188388,0.12307771145458235,0.41490134587089567,0.36565180091327015,1.6334429053603086,-1.1255797792688487
9391,9,0.253548800945282,0.44287562370300293,0.250900000333786,0.44299647212028503,2.3904659748077393,-1.8959368467330933,2.543217897415161,-1.8831653594970703,0.18812450766563416,0.07766711711883545,0.013722261413931847,0.057116564363241196,0.8886899948120117,0.8421800136566162,0.7599127888679504,0.7985591888427734,0.1239716038107872,0.08232080936431885,0.01721714437007904,0.033117227256298065,-3.453667163848877,-3.8316988945007324,0.0852665004301077,0.12339105389439514,0.4312357749245,0.3543960031205816,1.633442905360335,-1.1255797792688487
9392,9,0.2771388590335846,0.42288562655448914,0.27589961886405945,0.4230588674545288,2.34183669090271,-2.058086633682251,2.4692537784576416,-2.0749385356903076,0.17486585676670074,0.11059711128473282,0.013267272152006626,0.05073140561580658,0.881609320640564,0.8454992771148682,0.7663922309875488,0.7931192517280579,0.11485219746828079,0.11802759766578674,0.0168613251298666,0.028292611241340637,-3.393847942352295,-3.747152090072632,0.11900456853900893,0.11285105181369037,0.4463965424843061,0.3429512353187472,1.4628495935163963,-1.1530468299217729
9393,9,0.30038192868232727,0.40206292271614075,0.30018290877342224,0.4015151858329773,2.306654453277588,-2.0889852046966553,2.3855080604553223,-2.221280097961426,0.1629646122455597,0.14768752455711365,0.012867848388850689,0.04528188332915306,0.8744482398033142,0.8487927913665771,0.7728725075721741,0.7876831293106079,0.10553901642560959,0.1553887128829956,0.01680120639503002,0.02477673627436161,0.04277229309082031,-2.1665000915527344,0.15841679708927436,0.10590004368088868,0.4610250384194718,0.33142076701952894,1.4628495935163697,-1.1530468299217729
9394,9,0.32388123869895935,0.3817538619041443,0.3236972391605377,0.3791414499282837,2.3619260787963867,-1.991562008857727,2.297175407409668,-2.2472712993621826,0.15154582262039185,0.1719616800546646,0.012517298571765423,0.04061523824930191,0.8671725988388062,0.8527758717536926,0.7792755961418152,0.7823020219802856,0.09761199355125427,0.18617500364780426,0.016438841819763184,0.0216012354940176,-0.35131096839904785,-4.383730888366699,0.1797194874456594,0.09545127598916159,0.47466225315573274,0.31975509382223183,1.2942609115783388,-1.1760413299527483
9395,9,0.3471374809741974,0.36177340149879456,0.34583693742752075,0.35689637064933777,2.304922342300415,-1.9780539274215698,2.1671621799468994,-2.1665170192718506,0.13797232508659363,0.17850050330162048,0.012210004031658173,0.0366116426885128,0.8602586984634399,0.8582247495651245,0.7851741909980774,0.7769830226898193,0.09192650765180588,0.2015690803527832,0.01538235042244196,0.019100980833172798,-7.155301570892334,-4.261111259460449,0.18072811946712772,0.06932160283109895,0.4876048622715178,0.30799468052270357,1.2942609115783388,-1.1760413299527748
9396,9,0.3684527277946472,0.34200558066368103,0.36674410104751587,0.33577457070350647,2.0226101875305176,-1.9347712993621826,2.0618202686309814,-2.02614688873291,0.1252211183309555,0.1897079199552536,0.011940401047468185,0.03316384553909302,0.854084312915802,0.8636153340339661,0.7905186414718628,0.7722213268280029,0.08553619682788849,0.2101840376853943,0.014797492884099483,0.0178134236484766,-6.21638298034668,1.0939764976501465,0.19364864130355883,0.058737178521300004,0.4997673138261391,0.2961438823349199,1.1343886236603054,-1.1945632793618277
9397,9,0.3880142569541931,0.3244491517543793,0.38730257749557495,0.31714898347854614,1.865064024925232,-1.6376487016677856,2.0102779865264893,-1.7452625036239624,0.11871711164712906,0.1984420269727707,0.011703923344612122,0.030188336968421936,0.8483242988586426,0.8684207797050476,0.7952949404716492,0.767926037311554,0.08162938058376312,0.21858370304107666,0.014111502096056938,0.016079459339380264,-4.007539749145508,-4.01033878326416,0.20164447655519216,0.08399445001445638,0.5111112000627438,0.2841982495413009,1.1343886236603318,-1.1945632793618277
9398,9,0.40560466051101685,0.30844539403915405,0.4063415825366974,0.3006942570209503,1.6802265644073486,-1.5385617017745972,1.813077688217163,-1.5477453470230103,0.11465194821357727,0.19277168810367584,0.011496234685182571,0.027611449360847473,0.8430044054985046,0.8736883997917175,0.7994084358215332,0.7638893723487854,0.08102085441350937,0.21765199303627014,0.012928735464811325,0.014783722348511219,-8.531463623046875,-4.903771877288818,0.1671436382733163,0.09269524238911858,0.5218686195878874,0.2721981067680047,0.9832327297624018,-1.2086126781489845
9399,9,0.4206610918045044,0.29345083236694336,0.4228304922580719,0.28585851192474365,1.391148567199707,-1.4371875524520874,1.5238800048828125,-1.4068940877914429,0.11353102326393127,0.18675218522548676,0.011314167641103268,0.025380294770002365,0.8381789326667786,0.8791035413742065,0.803090512752533,0.7602194547653198,0.08022984117269516,0.2111031860113144,0.012919319793581963,0.013421288691461086,-1.5036380290985107,-8.831095695495605,0.15914918187575472,0.1074266346758937,0.5317009468855125,0.26011197998651425,0.9832327297624018,-1.2086126781489845
9400,9,0.43456652760505676,0.2795582413673401,0.43680593371391296,0.272706001996994,1.36025071144104,-1.3566129207611084,1.2700635194778442,-1.2594250440597534,0.13589471578598022,0.180015429854393,0.011154073290526867,0.023439090698957443,0.8323060274124146,0.8843950629234314,0.8064433336257935,0.7567447423934937,0.09148872643709183,0.2031281590461731,0.012239834293723106,0.012383610010147095,-5.023469924926758,-6.489429473876953,0.148795717727449,0.14192894844029225,0.5411230655333379,0.24799827303268154,0.8407932298844696,-1.2181895263142055
9401,9,0.4472087621688843,0.26651328802108765,0.4481429159641266,0.26048174500465393,1.193415880203247,-1.2539279460906982,1.0347766876220703,-1.1845614910125732,0.13741417229175568,0.17289237678050995,0.011013828217983246,0.021754685789346695,0.827541172504425,0.8894916772842407,0.8091983795166016,0.7534344792366028,0.09945877641439438,0.1950593739748001,0.01145884208381176,0.011280800215899944,-7.69962215423584,-7.904681205749512,0.13925607717476873,0.13786790920522035,0.5495309978321831,0.23581637776953956,0.8407932298844696,-1.2181895263142055
9402,9,0.4577074646949768,0.2540203630924225,0.45719850063323975,0.2487245351076126,0.9467148780822754,-1.2205848693847656,0.8203334808349609,-1.1463555097579956,0.15179604291915894,0.1645718216896057,0.01089052576571703,0.020285693928599358,0.8232871890068054,0.8944683074951172,0.8114423155784607,0.7502931356430054,0.1098383367061615,0.18565267324447632,0.010839749127626419,0.01046072505414486,-6.519575119018555,-7.92985200881958,0.12470248818830418,0.1561313383002896,0.557687546754851,0.22362488704014505,0.7070701240266409,-1.2232938238575042
9403,9,0.46630406379699707,0.2422334849834442,0.46478161215782166,0.2376585304737091,0.7772435545921326,-1.1505179405212402,0.7037428021430969,-1.0806788206100464,0.17916621267795563,0.15689441561698914,0.010782381519675255,0.019006548449397087,0.8188908100128174,0.8992457389831543,0.8131414651870728,0.7473190426826477,0.12813109159469604,0.17615950107574463,0.010139139369130135,0.00976913794875145,-8.216743469238281,-6.876338958740234,0.11936843177677764,0.18842150171278593,0.5647582479951174,0.21139194880157008,0.707070124026588,-1.223293823857491
9404,9,0.4729701280593872,0.2311042845249176,0.47121813893318176,0.22706572711467743,0.5796605348587036,-1.080035924911499,0.5918006896972656,-1.0375820398330688,0.20369495451450348,0.14855512976646423,0.010687330737709999,0.017889292910695076,0.8149129152297974,0.9037279486656189,0.81441330909729,0.7446684837341309,0.14793512225151062,0.16526386141777039,0.009739456698298454,0.009450138546526432,-7.9923224449157715,-3.694242238998413,0.10710365985960923,0.2126787206225627,0.5717189583447875,0.19915845470159055,0.5921901535381534,-1.2238743932254816
9405,9,0.47822314500808716,0.2212633490562439,0.47670671343803406,0.2172258049249649,0.46916258335113525,-0.9245193004608154,0.49148425459861755,-0.9497290253639221,0.23167698085308075,0.13946393132209778,0.01060379296541214,0.016912659630179405,0.8113383650779724,0.9079540371894836,0.8153147101402283,0.7422004342079163,0.16949597001075745,0.15512371063232422,0.009326618164777756,0.008774660527706146,-8.495576858520508,-6.50601863861084,0.09342754530900149,0.24271670258971856,0.5775395924666755,0.1869191989938018,0.582063412188757,-1.2239255707788805
9406,9,0.4821001887321472,0.2119348645210266,0.4806532859802246,0.2078862339258194,0.3438681364059448,-0.9204904437065125,0.3288865387439728,-0.9023332595825195,0.2535335421562195,0.1272992193698883,0.010530290193855762,0.016057442873716354,0.8082990050315857,0.9122813940048218,0.816024899482727,0.7398289442062378,0.18882769346237183,0.1427929848432541,0.009143069386482239,0.008319062180817127,-8.593168258666992,-5.772690773010254,0.06437174304776427,0.2625293712938395,0.5833602265885636,0.17467994328601305,0.530570066110839,-1.2221639080016642
9407,9,0.48528099060058594,0.2030334323644638,0.48333436250686646,0.19928131997585297,0.2983371317386627,-0.8721951246261597,0.21911285817623138,-0.8328651189804077,0.2751563489437103,0.11620926111936569,0.010465862229466438,0.015311046503484249,0.8055875301361084,0.9165930151939392,0.8168030977249146,0.7375206351280212,0.20423156023025513,0.13050103187561035,0.009393978863954544,0.0077297259122133255,-4.089291095733643,-8.059926986694336,0.05703538823989179,0.2850314851409499,0.5880319263392187,0.16247999430558668,0.46577309437097664,-1.2199471087084592
9408,9,0.48880815505981445,0.19427268207073212,0.48533204197883606,0.1912616789340973,0.38844430446624756,-0.8872837424278259,0.18907251954078674,-0.7903626561164856,0.2898343801498413,0.1047966480255127,0.010409312322735786,0.014658319763839245,0.8029754757881165,0.9209444522857666,0.8179025650024414,0.7351803779602051,0.21416480839252472,0.1183437779545784,0.009739456698298454,0.0072403703816235065,-1.8249988555908203,-7.003324031829834,0.04213995433387763,0.2969631673252312,0.5926896572829286,0.15028052321850285,0.46577309437097664,-1.2199471087084592
9409,9,0.49346527457237244,0.1854824721813202,0.4878225326538086,0.18350259959697723,0.5125573873519897,-0.88937908411026,0.30902814865112305,-0.7858710289001465,0.2890225350856781,0.09454574435949326,0.010359717532992363,0.014087740331888199,0.8007007241249084,0.9252467751502991,0.8191957473754883,0.7328615784645081,0.21800780296325684,0.10647515207529068,0.009801897220313549,0.0069582294672727585,-5.440037250518799,-3.165726661682129,0.036565907790197805,0.2859494171348999,0.5963921447051074,0.13816220805793425,0.35819917057324685,-1.2108078041667532
9410,9,0.4986130893230438,0.17687708139419556,0.4917308986186981,0.17546017467975616,0.5196284055709839,-0.8381277918815613,0.46261629462242126,-0.8251011967658997,0.28449997305870056,0.08490980416536331,0.01031611766666174,0.01358755398541689,0.7988163828849792,0.9293366074562073,0.8205740451812744,0.730660617351532,0.2171521782875061,0.095363087952137,0.009915588423609734,0.006674672476947308,-5.040490627288818,-3.427596092224121,0.029055905894750683,0.26731237632515703,0.59997413641084,0.12605413001626672,0.35819917057324685,-1.2108078041667598
9411,9,0.5039968490600586,0.16867168247699738,0.4969417154788971,0.1670747846364975,0.5598861575126648,-0.8050680756568909,0.5689254403114319,-0.844719409942627,0.28016015887260437,0.0745658352971077,0.010277691297233105,0.013147775083780289,0.7969959378242493,0.9332621097564697,0.8222454190254211,0.7286773324012756,0.21143671870231628,0.08347739279270172,0.010347625240683556,0.006672670599073172,-2.187187671661377,-0.6970369815826416,0.013334028670701492,0.2636453876493641,0.6027771426567028,0.11405982014674446,0.25934164079551475,-1.1963699987838214
9412,9,0.5104982256889343,0.16135206818580627,0.5034095048904419,0.15898944437503815,0.6957545280456543,-0.7035032510757446,0.687199056148529,-0.7973074316978455,0.27477771043777466,0.06545552611351013,0.010243981145322323,0.012762835249304771,0.7949997186660767,0.9369884729385376,0.8240687847137451,0.7267427444458008,0.20574083924293518,0.07341337949037552,0.01038874126970768,0.006287872325628996,-3.8738012313842773,-1.9250774383544922,-0.00047304215064106203,0.25405351240008545,0.6053705590646583,0.10209612015890618,0.25934164079551475,-1.1963699987838148
9413,9,0.5174373984336853,0.15408243238925934,0.5104549527168274,0.15106362104415894,0.7065289616584778,-0.7359581589698792,0.7292367219924927,-0.7715125679969788,0.2649489939212799,0.057784609496593475,0.010214369744062424,0.02436419017612934,0.792999804019928,0.9404973983764648,0.8260197639465332,0.7243067026138306,0.1982981264591217,0.06433230638504028,0.010561563074588776,0.013271252624690533,-3.6342227458953857,0.22170066833496094,-0.026146047690892682,0.22655392779774763,0.607343815286365,0.09026820358716166,0.16920050503783327,-1.1766336925598029
9414,9,0.524881899356842,0.14706338942050934,0.5181745886802673,0.14385464787483215,0.7650648951530457,-0.6896817684173584,0.7957925796508789,-0.6888136267662048,0.25516819953918457,0.05128324776887894,0.010188347660005093,0.030754653736948967,0.7910320162773132,0.9438712000846863,0.8279351592063904,0.7219777703285217,0.1912817507982254,0.057672128081321716,0.010383601300418377,0.016796912997961044,-5.3998637199401855,-2.300206422805786,-0.031782825079430185,0.21627539580514094,0.6090358203367439,0.07850186666156284,0.16920050503788614,-1.1766336925598029
9415,9,0.532120406627655,0.13953523337841034,0.5259202122688293,0.13687297701835632,0.708069384098053,-0.7866783142089844,0.7704808712005615,-0.6916158199310303,0.24363745748996735,0.045754846185445786,0.010165510699152946,0.046647753566503525,0.7892147898674011,0.9473748803138733,0.8297890424728394,0.7190430760383606,0.18373455107212067,0.05222130939364433,0.010353791527450085,0.025366095826029778,-4.684739112854004,-3.988741636276245,-0.0495280814198128,0.19673982180065758,0.6102490576864553,0.0668827313943225,0.08777576330025526,-1.1515988854946242
9416,9,0.5391615629196167,0.13108626008033752,0.5335353016853333,0.12988176941871643,0.6976795792579651,-0.8964802622795105,0.7511524558067322,-0.710858941078186,0.2340078502893448,0.04101933166384697,0.010145416483283043,0.04637952521443367,0.7873685359954834,0.9510625600814819,0.8318281173706055,0.7164884805679321,0.17375797033309937,0.04758768528699875,0.010723257437348366,0.025187494233250618,0.371248722076416,-3.8091862201690674,-0.044637634993545755,0.19414777735712185,0.611126815319458,0.055366742539375416,0.08777576330025526,-1.151598885494631
9417,9,0.5470447540283203,0.12191849946975708,0.5413910746574402,0.12281869351863861,0.8267838358879089,-0.9577265977859497,0.7934396266937256,-0.7410276532173157,0.2244596630334854,0.036959487944841385,0.010127773508429527,0.044964782893657684,0.7852928042411804,0.9550755620002747,0.8339090347290039,0.713675856590271,0.16555701196193695,0.043964289128780365,0.010645991191267967,0.023579450324177742,-2.037135362625122,-5.323002338409424,-0.03574707776876737,0.18411959879955866,0.6116497649493343,0.04399877658337197,0.015067415582674975,-1.121265577588303
9418,9,0.5549778342247009,0.1114504411816597,0.5491573810577393,0.11420568078756332,0.7881165742874146,-1.0941765308380127,0.7850746512413025,-0.9582682251930237,0.21059055626392365,0.033465392887592316,0.010112276300787926,0.043303925544023514,0.7832978963851929,0.95933598279953,0.8360579013824463,0.7106116414070129,0.15573272109031677,0.04053855314850807,0.01081087440252304,0.02206752449274063,0.8522605895996094,-5.676064491271973,-0.032432565346653536,0.15058404010085027,0.6118004391051611,0.032786120807488175,0.015067415582674975,-1.121265577588303
9419,9,0.5632656216621399,0.1001259982585907,0.5572732090950012,0.10356321930885315,0.8494207262992859,-1.1735960245132446,0.8278563618659973,-1.1632026433944702,0.19790403544902802,0.03045068122446537,0.010098660364747047,0.039575666189193726,0.781337320804596,0.9638916850090027,0.8381375074386597,0.7072818279266357,0.14666113257408142,0.0379079207777977,0.010584209114313126,0.019242629408836365,-2.4978232383728027,-6.069891452789307,-0.014972550668976459,0.14145725503141998,0.6117028321673629,0.0217117121694468,-0.048924538114801845,-1.0856337688408215
9420,9,0.5711768865585327,0.08756189793348312,0.5653688311576843,0.09067616611719131,0.7605445384979248,-1.3127927780151367,0.8053174018859863,-1.3751187324523926,0.18311718106269836,0.027836991474032402,0.010086677968502045,0.03571236506104469,0.7796226143836975,0.968733549118042,0.840084433555603,0.7036560773849487,0.1373015195131302,0.03547437861561775,0.010466895997524261,0.016476325690746307,-1.7130696773529053,-5.557861328125,-0.003908828623922583,0.11566652589494589,0.6112135867862144,0.010855374481037837,-0.048924538114801845,-1.0856337688408233
9421,9,0.578629732131958,0.07398369163274765,0.5733534097671509,0.07625273615121841,0.7249199151992798,-1.401708722114563,0.7826446890830994,-1.497531533241272,0.17076143622398376,0.026697717607021332,0.010076155886054039,0.03238639608025551,0.7780362367630005,0.9735416769981384,0.8419585824012756,0.699880063533783,0.1278398633003235,0.033881522715091705,0.010394910350441933,0.014418701641261578,-1.3433349132537842,-2.3335564136505127,0.018873058689567096,0.1126663249232264,0.6105651544329017,0.00011691116769110225,-0.10420009779233382,-1.0447034592521818
9422,9,0.5858226418495178,0.06009968742728233,0.5810825228691101,0.06098957359790802,0.6937848329544067,-1.3999793529510498,0.7449936866760254,-1.5625697374343872,0.15894493460655212,0.03526114299893379,0.010066933929920197,0.0295210350304842,0.7765743136405945,0.9769893288612366,0.8436232805252075,0.696047306060791,0.12013519555330276,0.04146048054099083,0.010084756650030613,0.012625639326870441,-3.175245523452759,-0.42650699615478516,0.03678651741975536,0.10163819374178616,0.6095231534549783,-0.010330123424831429,-0.10420009779233382,-1.0447034592521813
9423,9,0.5921551585197449,0.04621671140193939,0.5880820155143738,0.045132264494895935,0.5785264372825623,-1.3788936138153076,0.6542454957962036,-1.5921639204025269,0.14740535616874695,0.04095613583922386,0.010058817453682423,0.027035746723413467,0.7754675149917603,0.9804900288581848,0.8449855446815491,0.69219970703125,0.11334589123725891,0.04805875942111015,0.009729224257171154,0.011092646047472954,-3.090057373046875,-0.9929800033569336,0.0419590616756286,0.09011500310983987,0.6083936268383116,-0.020690253406756197,-0.15075926344976232,-0.9984746488223865
9424,9,0.5973131060600281,0.0324021577835083,0.5939964056015015,0.029603691771626472,0.4619291424751282,-1.381116271018982,0.5340520143508911,-1.5010367631912231,0.13828834891319275,0.044445380568504333,0.010051678866147995,0.02487780712544918,0.7746602892875671,0.9841285943984985,0.8460823893547058,0.6885731220245361,0.10734440386295319,0.051399070769548416,0.009387854486703873,0.010332209058105946,-4.00015115737915,3.979945182800293,0.04505482565356572,0.0920181613648479,0.6068860342038136,-0.030674999894980744,-0.1507592634498152,-0.9984746488223865
9425,9,0.6014238595962524,0.019583625718951225,0.5988600254058838,0.015701305121183395,0.3491690456867218,-1.2229595184326172,0.4221373498439789,-1.3112597465515137,0.13147591054439545,0.0505828782916069,0.01004540454596281,0.02300255373120308,0.7741320133209229,0.9870809316635132,0.846819281578064,0.685352087020874,0.10342162847518921,0.056479066610336304,0.009007601998746395,0.009656587615609169,-4.071691036224365,4.849562644958496,0.051678182856989135,0.09627072181799415,0.6053451444759531,-0.04061440853875308,-0.1855364080125649,-0.9511215434480482
9426,9,0.6041563153266907,0.008163316175341606,0.6022445559501648,0.0036205926444381475,0.21048808097839355,-1.0695562362670898,0.2616649866104126,-1.1161866188049316,0.12663891911506653,0.04825761914253235,0.01003989763557911,0.02137378230690956,0.774010419845581,0.9905539751052856,0.8470854163169861,0.6824087500572205,0.10193416476249695,0.05539444461464882,0.008410264737904072,0.008868196979165077,-5.531210899353027,1.6942906379699707,0.03325943719445426,0.10123189385263931,0.6034591241250813,-0.05008388191426807,-0.1886020350871931,-0.9469473375514361
9427,9,0.6049807071685791,-0.002429947489872575,0.6036179065704346,-0.006927431095391512,-0.004692789167165756,-1.0211865901947021,0.04652032256126404,-0.9793268442153931,0.12443443387746811,0.04354173690080643,0.01003506314009428,0.0199557114392519,0.774338960647583,0.994184136390686,0.846908688545227,0.6798501014709473,0.10212691873311996,0.049977634102106094,0.007908383384346962,0.008630412630736828,-6.568043231964111,4.713070392608643,0.012796283776510708,0.11274542216521835,0.6015731037742093,-0.059553355289783616,-0.2014991934301282,-0.9217848711986193
9428,9,0.6040592193603516,-0.01157553493976593,0.6032167077064514,-0.01575263775885105,-0.17816244065761566,-0.8325623869895935,-0.13088327646255493,-0.8070208430290222,0.13570652902126312,0.03912593051791191,0.010030808858573437,0.018717462196946144,0.7744022011756897,0.9973101019859314,0.8463477492332458,0.6778741478919983,0.10934220999479294,0.04383339732885361,0.007557345554232597,0.008538049645721912,-4.505705833435059,5.844855308532715,0.007590652860987063,0.13891457029999174,0.5993993183111418,-0.06846139646755374,-0.2177284127045204,-0.8901215254393259
9429,9,0.6018084287643433,-0.018706858158111572,0.601006031036377,-0.022794654592871666,-0.2812492251396179,-0.6275094747543335,-0.31689050793647766,-0.62802654504776,0.15612654387950897,0.03532877564430237,0.01002707052975893,0.021161213517189026,0.7740094065666199,0.9998858571052551,0.8454880714416504,0.6761332154273987,0.12391529977321625,0.03906240686774254,0.007328847888857126,0.009861292317509651,-2.1196484565734863,1.8140625953674316,-0.02152997476442277,0.16228668168239835,0.5972220341840964,-0.07736261172194707,-0.21772841270457324,-0.8901215254393259
9430,9,0.5986121296882629,-0.024706626310944557,0.5967309474945068,-0.028402578085660934,-0.3431794047355652,-0.5673165321350098,-0.5052032470703125,-0.49797481298446655,0.1721382439136505,0.03205806016921997,0.01002378761768341,0.05084628239274025,0.7738505601882935,1.0020694732666016,0.8443721532821655,0.6736266613006592,0.13952979445457458,0.03478941693902016,0.006892046425491571,0.024943625554442406,-5.920785903930664,3.6406850814819336,-0.056064489046149676,0.17739533754903536,0.5948635118543563,-0.08571217053969585,-0.23813839630184996,-0.8279972124860627
9431,9,0.594376802444458,-0.02995418570935726,0.591048538684845,-0.03289691358804703,-0.4866848886013031,-0.48889386653900146,-0.6033336520195007,-0.40635597705841064,0.18407151103019714,0.0292317196726799,0.010020903311669827,0.06767402589321136,0.7743463516235352,1.0039281845092773,0.8429180979728699,0.671715497970581,0.15404747426509857,0.03159675747156143,0.006583619397133589,0.033822257071733475,-6.236590385437012,2.402973175048828,-0.07103954871017794,0.18819209467861198,0.5924821278913375,-0.09399214266455751,-0.23813839630190284,-0.8279972124860561
9432,9,0.5888500809669495,-0.0346917100250721,0.5847512483596802,-0.036593131721019745,-0.5988512635231018,-0.4551801085472107,-0.6449941992759705,-0.33560892939567566,0.20537064969539642,0.02678351290524006,0.010018365457654,0.0853792130947113,0.774880051612854,1.0056610107421875,0.8414267897605896,0.6699004769325256,0.16920582950115204,0.02905554510653019,0.006745756138116121,0.04250913858413696,-1.001666784286499,0.027053356170654297,-0.08924093956287284,0.21315415160563053,0.5900085998470852,-0.10174083111555507,-0.24983198587912894,-0.7605743986916399
9433,9,0.5833509564399719,-0.03926480561494827,0.5784237384796143,-0.039552729576826096,-0.5252419114112854,-0.4709588885307312,-0.6281872391700745,-0.2795008718967438,0.22737249732017517,0.024659449234604836,0.010016137734055519,0.09845853596925735,0.7751660943031311,1.0074868202209473,0.8399887084960938,0.6681045889854431,0.1859089732170105,0.027129167690873146,0.0067417505197227,0.04852193966507912,-2.7991509437561035,-0.25119543075561523,-0.10152753990559177,0.2360091150617621,0.5875102799882941,-0.10934657510247109,-0.24983198587912894,-0.7605743986916399
9434,9,0.5780475735664368,-0.04435070604085922,0.5722359418869019,-0.042585283517837524,-0.5163604021072388,-0.526702344417572,-0.5934171080589294,-0.3338674008846283,0.22989292442798615,0.022818109020590782,0.010014182887971401,0.10425576567649841,0.776032030582428,1.0093786716461182,0.8386154174804688,0.6664506196975708,0.1955876648426056,0.02528129518032074,0.006829903926700354,0.05129972845315933,-4.1451215744018555,0.7363367080688477,-0.10576913587464647,0.23096116650457066,0.5849914773816899,-0.11645200517998827,-0.25280918143635733,-0.6878530840560572
9435,9,0.5729583501815796,-0.04961496964097023,0.5666253566741943,-0.04660400375723839,-0.49185678362846375,-0.5228666663169861,-0.5263856649398804,-0.4668424129486084,0.23367498815059662,0.02121375873684883,0.01001246552914381,0.10400012135505676,0.7773006558418274,1.0111808776855469,0.8373265266418457,0.6650573015213013,0.2007213532924652,0.023402711376547813,0.006852953694760799,0.05150362104177475,-6.034796237945557,3.406839370727539,-0.1025724749205144,0.2352678384673238,0.5824633855673259,-0.12333053602054936,-0.25280918143635733,-0.6878530840560638
9436,9,0.5680220723152161,-0.05449113994836807,0.5616472363471985,-0.05185139179229736,-0.49125051498413086,-0.4639759659767151,-0.4777384102344513,-0.5696397423744202,0.2359834611415863,0.019812453538179398,0.010010949335992336,0.10646658390760422,0.7787826061248779,1.0129508972167969,0.8359209299087524,0.6636117696762085,0.20582833886146545,0.022175144404172897,0.0066596586257219315,0.051930081099271774,-8.516530990600586,0.9983134269714355,-0.10706157383153385,0.23692226421900917,0.57996903955053,-0.12975031971785722,-0.24706998297358798,-0.6098332685793347
9437,9,0.5625420212745667,-0.059595730155706406,0.5566128492355347,-0.05815999582409859,-0.563260555267334,-0.5234407782554626,-0.5057613849639893,-0.6490964889526367,0.2401691973209381,0.018592845648527145,0.010009623132646084,0.11714315414428711,0.7805371880531311,1.0150455236434937,0.8341918587684631,0.6615922451019287,0.21333324909210205,0.021801544353365898,0.006160183344036341,0.05481996014714241,-12.8783597946167,-4.03369665145874,-0.11996665388847186,0.24195200534372624,0.5774983397207942,-0.13584865240365093,-0.24706998297353513,-0.6098332685793215
9438,9,0.5557158589363098,-0.066263847053051,0.550767719745636,-0.06531289964914322,-0.7350566387176514,-0.7469986081123352,-0.6183414459228516,-0.7262710928916931,0.2534412443637848,0.017527129501104355,0.010008455254137516,0.11663025617599487,0.7823401093482971,1.0176650285720825,0.8321520686149597,0.6593065857887268,0.2252584993839264,0.021582433953881264,0.005832539405673742,0.05323641374707222,-13.922985076904297,-4.947600364685059,-0.11386014368388502,0.2591644201212805,0.5750981814459677,-0.1415404017140188,-0.2326143904907152,-0.5265149522614327
9439,9,0.547812283039093,-0.07468260079622269,0.5440722107887268,-0.07276082783937454,-0.82534259557724,-0.9122331738471985,-0.7114188075065613,-0.7645471692085266,0.2810138463973999,0.016598602756857872,0.010007432661950588,0.11082913726568222,0.783707320690155,1.0207939147949219,0.8299241065979004,0.6567248106002808,0.24454966187477112,0.02143099717795849,0.005691372323781252,0.04917127639055252,-12.587587356567383,-6.718057632446289,-0.07913136853956605,0.2942749930776222,0.5727720375410604,-0.14680555123663355,-0.2326143904907152,-0.5265149522614327
9440,9,0.5394572615623474,-0.08470417559146881,0.5364249348640442,-0.08103935420513153,-0.8381422758102417,-1.0741608142852783,-0.8129214644432068,-0.9035413861274719,0.30680832266807556,0.015784356743097305,0.010006529279053211,0.10136386007070541,0.7848289012908936,1.0243687629699707,0.8276679515838623,0.6538254618644714,0.2662563920021057,0.021330485120415688,0.005727147217839956,0.0435170941054821,-12.25072956085205,-7.316625118255615,-0.04889221557353676,0.3196070299420239,0.5705357981603626,-0.15172687815333416,-0.2094424039877918,-0.43789813510239756
9441,9,0.5312060117721558,-0.0962078645825386,0.5278458595275879,-0.09123747050762177,-0.8076620101928711,-1.2102329730987549,-0.8876152038574219,-1.1239641904830933,0.3250125050544739,0.015072298236191273,0.010005737654864788,0.08844342082738876,0.7860663533210754,1.0282719135284424,0.8254700899124146,0.650692880153656,0.28567710518836975,0.0211318489164114,0.005744043737649918,0.036862462759017944,-14.21607494354248,-5.814793109893799,-0.014745916297638773,0.3346278591018716,0.5684413741204843,-0.1561058595043584,-0.2094424039877918,-0.43789813510238434
9442,9,0.5231698751449585,-0.10878115892410278,0.5188469290733337,-0.10359900444746017,-0.7955403327941895,-1.2950986623764038,-0.8967881798744202,-1.3233181238174438,0.33683863282203674,0.01865435391664505,0.01000504195690155,0.07704076170921326,0.7875630259513855,1.0316132307052612,0.823443591594696,0.6474512815475464,0.2994537949562073,0.024562718346714973,0.00603859219700098,0.03127380833029747,-12.94201374053955,-2.9492902755737305,0.019175122245154608,0.34325779563111125,0.5664387847860761,-0.16021437602066105,-0.17755402346492352,-0.3439828171021762
9443,9,0.51581209897995,-0.1214880645275116,0.5104055404663086,-0.11724235862493515,-0.7034004926681519,-1.2724553346633911,-0.809708297252655,-1.4070669412612915,0.3483157753944397,0.044677820056676865,0.010004431009292603,0.06753288954496384,0.7890295386314392,1.0318363904953003,0.8218461275100708,0.6442688703536987,0.3068012595176697,0.04769044741988182,0.006583619397133589,0.026960162445902824,-8.962774276733398,-0.29884815216064453,0.04907444707253486,0.3547906041945351,0.5646632445514272,-0.16365420419168297,-0.17755402346487065,-0.3439828171021894
9444,9,0.510073184967041,-0.13342760503292084,0.5033725500106812,-0.13111084699630737,-0.4972591996192932,-1.1521110534667969,-0.6288764476776123,-1.3883918523788452,0.35142770409584045,0.0605647936463356,0.010003892704844475,0.05954489856958389,0.7903367280960083,1.0325777530670166,0.8207094073295593,0.6414689421653748,0.3085431754589081,0.06404084712266922,0.007005379535257816,0.024132119491696358,-9.974525451660156,4.481642246246338,0.06367673374858082,0.35322980298243983,0.5629640364154687,-0.16690752230085934,-0.13694924892189891,-0.2447689982608348
9445,9,0.5059207677841187,-0.14357055723667145,0.49822038412094116,-0.14463819563388824,-0.3561447560787201,-0.9123818874359131,-0.42800071835517883,-1.3263424634933472,0.3470243215560913,0.06333602219820023,0.01000342145562172,0.0527789480984211,0.7916277647018433,1.0344704389572144,0.8198873400688171,0.6390931010246277,0.3057534098625183,0.0697188600897789,0.007385181728750467,0.02114177495241165,-9.251365661621094,-0.15378713607788086,0.06389024046968225,0.332077879251675,0.5615945439262496,-0.16935521228346784,-0.13694924892189891,-0.2447689982608348
9446,9,0.5028666853904724,-0.1526499092578888,0.4946480989456177,-0.15690191090106964,-0.2499174177646637,-0.891768217086792,-0.28748464584350586,-1.0933281183242798,0.3403911292552948,0.06051412969827652,0.01000300608575344,0.04702688753604889,0.7928155660629272,1.0370655059814453,0.8195459842681885,0.6369643211364746,0.29681840538978577,0.06796141713857651,0.007916463539004326,0.01890723407268524,-7.69439697265625,1.554720401763916,0.042942498847068314,0.31765030912287306,0.5602684481409015,-0.17171094397878797,-0.09162356755906952,-0.14872317780614422
9447,9,0.5015308856964111,-0.16076453030109406,0.4929988384246826,-0.16585369408130646,-0.054545946419239044,-0.7568348050117493,-0.07809298485517502,-0.7524634599685669,0.33295977115631104,0.059725817292928696,0.01000264286994934,0.042110931128263474,0.793707549571991,1.0395148992538452,0.8195403218269348,0.6350423693656921,0.28650063276290894,0.06635459512472153,0.008193504065275192,0.016699273139238358,-8.884116172790527,-1.3045144081115723,0.05479474673543472,0.3072023211948165,0.5593921673373128,-0.1731135107645712,-0.0876280803588766,-0.1402566785783073
9448,9,0.5013459920883179,-0.16829213500022888,0.4928155541419983,-0.17245110869407654,0.029556971043348312,-0.7220134139060974,0.04602193459868431,-0.5754895806312561,0.3212343454360962,0.05807293951511383,0.010002321563661098,0.03789449855685234,0.7943731546401978,1.0417033433914185,0.8198807835578918,0.6333588361740112,0.2735840678215027,0.0641225278377533,0.008599956519901752,0.015165552496910095,-7.68505334854126,-0.29915452003479004,0.04770381249403716,0.2799553382906943,0.5585158865337241,-0.17451607755035445,0.22139257817852107,-0.09165460465571888
9449,9,0.5024714469909668,-0.17474566400051117,0.4941195845603943,-0.17730765044689178,0.16718725860118866,-0.5892853736877441,0.1891765296459198,-0.4266287684440613,0.31244751811027527,0.05789388716220856,0.010002040304243565,0.034264903515577316,0.7947165966033936,1.0435054302215576,0.820483386516571,0.6319285035133362,0.26070690155029297,0.06298544257879257,0.008837689645588398,0.013687103986740112,-7.716721534729004,-2.1154940128326416,0.05676868488570065,0.2810108136161805,0.5645345636821298,-0.17483422086211478,0.6102506424417637,-0.030495883183302375
9450,9,0.5045443177223206,-0.18033155798912048,0.49648764729499817,-0.1811605840921402,0.24599270522594452,-0.5199524164199829,0.2821584641933441,-0.3461475968360901,0.3036729693412781,0.05669707432389259,0.010001790709793568,0.031139647588133812,0.794715940952301,1.0449450016021729,0.8212506771087646,0.6308834552764893,0.24947135150432587,0.060659702867269516,0.008923128247261047,0.012982103042304516,-10.00501537322998,2.7106094360351562,0.04914874887597753,0.2716836859883531,0.5706370701065473,-0.17513917969394777,0.6102506424417637,-0.030495883183302375
9451,9,0.5072026252746582,-0.18422701954841614,0.49978548288345337,-0.1841261088848114,0.27620962262153625,-0.28968343138694763,0.3546604514122009,-0.2697640359401703,0.2958758473396301,0.05598209798336029,0.010001572780311108,0.02843368984758854,0.7944658994674683,1.045708179473877,0.8220463395118713,0.6305669546127319,0.2406499832868576,0.05768671631813049,0.008918041363358498,0.012692475691437721,-10.54830551147461,5.625619888305664,0.05146779710945959,0.26710839300013234,0.5756219267503669,-0.1744246468818071,0.4843874781065452,0.08431328740960922
9452,9,0.510042130947113,-0.18546131253242493,0.5035198330879211,-0.18640269339084625,0.2788518965244293,-0.0023285485804080963,0.3708208501338959,-0.19573329389095306,0.2900899052619934,0.05199528858065605,0.010001379996538162,0.026092972606420517,0.7940666675567627,1.0459635257720947,0.8227566480636597,0.6309902667999268,0.23487046360969543,0.0529438778758049,0.00878787413239479,0.012438865378499031,-11.714505195617676,6.77093505859375,0.026617548332102094,0.2684122533733858,0.5804658015314329,-0.1735815140077109,0.4843874781065452,0.08431328740960922
9453,9,0.5125752687454224,-0.1841031312942505,0.5070745944976807,-0.1874782294034958,0.23239941895008087,0.24416673183441162,0.3353753685951233,0.0009818300604820251,0.2862187922000885,0.04635724425315857,0.010001211427152157,0.024081766605377197,0.7935837507247925,1.0458459854125977,0.8234548568725586,0.6320164799690247,0.2300165891647339,0.046685222536325455,0.008897694759070873,0.012215886265039444,-8.543858528137207,5.641539096832275,-0.010169354624214415,0.2715977836341775,0.5843531328578928,-0.17179431226209083,0.362996864393302,0.20412080807174518
9454,9,0.5151992440223694,-0.18065060675144196,0.5103236436843872,-0.18566086888313293,0.2734364867210388,0.42270421981811523,0.3071538805961609,0.33613109588623047,0.2853924334049225,0.04153047874569893,0.010001066140830517,0.042551178485155106,0.7929196953773499,1.0452040433883667,0.8241428732872009,0.6328778266906738,0.2272624671459198,0.040685780346393585,0.008808204904198647,0.021007273346185684,-9.913744926452637,6.1661553382873535,-0.04549059245909404,0.282267473616704,0.5879831015018252,-0.1697531041813735,0.36299686439324913,0.20412080807174518
9455,9,0.5177338123321533,-0.17559602856636047,0.513128399848938,-0.18074931204319,0.23978248238563538,0.5726336240768433,0.26129141449928284,0.6119593381881714,0.2838650345802307,0.037409842014312744,0.010000939480960369,0.06774095445871353,0.7922261357307434,1.0439581871032715,0.8246936798095703,0.633926510810852,0.2268160879611969,0.0356573686003685,0.008615183643996716,0.03346585854887962,-11.361330032348633,6.97481632232666,-0.0731006025819659,0.2780273246031887,0.5908086879159011,-0.16685324670172033,0.24607880130187548,0.32892667880310555
9456,9,0.5197669267654419,-0.16908173263072968,0.5154646635055542,-0.17353206872940063,0.17421689629554749,0.7224363088607788,0.20856595039367676,0.8185104131698608,0.28425002098083496,0.03385534882545471,0.010000824928283691,0.09304236620664597,0.7916000485420227,1.042226791381836,0.8251310586929321,0.6353201270103455,0.2271777093410492,0.03147616982460022,0.008572551421821117,0.04645293951034546,-9.560346603393555,5.379362106323242,-0.09887999504182166,0.28443857793190475,0.5932694759289201,-0.16356397991368885,0.24607880130187548,0.32892667880310555
9457,9,0.5214672684669495,-0.1613849401473999,0.5172923803329468,-0.1645093411207199,0.16397540271282196,0.8092619180679321,0.1600506603717804,0.9690064787864685,0.29170382022857666,0.030783075839281082,0.010000726208090782,0.11945949494838715,0.7908040285110474,1.0400798320770264,0.8255193829536438,0.6369960308074951,0.2300913780927658,0.027655497193336487,0.008473129011690617,0.06070670485496521,-10.494580268859863,8.108146667480469,-0.12608258454756738,0.2953124742135777,0.5950690978355871,-0.15951147989944855,0.1336332888324243,0.45873089960370345
9458,9,0.5229788422584534,-0.15249517560005188,0.5187476873397827,-0.15415146946907043,0.13530808687210083,0.9394920468330383,0.12752000987529755,1.078871250152588,0.29565301537513733,0.028128327801823616,0.010000639595091343,0.13949216902256012,0.7898805737495422,1.0374048948287964,0.8261145353317261,0.6392666101455688,0.23053821921348572,0.024154577404260635,0.00896892137825489,0.0731157511472702,-3.880934715270996,9.580097198486328,-0.14519617751834596,0.2976194438697595,0.5964054307239116,-0.15492417090341146,0.1336332888324243,0.45873089960370345
9459,9,0.52552729845047,-0.14197732508182526,0.5204746723175049,-0.1425134688615799,0.3081662356853485,1.105542778968811,0.1861712783575058,1.1960418224334717,0.29987436532974243,0.02582753635942936,0.01000056229531765,0.16422118246555328,0.7886574268341064,1.034427523612976,0.8270341753959656,0.6416650414466858,0.22926096618175507,0.021652119234204292,0.009367438964545727,0.08666720241308212,-1.2349915504455566,6.4063310623168945,-0.17196364454812593,0.3019999897967211,0.5972148685281453,-0.14967904155403067,0.025660326984948478,0.5935334704735258
9460,9,0.5292468070983887,-0.1309843212366104,0.5227323174476624,-0.13047507405281067,0.42759501934051514,1.0880483388900757,0.2796730399131775,1.2093628644943237,0.2941588759422302,0.02382935769855976,0.010000494308769703,0.19529683887958527,0.787310779094696,1.0313892364501953,0.828266441822052,0.6438551545143127,0.22465108335018158,0.01956671103835106,0.009672953747212887,0.10347627848386765,-1.9280421733856201,7.173471450805664,-0.2060716136308229,0.27292644509734965,0.5974714717979945,-0.14374370684929488,0.025660326984948478,0.5935334704735258
9461,9,0.5340436697006226,-0.12018775194883347,0.5263992547988892,-0.11850675940513611,0.5230459570884705,1.0675822496414185,0.4447888731956482,1.17503023147583,0.28460314869880676,0.0220913365483284,0.010000433772802353,0.20792454481124878,0.7860245704650879,1.0284323692321777,0.8295764923095703,0.6463061571121216,0.21864071488380432,0.018073994666337967,0.009621817618608475,0.1119709312915802,-6.027928352355957,7.348887920379639,-0.21260359714184093,0.24864477244291616,0.5973265059047701,-0.13726596136421812,-0.07784008424065775,0.7333343914125989
9462,9,0.5389854311943054,-0.10991735756397247,0.5312813520431519,-0.10741114616394043,0.4951496124267578,1.007369875907898,0.5328603982925415,1.0670676231384277,0.2721864879131317,0.02057957835495472,0.010000379756093025,0.21421262621879578,0.7849550843238831,1.0255459547042847,0.8308207392692566,0.6488901972770691,0.21163170039653778,0.01649024896323681,0.00948997400701046,0.1174774169921875,-8.8939208984375,9.958839416503906,-0.21665503181186846,0.22442669359867606,0.5965481050623632,-0.12993261745009166,-0.07784008424071062,0.7333343914125989
9463,9,0.5436290502548218,-0.09971899539232254,0.5367646217346191,-0.09719435125589371,0.44255945086479187,1.0228376388549805,0.5508496165275574,0.9840283989906311,0.26114150881767273,0.019261667504906654,0.010000334121286869,0.2139691710472107,0.7840793132781982,1.0224660634994507,0.8319841623306274,0.6518068909645081,0.2040432095527649,0.014674651436507702,0.009399084374308586,0.12083391845226288,-9.180553436279297,14.307847023010254,-0.21290856590821094,0.21773042563280037,0.5954845158766563,-0.12218226902876798,-0.1768679448443415,0.8781336624208899
9464,9,0.5479792952537537,-0.08870749920606613,0.5422942638397217,-0.08736265450716019,0.4074968695640564,1.1373374462127686,0.5273803472518921,0.9680086374282837,0.2516627311706543,0.018109992146492004,0.010000293143093586,0.21713025867938995,0.783246636390686,1.018946886062622,0.8331729173660278,0.6550554633140564,0.19571642577648163,0.012701877392828465,0.009534929879009724,0.12638206779956818,-5.671358108520508,17.48655128479004,-0.21833642018539895,0.21379608857264293,0.5937158364282126,-0.11340093240455851,-0.1768679448443415,0.8781336624208832
9465,9,0.5525150299072266,-0.07622785121202469,0.547585129737854,-0.07731007784605026,0.45292067527770996,1.2986986637115479,0.5017083287239075,1.0146616697311401,0.24296189844608307,0.017107874155044556,0.010000256821513176,0.2330213040113449,0.7822980880737305,1.0150765180587769,0.8344588279724121,0.6582747101783752,0.18725010752677917,0.011496134102344513,0.00975071545690298,0.13665567338466644,-1.7024850845336914,15.362281799316406,-0.23972111724613326,0.207337923805486,0.5917694043549984,-0.10433799424643149,-0.27142325482615565,1.0279312834984118
9466,9,0.5574555993080139,-0.06320864707231522,0.5524274706840515,-0.06641123443841934,0.516649067401886,1.2849026918411255,0.46741998195648193,1.1686732769012451,0.23205213248729706,0.016229670494794846,0.010000228881835938,0.2579396069049835,0.7812445163726807,1.0112099647521973,0.835858166217804,0.6611387729644775,0.17825675010681152,0.010718104429543018,0.009830567054450512,0.15152841806411743,-1.8369674682617188,15.123884201049805,-0.2686825867930518,0.18675522138295997,0.5890551718067372,-0.09405868141144665,-0.2714232548261028,1.0279312834984118
9467,9,0.5627565383911133,-0.050686731934547424,0.5571279525756836,-0.05389492213726044,0.5379883646965027,1.2218551635742188,0.479806125164032,1.3113908767700195,0.21876099705696106,0.01546127162873745,0.010000201873481274,0.26780176162719727,0.7803035378456116,1.0075725317001343,0.8371255397796631,0.6640264391899109,0.17026005685329437,0.010406219400465488,0.0095778563991189,0.15916450321674347,-5.354874134063721,14.363372802734375,-0.27222926029381356,0.16230395621012628,0.5862616772509911,-0.08364316671596325,-0.3542084475940293,1.1701872978806314
9468,9,0.5674445629119873,-0.03916718438267708,0.5617663264274597,-0.040652573108673096,0.43961280584335327,1.118820309638977,0.46805164217948914,1.347339391708374,0.20440734922885895,0.014789186418056488,0.010000178590416908,0.2671477198600769,0.7797175049781799,1.0042328834533691,0.8382022380828857,0.6669527888298035,0.16166472434997559,0.01014016568660736,0.009368459694087505,0.16072095930576324,-5.425319671630859,13.789124488830566,-0.26458399948110733,0.1416688647403761,0.5826466171091315,-0.07181589416951073,-0.36150601418594164,1.1827272546451713
9469,9,0.5714225172996521,-0.02847757376730442,0.5662777423858643,-0.027176285162568092,0.3666941523551941,1.0374304056167603,0.43321049213409424,1.3343714475631714,0.19269110262393951,0.014200957491993904,0.010000156238675117,0.2634578347206116,0.7792783975601196,1.0010149478912354,0.8392845988273621,0.6698963046073914,0.15168996155261993,0.009597279131412506,0.009502233006060123,0.1610202044248581,-1.2187111377716064,14.246635437011719,-0.2489297501464644,0.1400507691239869,0.5790315569672718,-0.05998862162305822,-0.3994142097182454,1.253484170939404
9470,9,0.575529932975769,-0.017951728776097298,0.5706611275672913,-0.01439829170703888,0.4146363437175751,1.0457558631896973,0.41850554943084717,1.1859084367752075,0.18222816288471222,0.013685374520719051,0.0100001385435462,0.2570560872554779,0.7786991596221924,0.997810959815979,0.8404256701469421,0.6729095578193665,0.14231006801128387,0.009157336317002773,0.009580923244357109,0.15932893753051758,0.3116941452026367,14.522789001464844,-0.23165054381497402,0.1341738641494566,0.5745706782465901,-0.046582600377504634,-0.447116222923858,1.3425215758611548
9471,9,0.5798559188842773,-0.007514321245253086,0.5747664570808411,-0.0036176180001348257,0.4346911609172821,1.0310158729553223,0.4006437063217163,0.9895051717758179,0.1695515364408493,0.01323424931615591,0.01000012457370758,0.2511569857597351,0.7780895829200745,0.9946197867393494,0.8416206240653992,0.6759101748466492,0.1325976550579071,0.008750270120799541,0.009654542431235313,0.1574605405330658,1.3417720794677734,15.584526062011719,-0.22740473403296302,0.10971677129522067,0.5700995160173519,-0.03315738461889377,-0.44711622292391084,1.3425215758611548
9472,9,0.584388017654419,0.00283749308437109,0.5788882970809937,0.00566316582262516,0.4567053020000458,1.0270812511444092,0.4176476299762726,0.8771372437477112,0.1555243283510208,0.012838713824748993,0.010000111535191536,0.24432793259620667,0.7776464819908142,0.9916166067123413,0.842678964138031,0.6787724494934082,0.12341399490833282,0.00882243737578392,0.009395000524818897,0.15330713987350464,-0.9847593307495117,13.171960830688477,-0.21650653095985423,0.08737430596908177,0.5649078611303084,-0.018268829734183978,-0.5282538810399047,1.5073142471463747
9473,9,0.5882861614227295,0.01231409702450037,0.5827653408050537,0.013706689700484276,0.35601750016212463,0.9044525623321533,0.38080036640167236,0.7707338333129883,0.140310600399971,0.012491843663156033,0.010000098496675491,0.23697103559970856,0.7776896357536316,0.9889577031135559,0.8433923125267029,0.6813469529151917,0.11474403738975525,0.008912954479455948,0.008893625810742378,0.14866438508033752,-5.080547332763672,13.113937377929688,-0.20659434501147425,0.06394765573889497,0.559625322319909,-0.0031956872627174025,-0.5282538810399047,1.5073142471463747
9474,9,0.5907207727432251,0.020706238225102425,0.5860634446144104,0.020962325856089592,0.17172329127788544,0.8021819591522217,0.2944337725639343,0.709764301776886,0.12713636457920074,0.012187641113996506,0.010000086389482021,0.22495919466018677,0.7783839702606201,0.9867990016937256,0.8435704112052917,0.6836152672767639,0.10764940828084946,0.00956558994948864,0.008154036477208138,0.13963669538497925,-6.906586647033691,8.296554565429688,-0.1744100430758403,0.05879028738607711,0.553738671671479,0.01316738312332144,-0.6049189885339232,1.671013178378492
9475,9,0.59100341796875,0.027266133576631546,0.5879440903663635,0.02756248228251934,-0.06393130123615265,0.5693808794021606,0.11681339889764786,0.6499525308609009,0.11787773668766022,0.011920582503080368,0.0100000761449337,0.2094084918498993,0.7796347737312317,0.9851275086402893,0.8432559370994568,0.6855800747871399,0.10197612643241882,0.009595234878361225,0.007669216487556696,0.13045555353164673,-7.901360988616943,11.21218204498291,-0.14225004589884646,0.06860619048790281,0.5476894817861404,0.029877514907105517,-0.6049189885339232,1.6710131783784947
9476,9,0.5893948078155518,0.032748665660619736,0.5883139371871948,0.034006424248218536,-0.25083306431770325,0.5221381783485413,-0.04751916229724884,0.618508517742157,0.11343003809452057,0.011686643585562706,0.010000068694353104,0.18676187098026276,0.781356692314148,0.9837945699691772,0.8422405123710632,0.6874786615371704,0.10091167688369751,0.009855146519839764,0.006794835906475782,0.1165953129529953,-11.1038818359375,9.195666313171387,-0.08472185417349515,0.08930016086052757,0.5411436157812993,0.047538699481011915,-0.6771115454060722,1.8092500090681671
9477,9,0.5850019454956055,0.03712239861488342,0.5862939357757568,0.03926964849233627,-0.5689784288406372,0.4005270302295685,-0.32961034774780273,0.46547847986221313,0.11226736009120941,0.01148144155740738,0.010000064969062805,0.1632363200187683,0.7837204337120056,0.982656717300415,0.8405354619026184,0.689311146736145,0.10281181335449219,0.009672953747212887,0.006035603582859039,0.10283362865447998,-12.708148002624512,10.983455657958984,-0.05175786232384128,0.10590996857126862,0.5343725003272385,0.06563119957169482,-0.6771115454060722,1.8092500090681671
9478,9,0.5779586434364319,0.04118270054459572,0.581163227558136,0.043326154351234436,-0.8220436573028564,0.4143213629722595,-0.6955819725990295,0.3534671664237976,0.13933904469013214,0.011301081627607346,0.010000059381127357,0.1376575529575348,0.7851420044898987,0.9815415143966675,0.8379810452461243,0.6912291646003723,0.12381432205438614,0.009527776390314102,0.004956159275025129,0.08765113353729248,-16.337854385375977,10.324296951293945,-0.003879521972804875,0.14692292105455468,0.5272031993709616,0.08435098077099266,-0.7448315516562987,1.9159326490930595
9479,9,0.5677846074104309,0.04515517130494118,0.5717812776565552,0.04619083181023598,-1.1563701629638672,0.4048241376876831,-1.1291333436965942,0.2547212839126587,0.1723502278327942,0.023609258234500885,0.010000054724514484,0.11728741973638535,0.7863500118255615,0.9785757660865784,0.8349881172180176,0.693195641040802,0.1519208699464798,0.019164161756634712,0.004884047899395227,0.07548752427101135,-7.838478088378906,9.150981903076172,0.025495929372577365,0.18290860321746832,0.5197548838543987,0.10351030726192463,-0.7448315516562987,1.9159326490930595
9480,9,0.5566068291664124,0.049848031252622604,0.5592736005783081,0.0491504967212677,-1.133441686630249,0.4890269339084625,-1.3837801218032837,0.3003329932689667,0.21924346685409546,0.05408230051398277,0.010000050999224186,0.10080475360155106,0.7869210243225098,0.9733449816703796,0.8320189118385315,0.6952425241470337,0.18627072870731354,0.04225914925336838,0.005005573388189077,0.06588658690452576,-5.901330947875977,11.40979290008545,0.059585081848437325,0.23677600653197403,0.5119979283516625,0.12303625156129333,-0.8080790072846027,1.9910610984531982
9481,9,0.5457972884178162,0.055580396205186844,0.5445692539215088,0.05283687263727188,-1.0508533716201782,0.6271529197692871,-1.5550113916397095,0.42649489641189575,0.23285789787769318,0.0748705342411995,0.010000050067901611,0.08729936182498932,0.788295328617096,0.9685792922973633,0.8292115330696106,0.6976175308227539,0.20991338789463043,0.05933813005685806,0.005154916550964117,0.05900987237691879,-5.619277000427246,14.437053680419922,0.07925214111489308,0.2384769176065224,0.5039171382788155,0.14294686254582897,-0.8080790072846027,1.9910610984531851
9482,9,0.5356112122535706,0.0630364790558815,0.5296580195426941,0.058344222605228424,-1.013048768043518,0.839895486831665,-1.3830640316009521,0.6638915538787842,0.23232336342334747,0.08682118356227875,0.010000045411288738,0.07607825100421906,0.7910298109054565,0.964335560798645,0.8263956904411316,0.700383722782135,0.2208707630634308,0.07004056125879288,0.005098522640764713,0.05270492658019066,-6.8419647216796875,11.008394241333008,0.08937678388318837,0.23008631296809534,0.49560830863459326,0.16302653641995504,-0.8668539122909842,2.034635357148537
9483,9,0.5250461101531982,0.07174839079380035,0.5171293616294861,0.06607247143983841,-1.0592225790023804,0.9308719635009766,-1.1379737854003906,0.8844980597496033,0.23119905591011047,0.08664995431900024,0.01000004168599844,0.0667204037308693,0.7945952415466309,0.9609229564666748,0.8235443234443665,0.7034441828727722,0.22470664978027344,0.0715680867433548,0.004988770466297865,0.047623202204704285,-9.823760986328125,10.036420822143555,0.08565266848412206,0.22647726765943227,0.4869397695116845,0.18337288999143933,-0.8668539122909842,2.034635357148537
9484,9,0.5140799283981323,0.08157585561275482,0.5063305497169495,0.07587668299674988,-1.098850965499878,1.0499231815338135,-1.0302014350891113,1.0750370025634766,0.23457929491996765,0.09590135514736176,0.01000003982335329,0.058838214725255966,0.7982471585273743,0.9567638635635376,0.8206713199615479,0.7069109082221985,0.228425532579422,0.07528848946094513,0.0049294824711978436,0.043519582599401474,-11.204155921936035,10.433996200561523,0.09798442273743715,0.23594507146209806,0.47811484613095284,0.2037538599150021,-0.9211562666754168,2.046655425179096
9485,9,0.5030182600021362,0.09297750890254974,0.49621620774269104,0.08757200837135315,-1.1071782112121582,1.2192243337631226,-1.001766562461853,1.2476526498794556,0.24148568511009216,0.10254644602537155,0.01000003982335329,0.05219392478466034,0.8016571402549744,0.952021062374115,0.8178247213363647,0.7108350992202759,0.23415248095989227,0.0785595178604126,0.004977899137884378,0.04028361290693283,-10.511847496032715,10.545034408569336,0.10425781006926835,0.24449503471466724,0.4689032834641985,0.22422041416679456,-0.9211562666754433,2.046655425179109
9486,9,0.4921859800815582,0.1062086895108223,0.4862861931324005,0.10098618268966675,-1.0636684894561768,1.415778398513794,-0.9903431534767151,1.423628568649292,0.24630984663963318,0.10215353965759277,0.010000037960708141,0.04652717709541321,0.804810643196106,0.9471413493156433,0.8153233528137207,0.7152860760688782,0.2365274578332901,0.0775388777256012,0.0056238239631056786,0.03754270821809769,-3.7742459774017334,8.678126335144043,0.09995245030488348,0.24838858067396563,0.45959804675193267,0.24465024661447587,-0.9709860704379535,2.0271213025449013
9487,9,0.4829235076904297,0.12133408337831497,0.47686246037483215,0.11630243062973022,-0.8404598236083984,1.579683542251587,-0.9101080894470215,1.6030142307281494,0.24571245908737183,0.09997877478599548,0.010000037960708141,0.04169514775276184,0.807695746421814,0.9420956969261169,0.8132390975952148,0.7200322151184082,0.2355431765317917,0.07517482340335846,0.0058912369422614574,0.03471915051341057,-4.716989994049072,7.374539375305176,0.0877236608292204,0.2432610049622852,0.4498881860475531,0.26492145963992625,-0.9709860704379535,2.0271213025449146
9488,9,0.4750469923019409,0.1374504119157791,0.4681980013847351,0.13277478516101837,-0.7279066443443298,1.6550918817520142,-0.8038709759712219,1.6972111463546753,0.238363578915596,0.09648041427135468,0.010000037960708141,0.037550490349531174,0.8105301260948181,0.9369461536407471,0.8115736246109009,0.7248797416687012,0.2289249747991562,0.07233446836471558,0.006429670378565788,0.032025888562202454,-1.3176989555358887,3.03647518157959,0.07661589718069123,0.20794940876409226,0.4401384164087285,0.2851477210864079,-1.0126689515059053,1.9801716321007252
9489,9,0.4687619209289551,0.1539241224527359,0.46102848649024963,0.1500934362411499,-0.5367816686630249,1.6503089666366577,-0.622573733329773,1.762256383895874,0.2281903475522995,0.09341657906770706,0.010000037029385567,0.03397228568792343,0.813098132610321,0.9316869974136353,0.8105554580688477,0.7297954559326172,0.21594315767288208,0.06903916597366333,0.007148936856538057,0.02992614544928074,1.1302757263183594,4.4004130363464355,0.07594180174688159,0.18559115599730824,0.4299749831729428,0.3049080509788684,-1.0163433235785675,1.9760329892459265
9490,9,0.4648352265357971,0.17087051272392273,0.4562499523162842,0.1680927723646164,-0.29343053698539734,1.7143018245697021,-0.3661366105079651,1.8086909055709839,0.21304327249526978,0.09240970760583878,0.010000035166740417,0.030880745500326157,0.8153494596481323,0.9261849522590637,0.8099654912948608,0.7347067594528198,0.2009282410144806,0.06734146922826767,0.007475767284631729,0.027785029262304306,-1.323533058166504,3.5542821884155273,0.08664736289356473,0.14818667849967693,0.4198115499371572,0.324668380871329,-1.0344470675152517,1.9394388932178879
9491,9,0.4623284637928009,0.18783040344715118,0.45349937677383423,0.18588058650493622,-0.19833318889141083,1.6979315280914307,-0.19300933182239532,1.766308069229126,0.19181904196739197,0.09123723208904266,0.010000034235417843,0.028211073949933052,0.8176944255828857,0.9205605983734131,0.8095347881317139,0.7396279573440552,0.1836831271648407,0.06573168188333511,0.0074687195010483265,0.02619027905166149,-5.52545166015625,5.520021915435791,0.0844981514224411,0.09729083824747406,0.4092441807515622,0.34361221275165504,-1.0572280260972593,1.8933904852821848
9492,9,0.46024349331855774,0.20503099262714386,0.4520788788795471,0.20327644050121307,-0.2021210640668869,1.7457654476165771,-0.10158282518386841,1.7255504131317139,0.16953490674495697,0.09379848837852478,0.010000032372772694,0.025897817686200142,0.8203572630882263,0.9145616292953491,0.8090808987617493,0.7445814609527588,0.16464707255363464,0.06640268117189407,0.0073821633122861385,0.024559341371059418,-6.002446174621582,3.615849018096924,0.09439603843651284,0.06562206973138188,0.398671900490591,0.3625461176044758,-1.0572280260972593,1.8933904852821584
9493,9,0.45801880955696106,0.2223563939332962,0.45106977224349976,0.2202959954738617,-0.23248067498207092,1.7333900928497314,-0.09918152540922165,1.6957093477249146,0.14872108399868011,0.09355568140745163,0.010000031441450119,0.023888111114501953,0.8232709169387817,0.90873122215271,0.8084747791290283,0.7493032217025757,0.1462980955839157,0.06747941672801971,0.0071318624541163445,0.022716524079442024,-6.475419998168945,-0.3989243507385254,0.09216817552942341,0.047119616191743374,0.38777628469460734,0.38046596952631806,-1.093640177994002,1.7791937906536368
9494,9,0.4551538825035095,0.23886752128601074,0.44964098930358887,0.2368949055671692,-0.3184633255004883,1.6027638912200928,-0.16934268176555634,1.645010232925415,0.1297438144683838,0.09753086417913437,0.01000002957880497,0.022142784669995308,0.8264020085334778,0.9030675292015076,0.8076878190040588,0.753630518913269,0.12890712916851044,0.07086262106895447,0.006909090094268322,0.020859668031334877,-5.457649230957031,-2.8084850311279297,0.09847558221521646,0.03262654325948559,0.37683988291466597,0.39825790743285777,-1.093640177994002,1.7791937906536368
9495,9,0.45164504647254944,0.25403738021850586,0.4475289285182953,0.2530082166194916,-0.3785831928253174,1.4541668891906738,-0.24609977006912231,1.5818259716033936,0.1135152280330658,0.11704768240451813,0.010000028647482395,0.020621826872229576,0.8296308517456055,0.8968188762664795,0.8066996335983276,0.7575033903121948,0.11366432160139084,0.08283573389053345,0.006648650858551264,0.019344039261341095,-5.5438232421875,-3.1369924545288086,0.12185481112201055,0.0270875893095522,0.3656518009132688,0.4149013458708976,-1.1255797792688487,1.6334429053603086
9496,9,0.4474026560783386,0.26786133646965027,0.44454333186149597,0.2682577669620514,-0.46465232968330383,1.3302855491638184,-0.344620943069458,1.4714746475219727,0.09901782870292664,0.1427195966243744,0.010000028647482395,0.019298138096928596,0.83303302526474,0.8903844356536865,0.805435299873352,0.760924220085144,0.10058342665433884,0.10062676668167114,0.006328798830509186,0.017864206805825233,-5.0669121742248535,-5.817842483520508,0.15001746956275774,0.018666665017783003,0.3543960031205816,0.4312357749245,-1.1255797792688487,1.633442905360335
9497,9,0.44216614961624146,0.28025367856025696,0.44034355878829956,0.2819168269634247,-0.5687735676765442,1.183145523071289,-0.47851088643074036,1.2754809856414795,0.08656605333089828,0.16704349219799042,0.010000028647482395,0.018144086003303528,0.8365551829338074,0.8843625783920288,0.8040279746055603,0.7639322876930237,0.08833765983581543,0.11956705898046494,0.0062848785892128944,0.016560964286327362,-1.2599992752075195,-8.91204833984375,0.17484399730440428,0.015083252316040574,0.3429512353187465,0.446396542484307,-1.1530468299217465,1.4628495935163963
9498,9,0.4365273416042328,0.29128021001815796,0.4349673390388489,0.29355326294898987,-0.5731818079948425,1.0384975671768188,-0.5953055024147034,1.0591825246810913,0.0763646811246872,0.19481077790260315,0.010000028647482395,0.01713791862130165,0.839961051940918,0.8787044286727905,0.8025266528129578,0.7666184306144714,0.07826341688632965,0.13945049047470093,0.006086417939513922,0.015607976354658604,-2.1745777130126953,-7.324838638305664,0.20500273610458444,0.015898606688851444,0.33142076701952894,0.4610250384194718,-1.1530468299217729,1.4628495935163697
9499,9,0.4305107891559601,0.3013153076171875,0.4285138249397278,0.30308225750923157,-0.6324539184570312,0.9730457067489624,-0.6875768303871155,0.8577969074249268,0.06695582717657089,0.22434906661510468,0.01000002771615982,0.016255469992756844,0.8433353900909424,0.873145341873169,0.800993025302887,0.7693158984184265,0.06886431574821472,0.15842440724372864,0.006104357074946165,0.015209099277853966,1.002345085144043,-4.234955310821533,0.23558893690822788,0.0021706674103779966,0.31975509382223116,0.4746622531557335,-1.1760413299527748,1.2942609115783388
9500,9,0.42450958490371704,0.31157049536705017,0.42166709899902344,0.3111594021320343,-0.6079111695289612,1.0430463552474976,-0.7030906081199646,0.744300127029419,0.05905936658382416,0.24579912424087524,0.01000002771615982,0.015485172159969807,0.8465932011604309,0.8678207397460938,0.7994066476821899,0.7720980644226074,0.06106686592102051,0.1745702028274536,0.005987796001136303,0.014686296693980694,1.8976378440856934,-4.528708457946777,0.2549475300990023,-0.002876559895468561,0.30799468052270357,0.4876048622715178,-1.1760413299527748,1.2942609115783388
9501,9,0.4183080792427063,0.3220415413379669,0.41457217931747437,0.318473756313324,-0.6391932368278503,1.0417604446411133,-0.7114296555519104,0.7557702660560608,0.0523681640625,0.25013482570648193,0.01941865310072899,0.014810527674853802,0.8496613502502441,0.8631545305252075,0.7973569631576538,0.7749996185302734,0.05376782640814781,0.18275073170661926,0.012873295694589615,0.01446626242250204,5.445501804351807,-2.7110958099365234,0.252025896802921,-0.020824474157136216,0.2961438823349199,0.4997673138261391,-1.1945632793618277,1.1343886236603054
9502,9,0.41244131326675415,0.3329223692417145,0.4079311490058899,0.32725387811660767,-0.577636182308197,1.100273847579956,-0.644737958908081,0.9660138487815857,0.04666519910097122,0.25545528531074524,0.028893524780869484,0.014218960888683796,0.8524869084358215,0.8588429093360901,0.7953071594238281,0.7779777646064758,0.048066385090351105,0.18705637753009796,0.019718607887625694,0.014106228947639465,5.5448317527771,-3.5110700130462646,0.2577458570997519,-0.03030261492154908,0.2841982495413002,0.5111112000627446,-1.1945632793618277,1.1343886236603318
9503,9,0.40656694769859314,0.3439173698425293,0.401653915643692,0.33770644664764404,-0.5948871374130249,1.1074193716049194,-0.6100679636001587,1.1045782566070557,0.0418059304356575,0.2548670172691345,0.05064268782734871,0.013702016323804855,0.855239748954773,0.8547491431236267,0.7926414012908936,0.7810871601104736,0.043374042958021164,0.1872769594192505,0.034591782838106155,0.01403137482702732,4.506783485412598,-1.7973613739013672,0.2525009549086417,-0.054607790824161576,0.27219810676800327,0.5218686195878885,-1.2086126781489581,0.983232729762349
9504,9,0.4003761410713196,0.35542401671409607,0.395710289478302,0.3493117690086365,-0.6468096375465393,1.1887503862380981,-0.5886258482933044,1.2043951749801636,0.03763377666473389,0.2544670104980469,0.0646366998553276,0.013248618692159653,0.8580831289291382,0.8505277037620544,0.7901734113693237,0.7846718430519104,0.03986390307545662,0.18220734596252441,0.04414018988609314,0.014480005949735641,2.505779266357422,4.211776256561279,0.2528594512393739,-0.06737276933933345,0.260111979986515,0.531700946885512,-1.2086126781489845,0.983232729762349
9505,9,0.3934919536113739,0.3687751889228821,0.38989153504371643,0.3622368574142456,-0.7423962354660034,1.4274988174438477,-0.6051437854766846,1.3569473028182983,0.034045495092868805,0.25163349509239197,0.0727744922041893,0.012851325795054436,0.8613221645355225,0.8459155559539795,0.7876731753349304,0.7885684370994568,0.0371817871928215,0.17725208401679993,0.04917255416512489,0.014309895224869251,4.095644950866699,-0.9406483173370361,0.24020472357330025,-0.07447775233319873,0.24799827303268154,0.5411230655333379,-1.2181895263142055,0.8407932298844696
9506,9,0.38537582755088806,0.3830331861972809,0.38311073184013367,0.37628528475761414,-0.8564375042915344,1.4501397609710693,-0.7287500500679016,1.4611544609069824,0.030948888510465622,0.24110504984855652,0.07369343191385269,0.012502889148890972,0.8649295568466187,0.8413479924201965,0.7852134704589844,0.7924867272377014,0.0347810797393322,0.17142248153686523,0.04928629472851753,0.014064053073525429,3.8045716285705566,-3.202540874481201,0.19812109525074242,-0.07388868976850861,0.23581637776953956,0.5495309978321831,-1.2181895263142055,0.8407932298844696
9507,9,0.3762112557888031,0.3974158763885498,0.3750871419906616,0.3911926746368408,-0.9531952738761902,1.4448384046554565,-0.8558000326156616,1.5202805995941162,0.02827472984790802,0.23046745359897614,0.07290931791067123,0.012197687290608883,0.8687122464179993,0.8369109034538269,0.7827232480049133,0.7964639663696289,0.03217502683401108,0.16344700753688812,0.04857034981250763,0.013961824588477612,5.997445583343506,-3.0089497566223145,0.18601514422934876,-0.06816824759271112,0.22362488704014505,0.557687546754851,-1.2232938238575042,0.7070701240266409
9508,9,0.3667426109313965,0.4120832681655884,0.3660310208797455,0.40668317675590515,-0.9554767608642578,1.4722222089767456,-0.9651814699172974,1.5562968254089355,0.025956278666853905,0.22003230452537537,0.0715184286236763,0.011929832398891449,0.8726015090942383,0.8324904441833496,0.7801072001457214,0.8004076480865479,0.030369998887181282,0.15566641092300415,0.04673196002840996,0.013741797767579556,3.357515335083008,-2.4547195434570312,0.17553321720681694,-0.06308770124773735,0.21139194880157008,0.5647582479951174,-1.223293823857491,0.707070124026588
9509,9,0.3565547466278076,0.42666956782341003,0.35555922985076904,0.4220179319381714,-1.0658725500106812,1.4542211294174194,-1.1055692434310913,1.5199164152145386,0.023937325924634933,0.20862853527069092,0.07160906493663788,0.011694124899804592,0.8767615556716919,0.8281522989273071,0.7772117257118225,0.8042486310005188,0.028657536953687668,0.14830312132835388,0.04595513641834259,0.01334047969430685,5.322601795196533,-4.621639251708984,0.15920499750747114,-0.07162685980927058,0.1991584547015898,0.5717189583447878,-1.2238743932254685,0.5921901535381006
9510,9,0.3456231355667114,0.4408555328845978,0.34396907687187195,0.43698906898498535,-1.114500641822815,1.3909798860549927,-1.1960830688476562,1.478213906288147,0.02218693122267723,0.1974068582057953,0.07033093273639679,0.0114878099411726,0.8812298774719238,0.824082612991333,0.7740357518196106,0.807783842086792,0.027735726907849312,0.14220592379570007,0.043844614177942276,0.012897351756691933,1.1751341819763184,-5.534934997558594,0.14739122886236838,-0.06256298519838721,0.18691919899380105,0.5775395924666759,-1.2239255707788805,0.582063412188757
9511,9,0.33336496353149414,0.45397278666496277,0.33136093616485596,0.451029896736145,-1.298593282699585,1.2649149894714355,-1.2890455722808838,1.3601458072662354,0.020662011578679085,0.1876046061515808,0.06905819475650787,0.01130660716444254,0.8862311840057373,0.8202877640724182,0.7704320549964905,0.8111386895179749,0.026970434933900833,0.13559240102767944,0.041674964129924774,0.012696653604507446,-0.0512087345123291,-2.9917478561401367,0.14299684736221224,-0.061302924565566186,0.1746799432860123,0.5833602265885639,-1.2221639080016642,0.530570066110839
9512,9,0.3195670545101166,0.4665393531322479,0.3181956708431244,0.464188814163208,-1.4503151178359985,1.2406474351882935,-1.3500946760177612,1.270365834236145,0.019332103431224823,0.18051397800445557,0.06456337124109268,0.011147450655698776,0.891752302646637,0.8165534734725952,0.7665008902549744,0.814335823059082,0.026346031576395035,0.13025344908237457,0.03780506178736687,0.012344005517661572,0.032753944396972656,-3.783726692199707,0.14769665658381131,-0.03699028170898688,0.16247999430558596,0.5880319263392191,-1.2199471087084592,0.46577309437097664
9513,9,0.3042409420013428,0.4785159230232239,0.30407580733299255,0.4762669801712036,-1.5975302457809448,1.1602818965911865,-1.4652868509292603,1.1562626361846924,0.018173184245824814,0.17307619750499725,0.05763661488890648,0.011007880792021751,0.8974772095680237,0.8129186034202576,0.7625280022621155,0.8174445629119873,0.02500004693865776,0.1248137429356575,0.033522654324769974,0.012254413217306137,4.448833465576172,-2.0809781551361084,0.13804212476214478,-0.014420861195768131,0.15028052321850285,0.5926896572829286,-1.2199471087084592,0.46577309437097664
9514,9,0.2887054979801178,0.49028441309928894,0.2890543043613434,0.48772895336151123,-1.549025297164917,1.1559216976165771,-1.5681397914886475,1.1075514554977417,0.017253732308745384,0.16663934290409088,0.05115339532494545,0.010885227471590042,0.9031959772109985,0.8094268441200256,0.7584747672080994,0.8203009366989136,0.024252306669950485,0.12112955749034882,0.028797026723623276,0.011822852306067944,2.713780403137207,-3.1175696849823,0.1359063150477542,0.010755428013516116,0.13816220805793425,0.5963921447051074,-1.2108078041667532,0.35819917057324685
9515,9,0.2727614939212799,0.5010748505592346,0.27237263321876526,0.49812883138656616,-1.6132407188415527,1.0292059183120728,-1.7304056882858276,1.0005145072937012,0.01635834202170372,0.1590912640094757,0.045644909143447876,0.010777712799608707,0.9088084697723389,0.8062911033630371,0.7544766068458557,0.8228949904441833,0.022817881777882576,0.11744001507759094,0.025543751195073128,0.011429843492805958,8.04119873046875,-4.72367525100708,0.1223811426195118,0.007081390320949593,0.12605413001626672,0.59997413641084,-1.2108078041667598,0.35819917057324685
9516,9,0.25744277238845825,0.5108709335327148,0.2550213634967804,0.5079771876335144,-1.4900643825531006,0.9184584617614746,-1.7368375062942505,0.9492132067680359,0.020801613107323647,0.1537417769432068,0.040921423584222794,0.010683078318834305,0.9132670760154724,0.803507924079895,0.750677227973938,0.8251570463180542,0.02652697078883648,0.11466173827648163,0.02258296310901642,0.01103273592889309,8.701300621032715,-3.971736431121826,0.12744769292897085,0.021439058475586997,0.11405982014674518,0.6027771426567027,-1.1963699987838148,0.25934164079556765
9517,9,0.2430092841386795,0.5194708704948425,0.2383163720369339,0.5169870853424072,-1.4107016324996948,0.807620644569397,-1.5959948301315308,0.8516448140144348,0.019455036148428917,0.15002791583538055,0.03687450662255287,0.010600078850984573,0.9181894659996033,0.8009830713272095,0.7469926476478577,0.8271762728691101,0.025685327127575874,0.1124756783246994,0.02001955173909664,0.01077994517982006,7.246732711791992,-1.8933391571044922,0.1315444707911502,0.0065657180776935165,0.10209612015890618,0.6053705590646583,-1.1963699987838148,0.25934164079551475
9518,9,0.22908052802085876,0.5272058248519897,0.22337976098060608,0.5248826146125793,-1.3752436637878418,0.7390778660774231,-1.4099665880203247,0.7322260141372681,0.018280521035194397,0.14780694246292114,0.03339138627052307,0.010527192614972591,0.9230915307998657,0.7986668348312378,0.743394672870636,0.8289024829864502,0.02421298436820507,0.11190368980169296,0.01781882531940937,0.010319877415895462,7.606658935546875,-4.3154215812683105,0.1366742407849504,-0.0031823726852805434,0.09026820358716096,0.607343815286365,-1.1766336925598029,0.16920050503783327
9519,9,0.21554455161094666,0.5337657928466797,0.209915891289711,0.5314552783966064,-1.3214223384857178,0.593903660774231,-1.2882130146026611,0.6019567251205444,0.017254941165447235,0.1459348052740097,0.03038480505347252,0.010463173501193523,0.9275175333023071,0.796639621257782,0.7401741147041321,0.8304284811019897,0.022125208750367165,0.11120480298995972,0.016582399606704712,0.01011656317859888,11.349196434020996,-2.460876703262329,0.1365063588549053,-0.0071878028348036915,0.07850186666156073,0.6090358203367441,-1.1766336925598029,0.16920050503783327
9520,9,0.2036575973033905,0.5396517515182495,0.1980924755334854,0.537241518497467,-1.1115822792053223,0.5470049977302551,-1.1201741695404053,0.5263320207595825,0.01635843515396118,0.1483778953552246,0.028343047946691513,0.010406921617686749,0.9312387704849243,0.7946251034736633,0.7374433875083923,0.8317623138427734,0.020267289131879807,0.11257030069828033,0.01584353670477867,0.009905342012643814,12.239206314086914,-1.8926465511322021,0.1491186936572222,-0.014400555749106952,0.0668827313943225,0.6102490576864553,-1.1515988854946242,0.08777576330025526
9521,9,0.193647563457489,0.5448432564735413,0.1878177523612976,0.5420545935630798,-0.9169822335243225,0.48363861441612244,-0.9513640403747559,0.43700769543647766,0.015574037097394466,0.14824296534061432,0.04524605721235275,0.010357481427490711,0.9343205690383911,0.7929025292396545,0.7343504428863525,0.8328340649604797,0.018646378070116043,0.11453428119421005,0.026195960119366646,0.009510406292974949,11.762571334838867,-2.7169454097747803,0.14756659231270844,-0.04810045083122841,0.055366742539375416,0.611126815319458,-1.151598885494631,0.08777576330025526
9522,9,0.18513533473014832,0.5489856004714966,0.17908728122711182,0.5458152890205383,-0.7891223430633545,0.3661971688270569,-0.7967243790626526,0.3358592689037323,0.014887599274516106,0.14888033270835876,0.07680315524339676,0.010314041748642921,0.9371857643127441,0.7916523218154907,0.7307388186454773,0.8335027694702148,0.018267808482050896,0.11750994622707367,0.04381594806909561,0.009054440073668957,4.149186611175537,-3.186173439025879,0.1490705693285133,-0.08299929764106448,0.04399877658337197,0.6116497649493343,-1.121265577588303,0.015067415582674975
9523,9,0.17630761861801147,0.551540732383728,0.17119437456130981,0.5482164025306702,-0.9139283299446106,0.20228718221187592,-0.7579269409179688,0.19706514477729797,0.014287369325757027,0.15731936693191528,0.10412400215864182,0.010275923646986485,0.9400804042816162,0.7904227375984192,0.7273224592208862,0.8339608907699585,0.017393743619322777,0.12301409244537354,0.06004555523395538,0.008794989436864853,8.637960433959961,-3.6872923374176025,0.1599597432552897,-0.11062611958575205,0.032786120807486836,0.6118004391051612,-1.121265577588303,0.015067415582674975
9524,9,0.16773642599582672,0.5533304810523987,0.16410890221595764,0.5500652194023132,-0.8335044384002686,0.1428438127040863,-0.6907253861427307,0.15559914708137512,0.0137608852237463,0.1748470813035965,0.1034187600016594,0.010242386721074581,0.9427576065063477,0.7887597680091858,0.7250375151634216,0.8343291878700256,0.016639215871691704,0.13319441676139832,0.061411403119564056,0.008813287131488323,9.914131164550781,-0.510704517364502,0.1804440055431799,-0.09949052473433992,0.02171171216944745,0.6117028321673629,-1.0856337688408215,-0.04892453811485471
9525,9,0.15999701619148254,0.5550321936607361,0.1575109362602234,0.5514717102050781,-0.7466220855712891,0.17006255686283112,-0.6562644839286804,0.10955102741718292,0.013300270773470402,0.18311062455177307,0.11600980907678604,0.010212968103587627,0.9454136490821838,0.7873041033744812,0.722510576248169,0.8346145153045654,0.016294347122311592,0.14213475584983826,0.06722565740346909,0.008695406839251518,6.904349327087402,-1.097414493560791,0.18596018498438657,-0.11926201962873531,0.010855374481038486,0.6112135867862145,-1.0856337688408224,-0.048924538114801845
9526,9,0.1521276980638504,0.5563941597938538,0.15059933066368103,0.5521135330200195,-0.8035367131233215,0.12494003772735596,-0.7063664793968201,0.046848610043525696,0.012896455824375153,0.1822568029165268,0.1359585076570511,0.010187115520238876,0.9481427669525146,0.7865595817565918,0.7196285128593445,0.8348037004470825,0.01595664955675602,0.14603346586227417,0.07740279287099838,0.008519786410033703,7.371938228607178,-3.247019052505493,0.17828774265271774,-0.1414900816715644,0.00011691116769110225,0.6105651544329017,-1.0447034592521818,-0.10420009779233382
9527,9,0.14390277862548828,0.5572139024734497,0.14324848353862762,0.5524486899375916,-0.8343071937561035,0.057426564395427704,-0.7557008862495422,0.031367748975753784,0.012542224489152431,0.18208932876586914,0.1401570588350296,0.010164392180740833,0.9510630965232849,0.7864028215408325,0.7169972062110901,0.8346123099327087,0.01597052812576294,0.1501886248588562,0.07943382859230042,0.007874046452343464,7.168102264404297,-9.37181282043457,0.1813107661741792,-0.14135747689831674,-0.010330123424832676,0.6095231534549782,-1.0447034592521822,-0.10420009779233382
9528,9,0.13501349091529846,0.5563346147537231,0.13501766324043274,0.5521475672721863,-0.9044574499130249,-0.16811618208885193,-0.8522700071334839,-0.06063558906316757,0.012232602573931217,0.18681468069553375,0.14331118762493134,0.010144490748643875,0.9541825652122498,0.7866564989089966,0.7143276333808899,0.834032416343689,0.01590755209326744,0.1560250073671341,0.08013148605823517,0.007521082181483507,5.394566059112549,-8.26108169555664,0.18856284306874047,-0.14430418653116706,-0.020690253406756197,0.6083936268383116,-0.9984746488223865,-0.15075926344976232
9529,9,0.12563952803611755,0.554065465927124,0.1261511594057083,0.5510053634643555,-0.9644818902015686,-0.2794291377067566,-0.9202790260314941,-0.17107383906841278,0.011959795840084553,0.2127980887889862,0.14264775812625885,0.010126927867531776,0.9573351740837097,0.7863215208053589,0.7117400169372559,0.8332182168960571,0.015444045886397362,0.17091785371303558,0.07987706363201141,0.007248411420732737,8.82316780090332,-8.105897903442383,0.22214867360084142,-0.1392863354799038,-0.030674999894980744,0.6068860342038136,-0.9984746488223865,-0.1507592634498152
9530,9,0.11643178761005402,0.5510485768318176,0.11677484214305878,0.5488088726997375,-0.906609833240509,-0.33386582136154175,-0.9713860750198364,-0.2794373333454132,0.011720884591341019,0.23313136398792267,0.14134934544563293,0.01011152844876051,0.9602437615394592,0.7857910990715027,0.7093873023986816,0.8324131369590759,0.014864251017570496,0.1866384893655777,0.07941796630620956,0.007489863317459822,9.948633193969727,-3.594604730606079,0.24132772871198072,-0.13473863969730357,-0.04061440853875365,0.605345144475953,-0.9511215434480318,-0.1855364080125649
9531,9,0.10798439383506775,0.5484025478363037,0.10710540413856506,0.5456878542900085,-0.8226869106292725,-0.23366311192512512,-0.9811307787895203,-0.36006709933280945,0.011511138640344143,0.24696247279644012,0.14591839909553528,0.010097990743815899,0.9630143642425537,0.7853688597679138,0.706987202167511,0.8317862153053284,0.014600572176277637,0.19864922761917114,0.08088596910238266,0.007673250045627356,9.273481369018555,-3.265383243560791,0.25280317969493254,-0.1472732275308544,-0.05008388191426976,0.603459124125081,-0.9469473375514328,-0.1886020350871931
9532,9,0.09971115738153458,0.5463581085205078,0.09736602008342743,0.5418686270713806,-0.8322315216064453,-0.1788889616727829,-0.9513671398162842,-0.37588679790496826,0.011327048763632774,0.2456623762845993,0.1606854945421219,0.01008609589189291,0.9659152626991272,0.785492479801178,0.7041559219360352,0.8311827778816223,0.01473923772573471,0.20509688556194305,0.08642025291919708,0.007589587010443211,7.093329429626465,-5.953383445739746,0.240356201687513,-0.1652565801060897,-0.059553355289782485,0.6015731037742095,-0.9217848711986492,-0.2014991934301282
9533,9,0.09068533033132553,0.544181764125824,0.08796542137861252,0.538269579410553,-0.9372281432151794,-0.2228078842163086,-0.9084747433662415,-0.3168608546257019,0.011165503412485123,0.24316751956939697,0.1665567010641098,0.010075649246573448,0.9689301252365112,0.7861085534095764,0.7013787627220154,0.8306550979614258,0.014572007581591606,0.2059278041124344,0.08946000039577484,0.007697450928390026,9.485230445861816,-5.723617076873779,0.2329422110509312,-0.16845794898497057,-0.06846139646755321,0.599399318311142,-0.8901215254393259,-0.2177284127045204
9534,9,0.08147604018449783,0.5422046184539795,0.07935762405395508,0.5357848405838013,-0.9161308407783508,-0.18536873161792755,-0.8379121422767639,-0.20556871592998505,0.011023417115211487,0.24266144633293152,0.1647084504365921,0.010066453367471695,0.9718635678291321,0.7867807149887085,0.6989083886146545,0.8302562832832336,0.014252884313464165,0.20454895496368408,0.08891544491052628,0.007841737940907478,10.933060646057129,-4.860085487365723,0.24058897536890186,-0.1558201909930955,-0.07736261172194707,0.5972220341840964,-0.8901215254393259,-0.21772841270457324
9535,9,0.07266770303249359,0.5406914353370667,0.0712190568447113,0.534203052520752,-0.8617091178894043,-0.13432520627975464,-0.8080460429191589,-0.13261501491069794,0.010899045504629612,0.24121826887130737,0.1640072762966156,0.010058398358523846,0.9747495651245117,0.7873586416244507,0.6965105533599854,0.8299657702445984,0.01417901087552309,0.20269891619682312,0.08752647787332535,0.007999314926564693,8.603593826293945,-3.7664425373077393,0.2352635270313606,-0.16060908791494805,-0.08571217053969685,0.594863511854356,-0.8279972124860627,-0.23813839630184996
9536,9,0.06387931853532791,0.539577066898346,0.06303234398365021,0.5330532193183899,-0.8832650780677795,-0.08663462847471237,-0.8223243951797485,-0.09252625703811646,0.010789640247821808,0.23842781782150269,0.1693355143070221,0.010051308199763298,0.9776064157485962,0.7878196239471436,0.6939689517021179,0.8299097418785095,0.013976575806736946,0.1986767053604126,0.08925549685955048,0.008264369331300259,8.6689453125,-1.9882762432098389,0.22690641038950887,-0.1710488132079428,-0.09399214266455702,0.5924821278913376,-0.8279972124860627,-0.23813839630184996
9537,9,0.055176470428705215,0.5393546223640442,0.054849352687597275,0.5326122045516968,-0.8676616549491882,0.018828459084033966,-0.8257502913475037,-0.008678607642650604,0.010693749412894249,0.23448605835437775,0.16928596794605255,0.010045087896287441,0.9805880188941956,0.7880962491035461,0.6914125084877014,0.8300499320030212,0.01430567167699337,0.19373615086078644,0.08761996030807495,0.008490370586514473,4.545958042144775,-1.008068323135376,0.21804313516666413,-0.16904843008186796,-0.10174083111555463,0.5900085998470853,-0.7605743986916399,-0.24983198587912894
9538,9,0.045788273215293884,0.5398700833320618,0.04622665420174599,0.5328060984611511,-0.9830576777458191,0.09198319911956787,-0.8820152878761292,0.06127080321311951,0.010609377175569534,0.22759290039539337,0.17169895768165588,0.010039611719548702,0.9838217496871948,0.7882248163223267,0.6885960102081299,0.8304556608200073,0.01439122948795557,0.18656568229198456,0.08727584779262543,0.008794989436864853,5.284509658813477,-0.5830085277557373,0.19863503453635775,-0.17248519622086855,-0.10934657510247155,0.5875102799882939,-0.7605743986916399,-0.24983198587907607
9539,9,0.03575566038489342,0.5413760542869568,0.03713367506861687,0.534061074256897,-1.0226144790649414,0.19259490072727203,-0.9451355338096619,0.17508459091186523,0.010535416193306446,0.21905435621738434,0.1686149686574936,0.010034812614321709,0.9872445464134216,0.7882058024406433,0.6857203245162964,0.8310454487800598,0.01461855974048376,0.17849600315093994,0.08438164740800858,0.008963831700384617,3.9285802841186523,-0.7923591136932373,0.18249572426277666,-0.15385506409749114,-0.11645200517998869,0.5849914773816897,-0.6878530840560638,-0.25280918143635733
9540,9,0.02504139579832554,0.5435497164726257,0.027010217308998108,0.5361932516098022,-1.1025797128677368,0.24564878642559052,-1.0664726495742798,0.25271034240722656,0.010470441542565823,0.20807960629463196,0.1645248383283615,0.01003059558570385,0.9908636808395386,0.7880473136901855,0.6827158331871033,0.8319361805915833,0.014795375056564808,0.16777631640434265,0.08088162541389465,0.00940623041242361,2.7222037315368652,3.0368709564208984,0.1601575901087114,-0.14479510384805142,-0.12333053602054894,0.5824633855673261,-0.6878530840560572,-0.25280918143635733
9541,9,0.013730784878134727,0.5469430685043335,0.015905609354376793,0.5394003391265869,-1.1662912368774414,0.3983796536922455,-1.1623053550720215,0.37110891938209534,0.010413347743451595,0.1962842345237732,0.1581922024488449,0.010026885196566582,0.9948491454124451,0.7877228260040283,0.6794453859329224,0.8328760266304016,0.015254786238074303,0.15839193761348724,0.07551028579473495,0.00922359712421894,1.6299128532409668,-2.5415635108947754,0.14359187731059225,-0.12730719130943505,-0.1297503197178565,0.5799690395505304,-0.6098332685793347,-0.24706998297353513
9542,9,0.001125173643231392,0.5503091216087341,0.0032724307384341955,0.5430753827095032,-1.30702543258667,0.32345420122146606,-1.3177894353866577,0.3876008987426758,0.010363168083131313,0.18077771365642548,0.15014882385730743,0.010023624636232853,0.9989422559738159,0.7875909209251404,0.6760864853858948,0.8338226079940796,0.01507000532001257,0.14743560552597046,0.07115073502063751,0.009272548370063305,5.157914161682129,-2.1548914909362793,0.10956524892203609,-0.1103174949848208,-0.1358486524036502,0.5774983397207946,-0.6098332685793347,-0.24706998297358798
9543,9,-0.011563796550035477,0.5537595748901367,-0.01005591917783022,0.547288179397583,-1.2592920064926147,0.34186750650405884,-1.3613972663879395,0.424501895904541,0.010319088585674763,0.16839182376861572,0.1382928192615509,0.010020758956670761,1.0030821561813354,0.7875115871429443,0.6727834939956665,0.8347131609916687,0.0152781642973423,0.13708212971687317,0.06426281481981277,0.009189954027533531,2.2342371940612793,-1.1864209175109863,0.10976742523094266,-0.078232953286512,-0.1415404017140188,0.5750981814459677,-0.5265149522614327,-0.2326143904907152
9544,9,-0.024644410237669945,0.5569990873336792,-0.024062886834144592,0.5512651801109314,-1.3373863697052002,0.31096190214157104,-1.4203972816467285,0.37819820642471313,0.010280309244990349,0.15599046647548676,0.1277790665626526,0.010018237866461277,1.0073479413986206,0.7874499559402466,0.6693302989006042,0.835574209690094,0.01535470224916935,0.12720294296741486,0.05812739208340645,0.009177721105515957,2.580709457397461,-0.5833268165588379,0.09583248431895208,-0.0732501609530494,-0.14680555123663416,0.5727720375410602,-0.5265149522614327,-0.2326143904907152
9545,9,-0.038119155913591385,0.5601212978363037,-0.038254741579294205,0.5549339056015015,-1.359270691871643,0.3043634295463562,-1.4179658889770508,0.35183313488960266,0.01024622656404972,0.14491288363933563,0.1151290088891983,0.010016022250056267,1.011637568473816,0.7873401045799255,0.6658695936203003,0.8364766240119934,0.015453621745109558,0.11737332493066788,0.05147393047809601,0.009279688820242882,2.1423816680908203,2.040112018585205,0.08978755554137896,-0.047759082287605364,-0.1517268781533339,0.5705357981603627,-0.43789813510238434,-0.20944240398784464
9546,9,-0.05176056548953056,0.5634697079658508,-0.052223384380340576,0.5584062933921814,-1.375458836555481,0.34076663851737976,-1.3864413499832153,0.33577367663383484,0.010216341353952885,0.13438546657562256,0.10185077786445618,0.010014078579843044,1.015781283378601,0.7871073484420776,0.6625455617904663,0.8373836874961853,0.015089110471308231,0.10867390781641006,0.045478593558073044,0.009203205816447735,6.984925270080566,0.03232002258300781,0.08051045887133929,-0.028644639384659776,-0.15610585950435812,0.5684413741204845,-0.43789813510239756,-0.20944240398784464
9547,9,-0.06475385278463364,0.5667762756347656,-0.0657244473695755,0.5618072748184204,-1.2441127300262451,0.3099919855594635,-1.3280446529388428,0.33170345425605774,0.010190075263381004,0.12318189442157745,0.08813956379890442,0.010012369602918625,1.0195473432540894,0.7870193719863892,0.659570038318634,0.838138997554779,0.014779484830796719,0.10079086571931839,0.03924999013543129,0.009018801152706146,6.745729446411133,0.20135879516601562,0.06440736013417935,-0.009319707773434133,-0.16021437602066105,0.5664387847860761,-0.3439828171021762,-0.17755402346492352
9548,9,-0.07666534185409546,0.5695176124572754,-0.07863941043615341,0.5648524761199951,-1.141634225845337,0.24432314932346344,-1.2476531267166138,0.2793470621109009,0.010167064145207405,0.11313606798648834,0.07710614055395126,0.010010870173573494,1.022950530052185,0.7871219515800476,0.6568478345870972,0.8387564420700073,0.014509608969092369,0.09319222718477249,0.03412589430809021,0.008886504918336868,6.656851768493652,0.7893490791320801,0.05881708164907222,-0.011892712532799582,-0.16365420419168358,0.564663244551427,-0.3439828171021894,-0.17755402346487065
9549,9,-0.08749253302812576,0.5717217922210693,-0.09036067128181458,0.5673916935920715,-1.026843547821045,0.19460102915763855,-1.0951586961746216,0.22585134208202362,0.010146786458790302,0.10491432249546051,0.06783074885606766,0.010009554214775562,1.025879979133606,0.7872832417488098,0.6544950008392334,0.8392682075500488,0.013962878845632076,0.08649565279483795,0.030290907248854637,0.008767547085881233,8.883678436279297,1.2736964225769043,0.059655245646699835,-0.011752989848298895,-0.16690752230085934,0.5629640364154687,-0.2447689982608348,-0.13694924892189891
9550,9,-0.09670426696538925,0.5735272765159607,-0.1002160832285881,0.569442629814148,-0.8398319482803345,0.15745051205158234,-0.8960492610931396,0.17769405245780945,0.010129015892744064,0.09810563921928406,0.0603412389755249,0.01000839751213789,1.0283123254776,0.7874970436096191,0.652548611164093,0.8396117687225342,0.013548357412219048,0.08135908842086792,0.0271131731569767,0.008562403731048107,8.168869018554688,1.240220069885254,0.05976367419965124,-0.013849842754205893,-0.16935521228346784,0.5615945439262496,-0.2447689982608348,-0.13694924892189891
9551,9,-0.10439389199018478,0.5746878981590271,-0.10824857652187347,0.5707778334617615,-0.6938836574554443,0.08195845782756805,-0.7088709473609924,0.09728479385375977,0.010113377124071121,0.09224914014339447,0.056140076369047165,0.01000737864524126,1.0302293300628662,0.7878150343894958,0.650971531867981,0.8398481607437134,0.01300931815057993,0.0766947865486145,0.025560734793543816,0.008503557182848454,8.124654769897461,3.258819580078125,0.058807915037579706,-0.029689711741693547,-0.1717109439787879,0.5602684481409016,-0.14872317780618385,-0.09162356755906952
9552,9,-0.11039400845766068,0.5754777193069458,-0.11422890424728394,0.5715007185935974,-0.520704448223114,0.0661577582359314,-0.5064375996589661,0.04470326006412506,0.010099617764353752,0.0883353129029274,0.05399332940578461,0.010006483644247055,1.0314569473266602,0.7879766225814819,0.6499783992767334,0.8401609659194946,0.012053553014993668,0.07228387147188187,0.025538090616464615,0.008663921616971493,11.466829299926758,6.116604804992676,0.0657520036614371,-0.04038223126289062,-0.1731135107645713,0.5593921673373128,-0.1402566785783205,-0.08762808035882373
9553,9,-0.11391746997833252,0.5766510963439941,-0.11789428442716599,0.5721089243888855,-0.23873165249824524,0.12860244512557983,-0.2703443467617035,0.05479644984006882,0.01008751429617405,0.08483117818832397,0.05776425823569298,0.01000569574534893,1.0320394039154053,0.7880316972732544,0.6494025588035583,0.8403253555297852,0.011353232897818089,0.07024966925382614,0.027830906212329865,0.008330206386744976,10.728742599487305,2.4144434928894043,0.06445066804170337,-0.058446454666208375,-0.17451607755035436,0.5585158865337241,-0.09165460465575853,0.22139257817836247
9554,9,-0.11549025028944016,0.5771346688270569,-0.11975753307342529,0.5722764134407043,-0.06948835402727127,0.007185991853475571,-0.09305557608604431,0.005518263205885887,0.01007689256221056,0.08187911659479141,0.08885762840509415,0.01000500563532114,1.0320332050323486,0.7885173559188843,0.6484957933425903,0.840053915977478,0.010664531961083412,0.06995417922735214,0.04283259063959122,0.007692408282309771,11.229333877563477,-2.8353452682495117,0.06453223457773276,-0.0955500726247914,-0.17483422086211475,0.5645345636821294,-0.03049588318328916,0.6102506424418167
9555,9,-0.11544276773929596,0.5758040547370911,-0.11981712281703949,0.5716943144798279,0.08369287848472595,-0.2228509932756424,0.09197379648685455,-0.10065747797489166,0.010067558847367764,0.09165924042463303,0.11357714980840683,0.010004397481679916,1.031358003616333,0.7886378169059753,0.6483144760131836,0.8395097255706787,0.009816231206059456,0.07576926052570343,0.05660707503557205,0.0075916023924946785,12.554004669189453,1.6223716735839844,0.0938526184768485,-0.11959390302497837,-0.17513917969394777,0.5706370701065473,-0.030495883183302375,0.6102506424417637
9556,9,-0.1131843626499176,0.5736843347549438,-0.11739778518676758,0.5704617500305176,0.3129843771457672,-0.23216569423675537,0.34148040413856506,-0.17316804826259613,0.010059354826807976,0.13104721903800964,0.13633637130260468,0.010003861039876938,1.0302956104278564,0.7868353128433228,0.6485982537269592,0.8385716080665588,0.009420524351298809,0.10175704956054688,0.0686965137720108,0.007009393069893122,10.94212532043457,-2.4387919902801514,0.14098546515405377,-0.14241662496063512,-0.174424646881807,0.5756219267503675,0.08431328740960922,0.4843874781065452
9557,9,-0.10979695618152618,0.570241391658783,-0.11338603496551514,0.5676605701446533,0.3794790208339691,-0.4002006947994232,0.46821874380111694,-0.34742748737335205,0.010052151046693325,0.15059570968151093,0.17014741897583008,0.010003391653299332,1.0292797088623047,0.7861483097076416,0.6486099362373352,0.8371183276176453,0.00976913794875145,0.12453004717826843,0.08347593247890472,0.006498625967651606,3.6109209060668945,-5.547751426696777,0.15644548916017506,-0.1808488372175118,-0.17358151400771096,0.5804658015314326,0.08431328740960922,0.4843874781065981
9558,9,-0.10707110166549683,0.5649640560150146,-0.10871865600347519,0.5628824234008789,0.22861777245998383,-0.5845245122909546,0.5019704699516296,-0.5487022995948792,0.010045823641121387,0.1851898729801178,0.18884842097759247,0.010002979077398777,1.028385877609253,0.7855278253555298,0.6487734317779541,0.8357055187225342,0.00976504385471344,0.1479685753583908,0.09378689527511597,0.006782814860343933,5.257532596588135,0.035157203674316406,0.19659352291379925,-0.19526339033789614,-0.17179431226209094,0.5843531328578926,0.20412080807174518,0.362996864393302
9559,9,-0.10452079772949219,0.5600269436836243,-0.10295801609754562,0.5572656989097595,0.2432108074426651,-0.45310646295547485,0.5820587277412415,-0.5986917614936829,0.010040261782705784,0.22668476402759552,0.18642136454582214,0.010002621449530125,1.027591347694397,0.7842462658882141,0.6494231820106506,0.834526538848877,0.00976094976067543,0.17482255399227142,0.09447682648897171,0.007060575764626265,5.824294090270996,1.1773896217346191,0.24251708502266744,-0.17525713600273943,-0.16975310418137338,0.5879831015018254,0.20412080807174518,0.36299686439324913
9560,9,-0.10198847204446793,0.5561561584472656,-0.0978928953409195,0.5513249039649963,0.258912056684494,-0.3375495970249176,0.4127809703350067,-0.5701116919517517,0.010035376995801926,0.2353818118572235,0.18492098152637482,0.01000230386853218,1.0268534421920776,0.7837029099464417,0.6501463055610657,0.8335775136947632,0.009758902713656425,0.19111931324005127,0.09383083879947662,0.007320802193135023,5.4004621505737305,-0.16124248504638672,0.23894540999792413,-0.17799363314228828,-0.16685324670171975,0.5908086879159016,0.32892667880310555,0.24607880130187548
9561,9,-0.09953287988901138,0.5530682802200317,-0.0949782207608223,0.5462892055511475,0.2389315366744995,-0.2726183831691742,0.20675547420978546,-0.4256027638912201,0.010031083598732948,0.23531125485897064,0.18405823409557343,0.010002023540437222,1.0260659456253052,0.7839703559875488,0.650880753993988,0.8329506516456604,0.009558435529470444,0.19574959576129913,0.09413546323776245,0.007706527132540941,7.90738582611084,-0.425260066986084,0.2350172929567275,-0.1800664484799345,-0.16356397991368923,0.5932694759289199,0.32892667880310555,0.24607880130187548
9562,9,-0.09683527052402496,0.5509465932846069,-0.09336738288402557,0.5431579351425171,0.28559598326683044,-0.1633758693933487,0.12856686115264893,-0.22651062905788422,0.010027308948338032,0.23572252690792084,0.18246537446975708,0.010001777671277523,1.0250706672668457,0.7843578457832336,0.6518101692199707,0.8327003121376038,0.009146126918494701,0.19451409578323364,0.0949295237660408,0.008120651356875896,11.041357040405273,0.43813228607177734,0.23589262749847917,-0.17507512676107684,-0.15951147989944908,0.595069097835587,0.45873089960370345,0.1336332888324772
9563,9,-0.09334179759025574,0.5501267910003662,-0.09203656017780304,0.5419266223907471,0.38376545906066895,-0.026291711255908012,0.129513218998909,-0.052168406546115875,0.010023994371294975,0.2341005802154541,0.18193311989307404,0.010001561604440212,1.0239354372024536,0.78459632396698,0.6528714299201965,0.8326449394226074,0.009012692607939243,0.19247645139694214,0.09517589956521988,0.008237031288444996,10.345535278320312,-2.0246410369873047,0.22733146682838992,-0.17945717249541232,-0.15492417090341173,0.5964054307239115,0.45873089960370345,0.1336332888324243
9564,9,-0.089539535343647,0.5499078035354614,-0.09085563570261002,0.5418051481246948,0.3885416090488434,0.002763143740594387,0.1410239040851593,0.03131082281470299,0.010021080262959003,0.22964829206466675,0.18926146626472473,0.01000137161463499,1.0226600170135498,0.7846932411193848,0.6538535952568054,0.8330463767051697,0.008839723654091358,0.1853296011686325,0.09926297515630722,0.009001493453979492,9.796743392944336,4.953634738922119,0.21096908483527854,-0.19180602591253854,-0.14967904155402995,0.5972148685281453,0.593533470473539,0.02566032698489561
9565,9,-0.08536060154438019,0.5516053438186646,-0.08821497112512589,0.5432289838790894,0.4105319380760193,0.2666983902454376,0.34703055024147034,0.214975506067276,0.010018523782491684,0.2256118804216385,0.1893196552991867,0.01000120397657156,1.0215857028961182,0.7842998504638672,0.6548064351081848,0.8338077068328857,0.00918485689908266,0.17828123271465302,0.09880556166172028,0.009266428649425507,7.6851582527160645,2.1294164657592773,0.20851331142056184,-0.189340386924625,-0.14374370684929488,0.5974714717979945,0.5935334704735258,0.025660326984948478
9566,9,-0.08205342292785645,0.554493248462677,-0.08436011523008347,0.5458695888519287,0.293316513299942,0.3352183401584625,0.43231314420700073,0.3293854892253876,0.010016275569796562,0.2143976241350174,0.18927669525146484,0.010001055896282196,1.0207386016845703,0.7837643623352051,0.6555678248405457,0.8347955346107483,0.009286828339099884,0.1697511374950409,0.09866708517074585,0.009435840882360935,8.221885681152344,0.7903051376342773,0.16615243533370255,-0.18907942010348,-0.137265961364219,0.5973265059047702,0.7333343914125989,-0.07784008424071062
9567,9,-0.07934920489788055,0.5582112073898315,-0.07973435521125793,0.5497801303863525,0.25762706995010376,0.4070718586444855,0.4844866991043091,0.4424620568752289,0.010014300234615803,0.2023402601480484,0.18483060598373413,0.010000927373766899,1.020070195198059,0.7832167744636536,0.6562739014625549,0.8359145522117615,0.00954719353467226,0.15976470708847046,0.09622438251972198,0.009567635133862495,5.901546478271484,0.39118289947509766,0.14938292900590389,-0.16440235968230762,-0.12993261745009252,0.5965481050623633,0.7333343914125989,-0.07784008424065775
9568,9,-0.0772731602191925,0.5624300241470337,-0.07511580735445023,0.5544782876968384,0.18241547048091888,0.44054490327835083,0.42729267477989197,0.49533599615097046,0.010012566111981869,0.18919157981872559,0.17863917350769043,0.01000081654638052,1.019468903541565,0.7826164364814758,0.6569762229919434,0.8371752500534058,0.00938275083899498,0.1487472504377365,0.09397325664758682,0.009723084978759289,7.846989631652832,0.5207490921020508,0.12978727117701375,-0.14981334367975235,-0.12218226902876798,0.5954845158766563,0.8781336624208899,-0.1768679448443415
9569,9,-0.07514805346727371,0.5671768188476562,-0.07155639678239822,0.5598015785217285,0.23117266595363617,0.49240949749946594,0.28042298555374146,0.5514697432518005,0.010011043399572372,0.17576108872890472,0.1694229394197464,0.010000715963542461,1.0186375379562378,0.7819475531578064,0.6579713821411133,0.8384847044944763,0.008922111243009567,0.13801026344299316,0.09116567671298981,0.009692389518022537,11.514806747436523,-1.0229885578155518,0.11341703831626536,-0.125843575312037,-0.11340093240455745,0.5937158364282124,0.8781336624208899,-0.1768679448443415
9570,9,-0.0720793753862381,0.5720741748809814,-0.06929773837327957,0.5654500722885132,0.35239195823669434,0.4789491295814514,0.18376202881336212,0.5617720484733582,0.010009706020355225,0.1614813506603241,0.1609514057636261,0.010000628419220448,1.017470121383667,0.7814303040504456,0.6592916250228882,0.8396131992340088,0.008426484651863575,0.12862199544906616,0.08833319693803787,0.009376625530421734,13.77495288848877,-4.140361785888672,0.09274274734557185,-0.11986529063611338,-0.10433799424643149,0.5917694043549984,1.0279312834984118,-0.27142325482615565
9571,9,-0.06789711862802505,0.5761992335319519,-0.06767106056213379,0.5707148909568787,0.4801993668079376,0.3584403395652771,0.15537749230861664,0.4898858070373535,0.01000852882862091,0.14778418838977814,0.1547234058380127,0.010000552982091904,1.016101598739624,0.7813054919242859,0.6607571244239807,0.8404586911201477,0.008430540561676025,0.1197667121887207,0.08514298498630524,0.009137974120676517,8.642332077026367,-2.2445452213287354,0.07987824530861636,-0.12406650109117781,-0.09405868141144665,0.5890551718067372,1.0279312834984118,-0.2714232548261028
9572,9,-0.06338964402675629,0.5792670845985413,-0.06595861166715622,0.5749342441558838,0.4342021346092224,0.27011609077453613,0.2369994968175888,0.37037211656570435,0.010007492266595364,0.13734090328216553,0.1507585346698761,0.01000048778951168,1.0147128105163574,0.781318724155426,0.6621554493904114,0.841218113899231,0.008237031288444996,0.11100674420595169,0.08362522721290588,0.00904833059757948,10.837514877319336,-0.7538843154907227,0.08431870627199115,-0.1310860174640852,-0.08364316671596467,0.5862616772509915,1.1701872978805388,-0.35420844759397646
9573,9,-0.05871070921421051,0.5820020437240601,-0.06228430196642876,0.5783389806747437,0.47805458307266235,0.255646675825119,0.4594561755657196,0.2982003092765808,0.01000658143311739,0.12876483798027039,0.14394009113311768,0.01000042725354433,1.0133817195892334,0.7812925577163696,0.6635684370994568,0.8418551087379456,0.008442707359790802,0.1040138229727745,0.07996521890163422,0.008963831700384617,7.414712905883789,1.1197495460510254,0.0842691118239152,-0.10971536174676269,-0.07181589416951073,0.5826466171091315,1.1827272546451713,-0.36150601418594164
9574,9,-0.05442208796739578,0.5843409299850464,-0.05710884928703308,0.5806846022605896,0.4052811563014984,0.2161850482225418,0.5620554685592651,0.19104516506195068,0.010005784220993519,0.12002535164356232,0.13707499206066132,0.010000375099480152,1.0122630596160889,0.7813794016838074,0.6648085713386536,0.84233158826828,0.008647673763334751,0.0981229767203331,0.07593873143196106,0.008678140118718147,6.118149757385254,-0.03255009651184082,0.07368007579643582,-0.10202211179664503,-0.05998862162305963,0.5790315569672722,1.2534841709393147,-0.3994142097181926
9575,9,-0.050807029008865356,0.5859786868095398,-0.05137210339307785,0.5820779800415039,0.3389120399951935,0.12711036205291748,0.5863956809043884,0.10695134103298187,0.010005082935094833,0.111570805311203,0.12670789659023285,0.010000328533351421,1.0113775730133057,0.781727135181427,0.6659263968467712,0.8426228761672974,0.00897197425365448,0.09233326464891434,0.07010885328054428,0.008547181263566017,2.9396557807922363,1.2949728965759277,0.06580438493871749,-0.07271450803169531,-0.046582600377506236,0.5745706782465906,1.3425215758611548,-0.447116222923858
9576,9,-0.04799741134047508,0.5869413614273071,-0.04571409896016121,0.5827943682670593,0.24965301156044006,0.07116846740245819,0.5270240902900696,0.04697100445628166,0.010004468262195587,0.10469518601894379,0.11354754865169525,0.010000286623835564,1.0106735229492188,0.7821944952011108,0.6669906973838806,0.8428109884262085,0.009030001237988472,0.08682405948638916,0.06330688297748566,0.008449804969131947,2.8685617446899414,2.179687023162842,0.06663016634085313,-0.042785834097786066,-0.03315738461889377,0.5700995160173519,1.3425215758611548,-0.44711622292391084
9577,9,-0.045563217252492905,0.5875126719474792,-0.041424501687288284,0.5831071138381958,0.23734599351882935,0.035463280975818634,0.32511836290359497,0.0125979483127594,0.010003926232457161,0.09827408939599991,0.09773042052984238,0.010000252164900303,1.0100440979003906,0.7827886939048767,0.6681066155433655,0.8427997827529907,0.009089071303606033,0.08264599740505219,0.05491560697555542,0.00814189575612545,2.980048656463623,0.4059267044067383,0.062272121522859145,-0.004644533767804528,-0.01826882973418218,0.5649078611303078,1.5073142471463765,-0.5282538810398518
9578,9,-0.04332497715950012,0.5872495174407959,-0.03927547112107277,0.582889974117279,0.2189999520778656,-0.06912277638912201,0.13979822397232056,-0.04589727520942688,0.02157946676015854,0.09187334030866623,0.08475016802549362,0.01000022143125534,1.0079032182693481,0.7837885022163391,0.6690734028816223,0.8424443006515503,0.01883980631828308,0.079302579164505,0.047448206692934036,0.007724682334810495,2.692704200744629,-2.0332932472229004,0.05536245383316328,0.023326766305194147,-0.0031956872627191997,0.5596253223199097,1.5073142471463747,-0.5282538810398518
9579,9,-0.04135891795158386,0.5855920314788818,-0.0385662205517292,0.5818562507629395,0.1992020159959793,-0.22667187452316284,0.038545332849025726,-0.14219598472118378,0.05051390081644058,0.0870455726981163,0.07396940141916275,0.010000195354223251,1.0036897659301758,0.7851405739784241,0.6699705123901367,0.841875433921814,0.04218742623925209,0.07577496021986008,0.041710734367370605,0.0075674201361835,3.160738945007324,0.709223747253418,0.05913315323902483,0.055458180313086795,0.013167383123319446,0.5537386716714797,1.671013178378493,-0.6049189885339232
9580,9,-0.03901370242238045,0.5831787586212158,-0.03816347196698189,0.5800579786300659,0.26163965463638306,-0.26811468601226807,0.03743923455476761,-0.22636942565441132,0.08268295973539352,0.085023432970047,0.06495162099599838,0.01000017300248146,0.9992489218711853,0.7864804863929749,0.6708768606185913,0.8411411046981812,0.06878525018692017,0.07400396466255188,0.03677218407392502,0.007417383138090372,0.9874105453491211,1.7104554176330566,0.07322405911842564,0.08934074453428315,0.029877514907105517,0.5476894817861404,1.6710131783784947,-0.6049189885339232
9581,9,-0.036361560225486755,0.5801620483398438,-0.03778191655874252,0.5771436095237732,0.2770492434501648,-0.3258645236492157,0.06374979019165039,-0.3408117890357971,0.10648778825998306,0.0828869417309761,0.0573640912771225,0.010000154376029968,0.9955366849899292,0.7878682613372803,0.6718728542327881,0.8403363823890686,0.09016716480255127,0.0725172609090805,0.03307472914457321,0.007370090112090111,1.8715095520019531,2.7806758880615234,0.07033459169064132,0.11233808486570085,0.04753869948101407,0.5411436157812985,1.8092500090681671,-0.6771115454061251
9582,9,-0.03313485532999039,0.576899528503418,-0.03626678138971329,0.5734362006187439,0.3603406250476837,-0.3359552323818207,0.23639678955078125,-0.39792272448539734,0.1349991410970688,0.08110365271568298,0.050932932645082474,0.010000137612223625,0.9917407631874084,0.7893341183662415,0.6730508804321289,0.8394175171852112,0.11210545152425766,0.07160172611474991,0.029873928055167198,0.007189119700342417,1.2966346740722656,2.304103374481201,0.07057246603055697,0.14294721752714692,0.06563119957169267,0.5343725003272393,1.8092500090681605,-0.6771115454060722
9583,9,-0.02922237664461136,0.5731713771820068,-0.03301294520497322,0.5691304206848145,0.436581015586853,-0.3977411389350891,0.41168585419654846,-0.44731974601745605,0.15711475908756256,0.07853168249130249,0.04544825851917267,0.010000123642385006,0.9881129264831543,0.7911018133163452,0.6744563579559326,0.8382716774940491,0.13077914714813232,0.07093671709299088,0.027455078437924385,0.006823891773819923,0.8842945098876953,0.22353887557983398,0.06327858351809665,0.16378937961714138,0.08435098077099039,0.5272031993709625,1.9159326490930595,-0.7448315516562987
9584,9,-0.024359839037060738,0.568487823009491,-0.028133561834692955,0.5643294453620911,0.5485056042671204,-0.5137729048728943,0.5621209740638733,-0.49915146827697754,0.17853198945522308,0.07644997537136078,0.04075494408607483,0.01000011246651411,0.9844242930412292,0.793249249458313,0.6763046383857727,0.8368569612503052,0.14586882293224335,0.07040172815322876,0.025823617354035378,0.0064666420221328735,2.1439671516418457,-1.0042798519134521,0.06403781124423127,0.18550167032550247,0.10351030726192234,0.5197548838543996,1.915932649093066,-0.7448315516562987
9585,9,-0.017822423949837685,0.5627508163452148,-0.02162432111799717,0.5590299367904663,0.7456567883491516,-0.6244784593582153,0.725968062877655,-0.5620113611221313,0.19515648484230042,0.07612294703722,0.03672851249575615,0.01000010035932064,0.9806097745895386,0.7954925894737244,0.6786041855812073,0.835395336151123,0.15844784677028656,0.06949348747730255,0.02391778863966465,0.006738746538758278,-3.5684192180633545,6.516270637512207,0.07416597558130085,0.2009877172190752,0.1230362515612957,0.5119979283516615,1.9910610984531851,-0.8080790072846027
9586,9,-0.009930170141160488,0.5570825934410095,-0.01346596609801054,0.5531673431396484,0.830682098865509,-0.5384546518325806,0.8827198147773743,-0.6125946640968323,0.19967134296894073,0.08326392620801926,0.033269528299570084,0.010000092908740044,0.9771351218223572,0.7969061136245728,0.6811715960502625,0.8339967131614685,0.16458305716514587,0.0741482749581337,0.022527342662215233,0.006634641904383898,-2.10591197013855,3.9324450492858887,0.08490756837563329,0.20137681713129935,0.1429468625458266,0.5039171382788165,1.9910610984531851,-0.8080790072846027
9587,9,-0.000987401232123375,0.5515820980072021,-0.004093720577657223,0.5469208359718323,0.9596763849258423,-0.5548825860023499,0.9888671636581421,-0.6226720809936523,0.21186377108097076,0.08068719506263733,0.03027757629752159,0.010000082664191723,0.9734280109405518,0.7989529967308044,0.6840702295303345,0.8324292898178101,0.16982698440551758,0.07526575028896332,0.02128632366657257,0.006352761294692755,-2.99188494682312,0.9694933891296387,0.06549329807062616,0.21645699481596553,0.1630265364199526,0.4956083086345943,2.0346353571485243,-0.8668539122909842
9588,9,0.009046175517141819,0.5454068183898926,0.006139451637864113,0.5405086278915405,1.054468035697937,-0.657004714012146,1.0656187534332275,-0.6469636559486389,0.22029857337474823,0.07775398343801498,0.027689553797245026,0.010000074282288551,0.9693719744682312,0.8016623854637146,0.6873688697814941,0.8306171298027039,0.17340177297592163,0.07437197118997574,0.02055496908724308,0.006026638206094503,-0.8084225654602051,-1.8199479579925537,0.060328554247976326,0.223602227056286,0.18337288999143933,0.4869397695116845,2.034635357148537,-0.8668539122909842
9589,9,0.020634084939956665,0.5381682515144348,0.017440510913729668,0.5338672399520874,1.2431007623672485,-0.7764279246330261,1.1883509159088135,-0.6872586607933044,0.23002731800079346,0.076499342918396,0.025446482002735138,0.010000067763030529,0.9648926854133606,0.8047822117805481,0.6910927891731262,0.8284165859222412,0.17655906081199646,0.07477451860904694,0.019789690151810646,0.0055116512812674046,-1.9377422332763672,-3.681976795196533,0.06900174647742045,0.23397241947702938,0.20375385991500455,0.47811484613095173,2.046655425179096,-0.9211562666754433
9590,9,0.03364167734980583,0.5294065475463867,0.029903339222073555,0.5263034105300903,1.3642202615737915,-0.9455990791320801,1.3140754699707031,-0.8093541860580444,0.22954599559307098,0.08061642199754715,0.023503081873059273,0.01000006590038538,0.9603405594825745,0.807891309261322,0.695106565952301,0.825908362865448,0.17695710062980652,0.07865013182163239,0.0189942829310894,0.0052796644158661366,-4.839149475097656,-1.2342476844787598,0.08158393712695687,0.22750652671911958,0.22422041416679456,0.4689032834641985,2.046655425179109,-0.9211562666754433
9591,9,0.04760156571865082,0.5196272134780884,0.04377954080700874,0.5175198912620544,1.4311245679855347,-1.009729027748108,1.454005241394043,-0.9448861479759216,0.2293265014886856,0.1001945212483406,0.021804826334118843,0.010000061243772507,0.9556624889373779,0.8097495436668396,0.6995406746864319,0.8233125805854797,0.17278701066970825,0.09331167489290237,0.01914890855550766,0.005111382808536291,-0.2399909496307373,-0.27469635009765625,0.1044763747974904,0.2284032532990958,0.24465024661447587,0.45959804675193267,2.0271213025449013,-0.9709860704379535
9592,9,0.06330044567584991,0.5097653269767761,0.059400416910648346,0.5077077746391296,1.6537723541259766,-0.9862393140792847,1.6258556842803955,-1.0328305959701538,0.23356476426124573,0.11025260388851166,0.020330486819148064,0.010000056587159634,0.9503612518310547,0.8118752241134644,0.7044664025306702,0.8207209706306458,0.1702563464641571,0.1047026589512825,0.018461862578988075,0.005345055367797613,-1.964571475982666,1.8543267250061035,0.11284003326912143,0.23533665452897048,0.26492145963992625,0.4498881860475531,2.0271213025449146,-0.9709860704379535
9593,9,0.08041433990001678,0.5001779794692993,0.07635819166898727,0.4969516694545746,1.7623181343078613,-0.9383577108383179,1.7562233209609985,-1.1028813123703003,0.23007702827453613,0.10992841422557831,0.019043654203414917,0.010000050067901611,0.9448775053024292,0.8149938583374023,0.7094123363494873,0.8180395364761353,0.16857998073101044,0.10918017476797104,0.017640668898820877,0.005022378638386726,-5.395328998565674,-2.390139102935791,0.10814827173241476,0.21543119509467554,0.2851477210864055,0.4401384164087297,1.9801716321007776,-1.0126689515058789
9594,9,0.09762353450059891,0.4899173080921173,0.09397759288549423,0.48547282814979553,1.7324223518371582,-1.0544928312301636,1.803037405014038,-1.1357311010360718,0.22603733837604523,0.108158640563488,0.017921237275004387,0.010000045411288738,0.9394477009773254,0.8188602924346924,0.7143885493278503,0.8151777386665344,0.16528034210205078,0.1100054681301117,0.017163343727588654,0.004783354699611664,-5.442228317260742,-3.7189948558807373,0.09840979986372235,0.20893207362556226,0.3049080509788684,0.4299749831729428,1.9760329892459265,-1.0163433235785675
9595,9,0.11506170779466629,0.478880375623703,0.11226502060890198,0.47418591380119324,1.7622259855270386,-1.134798526763916,1.8533886671066284,-1.1193673610687256,0.22547216713428497,0.11324109882116318,0.016942663118243217,0.010000045411288738,0.9338862895965576,0.8225635886192322,0.7193711400032043,0.8121616840362549,0.16313883662223816,0.11423761397600174,0.016533102840185165,0.0046354178339242935,-7.975418567657471,-2.1422815322875977,0.11462242904219518,0.2230596085073343,0.3246683808713266,0.41981154993715836,1.9394388932179674,-1.0344470675152253
9596,9,0.13247638940811157,0.46737930178642273,0.13082844018936157,0.4629160761833191,1.7287310361862183,-1.1587554216384888,1.8568787574768066,-1.1339586973190308,0.22596949338912964,0.12346133589744568,0.01608557067811489,0.01000004168599844,0.928239107131958,0.8258535265922546,0.7242110967636108,0.8089341521263123,0.162758007645607,0.12427972257137299,0.015948109328746796,0.004270236939191818,-7.518524169921875,-5.5621442794799805,0.12621468604045416,0.22617139072550957,0.3436122127516528,0.4092441807515635,1.8933904852821584,-1.0572280260972593
9597,9,0.14951878786087036,0.45515212416648865,0.14906230568885803,0.4512282907962799,1.6973623037338257,-1.2547816038131714,1.8020919561386108,-1.1886156797409058,0.23509256541728973,0.12881529331207275,0.0153356296941638,0.010000038892030716,0.9223442077636719,0.8295685052871704,0.7288770079612732,0.8054969906806946,0.16647611558437347,0.13249941170215607,0.015291980467736721,0.004136625677347183,-10.135480880737305,-5.176212787628174,0.13029165939833898,0.23883547416931517,0.3625461176044758,0.398671900490591,1.8933904852821584,-1.0572280260972593
9598,9,0.16597971320152283,0.44230562448501587,0.166594460606575,0.4389430284500122,1.6182217597961426,-1.2963542938232422,1.7154968976974487,-1.254978060722351,0.24552839994430542,0.14219453930854797,0.014679120853543282,0.010000037029385567,0.9163380265235901,0.8329045176506042,0.7333263754844666,0.8021421432495117,0.17303466796875,0.1432259976863861,0.014704294502735138,0.004350862931460142,-11.9957275390625,-1.274048089981079,0.14601119358300196,0.2499146346086546,0.38046596952632017,0.38777628469460607,1.7791937906536368,-1.0936401779940284
9599,9,0.18182040750980377,0.42995181679725647,0.18324455618858337,0.4263428747653961,1.553604006767273,-1.1894325017929077,1.6093634366989136,-1.2643834352493286,0.2619481682777405,0.1518886536359787,0.014104077592492104,0.010000034235417843,0.910343587398529,0.8361566066741943,0.7373555898666382,0.798719048500061,0.18436163663864136,0.1552937775850296,0.013838611543178558,0.004024733789265156,-13.697795867919922,-6.984553337097168,0.15475797805617367,0.2690933052156995,0.3982579074328556,0.3768398829146673,1.7791937906536368,-1.0936401779940284
9600,9,0.1962280422449112,0.41724511981010437,0.19798900187015533,0.4132172763347626,1.3904985189437866,-1.2885628938674927,1.3970955610275269,-1.3090698719024658,0.27798256278038025,0.14985598623752594,0.013599527068436146,0.010000032372772694,0.9045338034629822,0.8402757048606873,0.7411043047904968,0.7953613996505737,0.19650129973888397,0.15778999030590057,0.013298519887030125,0.0042417352087795734,-14.170215606689453,-4.119229316711426,0.1397651603066683,0.2850530751967699,0.41490134587089567,0.36565180091327015,1.6334429053603086,-1.1255797792688487
9601,9,0.2098114788532257,0.4049015939235687,0.2113264501094818,0.4004800319671631,1.319800853729248,-1.2116848230361938,1.2721168994903564,-1.2525769472122192,0.3047928512096405,0.15475775301456451,0.013158868998289108,0.010000031441450119,0.8985869884490967,0.844240665435791,0.7449094653129578,0.792084276676178,0.20876221358776093,0.16164655983448029,0.013486383482813835,0.004060057923197746,-6.435116767883301,-8.745697021484375,0.15627953517299273,0.31807264166087834,0.4312357749245,0.3543960031205816,1.633442905360335,-1.1255797792688487
9602,9,0.223907470703125,0.3926343321800232,0.22358040511608124,0.38826385140419006,1.4588794708251953,-1.2486027479171753,1.171571969985962,-1.211148738861084,0.3253571391105652,0.15317527949810028,0.012773462571203709,0.010000031441450119,0.8924058079719543,0.8485872149467468,0.7490121126174927,0.7885792851448059,0.21944153308868408,0.164361834526062,0.013585133478045464,0.0037571743596345186,-5.257129669189453,-10.959503173828125,0.14530633354559974,0.33656365461866955,0.4463965424843087,0.34295123531874516,1.4628495935163697,-1.1530468299217729
9603,9,0.23898056149482727,0.3795740604400635,0.23526373505592346,0.37596261501312256,1.5463647842407227,-1.3468908071517944,1.2175605297088623,-1.248595118522644,0.32451269030570984,0.15282735228538513,0.012435435317456722,0.010000031441450119,0.8865328431129456,0.8532996773719788,0.7533382177352905,0.7849210500717163,0.22359424829483032,0.16550752520561218,0.013632431626319885,0.003627025056630373,-5.5477800369262695,-9.650201797485352,0.1510933378631985,0.3215092215791282,0.46102503841947,0.3314207670195303,1.4628495935163697,-1.1530468299217465
9604,9,0.2547636032104492,0.36600351333618164,0.248726487159729,0.36326488852500916,1.6012881994247437,-1.3721495866775513,1.4684351682662964,-1.299167513847351,0.32137465476989746,0.16388465464115143,0.012138234451413155,0.010000030510127544,0.8809922337532043,0.8574437499046326,0.7577782869338989,0.7810402512550354,0.2229495644569397,0.17517982423305511,0.013635585084557533,0.003229563357308507,-5.8596601486206055,-12.206460952758789,0.16742936450135865,0.31022830628913645,0.47466225315573196,0.31975509382223255,1.2942609115783388,-1.1760413299527748
9605,9,0.270862877368927,0.35166725516319275,0.26436102390289307,0.3497139811515808,1.6347692012786865,-1.4660391807556152,1.6462475061416626,-1.3919188976287842,0.31690579652786255,0.17128325998783112,0.011877238750457764,0.01000002957880497,0.8755316734313965,0.861605703830719,0.762422502040863,0.7770568132400513,0.21859389543533325,0.18463446199893951,0.013763891533017159,0.0032783253118395805,-6.300158500671387,-9.759122848510742,0.17367827238266118,0.30096575399307923,0.4876048622715162,0.30799468052270496,1.2942609115783388,-1.1760413299527748
9606,9,0.28767120838165283,0.33727771043777466,0.2816515266895294,0.33553335070610046,1.7101011276245117,-1.426302433013916,1.7779923677444458,-1.4505598545074463,0.31163108348846436,0.18645481765270233,0.01164829172194004,0.01000002771615982,0.8699232935905457,0.8652662634849548,0.7673990726470947,0.7732161283493042,0.21078190207481384,0.1972149759531021,0.01421910896897316,0.0033768811263144016,-2.5809037685394287,-9.377670288085938,0.19162216400821008,0.2926480472364251,0.4997673138261404,0.2961438823349185,1.1343886236603582,-1.1945632793618277
9607,9,0.3058060109615326,0.3234885632991791,0.30014634132385254,0.32100817561149597,1.8727549314498901,-1.3567984104156494,1.8896300792694092,-1.4657856225967407,0.30369383096694946,0.18871919810771942,0.0114471185952425,0.010000025853514671,0.8639892935752869,0.8692035675048828,0.7727718949317932,0.7695246934890747,0.20105239748954773,0.20410862565040588,0.014530760236084461,0.0035409831907600164,-1.09405517578125,-8.954992294311523,0.1894878864926282,0.27488816856592685,0.5111112000627431,0.28419824954130163,1.1343886236603318,-1.1945632793618277
9608,9,0.32533004879951477,0.3102841377258301,0.3196278214454651,0.30653172731399536,2.00956392288208,-1.296601414680481,1.9928251504898071,-1.4247020483016968,0.29020896553993225,0.18745046854019165,0.011270994320511818,0.010000025853514671,0.8577877283096313,0.8734920024871826,0.7784516215324402,0.7660922408103943,0.18965014815330505,0.20419982075691223,0.01476995088160038,0.0038208288606256247,-1.5059483051300049,-6.585681438446045,0.18161448270286207,0.24005658405517616,0.5218686195878874,0.2721981067680047,0.9832327297624018,-1.2086126781489845
9609,9,0.3459950089454651,0.29793116450309753,0.3401779532432556,0.2929191589355469,2.104531764984131,-1.19254732131958,2.101099967956543,-1.3037714958190918,0.27239352464675903,0.18502271175384521,0.011116330511868,0.010000025853514671,0.8514693379402161,0.8776880502700806,0.7842808365821838,0.763029932975769,0.17721448838710785,0.2004968374967575,0.014811266213655472,0.004248613957315683,-3.3201563358306885,-3.2819414138793945,0.17381808777151905,0.2042792322213522,0.531700946885512,0.260111979986515,0.983232729762349,-1.2086126781489845
9610,9,0.3672274053096771,0.28688693046569824,0.36166083812713623,0.28081244230270386,2.129136323928833,-1.0330393314361572,2.17708420753479,-1.1279950141906738,0.2520025968551636,0.18017712235450745,0.010980380699038506,0.010000025853514671,0.8451998829841614,0.8816103339195251,0.7900712490081787,0.7603938579559326,0.16452635824680328,0.19410747289657593,0.014712763950228691,0.004637388978153467,-3.7784039974212646,-3.1336569786071777,0.1576898484757708,0.1714509340415556,0.5411230655333389,0.24799827303268007,0.8407932298844696,-1.2181895263141924
9611,9,0.38841140270233154,0.27730533480644226,0.38352176547050476,0.27054762840270996,2.1075873374938965,-0.8951478004455566,2.18764066696167,-0.9381963610649109,0.23121404647827148,0.17147019505500793,0.010861041024327278,0.010000024922192097,0.8391043543815613,0.8853858113288879,0.7956683039665222,0.7581244111061096,0.15247377753257751,0.18471843004226685,0.014390171505510807,0.004977899137884378,-5.841976165771484,-2.9156899452209473,0.1304669164878518,0.1457573939195646,0.5495309978321831,0.23581637776953956,0.8407932298844696,-1.2181895263142055
9612,9,0.4089241027832031,0.26898273825645447,0.40510493516921997,0.2620260715484619,2.007880926132202,-0.7721402049064636,2.1347551345825195,-0.7778301239013672,0.21142561733722687,0.15982019901275635,0.010756488889455795,0.010000024922192097,0.8332917094230652,0.8889482021331787,0.8009782433509827,0.7564528584480286,0.14119704067707062,0.16996759176254272,0.013970253057777882,0.0057937526144087315,-7.998247146606445,3.21089506149292,0.10348978774365869,0.1263203678258824,0.557687546754851,0.22362488704014505,0.7070701240266409,-1.2232938238575042
9613,9,0.4284529685974121,0.26290643215179443,0.4261879324913025,0.25557124614715576,1.8828376531600952,-0.4903215169906616,2.058568000793457,-0.5438793301582336,0.1941939741373062,0.14576782286167145,0.010664504952728748,0.010000023990869522,0.8278212547302246,0.8919885158538818,0.8058716654777527,0.755524754524231,0.13152003288269043,0.15210923552513123,0.013569371774792671,0.006464642938226461,-6.897491455078125,4.221756458282471,0.07606614924652566,0.11750901475316294,0.5647582479951166,0.21139194880157153,0.7070701240266409,-1.2232938238575042
9614,9,0.44662556052207947,0.25934112071990967,0.4460543394088745,0.2514856159687042,1.7468172311782837,-0.26051265001296997,1.907023310661316,-0.3009692430496216,0.17991337180137634,0.125436931848526,0.010583858005702496,0.010000023990869522,0.8227768540382385,0.8947015404701233,0.8102158308029175,0.7553167939186096,0.12469923496246338,0.12967804074287415,0.012755163013935089,0.00733387703076005,-11.562002182006836,9.614858627319336,0.020204010519507792,0.11399451456485105,0.5717189583447878,0.1991584547015898,0.5921901535381006,-1.2238743932254685
9615,9,0.4626851975917816,0.2583829164505005,0.46405327320098877,0.24988938868045807,1.4824719429016113,0.03474436700344086,1.6853631734848022,-0.030065268278121948,0.16812649369239807,0.10741288959980011,0.010512921027839184,0.029975689947605133,0.8183181285858154,0.8965705633163452,0.8140245079994202,0.7549608945846558,0.11878100037574768,0.10579992830753326,0.012304412201046944,0.022184021770954132,-8.012628555297852,11.381006240844727,-0.03306364651347309,0.11231194289545465,0.5775395924666752,0.18691919899380252,0.5820634121888099,-1.2239255707788672
9616,9,0.4769895672798157,0.2604675889015198,0.4795251488685608,0.2514595091342926,1.3545982837677002,0.31824302673339844,1.3930925130844116,0.29090678691864014,0.16225849092006683,0.09272567182779312,0.010450641624629498,0.08931063860654831,0.8140588998794556,0.8970422148704529,0.8175747394561768,0.7537558674812317,0.11384780704975128,0.08517831563949585,0.012163836508989334,0.06426281481981277,-4.266238212585449,15.349268913269043,-0.10158836140598355,0.13389923082126287,0.5833602265885632,0.17467994328601377,0.530570066110892,-1.2221639080016775
9617,9,0.4904624819755554,0.26537373661994934,0.4921814501285553,0.2561878561973572,1.293662190437317,0.576815664768219,1.1258039474487305,0.587415337562561,0.15780511498451233,0.08060997724533081,0.010395928286015987,0.1558597832918167,0.8101066946983337,0.896506130695343,0.8204790949821472,0.7526987195014954,0.11393797397613525,0.07290437072515488,0.011164983734488487,0.10885791480541229,-8.399214744567871,9.328455924987793,-0.17464215512028702,0.13603578699778004,0.5880319263392185,0.16247999430558743,0.46577309437097664,-1.2199471087084592
9618,9,0.5013382434844971,0.2701304852962494,0.5012722611427307,0.26201528310775757,0.9667410850524902,0.43826308846473694,0.7836969494819641,0.6107754111289978,0.15305136144161224,0.070517398416996,0.010347843170166016,0.22482700645923615,0.806942343711853,0.8957818746566772,0.8228074312210083,0.7516933679580688,0.11396856606006622,0.0633801817893982,0.01055641658604145,0.15511474013328552,-7.577221393585205,11.657354354858398,-0.24994115270457043,0.12959037699942677,0.5926896572829291,0.1502805232185014,0.46577309437097664,-1.2199471087084592
9619,9,0.5101308226585388,0.27455273270606995,0.5084211230278015,0.2684416174888611,0.7783874273300171,0.4052909314632416,0.6492555141448975,0.6363140344619751,0.16303005814552307,0.06204960495233536,0.010305602103471756,0.2534431219100952,0.8039770722389221,0.8954065442085266,0.8243810534477234,0.7513322830200195,0.12154879420995712,0.058172568678855896,0.009713875129818916,0.17531833052635193,-8.899490356445312,6.113271713256836,-0.2655477594775517,0.16618307265803708,0.5963921447051078,0.1381622080579328,0.35819917057324685,-1.2108078041667532
9620,9,0.5161013007164001,0.2766973376274109,0.5138645768165588,0.2738476097583771,0.48123621940612793,0.08815038204193115,0.48884379863739014,0.4830089211463928,0.17997829616069794,0.05491158366203308,0.010268544778227806,0.2827722728252411,0.801100492477417,0.8961089253425598,0.8255419731140137,0.7504982948303223,0.13309603929519653,0.054965414106845856,0.009596256539225578,0.18689340353012085,-1.514204740524292,0.0024175643920898438,-0.2966325588840967,0.18581181265483487,0.59997413641084,0.12605413001626672,0.35819917057324685,-1.2108078041667598
9621,9,0.5208609104156494,0.2754657566547394,0.5183136463165283,0.27802085876464844,0.468497097492218,-0.3116595149040222,0.3990822434425354,0.3203665614128113,0.2129833698272705,0.04885858669877052,0.010236024856567383,0.2823213040828705,0.7976115345954895,0.898217499256134,0.8266333937644958,0.7492762207984924,0.15090230107307434,0.05218634009361267,0.009522668085992336,0.18302646279335022,-0.9222710132598877,-1.7037510871887207,-0.28059205640223833,0.22578306705822704,0.6027771426567027,0.11405982014674518,0.25934164079556765,-1.1963699987838148
9622,9,0.5254762172698975,0.2704829275608063,0.5218883156776428,0.27805182337760925,0.4672994315624237,-0.6464775800704956,0.3397224545478821,-0.33686932921409607,0.22162410616874695,0.04367981106042862,0.010207383893430233,0.2747326195240021,0.7946768403053284,0.9016393423080444,0.8276861906051636,0.7474616169929504,0.16328832507133484,0.05001739040017128,0.009549236856400967,0.17033042013645172,-1.4339148998260498,-4.864753723144531,-0.24555220262059688,0.22505174173570636,0.6053705590646583,0.10209612015890618,0.25934164079551475,-1.1963699987838148
9623,9,0.5299886465072632,0.2617679536342621,0.5251563787460327,0.27088919281959534,0.45830780267715454,-1.0498266220092773,0.3453923761844635,-1.0012770891189575,0.22161665558815002,0.03924209624528885,0.010182209312915802,0.2620925009250641,0.7925344705581665,0.9065756797790527,0.8288794159889221,0.744650661945343,0.16671675443649292,0.0486302375793457,0.009777327068150043,0.15265169739723206,1.106126308441162,-9.152021408081055,-0.21262396228072328,0.22158464232042233,0.607343815286365,0.09026820358716096,0.16920050503783327,-1.1766336925598029
9624,9,0.5349046587944031,0.24852830171585083,0.5289352536201477,0.25790923833847046,0.5255653858184814,-1.5390814542770386,0.4228604733943939,-1.5341311693191528,0.2210983783006668,0.03543083369731903,0.010160103440284729,0.24220937490463257,0.7905707359313965,0.9129712581634521,0.8303315043449402,0.740813672542572,0.1653060019016266,0.04676733538508415,0.010043728165328503,0.1340147852897644,0.7181096076965332,-5.750032424926758,-0.16188965372746636,0.21887348175582827,0.6090358203367437,0.07850186666156354,0.16920050503788614,-1.1766336925598029
9625,9,0.5406590104103088,0.23138774931430817,0.5339590907096863,0.2403506636619568,0.6070196032524109,-1.8759639263153076,0.5601503849029541,-1.9493263959884644,0.21766380965709686,0.03214301913976669,0.010140664875507355,0.2128908485174179,0.7885153293609619,0.9204663634300232,0.8320792317390442,0.7362197041511536,0.160867840051651,0.044926680624485016,0.010493643581867218,0.11284468322992325,3.9310264587402344,-5.935544967651367,-0.08889330699138948,0.20288618238761336,0.6102490576864552,0.06688273139432388,0.08777576330025526,-1.1515988854946375
9626,9,0.5475901365280151,0.21096287667751312,0.5403425693511963,0.21903343498706818,0.7465641498565674,-2.191051483154297,0.6936118602752686,-2.2892932891845703,0.21105754375457764,0.029303912073373795,0.01012359093874693,0.1798207312822342,0.7862289547920227,0.9287681579589844,0.8342171311378479,0.7310173511505127,0.1534283608198166,0.04256610944867134,0.010925374925136566,0.0922006294131279,4.715752601623535,-1.7455315589904785,-0.030632229227956498,0.18232421790490078,0.6111268153194579,0.05536674253937679,0.08777576330025526,-1.1515988854946277
9627,9,0.5559644103050232,0.18834148347377777,0.5482642650604248,0.19489820301532745,0.889729917049408,-2.348717212677002,0.8547773957252502,-2.528686761856079,0.19980083405971527,0.031103311106562614,0.010108605027198792,0.15070514380931854,0.7837900519371033,0.936803936958313,0.8365614414215088,0.7253698110580444,0.14490678906440735,0.043961796909570694,0.010985239408910275,0.07516487687826157,1.437242031097412,3.217189311981201,0.03140543565758658,0.14985737550704398,0.6116497649493343,0.04399877658337063,0.015067415582674975,-1.121265577588303
9628,9,0.5650153160095215,0.1647484302520752,0.5574167370796204,0.16881100833415985,0.9150483012199402,-2.3779616355895996,0.9528812766075134,-2.673635482788086,0.18424968421459198,0.06730622798204422,0.010095459409058094,0.12780362367630005,0.7815235257148743,0.9404045939445496,0.838916540145874,0.7193941473960876,0.13498172163963318,0.07863719016313553,0.011003823950886726,0.06147201359272003,0.11001825332641602,3.654294013977051,0.07476166268837237,0.11305203176175815,0.6118004391051611,0.032786120807488175,0.015067415582674975,-1.121265577588303
9629,9,0.5740929245948792,0.1410968154668808,0.5671337246894836,0.1416536420583725,0.9070422053337097,-2.3275222778320312,0.9865015149116516,-2.742840051651001,0.1680944859981537,0.09500212967395782,0.010083881206810474,0.10934227705001831,0.7795192003250122,0.9441689848899841,0.8411518931388855,0.7133901715278625,0.12460634112358093,0.11040849983692169,0.010742837563157082,0.05190938711166382,-2.816917896270752,4.853332042694092,0.10132488093093323,0.09189099917474206,0.6117028321673629,0.02171171216944745,-0.04892453811485471,-1.0856337688408215
9630,9,0.5826263427734375,0.11850297451019287,0.5768037438392639,0.1144055724143982,0.814638078212738,-2.200554847717285,0.9466874599456787,-2.6337625980377197,0.15217772126197815,0.112544946372509,0.010073687881231308,0.09426494687795639,0.7777761220932007,0.948723554611206,0.8433220386505127,0.7076995968818665,0.1130855605006218,0.132380872964859,0.010801595635712147,0.044428687542676926,1.6260552406311035,3.9151811599731445,0.11674470264115208,0.07470061886849125,0.6112135867862145,0.010855374481038486,-0.048924538114801845,-1.0856337688408224
9631,9,0.5910407304763794,0.0972747877240181,0.586154043674469,0.09041008353233337,0.8435522317886353,-2.0676023960113525,0.9067056179046631,-2.215894937515259,0.1387200504541397,0.117682546377182,0.010064746253192425,0.08188389986753464,0.7760345935821533,0.9543974995613098,0.8454011678695679,0.7022395730018616,0.10285699367523193,0.1421712040901184,0.010676893405616283,0.03774942085146904,1.447606086730957,0.2622795104980469,0.11904262214376854,0.07075631310608378,0.6105651544329016,0.00011691116768985498,-0.10420009779233382,-1.0447034592521818
9632,9,0.5990633964538574,0.07672671973705292,0.5946208834648132,0.06963008642196655,0.7801656723022461,-2.0059926509857178,0.8115720152854919,-1.9604647159576416,0.12408141791820526,0.11833953857421875,0.010056884959340096,0.07156933844089508,0.7745100855827332,0.9605383276939392,0.847281813621521,0.697124719619751,0.09348563849925995,0.14282947778701782,0.01037023775279522,0.03306646645069122,-1.0582125186920166,2.0613956451416016,0.11850996055220869,0.04787606116754081,0.6095231534549783,-0.010330123424831429,-0.10420009779233382,-1.0447034592521813
9633,9,0.6062377691268921,0.05765889585018158,0.6022893190383911,0.051120392978191376,0.6674634218215942,-1.8144410848617554,0.731681227684021,-1.7573394775390625,0.11081285774707794,0.1256975382566452,0.01004998479038477,0.06293661892414093,0.7733840346336365,0.9656217098236084,0.8488531112670898,0.692658007144928,0.08481645584106445,0.14595815539360046,0.009980155155062675,0.029400041326880455,-2.0575380325317383,4.65831995010376,0.12769603534556814,0.03926626450989866,0.6083936268383116,-0.020690253406756197,-0.15075926344976232,-0.9984746488223865
9634,9,0.6122056841850281,0.041078075766563416,0.609075665473938,0.034746576100587845,0.5294685363769531,-1.5312572717666626,0.6221058368682861,-1.5333093404769897,0.09982824325561523,0.12405648827552795,0.010043918155133724,0.055650487542152405,0.772651731967926,0.9704186916351318,0.8500503301620483,0.6888039112091064,0.0775919035077095,0.144264355301857,0.009599324315786362,0.02613687701523304,-0.664905309677124,1.516876220703125,0.11536277730936659,0.03882063676847007,0.6068860342038138,-0.03067499989497955,-0.15075926344976232,-0.9984746488223865
9635,9,0.616739809513092,0.026658812537789345,0.614378035068512,0.020480763167142868,0.39239364862442017,-1.3510159254074097,0.45494145154953003,-1.3264909982681274,0.09153608232736588,0.11782731115818024,0.010038585402071476,0.04946640878915787,0.7720509171485901,0.9750551581382751,0.8511477708816528,0.6856828331947327,0.07056643813848495,0.13563337922096252,0.009645338170230389,0.02408047579228878,3.6771559715270996,4.233231544494629,0.08453417853868433,0.044365049218991134,0.605345144475953,-0.04061440853875365,-0.1855364080125649,-0.9511215434480318
9636,9,0.6209895014762878,0.015018620528280735,0.618537962436676,0.008867577649652958,0.41360899806022644,-1.0403766632080078,0.3532949388027191,-1.0499367713928223,0.08566713333129883,0.1097220852971077,0.01003389060497284,0.0441758967936039,0.7712676525115967,0.9791776537895203,0.8521660566329956,0.6833938956260681,0.0657111257314682,0.12318094074726105,0.009378666989505291,0.022854652255773544,3.8940834999084473,6.86915397644043,0.06586270240227574,0.051820377316239744,0.6034591241250814,-0.050083881914267506,-0.1886020350871931,-0.9469473375514328
9637,9,0.624901533126831,0.00639407429844141,0.621552050113678,-8.63838940858841e-05,0.3612655699253082,-0.7404130101203918,0.2580290734767914,-0.782500147819519,0.07845837622880936,0.09641454368829727,0.010029776953160763,0.039666470140218735,0.7708516716957092,0.9829664826393127,0.8528064489364624,0.6817551851272583,0.06208841875195503,0.10876590013504028,0.008959761820733547,0.020343003794550896,0.7808828353881836,4.124736785888672,0.0221168108239915,0.035978322318691774,0.6015731037742095,-0.059553355289782485,-0.2014991934301282,-0.9217848711986492
9638,9,0.6272685527801514,-0.00036616250872612,0.6233677268028259,-0.006895778700709343,0.1609334945678711,-0.5906171202659607,0.14528997242450714,-0.5691805481910706,0.0717095285654068,0.0836670771241188,0.010026166215538979,0.0377412885427475,0.7710729241371155,0.9864723682403564,0.8530613780021667,0.6804609298706055,0.058385275304317474,0.092983677983284,0.00851370021700859,0.0196726955473423,0.7343411445617676,2.7526140213012695,-0.024941836450333585,0.031148158015394403,0.599399318311142,-0.06846139646755321,-0.2177284127045204,-0.8901215254393259
9639,9,0.6280374526977539,-0.005511871539056301,0.6243218183517456,-0.011486015282571316,0.009480854496359825,-0.44138774275779724,0.052181441336870193,-0.36274808645248413,0.06886400282382965,0.07309652119874954,0.010022994130849838,0.05073314160108566,0.7716178297996521,0.9892858862876892,0.8528870940208435,0.6791057586669922,0.05694393441081047,0.07880266010761261,0.007916463539004326,0.026901962235569954,-2.0796549320220947,5.524787902832031,-0.05323310580721757,0.05150843138635647,0.5972220341840961,-0.07736261172194812,-0.2177284127045204,-0.8901215254393259
9640,9,0.6270613670349121,-0.00892377644777298,0.6241680383682251,-0.014194116927683353,-0.19873875379562378,-0.2587934136390686,-0.08784300088882446,-0.19340044260025024,0.06864485889673233,0.06420700997114182,0.010020201094448566,0.07822301238775253,0.7725034952163696,0.9911889433860779,0.8522769808769226,0.6778184175491333,0.05767345428466797,0.06657174229621887,0.007542234845459461,0.042301204055547714,-0.24692296981811523,7.314002513885498,-0.08362921798828993,0.06730800408553039,0.5948635118543563,-0.08571217053969585,-0.23813839630184996,-0.8279972124860627
9641,9,0.6244666576385498,-0.0102863609790802,0.6225472688674927,-0.015040046535432339,-0.3298358917236328,-0.06579285115003586,-0.24879267811775208,-0.015733584761619568,0.090259850025177,0.056725531816482544,0.01001774799078703,0.1138215884566307,0.772215723991394,0.9924142956733704,0.8511734008789062,0.6765965819358826,0.07288042455911636,0.05781936272978783,0.0068980613723397255,0.06104534864425659,-1.3713765144348145,4.663236141204834,-0.12245586911272384,0.09503876394610268,0.5924821278913376,-0.09399214266455702,-0.23813839630184996,-0.8279972124860627
9642,9,0.6200371384620667,-0.01093259546905756,0.6187312006950378,-0.014777963049709797,-0.5152233242988586,-0.05110245198011398,-0.4801507890224457,0.0733967199921608,0.10922936350107193,0.05040412396192551,0.01001560129225254,0.1536610722541809,0.7722573280334473,0.9933299422264099,0.8496654033660889,0.6753703355789185,0.08982758224010468,0.050942711532115936,0.006578618194907904,0.08159303665161133,-1.8926632404327393,4.624972343444824,-0.16600725072818898,0.11425653618369482,0.5900085998470853,-0.10174083111555463,-0.24983198587912894,-0.7605743986916399
9643,9,0.6142430305480957,-0.011408167891204357,0.6128942966461182,-0.013693141750991344,-0.6293700933456421,-0.04987403377890587,-0.6754387617111206,0.13603919744491577,0.13752879202365875,0.04499609395861626,0.010013706050813198,0.17662402987480164,0.7722244262695312,0.9942818284034729,0.8478181958198547,0.6744067668914795,0.11250133067369461,0.04629024118185043,0.006189101841300726,0.09305771440267563,-2.544844150543213,1.212148666381836,-0.18409810919022662,0.14527651253588614,0.5875102799882936,-0.10934657510247245,-0.24983198587912894,-0.7605743986916464
9644,9,0.6071954965591431,-0.012778324075043201,0.6050204038619995,-0.012479253113269806,-0.7443720698356628,-0.19306053221225739,-0.8538928031921387,0.12301978468894958,0.16108156740665436,0.04037243872880936,0.010012042708694935,0.19362221658229828,0.7727363705635071,0.9955339431762695,0.845570981502533,0.6733595132827759,0.13618864119052887,0.04198228940367699,0.0056119076907634735,0.10121544450521469,-8.065056800842285,3.7129712104797363,-0.19964296397692236,0.16836410744430952,0.5849914773816897,-0.11645200517998869,-0.25280918143635733,-0.6878530840560638
9645,9,0.5985605716705322,-0.015030060894787312,0.59572434425354,-0.011922764591872692,-0.9381135106086731,-0.23848560452461243,-0.9739084243774414,-0.02170092985033989,0.18574640154838562,0.03640339896082878,0.010010582394897938,0.19322030246257782,0.7739042639732361,0.9967823624610901,0.8428612947463989,0.6727028489112854,0.16132691502571106,0.037675656378269196,0.0050807190127670765,0.10265758633613586,-11.062837600708008,6.973109245300293,-0.19139278276427252,0.1941586460471545,0.5824633855673261,-0.12333053602054894,-0.25280918143635733,-0.6878530840560572
9646,9,0.5881669521331787,-0.017088420689105988,0.5854517817497253,-0.01319373119622469,-1.1147279739379883,-0.1826644390821457,-1.0763531923294067,-0.21166463196277618,0.2214178442955017,0.032986752688884735,0.010009301826357841,0.1946740448474884,0.7751126289367676,0.9977381825447083,0.8399231433868408,0.6723269820213318,0.19042956829071045,0.03350845351815224,0.005010515917092562,0.10452092438936234,-7.756338119506836,9.307537078857422,-0.1952095208490075,0.23512918926433612,0.5799690395505304,-0.1297503197178565,-0.24706998297353513,-0.6098332685793347
9647,9,0.5771656632423401,-0.018164508044719696,0.5744048953056335,-0.015563175082206726,-1.1077978610992432,-0.07717908918857574,-1.1546725034713745,-0.27152419090270996,0.26021596789360046,0.030038578435778618,0.010008174926042557,0.20865635573863983,0.7761684060096741,0.9984212517738342,0.8368756175041199,0.6718509197235107,0.22325335443019867,0.03016768768429756,0.004887997638434172,0.11107541620731354,-9.236648559570312,9.79295539855957,-0.21403784608261842,0.2772538259307211,0.5774983397207946,-0.1358486524036502,-0.24706998297358798,-0.6098332685793347
9648,9,0.5658761262893677,-0.018819529563188553,0.5623323321342468,-0.018551791086792946,-1.1323508024215698,-0.05631181225180626,-1.2392542362213135,-0.311909556388855,0.28280481696128845,0.02748299390077591,0.010007183998823166,0.2321573793888092,0.777803897857666,0.9990108013153076,0.8336933851242065,0.671105146408081,0.25256654620170593,0.027738019824028015,0.004684711806476116,0.12147641181945801,-12.493243217468262,9.066352844238281,-0.24155949034955107,0.2933752206010048,0.5750981814459674,-0.14154040171401944,-0.23261439049066232,-0.5265149522614461
9649,9,0.5540556311607361,-0.019773488864302635,0.5495976805686951,-0.021714942529797554,-1.1958045959472656,-0.12452666461467743,-1.278307557106018,-0.2807139456272125,0.3043661415576935,0.025267474353313446,0.0100063132122159,0.24918875098228455,0.7800562977790833,0.9998123645782471,0.8304132223129272,0.6702088117599487,0.27769729495048523,0.02621528133749962,0.004621618892997503,0.12832704186439514,-14.268298149108887,7.098979949951172,-0.2564695583318259,0.3151228661205186,0.5727720375410604,-0.14680555123663355,-0.2326143904907152,-0.5265149522614327
9650,9,0.5418193936347961,-0.021835554391145706,0.5367670059204102,-0.024034854024648666,-1.2227065563201904,-0.26133009791374207,-1.2682524919509888,-0.17863890528678894,0.33035629987716675,0.023342862725257874,0.010005549527704716,0.2544819414615631,0.782408595085144,1.0009241104125977,0.8272001147270203,0.669281542301178,0.30126863718032837,0.024640409275889397,0.004735010676085949,0.13066449761390686,-14.123916625976562,8.841137886047363,-0.25681113349434836,0.3441390499852332,0.5705357981603627,-0.1517268781533339,-0.20944240398784464,-0.43789813510238434
9651,9,0.5299127101898193,-0.02469732239842415,0.5244053602218628,-0.025362545624375343,-1.1606290340423584,-0.3119552731513977,-1.2067220211029053,-0.10748763382434845,0.3550110459327698,0.021669328212738037,0.01000487431883812,0.2523212432861328,0.7846502661705017,1.0021793842315674,0.8241350650787354,0.6684313416481018,0.3237797021865845,0.0230319332331419,0.004862322937697172,0.12961414456367493,-15.01894474029541,10.461284637451172,-0.24360985625011508,0.3689904106230091,0.5684413741204845,-0.15610585950435812,-0.20944240398784464,-0.43789813510239756
9652,9,0.5186371207237244,-0.027860185131430626,0.5126585960388184,-0.02643272466957569,-1.093050241470337,-0.318906307220459,-1.142183542251587,-0.1280292272567749,0.371005654335022,0.02020849660038948,0.01000428106635809,0.25011444091796875,0.7869340181350708,1.0033427476882935,0.8213992118835449,0.6676846146583557,0.33989447355270386,0.021211273968219757,0.005357939749956131,0.1292075663805008,-12.864055633544922,11.694536209106445,-0.24121991805496149,0.3802174919943959,0.5664387847860759,-0.16021437602066146,-0.17755402346492352,-0.3439828171021894
9653,9,0.508703351020813,-0.030602088198065758,0.5019848346710205,-0.02812132239341736,-0.9212275147438049,-0.24819828569889069,-1.0098445415496826,-0.21818700432777405,0.3827856481075287,0.018937937915325165,0.010003765113651752,0.2487971931695938,0.7891647219657898,1.0043483972549438,0.8190395832061768,0.6670469641685486,0.3507390022277832,0.01980609819293022,0.005751002114266157,0.1283169984817505,-13.94641399383545,11.406442642211914,-0.24344707420183775,0.3900012940480392,0.5646632445514271,-0.16365420419168317,-0.17755402346487065,-0.3439828171021762
9654,9,0.5000491142272949,-0.03305346891283989,0.49256885051727295,-0.030959337949752808,-0.8048520684242249,-0.23614484071731567,-0.869675874710083,-0.32653945684432983,0.38254767656326294,0.017829563468694687,0.010003309696912766,0.25502774119377136,0.7914853096008301,1.0053755044937134,0.8170939683914185,0.666222095489502,0.35362523794174194,0.018979046493768692,0.006173145957291126,0.1291874200105667,-12.429776191711426,7.950339317321777,-0.2578022161972109,0.3817822218808582,0.5629640364154687,-0.16690752230085934,-0.13694924892189891,-0.2447689982608348
9655,9,0.4928610920906067,-0.035931553691625595,0.4847222566604614,-0.03462822362780571,-0.6369689106941223,-0.32210201025009155,-0.6969628930091858,-0.38788414001464844,0.3819723129272461,0.016859835013747215,0.010002905502915382,0.26009711623191833,0.7936974167823792,1.0066144466400146,0.8156254291534424,0.6651625037193298,0.3502350449562073,0.018359927460551262,0.006635642144829035,0.12984955310821533,-12.986851692199707,7.9773712158203125,-0.2623288863475277,0.3801263021354988,0.5615945439262499,-0.16935521228346753,-0.13694924892189891,-0.2447689982608348
9656,9,0.4873216152191162,-0.03959721326828003,0.4787721037864685,-0.03870698809623718,-0.4821135997772217,-0.4029542803764343,-0.5080658197402954,-0.4212639331817627,0.37866684794425964,0.01601274497807026,0.010002554394304752,0.258292555809021,0.7955966591835022,1.0081195831298828,0.81465083360672,0.6639845967292786,0.3426641821861267,0.018014490604400635,0.007227304857224226,0.12730485200881958,-10.097057342529297,5.985355377197266,-0.2511061925564244,0.36801582829966917,0.5602684481409015,-0.17171094397878806,-0.09162356755901664,-0.1487231778061178
9657,9,0.4836348593235016,-0.04421383515000343,0.4747695028781891,-0.04304127395153046,-0.27327752113342285,-0.5165836811065674,-0.307796448469162,-0.44903871417045593,0.37322062253952026,0.01527172140777111,0.01000224333256483,0.2540615200996399,0.7971096038818359,1.0100526809692383,0.8141207098960876,0.6625199317932129,0.33280885219573975,0.01792041026055813,0.007585556246340275,0.12239693105220795,-12.05400276184082,5.09171724319458,-0.23712249240565605,0.35555533484030144,0.5593921673373128,-0.17311351076457113,-0.08762808035882373,-0.1402566785783073
9658,9,0.4814736247062683,-0.0502399280667305,0.47252365946769714,-0.04807687923312187,-0.15610545873641968,-0.6590408086776733,-0.14568984508514404,-0.5471086502075195,0.36346885561943054,0.014624008908867836,0.010001969523727894,0.24658754467964172,0.7983289361000061,1.0123238563537598,0.8139627575874329,0.6607964634895325,0.3206425607204437,0.017676284536719322,0.00801144354045391,0.11695080995559692,-11.328568458557129,4.909570217132568,-0.21625601695226274,0.33134849377198794,0.5585158865337241,-0.17451607755035436,0.22139257817836247,-0.09165460465575853
9659,9,0.4807124435901642,-0.057280972599983215,0.47193479537963867,-0.054170504212379456,-0.012084202840924263,-0.7427491545677185,0.01200215145945549,-0.6732310652732849,0.35615450143814087,0.014056151732802391,0.010001730173826218,0.2347569614648819,0.7991500496864319,1.0147842168807983,0.8142886161804199,0.6589788794517517,0.3055458664894104,0.017390510067343712,0.00863244291394949,0.1101854145526886,-7.821464538574219,4.880275726318359,-0.18596343446257113,0.3317937267232318,0.5645345636821294,-0.17483422086211475,0.6102506424418167,-0.03049588318328916
9660,9,0.481814980506897,-0.06489838659763336,0.47307533025741577,-0.06148691847920418,0.19243305921554565,-0.7913838624954224,0.19020438194274902,-0.7948998212814331,0.3492010235786438,0.013559170067310333,0.010001519694924355,0.22092048823833466,0.7993814945220947,1.0173405408859253,0.8150989413261414,0.6571264863014221,0.2901444137096405,0.01694509945809841,0.009075827896595001,0.10302847623825073,-7.6967620849609375,6.904263496398926,-0.16229217531810441,0.32571640595028095,0.5706370701065481,-0.1751391796939478,0.6102506424417637,-0.03049588318328916
9661,9,0.48466116189956665,-0.07272335886955261,0.4759259521961212,-0.06991223245859146,0.34792783856391907,-0.7890579104423523,0.3569140136241913,-0.888080358505249,0.3391839563846588,0.013124587014317513,0.01000133529305458,0.20598192512989044,0.7990893721580505,1.019954800605774,0.8163107633590698,0.6552435755729675,0.27463623881340027,0.016797985881567,0.009595234878361225,0.09479425102472305,-4.8005523681640625,4.5501017570495605,-0.14052360071505055,0.3046795950208519,0.5756219267503669,-0.1744246468818071,0.4843874781065452,0.08431328740960922
9662,9,0.4890972077846527,-0.08093121647834778,0.480324387550354,-0.07910493016242981,0.5233027935028076,-0.8478931188583374,0.5171936750411987,-0.9429590702056885,0.3276229202747345,0.012742733582854271,0.010001170448958874,0.19135446846485138,0.7983298897743225,1.0228098630905151,0.8178715109825134,0.6531338095664978,0.25934112071990967,0.016924690455198288,0.009904317557811737,0.08603323996067047,-5.8187761306762695,2.5941872596740723,-0.12555344633374346,0.28726685768802507,0.5804658015314326,-0.17358151400771096,0.4843874781065981,0.08431328740960922
9663,9,0.494785338640213,-0.09007874876260757,0.4861268401145935,-0.08888167887926102,0.6200553178787231,-0.9538089632987976,0.6452430486679077,-0.9901466369628906,0.3131951093673706,0.012407667003571987,0.010001027956604958,0.174909308552742,0.7971732020378113,1.0258378982543945,0.8198599815368652,0.6508591771125793,0.24195629358291626,0.01694295182824135,0.010533774271607399,0.07741712033748627,-1.845947504043579,2.0764517784118652,-0.09855530827819012,0.2617683038314045,0.5843531328578926,-0.17179431226209094,0.362996864393302,0.20412080807174518
9664,9,0.502228319644928,-0.09979861229658127,0.49359241127967834,-0.09865179657936096,0.8247544169425964,-0.9985694289207458,0.8183656334877014,-0.981013834476471,0.29857197403907776,0.012114015407860279,0.010000903159379959,0.15553759038448334,0.7955170273780823,1.0288951396942139,0.8222124576568604,0.6486123204231262,0.22507929801940918,0.016649939119815826,0.010776853188872337,0.06862998008728027,-4.051056861877441,5.751619338989258,-0.06188393799054129,0.24500305600899547,0.5879831015018259,-0.16975310418137313,0.36299686439324913,0.20412080807174518
9665,9,0.5109402537345886,-0.10944654047489166,0.5025432705879211,-0.10849565267562866,0.9049689173698425,-0.9439083337783813,0.9472770094871521,-0.9944917559623718,0.27934497594833374,0.011856235563755035,0.010000794194638729,0.13500238955020905,0.7935793399810791,1.0316979885101318,0.8247619867324829,0.6466326117515564,0.20851227641105652,0.016140365973114967,0.011037899181246758,0.059915684163570404,-3.3141350746154785,7.306632995605469,-0.03127151880809845,0.20683500933355475,0.5908086879159012,-0.16685324670172014,0.24607880130192833,0.32892667880310555
9666,9,0.5204931497573853,-0.11821780353784561,0.5125846862792969,-0.11829832196235657,0.9853889346122742,-0.8259601593017578,1.0403844118118286,-0.9712043404579163,0.25987696647644043,0.011629851534962654,0.010000696405768394,0.11585218459367752,0.7915101647377014,1.0341416597366333,0.827348530292511,0.6449788212776184,0.19324859976768494,0.015586678870022297,0.010968722403049469,0.051708996295928955,-5.76923131942749,8.683326721191406,-0.014678641935546438,0.18394712656007037,0.5932694759289199,-0.16356397991368923,0.24607880130187548,0.32892667880310555
9667,9,0.5301300287246704,-0.12580353021621704,0.5230655074119568,-0.1277269721031189,0.952057421207428,-0.6996480226516724,1.0523484945297241,-0.8942474722862244,0.23974420130252838,0.011431555263698101,0.010000611655414104,0.09965186566114426,0.7894673943519592,1.0361382961273193,0.8299149870872498,0.6436704993247986,0.17831891775131226,0.015006338246166706,0.011017246171832085,0.04485403373837471,-4.267370700836182,9.203886985778809,-0.007549215479883853,0.15786909470301072,0.595069097835587,-0.15951147989944908,0.1336332888324772,0.45873089960370345
9668,9,0.5397887229919434,-0.13194990158081055,0.5336554050445557,-0.13551567494869232,0.9627923965454102,-0.5486109852790833,1.0506035089492798,-0.6710813045501709,0.22206035256385803,0.011257318779826164,0.010000539012253284,0.0863388255238533,0.7874209880828857,1.0378214120864868,0.8323985934257507,0.642586350440979,0.164833664894104,0.014711705036461353,0.010912992060184479,0.03877163678407669,-3.8520896434783936,6.1722540855407715,-0.0027323774423219788,0.14759323759580165,0.5964054307239117,-0.1549241709034112,0.1336332888324772,0.45873089960370345
9669,9,0.5491498708724976,-0.13722145557403564,0.5438141226768494,-0.14117270708084106,0.918357253074646,-0.4946020841598511,0.992060661315918,-0.46776604652404785,0.20479963719844818,0.011104438453912735,0.010000471957027912,0.0753118246793747,0.7853915095329285,1.0393919944763184,0.8348866701126099,0.6415149569511414,0.15132787823677063,0.014736060053110123,0.01107095181941986,0.03337480127811432,0.504302978515625,1.2908244132995605,-0.0029595144197251955,0.12943300127974958,0.5972148685281453,-0.14967904155402995,0.02566032698489561,0.593533470473539
9670,9,0.5586501359939575,-0.14234846830368042,0.5535463094711304,-0.14506633579730988,0.96748286485672,-0.5119998455047607,0.9611181616783142,-0.3273088335990906,0.1892467737197876,0.011206673458218575,0.010000417940318584,0.06610420346260071,0.7832234501838684,1.040817379951477,0.8374218940734863,0.6404812932014465,0.1386084258556366,0.014592108316719532,0.011026539839804173,0.02939772792160511,-1.183607578277588,4.4316911697387695,0.011222482782805118,0.11885561559746413,0.5974714717979945,-0.14374370684929488,0.025660326984948478,0.5935334704735258
9671,9,0.5682818293571472,-0.14691880345344543,0.5631656646728516,-0.14779718220233917,0.9471359252929688,-0.4056054353713989,0.9565050601959229,-0.237163707613945,0.1722666472196579,0.0335577018558979,0.010000365786254406,0.05833407863974571,0.7811317443847656,1.0390478372573853,0.8398036956787109,0.6396206617355347,0.12731319665908813,0.03307944908738136,0.010845936834812164,0.02595861256122589,-1.3129234313964844,3.0054831504821777,0.0371433135527721,0.0929698391990007,0.5973265059047702,-0.137265961364219,-0.07784008424071062,0.7333343914125989
9672,9,0.577385425567627,-0.15055109560489655,0.5725013017654419,-0.14998294413089752,0.8799110054969788,-0.3100866973400116,0.9133169651031494,-0.20377689599990845,0.1557604819536209,0.043553221970796585,0.010000319220125675,0.0517556332051754,0.7793152332305908,1.0382516384124756,0.8419837951660156,0.6389560699462891,0.1163649931550026,0.0437038317322731,0.010640841908752918,0.023230619728565216,-1.1334419250488281,0.8433437347412109,0.04533123388061965,0.07576701723647436,0.5965481050623632,-0.12993261745009166,-0.07784008424071062,0.7333343914125989
9673,9,0.5857200026512146,-0.15329059958457947,0.5812516212463379,-0.15211515128612518,0.7967292070388794,-0.22619986534118652,0.84366774559021,-0.21598973870277405,0.14077506959438324,0.052772488445043564,0.010000279173254967,0.04613972082734108,0.7777537107467651,1.0375069379806519,0.8439462184906006,0.6386527419090271,0.10615704208612442,0.051737427711486816,0.010385657660663128,0.0212322399020195,-1.819448471069336,2.493596076965332,0.05433608085298578,0.06587836621967968,0.5954845158766561,-0.12218226902876694,-0.1768679448443415,0.8781336624208899
9674,9,0.5932002067565918,-0.15463662147521973,0.5893135070800781,-0.1541719287633896,0.7016650438308716,-0.06336040794849396,0.76617431640625,-0.1973598748445511,0.1274450719356537,0.06346216797828674,0.010000243782997131,0.04135386273264885,0.7765598893165588,1.0363128185272217,0.845474362373352,0.6387473344802856,0.0984179750084877,0.060250550508499146,0.009717967361211777,0.019614778459072113,-6.117298603057861,3.604717254638672,0.06559253060454515,0.058309039599872256,0.5937158364282126,-0.11340093240455851,-0.1768679448443415,0.8781336624208832
9675,9,0.5988867282867432,-0.15450069308280945,0.5961143970489502,-0.1560308188199997,0.46506091952323914,0.09135053306818008,0.6102555990219116,-0.14448708295822144,0.1158030778169632,0.0633966252207756,0.010000213980674744,0.0372440479695797,0.7759435772895813,1.0356000661849976,0.8465932607650757,0.6393462419509888,0.09107407927513123,0.06106686592102051,0.009430735372006893,0.018402211368083954,-2.645561695098877,3.705930709838867,0.06299050463775155,0.05368677567585875,0.5917694043549984,-0.10433799424643149,-0.27142325482615565,1.0279312834984118
9676,9,0.6030969619750977,-0.1525799185037613,0.6015039682388306,-0.1561816781759262,0.36161601543426514,0.2582862079143524,0.45602211356163025,0.09875524789094925,0.10904623568058014,0.06310250610113144,0.010000189766287804,0.033706892281770706,0.7755035161972046,1.0347012281417847,0.8473951816558838,0.6404855847358704,0.08613511919975281,0.05919929966330528,0.008895660750567913,0.017760498449206352,-3.4501850605010986,7.542595863342285,0.06127947260382431,0.07217925503557904,0.5890551718067375,-0.09405868141144788,-0.2714232548261028,1.0279312834984118
9677,9,0.6059966087341309,-0.1486513763666153,0.605134129524231,-0.15349991619586945,0.21607965230941772,0.4869840145111084,0.2679818272590637,0.40153244137763977,0.10359823703765869,0.061926260590553284,0.010000167414546013,0.030659643933176994,0.7754572033882141,1.0334832668304443,0.8476653099060059,0.6419745683670044,0.0840119868516922,0.057775579392910004,0.008417361415922642,0.01634998805820942,-4.048740863800049,2.154841423034668,0.054607336645527464,0.07335182846624119,0.5862616772509911,-0.08364316671596325,-0.3542084475940293,1.1701872978806314
9678,9,0.6068671941757202,-0.143814355134964,0.6062981486320496,-0.14852534234523773,-0.00016724877059459686,0.5215762257575989,0.007635852321982384,0.6007905602455139,0.10028200596570969,0.05857829377055168,0.01000014878809452,0.028021633625030518,0.775892972946167,1.0320947170257568,0.8475207686424255,0.6438416242599487,0.08307965844869614,0.05364789068698883,0.007891213521361351,0.015992948785424232,-5.278756618499756,6.626420021057129,0.03763683611856633,0.08168586930068353,0.5826466171091319,-0.07181589416951215,-0.3615060141859945,1.1827272546451713
9679,9,0.606023907661438,-0.13724902272224426,0.605442464351654,-0.14126737415790558,-0.17073982954025269,0.7584092617034912,-0.17948703467845917,0.8164911270141602,0.10373952239751816,0.057142503559589386,0.010000133886933327,0.025734422728419304,0.7765824198722839,1.0301017761230469,0.8467206954956055,0.6462267637252808,0.08763183653354645,0.05053098127245903,0.007075633388012648,0.015428086742758751,-8.21845531463623,5.396006107330322,0.04810502173143323,0.10459490055161823,0.5790315569672722,-0.05998862162305963,-0.3994142097181926,1.2534841709393147
9680,9,0.6026230454444885,-0.1290106475353241,0.6022521257400513,-0.1324491649866104,-0.4623754322528839,0.8998875021934509,-0.4222961962223053,0.9546704292297363,0.11828776448965073,0.053193897008895874,0.010000119917094707,0.0237536933273077,0.7773022651672363,1.0277042388916016,0.845206081867218,0.6491065621376038,0.10073202848434448,0.04603823646903038,0.006251947488635778,0.015250534750521183,-10.511978149414062,7.410247325897217,0.02807477245211143,0.12231653866597134,0.5745706782465906,-0.046582600377506236,-0.447116222923858,1.3425215758611548
9681,9,0.5964975357055664,-0.11887560039758682,0.5968729853630066,-0.12205606698989868,-0.7408794164657593,1.116989254951477,-0.6483885049819946,1.1203759908676147,0.15287213027477264,0.04860883951187134,0.010000108741223812,0.022028369829058647,0.7774852514266968,1.0247248411178589,0.8430251479148865,0.6527121067047119,0.12720461189746857,0.04011586681008339,0.005579142365604639,0.015463195741176605,-10.526728630065918,10.315852165222168,0.019143782780334073,0.16327080845974362,0.5700995160173513,-0.03315738461889216,-0.447116222923858,1.3425215758611548
9682,9,0.5880867838859558,-0.10611173510551453,0.5892047882080078,-0.10970120131969452,-0.9295951724052429,1.401955246925354,-0.8909856677055359,1.3328361511230469,0.19265833497047424,0.043466757982969284,0.010000097565352917,0.020524736493825912,0.7776195406913757,1.020881175994873,0.8403958678245544,0.657226026058197,0.16045814752578735,0.033448122441768646,0.005213316064327955,0.015934234485030174,-10.32823657989502,14.099466323852539,-0.0019023292261600433,0.2062823223039283,0.5649078611303084,-0.018268829734183978,-0.5282538810399047,1.5073142471463747
9683,9,0.5782948732376099,-0.09010692685842514,0.5790849924087524,-0.09483136981725693,-1.028988242149353,1.7440171241760254,-1.132562279701233,1.6154054403305054,0.22689877450466156,0.039062559604644775,0.010000089183449745,0.035481952130794525,0.7781738042831421,1.0159541368484497,0.8376590013504028,0.6619866490364075,0.19204045832157135,0.027432186529040337,0.005305421072989702,0.0257091224193573,-6.6823530197143555,14.11907958984375,-0.037970352706600735,0.2402768824819536,0.5596253223199097,-0.0031956872627191997,-0.5282538810398518,1.5073142471463747
9684,9,0.5683343410491943,-0.07110962271690369,0.5667414665222168,-0.07686954736709595,-0.9781372547149658,2.017853021621704,-1.3165687322616577,1.9468497037887573,0.2518318295478821,0.03527691960334778,0.010000080801546574,0.07793831080198288,0.7792447805404663,1.0100704431533813,0.8349701762199402,0.6662926077842712,0.2186570018529892,0.022686464712023735,0.005303439684212208,0.05227570980787277,-6.65086030960083,13.1641845703125,-0.08649762381666809,0.26250523891207944,0.5537386716714797,0.013167383123319446,-0.6049189885339232,1.671013178378493
9685,9,0.5584568381309509,-0.05021901801228523,0.5534089803695679,-0.05607935041189194,-0.9894962906837463,2.1514883041381836,-1.294551134109497,2.1934311389923096,0.2590526342391968,0.03201375529170036,0.010000074282288551,0.1196606457233429,0.7812364101409912,1.003464698791504,0.832371175289154,0.6710132360458374,0.2347741276025772,0.018935520201921463,0.005439235828816891,0.08081202208995819,-6.042933464050293,14.418463706970215,-0.13012761039650628,0.2622873782178114,0.5476894817861397,0.02987751490710751,-0.6049189885339232,1.671013178378493
9686,9,0.5488021373748779,-0.027912134304642677,0.5416051149368286,-0.03300260752439499,-0.9473704695701599,2.2790300846099854,-1.0840816497802734,2.3873894214630127,0.26683735847473145,0.029189089313149452,0.010000066831707954,0.1470239758491516,0.7836999297142029,0.9964367151260376,0.8299300670623779,0.6764105558395386,0.2441709190607071,0.016306113451719284,0.005651634186506271,0.10176947712898254,-5.992980003356934,13.429574966430664,-0.1546765886855404,0.2703082429929414,0.5411436157812993,0.047538699481011915,-0.6771115454060722,1.8092500090681671
9687,9,0.5396138429641724,-0.004948436748236418,0.5316705107688904,-0.008576619438827038,-0.8857100605964661,2.3048255443573,-0.9222040176391602,2.480715751647949,0.26863759756088257,0.026746898889541626,0.010000060312449932,0.17225337028503418,0.7863075137138367,0.9892039895057678,0.8278127908706665,0.6819990873336792,0.247092142701149,0.014138923957943916,0.006060509942471981,0.12175939977169037,-4.483461380004883,14.154117584228516,-0.18036575631270765,0.2694679476889766,0.5343725003272393,0.06563119957169267,-0.6771115454060722,1.8092500090681605
9688,9,0.531620979309082,0.018317103385925293,0.5233767628669739,0.016612108796834946,-0.735931396484375,2.324359893798828,-0.7602402567863464,2.5316696166992188,0.2676963210105896,0.024627914652228355,0.010000055655837059,0.18615040183067322,0.788910984992981,0.9822043776512146,0.8258894681930542,0.6876024603843689,0.24750909209251404,0.01342653576284647,0.006148218177258968,0.13264340162277222,-6.3787126541137695,8.176385879516602,-0.19093691963863735,0.2640086603799159,0.5272031993709625,0.08435098077099039,-0.7448315516562987,1.9159326490930595
9689,9,0.5242022275924683,0.04000328853726387,0.5159491300582886,0.041289642453193665,-0.7036826610565186,2.0809385776519775,-0.6913719773292542,2.4369752407073975,0.26257815957069397,0.022787651047110558,0.010000050067901611,0.1965787410736084,0.7916157245635986,0.975869357585907,0.824079692363739,0.6927328109741211,0.2453441321849823,0.01291827391833067,0.006179129239171743,0.1403910517692566,-8.931476593017578,5.9711408615112305,-0.20037563526380148,0.24239363513106169,0.5197548838543987,0.10351030726192463,-0.7448315516562987,1.9159326490930595
9690,9,0.517124593257904,0.059515759348869324,0.5092830657958984,0.06416440010070801,-0.6892523765563965,1.8645960092544556,-0.6329832673072815,2.1343672275543213,0.2573722004890442,0.021186375990509987,0.010000047273933887,0.1911577433347702,0.7942731380462646,0.969903826713562,0.8225875496864319,0.697983980178833,0.23877911269664764,0.011871663853526115,0.0066376435570418835,0.1402476727962494,-6.0443806648254395,9.581966400146484,-0.16652226028523306,0.23663583125982213,0.5119979283516625,0.12303625156129333,-0.8080790072846027,1.9910610984531982
9691,9,0.5113574862480164,0.0782475471496582,0.5038437247276306,0.08408120274543762,-0.5204908847808838,1.8341766595840454,-0.5003002285957336,1.8394057750701904,0.2523585855960846,0.019790908321738243,0.010000044479966164,0.18056154251098633,0.796602725982666,0.9642894268035889,0.8213419318199158,0.703193724155426,0.2323102355003357,0.011413275264203548,0.006811867468059063,0.13374963402748108,-6.358020305633545,8.701103210449219,-0.13160597261581009,0.23220082800865846,0.5039171382788165,0.1429468625458266,-0.8080790072846027,1.9910610984531851
9692,9,0.5064575672149658,0.09569676220417023,0.49913331866264343,0.1009388193488121,-0.46083953976631165,1.668487310409546,-0.44107335805892944,1.5685545206069946,0.2423306703567505,0.018572939559817314,0.010000040754675865,0.17043469846248627,0.7987819314002991,0.9590527415275574,0.8204266428947449,0.7081035375595093,0.2225065529346466,0.01075520645827055,0.007268516346812248,0.12736165523529053,-3.6100947856903076,10.36266803741455,-0.12265171823316845,0.20148817542139424,0.4956083086345943,0.1630265364199526,-0.8668539122909842,2.0346353571485243
9693,9,0.5028520226478577,0.11206929385662079,0.49549102783203125,0.1159241646528244,-0.3042461574077606,1.5850038528442383,-0.3164692223072052,1.4237926006317139,0.23111847043037415,0.01750849187374115,0.010000038892030716,0.15668711066246033,0.8006731271743774,0.9540400505065918,0.8199992179870605,0.7129149436950684,0.20873621106147766,0.010107328183948994,0.007911412976682186,0.11876630783081055,0.08345365524291992,11.49202823638916,-0.09025051626729366,0.18461287753542205,0.48693976951168344,0.18337288999144177,-0.8668539122909842,2.0346353571485243
9694,9,0.5011088252067566,0.12771575152873993,0.49331942200660706,0.1297374665737152,-0.10028509795665741,1.524521827697754,-0.1504761427640915,1.328500747680664,0.2157767415046692,0.016580481082201004,0.010000037029385567,0.14190475642681122,0.8022448420524597,0.949390709400177,0.8199310898780823,0.7174776196479797,0.19388386607170105,0.009935058653354645,0.008129755035042763,0.107937291264534,-0.3756248950958252,9.291107177734375,-0.06787742976910544,0.1501903690240542,0.47811484613095173,0.20375385991500455,-0.9211562666754433,2.046655425179096
9695,9,0.500555157661438,0.14200182259082794,0.49243006110191345,0.14228923618793488,-0.009472427889704704,1.3599859476089478,-0.024773143231868744,1.2076220512390137,0.1952020525932312,0.015768935903906822,0.010000036098062992,0.1265941858291626,0.8038345575332642,0.94542396068573,0.820054829120636,0.7214832305908203,0.1767580360174179,0.010425757616758347,0.008313997648656368,0.09510896354913712,-0.4592931270599365,3.5450339317321777,-0.04723483958503,0.1040153688202333,0.4689032834641985,0.22422041416679456,-0.9211562666754433,2.046655425179109
9696,9,0.5006694793701172,0.15384922921657562,0.49258843064308167,0.15368914604187012,0.05087587237358093,1.0694977045059204,0.0723460465669632,1.1133922338485718,0.17333613336086273,0.015058735385537148,0.010000034235417843,0.10835239291191101,0.8055086731910706,0.9424227476119995,0.8203368186950684,0.7247979044914246,0.1575235277414322,0.011127776466310024,0.008439665660262108,0.08018210530281067,-1.0023164749145508,0.38773536682128906,-0.00821396632004956,0.0720711877581058,0.45959804675193267,0.24465024661447587,-0.9709860704379535,2.0271213025449013
9697,9,0.5013042092323303,0.16277746856212616,0.4936470091342926,0.16422510147094727,0.08635607361793518,0.7704008221626282,0.14437264204025269,1.0029164552688599,0.15099011361598969,0.04868040233850479,0.010000033304095268,0.09349190443754196,0.8072930574417114,0.9365482926368713,0.8205832839012146,0.7270879745483398,0.1387563943862915,0.03750525787472725,0.008287661708891392,0.06656211614608765,-3.113377094268799,-4.244034290313721,0.05442832755327709,0.04235495202604407,0.4498881860475531,0.26492145963992625,-0.9709860704379535,2.0271213025449146
9698,9,0.5017120838165283,0.16852709650993347,0.4949488043785095,0.1726209819316864,0.029112190008163452,0.4631408154964447,0.1383742094039917,0.6987130045890808,0.12876003980636597,0.11020602285861969,0.010000032372772694,0.0812455490231514,0.8092882037162781,0.9293766617774963,0.8207895755767822,0.7286077737808228,0.11945746839046478,0.08120661228895187,0.008222858421504498,0.057106588035821915,-3.319309949874878,-2.1936774253845215,0.12433630915711874,0.015040606980843408,0.4401384164087285,0.2851477210864079,-1.0126689515059053,1.9801716321007252
9699,9,0.5019763708114624,0.1728266477584839,0.496443510055542,0.17796295881271362,0.008816134184598923,0.4030900001525879,0.14003953337669373,0.38924893736839294,0.11010835319757462,0.1797112226486206,0.010000030510127544,0.07105191797018051,0.8115163445472717,0.9226576685905457,0.8205567598342896,0.7295675277709961,0.10455068200826645,0.1319899708032608,0.007437512744218111,0.04861367493867874,-8.2588529586792,-6.958318710327148,0.2011743331357266,0.0010498318694726122,0.429974983172944,0.3049080509788661,-1.0163433235785675,1.9760329892458999
9700,9,0.5004173517227173,0.1754905879497528,0.4967738687992096,0.17988279461860657,-0.24594467878341675,0.2172224223613739,-0.021957170218229294,0.08551278710365295,0.09494732320308685,0.22618569433689117,0.01729331910610199,0.06251181662082672,0.8142093420028687,0.9175788164138794,0.8193896412849426,0.7300940155982971,0.0918903797864914,0.1757921278476715,0.012452422641217709,0.0422801747918129,-7.061227798461914,-9.983165740966797,0.2441403473873821,-0.018404496635918245,0.41981154993715836,0.3246683808713266,-1.0344470675152253,1.9394388932179674
9701,9,0.4970615804195404,0.17702683806419373,0.49574485421180725,0.17982468008995056,-0.41513895988464355,0.12173685431480408,-0.17520654201507568,-0.06887396425008774,0.08244074881076813,0.2827530801296234,0.016391782090067863,0.05529099702835083,0.8173266649246216,0.9131941795349121,0.8181639313697815,0.7303756475448608,0.08195523917675018,0.2191377878189087,0.011378074064850807,0.037044353783130646,-7.5485992431640625,-11.4669189453125,0.3079426999302167,-3.053830383844408e-05,0.4092441807515635,0.3436122127516528,-1.0572280260972593,1.8933904852821584
9702,9,0.4917921721935272,0.1778334677219391,0.49291908740997314,0.17846913635730743,-0.611545205116272,0.070694699883461,-0.3811550736427307,-0.17663723230361938,0.07203653454780579,0.3343296945095062,0.015602978877723217,0.04915773123502731,0.8209229111671448,0.9092140197753906,0.816531777381897,0.7305738925933838,0.07327651232481003,0.2609056830406189,0.010279807262122631,0.03296379745006561,-6.223022937774658,-12.509956359863281,0.3607712302047768,0.008947792347172606,0.3986719004905897,0.3625461176044781,-1.0572280260972593,1.8933904852821848
9703,9,0.48495396971702576,0.17858068645000458,0.487545371055603,0.1764858365058899,-0.7486482262611389,0.07799798995256424,-0.684428334236145,-0.1935928463935852,0.0654490739107132,0.37945491075515747,0.014915055595338345,0.04394739866256714,0.824630081653595,0.9056340456008911,0.8145791292190552,0.7308675646781921,0.06710989773273468,0.2980749011039734,0.00934702716767788,0.029871609061956406,-5.327854156494141,-11.572408676147461,0.40670664793375505,0.02507599624200016,0.38777628469460734,0.38046596952631806,-1.093640177994002,1.7791937906536368
9704,9,0.4769876003265381,0.17982640862464905,0.4793086051940918,0.17541556060314178,-0.8632087111473083,0.15786638855934143,-0.9604822397232056,-0.02231607213616371,0.06125713512301445,0.4188491702079773,0.014311067759990692,0.03947072848677635,0.8284738659858704,0.9022851586341858,0.8122103214263916,0.7314795255661011,0.0640544593334198,0.3287041485309601,0.00827044527977705,0.0277116522192955,-6.36744499206543,-9.814136505126953,0.4440941371999905,0.03528276907080592,0.3768398829146673,0.3982579074328556,-1.0936401779940284,1.7791937906536368
9705,9,0.4674873650074005,0.18230684101581573,0.468487024307251,0.17646506428718567,-1.0332404375076294,0.3243272006511688,-1.1847044229507446,0.21285384893417358,0.058846600353717804,0.447903037071228,0.01378149539232254,0.03561984375119209,0.8325250744819641,0.8989690542221069,0.809546947479248,0.7329069972038269,0.06207761913537979,0.34643834829330444,0.007633931934833527,0.026920218020677567,-3.3647680282592773,-4.887199401855469,0.46761080868069,0.04379670059364707,0.36565180091327015,0.41490134587089567,-1.1255797792688487,1.6334429053603086
9706,9,0.45708394050598145,0.1878163367509842,0.456102192401886,0.18062330782413483,-1.08986234664917,0.6985471844673157,-1.307930588722229,0.5529116988182068,0.06276711076498032,0.46388107538223267,0.013318013399839401,0.03230585157871246,0.83623206615448,0.8954472541809082,0.8065512776374817,0.7354074120521545,0.06589344143867493,0.3515053391456604,0.006802850868552923,0.02633465826511383,-3.3699774742126465,-2.3270976543426514,0.4753282588699691,0.06352850736285406,0.3543960031205803,0.43123577492450194,-1.1255797792688487,1.633442905360335
9707,9,0.4454951882362366,0.19687876105308533,0.44268736243247986,0.1882525533437729,-1.225447416305542,1.0730513334274292,-1.359643816947937,0.9402093887329102,0.06683406978845596,0.4586251974105835,0.012912024743855,0.029444938525557518,0.8402277231216431,0.8917171359062195,0.8031170964241028,0.7390326857566833,0.0715947151184082,0.3426592946052551,0.005961907096207142,0.026013094931840897,-4.224104881286621,-0.4038262367248535,0.4436694090614866,0.06765645302951107,0.3429512353187465,0.446396542484307,-1.1530468299217465,1.4628495935163963
9708,9,0.43236610293388367,0.20970702171325684,0.4290003478527069,0.19990237057209015,-1.3838016986846924,1.4568172693252563,-1.3800859451293945,1.3605238199234009,0.0823560282588005,0.44458404183387756,0.012556520290672779,0.026971466839313507,0.8437167406082153,0.887617826461792,0.7991413474082947,0.7437930107116699,0.0871543139219284,0.3221713900566101,0.004937386605888605,0.02594159170985222,-8.463132858276367,2.5520825386047363,0.40390885553092093,0.08582929299469022,0.3314207670195303,0.46102503841947,-1.1530468299217465,1.4628495935163697
9709,9,0.4173300564289093,0.22638730704784393,0.41480571031570435,0.2157159149646759,-1.596317172050476,1.85739266872406,-1.4579113721847534,1.7868095636367798,0.104598768055439,0.4216803014278412,0.012245013378560543,0.024827880784869194,0.8470896482467651,0.8828783631324768,0.7945206165313721,0.7497174739837646,0.11089180409908295,0.29298654198646545,0.0039472514763474464,0.02605283260345459,-11.60961627960205,4.921736717224121,0.3532609779272772,0.11025703937944006,0.31975509382223255,0.47466225315573196,-1.1760413299527748,1.2942609115783388
9710,9,0.4001901149749756,0.24709630012512207,0.3995668888092041,0.23581726849079132,-1.8068220615386963,2.261209011077881,-1.5884538888931274,2.217954397201538,0.1375102996826172,0.3897530436515808,0.011971081607043743,0.02296048030257225,0.8501895070075989,0.8773339986801147,0.789318859577179,0.7567375302314758,0.14468146860599518,0.25818488001823425,0.0031739973928779364,0.0261152945458889,-12.436356544494629,5.560355186462402,0.29092366668432784,0.1464989192770741,0.30799468052270357,0.4876048622715178,-1.1760413299527748,1.2942609115783388
9711,9,0.3813026249408722,0.2716664969921112,0.38276225328445435,0.26017239689826965,-1.9404832124710083,2.6169607639312744,-1.776167869567871,2.6164627075195312,0.17465540766716003,0.3497258126735687,0.011730854399502277,0.02133658155798912,0.8533182740211487,0.870990514755249,0.7837477922439575,0.7644473314285278,0.1839117407798767,0.2241038978099823,0.002709941705688834,0.02559470385313034,-12.543508529663086,1.437239646911621,0.21831155255996132,0.18657201457980613,0.2961438823349199,0.4997673138261391,-1.1945632793618277,1.1343886236603054
9712,9,0.36142486333847046,0.29862308502197266,0.3634040057659149,0.28767961263656616,-1.9949495792388916,2.7833259105682373,-2.05232834815979,2.8707854747772217,0.20650264620780945,0.3043115437030792,0.011520416475832462,0.019924549385905266,0.8568141460418701,0.8641385436058044,0.77822345495224,0.7724425792694092,0.21948231756687164,0.19204625487327576,0.002798341913148761,0.02479589730501175,-9.819219589233398,-2.2441482543945312,0.1432850624325947,0.2185628141926318,0.28419824954130163,0.5111112000627431,-1.1945632793618277,1.1343886236603318
9713,9,0.34201541543006897,0.326765239238739,0.34188538789749146,0.31717172265052795,-1.878117322921753,2.8455469608306885,-2.2296831607818604,3.008579969406128,0.23073400557041168,0.26006072759628296,0.011335588991641998,0.018692199140787125,0.8605942726135254,0.8570221662521362,0.773074209690094,0.7804086208343506,0.24748770892620087,0.1631133258342743,0.003039568429812789,0.02379223331809044,-8.763846397399902,-3.9261364936828613,0.0903968641189341,0.2407034717346147,0.2721981067680047,0.5218686195878874,-1.2086126781489845,0.9832327297624018
9714,9,0.3239617943763733,0.35506728291511536,0.3195326328277588,0.34739845991134644,-1.7470390796661377,2.813791275024414,-2.1702516078948975,3.0247039794921875,0.23461021482944489,0.2188062220811844,0.011172877624630928,0.017613233998417854,0.8651595115661621,0.8498125076293945,0.7685010433197021,0.7881726622581482,0.2585591673851013,0.13743871450424194,0.003631915431469679,0.02274881675839424,-3.6632657051086426,-4.980504512786865,0.04854276689422099,0.2361872068319933,0.26011197998651353,0.5317009468855132,-1.2086126781489845,0.9832327297624018
9715,9,0.30792465806007385,0.38293182849884033,0.30006012320518494,0.3775978088378906,-1.5109323263168335,2.7398712635040283,-1.7578811645507812,2.9872872829437256,0.23312081396579742,0.18236003816127777,0.011030190624296665,0.016671741381287575,0.8699857592582703,0.8427053689956665,0.7647075057029724,0.7955479621887207,0.2565205991268158,0.11572510749101639,0.0044098892249166965,0.02154926024377346,-0.07204294204711914,-5.57159423828125,0.019267385360423273,0.22688602811650457,0.24799827303268154,0.5411230655333379,-1.2181895263142055,0.8407932298844696
9716,9,0.29445090889930725,0.4095960855484009,0.28485584259033203,0.4069192707538605,-1.217610478401184,2.5855250358581543,-1.3310965299606323,2.864966869354248,0.22633719444274902,0.15263484418392181,0.010904848575592041,0.015848243609070778,0.8744351267814636,0.8359121680259705,0.7618916630744934,0.8022612929344177,0.2453654259443283,0.09888714551925659,0.005418410990387201,0.020022837445139885,4.155893325805664,-8.790205955505371,-0.005225856094611736,0.19773833161461318,0.23581637776953956,0.5495309978321831,-1.2181895263142055,0.8407932298844696
9717,9,0.28436797857284546,0.43397918343544006,0.2737590968608856,0.4346667528152466,-0.8416483998298645,2.307997465133667,-0.9231073260307312,2.685965061187744,0.21287333965301514,0.1292601227760315,0.010794858448207378,0.016091162338852882,0.8783174753189087,0.829688310623169,0.7600859999656677,0.8081640601158142,0.22728107869625092,0.08542273938655853,0.006346770096570253,0.01952957734465599,3.3862757682800293,-7.449989318847656,-0.016127508977386906,0.15488805085282675,0.22362488704014505,0.557687546754851,-1.2232938238575042,0.7070701240266409
9718,9,0.27769869565963745,0.45589104294776917,0.2666124105453491,0.45971253514289856,-0.5184522867202759,2.091519832611084,-0.5409866571426392,2.307594060897827,0.19087475538253784,0.1105051189661026,0.010698228143155575,0.015340575948357582,0.8817880153656006,0.823935866355896,0.759272038936615,0.8135665059089661,0.2013501226902008,0.0739360824227333,0.007414364255964756,0.018279727548360825,5.483920574188232,-6.704509258270264,-0.006507585371065605,0.09273420264747687,0.21139194880157008,0.5647582479951174,-1.223293823857491,0.707070124026588
9719,9,0.27450504899024963,0.4758847951889038,0.26327842473983765,0.4805665612220764,-0.17314353585243225,1.8967095613479614,-0.17384228110313416,1.885175347328186,0.16291792690753937,0.09523942321538925,0.010613329708576202,0.014683440327644348,0.8847886323928833,0.8186768293380737,0.7595714330673218,0.8183489441871643,0.16798079013824463,0.06501325964927673,0.008537035435438156,0.01705257035791874,10.691642761230469,-7.280120849609375,-0.00162168051005529,0.03155555848833311,0.1991584547015898,0.5717189583447878,-1.2238743932254685,0.5921901535381006
9720,9,0.2751898765563965,0.49366480112075806,0.2637439966201782,0.49767521023750305,0.23291541635990143,1.6485648155212402,0.21318188309669495,1.5490663051605225,0.13747714459896088,0.08271823078393936,0.03578472509980202,0.01410951092839241,0.8867467045783997,0.8142068982124329,0.7595303058624268,0.8223347663879395,0.13486924767494202,0.05846508964896202,0.027309773489832878,0.015639930963516235,12.32046890258789,-7.7641401290893555,0.001286719886473997,-0.04008368921857126,0.18691919899380252,0.5775395924666752,-1.2239255707788672,0.5820634121888099
9721,9,0.2791464328765869,0.5084769129753113,0.26765763759613037,0.5114408731460571,0.5253797769546509,1.3193689584732056,0.5436815023422241,1.2189146280288696,0.11713546514511108,0.07318868488073349,0.11183436214923859,0.01360579114407301,0.8873088955879211,0.8106265068054199,0.7581033706665039,0.825530469417572,0.10748976469039917,0.05342252925038338,0.08078012615442276,0.014446179382503033,10.373778343200684,-3.561352491378784,0.016383596649905824,-0.1288508972637001,0.17467994328601377,0.5833602265885632,-1.2221639080016775,0.530570066110892
9722,9,0.2851566970348358,0.5204182267189026,0.2744157314300537,0.5220432877540588,0.6356841325759888,1.0691604614257812,0.7587205171585083,0.9154514074325562,0.10066532343626022,0.06949277222156525,0.18470869958400726,0.013164271600544453,0.8867919445037842,0.8076822757720947,0.7572271823883057,0.8278723359107971,0.089817114174366,0.05224721133708954,0.13181579113006592,0.01293082907795906,10.576558113098145,-6.8079328536987305,0.047073251266594535,-0.2073668907255692,0.16247999430558596,0.5880319263392191,-1.2199471087084592,0.46577309437097664
9723,9,0.29130324721336365,0.5290130972862244,0.2822209298610687,0.5294975638389587,0.5921461582183838,0.6983168125152588,0.7956159114837646,0.62003093957901,0.08719579130411148,0.0711248368024826,0.24048705399036407,0.012777857482433319,0.8859851360321045,0.8053985834121704,0.7568648457527161,0.8293474316596985,0.0780307874083519,0.05499294400215149,0.17116454243659973,0.011665105819702148,9.573877334594727,-5.88796854019165,0.0714827888352261,-0.2630295380357634,0.1502805232185014,0.5926896572829291,-1.2199471087084592,0.46577309437097664
9724,9,0.29658886790275574,0.5344178676605225,0.2899976968765259,0.534451961517334,0.4575427174568176,0.39768481254577637,0.745714008808136,0.38344427943229675,0.07604137063026428,0.10912787169218063,0.2783627212047577,0.01243913546204567,0.8854955434799194,0.8013540506362915,0.756703794002533,0.8301536440849304,0.06973417103290558,0.07832519710063934,0.19707217812538147,0.01078922301530838,7.994346618652344,-2.0232009887695312,0.11867215082989506,-0.29609139334342116,0.13816220805793425,0.5963921447051074,-1.2108078041667532,0.35819917057324685
9725,9,0.3001387417316437,0.5376924276351929,0.296995609998703,0.5373055934906006,0.2409958392381668,0.25706958770751953,0.6372643113136292,0.18334241211414337,0.0666920393705368,0.14986257255077362,0.30231615900993347,0.01214135717600584,0.885564386844635,0.797021746635437,0.7565597891807556,0.8308157920837402,0.06265899538993835,0.10537566244602203,0.21333931386470795,0.01073562353849411,11.528051376342773,3.227992057800293,0.16143251886319274,-0.31409896944903515,0.12605413001626672,0.59997413641084,-1.2108078041667598,0.35819917057324685
9726,9,0.30212634801864624,0.5409573316574097,0.3031836748123169,0.5387805700302124,0.11042194813489914,0.34373030066490173,0.5507628917694092,0.09153926372528076,0.05882672592997551,0.17479196190834045,0.311633825302124,0.011880158446729183,0.8861547112464905,0.7933769226074219,0.7564226984977722,0.8316306471824646,0.05673779547214508,0.12534520030021667,0.2191174030303955,0.010769636370241642,12.470329284667969,4.816882610321045,0.18288338943174687,-0.3164268835447576,0.11405982014674375,0.602777142656703,-1.1963699987838148,0.25934164079551475
9727,9,0.30250656604766846,0.5447841286659241,0.30694708228111267,0.5397881865501404,-0.02871611900627613,0.4026060998439789,0.1812800168991089,0.134030282497406,0.05216440558433533,0.17392586171627045,0.32286107540130615,0.011650850996375084,0.8874452710151672,0.7912112474441528,0.7558575868606567,0.8323704600334167,0.052849046885967255,0.134024977684021,0.21848802268505096,0.010367153212428093,8.108785629272461,0.6958985328674316,0.1698295718077619,-0.3287440169861453,0.10209612015890476,0.6053705590646585,-1.1963699987838148,0.25934164079551475
9728,9,0.3002501428127289,0.5479069948196411,0.3058009743690491,0.5413187742233276,-0.34583595395088196,0.2893275022506714,-0.31189781427383423,0.2128448188304901,0.046501778066158295,0.17125219106674194,0.3317187428474426,0.011449777521193027,0.8896504640579224,0.7900933027267456,0.7546353340148926,0.8330333232879639,0.0491674430668354,0.13536542654037476,0.21706892549991608,0.01011245884001255,8.588223457336426,-1.14471435546875,0.15854231408969338,-0.3365343433657111,0.09026820358716096,0.607343815286365,-1.1766336925598029,0.16920050503783327
9729,9,0.2954593896865845,0.5504957437515259,0.30076611042022705,0.5438805818557739,-0.5940873026847839,0.24295322597026825,-0.6541363596916199,0.28556984663009644,0.04165927693247795,0.17323656380176544,0.3274356424808502,0.011273181065917015,0.8925080895423889,0.7890201807022095,0.7530979514122009,0.8338928818702698,0.04557155445218086,0.13404539227485657,0.21123376488685608,0.010386685840785503,10.61084270477295,4.034857749938965,0.17389495803235483,-0.3124211610283591,0.07850186666156354,0.6090358203367437,-1.1766336925598029,0.16920050503788614
9730,9,0.28890109062194824,0.5539622902870178,0.29323187470436096,0.5474526882171631,-0.7503814697265625,0.38936397433280945,-0.8686985969543457,0.3816376030445099,0.037519074976444244,0.17770293354988098,0.3199808895587921,0.011118581518530846,0.8961322903633118,0.7874374389648438,0.7511201500892639,0.834995687007904,0.043218668550252914,0.13407430052757263,0.19927549362182617,0.010584209114313126,7.100310325622559,6.517653465270996,0.17929514258876722,-0.29341175616630943,0.06688273139432388,0.6102490576864552,-1.1515988854946375,0.08777576330025526
9731,9,0.2797468602657318,0.5583909153938293,0.2831704020500183,0.5515074729919434,-1.0582797527313232,0.49681204557418823,-1.1246204376220703,0.4419946074485779,0.03394484892487526,0.17343585193157196,0.3122618496417999,0.01098246593028307,0.9004148244857788,0.7856373190879822,0.7486351132392883,0.836600661277771,0.040065690875053406,0.12906990945339203,0.19025391340255737,0.011215642094612122,13.393232345581055,8.794710159301758,0.15329924303005663,-0.2845536976523189,0.055366742539375416,0.611126815319458,-1.151598885494631,0.08777576330025526
9732,9,0.2691854238510132,0.5648224353790283,0.2713897228240967,0.5571872591972351,-1.10692298412323,0.7183653116226196,-1.2636232376098633,0.6402822136878967,0.030861565843224525,0.1659964621067047,0.29836392402648926,0.010862966999411583,0.904978334903717,0.7834908366203308,0.7459192276000977,0.8387380838394165,0.037511296570301056,0.12066485732793808,0.17891262471675873,0.011722165159881115,12.016021728515625,12.599676132202148,0.13043585838108945,-0.24751138807482595,0.04399877658337197,0.6116497649493343,-1.121265577588303,0.015067415582674975
9733,9,0.2574229836463928,0.5732898116111755,0.2579994201660156,0.5646942853927612,-1.242443561553955,0.9368528127670288,-1.4062490463256836,0.8432548642158508,0.02819233573973179,0.15232738852500916,0.2873528301715851,0.010757936164736748,0.9101297855377197,0.781104326248169,0.7427201867103577,0.8412280678749084,0.035947151482105255,0.11013445258140564,0.16559000313282013,0.011946470476686954,9.112024307250977,10.46055793762207,0.08558073688960305,-0.2462453281492407,0.032786120807488175,0.6118004391051611,-1.121265577588303,0.015067415582674975
9734,9,0.24355225265026093,0.5829996466636658,0.24296104907989502,0.573885977268219,-1.4756793975830078,1.0256716012954712,-1.5493789911270142,1.002902865409851,0.025886306539177895,0.13330911099910736,0.27533915638923645,0.010665955021977425,0.9157662987709045,0.7787955403327942,0.7390500903129578,0.8439213037490845,0.033804479986429214,0.09692737460136414,0.15542632341384888,0.011981809511780739,13.158955574035645,6.27028226852417,0.036445905789174476,-0.22925540383101142,0.02171171216944745,0.6117028321673629,-1.0856337688408215,-0.04892453811485471
9735,9,0.22852949798107147,0.5934032797813416,0.22722995281219482,0.5846294164657593,-1.5295053720474243,1.0567147731781006,-1.59297776222229,1.1247342824935913,0.023880979046225548,0.11378201842308044,0.2586059868335724,0.010585048235952854,0.9215837717056274,0.7765499353408813,0.7352098822593689,0.8467900156974792,0.03216328099370003,0.08185190707445145,0.14343485236167908,0.012246081605553627,9.928512573242188,10.411539077758789,0.0032892054450816832,-0.19289517937459505,0.01085537448103719,0.6112135867862144,-1.0856337688408215,-0.04892453811485471
9736,9,0.2125830054283142,0.6046357750892639,0.2111828774213791,0.5963236093521118,-1.6469453573226929,1.1641716957092285,-1.6187199354171753,1.2012243270874023,0.022137291729450226,0.097934789955616,0.24319714307785034,0.02149311453104019,0.9279610514640808,0.7739707827568054,0.7309134602546692,0.8489902019500732,0.03139660134911537,0.0689087063074112,0.12940073013305664,0.0217151939868927,5.508875846862793,9.206185340881348,-0.023128163786258427,-0.18082095222951333,0.00011691116769110225,0.6105651544329017,-1.0447034592521818,-0.10420009779233382
9737,9,0.1946159303188324,0.6160208582878113,0.19430536031723022,0.6082192659378052,-1.884034514427185,1.1400792598724365,-1.721880555152893,1.202529788017273,0.020618034526705742,0.08490339666604996,0.22645840048789978,0.057440005242824554,0.934842586517334,0.7710666656494141,0.7261446118354797,0.8497079014778137,0.030052684247493744,0.058495692908763885,0.11768241226673126,0.05251680314540863,8.346044540405273,7.540371417999268,-0.06369794717030487,-0.1566643010948164,-0.010330123424831429,0.6095231534549783,-1.0447034592521813,-0.10420009779233382
9738,9,0.17539343237876892,0.6271313428878784,0.1765964776277542,0.6202659010887146,-1.9504306316375732,1.0645787715911865,-1.835823893547058,1.1831740140914917,0.019294390454888344,0.0740981325507164,0.20466859638690948,0.08047943562269211,0.9420187473297119,0.7682809829711914,0.7211384773254395,0.8507913947105408,0.029247364029288292,0.05190938711166382,0.10342475771903992,0.07263404130935669,3.8186120986938477,6.301827430725098,-0.08526584605420431,-0.1101931609485402,-0.020690253406756197,0.6083936268383116,-0.9984746488223865,-0.15075926344976232
9739,9,0.15484307706356049,0.6366272568702698,0.15699979662895203,0.6313113570213318,-2.1065258979797363,0.8709177374839783,-2.043398857116699,1.0489189624786377,0.018140489235520363,0.06506792455911636,0.18323130905628204,0.09594154357910156,0.949429988861084,0.7661032676696777,0.7158925533294678,0.8518935441970825,0.02793761156499386,0.04682673141360283,0.09098102152347565,0.0853181704878807,6.402037143707275,4.025001525878906,-0.09958183345482832,-0.08587960910877934,-0.030674999894980744,0.6068860342038136,-0.9984746488223865,-0.1507592634498152
9740,9,0.13376298546791077,0.6441360712051392,0.13573138415813446,0.6409635543823242,-2.107937812805176,0.6431953310966492,-2.1949076652526855,0.8820170760154724,0.017133060842752457,0.05746219679713249,0.15930233895778656,0.09553714096546173,0.9569276571273804,0.7647403478622437,0.710543692111969,0.853175699710846,0.02718972973525524,0.042986441403627396,0.07692915946245193,0.08481352031230927,1.9193148612976074,5.425903797149658,-0.09323192800713688,-0.04515257552662777,-0.04061440853875252,0.6053451444759532,-0.9511215434480615,-0.1855364080125649
9741,9,0.11193406581878662,0.6493358612060547,0.11299359053373337,0.6484878659248352,-2.2240514755249023,0.42306435108184814,-2.3198740482330322,0.6451765298843384,0.016253139823675156,0.05102121829986572,0.1370936781167984,0.09303056448698044,0.9645459055900574,0.7641364932060242,0.7050120234489441,0.8541674017906189,0.026076680049300194,0.03952924907207489,0.06473192572593689,0.08113694190979004,4.6556806564331055,3.82188081741333,-0.07867677536212106,-0.02539648921018578,-0.050083881914267506,0.6034591241250814,-0.9469473375514328,-0.1886020350871931
9742,9,0.08981425315141678,0.6524420976638794,0.0895443707704544,0.6536988615989685,-2.207503318786621,0.20772910118103027,-2.36965274810791,0.38606783747673035,0.015890151262283325,0.045525334775447845,0.11682348698377609,0.08826570212841034,0.9719957709312439,0.7640904188156128,0.6994299292564392,0.8549125790596008,0.025604896247386932,0.03570403903722763,0.05353713780641556,0.07690485566854477,2.0625734329223633,9.225702285766602,-0.060784004212112705,0.013309704322820193,-0.059553355289782485,0.6015731037742095,-0.9217848711986492,-0.2014991934301282
9743,9,0.06762523949146271,0.6543949842453003,0.06602628529071808,0.655963122844696,-2.236995220184326,0.16184301674365997,-2.3356406688690186,0.07378502190113068,0.03159308806061745,0.040825486183166504,0.10041499137878418,0.08124060183763504,0.9768991470336914,0.7640286087989807,0.6937519311904907,0.8557726144790649,0.04104325547814369,0.031611982733011246,0.0447138287127018,0.07162696123123169,4.343774318695068,13.129096031188965,-0.04010461615582983,0.034085510798894436,-0.06846139646755427,0.5993993183111417,-0.8901215254393259,-0.21772841270457324
9744,9,0.045853979885578156,0.6565108895301819,0.0434236079454422,0.655590832233429,-2.147634506225586,0.21781685948371887,-2.2177274227142334,-0.1502654254436493,0.05711297690868378,0.0368025004863739,0.08700689673423767,0.07570327073335648,0.9802374243736267,0.7638108730316162,0.6880665421485901,0.8566110134124756,0.06713607907295227,0.02846289426088333,0.03750525787472725,0.06643016636371613,2.794828414916992,14.297661781311035,-0.04262550390838123,0.06218513579540247,-0.07736261172194812,0.5972220341840961,-0.8901215254393259,-0.2177284127045204
9745,9,0.02462986297905445,0.6585604548454285,0.02173576131463051,0.6537820100784302,-2.0814225673675537,0.17790253460407257,-2.115744113922119,-0.15430963039398193,0.07015381753444672,0.03333650529384613,0.07588700950145721,0.07364123314619064,0.9845255613327026,0.7637113332748413,0.6825906038284302,0.8571516871452332,0.08340424299240112,0.02610279992222786,0.032343097031116486,0.06351326406002045,3.5653114318847656,13.921985626220703,-0.06120338310214948,0.0729931072693597,-0.08571217053969585,0.5948635118543563,-0.8279972124860627,-0.23813839630184996
9746,9,0.004602212458848953,0.65992671251297,0.0012778342934325337,0.6530916690826416,-1.9256646633148193,0.0981297567486763,-1.978094458580017,0.00346565549261868,0.08361053466796875,0.03033730573952198,0.06656738370656967,0.07247094810009003,0.9885265827178955,0.7637524604797363,0.6777414679527283,0.85748291015625,0.09619691222906113,0.02385724149644375,0.028836242854595184,0.062096524983644485,7.4259114265441895,14.113268852233887,-0.06539969946581485,0.08657716589110773,-0.09399214266455702,0.5924821278913376,-0.8279972124860627,-0.23813839630184996
9747,9,-0.01295790821313858,0.6608529686927795,-0.01728624850511551,0.6538206338882446,-1.6282116174697876,0.07254460453987122,-1.7575379610061646,0.0992005467414856,0.08527235686779022,0.027740927413105965,0.05871924012899399,0.07106008380651474,0.9928130507469177,0.763835608959198,0.6737402081489563,0.8577353358268738,0.09848253428936005,0.021861353889107704,0.025980178266763687,0.060834310948848724,8.377881050109863,14.57135009765625,-0.0625117164644112,0.08564454355012333,-0.10174083111555553,0.5900085998470851,-0.7605743986916399,-0.24983198587912894
9748,9,-0.02760070189833641,0.6615360379219055,-0.03331878408789635,0.6549289226531982,-1.3353410959243774,0.057272329926490784,-1.4640848636627197,0.10593944787979126,0.08146439492702484,0.025496482849121094,0.05209675431251526,0.07048654556274414,0.9971354603767395,0.7639063000679016,0.6704978942871094,0.8579518795013428,0.09386415779590607,0.019961506128311157,0.023508956655859947,0.06039132550358772,6.983802318572998,16.492786407470703,-0.06698994948438218,0.05900756670572316,-0.10934657510247245,0.5875102799882936,-0.7605743986916464,-0.24983198587912894
9749,9,-0.03972961753606796,0.6622544527053833,-0.046290040016174316,0.6559298038482666,-1.0958539247512817,0.08226391673088074,-1.1408971548080444,0.09545034915208817,0.07384312152862549,0.02354210428893566,0.0464436300098896,0.07225888967514038,1.0014418363571167,0.7639861106872559,0.6677496433258057,0.8579797148704529,0.08551114797592163,0.018683306872844696,0.0209477748721838,0.06122157722711563,3.043789863586426,14.41943645477295,-0.07263374317463864,0.02837468962364348,-0.11645200517998787,0.58499147738169,-0.6878530840560638,-0.2528091814364102
9750,9,-0.05029844492673874,0.6625316143035889,-0.05660388618707657,0.656449556350708,-0.9868651032447815,0.010352388955652714,-0.9184883236885071,0.04047396779060364,0.06484250724315643,0.02184126153588295,0.041608892381191254,0.08231174945831299,1.0057119131088257,0.7644118666648865,0.6652822494506836,0.8573071956634521,0.07514499127864838,0.01824180781841278,0.01870829239487648,0.06749597191810608,1.8841075897216797,8.596561431884766,-0.08447131573374153,0.0012803651723304887,-0.12333053602054894,0.5824633855673261,-0.6878530840560572,-0.25280918143635733
9751,9,-0.059833426028490067,0.6612827777862549,-0.0651208907365799,0.6561298370361328,-0.893553614616394,-0.20159190893173218,-0.7714353203773499,-0.07330572605133057,0.05728272348642349,0.020364047959446907,0.0374738909304142,0.08210445195436478,1.0094338655471802,0.7653998136520386,0.663291335105896,0.856705367565155,0.06473874300718307,0.01771622523665428,0.01733880303800106,0.06721187382936478,4.744772911071777,8.830997467041016,-0.08087885329252195,-0.008358908162742013,-0.12975031971785722,0.57996903955053,-0.6098332685793347,-0.24706998297358798
9752,9,-0.06743426620960236,0.658761739730835,-0.07176794111728668,0.6549660563468933,-0.6581986546516418,-0.3134267032146454,-0.5828750729560852,-0.1786656230688095,0.05084603279829025,0.019071318209171295,0.03480875864624977,0.07792610675096512,1.012411117553711,0.7669445872306824,0.6617860794067383,0.8559293150901794,0.05611520633101463,0.017664410173892975,0.01640457846224308,0.0629895031452179,4.021573066711426,7.1869683265686035,-0.05320662399552703,-0.017002639152588095,-0.13584865240365093,0.5774983397207942,-0.6098332685793215,-0.24706998297353513
9753,9,-0.07324058562517166,0.6545532941818237,-0.07693479210138321,0.6521092057228088,-0.5079473853111267,-0.4985259473323822,-0.455903023481369,-0.36642810702323914,0.0453658290207386,0.01794346608221531,0.04779960215091705,0.07219718396663666,1.0146727561950684,0.7689988017082214,0.6602296829223633,0.8549886345863342,0.04874497279524803,0.01708805374801159,0.02301296964287758,0.05808355286717415,4.036149978637695,10.818252563476562,-0.03786291645760058,-0.04996982411590037,-0.1415404017140188,0.5750981814459677,-0.5265149522614327,-0.2326143904907152
9754,9,-0.07737647742033005,0.6493992209434509,-0.0805497094988823,0.6475437879562378,-0.34595954418182373,-0.5401573777198792,-0.29903456568717957,-0.5369375944137573,0.04068978875875473,0.016960393637418747,0.06872253865003586,0.06346779316663742,1.0165008306503296,0.7714515328407288,0.6585811376571655,0.8538471460342407,0.04356065019965172,0.017247280105948448,0.032805778086185455,0.050140541046857834,1.0560870170593262,6.829264163970947,-0.007969051684547354,-0.07289647404329776,-0.14680555123663355,0.5727720375410604,-0.5265149522614327,-0.2326143904907152
9755,9,-0.08115135878324509,0.6426428556442261,-0.08343182504177094,0.6407065987586975,-0.36781495809555054,-0.750167191028595,-0.2491367906332016,-0.7704339027404785,0.03667300567030907,0.01610054448246956,0.09450867772102356,0.05609823390841484,1.0182335376739502,0.7747326493263245,0.6567304134368896,0.8521161675453186,0.03953291475772858,0.01784907653927803,0.044538699090480804,0.04244599491357803,-0.27103185653686523,2.2066497802734375,0.0025340621332656105,-0.10025252847043718,-0.1517268781533339,0.5705357981603627,-0.43789813510238434,-0.20944240398784464
9756,9,-0.08524814248085022,0.6334347724914551,-0.0859181210398674,0.6317319869995117,-0.42051273584365845,-1.0304369926452637,-0.2266346663236618,-0.9779127836227417,0.033217653632164,0.03823213279247284,0.0986710861325264,0.04985286667943001,1.019954800605774,0.776120126247406,0.655418872833252,0.8498237729072571,0.03612818941473961,0.03540624678134918,0.04693039879202843,0.03662300854921341,-0.8979737758636475,5.292701721191406,0.0418753870177908,-0.09968150637401996,-0.15610585950435865,0.5684413741204842,-0.43789813510239756,-0.2094424039877918
9757,9,-0.08941752463579178,0.622718095779419,-0.08787203580141068,0.6212047934532166,-0.41572248935699463,-1.1096014976501465,-0.19604817032814026,-1.1278189420700073,0.030233653262257576,0.08694625645875931,0.09786426275968552,0.044527482241392136,1.0215888023376465,0.7753345966339111,0.6543945670127869,0.8472097516059875,0.0327044315636158,0.072165846824646,0.046983517706394196,0.032000064849853516,1.3056278228759766,5.983450412750244,0.09698692514290934,-0.09329963001999446,-0.16021437602066105,0.5664387847860761,-0.3439828171021762,-0.17755402346492352
9758,9,-0.09307398647069931,0.6115819215774536,-0.09016763418912888,0.6092615723609924,-0.33527490496635437,-1.1140992641448975,-0.27787527441978455,-1.25320303440094,0.027649493888020515,0.11798015236854553,0.09729068726301193,0.039965566247701645,1.0229929685592651,0.7757487893104553,0.6535542011260986,0.8445924520492554,0.029826367273926735,0.10073357820510864,0.046728167682886124,0.028848931193351746,0.3223991394042969,8.72459602355957,0.12558277682385624,-0.09404379261627296,-0.16365420419168317,0.5646632445514271,-0.3439828171021762,-0.17755402346487065
9759,9,-0.09620916098356247,0.6009817719459534,-0.09341029077768326,0.5965464115142822,-0.30266135931015015,-1.0130020380020142,-0.3605775237083435,-1.2643989324569702,0.025407519191503525,0.13860772550106049,0.10497737675905228,0.03604472056031227,1.0242615938186646,0.7769898772239685,0.6525425910949707,0.8422133922576904,0.02743104100227356,0.12079287320375443,0.04993404075503349,0.02610507234930992,0.9138321876525879,8.097774505615234,0.1441590162268429,-0.10678131354000947,-0.16690752230085934,0.5629640364154687,-0.2447689982608348,-0.13694924892189891
9760,9,-0.09920646250247955,0.5912549495697021,-0.0973455160856247,0.5845676064491272,-0.29974791407585144,-0.933055579662323,-0.4107946455478668,-1.1222425699234009,0.02346937544643879,0.1447429209947586,0.11031428724527359,0.03268355503678322,1.0255135297775269,0.7791295647621155,0.6515077948570251,0.8401147127151489,0.025738589465618134,0.12965449690818787,0.05190291628241539,0.02400079555809498,-0.8991265296936035,9.432220458984375,0.14666800202957875,-0.11176129735392895,-0.16935521228346784,0.5615945439262496,-0.2447689982608348,-0.13694924892189891
9761,9,-0.10254115611314774,0.582614541053772,-0.10157057642936707,0.5744224190711975,-0.3634459972381592,-0.7955889105796814,-0.4255397915840149,-0.908491849899292,0.021779021248221397,0.1494348645210266,0.11194442957639694,0.029772192239761353,1.026822566986084,0.7813354730606079,0.6504828333854675,0.8384288549423218,0.024065883830189705,0.13292306661605835,0.052597224712371826,0.022277282550930977,1.864616870880127,8.693041801452637,0.15085775643185542,-0.11236526412140584,-0.1717109439787879,0.5602684481409016,-0.14872317780618385,-0.09162356755906952
9762,9,-0.10602729767560959,0.575518012046814,-0.1056465432047844,0.5665971636772156,-0.34798508882522583,-0.6397154331207275,-0.3998211920261383,-0.6856629848480225,0.02030768431723118,0.14874745905399323,0.11015760153532028,0.027253510430455208,1.028374433517456,0.7834759950637817,0.6493011116981506,0.8370727300643921,0.02350783720612526,0.13232669234275818,0.050277888774871826,0.02083214372396469,-4.797940254211426,9.916946411132812,0.1453015640198127,-0.10035774509031825,-0.17311351076457113,0.5593921673373128,-0.1402566785783073,-0.08762808035882373
9763,9,-0.11082526296377182,0.5697645545005798,-0.10991181433200836,0.5604455471038818,-0.5586845874786377,-0.496018648147583,-0.4247361123561859,-0.5283940434455872,0.01902501843869686,0.1463058441877365,0.1085783988237381,0.025069402530789375,1.0302196741104126,0.7852923274040222,0.6478146910667419,0.8362525105476379,0.02241726964712143,0.12776289880275726,0.04907292127609253,0.01981375366449356,-1.0950183868408203,10.467000007629395,0.13402099629744646,-0.09987950739639587,-0.17451607755035436,0.5585158865337241,-0.09165460465575853,0.22139257817836247
9764,9,-0.11633168160915375,0.5660980939865112,-0.11406302452087402,0.5564999580383301,-0.5637525320053101,-0.2734389305114746,-0.4419390857219696,-0.2951606214046478,0.017904384061694145,0.14458610117435455,0.10126294195652008,0.023169904947280884,1.0320428609848022,0.78639817237854,0.646490216255188,0.8360275030136108,0.021289633587002754,0.12176762521266937,0.0459098294377327,0.01915762387216091,0.1659560203552246,13.238182067871094,0.13590614812438623,-0.060595117803547385,-0.17483422086211478,0.5645345636821302,-0.030495883183302375,0.6102506424417637
9765,9,-0.12170566618442535,0.5648901462554932,-0.11878851056098938,0.5549240708351135,-0.5336640477180481,-0.01622304692864418,-0.5184677243232727,-0.054583657532930374,0.01692594587802887,0.1408960223197937,0.09366476535797119,0.021518105641007423,1.03371262550354,0.7867750525474548,0.6453356146812439,0.836340069770813,0.02002941071987152,0.11535467207431793,0.04268753156065941,0.01848030462861061,3.5595130920410156,11.778769493103027,0.12214790387834215,-0.05060815645914453,-0.17513917969394777,0.5706370701065473,-0.030495883183302375,0.6102506424417637
9766,9,-0.1264898031949997,0.5657569169998169,-0.12427476048469543,0.5556055903434753,-0.4405510723590851,0.16890226304531097,-0.5731094479560852,0.16483721137046814,0.01607072539627552,0.1336168348789215,0.08633456379175186,0.020079374313354492,1.035186767578125,0.78675776720047,0.6443437337875366,0.8369945883750916,0.019094444811344147,0.1082649976015091,0.03928045555949211,0.017694635316729546,2.5417685508728027,9.901623725891113,0.09616576570049047,-0.04399877394135686,-0.1744246468818071,0.5756219267503669,0.08431328740960922,0.4843874781065452
9767,9,-0.1308138519525528,0.5679327845573425,-0.13022907078266144,0.5579934120178223,-0.409529447555542,0.27707958221435547,-0.5909730792045593,0.3124883770942688,0.015323681756854057,0.12451000511646271,0.08071596920490265,0.01882649026811123,1.036466360092163,0.7865453958511353,0.6434646248817444,0.8378860354423523,0.01813676953315735,0.10027097165584564,0.036821529269218445,0.016849514096975327,4.043722152709961,7.406456470489502,0.07664535496851331,-0.04765301469211458,-0.17358151400771096,0.5804658015314326,0.08431328740960922,0.4843874781065981
9768,9,-0.134505495429039,0.5709843635559082,-0.13591009378433228,0.5616607666015625,-0.33397871255874634,0.3402363061904907,-0.5236603021621704,0.4140034317970276,0.014669238589704037,0.11503174901008606,0.07499989122152328,0.017731817439198494,1.0375133752822876,0.7861136198043823,0.6427893042564392,0.8390405774116516,0.017333418130874634,0.09110411256551743,0.03437652438879013,0.01641100086271763,3.446192741394043,10.099406242370605,0.06417009159703732,-0.040903366612490104,-0.1717943122620907,0.584353132857893,0.20412080807174518,0.362996864393302
9769,9,-0.13750410079956055,0.5752061605453491,-0.1401655524969101,0.5664088129997253,-0.279282808303833,0.4774307608604431,-0.3409443199634552,0.5183056592941284,0.01409657672047615,0.10597221553325653,0.0702475979924202,0.016776179894804955,1.0384262800216675,0.7852838039398193,0.6422052979469299,0.8404425382614136,0.016661735251545906,0.08248700201511383,0.03219734877347946,0.01582113839685917,3.632075786590576,9.648599624633789,0.056193337050269715,-0.04147522592264859,-0.16975310418137313,0.5879831015018259,0.20412080807174518,0.36299686439324913
9770,9,-0.1401066780090332,0.58036869764328,-0.14274653792381287,0.5719854235649109,-0.23891885578632355,0.5512231588363647,-0.18784700334072113,0.592496931552887,0.013595305383205414,0.09500358253717422,0.06579500436782837,0.01594138704240322,1.0391680002212524,0.7843181490898132,0.6417551040649414,0.8419455289840698,0.015937434509396553,0.07391345500946045,0.03038279339671135,0.015172985382378101,4.423155784606934,7.804117202758789,0.03313379824645614,-0.038469668778580476,-0.16685324670172053,0.5908086879159009,0.32892667880310555,0.24607880130187548
9771,9,-0.1421344131231308,0.5859220623970032,-0.14403937757015228,0.5781157612800598,-0.1632162630558014,0.5652874708175659,-0.07623755931854248,0.631652295589447,0.013155579566955566,0.08351344615221024,0.06127234548330307,0.01521038543432951,1.039627194404602,0.7834023237228394,0.6415706872940063,0.8434653282165527,0.015105032362043858,0.06504058837890625,0.028769351541996002,0.014537103474140167,5.301113128662109,6.88502311706543,0.0169194559459568,-0.033209719699292116,-0.16356397991368923,0.5932694759289199,0.32892667880310555,0.24607880130187548
9772,9,-0.14316900074481964,0.5915552377700806,-0.14429734647274017,0.5845045447349548,-0.04873926192522049,0.5576423406600952,0.01420813612639904,0.6383623480796814,0.012769794091582298,0.07294779270887375,0.057349853217601776,0.014570046216249466,1.0397766828536987,0.7825684547424316,0.6416646242141724,0.8448687791824341,0.014354253187775612,0.05707087367773056,0.02734522894024849,0.013790197670459747,4.791855812072754,5.388891696929932,0.007485264163436561,-0.03275217968772026,-0.15951147989944855,0.5950690978355871,0.45873089960370345,0.1336332888324243
9773,9,-0.14319631457328796,0.5967270135879517,-0.14387354254722595,0.5906176567077637,0.047750070691108704,0.49155381321907043,0.07488100230693817,0.5902417302131653,0.012432065792381763,0.06411874294281006,0.05483880266547203,0.014010251499712467,1.0396150350570679,0.7817906141281128,0.6419994831085205,0.8461810946464539,0.013652405701577663,0.04991352930665016,0.026572518050670624,0.013262863270938396,3.8599610328674316,7.2211432456970215,0.00013535257662816713,-0.03891504002502685,-0.1549241709034112,0.5964054307239117,0.45873089960370345,0.1336332888324772
9774,9,-0.1422255039215088,0.6016272306442261,-0.1427379846572876,0.5962914228439331,0.14016903936862946,0.47979727387428284,0.1456698477268219,0.5403147339820862,0.012135137803852558,0.05665109306573868,0.053226638585329056,0.013518665917217731,1.0394030809402466,0.7811857461929321,0.6423372030258179,0.847139835357666,0.013435984030365944,0.04519618675112724,0.025591308251023293,0.012210679240524769,0.8285808563232422,1.813797950744629,0.0013337127643107405,-0.04297320810139335,-0.14967904155403067,0.5972148685281453,0.5935334704735258,0.025660326984948478
9775,9,-0.14132656157016754,0.6050022840499878,-0.14149603247642517,0.600703239440918,0.08884529769420624,0.2611081004142761,0.1436583697795868,0.38718193769454956,0.011874762363731861,0.05032248795032501,0.05237506330013275,0.013088053092360497,1.0387966632843018,0.7809421420097351,0.6430048942565918,0.8478997945785522,0.012212761677801609,0.04024074226617813,0.0264859851449728,0.011684814468026161,8.577022552490234,3.718593120574951,-0.006273149083746127,-0.04693736935566396,-0.14374370684929488,0.5974714717979945,0.5935334704735258,0.025660326984948478
9776,9,-0.1386323869228363,0.6077147722244263,-0.13913413882255554,0.6045162677764893,0.37417182326316833,0.23467028141021729,0.2699509859085083,0.32838505506515503,0.01164592057466507,0.046164702624082565,0.049084629863500595,0.012709937989711761,1.0376273393630981,0.7807520031929016,0.6443296074867249,0.8483991622924805,0.011273558251559734,0.03723606467247009,0.02585083432495594,0.011037899181246758,7.490966320037842,4.463648796081543,0.019336672774378207,-0.02799998983291046,-0.13726596136421812,0.5973265059047701,0.7333343914125989,-0.07784008424065775
9777,9,-0.13410793244838715,0.6094818115234375,-0.13604281842708588,0.6069122552871704,0.5128921866416931,0.13018864393234253,0.35691800713539124,0.16589367389678955,0.011445295996963978,0.04217429459095001,0.059412453323602676,0.012378711253404617,1.0360074043273926,0.7808378338813782,0.6456246376037598,0.8486813306808472,0.010462782345712185,0.03453586623072624,0.031249258667230606,0.010582150891423225,7.733135223388672,5.203399658203125,0.016097234248055058,-0.06134663474520943,-0.12993261745009166,0.5965481050623632,0.7333343914125989,-0.07784008424071062
9778,9,-0.12831419706344604,0.6103898286819458,-0.13151605427265167,0.6077970862388611,0.627504289150238,0.05224832147359848,0.5398034453392029,0.02254314534366131,0.011269370093941689,0.04002377390861511,0.07270895689725876,0.012088469229638577,1.0340219736099243,0.7811358571052551,0.647087574005127,0.8486549258232117,0.00969136692583561,0.03342210128903389,0.03870721161365509,0.00985104963183403,9.304566383361816,2.260403633117676,0.025828276987364337,-0.07546438808984673,-0.12218226902876798,0.5954845158766563,0.8781336624208899,-0.1768679448443415
9779,9,-0.12144194543361664,0.6099889278411865,-0.12512199580669403,0.6072474718093872,0.7409794330596924,-0.11366716027259827,0.7300882935523987,-0.11504137516021729,0.011114958673715591,0.038950756192207336,0.0838860422372818,0.011833883821964264,1.031779170036316,0.7818883657455444,0.6488262414932251,0.8481938242912292,0.00918587576597929,0.03356407210230827,0.045151032507419586,0.00914918351918459,6.882369518280029,2.1111702919006348,0.031832452297197236,-0.08638273569441399,-0.11340093240455851,0.5937158364282126,0.8781336624208832,-0.1768679448443415
9780,9,-0.11389704793691635,0.6078989505767822,-0.11706969887018204,0.6052679419517517,0.777552604675293,-0.2814057469367981,0.8746381402015686,-0.26233553886413574,0.010979380458593369,0.051038358360528946,0.09585058689117432,0.01161047164350748,1.0293817520141602,0.7818651795387268,0.6506702899932861,0.8474098443984985,0.008728932589292526,0.04227522760629654,0.052094414830207825,0.008685248903930187,5.626940727233887,4.578540325164795,0.053264321624493086,-0.0986805552004932,-0.10433799424643149,0.5917694043549984,1.0279312834984118,-0.27142325482615565
9781,9,-0.10590317100286484,0.6047139167785645,-0.1076611652970314,0.6020339727401733,0.8096320033073425,-0.350458562374115,0.9841737151145935,-0.38247042894363403,0.010860293172299862,0.07246916741132736,0.0978245884180069,0.011414329521358013,1.027029275894165,0.7811214923858643,0.6527556777000427,0.8463296890258789,0.008643612265586853,0.05889788642525673,0.05368438735604286,0.008171238005161285,3.463115692138672,3.1733155250549316,0.07679972348100837,-0.09830093293575477,-0.09405868141144665,0.5890551718067372,1.0279312834984118,-0.2714232548261028
9782,9,-0.09816919267177582,0.6005687117576599,-0.09771683067083359,0.5974519848823547,0.759027361869812,-0.449323832988739,1.0101819038391113,-0.504599392414093,0.010755730792880058,0.08482338488101959,0.0978245809674263,0.011242185719311237,1.0249220132827759,0.781232476234436,0.654695987701416,0.8451023101806641,0.008881418965756893,0.07099125534296036,0.0533626414835453,0.007980112917721272,-1.6577458381652832,5.5065202713012695,0.08757167949099876,-0.09782436712196328,-0.08364316671596467,0.5862616772509915,1.1701872978805388,-0.35420844759397646
9783,9,-0.09138837456703186,0.5959580540657043,-0.08815537393093109,0.5919476747512817,0.6259137392044067,-0.4638642370700836,0.8885966539382935,-0.5741879940032959,0.010663958266377449,0.0995301902294159,0.0953867956995964,0.011091142892837524,1.023141622543335,0.7814635038375854,0.6563997268676758,0.843859851360321,0.008998439647257328,0.08294087648391724,0.05210088565945625,0.007817511446774006,-2.0132815837860107,4.525976181030273,0.10310331794831161,-0.08152001650556144,-0.07181589416951215,0.5826466171091319,1.1827272546451713,-0.3615060141859945
9784,9,-0.08558874577283859,0.5912179946899414,-0.0805470272898674,0.5861950516700745,0.5441405177116394,-0.4761658012866974,0.6436165571212769,-0.5646318793296814,0.010583261959254742,0.10547592490911484,0.08878008276224136,0.010958381928503513,1.021514892578125,0.782198429107666,0.6580955386161804,0.842731237411499,0.008955691009759903,0.08947344124317169,0.0490741990506649,0.0079386867582798,-0.5938208103179932,6.607489585876465,0.1069370437187363,-0.050832069163454105,-0.05998862162305963,0.5790315569672722,1.2534841709393147,-0.3994142097181926
9785,9,-0.08017005771398544,0.5869880318641663,-0.07504228502511978,0.5810514092445374,0.5171723365783691,-0.3966396450996399,0.4654572010040283,-0.48211321234703064,0.010512365028262138,0.10830267518758774,0.07913156598806381,0.010841775685548782,1.0199532508850098,0.7831774353981018,0.65986168384552,0.8417543172836304,0.00878787413239479,0.09247499704360962,0.04445118457078934,0.007944748736917973,2.676403522491455,5.388131141662598,0.10900769333252316,-0.022573178128908813,-0.046582600377504634,0.5745706782465901,1.3425215758611548,-0.447116222923858
9786,9,-0.07483571767807007,0.5832175016403198,-0.0709502100944519,0.5767136812210083,0.5307100415229797,-0.3656598925590515,0.36274194717407227,-0.4025287628173828,0.010450057685375214,0.10645543783903122,0.06926681101322174,0.010739319957792759,1.0184540748596191,0.784441351890564,0.6616082787513733,0.8408868312835693,0.008855992928147316,0.09203341603279114,0.03905631601810455,0.008057947270572186,0.8279705047607422,6.772885322570801,0.09625860078060203,-0.0015746420975010361,-0.03315738461889377,0.5700995160173519,1.3425215758611548,-0.44711622292391084
9787,9,-0.06984367966651917,0.5798469185829163,-0.06766355037689209,0.5730376243591309,0.47381359338760376,-0.31121116876602173,0.30732330679893494,-0.3381813168525696,0.015840750187635422,0.10370495915412903,0.061000924557447433,0.010649483650922775,1.0164004564285278,0.785758912563324,0.6631090641021729,0.8401662111282349,0.013501088134944439,0.08973339945077896,0.03429928421974182,0.008092328906059265,-0.1495218276977539,6.385848522186279,0.08840319576291956,0.016634469617273898,-0.018268829734183978,0.5649078611303084,1.5073142471463747,-0.5282538810399047
9788,9,-0.06555052101612091,0.5769376754760742,-0.06476407498121262,0.5699756145477295,0.3951815068721771,-0.27184224128723145,0.2806958854198456,-0.2774733603000641,0.0421893373131752,0.09951797127723694,0.05401884764432907,0.010570617392659187,1.0119359493255615,0.7870086431503296,0.6643881797790527,0.8396387100219727,0.03447996452450752,0.0858045220375061,0.03038046695291996,0.00827044527977705,0.29110193252563477,7.291743755340576,0.0760075437627146,0.046664105605484035,-0.0031956872627191997,0.5596253223199097,1.5073142471463747,-0.5282538810398518
9789,9,-0.06157230958342552,0.5747978687286377,-0.06173137575387955,0.567762017250061,0.3946987986564636,-0.17775213718414307,0.31581464409828186,-0.18346968293190002,0.07720912992954254,0.09414892643690109,0.048078753054142,0.010501273907721043,1.0068694353103638,0.7881137132644653,0.6654499173164368,0.8393115401268005,0.06308034062385559,0.0807294026017189,0.026807282119989395,0.00847921334207058,-3.3463406562805176,8.960649490356445,0.06368340948162693,0.08417310013687175,0.01316738312332144,0.553738671671479,1.671013178378492,-0.6049189885339232
9790,9,-0.05810869112610817,0.573466420173645,-0.0584874302148819,0.5662739872932434,0.3219533860683441,-0.09030840545892715,0.3430652320384979,-0.10908152163028717,0.10488341748714447,0.08633717149496078,0.043014027178287506,0.010440417565405369,1.0028434991836548,0.7891150116920471,0.6661412715911865,0.8392337560653687,0.08920475840568542,0.07379470765590668,0.023440727964043617,0.008747221902012825,-8.775318145751953,10.970773696899414,0.04120895985150948,0.11153834356121675,0.029877514907105517,0.5476894817861404,1.6710131783784947,-0.6049189885339232
9791,9,-0.05590904876589775,0.5730929970741272,-0.055125921964645386,0.5655612945556641,0.16494235396385193,0.017647260800004005,0.34047266840934753,-0.018666677176952362,0.14251410961151123,0.07630106061697006,0.03867161273956299,0.0103869354352355,0.9988694190979004,0.7899371981620789,0.6666092276573181,0.8395018577575684,0.11848729103803635,0.0646500363945961,0.02119472250342369,0.009053422138094902,-6.43268346786499,10.959157943725586,0.017017109105184947,0.1529582354947507,0.04753869948100975,0.5411436157813001,1.8092500090681705,-0.6771115454060722
9792,9,-0.05410612374544144,0.5740155577659607,-0.05184898152947426,0.5662155151367188,0.20010234415531158,0.14421357214450836,0.29202666878700256,0.12828227877616882,0.19367702305316925,0.06690869480371475,0.03493764251470566,0.012452595867216587,0.9943607449531555,0.7905110716819763,0.667084276676178,0.8397460579872131,0.1547408103942871,0.056451357901096344,0.01927751488983631,0.010733562521636486,-7.7195000648498535,8.217065811157227,-0.0127460354776785,0.21072641073812132,0.06563119957169267,0.5343725003272393,1.8092500090681605,-0.6771115454060722
9793,9,-0.05212903022766113,0.5753006935119629,-0.04972221702337265,0.5677365660667419,0.2265351116657257,0.13706284761428833,0.16936907172203064,0.18412089347839355,0.22834408283233643,0.05901895835995674,0.03172264248132706,0.043529313057661057,0.9902861714363098,0.7908188104629517,0.6677518486976624,0.838408350944519,0.18589749932289124,0.048797257244586945,0.017992857843637466,0.035339340567588806,-7.738180160522461,9.739680290222168,-0.0488509526434765,0.24205526665741864,0.08435098077099266,0.5272031993709616,1.9159326490930595,-0.7448315516562987
9794,9,-0.049295682460069656,0.5768957138061523,-0.04823875427246094,0.5698580145835876,0.3358639180660248,0.1622583121061325,0.13478979468345642,0.22530528903007507,0.2612757086753845,0.05233384668827057,0.028941461816430092,0.06267084926366806,0.9865307807922363,0.7909957766532898,0.6687378287315369,0.8375875949859619,0.21209833025932312,0.0439019501209259,0.01697840914130211,0.05082297325134277,-7.393200397491455,6.272406578063965,-0.06635616268222493,0.2755676042269514,0.10351030726192463,0.5197548838543987,1.9159326490930595,-0.7448315516562987
9795,9,-0.045405954122543335,0.5777329802513123,-0.04703188315033913,0.571789562702179,0.45081934332847595,0.03170720860362053,0.14663001894950867,0.16904670000076294,0.2849019765853882,0.04664483666419983,0.026532026007771492,0.08525440096855164,0.9830307364463806,0.7915595173835754,0.6700071692466736,0.836418092250824,0.23363180458545685,0.04019053652882576,0.01598440669476986,0.06766851991415024,-9.53483772277832,5.940618515014648,-0.09013738965894275,0.29600011501088824,0.12303625156129333,0.5119979283516625,1.9910610984531982,-0.8080790072846027
9796,9,-0.040663786232471466,0.5772126317024231,-0.044683851301670074,0.5728302001953125,0.5073570013046265,-0.1183069497346878,0.3437292277812958,0.05019174516201019,0.30482733249664307,0.04177720844745636,0.02443874254822731,0.08903556317090988,0.9797751903533936,0.7927765846252441,0.6714630126953125,0.8355597257614136,0.25087398290634155,0.03812107443809509,0.015161304734647274,0.0699402466416359,-9.360464096069336,1.5331053733825684,-0.08986715400902769,0.31456562284890177,0.1429468625458266,0.5039171382788165,1.9910610984531851,-0.8080790072846027
9797,9,-0.035274118185043335,0.5744073987007141,-0.04009591042995453,0.5722483396530151,0.5878291726112366,-0.3917389214038849,0.568617582321167,-0.13631391525268555,0.32832303643226624,0.03761179372668266,0.022623179480433464,0.08837959170341492,0.9764924645423889,0.7950447201728821,0.6730587482452393,0.834306001663208,0.2678157091140747,0.03644391521811485,0.014276108704507351,0.06760777533054352,-13.896087646484375,0.567166805267334,-0.0845740789103062,0.3408337925736411,0.16302653641995504,0.49560830863459326,2.034635357148537,-0.8668539122909842
9798,9,-0.02953406795859337,0.5688546895980835,-0.0337393544614315,0.5695090293884277,0.6025471687316895,-0.6710519194602966,0.7099525928497314,-0.3778574466705322,0.35053303837776184,0.034027524292469025,0.0210429597645998,0.08379675447940826,0.9731650352478027,0.7983164191246033,0.6747087240219116,0.8325275778770447,0.2846983075141907,0.035133980214595795,0.013529447838664055,0.062266755849123,-16.177160263061523,-2.2330117225646973,-0.0570352479861089,0.36304927808929643,0.18337288999144177,0.48693976951168344,2.0346353571485243,-0.8668539122909842
9799,9,-0.02353690005838871,0.5604775547981262,-0.02633233368396759,0.5637104511260986,0.6256776452064514,-0.9541866779327393,0.7814383506774902,-0.7611478567123413,0.3783542513847351,0.030931828543543816,0.019664648920297623,0.07509820908308029,0.9695931673049927,0.8023583889007568,0.6767249703407288,0.8304395079612732,0.29881367087364197,0.03330978751182556,0.013639790005981922,0.0548618845641613,-12.664313316345215,-0.19553065299987793,-0.02349752370318968,0.39478917662292107,0.2037538599150021,0.47811484613095284,2.046655425179096,-0.9211562666754168
9800,9,-0.015983764082193375,0.550350546836853,-0.01779136061668396,0.5542252659797668,0.8411110639572144,-1.089722752571106,0.8882737159729004,-1.125322937965393,0.4071366786956787,0.028952574357390404,0.01846218854188919,0.06589346379041672,0.9655227661132812,0.8068203330039978,0.6793957352638245,0.8280071020126343,0.31070464849472046,0.03223025053739548,0.013709189370274544,0.04702652618288994,-10.989778518676758,1.1936020851135254,0.015472348907404093,0.42521352413938596,0.22422041416679456,0.4689032834641985,2.046655425179109,-0.9211562666754433
9801,9,-0.006214880384504795,0.5387668013572693,-0.008400073274970055,0.5413467884063721,1.0780993700027466,-1.2314327955245972,0.9741181135177612,-1.4275078773498535,0.4172056019306183,0.034675389528274536,0.01741352677345276,0.058154597878456116,0.961188554763794,0.8109285831451416,0.6828200817108154,0.825062096118927,0.31511974334716797,0.03784983232617378,0.014127321541309357,0.039865124970674515,-7.640109062194824,-0.5192101001739502,0.035631252599475444,0.42386458448367675,0.24465024661447587,0.45959804675193267,2.0271213025449013,-0.9709860704379535
9802,9,0.00620131753385067,0.5254180431365967,0.0022034947760403156,0.5258395075798035,1.3678184747695923,-1.4227241277694702,1.1509805917739868,-1.6585808992385864,0.41659629344940186,0.05517448112368584,0.01649664156138897,0.05159478262066841,0.9566820859909058,0.8138061761856079,0.6871175169944763,0.8215885758399963,0.3101249933242798,0.05652260780334473,0.01474241353571415,0.03399062156677246,-6.406142711639404,1.212320327758789,0.05885795628671553,0.4147437240328541,0.26492145963992386,0.44988818604755426,2.027121302544888,-0.9709860704379535
9803,9,0.021491272374987602,0.5106557011604309,0.015494321472942829,0.5085051655769348,1.6519496440887451,-1.5272806882858276,1.488488793373108,-1.77963125705719,0.4106592535972595,0.08633787930011749,0.01569558121263981,0.04601631313562393,0.9518503546714783,0.8160220980644226,0.6922287940979004,0.8175817728042603,0.2986958920955658,0.08600372076034546,0.015233534388244152,0.028770504519343376,-4.132225513458252,-2.1052968502044678,0.09304404075258248,0.39248491344513636,0.2851477210864079,0.4401384164087285,1.9801716321007252,-1.0126689515059053
9804,9,0.03946073353290558,0.4943471848964691,0.03223581612110138,0.4905644953250885,1.9253734350204468,-1.70222806930542,1.8422836065292358,-1.7904444932937622,0.3994055986404419,0.11034094542264938,0.014994856901466846,0.0412483885884285,0.9465973973274231,0.8192858695983887,0.69797682762146,0.8130538463592529,0.28420716524124146,0.11346808075904846,0.015505765564739704,0.024557091295719147,-7.239069938659668,-2.922029495239258,0.11631172795104655,0.3644743237219882,0.3049080509788684,0.4299749831729428,1.9760329892459265,-1.0163433235785675
9805,9,0.05945824831724167,0.47649508714675903,0.05210017040371895,0.4724384546279907,2.085644483566284,-1.8264931440353394,2.118557929992676,-1.8192521333694458,0.3834354877471924,0.14375938475131989,0.014381627552211285,0.03715867921710014,0.9409311413764954,0.82252436876297,0.7042961716651917,0.8082228899002075,0.26645469665527344,0.14624550938606262,0.015977999195456505,0.021137362346053123,-5.286965370178223,-5.251145362854004,0.15335328846115157,0.33274664549808647,0.324668380871329,0.4198115499371572,1.9394388932178879,-1.0344470675152517
9806,9,0.08152798563241959,0.4578092694282532,0.07458321005105972,0.4541085362434387,2.308466672897339,-1.8853774070739746,2.3578941822052,-1.8463643789291382,0.3666722774505615,0.1752697378396988,0.013843677937984467,0.03363211080431938,0.9347028136253357,0.8259245157241821,0.7113140821456909,0.8032281398773193,0.24544218182563782,0.17987732589244843,0.016696054488420486,0.01843908429145813,-1.9058692455291748,-6.960055828094482,0.18521748867096577,0.3122817016968789,0.34361221275165504,0.4092441807515622,1.8933904852821848,-1.0572280260972593
9807,9,0.10610788315534592,0.4389336109161377,0.09944663941860199,0.435524046421051,2.571073532104492,-1.8837546110153198,2.58786940574646,-1.873548150062561,0.3463572859764099,0.20015478134155273,0.013372941873967648,0.030592886731028557,0.9278110265731812,0.8298857808113098,0.7188873291015625,0.7981236577033997,0.22505253553390503,0.2100256383419037,0.016949398443102837,0.016107238829135895,-3.0917608737945557,-9.263174057006836,0.20909445566307708,0.2782070710119474,0.3625461176044758,0.398671900490591,1.8933904852821584,-1.0572280260972593
9808,9,0.13249824941158295,0.4198087155818939,0.12614378333091736,0.4163565933704376,2.71044659614563,-1.906756043434143,2.7535696029663086,-1.9323598146438599,0.32071396708488464,0.21708537638187408,0.012960899621248245,0.027967600151896477,0.9203863739967346,0.834417998790741,0.7269589900970459,0.7932566404342651,0.20315980911254883,0.23056524991989136,0.01746486872434616,0.014886508695781231,-1.5442073345184326,-5.107793807983398,0.223787975162112,0.23098311265612564,0.38046596952631806,0.38777628469460734,1.7791937906536368,-1.093640177994002
9809,9,0.16080404818058014,0.4018310308456421,0.15488247573375702,0.39746034145355225,2.9105215072631836,-1.713356614112854,2.9552173614501953,-1.8586901426315308,0.2943529188632965,0.23530451953411102,0.012599077075719833,0.025688160210847855,0.9124577045440674,0.8387536406517029,0.7353585362434387,0.7887194156646729,0.18209153413772583,0.24897591769695282,0.017654698342084885,0.013490584678947926,-1.432647705078125,-7.843934059143066,0.24275580048019843,0.19819548951098126,0.3982579074328556,0.3768398829146673,1.7791937906536368,-1.0936401779940284
9810,9,0.1903131753206253,0.3849782347679138,0.18489548563957214,0.3792611360549927,2.991537570953369,-1.6408288478851318,3.049074172973633,-1.7602455615997314,0.2645476758480072,0.23362720012664795,0.012282013893127441,0.023710649460554123,0.9041879177093506,0.8437030911445618,0.743898868560791,0.7845618724822998,0.1621883064508438,0.2539156675338745,0.017664410173892975,0.012805331498384476,-3.393200635910034,-4.9703779220581055,0.22660150695306697,0.14994147813524022,0.41490134587089567,0.36565180091327015,1.6334429053603086,-1.1255797792688487
9811,9,0.22039583325386047,0.3696390986442566,0.21583834290504456,0.3627070188522339,3.014714002609253,-1.4483402967453003,3.1206257343292236,-1.5592052936553955,0.2351473867893219,0.23221474885940552,0.01200327929109335,0.02198699861764908,0.8958374857902527,0.8487662672996521,0.7522237300872803,0.7808426022529602,0.1450168788433075,0.25228843092918396,0.017303263768553734,0.01192568615078926,-6.010957717895508,-6.429739952087402,0.22630469395604152,0.11625812440090805,0.4312357749245,0.3543960031205816,1.633442905360335,-1.1255797792688487
9812,9,0.2498292326927185,0.35563018918037415,0.2467668205499649,0.34800004959106445,2.9034006595611572,-1.3377288579940796,3.0797059535980225,-1.3779842853546143,0.20720230042934418,0.22693763673305511,0.011758912354707718,0.02048742026090622,0.8876813650131226,0.8536899089813232,0.7601730227470398,0.7774863839149475,0.12977218627929688,0.24688270688056946,0.01681837998330593,0.011274592950940132,-7.561654090881348,-6.486109733581543,0.20468639066220068,0.08745789309027885,0.446396542484307,0.3429512353187465,1.4628495935163963,-1.1530468299217465
9813,9,0.2780762016773224,0.34296470880508423,0.2771148681640625,0.335178941488266,2.7577054500579834,-1.1999526023864746,2.994664430618286,-1.1998863220214844,0.18398045003414154,0.2204260677099228,0.011544791050255299,0.01918226107954979,0.879863977432251,0.8584122061729431,0.767548680305481,0.7744462490081787,0.11743838340044022,0.2392747551202774,0.016115786507725716,0.010639812797307968,-9.513235092163086,-7.234458923339844,0.1925673687356305,0.07876900365464168,0.4610250384194718,0.33142076701952894,1.4628495935163697,-1.1530468299217729
9814,9,0.30440253019332886,0.33142971992492676,0.3061469495296478,0.3238525390625,2.537166118621826,-1.099159836769104,2.808504343032837,-1.0657082796096802,0.1650753766298294,0.21164536476135254,0.011356980539858341,0.018044155091047287,0.8724449276924133,0.862910270690918,0.7743602395057678,0.7717705368995667,0.10698601603507996,0.228798508644104,0.01556431595236063,0.010275698266923428,-9.431974411010742,-5.9000396728515625,0.17343635245081698,0.07533549761300157,0.4746622531557335,0.31975509382223116,1.2942609115783388,-1.1760413299527748
9815,9,0.32894599437713623,0.3212891221046448,0.3327057659626007,0.3140057921409607,2.368978977203369,-0.9485318064689636,2.4903900623321533,-0.9202291369438171,0.15158677101135254,0.20165497064590454,0.01119198277592659,0.017049312591552734,0.8653079867362976,0.8670604228973389,0.7806735038757324,0.7695623636245728,0.09895950555801392,0.21561697125434875,0.014987245202064514,0.010161718353629112,-8.792495727539062,-3.291144371032715,0.15739788798142948,0.08531300516954132,0.4876048622715162,0.30799468052270496,1.2942609115783388,-1.1760413299527748
9816,9,0.35184431076049805,0.31289613246917725,0.3559419810771942,0.30570825934410095,2.1988139152526855,-0.7595503330230713,2.166285753250122,-0.7595937848091125,0.14125271141529083,0.1888466328382492,0.011046946048736572,0.0161786749958992,0.8584782481193542,0.8708222508430481,0.7864772081375122,0.7678524255752563,0.0933162122964859,0.20011499524116516,0.014363761059939861,0.010070395655930042,-6.841566562652588,-2.591356039047241,0.13088037790600776,0.08919547751292084,0.4997673138261391,0.2961438823349199,1.1343886236603054,-1.1945632793618277
9817,9,0.3730461597442627,0.30626991391181946,0.3761832118034363,0.2990574836730957,2.030168294906616,-0.5975607633590698,1.8957772254943848,-0.5958118438720703,0.13369078934192657,0.17226643860340118,0.010919606313109398,0.015417263843119144,0.852035403251648,0.874373733997345,0.791759192943573,0.7665359377861023,0.08950928598642349,0.1822909116744995,0.013889148831367493,0.009861292317509651,-5.382529258728027,-2.75858998298645,0.09485391291426495,0.0947967142980527,0.5111112000627431,0.28419824954130163,1.1343886236603318,-1.1945632793618277
9818,9,0.3924880921840668,0.3009834289550781,0.3939591348171234,0.29392457008361816,1.8574100732803345,-0.48170626163482666,1.6724070310592651,-0.4527943432331085,0.12862378358840942,0.15293747186660767,0.010807767510414124,0.014750813134014606,0.8459672927856445,0.8779743313789368,0.7966046929359436,0.7653273344039917,0.0868329405784607,0.16368785500526428,0.013505288399755955,0.009255209006369114,-1.834859848022461,-7.628905773162842,0.059126192889910195,0.10218114762959479,0.5218686195878874,0.2721981067680047,0.9832327297624018,-1.2086126781489845
9819,9,0.41047948598861694,0.2959057092666626,0.4095948040485382,0.2897587716579437,1.7444226741790771,-0.5192042589187622,1.4828978776931763,-0.3908972144126892,0.12591427564620972,0.1322447955608368,0.010709479451179504,0.014166866429150105,0.8400996327400208,0.8817728757858276,0.8011579513549805,0.7642616033554077,0.08521363884210587,0.14200983941555023,0.013143370859324932,0.009158356115221977,-1.9374191761016846,-2.697678804397583,0.027331305002405673,0.11165992768320676,0.531700946885512,0.260111979986515,0.983232729762349,-1.2086126781489845
9820,9,0.42743948101997375,0.2915233373641968,0.4244053363800049,0.2863444685935974,1.6251764297485352,-0.40803876519203186,1.4726319313049316,-0.32701846957206726,0.12403992563486099,0.11419698596000671,0.010623402893543243,0.013656852766871452,0.8346365094184875,0.8854416608810425,0.805194616317749,0.7632203102111816,0.0856894999742508,0.12266743183135986,0.012532743625342846,0.008600971661508083,-2.2206079959869385,-5.247924327850342,0.017925881339477458,0.11408235882584378,0.5411230655333389,0.24799827303268007,0.8407932298844696,-1.2181895263141924
9821,9,0.4425324499607086,0.2870488464832306,0.4388647973537445,0.28287801146507263,1.4217123985290527,-0.4680324196815491,1.4313488006591797,-0.3532295823097229,0.12297382950782776,0.09826581180095673,0.010547643527388573,0.015234892256557941,0.8298141956329346,0.8890824317932129,0.8086012005805969,0.7619149088859558,0.08761996030807495,0.10590686649084091,0.011767828837037086,0.009454223327338696,-5.919084548950195,-4.097542762756348,-0.01546212863277751,0.1173070003616459,0.5495309978321841,0.23581637776953812,0.8407932298844696,-1.2181895263141924
9822,9,0.4552609920501709,0.28210538625717163,0.45263171195983887,0.2790500521659851,1.1668034791946411,-0.5085407495498657,1.3303543329238892,-0.39936110377311707,0.13339200615882874,0.08517450094223022,0.01048106886446476,0.022148126736283302,0.8251134157180786,0.8924986720085144,0.8114795088768005,0.7603597044944763,0.09439487010240555,0.09089848399162292,0.01122184656560421,0.014190617017447948,-4.961245059967041,-1.3440239429473877,-0.023165559345065395,0.13625686694431524,0.557687546754851,0.22362488704014505,0.7070701240266409,-1.2232938238575042
9823,9,0.46619147062301636,0.2773861289024353,0.4653976261615753,0.2750893831253052,1.0176712274551392,-0.46318337321281433,1.211472511291504,-0.41350725293159485,0.15788120031356812,0.07433252781629562,0.010422654449939728,0.03155162185430527,0.8199907541275024,0.8955945372581482,0.8139923214912415,0.7586524486541748,0.10851535946130753,0.07921607047319412,0.010959433391690254,0.020259613171219826,-2.1269798278808594,-2.67564058303833,-0.033082534638961894,0.16536746826498414,0.5647582479951174,0.21139194880157008,0.707070124026588,-1.223293823857491
9824,9,0.4760412275791168,0.272495836019516,0.4764905571937561,0.2707456648349762,0.9530254006385803,-0.5196298956871033,1.0085718631744385,-0.46141982078552246,0.17592504620552063,0.06526241451501846,0.010371340438723564,0.05265931040048599,0.8150742053985596,0.8986415863037109,0.8164110779762268,0.7562353610992432,0.12140405178070068,0.0700698271393776,0.011044096201658249,0.033432744443416595,0.2150559425354004,-3.4393179416656494,-0.05647916806402142,0.18190831933399332,0.5717189583447871,0.19915845470159127,0.5921901535382063,-1.2238743932254816
9825,9,0.48570963740348816,0.26679763197898865,0.4854442775249481,0.265807569026947,0.9788479804992676,-0.6273313760757446,0.7936087250709534,-0.5312175750732422,0.18307343125343323,0.05762640759348869,0.010326281189918518,0.0624578483402729,0.8107691407203674,0.9020132422447205,0.818782389163971,0.7538179159164429,0.12954019010066986,0.06384219229221344,0.01086347084492445,0.038775283843278885,-1.9044458866119385,-5.7915472984313965,-0.06442164808313118,0.1855769149858035,0.5775395924666752,0.18691919899380252,0.5820634121888099,-1.2239255707788672
9826,9,0.4950407147407532,0.2592141628265381,0.49235615134239197,0.25965598225593567,0.9053715467453003,-0.857062816619873,0.6493140459060669,-0.6750335097312927,0.181815966963768,0.051153749227523804,0.01028668787330389,0.0630667507648468,0.8071762323379517,0.9058154225349426,0.8211774230003357,0.7514726519584656,0.13135959208011627,0.05743488669395447,0.010927438735961914,0.03918175771832466,-0.19856929779052734,-1.3886332511901855,-0.06319088313321726,0.17596098838543525,0.5833602265885632,0.17467994328601377,0.530570066110892,-1.2221639080016775
9827,9,0.5043941140174866,0.2507503032684326,0.49952206015586853,0.25246912240982056,0.9223832488059998,-0.8740311861038208,0.7589753866195679,-0.8024100065231323,0.18141065537929535,0.04563446715474129,0.010251864790916443,0.05986085906624794,0.8038761615753174,0.909726083278656,0.8235421180725098,0.7491496205329895,0.1312110275030136,0.051971472799777985,0.01091092824935913,0.03677218407392502,1.325380802154541,-1.365140676498413,-0.03989881007796853,0.17952352250728018,0.5880319263392185,0.16247999430558743,0.46577309437097664,-1.2199471087084592
9828,9,0.5135855674743652,0.24167335033416748,0.5076759457588196,0.24342887103557587,0.9112288355827332,-0.9441686868667603,0.8537684679031372,-0.9925340414047241,0.17928405106067657,0.040918901562690735,0.010221291333436966,0.05807031691074371,0.8007920980453491,0.9138990640640259,0.8257619142532349,0.7464736104011536,0.13102032244205475,0.04781356826424599,0.010691315867006779,0.03444785624742508,-0.7254290580749512,-2.8809165954589844,-0.0468341733143364,0.16934634139743873,0.5926896572829291,0.1502805232185014,0.46577309437097664,-1.2199471087084592
9829,9,0.5221343636512756,0.23132862150669098,0.5162297487258911,0.23235991597175598,0.8277273178100586,-1.096185326576233,0.8641985058784485,-1.1823740005493164,0.1761917918920517,0.03686533868312836,0.010194394737482071,0.05620546266436577,0.7980270385742188,0.918458104133606,0.8278083205223083,0.7433853149414062,0.13015075027942657,0.04432498291134834,0.010507019236683846,0.03226080536842346,-1.875854730606079,-3.412095308303833,-0.04446649549802709,0.16169770285614368,0.5963921447051078,0.1381622080579328,0.35819917057324685,-1.2108078041667532
9830,9,0.5300173163414001,0.21957936882972717,0.5247601866722107,0.2198040783405304,0.7641825675964355,-1.2347899675369263,0.8421828150749207,-1.3065956830978394,0.1743808537721634,0.03337695449590683,0.010170768946409225,0.05226953700184822,0.7955012917518616,0.9234745502471924,0.8296712040901184,0.7399146556854248,0.12942424416542053,0.041556600481271744,0.010300355032086372,0.028791263699531555,-2.3752927780151367,-4.885135650634766,-0.0272961877997967,0.1658461170348805,0.5999741364108404,0.12605413001626528,0.35819917057324685,-1.2108078041667598
9831,9,0.5372158288955688,0.2061871737241745,0.5327847003936768,0.20611529052257538,0.689176619052887,-1.4188488721847534,0.7705360054969788,-1.4111872911453247,0.17303770780563354,0.030370447784662247,0.010150039568543434,0.04658830538392067,0.7932077646255493,0.9289263486862183,0.831272304058075,0.7361210584640503,0.13000433146953583,0.03883729875087738,0.009833639487624168,0.024652797728776932,-5.899770259857178,-2.2049808502197266,-0.009105997014467765,0.16667313320470614,0.602777142656703,0.11405982014674375,0.25934164079551475,-1.1963699987838148
9832,9,0.5433284044265747,0.1915351152420044,0.5399781465530396,0.1915435940027237,0.5509847402572632,-1.5064876079559326,0.6713429093360901,-1.4976836442947388,0.17252260446548462,0.028952039778232574,0.01013182569295168,0.04173395410180092,0.7913729548454285,0.9343916773796082,0.832368791103363,0.7321292161941528,0.13305363059043884,0.036962419748306274,0.009039165452122688,0.02142547257244587,-10.732128143310547,1.0930299758911133,0.019278007846831202,0.1700769277971934,0.6053705590646583,0.10209612015890618,0.25934164079551475,-1.1963699987838148
9833,9,0.5474265217781067,0.17643067240715027,0.5457991361618042,0.17604194581508636,0.30459314584732056,-1.5098930597305298,0.5062125325202942,-1.58773934841156,0.1809380054473877,0.03503771498799324,0.01011582836508751,0.03757200390100479,0.7897387742996216,0.9385315775871277,0.8331357836723328,0.7283255457878113,0.13842269778251648,0.04157262295484543,0.009037128649652004,0.019263342022895813,-5.924391746520996,4.475266933441162,0.036046763800263865,0.18380737921513424,0.6073438152863649,0.09026820358716237,0.16920050503783327,-1.1766336925598029
9834,9,0.5505616664886475,0.16238856315612793,0.5503720641136169,0.16051959991455078,0.27904194593429565,-1.3579635620117188,0.366844117641449,-1.5474547147750854,0.20724374055862427,0.04030933976173401,0.010101797059178352,0.033998116850852966,0.7874443531036377,0.9422119855880737,0.8336780667304993,0.7247636914253235,0.15285463631153107,0.046685222536325455,0.008750270120799541,0.017279576510190964,-6.839146614074707,5.8676862716674805,0.041275217270052345,0.21718607974549203,0.6090358203367437,0.07850186666156354,0.16920050503788614,-1.1766336925598029
9835,9,0.5528894066810608,0.14933037757873535,0.5528694987297058,0.1454990953207016,0.19655323028564453,-1.2589943408966064,0.14136235415935516,-1.4383881092071533,0.21526269614696503,0.03783657029271126,0.010089446790516376,0.03090851753950119,0.7856752872467041,0.9465908408164978,0.8339255452156067,0.7213407158851624,0.16559548676013947,0.04548110440373421,0.008446763269603252,0.015363208949565887,-8.224342346191406,3.3554601669311523,0.021421623944559987,0.2183686928347433,0.6102490576864552,0.06688273139432388,0.08777576330025526,-1.1515988854946375
9836,9,0.5541387796401978,0.13667206466197968,0.5529512166976929,0.13181845843791962,0.08270663022994995,-1.250107765197754,-0.07842103391885757,-1.2880128622055054,0.22508077323436737,0.03422024846076965,0.01007859781384468,0.02823684923350811,0.7845428586006165,0.9512351751327515,0.8339213728904724,0.7180206179618835,0.1764277219772339,0.041646599769592285,0.008056935854256153,0.01380703505128622,-9.62057113647461,3.4205007553100586,0.007781361521397023,0.22900678323598758,0.6111268153194579,0.05536674253937679,0.08777576330025526,-1.1515988854946277
9837,9,0.5542750954627991,0.12441126257181168,0.5515302419662476,0.1196814700961113,-0.0429660901427269,-1.1992334127426147,-0.1785065233707428,-1.1515390872955322,0.23986272513866425,0.031094014644622803,0.010069044306874275,0.025916801765561104,0.7837490439414978,0.9558721780776978,0.8334461450576782,0.7146540284156799,0.19120052456855774,0.038407254964113235,0.007485835812985897,0.012074354104697704,-12.090309143066406,-0.5540692806243896,0.007175603326495694,0.2457811462920036,0.6116497649493343,0.04399877658337063,0.015067415582674975,-1.121265577588303
9838,9,0.5525516271591187,0.1118917241692543,0.5491101741790771,0.10826225578784943,-0.24374422430992126,-1.2592188119888306,-0.26432186365127563,-1.1121118068695068,0.2580261826515198,0.028393561020493507,0.010060657747089863,0.023904714733362198,0.7832995057106018,0.96052485704422,0.8326037526130676,0.7112006545066833,0.20789691805839539,0.03543851897120476,0.007184096146374941,0.010727379471063614,-11.680307388305664,-1.5744316577911377,-0.00019175974849325317,0.2658112778872035,0.6118004391051612,0.032786120807486836,0.015067415582674975,-1.121265577588303
9839,9,0.5495368838310242,0.09920063614845276,0.546148419380188,0.0972912386059761,-0.3399648070335388,-1.2716455459594727,-0.32027947902679443,-1.0860289335250854,0.2865488529205322,0.026061901822686195,0.010053311474621296,0.02216130867600441,0.7828042507171631,0.9651703238487244,0.8315677642822266,0.7076690196990967,0.22815212607383728,0.03295553848147392,0.007033476606011391,0.009453202597796917,-10.745726585388184,-2.578057050704956,0.009892709427476387,0.3003627448442114,0.6117028321673628,0.021711712169446153,-0.048924538114801845,-1.0856337688408215
9840,9,0.5459166765213013,0.08628442883491516,0.5425140261650085,0.08631947636604309,-0.37517374753952026,-1.306050419807434,-0.3974741995334625,-1.1103997230529785,0.30948880314826965,0.024494830518960953,0.01004684530198574,0.02064032107591629,0.7824118137359619,0.9697951078414917,0.8303958177566528,0.7040221691131592,0.24929755926132202,0.031156940385699272,0.006866985931992531,0.008372764103114605,-12.725889205932617,-2.558969259262085,0.013659314954512225,0.32108036220575026,0.6112135867862145,0.010855374481038486,-0.048924538114801845,-1.0856337688408224
9841,9,0.5418086051940918,0.07305959612131119,0.5381243228912354,0.07470281422138214,-0.42632317543029785,-1.3248498439788818,-0.4635661244392395,-1.213215947151184,0.3251112699508667,0.024112030863761902,0.010041170753538609,0.019316790625452995,0.7824126482009888,0.9741449952125549,0.8291686177253723,0.7004539966583252,0.26722419261932373,0.030060812830924988,0.006817879620939493,0.007765034679323435,-14.139616012573242,0.4680442810058594,0.021452183678742437,0.3335982227526997,0.6105651544329017,0.00011691116769110225,-0.10420009779233382,-1.0447034592521818
9842,9,0.537473201751709,0.060295525938272476,0.5334088206291199,0.06205169856548309,-0.4422658085823059,-1.2352476119995117,-0.4811027944087982,-1.3155306577682495,0.3403758406639099,0.027606742456555367,0.010036175139248371,0.018159331753849983,0.7827109694480896,0.9776979088783264,0.8278466463088989,0.6970136761665344,0.2839425206184387,0.03305112197995186,0.006688686087727547,0.007057564798742533,-15.274395942687988,-0.9257972240447998,0.028159899155699636,0.34875706860010613,0.6095231534549783,-0.010330123424831429,-0.10420009779233382,-1.0447034592521813
9843,9,0.5327185988426208,0.047983232885599136,0.5283397436141968,0.04835053160786629,-0.48638302087783813,-1.215253233909607,-0.5152712464332581,-1.3964084386825562,0.35224804282188416,0.02637520246207714,0.010031784884631634,0.017148533836007118,0.7832869291305542,0.9816920757293701,0.826512336730957,0.693610668182373,0.2978649437427521,0.03251602500677109,0.006733739748597145,0.006390710826963186,-14.592442512512207,-2.3020923137664795,0.01790772917412145,0.3589786257260715,0.6083936268383116,-0.020690253406756197,-0.15075926344976232,-0.9984746488223865
9844,9,0.5279225707054138,0.0357939675450325,0.5231484174728394,0.034327346831560135,-0.4670179784297943,-1.2253586053848267,-0.5153754353523254,-1.3859167098999023,0.3656943738460541,0.025314023718237877,0.010027931071817875,0.016265440732240677,0.7839063405990601,0.9857911467552185,0.8254454135894775,0.6902047991752625,0.3068479597568512,0.03139660134911537,0.007165008224546909,0.005787787027657032,-10.651266098022461,-2.45341420173645,0.01799050093392421,0.373573576826806,0.6068860342038138,-0.03067499989497955,-0.15075926344976232,-0.9984746488223865
9845,9,0.5242030620574951,0.0235807616263628,0.5184885263442993,0.021170826628804207,-0.3114309012889862,-1.234201192855835,-0.42800846695899963,-1.267027735710144,0.37382540106773376,0.024955859407782555,0.010024543851613998,0.015493383631110191,0.7844189405441284,0.990001380443573,0.824630081653595,0.6865694522857666,0.3131527006626129,0.03134630620479584,0.0073550003580749035,0.004903800319880247,-11.915069580078125,-5.059289932250977,0.02247785252711626,0.37872754875370285,0.605345144475953,-0.04061440853875365,-0.1855364080125649,-0.9511215434480318
9846,9,0.5212854743003845,0.01047003548592329,0.5145696997642517,0.008639038540422916,-0.25487130880355835,-1.3549423217773438,-0.3359106183052063,-1.2302347421646118,0.37075039744377136,0.027391286566853523,0.0100215720012784,0.014819261617958546,0.785049557685852,0.9940860867500305,0.8240855932235718,0.6826297044754028,0.31362396478652954,0.03402620926499367,0.007709552999585867,0.004147427622228861,-10.797977447509766,-6.58461332321167,0.027818412863264363,0.3606415850180271,0.6034591241250812,-0.05008388191426863,-0.1886020350871931,-0.9469473375514328
9847,9,0.5193545818328857,-0.0036134347319602966,0.5119490623474121,-0.003557121381163597,-0.1347861886024475,-1.4503655433654785,-0.18931326270103455,-1.2136796712875366,0.3672674596309662,0.04817784205079079,0.010018955916166306,0.014227424748241901,0.7856731414794922,0.9961099028587341,0.8239142298698425,0.6782550811767578,0.308316171169281,0.0542704239487648,0.008184394799172878,0.0031954410951584578,-8.89053726196289,-10.643316268920898,0.05181161991582561,0.3558265335471667,0.6015731037742093,-0.059553355289783616,-0.2014991934301282,-0.9217848711986193
9848,9,0.5187620520591736,-0.019026514142751694,0.5108150839805603,-0.01618991605937481,0.010567557066679,-1.587514042854309,-0.03628908470273018,-1.3268898725509644,0.36068814992904663,0.07076378911733627,0.010016653686761856,0.013708757236599922,0.7861604690551758,0.9981056451797485,0.8239425420761108,0.6734293103218079,0.30204781889915466,0.07884585112333298,0.008204637095332146,0.0024780624080449343,-13.20202350616455,-12.56166934967041,0.07517900199955985,0.33892887425542756,0.5993993183111417,-0.06846139646755427,-0.21772841270457324,-0.8901215254393259
9849,9,0.5186980962753296,-0.03572575002908707,0.5108287930488586,-0.031091099604964256,0.014138549566268921,-1.6997101306915283,0.05298702046275139,-1.605811357498169,0.3503235876560211,0.1007031500339508,0.01001463271677494,0.013254520483314991,0.7866154313087463,0.9995943307876587,0.8241873979568481,0.6687206625938416,0.2926979064941406,0.10736651718616486,0.008447776548564434,0.002603166503831744,-13.127703666687012,-6.192905902862549,0.10760828328409774,0.3155255033408907,0.5972220341840964,-0.07736261172194707,-0.21772841270457324,-0.8901215254393259
9850,9,0.5195053219795227,-0.05160018056631088,0.5121753811836243,-0.04765325039625168,0.10592490434646606,-1.5288208723068237,0.1698407530784607,-1.7106661796569824,0.3416158854961395,0.13187052309513092,0.010012856684625149,0.012856309302151203,0.7868983149528503,1.000610113143921,0.8247154355049133,0.6645259857177734,0.2809140980243683,0.13675667345523834,0.008839723654091358,0.0028741625137627125,-9.855904579162598,-4.177517890930176,0.14013732218664166,0.31192402968574046,0.5948635118543563,-0.08571217053969585,-0.23813839630184996,-0.8279972124860627
9851,9,0.5214424729347229,-0.06563891470432281,0.5144460797309875,-0.0646403580904007,0.2332499921321869,-1.3195197582244873,0.25281327962875366,-1.702136516571045,0.3308042883872986,0.13138416409492493,0.010011296719312668,0.012507496401667595,0.7869048714637756,1.0030730962753296,0.8255200386047363,0.6611584424972534,0.26831933856010437,0.14449989795684814,0.009079902432858944,0.0036720242351293564,-9.919161796569824,1.4539861679077148,0.12884501101169632,0.2932383932525236,0.5924821278913376,-0.09399214266455702,-0.23813839630184996,-0.8279972124860627
9852,9,0.5243342518806458,-0.07685496658086777,0.5175212621688843,-0.0809202715754509,0.3150089681148529,-0.9959607124328613,0.3343472182750702,-1.5131611824035645,0.316705584526062,0.12784819304943085,0.01000992488116026,0.01220148429274559,0.7867270112037659,1.00605309009552,0.8265092968940735,0.6587230563163757,0.255168080329895,0.14019930362701416,0.009304171428084373,0.004246648401021957,-8.742837905883789,4.421634674072266,0.1093078969451499,0.26668959462400776,0.5900085998470853,-0.10174083111555463,-0.24983198587912894,-0.7605743986916399
9853,9,0.527937650680542,-0.0853121280670166,0.5212746858596802,-0.09309431910514832,0.3807470202445984,-0.7371625900268555,0.39613354206085205,-0.9548604488372803,0.3012535274028778,0.11829133331775665,0.010008719749748707,0.01193321030586958,0.7864673137664795,1.0091520547866821,0.8275682330131531,0.6567972302436829,0.24229125678539276,0.13107600808143616,0.009386833757162094,0.004370535258203745,-7.53115177154541,-0.8404350280761719,0.06734482368522807,0.24490907117933194,0.5875102799882936,-0.10934657510247245,-0.24983198587912894,-0.7605743986916464
9854,9,0.5317754745483398,-0.09234458953142166,0.5252076983451843,-0.10056043416261673,0.3994343876838684,-0.6362777352333069,0.40928590297698975,-0.5733376741409302,0.2849477529525757,0.10474137961864471,0.010007661767303944,0.011697531677782536,0.7861809730529785,1.0125021934509277,0.8287166357040405,0.6551877856254578,0.22867417335510254,0.11720913648605347,0.00950121134519577,0.004505371209233999,-6.593539714813232,-4.097537994384766,0.030605770599332963,0.22394503708089264,0.5849914773816897,-0.11645200517998869,-0.25280918143635733,-0.6878530840560638
9855,9,0.5359318256378174,-0.09835414588451385,0.5294373035430908,-0.10514432191848755,0.43317553400993347,-0.5534218549728394,0.44292864203453064,-0.3680857717990875,0.2693784236907959,0.0912853553891182,0.010006733238697052,0.011490687727928162,0.785700798034668,1.0156877040863037,0.8302276134490967,0.6540719866752625,0.21168799698352814,0.10070571303367615,0.010083731263875961,0.004941338207572699,-0.837104320526123,-1.713641881942749,0.01516118469820607,0.2094238588210584,0.5824633855673258,-0.12333053602054977,-0.2528091814364102,-0.6878530840560572
9856,9,0.5416214466094971,-0.10254468768835068,0.5347575545310974,-0.10753939300775528,0.6312850117683411,-0.3477381467819214,0.5761311054229736,-0.17279943823814392,0.2537790834903717,0.07940755784511566,0.010005917400121689,0.01130913756787777,0.7848927974700928,1.0185072422027588,0.8317506909370422,0.6531508564949036,0.1985962688922882,0.08699432760477066,0.009792683646082878,0.004771513864398003,-6.316258907318115,-4.326000213623047,0.0012844244940385802,0.19194203693785628,0.57996903955053,-0.12975031971785722,-0.24706998297358798,-0.6098332685793347
9857,9,0.5471264719963074,-0.10626564174890518,0.5403263568878174,-0.10928894579410553,0.5239110589027405,-0.3546549677848816,0.5686359405517578,-0.14508980512619019,0.23282429575920105,0.06952347606420517,0.01000520121306181,0.030896728858351707,0.784327507019043,1.020916223526001,0.8330783843994141,0.6516762971878052,0.18615204095840454,0.07493769377470016,0.009554347954690456,0.014137869700789452,-8.420875549316406,-2.5971269607543945,-0.03404979279281742,0.14662251153349076,0.5774983397207946,-0.1358486524036502,-0.24706998297358798,-0.6098332685793347
9858,9,0.5519130825996399,-0.10939531773328781,0.5459556579589844,-0.11041358858346939,0.4387665390968323,-0.2769584059715271,0.5496039390563965,-0.08533550798892975,0.21665342152118683,0.061235442757606506,0.01000456977635622,0.03662293404340744,0.7841087579727173,1.0230623483657837,0.8340482711791992,0.6505875587463379,0.1756928265094757,0.06641916930675507,0.009114538319408894,0.016604909673333168,-9.329998016357422,-7.693334579467773,-0.03765935534130381,0.1474776713290497,0.5750981814459677,-0.1415404017140188,-0.2326143904907152,-0.5265149522614327
9859,9,0.5553237795829773,-0.11291677504777908,0.5506783127784729,-0.11153005808591843,0.27822181582450867,-0.3865825831890106,0.42009297013282776,-0.12250339984893799,0.20363576710224152,0.05421743914484978,0.010004016570746899,0.05156532675027847,0.7841526865959167,1.0250844955444336,0.8347341418266296,0.6492226123809814,0.16691523790359497,0.058318786323070526,0.008775677531957626,0.02371268719434738,-9.66634750366211,-3.406863212585449,-0.05433299135983812,0.1464410193822848,0.5727720375410604,-0.14680555123663355,-0.2326143904907152,-0.5265149522614327
9860,9,0.5576483011245728,-0.1161855086684227,0.5544533729553223,-0.11307980120182037,0.1725679636001587,-0.3017513155937195,0.31531819701194763,-0.2159648984670639,0.1956052929162979,0.04825584217905998,0.0100035285577178,0.050204966217279434,0.7842901945114136,1.0266202688217163,0.8351780772209167,0.6487419009208679,0.16042010486125946,0.05070844665169716,0.008537035435438156,0.02420736849308014,-8.723819732666016,2.6454591751098633,-0.041465306043744855,0.15953309551661077,0.5705357981603627,-0.1517268781533339,-0.20944240398784464,-0.43789813510238434
9861,9,0.5591424703598022,-0.11782784759998322,0.5571487545967102,-0.11538427323102951,0.0939326286315918,-0.09092389792203903,0.19180482625961304,-0.2635299265384674,0.1904059797525406,0.04316263273358345,0.010003100149333477,0.05609019845724106,0.7844650745391846,1.0275192260742188,0.8353883028030396,0.6485986113548279,0.15663528442382812,0.04409277066588402,0.008336285129189491,0.02759821154177189,-6.835062503814697,4.303767681121826,-0.057208898660519626,0.16675914364723365,0.5684413741204842,-0.15610585950435865,-0.2094424039877918,-0.43789813510239756
9862,9,0.5598124265670776,-0.1177094504237175,0.5582634210586548,-0.1179291158914566,0.02601281739771366,0.0787116065621376,0.025745494291186333,-0.2532632052898407,0.18706578016281128,0.03880428522825241,0.010002725757658482,0.08760987222194672,0.7846946716308594,1.0277738571166992,0.8354434967041016,0.6481277346611023,0.1542850136756897,0.03852621465921402,0.008197552524507046,0.042828869074583054,-5.275659561157227,5.803136825561523,-0.09461309704916983,0.1717068530417685,0.5664387847860759,-0.16021437602066146,-0.17755402346492352,-0.3439828171021894
9863,9,0.5599150657653809,-0.11618087440729141,0.5577808618545532,-0.1196538507938385,-0.01851857826113701,0.18656758964061737,-0.11950129270553589,-0.07244779169559479,0.18528959155082703,0.0350504107773304,0.010002394206821918,0.1200200766324997,0.7849725484848022,1.0276763439178467,0.8353487253189087,0.6477526426315308,0.1533891260623932,0.034667957574129105,0.008028627373278141,0.05832410231232643,-4.113795757293701,4.483480453491211,-0.1280937684917313,0.17710084820268868,0.564663244551427,-0.16365420419168358,-0.17755402346487065,-0.3439828171021894
9864,9,0.5594526529312134,-0.11439955234527588,0.5560348033905029,-0.11894641816616058,-0.07421332597732544,0.16581155359745026,-0.21642886102199554,0.1785532683134079,0.1843922883272171,0.03181750699877739,0.010002100840210915,0.14701293408870697,0.7852950692176819,1.0275417566299438,0.835201621055603,0.647489607334137,0.1526339054107666,0.03161081299185753,0.008022562600672245,0.07124871015548706,-1.588979959487915,3.598604202270508,-0.15485048716257827,0.18023784229599488,0.5629640364154687,-0.16690752230085934,-0.13694924892189891,-0.2447689982608348
9865,9,0.558846652507782,-0.1128348633646965,0.5540415048599243,-0.11611727625131607,-0.0704910010099411,0.1343732327222824,-0.19359230995178223,0.3386152386665344,0.1861884742975235,0.029022926464676857,0.01000184565782547,0.15790721774101257,0.7855561375617981,1.0275750160217285,0.8349215388298035,0.6474435329437256,0.1541796326637268,0.029345663264393806,0.007834671065211296,0.07646489888429642,-3.3763766288757324,2.2389602661132812,-0.16129421904411448,0.18682073296322121,0.5615945439262499,-0.16935521228346753,-0.13694924892189891,-0.2447689982608348
9866,9,0.5576865673065186,-0.11201941221952438,0.5521640181541443,-0.11254821717739105,-0.1389722377061844,0.049548957496881485,-0.17251001298427582,0.37781211733818054,0.1859501749277115,0.026602208614349365,0.010001623071730137,0.16373497247695923,0.78595370054245,1.0278877019882202,0.8345795273780823,0.6472887396812439,0.15507358312606812,0.02759477309882641,0.007872027345001698,0.07841574400663376,-1.0020971298217773,-0.7876062393188477,-0.16559683387692056,0.18485062940694222,0.5602684481409016,-0.1717109439787879,-0.09162356755906952,-0.14872317780618385
9867,9,0.5563895106315613,-0.1122504472732544,0.5505958795547485,-0.10897845774888992,-0.12139813601970673,-0.0635223239660263,-0.14190687239170074,0.2942836880683899,0.19308710098266602,0.02450590580701828,0.010001428425312042,0.16284747421741486,0.7861072421073914,1.0284221172332764,0.8342331051826477,0.6470873355865479,0.15839554369449615,0.025712523609399796,0.007795307319611311,0.0779920294880867,-2.8159725666046143,0.2998781204223633,-0.15853111042592205,0.1957245357073438,0.5593921673373128,-0.17311351076457113,-0.08762808035882373,-0.1402566785783073
9868,9,0.555042028427124,-0.11304334551095963,0.549246609210968,-0.10752973705530167,-0.14355586469173431,-0.09170988947153091,-0.12863968312740326,0.004913883283734322,0.19373805820941925,0.022680126130580902,0.01000125426799059,0.15983368456363678,0.7862864136695862,1.0289695262908936,0.833990216255188,0.6469280123710632,0.15957117080688477,0.02399294078350067,0.00807008147239685,0.0765562579035759,0.7188868522644043,0.5065369606018066,-0.1451587942761343,0.19397249971515257,0.5585158865337241,-0.17451607755035436,0.22139257817836247,-0.09165460465575853
9869,9,0.5542559027671814,-0.11391963064670563,0.5483115315437317,-0.10846266150474548,-0.04215134680271149,-0.10561912506818771,-0.07560987770557404,-0.17638684809207916,0.20721246302127838,0.02109157294034958,0.010001102462410927,0.15668049454689026,0.7858504056930542,1.0294791460037231,0.8339751362800598,0.6467944979667664,0.16383937001228333,0.022248411551117897,0.008260319009423256,0.07532544434070587,0.4715275764465332,4.347715377807617,-0.14121696710544202,0.21221832842674196,0.5645345636821294,-0.17483422086211475,0.6102506424418167,-0.03049588318328916
9870,9,0.5543199777603149,-0.11462177336215973,0.5480034351348877,-0.11061227321624756,0.03485420346260071,-0.06452526897192001,-0.002979349112138152,-0.25080081820487976,0.21002495288848877,0.019708583131432533,0.010000970214605331,0.1537417322397232,0.7852855324745178,1.0299278497695923,0.834057092666626,0.64668869972229,0.1674964725971222,0.020892702043056488,0.008363642729818821,0.0737706869840622,-0.5704391002655029,4.449443817138672,-0.1392123201390626,0.2111125382588985,0.5706370701065481,-0.1751391796939478,0.6102506424417637,-0.03049588318328916
9871,9,0.5547999143600464,-0.11532887816429138,0.5482301115989685,-0.11335472762584686,0.06617146730422974,-0.07330521941184998,0.05015524476766586,-0.28331074118614197,0.20998869836330414,0.01850203238427639,0.01000085100531578,0.1520659476518631,0.7848068475723267,1.0301096439361572,0.8344278931617737,0.6467590928077698,0.1664283722639084,0.019018229097127914,0.008778725750744343,0.07439462840557098,1.4305329322814941,9.632625579833984,-0.1437391049687059,0.20982930800027447,0.5756219267503675,-0.174424646881807,0.4843874781065452,0.08431328740960922
9872,9,0.5563996434211731,-0.114925317466259,0.5495483875274658,-0.11564788967370987,0.20485052466392517,0.0955544039607048,0.17300266027450562,-0.20945440232753754,0.2131328135728836,0.017449282109737396,0.010000746697187424,0.15013423562049866,0.7840545177459717,1.030011534690857,0.8349018096923828,0.6470906734466553,0.1669483184814453,0.017792899161577225,0.008754335343837738,0.07387952506542206,-1.5611469745635986,9.202640533447266,-0.1404866897671292,0.2143729125301262,0.5804658015314331,-0.17358151400771088,0.4843874781065981,0.08431328740960922
9873,9,0.5582650899887085,-0.11389622837305069,0.5514000058174133,-0.11716717481613159,0.18794310092926025,0.11670033633708954,0.20674338936805725,-0.05976300686597824,0.2104545384645462,0.016529712826013565,0.010000654496252537,0.16073577105998993,0.7833789587020874,1.0297678709030151,0.835430383682251,0.647222638130188,0.16599339246749878,0.01670999825000763,0.008890573866665363,0.07861129194498062,-0.7497131824493408,8.695287704467773,-0.1641857310737534,0.19870532824557266,0.584353132857893,-0.1717943122620907,0.362996864393302,0.20412080807174518
9874,9,0.5603801012039185,-0.11259433627128601,0.5537154078483582,-0.11652180552482605,0.2332821488380432,0.14237144589424133,0.2519749701023102,0.16943266987800598,0.2095099538564682,0.01572403870522976,0.010000576265156269,0.16506466269493103,0.7826353311538696,1.0293724536895752,0.8361629247665405,0.647547721862793,0.1629565805196762,0.01569640263915062,0.009176702238619328,0.08177189528942108,1.2686514854431152,9.078407287597656,-0.16645052047135955,0.20536484618882872,0.5879831015018254,-0.16975310418137338,0.36299686439324913,0.20412080807174518
9875,9,0.5632994174957275,-0.11084025353193283,0.5566177368164062,-0.11383010447025299,0.3290652930736542,0.1961597502231598,0.31641098856925964,0.3322729170322418,0.20785969495773315,0.015019474551081657,0.010000504553318024,0.16741879284381866,0.7815843224525452,1.0287411212921143,0.8371921181678772,0.6481512784957886,0.15873292088508606,0.014550852589309216,0.009560479782521725,0.08445798605680466,3.2460618019104004,10.930803298950195,-0.16819043435776465,0.20059371113448196,0.5908086879159009,-0.16685324670172053,0.24607880130187548,0.32892667880310555
9876,9,0.5673972964286804,-0.1081809550523758,0.5603821873664856,-0.10979298502206802,0.457675039768219,0.3081108331680298,0.4165040850639343,0.44184064865112305,0.2038222998380661,0.014403363689780235,0.010000444948673248,0.17250995337963104,0.7803164720535278,1.0279048681259155,0.8383263945579529,0.6488932967185974,0.15522395074367523,0.013697621412575245,0.009541061706840992,0.08755467087030411,0.06288528442382812,10.129249572753906,-0.17424278643738128,0.18590858411022393,0.5932694759289199,-0.16356397991368923,0.24607880130187548,0.32892667880310555
9877,9,0.5717891454696655,-0.10500554740428925,0.564691960811615,-0.10534434020519257,0.4409618675708771,0.34261998534202576,0.45627185702323914,0.4600781500339508,0.1963069587945938,0.013863624073565006,0.010000389069318771,0.1849193423986435,0.7792385816574097,1.026909589767456,0.8393419981002808,0.649563729763031,0.15178586542606354,0.012908859178423882,0.0093317199498415,0.09410513937473297,-3.3807373046875,9.976509094238281,-0.189275656306687,0.16257404408160586,0.595069097835587,-0.15951147989944908,0.1336332888324772,0.45873089960370345
9878,9,0.5756421089172363,-0.10145997256040573,0.5691521167755127,-0.10082338005304337,0.3591320812702179,0.3806755542755127,0.4440564215183258,0.45476940274238586,0.18966135382652283,0.013390067033469677,0.010000339709222317,0.19061830639839172,0.7784243226051331,1.0257469415664673,0.8402563333511353,0.6504763960838318,0.14741450548171997,0.012256496585905552,0.009305192157626152,0.09843641519546509,-2.08199143409729,8.986730575561523,-0.19262659890686634,0.15946231331097133,0.5964054307239117,-0.1549241709034112,0.1336332888324772,0.45873089960370345
9879,9,0.5791589021682739,-0.09744139015674591,0.5734699368476868,-0.09630580991506577,0.3467807471752167,0.4187004268169403,0.4181002080440521,0.4473329186439514,0.18545328080654144,0.012975365854799747,0.010000298731029034,0.19449187815189362,0.7777177095413208,1.024725317955017,0.8409519791603088,0.6513636708259583,0.14512348175048828,0.012207556515932083,0.0089394086971879,0.09967783838510513,-4.546759128570557,5.244312286376953,-0.19590020661576638,0.16608118516161396,0.5972148685281453,-0.14967904155402995,0.02566032698489561,0.593533470473539
9880,9,0.5817375183105469,-0.09410902112722397,0.5769113302230835,-0.09244561940431595,0.21621130406856537,0.2962687015533447,0.3062398135662079,0.3617236316204071,0.18125812709331512,0.012611691839993,0.010000262409448624,0.19756874442100525,0.777398943901062,1.0240740776062012,0.8411625623703003,0.651934027671814,0.1459774225950241,0.01232941634953022,0.008156060241162777,0.09984299540519714,-10.521584510803223,4.020106792449951,-0.19869647922867958,0.1617797567060818,0.5974714717979945,-0.1437437068492942,0.02566032698489561,0.593533470473539
9881,9,0.5822852253913879,-0.09205732494592667,0.5789486169815063,-0.08960174024105072,-0.040499456226825714,0.16229064762592316,0.13981665670871735,0.2439246028661728,0.18037012219429016,0.012292514555156231,0.010000228881835938,0.1934613138437271,0.7776660323143005,1.023759126663208,0.8408010601997375,0.6523371338844299,0.14908066391944885,0.012445122934877872,0.007590595167130232,0.09731008112430573,-11.41380786895752,2.750871181488037,-0.17490410633277187,0.1762297888529692,0.5973265059047701,-0.13726596136421812,-0.07784008424065775,0.7333343914125989
9882,9,0.5807077884674072,-0.09105971455574036,0.5793449878692627,-0.08782347291707993,-0.24624501168727875,0.056562259793281555,-0.04471547156572342,0.12412427365779877,0.2037612795829773,0.012012963183224201,0.010000203736126423,0.18479377031326294,0.7775266170501709,1.0237942934036255,0.8399328589439392,0.6525706052780151,0.163341224193573,0.012649654410779476,0.007057564798742533,0.09213735163211823,-11.01646900177002,1.5191888809204102,-0.14500160862808534,0.21236944464420168,0.5965481050623633,-0.12993261745009252,-0.07784008424065775,0.7333343914125989
9883,9,0.5773248672485352,-0.09115389734506607,0.577739953994751,-0.0873577743768692,-0.40703195333480835,-0.05894060805439949,-0.26625338196754456,-0.019180212169885635,0.2331220507621765,0.0117672523483634,0.010000181384384632,0.17272301018238068,0.7770381569862366,1.0241135358810425,0.8387339115142822,0.6526486873626709,0.18494753539562225,0.012719636783003807,0.0068439338356256485,0.08569096773862839,-9.8382568359375,2.182285785675049,-0.11625932548037317,0.24455450798800196,0.5954845158766563,-0.12218226902876798,-0.1768679448443415,0.8781336624208899
9884,9,0.5729913711547852,-0.09204161912202835,0.5737861394882202,-0.08817123621702194,-0.4554668664932251,-0.12005452811717987,-0.513903021812439,-0.13859440386295319,0.2605721950531006,0.011551620438694954,0.01000016089528799,0.15706868469715118,0.7765406370162964,1.0244097709655762,0.8375687003135681,0.6528356075286865,0.20576269924640656,0.01218465343117714,0.007033476606011391,0.07933574169874191,-7.761859893798828,7.218961715698242,-0.08162779717734048,0.27222885215958165,0.5937158364282126,-0.11340093240455851,-0.1768679448443415,0.8781336624208832
9885,9,0.568993091583252,-0.09249792993068695,0.567779541015625,-0.08962536603212357,-0.3827823996543884,-0.02162805013358593,-0.6933284401893616,-0.174944669008255,0.27703166007995605,0.011362622492015362,0.010000142268836498,0.139726459980011,0.7763336300849915,1.0245587825775146,0.8364349007606506,0.6532592177391052,0.22338475286960602,0.01187062542885542,0.006970265880227089,0.07120952010154724,-8.649711608886719,7.419719696044922,-0.05280531680023534,0.28464377783842065,0.5917694043549987,-0.10433799424643271,-0.27142325482615565,1.0279312834984118
9886,9,0.5650019645690918,-0.09255118668079376,0.5605375170707703,-0.0915791392326355,-0.41425442695617676,0.015690624713897705,-0.7042180895805359,-0.20077936351299286,0.27696549892425537,0.011196794919669628,0.010000129230320454,0.12465078383684158,0.7769138813018799,1.0243959426879883,0.8352323174476624,0.6539281010627747,0.23431776463985443,0.01105752307921648,0.006840927060693502,0.06507202237844467,-10.750483512878418,11.820635795593262,-0.04612925624010031,0.2767104434636083,0.5890551718067372,-0.09405868141144665,-0.2714232548261028,1.0279312834984118
9887,9,0.5605447292327881,-0.09135057777166367,0.5543333292007446,-0.09322310984134674,-0.4693397581577301,0.19481851160526276,-0.5523355603218079,-0.11600338667631149,0.28188538551330566,0.011051246896386147,0.010000115260481834,0.10995609313249588,0.7779502868652344,1.0236632823944092,0.8341314792633057,0.6551287770271301,0.23932328820228577,0.010213050059974194,0.007116798777133226,0.05917127802968025,-6.438753604888916,13.604559898376465,-0.030611354176745834,0.28425170672934275,0.5862616772509911,-0.08364316671596325,-0.3542084475940293,1.1701872978806314
9888,9,0.5564999580383301,-0.08828239887952805,0.5496819615364075,-0.0927874818444252,-0.3722284734249115,0.3765287697315216,-0.41486063599586487,0.18388019502162933,0.29049715399742126,0.010923297144472599,0.010000103153288364,0.0986642986536026,0.7788608074188232,1.022606372833252,0.833061695098877,0.6565715670585632,0.2455892711877823,0.009714898653328419,0.007020430639386177,0.05377565324306488,-9.599897384643555,11.85289192199707,-0.03583651626376269,0.29464089455599074,0.5826466171091315,-0.07181589416951073,-0.36150601418594164,1.1827272546451713
9889,9,0.5524086952209473,-0.08433125168085098,0.5456064343452454,-0.08964622020721436,-0.4116814434528351,0.43816301226615906,-0.38691896200180054,0.4361654222011566,0.28858548402786255,0.010811039246618748,0.010000092908740044,0.09066589176654816,0.7799574732780457,1.0211659669876099,0.8321236371994019,0.6582422852516174,0.24744920432567596,0.008989278227090836,0.007306722924113274,0.05064413323998451,-7.45741605758667,11.612095832824707,-0.04500899212893835,0.2813842559298435,0.5790315569672718,-0.05998862162305822,-0.3994142097182454,1.253484170939404
9890,9,0.5489069819450378,-0.07909543812274933,0.5422005653381348,-0.08391298353672028,-0.31137895584106445,0.590671956539154,-0.31122922897338867,0.6706238389015198,0.28825435042381287,0.010712381452322006,0.010000084526836872,0.08244489133358002,0.7810437083244324,1.0194097757339478,0.8314952254295349,0.660204291343689,0.24474553763866425,0.00859691109508276,0.007702493108808994,0.04687856137752533,-4.278049468994141,7.510843276977539,-0.03458940738931725,0.28700620928794807,0.5745706782465906,-0.046582600377506236,-0.447116222923858,1.3425215758611548
9891,9,0.5465596318244934,-0.073021300137043,0.5395004153251648,-0.07648929953575134,-0.17494851350784302,0.6341045498847961,-0.2266264408826828,0.7985997200012207,0.2845343351364136,0.010625800117850304,0.010000075213611126,0.07635071128606796,0.7819081544876099,1.0174853801727295,0.8311833143234253,0.6622469425201416,0.23978351056575775,0.008198563940823078,0.007999314926564693,0.04409027472138405,-4.845785140991211,7.032480239868164,-0.04016818355916777,0.27044578892097015,0.5700995160173519,-0.03315738461889377,-0.44711622292391084,1.3425215758611548
9892,9,0.545314371585846,-0.06642204523086548,0.537822961807251,-0.06814271211624146,-0.07551052421331406,0.6917502284049988,-0.10796239972114563,0.8670097589492798,0.2762625515460968,0.010549688711762428,0.010000068694353104,0.06946855783462524,0.7826769351959229,1.0153895616531372,0.8310795426368713,0.6644465923309326,0.23292367160320282,0.00786798819899559,0.008153025060892105,0.0409105084836483,-5.834175109863281,6.327517032623291,-0.027959189354949995,0.24465957762410523,0.5649078611303084,-0.018268829734183978,-0.5282538810399047,1.5073142471463747
9893,9,0.5447959899902344,-0.05934518575668335,0.5372205376625061,-0.05938494950532913,-0.02140622027218342,0.7348455190658569,-0.013983024284243584,0.8878699541091919,0.2651725113391876,0.010482901707291603,0.010000062175095081,0.06232922151684761,0.7834663987159729,1.0132054090499878,0.8310866355895996,0.6667355298995972,0.22442679107189178,0.007680308539420366,0.00825728103518486,0.03729397431015968,-6.412849426269531,4.0688252449035645,-0.018393738843042975,0.22195554110110455,0.5596253223199097,-0.0031956872627191997,-0.5282538810398518,1.5073142471463747
9894,9,0.5446606874465942,-0.05208257585763931,0.5373340845108032,-0.05075862631201744,0.004248051904141903,0.7374438047409058,0.04070658981800079,0.842433750629425,0.25272971391677856,0.010424175299704075,0.010000055655837059,0.05512683838605881,0.784294068813324,1.0108014345169067,0.8311890363693237,0.6692395806312561,0.21448808908462524,0.007066598627716303,0.00827854685485363,0.03421613201498985,-7.89036750793457,7.502741813659668,-0.004835359240858664,0.20328221103792307,0.5537386716714797,0.013167383123319446,-0.6049189885339232,1.671013178378493
9895,9,0.5448119640350342,-0.043886441737413406,0.5380640029907227,-0.04253894090652466,0.015170695260167122,0.8739078044891357,0.08526359498500824,0.7957194447517395,0.23992303013801575,0.014697862789034843,0.010000050999224186,0.049022119492292404,0.7851523756980896,1.007336139678955,0.8313215970993042,0.672152042388916,0.20412051677703857,0.009728200733661652,0.008297789841890335,0.03170336037874222,-7.4629411697387695,9.66204833984375,0.015309143492663255,0.18766687141486685,0.5476894817861404,0.029877514907105517,-0.6049189885339232,1.6710131783784947
9896,9,0.5450831651687622,-0.0341167226433754,0.5390352010726929,-0.034572992473840714,0.021349268034100533,1.0485469102859497,0.09045088291168213,0.7910617589950562,0.22693604230880737,0.015482887625694275,0.010000046342611313,0.04381747916340828,0.7860255241394043,1.0037899017333984,0.8315072059631348,0.6754456162452698,0.1930408775806427,0.010227425955235958,0.008436623029410839,0.0293479785323143,-4.751429557800293,8.685779571533203,0.01559814726215819,0.17256082275982632,0.5411436157812993,0.047538699481011915,-0.6771115454060722,1.8092500090681671
9897,9,0.5455981492996216,-0.023038845509290695,0.5399460792541504,-0.02610534429550171,0.06297887861728668,1.1449639797210693,0.0853261947631836,0.9176138043403625,0.21381109952926636,0.01480878796428442,0.010000042617321014,0.039364054799079895,0.7868202328681946,1.0001493692398071,0.8318352103233337,0.6790036559104919,0.18095001578330994,0.009383770637214184,0.008610107935965061,0.027372684329748154,-3.1148290634155273,10.040364265441895,0.008042801830227264,0.1573351903713281,0.5343725003272385,0.06563119957169482,-0.6771115454060722,1.8092500090681671
9898,9,0.5466355681419373,-0.010953595861792564,0.5409746170043945,-0.015569639392197132,0.11941827833652496,1.248435378074646,0.10833173990249634,1.1642370223999023,0.19932560622692108,0.014342226088047028,0.010000038892030716,0.035532813519239426,0.7875847816467285,0.9962412714958191,0.8321462869644165,0.6827743053436279,0.16974744200706482,0.008568491786718369,0.008469072170555592,0.025607163086533546,-5.105700492858887,10.271639823913574,0.011011846070991232,0.13535427961100446,0.5272031993709616,0.08435098077099266,-0.7448315516562987,1.9159326490930595
9899,9,0.5475108623504639,0.00190990068949759,0.541968822479248,-0.0029181495774537325,0.06794954836368561,1.3291385173797607,0.09604824334383011,1.3510679006576538,0.18317165970802307,0.014046212658286095,0.010000037960708141,0.032234881073236465,0.7885031700134277,0.9919451475143433,0.8325008749961853,0.6868333220481873,0.15672151744365692,0.007771088741719723,0.008668999187648296,0.02427365817129612,-0.8534884452819824,9.439210891723633,0.011928568067292061,0.10937928724961263,0.5197548838543996,0.10351030726192234,-0.7448315516562987,1.915932649093066
9900,9,0.5486572980880737,0.01587488502264023,0.5431426763534546,0.011603322811424732,0.13560090959072113,1.4434980154037476,0.12237653136253357,1.5196510553359985,0.16845890879631042,0.015379248186945915,0.010000036098062992,0.029382482171058655,0.7893327474594116,0.987156093120575,0.8329916000366211,0.6910846829414368,0.14304161071777344,0.008501527830958366,0.00881938822567463,0.022840164601802826,1.1540603637695312,7.126345634460449,0.01557051968512238,0.09912483864303502,0.5119979283516625,0.12303625156129333,-0.8080790072846027,1.9910610984531982
9901,9,0.550301194190979,0.030491169542074203,0.5444629788398743,0.027268458157777786,0.18265436589717865,1.4802855253219604,0.14486032724380493,1.5998327732086182,0.15169061720371246,0.01506830845028162,0.010000036098062992,0.026917370036244392,0.7900822758674622,0.982372522354126,0.833609402179718,0.695430338382721,0.12883499264717102,0.008187430910766125,0.008961797691881657,0.021646589040756226,2.289257049560547,6.640305519104004,0.012849287834769269,0.06962787964188281,0.5039171382788165,0.1429468625458266,-0.8080790072846027,1.9910610984531851
9902,9,0.5524119734764099,0.045522164553403854,0.5462010502815247,0.0435270331799984,0.22790494561195374,1.5223302841186523,0.1985771358013153,1.6410105228424072,0.1335352510213852,0.02019721083343029,0.010000034235417843,0.024772558361291885,0.7908933162689209,0.9768604040145874,0.8342403769493103,0.6997798681259155,0.11446654051542282,0.011905945837497711,0.008898711763322353,0.02037922665476799,1.403975486755371,4.937388896942139,0.020908647393978907,0.04157055199053171,0.4956083086345943,0.1630265364199526,-0.8668539122909842,2.0346353571485243
9903,9,0.5545060634613037,0.06060589849948883,0.5482662916183472,0.05980408191680908,0.20253412425518036,1.5109895467758179,0.22095873951911926,1.62424635887146,0.11422858387231827,0.026973657310009003,0.010000032372772694,0.02291070856153965,0.7919506430625916,0.9711885452270508,0.8348256945610046,0.7039404511451721,0.0991874635219574,0.01775725558400154,0.008881418965756893,0.018937695771455765,3.044304847717285,0.15221118927001953,0.02798966520355539,0.011914884137337142,0.48693976951168344,0.18337288999144177,-0.8668539122909842,2.0346353571485243
9904,9,0.5564245581626892,0.0750044733285904,0.5503965020179749,0.07568393647670746,0.1906828135251999,1.3986153602600098,0.21590903401374817,1.5647963285446167,0.09834875166416168,0.040635645389556885,0.010000032372772694,0.021296337246894836,0.7930189371109009,0.96500563621521,0.8353423476219177,0.707911491394043,0.08534173667430878,0.027894001454114914,0.008681187406182289,0.01801232621073723,0.6100821495056152,2.6670289039611816,0.043148206988246424,-0.007645343737004873,0.47811484613095173,0.20375385991500455,-0.9211562666754433,2.046655425179096
9905,9,0.5579963326454163,0.08904088288545609,0.5525262951850891,0.09081095457077026,0.12385521084070206,1.4126116037368774,0.2023502141237259,1.4529012441635132,0.0852917954325676,0.06918227672576904,0.027055783197283745,0.019889000803232193,0.7941111922264099,0.9574052095413208,0.8345239758491516,0.7119823098182678,0.07479154318571091,0.04686086252331734,0.021501723676919937,0.017502600327134132,-2.6295900344848633,5.971584320068359,0.07512461262776354,-0.029878187357757255,0.4689032834641974,0.22422041416679703,-0.9211562666754433,2.046655425179109
9906,9,0.558295726776123,0.10373175889253616,0.5541146993637085,0.104706309735775,-0.05707020312547684,1.5223206281661987,0.10839563608169556,1.338573932647705,0.07441751658916473,0.08542899042367935,0.04122760891914368,0.018658116459846497,0.7956011295318604,0.9503130912780762,0.8333501219749451,0.7163833975791931,0.06741457432508469,0.05967621132731438,0.03192848339676857,0.017279576510190964,-3.9109575748443604,7.0198655128479,0.08892420916243998,-0.04357603506293581,0.45959804675193267,0.24465024661447587,-0.9709860704379535,2.0271213025449013
9907,9,0.5564836263656616,0.11965912580490112,0.5543308854103088,0.11775831878185272,-0.29496097564697266,1.6462680101394653,-0.062406498938798904,1.2993195056915283,0.06534183025360107,0.08658214658498764,0.04088536649942398,0.017585447058081627,0.7978450059890747,0.9443053603172302,0.8323635458946228,0.7210102081298828,0.06159328296780586,0.06325938552618027,0.0313030369579792,0.01674647442996502,-2.8480684757232666,4.071931838989258,0.08685232354972533,-0.03862388345275069,0.44988818604755426,0.26492145963992386,-0.9709860704379535,2.027121302544888
9908,9,0.5523706674575806,0.13606268167495728,0.552544891834259,0.13148607313632965,-0.5110498666763306,1.6393523216247559,-0.28151026368141174,1.4691038131713867,0.05767868831753731,0.08564294874668121,0.038294509053230286,0.01664651744067669,0.8007597923278809,0.9388103485107422,0.8310906291007996,0.7256448864936829,0.05605988949537277,0.06328245997428894,0.028757821768522263,0.01621626690030098,-1.1407971382141113,3.2682299613952637,0.08016777722759877,-0.02114251023039119,0.4401384164087297,0.2851477210864055,-1.0126689515058789,1.9801716321007776
9909,9,0.5465157628059387,0.15241560339927673,0.5483120083808899,0.14729440212249756,-0.6471535563468933,1.6308954954147339,-0.5638384819030762,1.65602445602417,0.0511932335793972,0.09023869037628174,0.03461335971951485,0.015826363116502762,0.8041659593582153,0.9331030249595642,0.8294512033462524,0.7301963567733765,0.051497168838977814,0.06564673036336899,0.02511068433523178,0.015655912458896637,-2.9275691509246826,2.634913921356201,0.09129558593569212,-0.0032780389170894014,0.429974983172944,0.3049080509788661,-1.0163433235785675,1.9760329892458999
9910,9,0.5389145016670227,0.1684972643852234,0.5408501625061035,0.16420204937458038,-0.8445555567741394,1.6049262285232544,-0.8906774520874023,1.7179502248764038,0.045673076063394547,0.10037773847579956,0.03144001215696335,0.015109103173017502,0.8082904815673828,0.9269682168960571,0.827168881893158,0.7346264719963074,0.048357680439949036,0.07187942415475845,0.021392330527305603,0.015147500671446323,-6.350440979003906,1.8584322929382324,0.10282398175291843,0.005986373107831816,0.41981154993715836,0.3246683808713266,-1.0344470675152253,1.9394388932179674
9911,9,0.5287839770317078,0.1842775195837021,0.5302238464355469,0.1812574565410614,-1.1343456506729126,1.5805929899215698,-1.1869933605194092,1.7087832689285278,0.04321037232875824,0.1126483827829361,0.02870256081223488,0.014482514001429081,0.813097357749939,0.9206269979476929,0.8241636157035828,0.7389706969261169,0.047317687422037125,0.08013004064559937,0.018235310912132263,0.014673593454062939,-5.942263603210449,-0.47147631645202637,0.11594601254273312,0.02707105066024887,0.4092441807515622,0.34361221275165504,-1.0572280260972593,1.8933904852821848
9912,9,0.5160832405090332,0.19984225928783417,0.5169832110404968,0.19816294312477112,-1.3877971172332764,1.5446877479553223,-1.440883755683899,1.6759499311447144,0.06312276422977448,0.12583620846271515,0.02632702887058258,0.013932923786342144,0.8163743615150452,0.914283812046051,0.8203545212745667,0.7431811094284058,0.06532363593578339,0.08941072970628738,0.015154932625591755,0.014272941276431084,-7.869880199432373,-1.1563444137573242,0.12946866960208991,0.0670538119629274,0.3986719004905897,0.3625461176044781,-1.0572280260972593,1.8933904852821848
9913,9,0.5006542205810547,0.2150467336177826,0.5012602210044861,0.21452684700489044,-1.6578398942947388,1.5156811475753784,-1.6741336584091187,1.6085996627807617,0.09773136675357819,0.13914178311824799,0.024268653243780136,0.01345214992761612,0.818811297416687,0.9080111980438232,0.8158190846443176,0.7473357319831848,0.09778069704771042,0.09857480227947235,0.012771883979439735,0.013974468223750591,-7.4272308349609375,-2.2091758251190186,0.1431771545372167,0.1061156342840753,0.38777628469460607,0.38046596952632017,-1.0936401779940284,1.7791937906536368
9914,9,0.4831378757953644,0.23010702431201935,0.48345956206321716,0.23021525144577026,-1.823499083518982,1.5036040544509888,-1.8758879899978638,1.5296481847763062,0.14121386408805847,0.15236109495162964,0.022474588826298714,0.013029715046286583,0.8208749294281006,0.9017210006713867,0.8109861612319946,0.7515685558319092,0.13812020421028137,0.10678094625473022,0.011352197267115116,0.013923902995884418,-3.9476990699768066,-1.4298772811889648,0.15636729522368809,0.15313100038604377,0.37683988291466597,0.39825790743285777,-1.093640177994002,1.7791937906536368
9915,9,0.4651859402656555,0.24556539952754974,0.46405741572380066,0.24531503021717072,-1.7809903621673584,1.5637551546096802,-2.0068459510803223,1.47298002243042,0.1768878549337387,0.16200752556324005,0.020912354812026024,0.012659219093620777,0.823383629322052,0.8955277800559998,0.8061091899871826,0.7558401823043823,0.1764277219772339,0.11373835057020187,0.010127849876880646,0.013703931123018265,-5.637879371643066,-1.6513919830322266,0.16504104111112622,0.1882866828406274,0.36565180091327015,0.41490134587089567,-1.1255797792688487,1.6334429053603086
9916,9,0.44727304577827454,0.26112860441207886,0.4436231553554535,0.2595583498477936,-1.7872002124786377,1.5540904998779297,-2.0373826026916504,1.4012786149978638,0.18885749578475952,0.16191831231117249,0.01955215446650982,0.012334583327174187,0.8274794816970825,0.8898822665214539,0.8012702465057373,0.7600265145301819,0.19926567375659943,0.11674461513757706,0.009256228804588318,0.013392946682870388,-6.120475769042969,-3.282346725463867,0.1614838912714093,0.1930868513690231,0.3543960031205816,0.4312357749245,-1.1255797792688487,1.633442905360335
9917,9,0.429464191198349,0.2763085961341858,0.42382583022117615,0.2735229730606079,-1.7624657154083252,1.4929711818695068,-1.9084903001785278,1.4086717367172241,0.200532466173172,0.16486217081546783,0.018366055563092232,0.012049940414726734,0.8323023319244385,0.884501039981842,0.7965551614761353,0.7641133069992065,0.2144193798303604,0.11853785067796707,0.008419387973845005,0.013240844011306763,-8.935323715209961,-0.8195090293884277,0.16583407359316854,0.20486814607761897,0.3429512353187479,0.4463965424843052,-1.1530468299217729,1.4628495935163697
9918,9,0.41189897060394287,0.2911960482597351,0.4055432677268982,0.28781405091285706,-1.745976209640503,1.4898338317871094,-1.7626186609268188,1.4477890729904175,0.208647683262825,0.17438016831874847,0.01733006350696087,0.011800123378634453,0.8374426364898682,0.8788342475891113,0.7918302416801453,0.7682230472564697,0.22648769617080688,0.12226834148168564,0.007568427361547947,0.013210441917181015,-11.892616271972656,0.928194522857666,0.17759330856625333,0.21175387559491177,0.3314207670195303,0.46102503841947,-1.1530468299217465,1.4628495935163697
9919,9,0.3942930996417999,0.3062655031681061,0.3883105516433716,0.30246439576148987,-1.7545902729034424,1.5311307907104492,-1.6887381076812744,1.4902849197387695,0.21625058352947235,0.17798775434494019,0.016424711793661118,0.01158088818192482,0.8426604270935059,0.8731294870376587,0.7872698903083801,0.7724272012710571,0.23495428264141083,0.1247125118970871,0.007269521243870258,0.013190526515245438,-8.204547882080078,-0.5906713008880615,0.17923276039795807,0.21923666698832095,0.31975509382223255,0.47466225315573196,-1.1760413299527748,1.2942609115783388
9920,9,0.37749943137168884,0.3216996192932129,0.37183326482772827,0.317720502614975,-1.6231555938720703,1.5498511791229248,-1.6171365976333618,1.5477700233459473,0.22642245888710022,0.17700983583927155,0.01563250832259655,0.01138834748417139,0.8473423719406128,0.8675608038902283,0.7831729650497437,0.7767947912216187,0.24206648766994476,0.12370344996452332,0.007271531969308853,0.013379303738474846,-5.7802629470825195,1.6492581367492676,0.17241131215635558,0.2304937234206076,0.30799468052270357,0.4876048622715178,-1.1760413299527748,1.2942609115783388
9921,9,0.3625197112560272,0.33781546354293823,0.3564671576023102,0.3336799740791321,-1.4154393672943115,1.6370700597763062,-1.4798401594161987,1.6143286228179932,0.22501786053180695,0.1751939356327057,0.01493974681943655,0.011219428852200508,0.851986825466156,0.8620699644088745,0.7794764637947083,0.7810783386230469,0.2431592047214508,0.12315782159566879,0.007194143254309893,0.012991523370146751,-5.576572418212891,-3.1996965408325195,0.1666212786441744,0.21903715074981844,0.2961438823349185,0.4997673138261404,-1.1945632793618277,1.1343886236603582
9922,9,0.34896713495254517,0.35344597697257996,0.34219250082969666,0.3495893180370331,-1.2813048362731934,1.5259675979614258,-1.3515942096710205,1.5876820087432861,0.21883398294448853,0.1703643798828125,0.014332369901239872,0.011070911772549152,0.8567178845405579,0.8569542169570923,0.7761824727058411,0.7851120233535767,0.23787112534046173,0.12185157835483551,0.00715697230771184,0.012666364200413227,-7.453374862670898,-3.4237217903137207,0.14746044525032084,0.19238146217294672,0.2841982495413002,0.5111112000627446,-1.1945632793618277,1.1343886236603318
9923,9,0.3367372155189514,0.36826255917549133,0.3295831084251404,0.36521410942077637,-1.167380690574646,1.452241063117981,-1.1788126230239868,1.54230535030365,0.21041645109653473,0.16818344593048096,0.013800829648971558,0.010940613225102425,0.8613815903663635,0.852027416229248,0.7732499837875366,0.7890689969062805,0.22874048352241516,0.11941168457269669,0.007058568298816681,0.012716501951217651,-8.11022663116455,-0.8935332298278809,0.15774807956586354,0.17383076901645847,0.27219810676800327,0.5218686195878885,-1.2086126781489581,0.983232729762349
9924,9,0.32574009895324707,0.3829382658004761,0.31874245405197144,0.3804480731487274,-1.053382158279419,1.46511709690094,-1.0188831090927124,1.493021845817566,0.20026223361492157,0.16713270545005798,0.013334023766219616,0.010825936682522297,0.8659586310386658,0.8470826148986816,0.7705007791519165,0.7928897142410278,0.2183760702610016,0.1185394898056984,0.0068038529716432095,0.012425310909748077,-9.201903343200684,-2.59413480758667,0.16210731773600462,0.15549722775523858,0.260111979986515,0.531700946885512,-1.2086126781489845,0.983232729762349
9925,9,0.3153529763221741,0.3970749080181122,0.30892840027809143,0.394779771566391,-1.0152182579040527,1.3854788541793823,-0.9446011185646057,1.3970654010772705,0.18844059109687805,0.16468419134616852,0.012926989234983921,0.010725745931267738,0.8704795837402344,0.8423978090286255,0.768002986907959,0.7964257597923279,0.20520414412021637,0.11861778795719147,0.00690006697550416,0.011939196847379208,-4.695428848266602,-7.066068649291992,0.15283243270890032,0.13460943061628508,0.24799827303268154,0.5411230655333379,-1.2181895263142055,0.8407932298844696
9926,9,0.30598515272140503,0.4101162552833557,0.2999366819858551,0.40830549597740173,-0.8689481616020203,1.2261497974395752,-0.8551643490791321,1.3067535161972046,0.1769973486661911,0.16326341032981873,0.012569619342684746,0.010637633502483368,0.8746034502983093,0.8380457758903503,0.7659797072410583,0.7997517585754395,0.19006478786468506,0.11778820306062698,0.007098724599927664,0.011924647726118565,-4.526066780090332,-1.4395463466644287,0.15636987107583347,0.12370456832478952,0.23581637776953956,0.5495309978321831,-1.2181895263142055,0.8407932298844696
9927,9,0.2982954978942871,0.42264822125434875,0.2923077344894409,0.4211316704750061,-0.7117459774017334,1.2445728778839111,-0.7061657905578613,1.2287706136703491,0.16273410618305206,0.17089571058750153,0.012256085872650146,0.010560219176113605,0.8784962892532349,0.833346426486969,0.7641476988792419,0.8031023740768433,0.1755167841911316,0.1194591075181961,0.006862976588308811,0.012023395858705044,-7.717938423156738,2.1529674530029297,0.17345105873108135,0.09446951430861145,0.2236248870401465,0.5576875467548501,-1.223293823857491,0.707070124026588
9928,9,0.2911703884601593,0.43536436557769775,0.2856464087963104,0.43285059928894043,-0.711196780204773,1.287369966506958,-0.6371644139289856,1.1309380531311035,0.14549914002418518,0.1694628894329071,0.011981052346527576,0.010492218658328056,0.8827313780784607,0.8287051320075989,0.7621341943740845,0.8065011501312256,0.16055962443351746,0.11941494792699814,0.006277892738580704,0.012078515253961086,-11.912137031555176,3.1540822982788086,0.16260726773779535,0.060064548873796836,0.21139194880157008,0.5647582479951174,-1.223293823857491,0.707070124026588
9929,9,0.2832777202129364,0.4482792913913727,0.2791122496128082,0.4439603090286255,-0.8371318578720093,1.3037192821502686,-0.6622925996780396,1.1283860206604004,0.1295863687992096,0.16565749049186707,0.011739284731447697,0.010432376526296139,0.8873491287231445,0.8242702484130859,0.7599695324897766,0.8099192380905151,0.1441073715686798,0.11736845225095749,0.006060509942471981,0.011898672208189964,-7.598513603210449,0.3248405456542969,0.14740392835232283,0.047925161287376464,0.1991584547015898,0.5717189583447878,-1.2238743932254685,0.5921901535381006
9930,9,0.2749960124492645,0.46115949749946594,0.27235814929008484,0.4558046758174896,-0.829707682132721,1.2677215337753296,-0.6983447670936584,1.2245911359786987,0.11797558516263962,0.1601468175649643,0.011527568101882935,0.010379921644926071,0.8918073177337646,0.8201454281806946,0.757727861404419,0.8131425976753235,0.1306375414133072,0.1149054765701294,0.0057082646526396275,0.011714901775121689,-8.064001083374023,-0.5775308609008789,0.13334815364375852,0.05619507759194754,0.18691919899380105,0.5775395924666759,-1.2239255707788805,0.582063412188757
9931,9,0.26640063524246216,0.4733562171459198,0.26492103934288025,0.46812742948532104,-0.8816266655921936,1.1859557628631592,-0.7808182835578918,1.235947847366333,0.10668633878231049,0.15454570949077606,0.01134132407605648,0.010333738289773464,0.8963053226470947,0.8163724541664124,0.7552375793457031,0.8161287903785706,0.11970943212509155,0.1122191995382309,0.005153927952051163,0.011423630639910698,-9.965014457702637,-1.228480339050293,0.12707268650937084,0.04516003395955555,0.1746799432860123,0.5833602265885639,-1.2221639080016642,0.530570066110839
9932,9,0.2569291293621063,0.4846550524234772,0.25647109746932983,0.48016268014907837,-0.996274471282959,1.0926352739334106,-0.8916850090026855,1.1786975860595703,0.09713540971279144,0.1498597115278244,0.011177963577210903,0.010293195955455303,0.9010789394378662,0.8128925561904907,0.7523632049560547,0.8188958168029785,0.11069074273109436,0.10950909554958344,0.0045556011609733105,0.011229084804654121,-11.567268371582031,-1.0105717182159424,0.12658102653846384,0.043660325112493986,0.16247999430558743,0.5880319263392185,-1.2199471087084592,0.46577309437097664
9933,9,0.24611492455005646,0.49516844749450684,0.2468632459640503,0.4914996027946472,-1.1450501680374146,1.0219591856002808,-1.0199143886566162,1.0976881980895996,0.09060175716876984,0.14646683633327484,0.011034543626010418,0.010257579386234283,0.9058983325958252,0.8095895051956177,0.7493075132369995,0.8214656710624695,0.1027899980545044,0.10750871896743774,0.004482725169509649,0.010939822532236576,-6.107003688812256,-3.228600025177002,0.12945758330742044,0.05326859342977927,0.15028052321850285,0.5926896572829286,-1.2199471087084592,0.46577309437097664
9934,9,0.23492872714996338,0.504924476146698,0.236013725399971,0.5021419525146484,-1.1213316917419434,0.9232865571975708,-1.1601799726486206,1.0180943012237549,0.08769074082374573,0.14349636435508728,0.010908804833889008,0.010226336307823658,0.9103386998176575,0.8065353035926819,0.7461869716644287,0.8238100409507751,0.09872093051671982,0.10589900612831116,0.0041778734885156155,0.010807782411575317,-7.447822093963623,-0.6822514533996582,0.12846165520390018,0.07081767291606775,0.13816220805793425,0.5963921447051074,-1.2108078041667532,0.35819917057324685
9935,9,0.22346746921539307,0.5139527916908264,0.22369959950447083,0.5116798877716064,-1.1733143329620361,0.8738784790039062,-1.2929363250732422,0.8916155695915222,0.08411286771297455,0.14173932373523712,0.010798247531056404,0.010198851116001606,0.9146240949630737,0.8034989833831787,0.7431447505950928,0.8262103199958801,0.09436299651861191,0.10323123633861542,0.004328242968767881,0.01098936889320612,-2.7136898040771484,2.4759697914123535,0.13281546877667236,0.06323864824592429,0.12605413001626672,0.59997413641084,-1.2108078041667598,0.35819917057324685
9936,9,0.21253331005573273,0.523276150226593,0.21081051230430603,0.5204814672470093,-1.0765843391418457,0.9369356036186218,-1.3062015771865845,0.8387213349342346,0.08174248784780502,0.13974487781524658,0.010701273567974567,0.010174732655286789,0.9188272953033447,0.8004298210144043,0.7399561405181885,0.8284927010536194,0.09259568154811859,0.10212226212024689,0.0037561955396085978,0.01076345145702362,-6.952049732208252,1.660904884338379,0.12955254892850906,0.06778178757765953,0.11405982014674375,0.602777142656703,-1.1963699987838148,0.25934164079551475
9937,9,0.20083674788475037,0.5320902466773987,0.19761155545711517,0.52823406457901,-1.2256202697753906,0.8547828197479248,-1.2952120304107666,0.7538266777992249,0.07701989263296127,0.13462020456790924,0.01061598863452673,0.010153510607779026,0.9236259460449219,0.797788143157959,0.7363268733024597,0.8304838538169861,0.08998460322618484,0.1009628027677536,0.003194466233253479,0.010301382280886173,-8.214361190795898,-1.7396533489227295,0.10827598415744041,0.04900446305034002,0.10209612015890618,0.6053705590646583,-1.1963699987838148,0.25934164079551475
9938,9,0.18763868510723114,0.539680540561676,0.18467800319194794,0.535419762134552,-1.3737473487854004,0.701889157295227,-1.2794207334518433,0.7077081799507141,0.07585600018501282,0.13039927184581757,0.010541168972849846,0.010134886018931866,0.92851322889328,0.7955600619316101,0.7325406074523926,0.8323312401771545,0.08787534385919571,0.09800321608781815,0.003109687939286232,0.01032398734241724,-6.0064697265625,1.4213085174560547,0.10842229265202641,0.06888577295789432,0.09026820358716096,0.607343815286365,-1.1766336925598029,0.16920050503783327
9939,9,0.17405268549919128,0.5468630194664001,0.1722484827041626,0.542672336101532,-1.3690601587295532,0.705039381980896,-1.2432467937469482,0.7144746780395508,0.08890704810619354,0.12888336181640625,0.010475395247340202,0.010118510574102402,0.9320131540298462,0.7933857440948486,0.7285836935043335,0.8339577317237854,0.09877940267324448,0.09715387970209122,0.002769192447885871,0.009960680268704891,-6.1965179443359375,-1.1184108257293701,0.12094686994763557,0.09178555014432326,0.07850186666156214,0.609035820336744,-1.1766336925598029,0.16920050503783327
9940,9,0.1600021868944168,0.5531167984008789,0.15937648713588715,0.5492594242095947,-1.4164783954620361,0.574053168296814,-1.314740538597107,0.6228463053703308,0.09210936725139618,0.1258421540260315,0.01041769701987505,0.010104143060743809,0.9360350370407104,0.7915351986885071,0.7245067358016968,0.8353776931762695,0.1052139550447464,0.09601074457168579,0.0026177214458584785,0.009835688397288322,-8.06190013885498,0.9249329566955566,0.10980357389916053,0.09287280123545205,0.06688273139432388,0.6102490576864552,-1.1515988854946375,0.08777576330025526
9941,9,0.14565566182136536,0.5586534738540649,0.14590728282928467,0.5550885200500488,-1.4454431533813477,0.530326783657074,-1.3797497749328613,0.5441934466362,0.10083480924367905,0.12489201873540878,0.01036698929965496,0.01009150967001915,0.9399046897888184,0.7897766828536987,0.7203823328018188,0.83674156665802,0.11387033760547638,0.0946635976433754,0.0024586773943156004,0.00984183233231306,-8.841338157653809,2.963542938232422,0.11985966368719224,0.10296184735787853,0.05536674253937679,0.6111268153194579,-1.1515988854946277,0.08777576330025526
9942,9,0.13113142549991608,0.5640100836753845,0.13172443211078644,0.560235857963562,-1.4592863321304321,0.5325245261192322,-1.4583865404129028,0.4872525930404663,0.10917344689369202,0.12371139228343964,0.010322405956685543,0.010080400854349136,0.9436817765235901,0.7880035638809204,0.7162320613861084,0.8380662798881531,0.12315119802951813,0.0937308669090271,0.0024121657479554415,0.00976709183305502,-7.81552791595459,2.3490047454833984,0.11745109555843934,0.1112305415751087,0.04399877658337197,0.6116497649493343,-1.121265577588303,0.015067415582674975
9943,9,0.11663585156202316,0.5691982507705688,0.1167168840765953,0.5649171471595764,-1.4368420839309692,0.5024954676628113,-1.5342869758605957,0.45547381043434143,0.11611966043710709,0.12117893993854523,0.010283289477229118,0.010070652700960636,0.9475077390670776,0.7865071296691895,0.7121537327766418,0.8391045928001404,0.13096633553504944,0.09394598007202148,0.002448985818773508,0.009251129813492298,-6.205716133117676,-3.0008435249328613,0.10766536996672561,0.1179632733847538,0.032786120807488175,0.6118004391051611,-1.121265577588303,0.015067415582674975
9944,9,0.10242927819490433,0.5731363296508789,0.10096629709005356,0.5690239667892456,-1.393357753753662,0.3163423538208008,-1.5814404487609863,0.38019081950187683,0.11883218586444855,0.11823379248380661,0.010248874314129353,0.010062074288725853,0.9513393044471741,0.7855296730995178,0.7085459232330322,0.8398935198783875,0.13305532932281494,0.09300785511732101,0.003072675783187151,0.009046293795108795,-0.7710623741149902,-1.4940118789672852,0.10244827229715944,0.11954048396668729,0.02171171216944745,0.6117028321673629,-1.0856337688408215,-0.04892453811485471
9945,9,0.09001100808382034,0.5761857628822327,0.08617549389600754,0.572787344455719,-1.162770390510559,0.2603874206542969,-1.401700496673584,0.332421213388443,0.11868366599082947,0.12145397812128067,0.010218614712357521,0.010054528713226318,0.954959511756897,0.7845291495323181,0.7054980993270874,0.8404589295387268,0.13161297142505646,0.09492344409227371,0.003488213289529085,0.008809220977127552,0.5295515060424805,-0.7141423225402832,0.1222781359932508,0.11788682772323074,0.01085537448103719,0.6112135867862144,-1.0856337688408215,-0.04892453811485471
9946,9,0.07937074452638626,0.5784003734588623,0.07364366948604584,0.5755314230918884,-0.9960246086120605,0.18105396628379822,-1.130051612854004,0.215857595205307,0.11340732127428055,0.12342973053455353,0.01019207388162613,0.0100479107350111,0.9584943056106567,0.7837193012237549,0.7029328942298889,0.8408046960830688,0.12600059807300568,0.09764419496059418,0.003918820060789585,0.00859183631837368,1.455533504486084,-0.9290456771850586,0.12396323262990663,0.08486045489391603,0.00011691116768985498,0.6105651544329016,-1.0447034592521818,-0.10420009779233382
9947,9,0.07034966349601746,0.5797716975212097,0.06385189294815063,0.5770347714424133,-0.8234044313430786,0.09820790588855743,-0.8560549020767212,0.092950239777565,0.10496416687965393,0.1285325586795807,0.010168780572712421,0.010042102076113224,0.9619141221046448,0.7830149531364441,0.7009417414665222,0.8409561514854431,0.11579956114292145,0.10190308839082718,0.004492571111768484,0.008365669287741184,3.022313117980957,-1.2378764152526855,0.12997248327629765,0.058441028179939986,-0.010330123424832676,0.6095231534549782,-1.0447034592521822,-0.10420009779233382
9948,9,0.06329025328159332,0.5803844928741455,0.05667809396982193,0.577452540397644,-0.6093922257423401,0.02390110492706299,-0.6039440631866455,-0.006553616374731064,0.09336766600608826,0.13592015206813812,0.010148276574909687,0.010036989115178585,0.965083658695221,0.7823445796966553,0.6995816230773926,0.8409448862075806,0.10213002562522888,0.10778698325157166,0.005053028929978609,0.008243105374276638,3.276970386505127,0.08583545684814453,0.13797012956389765,0.02804910534842782,-0.020690253406756197,0.6083936268383116,-0.9984746488223865,-0.15075926344976232
9949,9,0.058343902230262756,0.5804417133331299,0.05193055048584938,0.5769944787025452,-0.40690290927886963,-0.013325318694114685,-0.37562277913093567,-0.07939961552619934,0.08113407343626022,0.14325517416000366,0.011579669080674648,0.010032501071691513,0.9680435061454773,0.7819190621376038,0.6984459757804871,0.840571939945221,0.0886279046535492,0.1160862147808075,0.0059121353551745415,0.007665183860808611,-0.44240236282348633,-4.463551044464111,0.1454054045598481,-0.011782703102812778,-0.03067499989497955,0.6068860342038138,-0.9984746488223865,-0.15075926344976232
9950,9,0.0541854090988636,0.5789644718170166,0.04857155308127403,0.5753183364868164,-0.3839123845100403,-0.21852247416973114,-0.27322354912757874,-0.20730091631412506,0.07094848901033401,0.14714118838310242,0.04813067615032196,0.010028554126620293,0.9706750512123108,0.7821281552314758,0.6960157752037048,0.8399600386619568,0.07657910138368607,0.12200801819562912,0.026004012674093246,0.007563390303403139,-3.4728574752807617,-1.0565710067749023,0.14829121635219128,-0.05412138197259843,-0.04061440853875252,0.6053451444759532,-0.9511215434480615,-0.1855364080125649
9951,9,0.05028562247753143,0.5766704082489014,0.046357885003089905,0.5728939175605774,-0.4038097560405731,-0.24778594076633453,-0.19252833724021912,-0.2776757478713989,0.06241757422685623,0.17104186117649078,0.06661885976791382,0.010025090537965298,0.9731077551841736,0.7816388010978699,0.6941749453544617,0.8392764925956726,0.06752633303403854,0.1354268491268158,0.03637664392590523,0.0074747600592672825,-3.238786458969116,-0.47070741653442383,0.17874312505017798,-0.07027730699641707,-0.050083881914267506,0.6034591241250814,-0.9469473375514328,-0.1886020350871931
9952,9,0.04604313150048256,0.5741792917251587,0.04457532614469528,0.5699177980422974,-0.45378586649894714,-0.25427570939064026,-0.18024687469005585,-0.31714126467704773,0.05521725118160248,0.18101467192173004,0.07813860476016998,0.010022046975791454,0.9758279919624329,0.7814628481864929,0.6921920776367188,0.838319718837738,0.0613790787756443,0.14891481399536133,0.04135824739933014,0.007122823502868414,-7.879452705383301,-4.502906799316406,0.18444678538466122,-0.08062885433054898,-0.059553355289782485,0.6015731037742095,-0.9217848711986492,-0.2014991934301282
9953,9,0.039971716701984406,0.5706433057785034,0.04202932491898537,0.5660964250564575,-0.691008448600769,-0.391348272562027,-0.3068316578865051,-0.3999897241592407,0.04911818355321884,0.1850730925798416,0.08348166197538376,0.010019376873970032,0.9790107011795044,0.7820801734924316,0.6899527311325073,0.8372772336006165,0.05574271082878113,0.15656164288520813,0.043340474367141724,0.007135879714041948,-9.078035354614258,-2.862262725830078,0.1865593133313766,-0.08475362872259981,-0.06846139646755427,0.5993993183111417,-0.8901215254393259,-0.21772841270457324
9954,9,0.03238615021109581,0.5667608976364136,0.037549570202827454,0.5620485544204712,-0.8175726532936096,-0.3856225907802582,-0.6102423071861267,-0.4103398025035858,0.04389702156186104,0.20365217328071594,0.07966982573270798,0.010017024353146553,0.9824878573417664,0.782324492931366,0.6877010464668274,0.8364313840866089,0.050794657319784164,0.16549836099147797,0.040720149874687195,0.007467712741345167,-8.945317268371582,1.4699149131774902,0.2103691760144159,-0.057176528887596514,-0.07736261172194812,0.5972220341840961,-0.8901215254393259,-0.2177284127045204
9955,9,0.023755310103297234,0.5637460350990295,0.029838256537914276,0.5582826137542725,-0.9250032305717468,-0.25330615043640137,-0.9161376953125,-0.3578643202781677,0.03942379727959633,0.2105511873960495,0.07427463680505753,0.010014957748353481,0.986149251461029,0.7824050784111023,0.6853348016738892,0.8357951045036316,0.045903537422418594,0.17250597476959229,0.03752458840608597,0.007602687459439039,-2.7415215969085693,-1.4775657653808594,0.21312014765620893,-0.0420818492524065,-0.08571217053969685,0.594863511854356,-0.8279972124860627,-0.23813839630184996
9956,9,0.014638081192970276,0.5614843964576721,0.01966913603246212,0.5552440881729126,-0.9287148714065552,-0.21159622073173523,-1.0987296104431152,-0.2678801119327545,0.035581331700086594,0.2076868712902069,0.06766872107982635,0.010013140738010406,0.9898325204849243,0.782908022403717,0.6828992366790771,0.8352189064025879,0.04190202057361603,0.17485061287879944,0.03345876932144165,0.007621836382895708,-2.550143003463745,-2.4862289428710938,0.195114360609207,-0.027620475750168155,-0.093992142664558,0.5924821278913373,-0.8279972124860561,-0.23813839630184996
9957,9,0.005023224279284477,0.5593449473381042,0.00801378395408392,0.5528228282928467,-0.9873090386390686,-0.20974010229110718,-1.2108889818191528,-0.21995916962623596,0.032271891832351685,0.20423994958400726,0.061945922672748566,0.010011544451117516,0.9935584664344788,0.7837125062942505,0.6803255677223206,0.8347808122634888,0.038345374166965485,0.1727236956357956,0.030010879039764404,0.007841737940907478,-2.235090732574463,-1.215139627456665,0.18900457641550633,-0.026654226952456672,-0.10174083111555463,0.5900085998470853,-0.7605743986916399,-0.24983198587912894
9958,9,-0.004958375822752714,0.5576691627502441,-0.0041952007450163364,0.551056981086731,-1.019594669342041,-0.14653947949409485,-1.2387206554412842,-0.15314427018165588,0.029416954144835472,0.20136961340904236,0.0556524284183979,0.01001014281064272,0.9972497224807739,0.784490168094635,0.6777392625808716,0.8344106078147888,0.03502422571182251,0.17026005685329437,0.026600992307066917,0.007783197797834873,0.8433032035827637,-4.122745990753174,0.18857172382396875,-0.01613427200167697,-0.10934657510247155,0.5875102799882939,-0.7605743986916399,-0.24983198587907607
9959,9,-0.014939664863049984,0.5561155676841736,-0.01652221940457821,0.5497512221336365,-0.9905853867530823,-0.1616162210702896,-1.2110177278518677,-0.11823184043169022,0.02694348804652691,0.19710154831409454,0.049469415098428726,0.010008910670876503,1.000848650932312,0.7852511405944824,0.6751571297645569,0.8341931104660034,0.03242424875497818,0.16586317121982574,0.023004045709967613,0.00814189575612545,-1.4889168739318848,1.170659065246582,0.17795204065955827,-0.007768959934334019,-0.11645200517998787,0.58499147738169,-0.6878530840560638,-0.2528091814364102
9960,9,-0.02502659521996975,0.5553077459335327,-0.027802100405097008,0.5489100217819214,-1.0327093601226807,-0.03587505966424942,-1.064268708229065,-0.06265595555305481,0.02480246312916279,0.1937956064939499,0.04421006515622139,0.010007831268012524,1.0045645236968994,0.7857288122177124,0.6723650693893433,0.8342654705047607,0.03037697821855545,0.1602371335029602,0.019741570577025414,0.008470085449516773,-2.9608798027038574,2.964296340942383,0.17879151475706392,-0.008082653346355356,-0.12333053602054894,0.5824633855673261,-0.6878530840560572,-0.25280918143635733
9961,9,-0.035767942667007446,0.5555680394172668,-0.037902962416410446,0.5486787557601929,-1.107467532157898,0.07820621132850647,-0.971432626247406,0.020381346344947815,0.022939210757613182,0.1872042864561081,0.0396995022892952,0.010006880387663841,1.0085124969482422,0.7860341668128967,0.6692534685134888,0.8344148397445679,0.02879241481423378,0.1553439199924469,0.01679476723074913,0.008401141501963139,-3.8717567920684814,-1.3174772262573242,0.15705051788618746,0.0034757614883492716,-0.12975031971785722,0.57996903955053,-0.6098332685793347,-0.24706998297358798
9962,9,-0.0475480891764164,0.5559819936752319,-0.04773072898387909,0.5490040183067322,-1.2080565690994263,0.04250583052635193,-0.9727742075920105,0.0640472024679184,0.02281804196536541,0.17795388400554657,0.03582485392689705,0.010006045922636986,1.0122854709625244,0.7865035533905029,0.666060745716095,0.8345487713813782,0.028083432465791702,0.1493719518184662,0.014879089780151844,0.008320074528455734,-0.7180237770080566,-3.076678514480591,0.13491494661640474,0.021973902621387015,-0.13584865240365093,0.5774983397207942,-0.6098332685793215,-0.24706998297353513
9963,9,-0.05928358435630798,0.5563182234764099,-0.05748569592833519,0.5498905181884766,-1.142204999923706,0.022765174508094788,-1.003535509109497,0.09705624729394913,0.04384928569197655,0.17046375572681427,0.03248376399278641,0.010005313903093338,1.0129127502441406,0.787021815776825,0.663168728351593,0.8347315192222595,0.04570227116346359,0.1424316167831421,0.013569371774792671,0.008442707359790802,2.0906686782836914,-1.2429559230804443,0.1350241024265587,0.04735920630994514,-0.14154040171401944,0.5750981814459674,-0.5265149522614461,-0.23261439049066232
9964,9,-0.06954700499773026,0.5569164156913757,-0.06768102198839188,0.5511078834533691,-0.9477649927139282,0.06490199267864227,-1.0487468242645264,0.11804694682359695,0.04792969673871994,0.16401158273220062,0.029599342495203018,0.010004670359194279,1.0146936178207397,0.7873784899711609,0.6606459021568298,0.8350270390510559,0.05224591866135597,0.13555654883384705,0.012387779541313648,0.008653766475617886,-0.9285295009613037,2.671229839324951,0.13298952969842,0.04867172291053434,-0.14680555123663416,0.5727720375410602,-0.5265149522614327,-0.2326143904907152
9965,9,-0.07856830209493637,0.5580121278762817,-0.07832811027765274,0.5522701740264893,-0.8657724261283875,0.1363881379365921,-1.0722657442092896,0.11540190130472183,0.04534226655960083,0.15674009919166565,0.0271011870354414,0.010004103183746338,1.0174604654312134,0.7875505685806274,0.6582834124565125,0.8354470133781433,0.05130617693066597,0.12882325053215027,0.011082314886152744,0.008760432712733746,-3.2156991958618164,2.685418128967285,0.12127253143089098,0.02854631181540067,-0.1517268781533339,0.5705357981603627,-0.43789813510238434,-0.20944240398784464
9966,9,-0.08728791773319244,0.559522807598114,-0.08896366506814957,0.5534619688987732,-0.8716287016868591,0.16872259974479675,-1.025600552558899,0.13598163425922394,0.0425117202103138,0.14797139167785645,0.024936046451330185,0.010003604926168919,1.0204066038131714,0.7875615358352661,0.6560388803482056,0.8361597061157227,0.0482444204390049,0.11984529346227646,0.01010425016283989,0.009227676317095757,-2.072134017944336,6.921062469482422,0.10437792211751404,0.02398130717174496,-0.15610585950435812,0.5684413741204845,-0.43789813510239756,-0.20944240398784464
9967,9,-0.0955507829785347,0.5622657537460327,-0.09813103824853897,0.5555634498596191,-0.8140393495559692,0.33041077852249146,-0.8448920845985413,0.25607672333717346,0.041208215057849884,0.13886168599128723,0.023055031895637512,0.010003166273236275,1.0231531858444214,0.7872369289398193,0.6538366079330444,0.8370844125747681,0.046444106847047806,0.11127989739179611,0.009099257178604603,0.009356212802231312,-2.049562931060791,5.5106401443481445,0.09263953427756137,0.03262341758367267,-0.16021437602066105,0.5664387847860761,-0.3439828171021762,-0.17755402346492352
9968,9,-0.10368521511554718,0.5657472014427185,-0.10598631948232651,0.5585640668869019,-0.8046372532844543,0.36932897567749023,-0.7341021299362183,0.342892050743103,0.04003317281603813,0.12604956328868866,0.02141813188791275,0.010002783499658108,1.0256593227386475,0.7868512868881226,0.6517713069915771,0.8382354378700256,0.044782668352127075,0.10072583705186844,0.008492399007081985,0.009698527865111828,-0.9702479839324951,7.855868339538574,0.05939728451187967,0.032269020488416525,-0.16365420419168317,0.5646632445514271,-0.3439828171021762,-0.17755402346487065
9969,9,-0.11119372397661209,0.570156455039978,-0.11262828856706619,0.5627098083496094,-0.7168155908584595,0.4832310378551483,-0.6232643723487854,0.4621928632259369,0.039944302290678024,0.11300954967737198,0.019991159439086914,0.010002447292208672,1.027870774269104,0.7863150238990784,0.6498491764068604,0.8395665287971497,0.04424505680799484,0.08962730318307877,0.007812464609742165,0.00985821895301342,-2.3478055000305176,7.558314800262451,0.04314257997279678,0.03935648795965625,-0.16690752230085906,0.5629640364154689,-0.2447689982608348,-0.13694924892189891
9970,9,-0.11825127899646759,0.5752103924751282,-0.11864010989665985,0.5677024126052856,-0.6933554410934448,0.5223767161369324,-0.5843966603279114,0.5295615792274475,0.039315853267908096,0.09799034893512726,0.018750332295894623,0.010002147406339645,1.0299720764160156,0.7857319116592407,0.6480044722557068,0.8410601615905762,0.04368390515446663,0.07751166075468063,0.007233334705233574,0.010070395655930042,-3.4273266792297363,9.10165023803711,0.014328540250915942,0.035141646586532016,-0.16935521228346784,0.5615945439262496,-0.2447689982608348,-0.13694924892189891
9971,9,-0.12499205768108368,0.5809088945388794,-0.12426194548606873,0.5734497904777527,-0.658290684223175,0.6008132100105286,-0.5553642511367798,0.6085585355758667,0.03986024111509323,0.08497165143489838,0.017665620893239975,0.010001891292631626,1.0316790342330933,0.7847963571548462,0.6464715003967285,0.8428511619567871,0.04307209700345993,0.06525250524282455,0.007206201087683439,0.01046483963727951,0.765683650970459,11.454822540283203,-0.004602216819032792,0.039957077471203986,-0.17171094397878806,0.5602684481409015,-0.1487231778061178,-0.09162356755901664
9972,9,-0.13040529191493988,0.5878381729125977,-0.1294744610786438,0.5803230404853821,-0.4646048843860626,0.7443022131919861,-0.517352819442749,0.7338307499885559,0.04374157264828682,0.07415200769901276,0.016716906800866127,0.027367116883397102,1.032576084136963,0.7833142876625061,0.6453059315681458,0.8436306118965149,0.0456884428858757,0.0557558611035347,0.006981301121413708,0.024998920038342476,0.6557011604309082,9.584007263183594,-0.029947591178783387,0.04441135867665949,-0.1731135107645713,0.5593921673373128,-0.1402566785783205,-0.08762808035882373
9973,9,-0.1346023976802826,0.5950613617897034,-0.13486012816429138,0.587742805480957,-0.3662361800670624,0.7143821716308594,-0.5330567359924316,0.756272554397583,0.04094439744949341,0.06513526290655136,0.015889974310994148,0.06096828728914261,1.0337315797805786,0.7816504240036011,0.6444615721702576,0.8434664607048035,0.04366646707057953,0.04869142174720764,0.006928142160177231,0.05238974839448929,1.9859051704406738,7.651855945587158,-0.06766850573819362,0.02249760788453027,-0.17451607755035453,0.558515886533724,-0.09165460465569245,0.22139257817873254
9974,9,-0.1376148760318756,0.6016663908958435,-0.13981612026691437,0.5951737761497498,-0.24414950609207153,0.6091994047164917,-0.43395110964775085,0.7234736680984497,0.03750091418623924,0.05749974772334099,0.015163692645728588,0.06535965949296951,1.034909725189209,0.7802757620811462,0.6438660025596619,0.8444249629974365,0.04018564149737358,0.044123969972133636,0.006673671305179596,0.05726935714483261,0.06328821182250977,6.662721633911133,-0.06620005892357665,0.0146955906802086,-0.17483422086211475,0.5645345636821294,-0.03049588318328916,0.6102506424418167
9975,9,-0.13990889489650726,0.6068771481513977,-0.14323340356349945,0.6017946600914001,-0.2092771828174591,0.45683005452156067,-0.2509901225566864,0.6098710298538208,0.033933792263269424,0.051049236208200455,0.014529550448060036,0.06350810080766678,1.0359591245651245,0.779331624507904,0.6434379816055298,0.8456522822380066,0.036413878202438354,0.0392463356256485,0.006571617443114519,0.05622588470578194,-0.696789026260376,10.414824485778809,-0.0520482756656519,0.00104714255023855,-0.17513917969394777,0.5706370701065473,-0.030495883183302375,0.6102506424417637
9976,9,-0.14156554639339447,0.611487865447998,-0.14457061886787415,0.6075273752212524,-0.1409502923488617,0.4431666135787964,-0.05250213295221329,0.520288348197937,0.030850183218717575,0.0455445758998394,0.0139732975512743,0.058910515159368515,1.0367895364761353,0.7784489393234253,0.6432018876075745,0.846967339515686,0.032834067940711975,0.03501349315047264,0.006523618474602699,0.05242474377155304,0.8162403106689453,10.5281400680542,-0.03026977878790195,0.001143082372885372,-0.1744246468818071,0.5756219267503669,0.08431328740960922,0.4843874781065452
9977,9,-0.14249390363693237,0.6157206296920776,-0.14437343180179596,0.612173855304718,-0.0517728328704834,0.4008721113204956,0.06815885007381439,0.41439375281333923,0.028186289593577385,0.04084281623363495,0.013486471958458424,0.054735034704208374,1.0374208688735962,0.7779176831245422,0.6430732607841492,0.8479047417640686,0.02996908873319626,0.032723281532526016,0.006321810185909271,0.047292355448007584,0.05688667297363281,3.653593063354492,-0.02837438895588805,-0.004746701807723897,-0.17358151400771096,0.5804658015314326,0.08431328740960922,0.4843874781065981
9978,9,-0.14309647679328918,0.6180728673934937,-0.1437380164861679,0.615174412727356,-0.03435361385345459,0.13156035542488098,0.08750768005847931,0.2294740378856659,0.02587626315653324,0.03680470958352089,0.013460958376526833,0.05048355460166931,1.0377107858657837,0.7780906558036804,0.643208920955658,0.8483963012695312,0.026944182813167572,0.030360691249370575,0.006757774390280247,0.04287352040410042,2.0646238327026367,4.933938980102539,-0.023348429389064965,-0.013278210923667544,-0.1717943122620907,0.584353132857893,0.20412080807174518,0.362996864393302
9979,9,-0.14252936840057373,0.6187577247619629,-0.1423397958278656,0.6168277263641357,0.12397660315036774,0.004606042988598347,0.1663205474615097,0.09287936985492706,0.023869534954428673,0.034490980207920074,0.013176131062209606,0.045059241354465485,1.0373857021331787,0.7784687280654907,0.6439571380615234,0.8487082123756409,0.023742934688925743,0.028558462858200073,0.007409331854432821,0.03813682869076729,5.825989246368408,7.115335464477539,0.019002000562476633,-0.011136663849835294,-0.16975310418137338,0.5879831015018254,0.20412080807174518,0.36299686439324913
9980,9,-0.13971613347530365,0.6186743378639221,-0.14012975990772247,0.6171085834503174,0.381913959980011,-0.04504222050309181,0.24464274942874908,-0.047615353018045425,0.02212919481098652,0.040657348930835724,0.02825581468641758,0.0404319167137146,1.0364224910736084,0.7782427072525024,0.6447010040283203,0.8487767577171326,0.021285219117999077,0.032805778086185455,0.01495012454688549,0.03373931348323822,4.601328372955322,8.095903396606445,0.04176762478221097,-0.030707175792555986,-0.16685324670172014,0.5908086879159012,0.32892667880310555,0.24607880130192833
9981,9,-0.13527977466583252,0.6177788972854614,-0.13734832406044006,0.6155787706375122,0.49582308530807495,-0.12447539716959,0.3344299793243408,-0.23097723722457886,0.020608672872185707,0.05190243199467659,0.06301379948854446,0.03644381836056709,1.0349911451339722,0.7776534557342529,0.6451306343078613,0.8485414385795593,0.019021494314074516,0.04202058166265488,0.03237367048859596,0.02973940037190914,6.939651966094971,5.1840996742248535,0.053795116889383716,-0.06892267252024775,-0.16356397991368885,0.5932694759289201,0.32892667880310555,0.24607880130187548
9982,9,-0.1296960711479187,0.6158266067504883,-0.13302864134311676,0.6125975847244263,0.6040151715278625,-0.2524578869342804,0.5206197500228882,-0.34125107526779175,0.019285306334495544,0.06763044744729996,0.08309265971183777,0.0330151803791523,1.0332412719726562,0.7770777344703674,0.6462318301200867,0.8479386568069458,0.017431458458304405,0.05480293184518814,0.04328577592968941,0.026389257982373238,6.063385009765625,5.029358863830566,0.07064602237061623,-0.0872613930145924,-0.15951147989944908,0.595069097835587,0.45873089960370345,0.1336332888324772
9983,9,-0.12337430566549301,0.6126859188079834,-0.12678112089633942,0.6088025569915771,0.6591125726699829,-0.35562968254089355,0.7105496525764465,-0.40548181533813477,0.018132353201508522,0.09083472192287445,0.10157129168510437,0.03005957417190075,1.031333565711975,0.7762269973754883,0.6475610733032227,0.8471142649650574,0.01602177880704403,0.07222484797239304,0.05333009734749794,0.023722771555185318,5.462839603424072,6.096715927124023,0.09603221916138348,-0.10598755698642333,-0.15492417090341173,0.5964054307239115,0.45873089960370345,0.1336332888324243
9984,9,-0.11655164510011673,0.6089630722999573,-0.11888545006513596,0.6045608520507812,0.6988242268562317,-0.38234445452690125,0.8474377393722534,-0.4392331838607788,0.0171232707798481,0.11372386664152145,0.11395642161369324,0.02749587967991829,1.0292202234268188,0.7754014730453491,0.6492382884025574,0.8462427258491516,0.014531816355884075,0.09008335322141647,0.06118524447083473,0.021632205694913864,7.789876461029053,6.096820831298828,0.1190988189902561,-0.11693153414160137,-0.14967904155403067,0.5972148685281453,0.5935334704735258,0.025660326984948478
9985,9,-0.10895774513483047,0.6052778959274292,-0.10980887711048126,0.6002418994903564,0.7939148545265198,-0.36202818155288696,0.9399707317352295,-0.4307834208011627,0.016243528574705124,0.12717217206954956,0.1228196769952774,0.025278739631175995,1.0267900228500366,0.7751050591468811,0.6513117551803589,0.8455157279968262,0.013140227645635605,0.10185958445072174,0.06743388622999191,0.02020367607474327,8.928691864013672,8.382811546325684,0.1308351023338687,-0.12520677522580323,-0.14374370684929488,0.5974714717979945,0.5935334704735258,0.025660326984948478
9986,9,-0.10033616423606873,0.6023048162460327,-0.10000161081552505,0.5963258743286133,0.90247642993927,-0.2584248185157776,0.9928482174873352,-0.36332967877388,0.0154758645221591,0.13297152519226074,0.13776807487010956,0.02335754968225956,1.0241140127182007,0.7752091884613037,0.6534369587898254,0.8450174927711487,0.012015077285468578,0.10765890032052994,0.07628512382507324,0.018940960988402367,8.008241653442383,8.777782440185547,0.13470905454592064,-0.14226884266135326,-0.13726596136421812,0.5973265059047701,0.7333343914125989,-0.07784008424065775
9987,9,-0.09112338721752167,0.6001414656639099,-0.090175561606884,0.5931487083435059,0.9396185874938965,-0.17368167638778687,0.9723787307739258,-0.264567106962204,0.014801385812461376,0.1314341127872467,0.1562681496143341,0.021679367870092392,1.0213209390640259,0.7756841778755188,0.6554904580116272,0.8446984887123108,0.01120013277977705,0.10826341807842255,0.08701950311660767,0.017777778208255768,7.39638090133667,7.160546779632568,0.12344277354466004,-0.16172148200681682,-0.12993261745009166,0.5965481050623632,0.7333343914125989,-0.07784008424071062
9988,9,-0.08183963596820831,0.5985571146011353,-0.08074625581502914,0.5909988880157471,0.9246628284454346,-0.1325521022081375,0.9285417199134827,-0.16520407795906067,0.014211603440344334,0.12845097482204437,0.16730014979839325,0.02021968550980091,1.0184252262115479,0.7762242555618286,0.6577791571617126,0.8446789979934692,0.010386685840785503,0.10482178628444672,0.09494929015636444,0.01702677085995674,8.959269523620605,9.737396240234375,0.11283768602254766,-0.17083884047068038,-0.12218226902876694,0.5954845158766561,0.8781336624208899,-0.1768679448443415
9989,9,-0.07222292572259903,0.5981863737106323,-0.07131549715995789,0.5902435183525085,0.9719163775444031,0.025227859616279602,0.939777672290802,-0.012778285890817642,0.013694795779883862,0.12490280717611313,0.16951505839824677,0.018946444615721703,1.0157400369644165,0.776450514793396,0.6601447463035583,0.8449781537055969,0.010474096983671188,0.1000453308224678,0.09607481956481934,0.016473110765218735,3.119807243347168,12.48984146118164,0.10620276756080368,-0.1702315317923458,-0.11340093240455745,0.5937158364282124,0.8781336624208899,-0.1768679448443415
9990,9,-0.06366338580846786,0.5991286039352417,-0.06233212351799011,0.5906485319137573,0.7845539450645447,0.16416670382022858,0.8797920942306519,0.10802200436592102,0.01324179396033287,0.11769567430019379,0.176712766289711,0.017834855243563652,1.0135942697525024,0.7764613628387451,0.6619322299957275,0.8455145359039307,0.010606859810650349,0.09424769133329391,0.09868092834949493,0.01569320634007454,2.739427089691162,8.724784851074219,0.07925605153460699,-0.1790694097026368,-0.10433799424643271,0.5917694043549987,1.0279312834984118,-0.27142325482615565
9991,9,-0.05685456469655037,0.6008691787719727,-0.054206039756536484,0.5922641754150391,0.6131898164749146,0.20218607783317566,0.7589080333709717,0.21641024947166443,0.012845207937061787,0.10735149681568146,0.17172838747501373,0.016865145415067673,1.0119298696517944,0.7765424251556396,0.6635382175445557,0.8462017774581909,0.010870692320168018,0.08625475317239761,0.09578505903482437,0.01510609406977892,1.1879658699035645,9.024829864501953,0.05090083071570343,-0.1481334049010103,-0.09405868141144788,0.5890551718067375,1.0279312834984118,-0.2714232548261028
9992,9,-0.051628611981868744,0.6032532453536987,-0.04758515954017639,0.5948976278305054,0.45530393719673157,0.27242717146873474,0.5730499625205994,0.3031475245952606,0.01249709539115429,0.09650184214115143,0.16207574307918549,0.01601654477417469,1.0108588933944702,0.7765721082687378,0.6648182272911072,0.8470487594604492,0.011310802772641182,0.07710220664739609,0.08929727971553802,0.014567776583135128,-1.3710248470306396,9.610710144042969,0.03583763579838792,-0.11575117048582262,-0.08364316671596467,0.5862616772509915,1.1701872978805388,-0.35420844759397646
9993,9,-0.048267342150211334,0.6062695980072021,-0.04323570430278778,0.5982208251953125,0.253352552652359,0.3312394618988037,0.3252386748790741,0.362853080034256,0.012192157097160816,0.0841481164097786,0.1481262892484665,0.015275203622877598,1.0102863311767578,0.7766152620315552,0.6657921075820923,0.8479082584381104,0.011452626436948776,0.06797939538955688,0.08121387660503387,0.013755474239587784,1.9285178184509277,5.091643333435059,0.012891085740991313,-0.07926939457430625,-0.07181589416951215,0.5826466171091319,1.1827272546451713,-0.3615060141859945
9994,9,-0.046255338937044144,0.6092170476913452,-0.04122161492705345,0.6019113063812256,0.15693825483322144,0.2732839584350586,0.10412675142288208,0.36925509572029114,0.011924657970666885,0.07346921414136887,0.12921006977558136,0.014626412652432919,1.0101368427276611,0.7768831849098206,0.666554868221283,0.84853196144104,0.011818698607385159,0.06021301820874214,0.07018133997917175,0.012865973636507988,-0.23367643356323242,3.3820295333862305,-0.009738344235044737,-0.03227910705251431,-0.05998862162305822,0.5790315569672718,1.253484170939404,-0.3994142097182454
9995,9,-0.04567895457148552,0.6112416386604309,-0.041264601051807404,0.6051472425460815,-0.0035654492676258087,0.16131632030010223,-0.07510919123888016,0.2922133803367615,0.01169018168002367,0.06454212218523026,0.11048748344182968,0.01630060374736786,1.0104403495788574,0.777334988117218,0.6669563055038452,0.8488502502441406,0.012180489487946033,0.053084246814250946,0.05903787538409233,0.014047184959053993,-1.9761860370635986,5.360498428344727,-0.016554602914027557,0.004964528456319912,-0.046582600377504634,0.5745706782465901,1.3425215758611548,-0.447116222923858
9996,9,-0.046513114124536514,0.6126869320869446,-0.04269077256321907,0.607674241065979,-0.14892986416816711,0.12289603054523468,-0.2010498046875,0.213557168841362,0.04889358952641487,0.05700404942035675,0.09522172063589096,0.015964027494192123,1.0065956115722656,0.7779409885406494,0.6667226552963257,0.8489985466003418,0.04319630563259125,0.04793676733970642,0.049109961837530136,0.013379303738474846,-3.4248220920562744,1.8517041206359863,-0.013573806043294709,0.05498817825660656,-0.03315738461889216,0.5700995160173513,1.3425215758611548,-0.447116222923858
9997,9,-0.049000099301338196,0.6129118800163269,-0.04559748247265816,0.6090101003646851,-0.2931615710258484,-0.03296902775764465,-0.34069177508354187,0.08394351601600647,0.09801355749368668,0.050621453672647476,0.08267322927713394,0.021237893030047417,1.0023193359375,0.7789768576622009,0.6659198999404907,0.8484432101249695,0.08446532487869263,0.04364405572414398,0.04155043885111809,0.01701602339744568,-5.775185585021973,1.2568235397338867,-0.02204024062631171,0.10880315505501678,-0.01826882973418218,0.5649078611303078,1.5073142471463765,-0.5282538810398518
9998,9,-0.05265799164772034,0.6116579174995422,-0.04968484118580818,0.6089909672737122,-0.39308133721351624,-0.18936380743980408,-0.4477667510509491,-0.06702177971601486,0.15123304724693298,0.045188747346401215,0.07225289195775986,0.01992863602936268,0.9984742403030396,0.7805384397506714,0.6647847294807434,0.8477928638458252,0.12932512164115906,0.04054100438952446,0.035638220608234406,0.015523860231041908,-7.340438365936279,-1.0881376266479492,-0.010741186514370291,0.1664742546209743,-0.0031956872627174025,0.559625322319909,1.5073142471463747,-0.5282538810399047
9999,9,-0.05700714513659477,0.6085280179977417,-0.05472962558269501,0.6072424650192261,-0.43792724609375,-0.40100839734077454,-0.5307696461677551,-0.2578037977218628,0.204300656914711,0.04053784906864166,0.06351429224014282,0.01869370974600315,0.9949573278427124,0.7825790643692017,0.6638031601905823,0.8469012379646301,0.17228460311889648,0.03704194352030754,0.031980112195014954,0.014296168461441994,-4.13386344909668,2.262907028198242,0.0022942692581031238,0.2228206525093832,0.013167383123319446,0.5537386716714797,1.671013178378493,-0.6049189885339232
10000,10,0.0,0.0,-0.0,-0.0,0.0,0.0,0.0,0.0,0.009999999776482582,0.009999999776482582,0.009999999776482582,0.009999999776482582,1.0819710493087769,1.0819710493087769,0.729764461517334,0.729764461517334,0.018508514389395714,0.018508514389395714,0.006624635774642229,0.006624635774642229,0.0,0.0,0.02698560625193914,0.27340380258761326,0.029877514907105517,0.5476894817861404,1.6710131783784947,-0.6049189885339232
