time_s,target_right_rad,actual_right_rad,torque_right_nm,right_flex,right_ext,target_left_rad,actual_left_rad,torque_left_nm,left_flex,left_ext
0.0,-0.00011691116769094612,-6.027737268340613e-06,-0.0008576587482609214,0.000105278506505697,0.0,0.0,-5.563130738799996e-06,-0.00012083835330967122,0.0,0.0
0.01,0.010330123424831429,2.7455060230840085e-05,0.06487724893936309,0.0,0.009300296661637572,0.0,-1.274286487864298e-05,-0.00013301860813469028,1.7442459511946267e-06,0.0
0.02,0.020690253406756048,0.00023710753771335303,0.1382147227643143,0.0,0.01865722632865911,0.0,-1.7074627748330913e-05,-9.089655842432168e-05,0.0,4.4865560760403e-06
0.03,0.03067499989498059,0.0008988337715443638,0.20880892166275725,0.0,0.027697015272972327,0.0,-1.862906124459961e-05,-3.3337072046683814e-05,0.0,1.1954161124684859e-05
0.04,0.040614408538753366,0.0022778981566582424,0.2754372032074023,0.0,0.03659056752411112,0.0,-2.0464712156143978e-05,-1.4661524872581474e-06,0.0,1.547773644150809e-05
0.05,0.050083881914268207,0.004590039438008723,0.33281053779022635,0.0,0.044675157486266985,0.0,-2.4565890270443404e-05,7.348631445053212e-06,0.0,1.6165439068535536e-05
0.06,0.05955335528978305,0.007999652496644551,0.38136551761702275,0.0,0.05212585987372395,0.0,-3.147354232412176e-05,1.6564910761581928e-05,0.0,1.7320369408148687e-05
0.07,0.06846139646755374,0.012608911318673567,0.41694292945943845,0.0,0.05823819439903178,0.0,-4.092003761983862e-05,4.174722358507953e-05,0.0,2.0746568075471216e-05
0.08,0.07736261172194747,0.01846034255578288,0.4421409965771616,0.0,0.06335225141055253,0.0,-5.2262181562440066e-05,8.780212157047393e-05,0.0,2.6866931258110512e-05
0.09,0.0857121705396961,0.02553468242018594,0.4547785965362798,0.0,0.0668818370272398,0.0,-6.477790877255926e-05,0.00015331533186845853,0.0,3.5392240215778234e-05
0.1,0.09399214266455713,0.03375944618835852,0.45826524438608646,0.0,0.06921368114505438,0.0,-7.776242517455007e-05,0.00023377953367947283,0.0,4.570469112219567e-05
0.11,0.10174083111555474,0.043013169412285945,0.45186605966377474,0.0,0.06994748700049498,0.0,-9.061010809981213e-05,0.0003239350947107616,0.0,5.713435455345058e-05
0.12,0.10934657510247155,0.053136435897415374,0.43889144593784707,0.0,0.0694922184423622,0.0,-0.00010281174225506171,0.000418534797212044,0.0,6.902648579905714e-05
0.13,0.11645200517998859,0.06393854831804212,0.4192883156984039,0.0,0.06763517109917513,0.0,-0.0001139799800122686,0.0005130234391365453,0.0,8.082476366421318e-05
0.14,0.12333053602054957,0.07520751016328255,0.3956164934412174,0.0,0.06476283018317247,0.0,-0.00012382895804829346,0.0006035188747014095,0.0,9.205645599232344e-05
0.15,0.12975031971785705,0.08671666440328937,0.3681222105792065,0.0,0.06083889486331779,0.0,-0.00013217823842140097,0.0006870393842772489,0.0,0.00010236517297257908
0.16,0.13584865240365068,0.0982320928266289,0.33838475285007946,0.0,0.05617682477747951,0.0,-0.00013893106720264854,0.0007613422924143212,0.0,0.00011148382341620512
0.17,0.14154040171401913,0.10951864192603557,0.3069487918998814,0.0,0.050905318434455525,0.0,-0.0001440660954476199,0.0008249781477433374,0.0,0.00011924526654330377
0.18,0.14680555123663377,0.12034464523496953,0.2744422339906397,0.0,0.045217784425159585,0.0,-0.00014762224868939422,0.0008771172897612729,0.0,0.00012555663731381438
0.19,0.15172687815333405,0.1304878354190758,0.241925750970104,0.0,0.03940194822887528,0.0,-0.00014968371981142502,0.000917504182435293,0.0,0.00013039593403827966
0.2,0.15610585950435826,0.13973785057119759,0.20917258362370447,0.0,0.03349023969765076,0.0,-0.00015037626223970475,0.0009463339401213101,0.0,0.00013379525467504115
0.21,0.1602143760206611,0.14790289950436644,0.17806429650338182,0.0,0.027929064145821445,0.0,-0.0001498468169614465,0.0009641491778791794,0.0,0.00013582835146438153
0.22,0.16365420419168317,0.15481048604270348,0.1475615608722129,0.0,0.022553763180702353,0.0,-0.0001482729506771332,0.0009718057560553435,0.0,0.0001366074443877843
0.23,0.16690752230085934,0.16031566058561209,0.12068528646249305,0.0,0.0179725433945712,0.0,-0.0001458353327729877,0.0009703241205485129,0.0,0.00013626280520968474
0.24,0.16935521228346778,0.16430004031365067,0.09549676051899599,0.0,0.013789915601024758,0.0,-0.0001427407199049043,0.0009609573091443469,0.0,0.00013495493527971333
0.25,0.171710943978788,0.1666821820703722,0.07643050507808226,0.0,0.01078004778059415,0.0,-0.00013918407522776723,0.0009449859117825404,0.0,0.00013284426754596197
0.26,0.1731135107645712,0.16752426956448582,0.06036642457707693,0.0,0.008283157248137945,0.0,-0.00013523589227966776,0.0009238912270453873,0.0,0.00013011931478293487
0.27,0.17451607755035445,0.16732586128393212,0.05335480874140908,0.0,0.007352012538342679,0.0,-0.00013187939177778104,0.0009002227633849465,0.0,0.0001271178141807164
0.28,0.17483422086211478,0.16704366467194942,0.049135315071621104,0.0,0.006839150523941668,0.0,0.0007496566227469333,0.0008473175746385714,0.0,0.00012287698630596814
0.29,0.17513917969394777,0.1654304792890817,0.053175517414853594,0.0,0.007352312897269476,0.0,0.0011133747849707406,0.0012788818091786485,0.0,0.00018495540990112822
0.3,0.17442464688180706,0.16225785972217374,0.050157913362714406,0.0,0.006602595722117457,0.0,0.0011370720976800006,-0.005325471119556623,0.0007670977161565856,0.0
0.31,0.17358151400771096,0.15785880977734845,0.05508926675856147,0.0,0.0072025012027425615,0.0,0.0010716426923967055,-0.008100934313479979,0.0010482496192637644,0.0
0.32,0.17179431226209094,0.152574279846312,0.06537293439229891,0.0,0.008426480367837788,0.0,0.0010150748592682988,-0.008354980134090261,0.0010347622663279964,0.0
0.33,0.16975310418137338,0.14667273652467994,0.082800054624686,0.0,0.010542841820693937,0.0,0.0009856767314577182,-0.007902852973077345,0.0009649251350141889,0.0
0.34,0.1668532467017202,0.14035850420709714,0.1014933885627408,0.0,0.012695620202900739,0.0,0.0009769171647138726,-0.007477720104155353,0.0009118036966619281,0.0
0.35000000000000003,0.16356397991368896,0.13379779535981953,0.12195130158202672,0.0,0.01506153851926842,0.0,0.0009783855975631101,-0.007248269372759667,0.0008864089881119123,0.0
0.36,0.1595114798994487,0.12713108884103744,0.14038249539479633,0.0,0.017123858636768855,0.0,0.0009823240319122445,-0.007177642510974232,0.0008803660933060676,0.0
0.37,0.15492417090341146,0.12048014394226708,0.15662351706088704,0.0,0.01893600795223241,0.0,0.0009844254637018744,-0.007189874098704752,0.0008834072498097543,0.0
0.38,0.1496790415540303,0.11394837623234226,0.16883518288544594,0.0,0.02026063198285034,0.0,0.0009829271110094395,-0.007225381257946139,0.0008883298991017582,0.0
0.39,0.14374370684929463,0.10761680778055956,0.1757023803199706,0.0,0.02095570739589656,0.0,0.0009775728511967551,-0.007249936652910849,0.0008912797025304802,0.0
0.4,0.13726596136421879,0.10154321089826691,0.17733835607690962,0.0,0.021057464227464233,0.0,0.0009688566760741116,-0.00724879607824419,0.0008907461674097704,0.0
0.41000000000000003,0.1299326174500923,0.09575475656928843,0.17115720076190072,0.0,0.020208392185885153,0.0,0.0009575509826839562,-0.007219062706142157,0.0008865723509168116,0.0
0.42,0.12218226902876786,0.0902511826689849,0.15941673768545464,0.0,0.018745069938732435,0.0,0.0009444828455933661,-0.007163868050346021,0.0008792556078896388,0.0
0.43,0.11340093240455851,0.08499659440981147,0.13820752049306648,0.0,0.016089510663632938,0.0,0.0009303348840089669,-0.007088699749283913,0.0008695264979367007,0.0
0.44,0.10433799424643149,0.07992865817811261,0.1120401604068195,0.0,0.012908470598981944,0.0,0.0009158270067970779,-0.0069997677233164714,0.0008581744809625602,0.0
0.45,0.09405868141144695,0.07494992403235257,0.0755006593831879,0.0,0.008394886127328603,0.0,0.0009015553294893087,-0.00690172620093539,0.0008457550428719838,0.0
0.46,0.08364316671596361,0.06994120579919154,0.03534346739676351,0.0,0.0035677367297665564,0.0,0.0008879530597522571,-0.006800210288001543,0.0008329938826984314,0.0
0.47000000000000003,0.07181589416951127,0.0647602486954823,-0.01255084499076085,0.0026285867600750845,0.0,0.0,0.0008753097342616465,-0.006699723543210918,0.0008204369084177019,0.0
0.48,0.05998862162305892,0.05926994367232407,-0.05697811604246091,0.008822417166781286,0.0,0.0,0.0008638660202995156,-0.006603513660247413,0.0008084683990850777,0.0
0.49,0.04658260037750543,0.053325209072676606,-0.10806503415602439,0.016294453790327457,0.0,0.0,0.0008537178763509334,-0.006513853865436673,0.0007973578368685872,0.0
0.5,0.033157384618893164,0.046785697792459044,-0.15718448725398704,0.02352881009587931,0.0,0.0,0.0008449264165689822,-0.006432639646006646,0.0007873359562596843,0.0
0.51,0.01826882973418353,0.03951234137212034,-0.20990920470682742,0.031685065574263205,0.0,0.0,0.000837472260824794,-0.006360654837745795,0.0007784823109099323,0.0
0.52,0.0031956872627189777,0.03138266067039569,-0.25879525782719925,0.03949131561248616,0.0,0.0,0.0008313147764807628,-0.006298449804679935,0.000770861547817673,0.0
0.53,-0.013167383123319446,0.022289965113236932,-0.3077772104891101,0.04780760338612998,0.0,0.0,0.0008263387377608514,-0.006245969824946134,0.0007644573502410878,0.0
0.54,-0.029877514907105517,0.012153904403844137,-0.3516105790592438,0.05567732061349965,0.0,0.0,0.0008223982000640167,-0.006203025359061894,0.0007592438261038324,0.0
0.55,-0.047538699481011915,0.0009217125111660894,-0.3922925439815314,0.06353971070421467,0.0,0.0,0.0008192879160058527,-0.0061688626829265744,0.0007551177129500394,0.0
0.56,-0.06563119957169428,-0.01142742174474944,-0.4273309513820412,0.07085380433225477,0.0,0.0,0.000816773173625907,-0.0061425161023844835,0.000751954985232457,0.0
0.5700000000000001,-0.0843509807709921,-0.02488222738227983,-0.4576034808056772,0.07774251278663906,0.0,0.0,0.0008145877034760978,-0.006122559376405566,0.0007495695842121671,0.0
0.58,-0.10351030726192348,-0.03940057557896463,-0.4828029910963111,0.08401576631907103,0.0,0.0,0.0008124551494895467,-0.006107343660580412,0.0007477517009276101,0.0
0.59,-0.12303625156129451,-0.0549112854149886,-0.5032765610803033,0.0896145882008766,0.0,0.0,0.0008101026041659286,-0.00609495627983069,0.0007462575658162854,0.0
0.6,-0.14294686254582778,-0.07131886265935937,-0.5199908342550549,0.09459063588597338,0.0,0.0,0.0008072729732142147,-0.00608339363760766,0.0007448349587119887,0.0
0.61,-0.1630265364199532,-0.08850662248716964,-0.533045208153079,0.09881253019352182,0.0,0.0,0.0008037411829691728,-0.006070648208201658,0.0007432324426175894,0.0
0.62,-0.18337288999143994,-0.10634252758823057,-0.5438146032614843,0.10245219295075339,0.0,0.0,0.0007993168834703362,-0.006054812101347471,0.0007412127766940473,0.0
0.63,-0.2037538599150021,-0.1246829769330316,-0.5523956040700339,0.105405810785089,0.0,0.0,0.0007938553367205515,-0.006034192793625404,0.0007385676430907543,0.0
0.64,-0.22422041416679456,-0.14337780756779656,-0.5598814018569913,0.10783722631071922,0.0,0.0,0.0007872540601082852,-0.0060073432732403904,0.0007351196660929939,0.0
0.65,-0.24465024661447587,-0.1622746065558832,-0.5666970794676252,0.10976631592014857,0.0,0.0,0.0007794553754179528,-0.0059731427010572165,0.0007307339927641861,0.0
0.66,-0.2649214596399257,-0.18122163077559755,-0.5731310763176926,0.11121893893421378,0.0,0.0,0.0007704430375250136,-0.0059307753175877834,0.0007253132270813622,0.0
0.67,-0.2851477210864073,-0.2000729509104704,-0.5803248500751176,0.11243525095622475,0.0,0.0,0.0007602356819896322,-0.005879757556170824,0.0007188022815602428,0.0
0.68,-0.30490805097886725,-0.21868832975014035,-0.5872994760354944,0.11317486758888971,0.0,0.0,0.0007488889898896136,-0.005819903462826137,0.0007111825392622643,0.0
0.6900000000000001,-0.32466838087132777,-0.2369397389973209,-0.5963405449092256,0.11398839676979769,0.0,0.0,0.0007364787704586155,-0.005751297619118504,0.0007024690633667993,0.0
0.7000000000000001,-0.34361221275165393,-0.25470767568636526,-0.6048471383537293,0.11427087577611356,0.0,0.0,0.0007231128532122423,-0.005674285267077011,0.000692709109902937,0.0
0.71,-0.3625461176044769,-0.27188847439135055,-0.6162294228194154,0.11486196855245843,0.0,0.0,0.000708902645720421,-0.005589385072686669,0.000681970569081704,0.0
0.72,-0.3804659695263186,-0.28838936447005425,-0.627053918836133,0.11497068632254637,0.0,0.0,0.000693984268659773,-0.005497335954150685,0.0006703492893275588,0.0
0.73,-0.3982579074328556,-0.3041349355386952,-0.6409475181290841,0.11548567551601605,0.0,0.0,0.0006784879012459327,-0.005398928950788544,0.0006579452669415087,0.0
0.74,-0.41490134587089567,-0.3190613416887046,-0.6541920078429414,0.11557739582365041,0.0,0.0,0.000662559580322095,-0.005295121904603727,0.0006448810261438635,0.0
0.75,-0.4312357749245,-0.3331214364555804,-0.6701961991675901,0.11606674392957346,0.0,0.0,0.0006463311093006574,-0.005186857661906935,0.0006312745094281966,0.0
0.76,-0.446396542484307,-0.3462795823232929,-0.6856355940761484,0.11623816528225706,0.0,0.0,0.000629940526425223,-0.005075182622271995,0.0006172581758371888,0.0
0.77,-0.46102503841947134,-0.3585146574929045,-0.7030988605924763,0.11670910714078217,0.0,0.0,0.0006135081345013878,-0.004961061839192317,0.0006029517285526658,0.0
0.78,-0.47466225315573274,-0.3698180192214042,-0.7207862281210544,0.11710267857417407,0.0,0.0,0.0005971530034923225,-0.004845497416785616,0.000588481114079215,0.0
0.79,-0.487604862271517,-0.38019409660068765,-0.7398498048862365,0.11770425778340995,0.0,0.0,0.0005809829796024974,-0.004729368700763742,0.0005739543711115792,0.0
0.8,-0.49976731382613976,-0.3896604129207079,-0.759926227093835,0.11844714021118165,0.0,0.0,0.0005651018678076419,-0.004613545330463722,0.0005594801020714876,0.0
0.81,-0.5111112000627438,-0.3982453659422963,-0.7806224553005108,0.11929360130305221,0.0,0.0,0.0005496072615961357,-0.004498811425558408,0.0005451549741553739,0.0
0.8200000000000001,-0.5218686195878877,-0.4059897717742572,-0.8028553346910487,0.12043743086533132,0.0,0.0,0.0005345870111328228,-0.004385934183778565,0.0005310747665078455,0.0
0.8300000000000001,-0.5317009468855123,-0.41294175800705596,-0.8247091277967539,0.12155031274011942,0.0,0.0,0.0005201231842187044,-0.0042756229698974095,0.0005173272272328076,0.0
0.84,-0.5411230655333379,-0.41915981212361125,-0.8483311121134163,0.1230576173751111,0.0,0.0,0.0005062799840364392,-0.004168544191196168,0.0005039951624804454,0.0
0.85,-0.5495309978321831,-0.4247050636049322,-0.8703742183328842,0.12437545232295145,0.0,0.0,0.0004931146495446482,-0.004065297115417986,0.0004911523320095412,0.0
0.86,-0.557687546754851,-0.4296459202857687,-0.8941679527933695,0.12613443445290004,0.0,0.0,0.0004806592361197118,-0.003966393003403196,0.0004788614443940892,0.0
0.87,-0.5647582479951172,-0.4340482080080165,-0.9150915293907113,0.12753239476189568,0.0,0.0,0.00046893867368905497,-0.00387225236990157,0.00046717341847750426,0.0
0.88,-0.5717189583447877,-0.4379815382363576,-0.9376014575247529,0.1293809109017089,0.0,0.0,0.0004579480948501668,-0.0037831675798721603,0.0004561228501466199,0.0
0.89,-0.5775395924666755,-0.44150791501566294,-0.9560154428931752,0.130698315712328,0.0,0.0,0.00044767766714005387,-0.0036993217831373304,0.0004457306497920255,0.0
0.9,-0.5833602265885636,-0.4446897315259627,-0.9757609738543631,0.13244128943489653,0.0,0.0,0.00043808646059113535,-0.0036207475125348255,0.0004359985684440965,0.0
0.91,-0.5880319263392187,-0.4475780628559829,-0.990562529714138,0.1335253134011991,0.0,0.0,0.0004291331113355654,-0.003547369736501215,0.0004269151579430037,0.0
0.92,-0.5926896572829289,-0.45022041958009357,-1.0059601644399476,0.1349079382325857,0.0,0.0,0.0004207471185708123,-0.003478958998809892,0.000418449276373191,0.0
0.93,-0.5963921447051075,-0.4526530596175184,-1.0169222741777526,0.1357012049152152,0.0,0.0,0.000412862012137456,-0.003415209559975852,0.00041056124185004074,0.0
0.9400000000000001,-0.59997413641084,-0.454906388015749,-1.0275786351234877,0.13660713398587465,0.0,0.0,0.00040539480797472565,-0.003355654956194612,0.0004031900198071786,0.0
0.9500000000000001,-0.6027771426567027,-0.45700015665134464,-1.0344567267021019,0.13700396829922498,0.0,0.0,0.0003982696236491642,-0.0032998049243597796,0.0003962737950349342,0.0
0.96,-0.6053705590646583,-0.45894747673316344,-1.0404615968132638,0.13737199923502927,0.0,0.0,0.00039140365573065583,-0.0032470830157443967,0.0003897390243706237,0.0
0.97,-0.607343815286365,-0.46075263577529874,-1.0435123228551877,0.13732616170646164,0.0,0.0,0.00038472372224561174,-0.0031969272736522684,0.00038351560045947426,0.0
0.98,-0.6090358203367439,-0.4624138263688651,-1.045418251074377,0.1371565251712322,0.0,0.0,0.00037815806626632356,-0.003148744295312734,0.0003775288166078372,0.0
0.99,-0.6102490576864552,-0.46392310076245147,-1.0452857831397278,0.1366826656064767,0.0,0.0,0.00037164642045092516,-0.0031019890772976027,0.00037171125027671487,0.0
1.0,-0.6111268153194579,-0.46526787123762564,-1.0439584985260462,0.13603354903114076,0.0,0.0,0.00036513624513644956,-0.003056133305499652,0.00036599712609377687,0.0
1.01,-0.6116497649493343,-0.46643249089807337,-1.041517063384509,0.13519932711749996,0.0,0.0,0.0003585869269997001,-0.003010724345791158,0.00036033108997396375,0.0
1.02,-0.6118004391051612,-0.4673985942435478,-1.0379756164546134,0.13417533515748017,0.0,0.0,0.00035196938530581426,-0.002965362229256566,0.00035466401677729324,0.0
1.03,-0.6117028321673629,-0.46814781709718806,-1.0341804109241133,0.13308701761803102,0.0,0.0,0.00034526531116587164,-0.002919737942406,0.0003489588244384102,0.0
1.04,-0.6112135867862145,-0.46866109112765136,-1.029462365548663,0.13182273340604694,0.0,0.0,0.00033846940469299893,-0.002873615452838651,0.0003431871758668945,0.0
1.05,-0.6105651544329017,-0.4689283856906294,-1.0252316605249117,0.13060750590639505,0.0,0.0,0.00033158694687237676,-0.0028268506849552077,0.00033733269100622487,0.0
1.06,-0.6095231534549783,-0.4690436638325814,-1.0186922598861714,0.12925623463151323,0.0,0.0,0.00032476544489733216,-0.002779363632700288,0.00033138592691659525,0.0
1.07,-0.6083936268383116,-0.46909526898564036,-1.0109266752275932,0.12808774196496048,0.0,0.0,0.00031838567555469944,-0.002730569291828877,0.0003252622001291269,0.0
1.08,-0.6068860342038136,-0.4691146326004221,-1.0009567283885634,0.12670225006411706,0.0,0.0,0.0003126002625575926,-0.0026817722218350167,0.0003191598897268333,0.0
1.09,-0.605345144475953,-0.46911295150585347,-0.9906652837684208,0.12533823572080532,0.0,0.0,0.00030733029832186274,-0.002636163231673388,0.00031351357445990436,0.0
1.1,-0.6034591241250812,-0.4690931615207422,-0.9783125538854514,0.12369006033151714,0.0,0.0,0.00030242068026118193,-0.00259498070885573,0.0003084437654839751,0.0
1.11,-0.6015731037742094,-0.46905590312144985,-0.9658062545068932,0.12205884804452362,0.0,0.0,0.00029772864107077793,-0.0025577167733662138,0.00030385571802302267,0.0
1.12,-0.5993993183111418,-0.46900036880487184,-0.9515987494248975,0.12018376865405239,0.0,0.0,0.0002931551761490427,-0.0025232255772683213,0.0002995944719317484,0.0
1.1300000000000001,-0.5972220341840963,-0.4689258445744413,-0.9372618129275545,0.11831977674380466,0.0,0.0,0.00028864142982962075,-0.002490425821125271,0.00029552575311030295,0.0
1.1400000000000001,-0.5948635118543562,-0.4688314145558531,-0.921890451021372,0.11630805030030483,0.0,0.0,0.000284159474403998,-0.0024585437473330124,0.00029155812794463154,0.0
1.1500000000000001,-0.5924821278913375,-0.46868596449513394,-0.9066967906098196,0.11429149692649308,0.0,0.0,0.00027967075345414894,-0.0024271150155553266,0.00028763898278902334,0.0
1.16,-0.5900085998470853,-0.46843183370669483,-0.8919097329216435,0.11219343796687505,0.0,0.0,0.0002750399060920909,-0.002396080098864417,0.0002837688085936644,0.0
1.17,-0.5875102799882939,-0.46801456705339023,-0.8780857364531791,0.11011002175611526,0.0,0.0,0.0002701220952050182,-0.002365252874657956,0.0002799223311006011,0.0
1.18,-0.5849914773816897,-0.4673877163098354,-0.865512501242505,0.10810124349957646,0.0,0.0,0.00026484438895438186,-0.0023335440524694024,0.00027594678825838397,0.0
1.19,-0.5824633855673259,-0.4665140080297056,-0.8544641006868829,0.1062273903076225,0.0,0.0,0.0002592075967125311,-0.0022998073713197905,0.0002716973417680325,0.0
1.2,-0.5799690395505301,-0.46536691360303223,-0.8453697330828867,0.10457033917067247,0.0,0.0,0.0002532656112601276,-0.0022634185398494426,0.0002671049924856076,0.0
1.21,-0.5774983397207945,-0.4639313013044598,-0.8383020825756983,0.10315620507167356,0.0,0.0,0.0002471057973926488,-0.0022243051409449174,0.0002621703132264199,0.0
1.22,-0.5750981814459675,-0.4622043136997902,-0.833601965225774,0.10205242488222419,0.0,0.0,0.000240833066852319,-0.0021828070685910106,0.00025694300668508,0.0
1.23,-0.5727720375410603,-0.46019562862741514,-0.8313131834385873,0.10127745168788643,0.0,0.0,0.0002345606644893512,-0.0021395255769064894,0.000251502832375821,0.0
1.24,-0.5705357981603626,-0.45792717182799864,-0.8314618231552453,0.10084955295049564,0.0,0.0,0.0002284029184102935,-0.0020952044799149336,0.0002459453886981026,0.0
1.25,-0.5684413741204845,-0.4554331862092595,-0.8342327846631113,0.10080807885770353,0.0,0.0,0.00022247065823719492,-0.002050661118389842,0.000240374102089836,0.0
1.26,-0.5664387847860761,-0.45275835076212423,-0.8391031328510138,0.10108976331358652,0.0,0.0,0.00021686826813824823,-0.002006724726729097,0.00023489293121119726,0.0
1.27,-0.5646632445514271,-0.44995793817438645,-0.8465820391696941,0.10178601942755797,0.0,0.0,0.00021168888711024247,-0.0019642133660896775,0.00022960396671688438,0.0
1.28,-0.5629640364154687,-0.4470940189210217,-0.855381227046666,0.10272252543921868,0.0,0.0,0.00020701450251797563,-0.001923894267976073,0.00022460224437168683,0.0
1.29,-0.5615945439262497,-0.4442361323678341,-0.8665479192312477,0.10407691386095227,0.0,0.0,0.00020290878646694776,-0.0018864734468875394,0.00021997504801672985,0.0
1.3,-0.5602684481409015,-0.4414554350062466,-0.8778540101291873,0.10553734009153024,0.0,0.0,0.00019942106265119348,-0.0018525625758877777,0.00021579716437780327,0.0
1.31,-0.5593921673373128,-0.4388264948549633,-0.8911368205754587,0.10740480303542772,0.0,0.0,0.0001965759261642733,-0.0018226702042124254,0.0002121304368733289,0.0
1.32,-0.5585158865337241,-0.4364195816032754,-0.9031529509164627,0.10921249428274027,0.0,0.0,0.0001943828835337485,-0.001797174082387256,0.00020901978922105031,0.0
1.33,-0.5645345636821298,-0.434420751321459,-0.9565057876916206,0.11709807775758632,0.0,0.0,0.00019292451279177887,-0.0017763124074112505,0.0002064925692935492,0.0
1.34,-0.5706370701065476,-0.4330621144004798,-1.0096313552394431,0.12492414460052007,0.0,0.0,0.0001926273610245461,-0.0017595099038858779,0.0002044602179291052,0.0
1.35,-0.5756219267503669,-0.43248474031328765,-1.0480812618594237,0.13140015591722629,0.0,0.0,0.00019382470827094186,-0.0017473165703071095,0.0002030115283885523,0.0
1.36,-0.5804658015314326,-0.4323910790140778,-1.0823025448567798,0.1371357960308891,0.0,0.0,0.00019598897678624837,-0.0017433586730536965,0.00020265737263519296,0.0
1.37,-0.5843531328578926,-0.43267431571145476,-1.1080924439555637,0.14117682786789756,0.0,0.0,0.00019768587250741025,-0.0017529118757780543,0.00020409386177698481,0.0
1.3800000000000001,-0.5879831015018254,-0.4334116491922896,-1.126005347855865,0.1446690634997437,0.0,0.0,0.00019872343110676578,-0.0017702970043421814,0.0002064097700388452,0.0
1.3900000000000001,-0.5908086879159012,-0.4346343808313926,-1.1345268029245728,0.14709660947222675,0.0,0.0,0.00019942856202476508,-0.0017838440733442971,0.00020803590635651647,0.0
1.4000000000000001,-0.59326947592892,-0.4363365764140417,-1.1366571461761779,0.14877934535336276,0.0,0.0,0.00020000845691092695,-0.0017924765373333643,0.00020902747725867678,0.0
1.41,-0.595069097835587,-0.43847859893430374,-1.1316481295467522,0.14942173047706814,0.0,0.0,0.0002004743322087861,-0.0017986160680319627,0.0002097505764503045,0.0
1.42,-0.5964054307239116,-0.44099337813231454,-1.1214034774182469,0.14920297036992908,0.0,0.0,0.0002006949112010469,-0.0018039589503787911,0.00021040503608025281,0.0
1.43,-0.5972148685281453,-0.4437923806690223,-1.1065813279344756,0.14810069549848331,0.0,0.0,0.0002004793915209562,-0.0018087403465870645,0.0002109945399290157,0.0
1.44,-0.5974714717979945,-0.4467700208085458,-1.0879131333855614,0.14615038117112433,0.0,0.0,0.0001996330884858379,-0.001812076078403863,0.00021138866808351257,0.0
1.45,-0.5973265059047702,-0.44981094952364775,-1.067082022700206,0.14356694402021708,0.0,0.0,0.00019799024836297983,-0.001812582605873326,0.00021140553897023814,0.0
1.46,-0.5965481050623633,-0.45279204149363506,-1.043598542307606,0.140237487311272,0.0,0.0,0.00019543337042433244,-0.0018087876239985083,0.00021085930556847247,0.0
1.47,-0.5954845158766563,-0.45559035360356237,-1.019979301492913,0.13657811252981195,0.0,0.0,0.00019189129932849035,-0.0017994253207173868,0.0002095952203327094,0.0
1.48,-0.5937158364282126,-0.4580826088395857,-0.9945805054898592,0.13232440999623132,0.0,0.0,0.00018734528447191445,-0.0017835462821317902,0.00020749996831976485,0.0
1.49,-0.5917694043549984,-0.4601536752563659,-0.9706992567957418,0.12806014166620389,0.0,0.0,0.00018181292578057186,-0.00176057242694942,0.00020450769639872518,0.0
1.5,-0.5890551718067372,-0.46169374662777085,-0.9456428491543143,0.12336956754155329,0.0,0.0,0.00017535427961535487,-0.001730274401622899,0.00020059569214660262,0.0
1.51,-0.5862616772509913,-0.4626074320240798,-0.9234970768164802,0.11897404725539011,0.0,0.0,0.00016805073081792087,-0.0016927400528733815,0.00019578046478791814,0.0
1.52,-0.5826466171091317,-0.4629180620641694,-0.9000125407895572,0.1143101635458845,0.0,0.0,0.00016008257481528356,-0.0016483246359348595,0.0001901109254839428,0.0
1.53,-0.5790315569672719,-0.462941674388117,-0.8742143661062081,0.11028900779859864,0.0,0.0,0.00015233783126829262,-0.0015971757798188034,0.00018359936837873404,0.0
1.54,-0.5745706782465904,-0.46272096490684356,-0.8449840683591762,0.106081844579793,0.0,0.0,0.00014573712015844133,-0.001538605951684523,0.0001761425674591708,0.0
1.55,-0.5700995160173516,-0.4621502413332049,-0.8182145765825377,0.10204120069936123,0.0,0.0,0.0001400261488278824,-0.0014817400670211693,0.00016906236790284162,0.0
1.56,-0.5649078611303084,-0.461124332615894,-0.789598796686223,0.09755802541758382,0.0,0.0,0.00013456320441988245,-0.001433983961278079,0.0001632559032437647,0.0
1.57,-0.5596253223199097,-0.4595491628080089,-0.7628488972877956,0.09329543244845741,0.0,0.0,0.0001288375000394388,-0.001393399759571181,0.00015831343889278283,0.0
1.58,-0.5537386716714797,-0.4573402170018361,-0.7354809430841114,0.0888911562556506,0.0,-0.013167383123319446,7.024810930495416e-05,-0.08427290027092353,0.012010812570154029,0.0
1.59,-0.5476894817861404,-0.45443039419597137,-0.7102928044116964,0.08482594262044632,0.0,-0.029877514907105517,-0.0003456272281644171,-0.19898303076038792,0.027079728259552276,0.0
1.6,-0.5411436157812993,-0.4507641537254233,-0.6858067241823282,0.08088104932206028,0.0,-0.047538699481011915,-0.0015980787426866333,-0.31994787995738,0.04309055715012458,0.0
1.61,-0.5343725003272388,-0.4462979660123691,-0.6639418690058569,0.07735870380438842,0.0,-0.06563119957169375,-0.0041460507877586665,-0.4350683643375855,0.05923592038082398,0.0
1.62,-0.527203199370962,-0.4410029540598938,-0.6440938792572832,0.07415691494918655,0.0,-0.08435098077099153,-0.008382419585135569,-0.5386451254632397,0.07523438519261387,0.0
1.6300000000000001,-0.5197548838543992,-0.43486821532511033,-0.6272571258203169,0.07142366107198307,0.0,-0.10351030726192348,-0.014609212707438196,-0.6251717099268373,0.09049048006752397,0.0
1.6400000000000001,-0.511997928351662,-0.42790309887593914,-0.6135805873459569,0.06916159313630708,0.0,-0.12303625156129451,-0.023022407807502157,-0.6920161938295298,0.10456933481091606,0.0
1.6500000000000001,-0.5039171382788159,-0.42013754766679096,-0.6031141083379848,0.06736933716935616,0.0,-0.14294686254582778,-0.03370998833694011,-0.7393817308897296,0.11720138313037204,0.0
1.6600000000000001,-0.49560830863459376,-0.41162368619797723,-0.5965544950186241,0.06612703817587501,0.0,-0.16302653641995382,-0.04665684070883069,-0.7681877005331051,0.12800507047335044,0.0
1.67,-0.4869397695116845,-0.4024332010908831,-0.5929511970763954,0.06529221517279923,0.0,-0.18337288999143933,-0.06175910554932842,-0.7819690364237087,0.13697939700182601,0.0
1.68,-0.47811484613095284,-0.39265797121085527,-0.5933487953093548,0.06500192531974798,0.0,-0.2037538599150021,-0.07883994938176972,-0.783368690556756,0.14392365477004695,0.0
1.69,-0.4689032834641985,-0.38240455001026014,-0.5958091078039128,0.06498733047578346,0.0,-0.22422041416679456,-0.09766766640346458,-0.7761618754072527,0.14897256721633806,0.0
1.7,-0.45959804675193267,-0.37179382242410774,-0.6015880454306605,0.0654286733505672,0.0,-0.24465024661447587,-0.11797256624941954,-0.7631133994955632,0.15217362071032942,0.0
1.71,-0.4498881860475531,-0.3609530683224097,-0.6078784133670524,0.06595258708662557,0.0,-0.26492145963992625,-0.13946057381645258,-0.746434767234005,0.15362481192118002,0.0
1.72,-0.4401384164087291,-0.3500150169294559,-0.6160985438459926,0.06677590475587858,0.0,-0.2851477210864067,-0.1618272548079159,-0.7286705890829612,0.15367120727130834,0.0
1.73,-0.4299749831729434,-0.339108361114923,-0.6227999100593816,0.06744928141919629,0.0,-0.30490805097886725,-0.184764627713265,-0.7099664931114495,0.15220041015252597,0.0
1.74,-0.4198115499371578,-0.3283567938384336,-0.6295647978406389,0.06822113996562958,0.0,-0.32466838087132777,-0.20797270004254426,-0.6930774305471844,0.14990593262604923,0.0
1.75,-0.4092441807515629,-0.3178693905552283,-0.6327246394235863,0.0686128264926322,0.0,-0.34361221275165393,-0.23116008818931147,-0.6761254341022899,0.14633404671432923,0.0
1.76,-0.3986719004905903,-0.3077397394102005,-0.6338132808928991,0.06886638449280313,0.0,-0.3625461176044769,-0.2540537314646159,-0.6623473838373403,0.14248008504711973,0.0
1.77,-0.38777628469460734,-0.2980391095037771,-0.6299752099829726,0.0685967757009522,0.0,-0.38046596952631806,-0.276396850769984,-0.6489048872286807,0.1377081397992577,0.0
1.78,-0.3768398829146673,-0.2888158904069782,-0.6222935567388149,0.06796841974087797,0.0,-0.3982579074328556,-0.29795662330587963,-0.639026610079158,0.13306073988764747,0.0
1.79,-0.36565180091327015,-0.2800918976772188,-0.6090092222913082,0.06672598294813684,0.0,-0.41490134587089567,-0.31852082760950495,-0.6296113135202516,0.1278565909527429,0.0
1.8,-0.3543960031205816,-0.2718633422724806,-0.5910417343060874,0.06498666736101937,0.0,-0.4312357749245,-0.33790402447182327,-0.6237496593871297,0.12306017256838453,0.0
1.81,-0.3429512353187465,-0.264100522507323,-0.5676825877508797,0.06262002496253874,0.0,-0.446396542484307,-0.3559446815914394,-0.6187612618376069,0.11809057884185226,0.0
1.82,-0.3314207670195296,-0.25675043800542907,-0.53979330190258,0.059718910377955854,0.0,-0.4610250384194709,-0.37250963618585803,-0.6172067469611925,0.11369204714271887,0.0
1.83,-0.31975509382223183,-0.2497393064542614,-0.5075013240790319,0.05626412992753014,0.0,-0.47466225315573274,-0.38749419025077686,-0.6178746817766271,0.10960278679694437,0.0
1.84,-0.3079946805227043,-0.24297622559619161,-0.4715810657485336,0.052337868953281366,0.0,-0.487604862271517,-0.4008247255915496,-0.62227141126093,0.1062116431635023,0.0
1.85,-0.29614388233491923,-0.2363574030418329,-0.4327038456726903,0.048009720362708244,0.0,-0.49976731382613976,-0.41246090118600576,-0.6306203214956235,0.10354093893958799,0.0
1.86,-0.2841982495413009,-0.22977012240022393,-0.3915081602044341,0.04335708170450537,0.0,-0.5111112000627438,-0.42239571523842945,-0.6431274162218041,0.10162619670835242,0.0
1.87,-0.2721981067680047,-0.22309769016084727,-0.34896251294492153,0.03850969342340813,0.0,-0.5218686195878874,-0.4306589212073882,-0.6612468603804523,0.10071648449987043,0.0
1.8800000000000001,-0.260111979986515,-0.21622325331698478,-0.3055945432164477,0.03354160651407987,0.0,-0.531700946885512,-0.43731350296880517,-0.6835879794722309,0.10051861900983469,0.0
1.8900000000000001,-0.24799827303268154,-0.2090348655356942,-0.2625162562067449,0.028611257422490127,0.0,-0.5411230655333379,-0.44245938051390193,-0.7126113082052149,0.101471267698819,0.0
1.9000000000000001,-0.23581637776953956,-0.201429065051568,-0.22024061271903297,0.023789341257335492,0.0,-0.5495309978321831,-0.4462252306688072,-0.7450194280759164,0.10298028914363254,0.0
1.9100000000000001,-0.22362488704014505,-0.19331570819335456,-0.17990949293912922,0.019231045022244653,0.0,-0.557687546754851,-0.4487715296179535,-0.7840274440416026,0.10564171022076188,0.0
1.92,-0.21139194880157008,-0.18462129798493218,-0.14211277996423383,0.01500381578900508,0.0,-0.5647582479951174,-0.45027715309258637,-0.8242912306718763,0.10859487312516986,0.0
1.93,-0.19915845470159055,-0.17529314762292475,-0.10785757589788375,0.011228126945111739,0.0,-0.5717189583447875,-0.4509426165247226,-0.8696581760776031,0.11256970351778506,0.0
1.94,-0.1869191989938018,-0.16530562182714614,-0.07782397803533644,0.007969060397335687,0.0,-0.5775395924666755,-0.451139900784872,-0.9111731492520675,0.11648488789486727,0.0
1.95,-0.17467994328601305,-0.15465502114458127,-0.05263922810352808,0.005284025446319077,0.0,-0.5833602265885636,-0.4511954101120236,-0.9516290794240463,0.12126924309487333,0.0
1.96,-0.16247999430558668,-0.1433622157087799,-0.03295587741446965,0.00323098412436644,0.0,-0.5880319263392187,-0.4512271853598309,-0.985559797240465,0.12539722818116028,0.0
1.97,-0.15028052321850213,-0.1314779434074452,-0.018748933273533247,0.0017840977438167982,0.0,-0.5926896572829289,-0.45127774314191316,-1.01863808035143,0.1296240198031414,0.0
1.98,-0.13816220805793425,-0.11908342112751288,-0.010577094960298346,0.0010006692637687352,0.0,-0.5963921447051074,-0.4513590840887395,-1.045537160479466,0.13300816462655896,0.0
1.99,-0.12605413001626672,-0.1062875443225615,-0.007709929248728841,0.000774597356317545,0.0,-0.59997413641084,-0.4515079717057875,-1.0702968496845793,0.13626504997365638,0.0
2.0,-0.11405982014674518,-0.09322329705230416,-0.010278252944438385,0.0011278891373283084,0.0,-0.6027771426567027,-0.4517977423300436,-1.088296157489342,0.1388123916993358,0.0
2.0100000000000002,-0.10209612015890618,-0.0800405059756115,-0.01689978431575897,0.0018893484899401812,0.0,-0.6053705590646583,-0.4522875294887784,-1.1024332107026023,0.1411211050061018,0.0
2.02,-0.09026820358716096,-0.06690127203044344,-0.027184077309679193,0.003033751102803373,0.0,-0.607343815286365,-0.4530098846263392,-1.110549268910687,0.14274651755545026,0.0
2.0300000000000002,-0.07850186666156214,-0.053973165929180666,-0.03939346348791484,0.004359925224502912,0.0,-0.609035820336744,-0.4539743924659194,-1.1146153052916532,0.1439353745471079,0.0
2.04,-0.06688273139432319,-0.04142301437268171,-0.052690081151666485,0.005797398794458081,0.0,-0.6102490576864552,-0.4551689962723779,-1.1139404102287598,0.14448022815884226,0.0
2.05,-0.055366742539376096,-0.02940947076155187,-0.06534316326466565,0.007154235460572256,0.0,-0.6111268153194579,-0.45656329368324927,-1.109695628466563,0.14449841130677812,0.0
2.06,-0.043998776583371306,-0.01807615640199657,-0.0761727169218593,0.008317537608415762,0.0,-0.6116497649493343,-0.4581122193288105,-1.102323504424303,0.14398269712037529,0.0
2.07,-0.032786120807488175,-0.007545449866350447,-0.08387488403856111,0.009147810939300649,0.0,-0.6118004391051611,-0.4597586202298758,-1.0922256481667554,0.142943656343007,0.0
2.08,-0.02171171216944745,0.0020876134808845816,-0.08710586508923991,0.009496432232727874,0.0,-0.6117028321673629,-0.4614382038257867,-1.080622437639788,0.14153267765968802,0.0
2.09,-0.010855374481038486,0.01075855680738853,-0.08543603574166064,0.00932054509488767,0.0,-0.6112135867862145,-0.46308106993498904,-1.067222442904909,0.1396727254967306,0.0
2.1,-0.00011691116769110225,0.018437612698920143,-0.07752356454894678,0.008440515042242478,0.0,-0.6105651544329017,-0.46461710028349584,-1.0537499813535383,0.1376301167224873,0.0
2.11,0.010330123424831429,0.025128695389852386,-0.06414842385821577,0.00694940954904988,0.0,-0.6095231534549783,-0.465976388537072,-1.039352012549682,0.13525862720679233,0.0
2.12,0.020690253406756197,0.03087120898590265,-0.04397124025226806,0.004633555261207118,0.0,-0.6083936268383116,-0.4670945306556905,-1.0260488692619603,0.13289611214978628,0.0
2.13,0.030674999894980744,0.03573464110382288,-0.019064887587211393,0.0017511563530302416,0.0,-0.6068860342038136,-0.46791210047333553,-1.0125898725737594,0.13034671397216288,0.0
2.14,0.04061440853875308,0.0398114812941125,0.0097064467603644,0.0,0.0019602794731773416,-0.6053451444759531,-0.46837959668147416,-1.001110467683046,0.12797810085010342,0.0
2.15,0.05008388191426807,0.04320514739417239,0.03962446344684028,0.0,0.006057248259765037,-0.6034591241250813,-0.4685552330846108,-0.9891439402448623,0.12556641496709375,0.0
2.16,0.05955335528978305,0.04603977785928877,0.07497223552280527,0.0,0.010876871166045004,-0.6015731037742094,-0.4685988400278674,-0.975982155511744,0.123527236912736,0.0
2.17,0.06846139646755374,0.04845763385742679,0.11228479968077067,0.0,0.015828922317709642,-0.5993993183111418,-0.4685810325302191,-0.9613173432283183,0.12149236259875704,0.0
2.18,0.0773626117219476,0.05061483271256313,0.15334071093119522,0.0,0.021298043607577925,-0.5972220341840963,-0.46852816885689885,-0.9467335350230418,0.11956177091043421,0.0
2.19,0.08571217053969585,0.05266912910843284,0.19399452931318623,0.0,0.02666808612808561,-0.5948635118543563,-0.46844977347067795,-0.9312111811539234,0.11751862164482928,0.0
2.2,0.09399214266455751,0.05477588420667585,0.23526614779553162,0.0,0.03222771659579574,-0.5924821278913375,-0.46834676839757533,-0.9155633637378052,0.11548373551837422,0.0
2.21,0.10174083111555463,0.0570779567269381,0.27331031223638896,0.0,0.03741975820867423,-0.5900085998470853,-0.4681709993196174,-0.9000935852562617,0.11338447212778553,0.0
2.22,0.10934657510247155,0.05970039316198011,0.30878378199033957,0.0,0.04244824234788366,-0.5875102799882939,-0.4678636221570545,-0.8854877894728626,0.11126554601369727,0.0
2.23,0.11645200517998869,0.06274230946170374,0.33876269246207075,0.0,0.04686103824039953,-0.5849914773816897,-0.46737346618402703,-0.8719965988199263,0.10918836731418977,0.0
2.24,0.12333053602054977,0.06627481677353882,0.363818395833428,0.0,0.05078569390071343,-0.5824633855673258,-0.46665799088254556,-0.8599124418834418,0.10721708473199237,0.0
2.25,0.12975031971785686,0.07033740838245266,0.38234680127514376,0.0,0.053921764480130016,-0.5799690395505301,-0.4656849257906264,-0.8496879394798811,0.10543771978053253,0.0
2.2600000000000002,0.13584865240365093,0.07493791106849684,0.39487143099904887,0.0,0.05632363685194944,-0.5774983397207942,-0.46443297776623216,-0.8414225158910811,0.1038811127713397,0.0
2.27,0.14154040171401913,0.08005332968382149,0.40116848478410827,0.0,0.05787625772197416,-0.5750981814459675,-0.46289285269631764,-0.8354852822104472,0.10261983274599108,0.0
2.2800000000000002,0.14680555123663386,0.08563132965466494,0.4014945105822935,0.0,0.05855100208335881,-0.5727720375410603,-0.4610676982271179,-0.8319529050911981,0.10167789644009098,0.0
2.29,0.1517268781533339,0.09159474910985305,0.39684773073096447,0.0,0.058440288221148745,-0.5705357981603627,-0.45897298684074245,-0.8308884325170817,0.1010794034454558,0.0
2.3000000000000003,0.1561058595043584,0.09784331015036295,0.38689670106816026,0.0,0.057410977450295345,-0.5684413741204843,-0.4566368644227914,-0.8325160260185427,0.10086963955530573,0.0
2.31,0.16021437602066105,0.10426064405671306,0.37367400033639897,0.0,0.05577460819120256,-0.5664387847860761,-0.45409842971446746,-0.836356908401421,0.10099126571969497,0.0
2.32,0.16365420419168297,0.11071495034916029,0.3559756750819286,0.0,0.05326353391169965,-0.5646632445514272,-0.451408229040071,-0.8429605654322753,0.10154127917533497,0.0
2.33,0.16690752230085934,0.11706771355634163,0.3367847139265998,0.0,0.050413862381337216,-0.5629640364154687,-0.44862455388970096,-0.8510818354056877,0.10235057275496996,0.0
2.34,0.16935521228346784,0.12317244951401311,0.3138264535963087,0.0,0.04678954777449657,-0.5615945439262496,-0.4458144513819835,-0.8617994212114536,0.10360114954200636,0.0
2.35,0.17171094397878797,0.12888484101180922,0.2910906821685521,0.0,0.04315473750292748,-0.5602684481409015,-0.44304782823640254,-0.8729144496415293,0.10498481004526791,0.0
2.36,0.1731135107645712,0.13405911310298715,0.2650927314476164,0.0,0.03887074343136186,-0.5593921673373128,-0.4403995326206791,-0.8862757081634659,0.10680489797357177,0.0
2.37,0.17451607755035445,0.1385595590077479,0.24093287209300793,0.0,0.03492196734960351,-0.5585158865337241,-0.43794140117861613,-0.8986419762133122,0.10859599283060052,0.0
2.38,0.17483422086211478,0.1422527774871582,0.21399288326588928,0.0,0.030470201714817957,-0.5645345636821298,-0.43586271518870395,-0.9526602232488222,0.11649554874086063,0.0
2.39,0.17513917969394777,0.14502191606102505,0.1899696425648505,0.0,0.02659703940609175,-0.5706370701065476,-0.4344001160787558,-1.0067564189797416,0.12436507828348818,0.0
2.4,0.1744246468818071,0.14676416399864745,0.164617550395399,0.0,0.022525814091385626,-0.5756219267503669,-0.4337246884942909,-1.046399717761727,0.13091111772094285,0.0
2.41,0.17358151400771096,0.1474592835528083,0.14290870770445738,0.0,0.01916109837815219,-0.5804658015314326,-0.4335826833369677,-1.080326291489051,0.13676607453997564,0.0
2.42,0.17179431226209094,0.14751517815094026,0.12073221998295801,0.0,0.015931126337606613,-0.5843531328578926,-0.43380252396756075,-1.1069316061235366,0.14088453958209085,0.0
2.43,0.16975310418137338,0.1470029361253475,0.10302914561210585,0.0,0.01350952361096962,-0.5879831015018254,-0.4344598597230457,-1.125643484142259,0.14440744747476214,0.0
2.44,0.16685324670172014,0.14585871308064546,0.08368998139499266,0.0,0.010786121810360608,-0.5908086879159012,-0.4355950545927831,-1.1348622374892372,0.14689265698898024,0.0
2.45,0.16356397991368885,0.14402872027127292,0.06479668338570378,0.0,0.008217324307919755,-0.5932694759289201,-0.43720788092318896,-1.1376404632042185,0.14864790088345636,0.0
2.46,0.1595114798994488,0.1414659032616521,0.04469319079061508,0.0,0.005526921048072415,-0.595069097835587,-0.43926256655033374,-1.1332137826817144,0.14936957979326212,0.0
2.47,0.1549241709034112,0.1381310306520318,0.024860781666293456,0.0,0.0029676423113124545,-0.5964054307239117,-0.4416947928296796,-1.123477026329455,0.14923187088375556,0.0
2.48,0.1496790415540303,0.13399345136607294,0.0050286425593399405,0.0,0.00047336982435499265,-0.5972148685281453,-0.44441808625032847,-1.10908403245123,0.14820891995852215,0.0
2.49,0.14374370684929455,0.12903517198495318,-0.013050149211584504,0.001949182431420689,0.0,-0.5974714717979945,-0.44732837004505727,-1.090767851930288,0.14633373488976867,0.0
2.5,0.137265961364219,0.12325566147416056,-0.028525930640432958,0.004136197388636061,0.0,-0.5973265059047702,-0.450311345583545,-1.0702185690776624,0.14381932772088213,0.0
2.5100000000000002,0.12993261745009207,0.11666703987231837,-0.043347591784811575,0.006350840083178272,0.0,-0.5965481050623632,-0.4532446966536714,-1.046949972093922,0.14055142077395785,0.0
2.52,0.12218226902876798,0.10929698653911135,-0.05543913313642544,0.00819859458565326,0.0,-0.5954845158766563,-0.4560059792667333,-1.023486826870219,0.13694519099232216,0.0
2.5300000000000002,0.11340093240455851,0.10118180191495289,-0.06799892619563078,0.010239464558942526,0.0,-0.5937158364282126,-0.45847227370582183,-0.9981873020855053,0.1327354279952567,0.0
2.54,0.10433799424643149,0.09237122787373009,-0.07766964688772938,0.011826314527780303,0.0,-0.5917694043549984,-0.4605284804521905,-0.9743555044065065,0.12850548240837073,0.0
2.5500000000000003,0.09405868141144665,0.08291870714317025,-0.08917305481523337,0.013828650583328186,0.0,-0.5890551718067372,-0.4620647307295831,-0.9492987462451401,0.12383918452807152,0.0
2.56,0.08364316671596396,0.0728878403695179,-0.0978491409223384,0.01532358792400068,0.0,-0.5862616772509913,-0.4629852155884847,-0.9271068681619087,0.11945793674069126,0.0
2.57,0.07181589416951144,0.06233817848394328,-0.1099060208313841,0.017501890326504652,0.0,-0.5826466171091317,-0.4633002950207868,-0.9036969571907777,0.11479823514008639,0.0
2.58,0.05998862162305892,0.05133232746095722,-0.11938035115029316,0.0191584813925562,0.0,-0.5790315569672719,-0.4633257513261431,-0.8779272030362903,0.11076692800971714,0.0
2.59,0.04658260037750543,0.039934120164006444,-0.13368150839470053,0.021759164111093996,0.0,-0.5745706782465904,-0.4631151005076699,-0.8485913440539081,0.10655607414275317,0.0
2.6,0.03315738461889296,0.028208543817073616,-0.14639096828164766,0.023964030652683925,0.0,-0.5700995160173516,-0.4625648041306354,-0.8216878492528744,0.10251736047339445,0.0
2.61,0.018268829734183978,0.01620716102166824,-0.1640628709364296,0.027126493088389447,0.0,-0.5649078611303084,-0.4615688860421728,-0.7929142877390146,0.09802571308743174,0.0
2.62,0.0031956872627191997,0.003974910942045604,-0.18163308632859668,0.030162258956318695,0.0,-0.5596253223199097,-0.4600322299474787,-0.7659715807498609,0.0937452761028255,0.0
2.63,-0.013167383123319446,-0.008456526349041508,-0.20401216811112882,0.03410814596411259,0.0,-0.5537386716714797,-0.45786825668912307,-0.7383862031300209,0.08931432436471637,0.0
2.64,-0.029877514907105517,-0.021064168661929793,-0.22748441642041933,0.03816246423171267,0.0,-0.5476894817861404,-0.4550036454796765,-0.7129850489334926,0.08521439910828912,0.0
2.65,-0.047538699481011915,-0.0338357448151008,-0.25457501994021114,0.042894566869398514,0.0,-0.5411436157812993,-0.4513779148256786,-0.6882850419595404,0.08122706473293327,0.0
2.66,-0.06563119957169375,-0.04676686572923926,-0.28318896376857955,0.04786118597320469,0.0,-0.5343725003272388,-0.44694691440020956,-0.6661961008470045,0.07766263728453071,0.0
2.67,-0.08435098077099153,-0.059859951816311534,-0.31399395685591674,0.05324850500818431,0.0,-0.527203199370962,-0.4416835770301937,-0.6461255842564428,0.07442373641544936,0.0
2.68,-0.10351030726192348,-0.07312256269565398,-0.34614517754331725,0.058892991396623934,0.0,-0.5197548838543992,-0.43557975033205254,-0.6290709445868833,0.07165868932461292,0.0
2.69,-0.12303625156129451,-0.08656462674913577,-0.3791285591640408,0.06472652305362916,0.0,-0.511997928351662,-0.42864750867422713,-0.6151753179650101,0.06936832876223915,0.0
2.7,-0.1429468625458266,-0.10019746398087663,-0.4128791243645126,0.07075830510523992,0.0,-0.5039171382788165,-0.42091887382483356,-0.6044768252370931,0.06754861820964723,0.0
2.71,-0.1630265364199526,-0.1140305000768457,-0.446311200540583,0.07678539894650951,0.0,-0.4956083086345943,-0.41244704834849844,-0.5976583414693594,0.06627707081781747,0.0
2.72,-0.18337288999143933,-0.12807053200189789,-0.47968532929586444,0.08288416970303271,0.0,-0.4869397695116845,-0.40330364778521843,-0.5937585083650934,0.06540917659264053,0.0
2.73,-0.2037538599150021,-0.1423191475561938,-0.511951103737675,0.08883720398457542,0.0,-0.47811484613095284,-0.39357935632890373,-0.593815520621515,0.06508089463415724,0.0
2.74,-0.22422041416679456,-0.15677180641365895,-0.5432509597167287,0.09468261701107827,0.0,-0.4689032834641985,-0.383378566787611,-0.5958938751956177,0.06502336148629868,0.0
2.75,-0.24465024661447468,-0.171417073613683,-0.5731327572906377,0.10030834854872651,0.0,-0.4595980467519333,-0.3728192785128074,-0.6012591974584383,0.06541785009669622,0.0
2.7600000000000002,-0.2649214596399251,-0.1862349011886988,-0.601148013873787,0.10560755103588954,0.0,-0.4498881860475537,-0.3620254498546071,-0.6071243639776434,0.06589293179484426,0.0
2.77,-0.2851477210864067,-0.20119855590079702,-0.6279529084699368,0.11069142521866798,0.0,-0.4401384164087291,-0.3511263624780807,-0.6149323325748763,0.06666806964316414,0.0
2.7800000000000002,-0.30490805097886725,-0.21627130315151874,-0.652009705750479,0.11519903270011546,0.0,-0.4299749831729434,-0.34024741421424065,-0.6212660658008614,0.06729697458272581,0.0
2.79,-0.32466838087132777,-0.2314115803204862,-0.6755032550760914,0.11957116079383988,0.0,-0.4198115499371578,-0.32950944707630964,-0.6277388273966847,0.06803125809919633,0.0
2.8000000000000003,-0.3436122127516528,-0.24656743739811596,-0.6954072182597881,0.12310764577448531,0.0,-0.4092441807515635,-0.31901931877362355,-0.6307128985322373,0.06839535296086906,0.0
2.81,-0.3625461176044758,-0.261683944345019,-0.7152950067399954,0.12656763225138493,0.0,-0.398671900490591,-0.30886924992293213,-0.6317465478186182,0.0686339773039979,0.0
2.82,-0.38046596952631806,-0.2766977454145477,-0.7315057163015636,0.12909743559883316,0.0,-0.38777628469460734,-0.2991300599796873,-0.6280013462883561,0.0683642352756608,0.0
2.83,-0.3982579074328556,-0.291544459468663,-0.7479058581353756,0.13153937908243757,0.0,-0.3768398829146673,-0.2898506944642573,-0.6205666503960386,0.06775188123644216,0.0
2.84,-0.41490134587089567,-0.3061535052257884,-0.760771625468831,0.13303572263996355,0.0,-0.36565180091327015,-0.2810544638494423,-0.6076783557407806,0.066542116461261,0.0
2.85,-0.4312357749245,-0.32045473815134773,-0.7737581669163724,0.13439545956246002,0.0,-0.3543960031205816,-0.27273996188254895,-0.5902410348725651,0.0648517145047194,0.0
2.86,-0.4463965424843061,-0.33437475729422,-0.7837357965716535,0.1349076506873485,0.0,-0.3429512353187472,-0.26488058878711895,-0.5675223632499584,0.06254896488006617,0.0
2.87,-0.4610250384194709,-0.3478417853510883,-0.7935360527897471,0.13520907257672274,0.0,-0.3314207670195296,-0.25742701163605314,-0.540355489977601,0.059724603361163184,0.0
2.88,-0.47466225315573274,-0.3607856240319438,-0.8016621529271866,0.13495577214463345,0.0,-0.31975509382223183,-0.25030947745617116,-0.5088374668225049,0.05635666794679922,0.0
2.89,-0.487604862271517,-0.3731403382686074,-0.8095373299432741,0.13447794043280648,0.0,-0.3079946805227043,-0.24344128624656666,-0.47371369598020435,0.05252402659521575,0.0
2.9,-0.49976731382613976,-0.3848464483832267,-0.817127412663837,0.1337637253358936,0.0,-0.29614388233491923,-0.2367228388867652,-0.43562955648181007,0.048292618082872545,0.0
2.91,-0.5111112000627431,-0.39585104592179865,-0.82440918614785,0.13283848883982197,0.0,-0.28419824954130163,-0.23004544299802396,-0.39520090358739257,0.04373601012482421,0.0
2.92,-0.5218686195878874,-0.4061115856042256,-0.8326245266435485,0.13196539074737146,0.0,-0.2721981067680047,-0.22329612677274,-0.3533769331998432,0.03898011045535915,0.0
2.93,-0.531700946885512,-0.4155933731892077,-0.8403621335825231,0.13088957051664132,0.0,-0.260111979986515,-0.21636134577285507,-0.3106670093341147,0.03409528013681945,0.0
2.94,-0.5411230655333379,-0.42427482792152593,-0.8500683910774293,0.13011216576727658,0.0,-0.24799827303268154,-0.20913195107237384,-0.2681653850181822,0.02923653073123452,0.0
2.95,-0.5495309978321831,-0.4321424507934105,-0.8590028830070762,0.1291246012983696,0.0,-0.23581637776953956,-0.2015066933658367,-0.22636555861687405,0.02447149348107594,0.0
2.96,-0.5576875467548505,-0.4391974169449128,-0.870736543662707,0.12863092237215354,0.0,-0.22362488704014577,-0.19339696671024312,-0.18638863976770678,0.019952751288487783,0.0
2.97,-0.564758247995117,-0.445448126865064,-0.881259679715317,0.1278973205488698,0.0,-0.2113919488015708,-0.18473008597987522,-0.14880234509034507,0.01574565447887346,0.0
2.98,-0.5717189583447875,-0.45091795292421927,-0.8951703422107626,0.1277976917677716,0.0,-0.19915845470159055,-0.17545333318654144,-0.11459231733977332,0.01196919740457318,0.0
2.99,-0.5775395924666755,-0.45563551567808613,-0.907268347114646,0.12740350208426218,0.0,-0.1869191989938018,-0.16553676008403873,-0.08442107534934984,0.008687580281737717,0.0
3.0,-0.5833602265885636,-0.4596431839127473,-0.9229895778386839,0.1277149989826601,0.0,-0.17467994328601305,-0.1549757554098196,-0.05888822358343003,0.005956549721299619,0.0
3.0100000000000002,-0.5880319263392185,-0.46298589511380517,-0.9362878858680194,0.12767919041524278,0.0,-0.16247999430558743,-0.14379285847199633,-0.038696514273352876,0.003841952846022024,0.0
3.02,-0.5926896572829286,-0.46571840727727243,-0.9525763181586779,0.12827339354606843,0.0,-0.15028052321850285,-0.13203799531649346,-0.023812215489949547,0.0023164209863246674,0.0
3.0300000000000002,-0.5963921447051074,-0.46789683960209205,-0.966740224005129,0.1286164521059231,0.0,-0.13816220805793425,-0.11978852510466403,-0.01477272397204096,0.001435179229519485,0.0
3.04,-0.59997413641084,-0.46958265920189296,-0.982668860626787,0.12940509865345318,0.0,-0.12605413001626672,-0.10714666549833171,-0.010848241683291512,0.0010925819950457164,0.0
3.0500000000000003,-0.6027771426567027,-0.4708361148172932,-0.9965637941054584,0.13000057837039425,0.0,-0.11405982014674518,-0.09423721057128014,-0.01219715742868276,0.0013138723053417439,0.0
3.06,-0.6053705590646581,-0.4717181669789533,-1.0109886085598565,0.1308558346768663,0.0,-0.1020961201589069,-0.08120238800726841,-0.017497783176559117,0.001934290114919461,0.0
3.0700000000000003,-0.607343815286365,-0.4722860232251087,-1.023418149864889,0.13154968815352025,0.0,-0.09026820358716166,-0.06819734190087155,-0.026434516255694422,0.0029362870853393962,0.0
3.08,-0.6090358203367439,-0.47259354657865515,-1.0352735887519668,0.13232914577600866,0.0,-0.07850186666156284,-0.055383292509650864,-0.03734144332748279,0.004125567239227312,0.0
3.09,-0.6102490576864552,-0.47273781152608996,-1.044692930077435,0.13296594147687416,0.0,-0.06688273139432319,-0.04292241374988359,-0.04944684358011914,0.0054380087432064385,0.0
3.1,-0.6111268153194579,-0.4728229120913877,-1.0511030088072537,0.13356788227351488,0.0,-0.055366742539376096,-0.03096897063737715,-0.061085826558998246,0.006688046714785293,0.0
3.11,-0.6116497649493343,-0.4728886214681236,-1.0551365270385722,0.1339879765368128,0.0,-0.043998776583371306,-0.01966197380622816,-0.07111762125813588,0.007765985111054212,0.0
3.12,-0.6118004391051611,-0.4729479292036166,-1.0566563680166547,0.1341200473565793,0.0,-0.032786120807488175,-0.009120845725595444,-0.07828286300960663,0.00853694546798096,0.0
3.13,-0.6117028321673629,-0.47300423143591513,-1.0563663296274737,0.13404349128456733,0.0,-0.02171171216944745,0.0005602892898482915,-0.08127732090007872,0.008856867506666177,0.0
3.14,-0.6112135867862145,-0.47305696315612333,-1.0534619996298076,0.13361897135167647,0.0,-0.010855374481038486,0.009315862032877105,-0.07969042622915214,0.008685786836542714,0.0
3.15,-0.6105651544329017,-0.4731047334439772,-1.0492846321634004,0.13305284089639927,0.0,-0.00011691116769110225,0.017113272714976306,-0.07217449636558887,0.007845081993748627,0.0
3.16,-0.6095231534549783,-0.47314532218979694,-1.0425614205865437,0.13213502244315384,0.0,0.010330123424831429,0.023952074666216662,-0.05948271703409768,0.006426950366978085,0.0
3.17,-0.6083936268383116,-0.47317701362377834,-1.0350352550911395,0.13114185938209155,0.0,0.0206902534067556,0.029866134006154614,-0.04022984314656711,0.004215294443430551,0.0
3.18,-0.6068860342038137,-0.4731976632875286,-1.0251350262542505,0.12981417959354577,0.0,0.030674999894980147,0.034918466801937054,-0.016439195569684904,0.0014644215974729327,0.0
3.19,-0.6053451444759531,-0.47320582701716846,-1.0148056571280712,0.1284633458164715,0.0,0.04061440853875308,0.03919376065362113,0.010819004967489946,0.0,0.0020930871514036635
3.2,-0.6034591241250813,-0.4731996497515473,-1.0023669812187495,0.12681100066303103,0.0,0.05008388191426807,0.042789535385824765,0.03936606341661665,0.0,0.006019247213081493
3.21,-0.6015731037742094,-0.47317795202088914,-0.9897525204015458,0.12516855766170912,0.0,0.05955335528978305,0.045823956268468226,0.07325082945859002,0.0,0.010659807551216713
3.22,-0.599399318311142,-0.4731392671644819,-0.9754254532012734,0.12327910273910679,0.0,0.06846139646755321,0.0484298993452726,0.10904856216606729,0.0,0.015427730044989523
3.23,-0.5972220341840964,-0.4730826649399542,-0.9609605675446816,0.12139907632361535,0.0,0.07736261172194707,0.05075403941124594,0.14860453803966822,0.0,0.02071343092573099
3.24,-0.5948635118543563,-0.47300717943829157,-0.9454547616052843,0.11937019069442702,0.0,0.08571217053969585,0.0529460833389654,0.1878881136186231,0.0,0.025909777288888127
3.25,-0.5924821278913376,-0.47291214916770496,-0.929781309946571,0.11733551676982215,0.0,0.09399214266455702,0.05515514362745113,0.22800944188988623,0.0,0.031314286353940735
3.2600000000000002,-0.5900085998470853,-0.4727632300086986,-0.9140081855462833,0.11523376709256813,0.0,0.10174083111555463,0.05751969556587771,0.26520823968947704,0.0,0.03637722724950643
3.27,-0.5875102799882941,-0.47250180057009344,-0.8990496175673741,0.11310947449444486,0.0,0.10934657510247109,0.060162908152595854,0.30018236006056503,0.0,0.04130861033152483
3.2800000000000002,-0.5849914773816899,-0.4720738572008583,-0.8851480513055567,0.11100707582802129,0.0,0.11645200517998827,0.063183990026053,0.33002605679489605,0.0,0.04566050288608297
3.29,-0.5824633855673259,-0.47143378223884763,-0.8725937045687625,0.1089930044122635,0.0,0.12333053602054936,0.06665593941263263,0.3552931385599781,0.0,0.04956227116160831
3.3000000000000003,-0.5799690395505301,-0.470546044251705,-0.8618493677965492,0.10715580968523208,0.0,0.12975031971785686,0.07062173963299569,0.37433893630111637,0.0,0.0527135538495331
3.31,-0.5774983397207945,-0.4693859726604865,-0.8530261731601506,0.10552909394298823,0.0,0.13584865240365057,0.07509403424935882,0.3876312712661171,0.0,0.05516716097964662
3.3200000000000003,-0.5750981814459675,-0.4679408476914974,-0.8465052787901296,0.10418836274425423,0.0,0.14154040171401913,0.08005564503425182,0.39488222585434424,0.0,0.05680497237099292
3.33,-0.5727720375410604,-0.46621041653667833,-0.8423771510516533,0.10316068304617393,0.0,0.14680555123663355,0.08546071133164902,0.3962840798252737,0.0,0.05759405667698262
3.34,-0.5705357981603627,-0.46420685680313356,-0.8407203173898156,0.10247325916649355,0.0,0.1517268781533339,0.09123888222045066,0.392778961604446,0.0,0.05762158782710513
3.35,-0.5684413741204845,-0.46195521003227685,-0.8417756567349258,0.10217447028705265,0.0,0.15610585950435812,0.0972967335321208,0.3839828658612204,0.0,0.056748565290111366
3.36,-0.5664387847860761,-0.459491753166664,-0.8450838927459616,0.10220998668645655,0.0,0.16021437602066105,0.10352456735909601,0.3718962426140611,0.0,0.05528033426320112
3.37,-0.5646632445514271,-0.45686458192943236,-0.8512124179079701,0.10267965637332849,0.0,0.16365420419168317,0.10979686999001194,0.35527900189951256,0.0,0.05294301360830076
3.38,-0.5629640364154688,-0.4541299978126742,-0.8589366181928233,0.1034169761380362,0.0,0.1669075223008592,0.11598090900243394,0.33710537890848774,0.0,0.050266615281564155
3.39,-0.5615945439262497,-0.45135359204536357,-0.8693502064662076,0.10460623062379304,0.0,0.1693552122834677,0.12193535769081648,0.3150755520783265,0.0,0.04680935910627309
3.4,-0.5602684481409015,-0.4486044124716672,-0.880270284020515,0.1059410882527873,0.0,0.17171094397878797,0.1275203843899271,0.29318437399285835,0.0,0.04333008129293993
3.41,-0.5593921673373128,-0.4459570809826572,-0.8935531321361659,0.10772628645874903,0.0,0.1731135107645712,0.13259394992238505,0.26792532005858666,0.0,0.039185372426946245
3.42,-0.5585158865337241,-0.4434838526057185,-0.9059628199408508,0.10949725431172296,0.0,0.17451607755035445,0.13702331722607322,0.24440593346735678,0.0,0.035355481714761994
3.43,-0.5645345636821294,-0.4413750388123285,-0.9601380222969658,0.11739172379988028,0.0,0.17483422086211475,0.14067723457807582,0.21798514104162364,0.0,0.030998753364012522
3.44,-0.5706370701065473,-0.4398689033855768,-1.0145099146321566,0.1252708850640958,0.0,0.17513917969394777,0.14344014369124983,0.19435886846975883,0.0,0.027193987395983305
3.45,-0.5756219267503669,-0.4391499742597638,-1.0545279850169924,0.13184041466161892,0.0,0.1744246468818071,0.14520938863834026,0.1692588861075016,0.0,0.02316247759185664
3.46,-0.5804658015314326,-0.4389888517303435,-1.0881408481564334,0.13774371131389535,0.0,0.17358151400771096,0.14594810348347168,0.14764193164300957,0.0,0.019807257437583752
3.47,-0.5843531328578926,-0.43918411042041006,-1.114953356188674,0.14189594805802536,0.0,0.17179431226209094,0.14603850905269133,0.12537653862365877,0.0,0.016539503683917166
3.48,-0.5879831015018252,-0.4398058326913279,-1.1339605627970561,0.14542612791213963,0.0,0.1697531041813735,0.14559272591308337,0.10746501440326342,0.0,0.014094657411454228
3.49,-0.5908086879159011,-0.44089671102656997,-1.143469967730077,0.14793028585770096,0.0,0.16685324670172033,0.14454422226412988,0.08792892328084839,0.0,0.011343435483711403
3.5,-0.59326947592892,-0.44245870223496736,-1.146557865062595,0.14971460252376098,0.0,0.16356397991368904,0.1428359914976142,0.06866486561216312,0.0,0.00871773533856741
3.5100000000000002,-0.595069097835587,-0.4444581318095733,-1.1424494090738204,0.15047341114290436,0.0,0.1595114798994488,0.14041695847710534,0.04799700364528339,0.0,0.005943522881571841
3.52,-0.5964054307239116,-0.4468326939353872,-1.133029682911292,0.1503789188362701,0.0,0.15492417090341146,0.1372430558163238,0.027406446618639238,0.0,0.003276314983841642
3.5300000000000002,-0.5972148685281453,-0.44949782846601977,-1.1189445598584276,0.14940337428191508,0.0,0.1496790415540303,0.13327804129765292,0.006633416025751583,0.0,0.0006535265442752722
3.54,-0.5974714717979945,-0.45235125770119117,-1.1009217533073192,0.14757795883085761,0.0,0.14374370684929488,0.12849738467391178,-0.012659620646633894,0.0019138358973771275,0.0
3.5500000000000003,-0.5973265059047702,-0.45528033741114166,-1.0806495642568623,0.1451139464851822,0.0,0.137265961364219,0.12289383501714886,-0.0293220540432989,0.00425710114147017,0.0
3.56,-0.5965481050623633,-0.45816424677445117,-1.0576395939861118,0.14189541582671275,0.0,0.12993261745009252,0.11647307852703565,-0.04531270295264059,0.006633231893390272,0.0
3.5700000000000003,-0.5954845158766563,-0.4608818775178532,-1.034417220734779,0.13833603537707417,0.0,0.12218226902876798,0.10925680588674985,-0.058510653204411775,0.008641632442578165,0.0
3.58,-0.5937158364282126,-0.46331147333532074,-1.0093386331282186,0.13416922933932637,0.0,0.11340093240455851,0.10127595081642697,-0.07208667343624638,0.010836406661600007,0.0
3.59,-0.5917694043549985,-0.46533892160353246,-0.985708171094967,0.1299771217256445,0.0,0.1043379942464321,0.09257570848612875,-0.08263935707079285,0.012564920067206381,0.0
3.6,-0.5890551718067373,-0.46685514773396736,-0.9608300531050191,0.12534247298806542,0.0,0.09405868141144727,0.08320590534472219,-0.09487771879681409,0.014691701847822924,0.0
3.61,-0.5862616772509913,-0.46776493558039567,-0.9387917263871518,0.12098576927867102,0.0,0.08364316671596396,0.07322757307935814,-0.1041120867952546,0.016289652052552582,0.0
3.62,-0.5826466171091317,-0.46807733116887823,-0.9155115683837088,0.1163427642238816,0.0,0.07181589416951144,0.06269881658643547,-0.11654802233878897,0.01854612779051272,0.0
3.63,-0.5790315569672719,-0.4681036255774226,-0.8898226000296053,0.11231847101958473,0.0,0.05998862162305892,0.051681945829239184,-0.12620833315950655,0.020253586210431756,0.0
3.64,-0.5745706782465906,-0.4679018127005745,-0.8604493368788149,0.10810718187992335,0.0,0.046582600377506236,0.040241349301212835,-0.14050357407729627,0.022876443737233174,0.0
3.65,-0.5700995160173519,-0.4673696879691802,-0.8334782397271798,0.10406802534705463,0.0,0.03315738461889377,0.028443794104741044,-0.15302150895055666,0.025074449637522013,0.0
3.66,-0.5649078611303084,-0.4664004904411564,-0.8046301217944825,0.09956677992637313,0.0,0.018268829734183978,0.01634365832768581,-0.17031561085849606,0.028201291656880137,0.0
3.67,-0.5596253223199097,-0.46489822678417236,-0.7775955764608309,0.09526823487746887,0.0,0.0031956872627191997,0.003989569515517563,-0.18734311943447676,0.031174237944003126,0.0
3.68,-0.5537386716714797,-0.4627753303588948,-0.7498998234041684,0.09081134873892811,0.0,-0.013167383123319446,-0.008582335505398862,-0.209021958460725,0.03503257521209582,0.0
3.69,-0.5476894817861409,-0.45995737270324494,-0.7243638035018859,0.08667843644993925,0.0,-0.029877514907104517,-0.02134401153982419,-0.23167186296678943,0.03897786806131145,0.0
3.7,-0.5411436157812998,-0.45638263639966364,-0.6995023346238931,0.08265193213416747,0.0,-0.04753869948101083,-0.034277693023488834,-0.25784126962747705,0.04358346494213875,0.0
3.71,-0.5343725003272388,-0.45200560410546653,-0.6772207977079746,0.07904313354696592,0.0,-0.06563119957169375,-0.047373280728641845,-0.2854794119391885,0.04841064694041572,0.0
3.72,-0.527203199370962,-0.4467977158440543,-0.6569264222365236,0.07575575661282269,0.0,-0.08435098077099153,-0.060627494930587,-0.3152920989252563,0.05365058084812578,0.0
3.73,-0.5197548838543992,-0.4407492169551335,-0.6396173603176296,0.07293934870686578,0.0,-0.10351030726192348,-0.07404243716730932,-0.34647978985265776,0.05914492947980517,0.0
3.74,-0.5119979283516625,-0.43387049793445853,-0.6254411358399216,0.07059607976956013,0.0,-0.12303625156129333,-0.08762304678567255,-0.37857111460751924,0.0648307887419581,0.0
3.75,-0.5039171382788165,-0.42619185796443004,-0.6144438062411329,0.0687233565614671,0.0,-0.1429468625458266,-0.10137632150352374,-0.41153827174066077,0.07072238402260826,0.0
3.7600000000000002,-0.4956083086345943,-0.4177647918916,-0.6073182199538013,0.06740021776484006,0.0,-0.1630265364199526,-0.11530820058613117,-0.44432900448731344,0.07662138816277349,0.0
3.77,-0.4869397695116845,-0.40865928832739695,-0.6031170598719948,0.06648372200587052,0.0,-0.18337288999143933,-0.12942294692097228,-0.47722540549467773,0.08260818933580656,0.0
3.7800000000000002,-0.47811484613095284,-0.3989645556956559,-0.6028924486631952,0.06611139484209286,0.0,-0.2037538599150021,-0.1437206374341484,-0.5091918471843486,0.08846864238673433,0.0
3.79,-0.4689032834641985,-0.3887837371697585,-0.6047256775177263,0.06601587375036493,0.0,-0.22422041416679456,-0.1581962562155842,-0.5403726106879136,0.09424327136145169,0.0
3.8000000000000003,-0.4595980467519333,-0.37823387818572424,-0.6098966869088328,0.06637980693803056,0.0,-0.24465024661447468,-0.1728388879142231,-0.5703088709117732,0.09982148934476585,0.0
3.81,-0.4498881860475537,-0.3674383424716164,-0.6156332023218078,0.06683294140927479,0.0,-0.2649214596399251,-0.18762991389618283,-0.5985364724031661,0.10509697470230527,0.0
3.8200000000000003,-0.4401384164087291,-0.35652622513339016,-0.6233887876428342,0.0675956560531789,0.0,-0.2851477210864067,-0.2025448175125729,-0.6256900856851417,0.11018053824440725,0.0
3.83,-0.4299749831729434,-0.34562317793552194,-0.6297548804126792,0.0682222535749327,0.0,-0.30490805097886725,-0.2175497171889216,-0.6502040822203443,0.11471001198670891,0.0
3.84,-0.4198115499371578,-0.3348507469055855,-0.6363475604614597,0.06896456986501964,0.0,-0.32466838087132777,-0.23260638192642077,-0.6742377966228237,0.11912422149009062,0.0
3.85,-0.4092441807515635,-0.3243169287134332,-0.6395274692565307,0.06934685909931983,0.0,-0.3436122127516528,-0.24766649576328403,-0.6947307602535232,0.12272045320983281,0.0
3.86,-0.398671900490591,-0.31411547848780486,-0.6408458636349696,0.06961324807566366,0.0,-0.3625461176044758,-0.26267891683257355,-0.715236430705849,0.1262548431371293,0.0
3.87,-0.38777628469460734,-0.30431907960835625,-0.6374517642805495,0.06937984702766543,0.0,-0.38046596952631806,-0.2775840697102157,-0.7320606331896997,0.12887042470356014,0.0
3.88,-0.3768398829146673,-0.29497878695641055,-0.6304186936456541,0.06881104635824552,0.0,-0.3982579074328556,-0.2923212318315292,-0.7490582780495536,0.131406069327201,0.0
3.89,-0.36565180091327015,-0.28612016548421376,-0.6179632833539538,0.06765037399519244,0.0,-0.41490134587089567,-0.30682323469130773,-0.7624785082183603,0.1330006031263551,0.0
3.9,-0.3543960031205823,-0.27774410519045684,-0.6009708979674405,0.06601269423412504,0.0,-0.431235774924499,-0.32102302975646724,-0.7759725151381697,0.13445966590098857,0.0
3.91,-0.3429512353187472,-0.26982624181734277,-0.5786902423246199,0.06376424598147046,0.0,-0.4463965424843061,-0.3348499200159534,-0.7863930284084738,0.13506920354034002,0.0
3.92,-0.3314207670195296,-0.26231932853543827,-0.5519389748265586,0.06099366590352906,0.0,-0.4610250384194709,-0.3482344057003474,-0.7965715934207754,0.13546314067004736,0.0
3.93,-0.31975509382223183,-0.2551554757885629,-0.5208015826066283,0.05767694233659876,0.0,-0.47466225315573274,-0.36110811100603846,-0.8050040646561873,0.1352950406427994,0.0
3.94,-0.3079946805227043,-0.24824957128432806,-0.4860150716035829,0.053891023427404414,0.0,-0.487604862271517,-0.3734064599566963,-0.8131144187829294,0.1348929842080236,0.0
3.95,-0.2961438823349199,-0.2415032925262847,-0.44821931339145654,0.049700127833718945,0.0,-0.4997673138261391,-0.3850708681961899,-0.8208670071063002,0.13424342677059325,0.0
3.96,-0.28419824954130163,-0.23480889133831107,-0.4080267815652558,0.04517635086500872,0.0,-0.5111112000627431,-0.3960488641911543,-0.8282387701715224,0.13337045298259137,0.0
3.97,-0.2721981067680047,-0.22805399599092954,-0.3663841402719718,0.04044440830557292,0.0,-0.5218686195878874,-0.4062978966577644,-0.8364729318719358,0.13253636569910043,0.0
3.98,-0.260111979986515,-0.2211253099755745,-0.3237979606369395,0.03557376868616287,0.0,-0.531700946885512,-0.4157828392664158,-0.8441590332803545,0.13148586361756676,0.0
3.99,-0.24799827303268154,-0.21391357322552598,-0.28135866814172844,0.03071886034586994,0.0,-0.5411230655333379,-0.42448127957221865,-0.8537459635721991,0.13072004434198348,0.0
4.0,-0.23581637776953956,-0.20631705799784295,-0.23955499445425268,0.025947047439332998,0.0,-0.5495309978321831,-0.43237851964010676,-0.8624974754586038,0.12973068160596252,0.0
4.01,-0.22362488704014577,-0.19824630523981102,-0.19950252200907412,0.02141096826777336,0.0,-0.5576875467548505,-0.43947420566431183,-0.8739875373214131,0.12922253540577064,0.0
4.0200000000000005,-0.21139194880157008,-0.1896273980520548,-0.16176404955133886,0.017176359018449616,0.0,-0.5647582479951174,-0.44577493123443834,-0.8842161721930609,0.1284628462293736,0.0
4.03,-0.19915845470159055,-0.1804060132739998,-0.12732189775176278,0.013362938975354836,0.0,-0.5717189583447875,-0.45130203379443523,-0.8977855168612531,0.12832686948000144,0.0
4.04,-0.1869191989938018,-0.17055024390941342,-0.09683873747156198,0.010035978031003,0.0,-0.5775395924666755,-0.45608194559733495,-0.9095120376967153,0.12788768091529798,0.0
4.05,-0.17467994328601305,-0.16005320669719308,-0.07091890035478807,0.0072526360574082585,0.0,-0.5833602265885636,-0.4601547547870932,-0.9248366830568101,0.12814736483757186,0.0
4.0600000000000005,-0.16247999430558668,-0.14893491874623999,-0.05027512746739185,0.005080502211693731,0.0,-0.5880319263392187,-0.46356311584685084,-0.937735249016409,0.1280548986105374,0.0
4.07,-0.15028052321850285,-0.1372426213498739,-0.03488952387521541,0.0034942453340870636,0.0,-0.5926896572829286,-0.466359569580392,-0.9536274174824773,0.12858967961821702,0.0
4.08,-0.13816220805793425,-0.12505093395495157,-0.02531978112793251,0.0025513693919130692,0.0,-0.5963921447051074,-0.4685981715381263,-0.9674203872617665,0.12887262477775188,0.0
4.09,-0.12605413001626672,-0.11245940279724087,-0.020860477260675088,0.0021486704475841816,0.0,-0.59997413641084,-0.4703385443611481,-0.9830117424489282,0.12960250589463418,0.0
4.1,-0.11405982014674589,-0.09959034793343352,-0.0216958233332397,0.002313899758430096,0.0,-0.6027771426567026,-0.47163938019711277,-0.9966199006883965,0.13014246122600878,0.0
4.11,-0.10209612015890618,-0.08658384767805705,-0.026530302971204813,0.002884758499958581,0.0,-0.6053705590646583,-0.47256041682366473,-1.0108152275224518,0.13094714583825548,0.0
4.12,-0.09026820358716166,-0.0735933356476464,-0.03507206864024193,0.0038459945798299897,0.0,-0.607343815286365,-0.47315801010122205,-1.0230820956060367,0.13159682623688135,0.0
4.13,-0.07850186666156284,-0.060778856391652786,-0.04567637776340567,0.005005323986769339,0.0,-0.6090358203367439,-0.4734855569800974,-1.0348437951096965,0.13233966107060618,0.0
4.14,-0.06688273139432388,-0.04830196528820749,-0.05758822557633734,0.0063002474899354,0.0,-0.6102490576864552,-0.4736370781507624,-1.044304405127815,0.13294819485548323,0.0
4.15,-0.055366742539375416,-0.03631716312003686,-0.06915383019538529,0.007546351647280661,0.0,-0.611126815319458,-0.47372316253238667,-1.0507171044787227,0.13353039293635338,0.0
4.16,-0.04399877658337197,-0.024964183156388278,-0.07923758629801432,0.00863458418984808,0.0,-0.6116497649493343,-0.47378749447231544,-1.0547512989088645,0.1339443802657701,0.0
4.17,-0.032786120807488175,-0.014363750136871163,-0.086576064599512,0.009429878229591767,0.0,-0.6118004391051611,-0.4738445303955865,-1.0562805704649063,0.13407543996450383,0.0
4.18,-0.02171171216944745,-0.004611876444261629,-0.0898550428463698,0.00978760867647217,0.0,-0.6117028321673629,-0.47389822221470757,-1.0560044091608964,0.13399979719595023,0.0
4.19,-0.010855374481037837,0.004223479058314296,-0.08864809393867426,0.009666691163669106,0.0,-0.6112135867862144,-0.47394821700853695,-1.053115616592906,0.13357692152661435,0.0
4.2,-0.00011691116769110225,0.012106952588557575,-0.08158557680563838,0.008886833251331154,0.0,-0.6105651544329017,-0.47399320499346087,-1.048954467039602,0.13301271296672976,0.0
4.21,0.010330123424831429,0.01903509955469154,-0.06939739677541695,0.007538088054792719,0.0,-0.6095231534549783,-0.4740309969745596,-1.0422477305300921,0.13209692075202625,0.0
4.22,0.0206902534067556,0.02503869986009839,-0.05067270010436679,0.005401860722873599,0.0,-0.6083936268383116,-0.474059888857648,-1.0347381670310016,0.13110582195276013,0.0
4.23,0.030674999894980744,0.03017771930110105,-0.02741565416233692,0.002729733542292322,0.0,-0.6068860342038136,-0.4740777408015126,-1.0248544915809141,0.12978021925628008,0.0
4.24,0.04061440853875308,0.03453911791638689,0.001052567102773616,0.0,0.0007485227398782114,-0.6053451444759531,-0.47408311674448167,-1.0145416951577624,0.12843146597627417,0.0
4.25,0.05008388191426807,0.038219888143165126,0.02913295980774684,0.0,0.004600033780398042,-0.6034591241250813,-0.47407417788947637,-1.002119210508079,0.12678120570744292,0.0
4.26,0.05955335528978305,0.04133491173883676,0.06237030457494735,0.0,0.009164572928861362,-0.6015731037742094,-0.47404974347661927,-0.9895207690075876,0.12514083878252671,0.0
4.2700000000000005,0.06846139646755374,0.04401371413594349,0.09753048347582119,0.0,0.013856945445476958,-0.5993993183111418,-0.47400833866173275,-0.9752097463181919,0.12325343408210628,0.0
4.28,0.07736261172194707,0.04639999487645797,0.13651544285551434,0.0,0.019070732424181235,-0.5972220341840964,-0.4739490266974764,-0.9607608902908075,0.12137543580055199,0.0
4.29,0.08571217053969585,0.048641059694741993,0.1753334049638035,0.0,0.024201921899909266,-0.5948635118543563,-0.473870839261316,-0.9452710789199429,0.11934856485250322,0.0
4.3,0.09399214266455702,0.050884335483492235,0.21512619295651478,0.0,0.029550813975765325,-0.5924821278913376,-0.4737731161373952,-0.9296136095668828,0.11731589856001984,0.0
4.3100000000000005,0.10174083111555507,0.053267521582330016,0.2521509099154444,0.0,0.034569949584874644,-0.5900085998470852,-0.4736157373318214,-0.9139302295754148,0.11521615177287879,0.0
4.32,0.10934657510247109,0.05591367798827929,0.28711415546443,0.0,0.03947099137317925,-0.5875102799882941,-0.47333892571042135,-0.8991003078511458,0.11309143552220526,0.0
4.33,0.11645200517998827,0.05892270843030589,0.3170995882335389,0.0,0.04380671746601219,-0.5849914773816899,-0.4728896430018806,-0.8853511323818853,0.1109957605253082,0.0
4.34,0.12333053602054936,0.06236905682816009,0.3426443707781676,0.0,0.04770671955030821,-0.5824633855673259,-0.4722233416405065,-0.8729754067062199,0.10899477442173941,0.0
4.3500000000000005,0.12975031971785722,0.0662977464437447,0.3620741606057363,0.0,0.05087006149222306,-0.57996903955053,-0.4713056555700901,-0.8624311822068016,0.10717617363366984,0.0
4.36,0.13584865240365093,0.07072388031226987,0.375825642768955,0.0,0.053348274316432444,-0.5774983397207942,-0.4701131488530029,-0.853823907514824,0.10557260382528245,0.0
4.37,0.1415404017140188,0.07563298000635775,0.3835766321329048,0.0,0.0550214055758953,-0.5750981814459677,-0.46863437406508485,-0.8475289886862998,0.10425852253186653,0.0
4.38,0.14680555123663355,0.08098195353178511,0.38548764568404276,0.0,0.055854292936659625,-0.5727720375410604,-0.46687035247540165,-0.8436304668488169,0.10325988171911503,0.0
4.39,0.15172687815333366,0.08670314291520166,0.38247549847983187,0.0,0.05593164859897358,-0.5705357981603628,-0.4648344978905946,-0.8421998130857768,0.1026027313862187,0.0
4.4,0.1561058595043584,0.09270561420238105,0.3741317219113683,0.0,0.055111940656774626,-0.5684413741204843,-0.46255301069607874,-0.8434707668132166,0.10233428954746261,0.0
4.41,0.16021437602066105,0.09888187350044433,0.36244555114788307,0.0,0.05369803924472594,-0.5664387847860761,-0.46006320771190096,-0.8469759530217377,0.10239909522788408,0.0
4.42,0.16365420419168297,0.10510825097834083,0.3461603111225564,0.0,0.051413776531542874,-0.5646632445514272,-0.4574140681045267,-0.8532753750121265,0.10289592930857333,0.0
4.43,0.1669075223008592,0.11125347068811618,0.3282511791636526,0.0,0.04878712234132382,-0.5629640364154688,-0.4546625839728278,-0.861136736996293,0.10365732608858134,0.0
4.44,0.16935521228346784,0.11717724102197846,0.3064063637201554,0.0,0.04537459495696931,-0.5615945439262496,-0.45187481750828884,-0.8716478728804639,0.1048667443700003,0.0
4.45,0.17171094397878797,0.1227403550311296,0.2846295491340726,0.0,0.04193366082771808,-0.5602684481409015,-0.4491200457074737,-0.8826207398719677,0.10621720063434908,0.0
4.46,0.1731135107645712,0.12780097651233369,0.2594033715882281,0.0,0.03781994425076242,-0.5593921673373128,-0.4464728696939632,-0.8959090060968317,0.10801297640611429,0.0
4.47,0.17451607755035445,0.13222618137623887,0.23584824990141334,0.0,0.03401307580008565,-0.5585158865337241,-0.4440052736822969,-0.9082762474917365,0.10978926590303589,0.0
4.48,0.17483422086211478,0.13588413604650112,0.20931207323148507,0.0,0.029671190479172264,-0.5645345636821298,-0.4419070401002812,-0.9623512384196219,0.11768379306643119,0.0
4.49,0.17513917969394777,0.13865835480855693,0.18550437482862706,0.0,0.02587320338355448,-0.5706370701065473,-0.4404156303702317,-1.0165646426506723,0.12555795605858014,0.0
4.5,0.1744246468818071,0.14044499254736786,0.1601505385369218,0.0,0.021840915938825475,-0.5756219267503669,-0.43971146593084137,-1.0563803904670999,0.1321178806450141,0.0
4.51,0.17358151400771096,0.1412009726864318,0.13822100373737478,0.0,0.018478225474383266,-0.5804658015314326,-0.4395569551066272,-1.0900104287909955,0.13800429332447303,0.0
4.5200000000000005,0.17179431226209083,0.14130072846121047,0.11566328302228701,0.0,0.015191962746203857,-0.5843531328578928,-0.4397595480273872,-1.1167188210956775,0.14214322925328582,0.0
4.53,0.1697531041813735,0.14086641830686022,0.09752094786902002,0.0,0.01273765633337438,-0.5879831015018252,-0.4403906011254934,-1.1356114849972783,0.14566915417653686,0.0
4.54,0.16685324670172033,0.1398304446993514,0.07776720188379709,0.0,0.009980319465780856,-0.5908086879159011,-0.44149223890065464,-1.1450090598516407,0.1481664816419086,0.0
4.55,0.16356397991368904,0.13813469965697478,0.058265108028557784,0.0,0.007346490655917281,-0.59326947592892,-0.443065839243143,-1.1479866700858623,0.14994210378948702,0.0
4.5600000000000005,0.15951147989944855,0.13572695191174752,0.037337442488506255,0.0,0.0045630666317392245,-0.5950690978355871,-0.44507717062033997,-1.1437750092982633,0.15069086840475987,0.0
4.57,0.15492417090341146,0.13256196390225894,0.016475486427971642,0.0,0.0018865538131298447,-0.5964054307239116,-0.44746341990303873,-1.1342630968579372,0.15058551452256955,0.0
4.58,0.14967904155403067,0.12860359771730775,-0.004089456464173483,0.000744578999985434,0.0,-0.5972148685281453,-0.4501395655760798,-1.1200996011568638,0.14959880269710704,0.0
4.59,0.14374370684929488,0.12382914433697863,-0.02281043378819851,0.003317626325482986,0.0,-0.5974714717979945,-0.4530029393088023,-1.1020140398554394,0.14776237256188787,0.0
4.6000000000000005,0.13726596136421812,0.1182327253607021,-0.039251881912821425,0.005663980971780328,0.0,-0.5973265059047701,-0.45594062886820236,-1.0816940506821269,0.14528793102270263,0.0
4.61,0.12993261745009166,0.11182069097165778,-0.05508546948088469,0.008043056669525265,0.0,-0.5965481050623632,-0.4588316423970397,-1.0586507712359565,0.14205993221376872,0.0
4.62,0.12218226902876798,0.1046152267596166,-0.06814716239284321,0.010055249531857314,0.0,-0.5954845158766563,-0.461554771002841,-1.0354082367695827,0.13849228354696794,0.0
4.63,0.11340093240455851,0.09664765156999426,-0.08160698578658333,0.01225523212301411,0.0,-0.5937158364282126,-0.4639882229425987,-1.010322000426542,0.134318567872559,0.0
4.64,0.10433799424643271,0.0879634302173803,-0.0920656749278254,0.013990827307356887,0.0,-0.5917694043549987,-0.46601790921671277,-0.9866949028078771,0.13012100660612086,0.0
4.65,0.09405868141144665,0.07861252018808179,-0.10423772255410285,0.016126926726937846,0.0,-0.5890551718067372,-0.4675348335656506,-0.9618303900495362,0.12548239690607785,0.0
4.66,0.08364316671596325,0.06865594281939337,-0.11343305124135525,0.017736694150935532,0.0,-0.5862616772509911,-0.46844390530915425,-0.939814612753179,0.12112320907505071,0.0
4.67,0.07181589416951073,0.05815161099307278,-0.1258615596100537,0.02000761948620146,0.0,-0.5826466171091315,-0.4687555837926541,-0.916547795052414,0.11647912946830634,0.0
4.68,0.05998862162305822,0.04716153999967854,-0.13554043462154858,0.02173218099454477,0.0,-0.5790315569672718,-0.46878136551454846,-0.8908664180758956,0.1124555521707535,0.0
4.69,0.046582600377504634,0.03574971665006802,-0.14988547346468822,0.024374605940584108,0.0,-0.5745706782465901,-0.46857816983095163,-0.8615111896501847,0.10824454213149634,0.0
4.7,0.03315738461889377,0.023982347752896194,-0.16247692992474808,0.026594404537589555,0.0,-0.5700995160173519,-0.46804359741499374,-0.8345641863436501,0.10420510544792273,0.0
4.71,0.018268829734183978,0.011913132177126341,-0.17986909140077223,0.029744924204749886,0.0,-0.5649078611303084,-0.4670710595915067,-0.805744860914265,0.09970470045246693,0.0
4.72,0.0031956872627191997,-0.00041004604767609816,-0.19700877036331416,0.03274292795747272,0.0,-0.5596253223199097,-0.46556475198398817,-0.7787442496122613,0.09540797750149987,0.0
4.73,-0.01316738312332144,-0.012951832461407776,-0.21881145474412098,0.03662708442273973,0.0,-0.553738671671479,-0.46343731151672124,-0.7510867594755285,0.09095374180814884,0.0
4.74,-0.029877514907105517,-0.025684958761483814,-0.2415860268109497,0.04059828805902647,0.0,-0.5476894817861404,-0.4606145230181891,-0.7255925374641047,0.08682413926921302,0.0
4.75,-0.047538699481011915,-0.03859239732220471,-0.26787563107596296,0.04522916889257336,0.0,-0.5411436157812993,-0.4570348874329491,-0.7007754113949749,0.08280142058460957,0.0
4.76,-0.06563119957169482,-0.05166470772311485,-0.2956202299043889,0.05008029684742398,0.0,-0.5343725003272385,-0.4526531050102074,-0.6785397190602402,0.07919669093592645,0.0
4.7700000000000005,-0.08435098077099266,-0.06489915791158628,-0.32551972383493144,0.05534215449069613,0.0,-0.5272031993709616,-0.4474408261756942,-0.6582913360143674,0.07591346801506697,0.0
4.78,-0.10351030726192463,-0.07829825820502369,-0.3567684376514979,0.06085579206649457,0.0,-0.5197548838543987,-0.4413884926838908,-0.641027044658411,0.07310110081767716,0.0
4.79,-0.12303625156129333,-0.09186719805842625,-0.3888910140259867,0.06655779022055425,0.0,-0.5119979283516625,-0.4345066699975177,-0.6268926765157019,0.07076156652710522,0.0
4.8,-0.1429468625458266,-0.10561305742833715,-0.4218574793016849,0.0724619846995501,0.0,-0.5039171382788165,-0.42682580311891255,-0.6159324997971665,0.06889209069464211,0.0
4.8100000000000005,-0.16302653641995504,-0.11954168654473747,-0.45461422220216396,0.07836980291638296,0.0,-0.49560830863459326,-0.41839749681067806,-0.6088378488942598,0.06757154925473607,0.0
4.82,-0.18337288999143933,-0.13365710087481525,-0.4874469330915047,0.08436153969521654,0.0,-0.4869397695116845,-0.409291807892491,-0.6046598638116646,0.06665686395029594,0.0
4.83,-0.2037538599150021,-0.14795899385927663,-0.5193236326092278,0.09022311763229654,0.0,-0.47811484613095284,-0.39959796661437597,-0.6044494039988612,0.06628545533896105,0.0
4.84,-0.22422041416679456,-0.16244185777421083,-0.5503939139525479,0.09599527373984361,0.0,-0.4689032834641985,-0.38941908897758254,-0.606286977127323,0.06618989325904905,0.0
4.8500000000000005,-0.24465024661447587,-0.17709420920228575,-0.5802050128682962,0.10156776134131863,0.0,-0.45959804675193267,-0.37887214384642903,-0.6114521116349193,0.06655280043174495,0.0
4.86,-0.26492145963992625,-0.19189682046626844,-0.6082997362983785,0.10683470084859893,0.0,-0.4498881860475531,-0.36808037053447734,-0.6171725795999441,0.067003942920032,0.0
4.87,-0.2851477210864079,-0.2068245595413228,-0.6353188374411062,0.11190741835243874,0.0,-0.4401384164087285,-0.35717269607978414,-0.6249025204377961,0.06776376394209974,0.0
4.88,-0.3049080509788684,-0.22184295601855888,-0.6597036836292994,0.11642430068164712,0.0,-0.4299749831729428,-0.34627456703390336,-0.6312345526411778,0.06838667467192552,0.0
4.89,-0.3246683808713266,-0.23691324514699194,-0.6836178798127297,0.12082473816525216,0.0,-0.41981154993715836,-0.33550729561432996,-0.6377862303194395,0.06912466023095507,0.0
4.9,-0.34361221275165504,-0.251986655265621,-0.7040067247194977,0.12440655800296653,0.0,-0.4092441807515622,-0.3249786266920677,-0.6409203769572873,0.06950215867556513,0.0
4.91,-0.3625461176044758,-0.2670116845851244,-0.7244254413467452,0.1279263911774431,0.0,-0.398671900490591,-0.31478205754900723,-0.6421905026941624,0.06976350843158856,0.0
4.92,-0.38046596952631806,-0.28192850334827485,-0.7411834716033447,0.13052769309062445,0.0,-0.38777628469460734,-0.3049900204250781,-0.6387483092256141,0.06952504876924223,0.0
4.93,-0.3982579074328556,-0.29667624584819074,-0.7581353380734973,0.13304967377865665,0.0,-0.3768398829146673,-0.2956533384722541,-0.6316698385268226,0.06895140648896299,0.0
4.94,-0.4149013458708976,-0.3111877098107768,-0.7715317467594641,0.1346313988519965,0.0,-0.3656518009132688,-0.2867973764691174,-0.6191743010182778,0.06778634081892015,0.0
4.95,-0.4312357749245,-0.32539591763591086,-0.7850218922331459,0.1360786493022748,0.0,-0.3543960031205816,-0.27842286543119915,-0.6021489258121634,0.0661449313166323,0.0
4.96,-0.446396542484307,-0.3392303366610511,-0.7954581094627432,0.13667740908543616,0.0,-0.3429512353187465,-0.2705053313787245,-0.5798442463980832,0.06389360369369805,0.0
4.97,-0.4610250384194718,-0.3526217138428439,-0.8056694603520682,0.1370615471271884,0.0,-0.33142076701952894,-0.2629974715938547,-0.5530787909769894,0.06112114522639876,0.0
4.98,-0.4746622531557335,-0.365501985261561,-0.8141495587074921,0.13688448328917285,0.0,-0.31975509382223116,-0.2558313962983016,-0.5219376126709114,0.05780364966884634,0.0
4.99,-0.4876048622715178,-0.37780693478414146,-0.8223192300562698,0.13647407911199616,0.0,-0.30799468052270357,-0.2489220476157976,-0.4871576324981749,0.054018122004316944,0.0
5.0,-0.4997673138261391,-0.38947836589617074,-0.8301395382355606,0.13581650922641159,0.0,-0.2961438823349199,-0.24217120904469555,-0.4493783986883368,0.049828786599453535,0.0
5.01,-0.5111112000627431,-0.40046420238207536,-0.8375838221290822,0.13493553212057785,0.0,-0.28419824954130163,-0.23547128549350677,-0.40921179000835806,0.0453076946503782,0.0
5.0200000000000005,-0.5218686195878885,-0.4107222746402884,-0.8458910949883637,0.1340930968420787,0.0,-0.27219810676800327,-0.228710099688205,-0.36760371926282526,0.04057947051222944,0.0
5.03,-0.531700946885512,-0.42021780441969164,-0.8536477802677858,0.13303353876056165,0.0,-0.260111979986515,-0.22177458471816525,-0.3250598772958741,0.035713447964213475,0.0
5.04,-0.5411230655333379,-0.4289286732743411,-0.8632975533155168,0.1322576037171786,0.0,-0.24799827303268154,-0.21455573805878533,-0.2826697020956158,0.0308638825622602,0.0
5.05,-0.5495309978321831,-0.436840405941277,-0.8721020763924644,0.13125673967780208,0.0,-0.23581637776953956,-0.2069521099151463,-0.24092067723746255,0.02609793286690359,0.0
5.0600000000000005,-0.557687546754851,-0.44395278347867484,-0.883629829054793,0.13073543146757874,0.0,-0.22362488704014505,-0.19887453032750207,-0.20092686720626599,0.021568005543536,0.0
5.07,-0.5647582479951174,-0.4502724359505907,-0.893880639746922,0.1299607034260218,0.0,-0.21139194880157008,-0.19024937290660163,-0.16324913809387365,0.01733958508445359,0.0
5.08,-0.5717189583447878,-0.45582062899219333,-0.9074513438659179,0.12980767891129497,0.0,-0.1991584547015898,-0.18102259446407232,-0.1288675658715915,0.013532127998408746,0.0
5.09,-0.5775395924666759,-0.46062361307972655,-0.9191606167570601,0.12934938390526632,0.0,-0.18691919899380105,-0.17116254554656563,-0.0984421545068853,0.010210638004177876,0.0
5.1000000000000005,-0.5833602265885639,-0.46472118424243997,-0.9344451969239111,0.12958795884663196,0.0,-0.1746799432860123,-0.16066256414171975,-0.07257440669039686,0.0074320172835219776,0.0
5.11,-0.5880319263392191,-0.468155605197784,-0.947286271697652,0.12947252949712595,0.0,-0.16247999430558596,-0.149542840412657,-0.051974188988752515,0.005263615253266955,0.0
5.12,-0.5926896572829286,-0.4709789371304104,-0.9631014400297312,0.12998275289692093,0.0,-0.15028052321850285,-0.1378507281230137,-0.03662094530554016,0.003679893351100227,0.0
5.13,-0.5963921447051074,-0.4732446880132435,-0.9768047556054125,0.13023988864791175,0.0,-0.13816220805793425,-0.1256608901547871,-0.02707013910257547,0.0027381897916296163,0.0
5.14,-0.59997413641084,-0.4750118861599181,-0.9922944774618765,0.1309431423775578,0.0,-0.12605413001626672,-0.11307284050624167,-0.022614759363631328,0.0023351900321320618,0.0
5.15,-0.6027771426567027,-0.4763386097682631,-1.005796636392866,0.13145614298472222,0.0,-0.11405982014674518,-0.10020878968899696,-0.023438154446831973,0.0024985963537116577,0.0
5.16,-0.6053705590646583,-0.4772839906527347,-1.0198846907982748,0.13223408869340522,0.0,-0.10209612015890618,-0.08720863052760335,-0.028244771385759343,0.0030661305492042084,0.0
5.17,-0.607343815286365,-0.47790381451222547,-1.032049820428296,0.1328578048091877,0.0,-0.09026820358716096,-0.07422554114495894,-0.03674342092167697,0.004022631428449915,0.0
5.18,-0.609035820336744,-0.47825097023705443,-1.0437192602931105,0.133576008425022,0.0,-0.07850186666156214,-0.06141924948483065,-0.04729084313172295,0.005175976250546995,0.0
5.19,-0.6102490576864553,-0.4784114551159534,-1.0532311102245617,0.13416176979954017,0.0,-0.0668827313943225,-0.04895080437885006,-0.05913422250128809,0.006463891708671893,0.0
5.2,-0.611126815319458,-0.4785004857105146,-1.0596409052299671,0.13472123870302483,0.0,-0.055366742539375416,-0.03697451310817733,-0.07062229965714487,0.007702226706627633,0.0
5.21,-0.6116497649493343,-0.47856549345582955,-1.063651770439178,0.13512561096580897,0.0,-0.04399877658337197,-0.025629741594882294,-0.08062452404861052,0.008782468953126375,0.0
5.22,-0.6118004391051611,-0.47862233161513923,-1.065162220960035,0.13525193710042244,0.0,-0.032786120807488175,-0.015036765249695699,-0.08787914570766373,0.009569631303594242,0.0
5.23,-0.6117028321673629,-0.47867548031419843,-1.0648707748529616,0.13517341063381186,0.0,-0.02171171216944745,-0.005291163178926132,-0.09107554385845695,0.009919449225475576,0.0
5.24,-0.6112135867862145,-0.4787247899957008,-1.0619693737001759,0.1347483663768133,0.0,-0.010855374481038486,0.0035394853151138467,-0.08979144244028756,0.009791258786026213,0.0
5.25,-0.6105651544329017,-0.4787690308616712,-1.057796916641067,0.13418227401164345,0.0,-0.00011691116769110225,0.011420124617077502,-0.08266114721742802,0.009005169590590088,0.0
5.26,-0.6095231534549783,-0.47880604620130035,-1.0510805580375444,0.1332647161414281,0.0,0.010330123424831429,0.01834753635621253,-0.07041767646823166,0.007651587826432365,0.0
5.2700000000000005,-0.6083936268383116,-0.47883414533098306,-1.0435620365732066,0.13227190418410997,0.0,0.020690253406756197,0.02435263861685426,-0.051652345776210196,0.005512207435717079,0.0
5.28,-0.6068860342038136,-0.4788511941968315,-1.0336708301286213,0.13094461368813717,0.0,0.030674999894980744,0.029495444482253084,-0.028370554994061666,0.0028388254687320624,0.0
5.29,-0.605345144475953,-0.4788557596365173,-1.0233510688308658,0.12959418700382483,0.0,0.04061440853875365,0.03386330026038371,0.00024944639210396687,0.0,0.0006386523032665741
5.3,-0.6034591241250812,-0.47884600485432594,-1.0109226502959043,0.12794226306346448,0.0,0.05008388191426863,0.037553242283792004,0.02832209016293001,0.0,0.004487491666656725
5.3100000000000005,-0.6015731037742095,-0.47882074920162193,-0.9983187080834687,0.12630023933443307,0.0,0.059553355289782485,0.04067985364955201,0.06151560466279726,0.0,0.009046777338025572
5.32,-0.599399318311142,-0.47877851710914043,-0.9840030765697981,0.12441118273879888,0.0,0.06846139646755321,0.04337223833537045,0.09660987393805423,0.0,0.013731375960901232
5.33,-0.5972220341840964,-0.4787183711051565,-0.969550007500528,0.12253153765692662,0.0,0.07736261172194707,0.04577358900163552,0.13551110287317109,0.0,0.018935140806024514
5.34,-0.5948635118543563,-0.4786393421758487,-0.9540565043279076,0.12050302569812685,0.0,0.08571217053969585,0.04803064404721887,0.17423224279786453,0.0,0.024054435938565807
5.3500000000000005,-0.5924821278913376,-0.4785407697275449,-0.9383956644750389,0.11846872488899261,0.0,0.09399214266455702,0.05029023042105379,0.21392056570691467,0.0,0.029390017590123326
5.36,-0.5900085998470853,-0.4783805982154052,-0.9227386800484257,0.11636735075572799,0.0,0.10174083111555463,0.052689478073985815,0.25083950453088055,0.0,0.03439494110603037
5.37,-0.5875102799882939,-0.4780986765826401,-0.9079594425341105,0.11424020606696376,0.0,0.10934657510247155,0.055350851862028504,0.28570184947091287,0.0,0.03928142658881567
5.38,-0.5849914773816897,-0.4776423355329787,-0.8942781317570251,0.11214451396764409,0.0,0.11645200517998869,0.05837372224953285,0.3155967231616418,0.0,0.04360274970604078
5.39,-0.5824633855673261,-0.47696745763279136,-0.8819858838479183,0.11014565288455173,0.0,0.12333053602054894,0.06183209546178021,0.34106546686646155,0.0,0.0474890699477787
5.4,-0.5799690395505304,-0.47604015228609625,-0.8715365793341733,0.10833099210540512,0.0,0.1297503197178565,0.06577066174630952,0.3604365752056424,0.0,0.05063994433721716
5.41,-0.5774983397207946,-0.47483748347366306,-0.8630311015001718,0.10673279036621211,0.0,0.1358486524036502,0.07020429873063039,0.37414764623614155,0.0,0.05310731125908537
5.42,-0.5750981814459677,-0.4733485053562655,-0.8568400662130453,0.10542507466364387,0.0,0.1415404017140188,0.07511840759056677,0.3818760767571786,0.0,0.05477153006421671
5.43,-0.5727720375410604,-0.47157471932144746,-0.8530428097198416,0.10443334139893627,0.0,0.14680555123663355,0.08046987275612247,0.3837806644431646,0.0,0.05559765191768194
5.44,-0.5705357981603627,-0.4695299756628968,-0.851706185301423,0.10378318112327338,0.0,0.1517268781533339,0.08619109782689006,0.3807760023584713,0.0,0.055670505819566625
5.45,-0.5684413741204845,-0.46724084596468357,-0.8530592379905416,0.10352136955750593,0.0,0.15610585950435812,0.09219128127467235,0.3724506937094817,0.0,0.05484858778816117
5.46,-0.5664387847860761,-0.46474493480674217,-0.8566307044224283,0.1035920404185594,0.0,0.16021437602066105,0.09836311809419748,0.36079160724864523,0.0,0.05343471698913206
5.47,-0.5646632445514271,-0.46209141024373757,-0.8629768520350822,0.10409362741154467,0.0,0.16365420419168317,0.10458316904562615,0.3445390440534169,0.0,0.05115260985305342
5.48,-0.5629640364154687,-0.45933734397440334,-0.8708629109118976,0.10485839134444902,0.0,0.16690752230085934,0.11072041892291039,0.32666696171303833,0.0,0.048530067437169776
5.49,-0.5615945439262496,-0.45654876240318615,-0.8813745871887962,0.10606960743771268,0.0,0.16935521228346784,0.11663485477108052,0.3048607474028272,0.0,0.04512340223147649
5.5,-0.5602684481409016,-0.4537947921392206,-0.8923237671482693,0.10742020660590804,0.0,0.1717109439787879,0.12218755933306064,0.283124423068876,0.0,0.041689844890448184
5.51,-0.5593921673373128,-0.45114977501889514,-0.9055641252591091,0.1092144917769154,0.0,0.17311351076457113,0.12723698803856456,0.2579379466833809,0.0,0.037584770096313266
5.5200000000000005,-0.5585158865337241,-0.4486853408602419,-0.9178622440110665,0.11098778207968636,0.0,0.17451607755035436,0.13165050792838515,0.2344235272020371,0.0,0.033787544965962354
5.53,-0.5645345636821294,-0.44659077918542495,-0.9718203683341231,0.11887802997262821,0.0,0.17483422086211475,0.1352965783182135,0.2079262122154144,0.0,0.02945604328598938
5.54,-0.5706370701065473,-0.4451028820409069,-1.0258728572137576,0.1267469113412015,0.0,0.17513917969394777,0.13805899580715172,0.18415808423503272,0.0,0.025668917461596004
5.55,-0.5756219267503669,-0.4444009824928661,-1.0655022972271497,0.13330098686051267,0.0,0.1744246468818071,0.13983418237543943,0.15884210505817525,0.0,0.02164770194233487
5.5600000000000005,-0.5804658015314326,-0.4442470073242895,-1.098989031975164,0.13918125765580583,0.0,0.17358151400771096,0.1405812720879613,0.136951130594137,0.0,0.018296041256023028
5.57,-0.5843531328578926,-0.44444834805001654,-1.1256223867623054,0.14331600671832825,0.0,0.17179431226209094,0.1406771096758734,0.11443842185599545,0.0,0.015022692012961261
5.58,-0.5879831015018254,-0.44507601497806765,-1.1444530923181995,0.14683869427153065,0.0,0.16975310418137338,0.1402396442999049,0.09633121441950933,0.0,0.012575202440253898
5.59,-0.5908086879159012,-0.4461719556218109,-1.1538005296753322,0.14933453092919205,0.0,0.16685324670172014,0.13920138491094317,0.07658770648102005,0.0,0.009821828224472326
5.6000000000000005,-0.5932694759289199,-0.44773749297291254,-1.156745450866239,0.15111059721873804,0.0,0.16356397991368923,0.1375042559935268,0.05708820414011275,0.0,0.007191256556227266
5.61,-0.595069097835587,-0.4497384657763015,-1.1525222731072584,0.1518619154180266,0.0,0.15951147989944908,0.1350960135450481,0.03615657424541066,0.0,0.004410298617919612
5.62,-0.5964054307239115,-0.4521122557365142,-1.1430217169941777,0.15176128812893352,0.0,0.15492417090341173,0.13193136985167073,0.01528452326961713,0.0,0.0017354288242477601
5.63,-0.5972148685281453,-0.45477414848621744,-1.128892549925437,0.15078142526821722,0.0,0.14967904155403067,0.1279743585116188,-0.005197908385632579,0.0008948749979399494,0.0
5.64,-0.5974714717979945,-0.45762189233154826,-1.1108635916350218,0.1489537994035217,0.0,0.14374370684929488,0.123202432413576,-0.023888348009186537,0.003467736205604379,0.0
5.65,-0.5973265059047702,-0.460543085837203,-1.0906207287258745,0.14648985293337624,0.0,0.137265961364219,0.11760974142950618,-0.040315996243554926,0.005814859024076614,0.0
5.66,-0.5965481050623633,-0.46341731976382994,-1.0676728952571939,0.14327366897287408,0.0,0.12993261745009252,0.11120260260814797,-0.05614577247876795,0.008195777632268305,0.0
5.67,-0.5954845158766563,-0.46612402275698783,-1.0445419374370262,0.1397186975719502,0.0,0.12218226902876798,0.10400312346176101,-0.0692120231609448,0.010210912577275136,0.0
5.68,-0.5937158364282126,-0.4685420733839825,-1.019580494835256,0.13555799813428307,0.0,0.11340093240455851,0.09604250362126512,-0.08268453401404736,0.01241490938310465,0.0
5.69,-0.5917694043549984,-0.4705580677885479,-0.9960884208734552,0.1313732156976123,0.0,0.10433799424643149,0.08736605410923202,-0.09316273810402438,0.014155524772398885,0.0
5.7,-0.5890551718067372,-0.47206368447412866,-0.9713655386280892,0.12674653982936906,0.0,0.09405868141144665,0.07802354703315212,-0.10536103221729737,0.016297544913785433,0.0
5.71,-0.5862616772509915,-0.47296447687579496,-0.9494936698409104,0.12239781606848833,0.0,0.08364316671596467,0.0680757959106148,-0.11458732938184564,0.017913998292660424,0.0
5.72,-0.5826466171091319,-0.473273028780248,-0.9263353728403287,0.11776211303232094,0.0,0.07181589416951215,0.05758046843574515,-0.1270515179679494,0.02019220746167866,0.0
5.73,-0.5790315569672722,-0.47329838063977125,-0.9007198459100566,0.11374444379024848,0.0,0.05998862162305963,0.04659943277386479,-0.13676830398235867,0.02192445717820566,0.0
5.74,-0.5745706782465906,-0.4730980615097808,-0.8713765190552678,0.10953363527797749,0.0,0.046582600377506236,0.03519638305151544,-0.15115357451957245,0.024574751949294038,0.0
5.75,-0.5700995160173519,-0.4725701137431308,-0.8444343217078982,0.1054932138491602,0.0,0.03315738461889377,0.02343726609780249,-0.16378526031804666,0.02680251273226817,0.0
5.76,-0.5649078611303084,-0.4716077982093299,-0.8156254720229119,0.10098829964500662,0.0,0.018268829734183978,0.011375554416156574,-0.1812170974900928,0.02996076693779187,0.0
5.7700000000000005,-0.5596253223199097,-0.4701151384498662,-0.7886354485824048,0.09668367162734046,0.0,0.0031956872627191997,-0.000941070055257935,-0.19839306280540853,0.03296605829203014,0.0
5.78,-0.5537386716714797,-0.46800456020006664,-0.7609862078155313,0.09221826071555964,0.0,-0.013167383123319446,-0.013477425621256648,-0.22022788111328762,0.036856845558397196,0.0
5.79,-0.5476894817861404,-0.46520158308322146,-0.7354925708944052,0.08807435935037265,0.0,-0.029877514907105517,-0.02620637842510782,-0.24302818983333602,0.04083383714247772,0.0
5.8,-0.5411436157812993,-0.461644372617643,-0.7106649018629978,0.08403439644003904,0.0,-0.047538699481011915,-0.03911099163480174,-0.26933612584456795,0.045469500437221005,0.0
5.8100000000000005,-0.5343725003272393,-0.4572872093075942,-0.6884024313390684,0.08040970451576135,0.0,-0.06563119957169267,-0.052181866855364294,-0.2970903891243854,0.05032427848823441,0.0
5.82,-0.5272031993709625,-0.452101228651204,-0.6681080945542118,0.07710408949685002,0.0,-0.08435098077099039,-0.06541626322742265,-0.32699028229789895,0.055588565310917354,0.0
5.83,-0.5197548838543996,-0.4460762574965347,-0.6507759744352815,0.07426726615974359,0.0,-0.10351030726192234,-0.07881663147903237,-0.35822992539403414,0.06110336737636912,0.0
5.84,-0.5119979283516625,-0.43922214870782755,-0.636551334934113,0.07190166363276601,0.0,-0.12303625156129333,-0.09238805372552632,-0.3903343775866086,0.06680526773481962,0.0
5.8500000000000005,-0.5039171382788165,-0.4315685487972567,-0.6254798496544078,0.07000505251649838,0.0,-0.1429468625458266,-0.10613746033839479,-0.4232744544323277,0.07270815144573926,0.0
5.86,-0.4956083086345943,-0.4231661979108163,-0.6182557056735061,0.06865694559747201,0.0,-0.1630265364199526,-0.12007051695198556,-0.45599785540602583,0.07861353928021769,0.0
5.87,-0.4869397695116845,-0.414084252115334,-0.6139358861967196,0.06771498289687775,0.0,-0.18337288999143933,-0.13419102932344235,-0.4887920268341983,0.08460185879894792,0.0
5.88,-0.47811484613095284,-0.4044110407528046,-0.6135775024612082,0.06731736936681618,0.0,-0.2037538599150021,-0.1484984667092531,-0.520626992485945,0.09045919849758959,0.0
5.89,-0.4689032834641985,-0.3942488216667906,-0.6152700767420511,0.06719749616324773,0.0,-0.22422041416679456,-0.16298709381174004,-0.5516542816215753,0.09622648513055543,0.0
5.9,-0.45959804675193267,-0.383713792245775,-0.6203012738577071,0.06753881485600133,0.0,-0.24465024661447587,-0.1776452064675505,-0.5814231359993105,0.10179367603360001,0.0
5.91,-0.4498881860475531,-0.37292855255000623,-0.6259088608923528,0.06797188532051779,0.0,-0.26492145963992625,-0.19245337262396947,-0.6094780695956158,0.10705509957157412,0.0
5.92,-0.4401384164087297,-0.3620215626613341,-0.6335546613758662,0.06871787297498783,0.0,-0.2851477210864055,-0.20738627962653755,-0.6364612817268777,0.11212228448327201,0.0
5.93,-0.429974983172944,-0.3511180090509798,-0.6398392322047414,0.06933179325595838,0.0,-0.3049080509788661,-0.2224093065974418,-0.6608154375028591,0.11663380569197812,0.0
5.94,-0.41981154993715836,-0.34033917475206793,-0.646385028510665,0.07006608382812815,0.0,-0.3246683808713266,-0.23748357175731555,-0.6847046851477577,0.12102922092366107,0.0
5.95,-0.4092441807515635,-0.3297930191692361,-0.6495583866293614,0.07044544736877054,0.0,-0.3436122127516528,-0.25256022248215904,-0.7050751230653169,0.12460649686554,0.0
5.96,-0.398671900490591,-0.31957349651811523,-0.6509129097693909,0.07071427839185282,0.0,-0.3625461176044758,-0.26758771176182333,-0.7254817452876088,0.1281223745967799,0.0
5.97,-0.38777628469460734,-0.3097537228540472,-0.6475979631661872,0.07048874799768576,0.0,-0.38046596952631806,-0.28250619954099826,-0.7422342408692365,0.13072038577489759,0.0
5.98,-0.3768398829146673,-0.3003854032223144,-0.6406844422804904,0.06993309194584946,0.0,-0.3982579074328556,-0.2972548418943778,-0.7591864081832743,0.13323978507734296,0.0
5.99,-0.36565180091327015,-0.2914949420344968,-0.6283842993753772,0.06879046729202634,0.0,-0.41490134587089567,-0.31176648696487197,-0.7725886366713591,0.13481964984171388,0.0
6.0,-0.3543960031205816,-0.28308422132973193,-0.6115766758255892,0.06717516634650256,0.0,-0.4312357749245,-0.3259742323676304,-0.786089309462411,0.1362657440756387,0.0
6.01,-0.3429512353187465,-0.275129978995292,-0.5895031265951169,0.06495267927501594,0.0,-0.446396542484307,-0.33980764162854843,-0.79654033677959,0.13686400797413123,0.0
6.0200000000000005,-0.3314207670195303,-0.2675861366111192,-0.5629741686810691,0.062210751146609566,0.0,-0.46102503841947,-0.3531975748798167,-0.8067699497845905,0.13724824441553704,0.0
6.03,-0.31975509382223255,-0.26038599744387186,-0.5320677943686415,0.05892437441015291,0.0,-0.47466225315573196,-0.36607609357841725,-0.8152709547429465,0.13707178742863205,0.0
6.04,-0.30799468052270496,-0.25344562919660546,-0.4975154717531959,0.05516943790904198,0.0,-0.4876048622715162,-0.37837911485643655,-0.8234634221316379,0.13666239694132695,0.0
6.05,-0.2961438823349199,-0.24666784452732632,-0.4599525113840998,0.05100907580406245,0.0,-0.4997673138261391,-0.390048578721498,-0.8313075792502489,0.13600613453527247,0.0
6.0600000000000005,-0.28419824954130163,-0.23994595809147437,-0.41998740332182344,0.0465143080259911,0.0,-0.5111112000627431,-0.4010325446534825,-0.8387761532706839,0.13512663792993992,0.0
6.07,-0.2721981067680047,-0.23316856461728153,-0.3785631387668325,0.04180881296053267,0.0,-0.5218686195878874,-0.411288973395387,-0.8471072435210946,0.1342857322323433,0.0
6.08,-0.260111979986515,-0.22622321381349522,-0.3361818945957624,0.03696108455672728,0.0,-0.531700946885512,-0.42078320669404395,-0.8548864124213263,0.13322762878202804,0.0
6.09,-0.24799827303268154,-0.21900134638204788,-0.29392881740912224,0.03212466025571161,0.0,-0.5411230655333379,-0.4294932318480786,-0.8645566173721352,0.13245295373741092,0.0
6.1000000000000005,-0.23581637776953956,-0.21140176177889744,-0.25228597823095344,0.027366118038940936,0.0,-0.5495309978321831,-0.4374046611396106,-0.8733788497187457,0.13145304443974143,0.0
6.11,-0.22362488704014505,-0.20333532337782642,-0.2123610010813897,0.022837437231876125,0.0,-0.557687546754851,-0.4445173419858901,-0.8849208674714167,0.13093228761065737,0.0
6.12,-0.21139194880157153,-0.1947281993739545,-0.17470786493124357,0.018603846996138727,0.0,-0.5647582479951166,-0.45083794616571155,-0.895181824926731,0.1301576255412269,0.0
6.13,-0.19915845470159127,-0.1855258833234144,-0.14030005256826547,0.014784740842089741,0.0,-0.5717189583447871,-0.45638775486678423,-0.9087580229053688,0.13000411841842924,0.0
6.140000000000001,-0.18691919899380252,-0.17569599173695677,-0.10979233417579937,0.011445273906041177,0.0,-0.5775395924666752,-0.4611930071565904,-0.9204680507807165,0.12954475129389925,0.0
6.15,-0.17467994328601377,-0.165230857307885,-0.08378348116034379,0.008642732990224401,0.0,-0.5833602265885632,-0.46529346080127704,-0.935748105736267,0.12978164775435946,0.0
6.16,-0.16247999430558743,-0.15414940740538874,-0.0629838702512899,0.006445099847198193,0.0,-0.5880319263392185,-0.46873131568313775,-0.9485801442847454,0.12966394055979547,0.0
6.17,-0.15028052321850285,-0.1424975080921407,-0.04737756251299309,0.004827718208450309,0.0,-0.5926896572829286,-0.47155854740441966,-0.9643812785765078,0.13017131967468842,0.0
6.18,-0.13816220805793425,-0.13034815911336506,-0.03752837445336345,0.0038490493334981616,0.0,-0.5963921447051074,-0.47382856004963303,-0.978066921324344,0.13042509859744278,0.0
6.19,-0.12605413001626672,-0.11779910249818923,-0.032741540878808054,0.003407113804169401,0.0,-0.59997413641084,-0.4756002638226744,-0.9935354371580319,0.13112455983781174,0.0
6.2,-0.11405982014674518,-0.10497074574394996,-0.03321509565256175,0.0035311187195280255,0.0,-0.6027771426567027,-0.4769316104263028,-1.0070144593064188,0.13163342468351005,0.0
6.21,-0.10209612015890618,-0.092001233026838,-0.03767016581909858,0.004060399306394097,0.0,-0.6053705590646583,-0.47788160106268524,-1.0210777404675313,0.13240699878385379,0.0
6.22,-0.09026820358716096,-0.07904213330503525,-0.045832126236333974,0.004981446821601919,0.0,-0.607343815286365,-0.47850589253678677,-1.0332181257989936,0.1330262213810941,0.0
6.23,-0.07850186666156354,-0.0662517848926134,-0.056074131572087606,0.006103750195584692,0.0,-0.6090358203367437,-0.478857251358362,-1.0448635535514736,0.13373992929642828,0.0
6.24,-0.06688273139432388,-0.05379010698695142,-0.0676584077809393,0.007366529894099376,0.0,-0.6102490576864552,-0.479019775032707,-1.05438383310644,0.1343213103676481,0.0
6.25,-0.05536674253937679,-0.0418107051263398,-0.07894639515693234,0.008586931742277546,0.0,-0.6111268153194579,-0.47910958569503853,-1.0607929326827292,0.13487606519000445,0.0
6.26,-0.04399877658337197,-0.03045259767543341,-0.0888176974715076,0.009657530866222147,0.0,-0.6116497649493343,-0.479174901359599,-1.0647990131195022,0.1352784754161469,0.0
6.2700000000000005,-0.032786120807488175,-0.019836107649758305,-0.09601595989906382,0.010444003388590167,0.0,-0.6118004391051611,-0.47923186617788305,-1.0663056945943397,0.13540385930783116,0.0
6.28,-0.02171171216944745,-0.010057274142480883,-0.09923194649059323,0.010802453337690912,0.0,-0.6117028321673629,-0.47928506792298703,-1.066011409401293,0.13532477421923994,0.0
6.29,-0.010855374481038486,-0.0011845299662340573,-0.09804064852707554,0.010692219766677873,0.0,-0.6112135867862145,-0.47933439614751416,-1.0631076174908354,0.1348993190381969,0.0
6.3,-0.00011691116769110225,0.0067458668736000565,-0.0910691317139388,0.009933034772275065,0.0,-0.6105651544329017,-0.47937863444873796,-1.0589331727575302,0.1343328760631548,0.0
6.3100000000000005,0.010330123424831429,0.013729206270705046,-0.07904100300439786,0.008614562092593155,0.0,-0.6095231534549783,-0.4794156299447039,-1.0522150687109162,0.1334149963045583,0.0
6.32,0.020690253406756197,0.019794697685238893,-0.060535104216681686,0.006517429957886336,0.0,-0.6083936268383116,-0.4794436924113838,-1.0446950939672925,0.1324218805053926,0.0
6.33,0.03067499989497955,0.025000497552597402,-0.03754675589280477,0.003892098034431614,0.0,-0.6068860342038138,-0.47946068741471626,-1.0348027287185073,0.1310943013576911,0.0
6.34,0.04061440853875252,0.029434503473938136,-0.008411225502136035,0.00046693444509971795,0.0,-0.6053451444759532,-0.47946518404735594,-1.024481876545811,0.12974360109606875,0.0
6.3500000000000005,0.050083881914267506,0.03319447551885164,0.019893353073437568,0.0,0.0033281220936431993,-0.6034591241250814,-0.47945535428171027,-1.0120525237613507,0.1280914212967327,0.0
6.36,0.059553355289782485,0.03639329928567429,0.0526600004837905,0.0,0.007830498533157896,-0.6015731037742095,-0.47943002059931944,-0.9994475941750407,0.1264491561428345,0.0
6.37,0.06846139646755321,0.03915727950613883,0.08723987418221514,0.0,0.012453789302398953,-0.599399318311142,-0.47938770199005754,-0.985131383554911,0.12455986141405329,0.0
6.38,0.07736261172194707,0.04162678366309203,0.12562629895499858,0.0,0.017593895626230642,-0.5972220341840964,-0.47932745407162536,-0.9706777845788362,0.12267997931000238,0.0
6.390000000000001,0.08571217053969585,0.043945944755998945,0.16386946739881478,0.0,0.022649798664973787,-0.5948635118543563,-0.47924830358748055,-0.9551840527816376,0.12065123763958195,0.0
6.4,0.09399214266455702,0.04625935287843308,0.2031475852700473,0.0,0.027924864711310837,-0.5924821278913376,-0.4791495887680812,-0.9395231058569765,0.11861672145649543,0.0
6.41,0.10174083111555463,0.048702394342025404,0.23974788127278102,0.0,0.032874569361973166,-0.5900085998470853,-0.47898904921494934,-0.9238693903389877,0.11651515028731348,0.0
6.42,0.10934657510247155,0.05139635354512082,0.27440037896913216,0.0,0.03771322694633544,-0.5875102799882939,-0.47870648166618895,-0.9090965373742204,0.11438773857709224,0.0
6.43,0.11645200517998869,0.05444002575803569,0.30419950232262505,0.0,0.04199575811954113,-0.5849914773816897,-0.4782492481127739,-0.8954239730085821,0.11229205221220227,0.0
6.44,0.12333053602054894,0.05790743979229166,0.3296846200541027,0.0,0.04585345667527222,-0.5824633855673261,-0.47757327458606375,-0.8831425802742034,0.11029345369936028,0.0
6.45,0.1297503197178565,0.061843852774104896,0.34917144311128595,0.0,0.048986457192209405,-0.5799690395505304,-0.4766447244782929,-0.8727055844955759,0.10847928524765645,0.0
6.46,0.1358486524036502,0.06626516778890842,0.36308068651567915,0.0,0.05144671961604027,-0.5774983397207946,-0.47544072390421355,-0.8642134304780813,0.1068817670189965,0.0
6.47,0.1415404017140188,0.0711581633617359,0.3710678844751863,0.0,0.05311412117312269,-0.5750981814459677,-0.4739503941380053,-0.8580360470882725,0.10557487764594718,0.0
6.48,0.14680555123663355,0.07648133659216848,0.37326921016377057,0.0,0.053952801407475784,-0.5727720375410604,-0.47217530492242,-0.8542521462760897,0.10458405720344488,0.0
6.49,0.1517268781533339,0.08216882910879945,0.37057917649679123,0.0,0.054046347945192044,-0.5705357981603627,-0.4701293717634172,-0.8529278456264531,0.10393483498565577,0.0
6.5,0.15610585950435812,0.08813159685607841,0.3625654927700006,0.0,0.053251794872044025,-0.5684413741204845,-0.4678392247708806,-0.8542916632780345,0.10367392368322323,0.0
6.51,0.16021437602066105,0.09426403212925794,0.3512033393776983,0.0,0.05187037477985068,-0.5664387847860761,-0.46534251628960976,-0.857871724432361,0.10374539679013153,0.0
6.5200000000000005,0.16365420419168317,0.1004442569417184,0.33521648980021684,0.0,0.0496242016869705,-0.5646632445514271,-0.46268844851233676,-0.8642237099737737,0.10424763311610732,0.0
6.53,0.16690752230085934,0.1065426414035247,0.31757693406711623,0.0,0.04703951544484744,-0.5629640364154687,-0.45993411064329087,-0.8721125295617603,0.10501284839053678,0.0
6.54,0.16935521228346753,0.11242033548395156,0.29595683605323425,0.0,0.04367120141561264,-0.5615945439262499,-0.4571455291177729,-0.8826234826371858,0.10622428465158193,0.0
6.55,0.1717109439787879,0.11793935622021855,0.2743663026523378,0.0,0.04027520473201103,-0.5602684481409016,-0.45439181197489403,-0.8935685588124507,0.10757485508247674,0.0
6.5600000000000005,0.17311351076457113,0.12295883831621411,0.24927308454708097,0.0,0.036205835088277155,-0.5593921673373128,-0.4517472654869936,-0.906801286454724,0.10936886045422337,0.0
6.57,0.17451607755035436,0.12734658980511163,0.22581115734304358,0.0,0.03244157820641998,-0.5585158865337241,-0.4492834675799078,-0.9190887790115774,0.11114163528198032,0.0
6.58,0.17483422086211475,0.13097125264597448,0.19931277621387036,0.0,0.028139683977399507,-0.5645345636821294,-0.44718963537507594,-0.97302966776197,0.11903116262862162,0.0
6.59,0.17513917969394777,0.1337165826360204,0.17550409664769318,0.0,0.024378365950732277,-0.5706370701065473,-0.44570246224081705,-1.0270590518497562,0.1268991599431567,0.0
6.6000000000000005,0.1744246468818071,0.13547874475579066,0.1500992167802447,0.0,0.020378989200237514,-0.5756219267503669,-0.4450010813932718,-1.0666621582187616,0.13345225133945685,0.0
6.61,0.17358151400771096,0.13621777809697375,0.1280850844455118,0.0,0.01704520508257764,-0.5804658015314326,-0.4448472785315067,-1.1001312732602062,0.13933143418771848,0.0
6.62,0.17179431226209094,0.13631103789943497,0.10547888512506393,0.0,0.013787467046527217,-0.5843531328578926,-0.4450485304186618,-1.1267546804076687,0.14346545870685337,0.0
6.63,0.16975310418137338,0.13587357409855821,0.08729948762754583,0.0,0.01134847698222363,-0.5879831015018254,-0.4456758403383767,-1.1455766058851493,0.14698765562068594,0.0
6.640000000000001,0.16685324670172014,0.13483742318291084,0.06743937220550182,0.0,0.008599775459976925,-0.5908086879159012,-0.4467711243890845,-1.154917131028351,0.14948323541021302,0.0
6.65,0.16356397991368923,0.13314389502830037,0.047795820550570044,0.0,0.005971459615684486,-0.5932694759289199,-0.44833569053039884,-1.1578576586924236,0.15125928699030705,0.0
6.66,0.15951147989944908,0.13074002413033897,0.026694576102344828,0.0,0.0031907689472019905,-0.595069097835587,-0.45033538114772226,-1.1536329675772934,0.15201086358059462,0.0
6.67,0.15492417090341173,0.12757972799015208,0.0056349496001107165,0.0,0.0005147242206669255,-0.5964054307239115,-0.4527075996282122,-1.144134049662289,0.15191078356643004,0.0
6.68,0.14967904155403067,0.12362832402788154,-0.014227590721025972,0.002117544050512114,0.0,-0.5972148685281453,-0.4553676334718771,-1.1300102837859662,0.15093175518320937,0.0
6.69,0.14374370684929488,0.11886469972190446,-0.03268679824923157,0.004691368817370781,0.0,-0.5974714717979945,-0.45821328010431567,-1.1119899397211543,0.14910521787242986,0.0
6.7,0.137265961364219,0.11328358770765289,-0.0489706089257707,0.007040885903043886,0.0,-0.5973265059047702,-0.4611322241260704,-1.0917581036544108,0.14664264360887486,0.0
6.71,0.12993261745009252,0.10689163040038573,-0.06469074300616695,0.009426675733627918,0.0,-0.5965481050623633,-0.46400415097823433,-1.0688236875337962,0.1434280598816289,0.0
6.72,0.12218226902876798,0.09971110249686453,-0.07767485326698698,0.011449651568903901,0.0,-0.5954845158766563,-0.46670858630994033,-1.0457079926535895,0.13987483769789855,0.0
6.73,0.11340093240455851,0.09177321368461736,-0.09109559014775667,0.013664761820224414,0.0,-0.5937158364282126,-0.4691245066785814,-1.0207634174273066,0.13571595044905643,0.0
6.74,0.10433799424643149,0.08312313021748187,-0.10155165944107394,0.015419933754802523,0.0,-0.5917694043549984,-0.47113860479663566,-0.9972893226098255,0.1315329558194286,0.0
6.75,0.09405868141144788,0.07381031737353312,-0.11376081171298887,0.017579978423867194,0.0,-0.5890551718067375,-0.4726426528090631,-0.9725851393275233,0.12690795409883715,0.0
6.76,0.08364316671596467,0.06389513644629062,-0.12302641503261191,0.01921781410409112,0.0,-0.5862616772509915,-0.47354229090103445,-0.9507319487999458,0.12256070321117131,0.0
6.7700000000000005,0.07181589416951215,0.053434650172075215,-0.1355612349494369,0.021520496915250334,0.0,-0.5826466171091319,-0.47385041284793744,-0.9275871388808034,0.11792618532495641,0.0
6.78,0.05998862162305963,0.04249002155512512,-0.1453702852745264,0.02327992471841393,0.0,-0.5790315569672722,-0.4738757118094253,-0.9019799011459403,0.11390937138216058,0.0
6.79,0.046582600377506236,0.031124142905614965,-0.15987374373634333,0.025959548638627022,0.0,-0.5745706782465906,-0.47367578691215556,-0.8726378332767233,0.10969860984990637,0.0
6.8,0.03315738461889377,0.01940209616564471,-0.17263849096591594,0.02821817287156177,0.0,-0.5700995160173519,-0.4731487359227363,-0.8456958328515879,0.10565806430824341,0.0
6.8100000000000005,0.018268829734183978,0.0073764373152215325,-0.19021809426826927,0.031408095036626754,0.0,-0.5649078611303084,-0.47218779724575183,-0.8168878156564521,0.10115255133219478,0.0
6.82,0.0031956872627191997,-0.004906067742244206,-0.2075438968423876,0.034445083756385664,0.0,-0.5596253223199097,-0.47069696702200886,-0.7898985474224937,0.09684686885698425,0.0
6.83,-0.013167383123319446,-0.017411120126177376,-0.22952743650290466,0.03836675558598994,0.0,-0.5537386716714797,-0.46858863786737304,-0.7622497742688722,0.09237996614261523,0.0
6.84,-0.029877514907105517,-0.030112386645199885,-0.252463473101132,0.04237298420276698,0.0,-0.5476894817861404,-0.465788288105029,-0.7367555879368988,0.08823415967152608,0.0
6.8500000000000005,-0.047538699481011915,-0.04299361447428723,-0.2788886513690795,0.047035418449900224,0.0,-0.5411436157812993,-0.462234032562336,-0.7119259445956149,0.08419190624660788,0.0
6.86,-0.06563119957169267,-0.05604593527117859,-0.30673280794285657,0.0519137602504777,0.0,-0.5343725003272393,-0.4578800901915696,-0.6896595173856892,0.08056457440397298,0.0
6.87,-0.08435098077099039,-0.06926695833746101,-0.3366902485769923,0.057197760590027305,0.0,-0.5272031993709625,-0.45269752333789254,-0.6693588582308377,0.07725601399121906,0.0
6.88,-0.10351030726192234,-0.08265928643463365,-0.36795064064658123,0.0627279233315894,0.0,-0.5197548838543996,-0.4466760738674073,-0.6520177317909794,0.07441599387871134,0.0
6.890000000000001,-0.12303625156129333,-0.09622794846698689,-0.400037327384366,0.06844049010375369,0.0,-0.5119979283516625,-0.4398254986577177,-0.6377813797883904,0.07204700775268753,0.0
6.9,-0.1429468625458266,-0.10997962099639157,-0.4329210691044067,0.0743491855732835,0.0,-0.5039171382788165,-0.4321753392729121,-0.6266956899385395,0.070146901937209,0.0
6.91,-0.1630265364199526,-0.12391952788137478,-0.4655522328992235,0.08025555762320843,0.0,-0.4956083086345943,-0.4237762248231801,-0.6194552790374329,0.0687952753484864,0.0
6.92,-0.18337288999143933,-0.1380508759159313,-0.4982240313261236,0.08624024621989966,0.0,-0.4869397695116845,-0.4146971982937817,-0.615117800484965,0.06784986277548152,0.0
6.93,-0.2037538599150021,-0.15237241407671528,-0.5299130468624176,0.09208972824711156,0.0,-0.47811484613095284,-0.4050264789112421,-0.6147413651870398,0.06744897014325699,0.0
6.94,-0.22422041416679456,-0.16687760652766595,-0.5607784603786735,0.09784546518823395,0.0,-0.4689032834641985,-0.39486622240041624,-0.6164164306601366,0.0673260922192793,0.0
6.95,-0.24465024661447587,-0.1815539113460382,-0.5903775723753512,0.10339806383221682,0.0,-0.45959804675193267,-0.38433253730782846,-0.621431783543522,0.06766478197313548,0.0
6.96,-0.26492145963992386,-0.19638106491171908,-0.618263252190937,0.10864257925185213,0.0,-0.44988818604755426,-0.37354795342558367,-0.6270263657628478,0.06809569415357347,0.0
6.97,-0.2851477210864055,-0.2113329686424078,-0.6450845916235247,0.11369130512751019,0.0,-0.4401384164087297,-0.3626408836286799,-0.6346629517413471,0.06884007766729881,0.0
6.98,-0.3049080509788661,-0.22637429640446333,-0.6692915337705067,0.11818357819373354,0.0,-0.429974983172944,-0.3517364937059959,-0.6409429659264918,0.06945301483035762,0.0
6.99,-0.3246683808713266,-0.2414655689159717,-0.6930521337332846,0.12255968075114446,0.0,-0.41981154993715836,-0.3409560745910209,-0.6474893512844346,0.0701869896609661,0.0
7.0,-0.3436122127516528,-0.2565574646054605,-0.7133178583570909,0.12611823041331305,0.0,-0.4092441807515635,-0.33040762321182576,-0.6506688998228944,0.07056672696516234,0.0
7.01,-0.3625461176044758,-0.2715981082484648,-0.733644365526928,0.12961652568744353,0.0,-0.398671900490591,-0.3201851597645503,-0.652034985017414,0.07083661774089862,0.0
7.0200000000000005,-0.38046596952631806,-0.28652747648471727,-0.7503438935122324,0.1321985358070322,0.0,-0.38777628469460734,-0.31036189208187576,-0.6487366403491832,0.07061280184574598,0.0
7.03,-0.3982579074328556,-0.30128468512661705,-0.7672685392244027,0.13470382860513602,0.0,-0.3768398829146673,-0.3009896387744959,-0.641844050207638,0.07005945787575105,0.0
7.04,-0.41490134587089567,-0.31580267632732273,-0.7806689057622421,0.13627165899376348,0.0,-0.36565180091327015,-0.29209493453275104,-0.6295682821039861,0.06891966146464078,0.0
7.05,-0.4312357749245,-0.3300147648690023,-0.7941905282550225,0.1377078407780988,0.0,-0.3543960031205816,-0.2836798025414631,-0.6127874308315565,0.06730760330761086,0.0
7.0600000000000005,-0.446396542484307,-0.3438508366538044,-0.8046834795888655,0.13829823825519297,0.0,-0.3429512353187465,-0.27572112643499497,-0.5907419034612835,0.06508865592119907,0.0
7.07,-0.46102503841947,-0.3572421620301484,-0.8149726359371693,0.13867646664993302,0.0,-0.3314207670195303,-0.268172972476922,-0.5642413020079485,0.062350436333545464,0.0
7.08,-0.47466225315573196,-0.37012127902964065,-0.8235479197662029,0.13849557388305445,0.0,-0.31975509382223255,-0.2609687827621628,-0.5333628300886107,0.05906780430355355,0.0
7.09,-0.4876048622715162,-0.3824246262794362,-0.8318255813416202,0.13808295288267136,0.0,-0.30799468052270496,-0.25402475399070285,-0.4988373397455398,0.05531651668750835,0.0
7.1000000000000005,-0.4997673138261391,-0.39409468649783724,-0.8397619718367734,0.13742423508681245,0.0,-0.2961438823349199,-0.2472438149530907,-0.4612996962749241,0.05115958059786167,0.0
7.11,-0.5111112000627431,-0.405080060422514,-0.8473260897502276,0.13654258507824496,0.0,-0.28419824954130163,-0.2405193815360775,-0.4213581030770107,0.04666789767930404,0.0
7.12,-0.5218686195878874,-0.4153392251263542,-0.8557513991111689,0.13569933352350338,0.0,-0.2721981067680047,-0.23374013282971529,-0.37995518422052177,0.04196503956698633,0.0
7.13,-0.531700946885512,-0.4248379915055458,-0.8636199657822355,0.1346381952479681,0.0,-0.260111979986515,-0.22679368442644035,-0.33759275001899985,0.03711940653475895,0.0
7.140000000000001,-0.5411230655333379,-0.43355474830700547,-0.873369918932083,0.13385932142464183,0.0,-0.24799827303268154,-0.2195715225571974,-0.2953555088499734,0.03228445750250071,0.0
7.15,-0.5495309978321831,-0.4414754222440924,-0.8822593571890159,0.13285361341942808,0.0,-0.23581637776953956,-0.2119724700294966,-0.2537249183031725,0.02752670815770597,0.0
7.16,-0.557687546754851,-0.44860007136130453,-0.8938509453783017,0.13232508334623913,0.0,-0.22362488704014505,-0.20390738867657277,-0.21380786463413548,0.02299809376879172,0.0
7.17,-0.5647582479951166,-0.45493546233113746,-0.9041429485784876,0.13154037329772525,0.0,-0.21139194880157153,-0.1953024182209686,-0.1761575225107073,0.01876381876348305,0.0
7.18,-0.5717189583447871,-0.4605028456317142,-0.9177267233699274,0.13137434046065466,0.0,-0.19915845470159127,-0.18610299420370607,-0.14174662964479118,0.014943274538981243,0.0
7.19,-0.5775395924666752,-0.4653283024146979,-0.9294227680987578,0.13089986592248662,0.0,-0.18691919899380252,-0.17627664489759018,-0.11122935283554995,0.011601637789002384,0.0
7.2,-0.5833602265885632,-0.46945130541890334,-0.9446633283639433,0.131119090110036,0.0,-0.17467994328601377,-0.16581558376748484,-0.08520413278403302,0.008796244251405958,0.0
7.21,-0.5880319263392185,-0.4729136534735822,-0.9574355402441727,0.13098127107770316,0.0,-0.16247999430558743,-0.15473859051358144,-0.06438142366319566,0.006595151499429214,0.0
7.22,-0.5926896572829286,-0.47576681775833535,-0.9731547358882702,0.13146634998188647,0.0,-0.15028052321850285,-0.14309135810158086,-0.04874582401180436,0.00497380854584112,0.0
7.23,-0.5963921447051074,-0.47806361583500195,-0.9867432623928178,0.13169598995661444,0.0,-0.13816220805793425,-0.1309466941663445,-0.03886210619692154,0.0039908076535230316,0.0
7.24,-0.59997413641084,-0.47986231251241784,-1.002100686613398,0.1323699281583664,0.0,-0.12605413001626672,-0.11840213668588045,-0.03403693485202864,0.003544325239630176,0.0
7.25,-0.6027771426567027,-0.48122018389855903,-1.0154623025316032,0.13285241078554144,0.0,-0.11405982014674518,-0.10557788662000621,-0.03447003282895124,0.003663741967043532,0.0
7.26,-0.6053705590646583,-0.48219555536358044,-1.0294055904114132,0.13359933149237763,0.0,-0.10209612015890618,-0.09261188842200752,-0.03888445097860782,0.004188579228929255,0.0
7.2700000000000005,-0.607343815286365,-0.48284343813269376,-1.0414305941702011,0.1341922435912142,0.0,-0.09026820358716096,-0.07965552815348785,-0.04700747474431999,0.005105517385386317,0.0
7.28,-0.6090358203367437,-0.48321601168342365,-1.052969542544767,0.13488060505914692,0.0,-0.07850186666156354,-0.06686698675063484,-0.05721412084097272,0.006224229708045918,0.0
7.29,-0.6102490576864552,-0.4833883613696745,-1.0625451260599894,0.1354381973727914,0.0,-0.06688273139432388,-0.054405902305390705,-0.06876837962326555,0.007484106311375919,0.0
7.3,-0.6111268153194579,-0.48348150218392005,-1.06895479251668,0.1359686698520914,0.0,-0.05536674253937679,-0.0424260211230182,-0.08003280231256837,0.008702416520420303,0.0
7.3100000000000005,-0.6116497649493343,-0.4835476978124287,-1.0729383556067016,0.13636095917354132,0.0,-0.04399877658337197,-0.031066375691746848,-0.08988998717346322,0.009772087997801458,0.0
7.32,-0.6118004391051611,-0.48360459945658085,-1.0744270202724295,0.13648149091170353,0.0,-0.032786120807488175,-0.0204472562113522,-0.09708196986894001,0.010558568318852731,0.0
7.33,-0.6117028321673629,-0.4836573642180367,-1.0741183594515746,0.13639954968548892,0.0,-0.02171171216944745,-0.010664707279196828,-0.100299246260009,0.01091798084947188,0.0
7.34,-0.6112135867862145,-0.48370610048227974,-1.0712027700314932,0.13597201032958736,0.0,-0.010855374481038486,-0.0017872235153127396,-0.09911680396089331,0.010809708045536513,0.0
7.3500000000000005,-0.6105651544329017,-0.48374967790203427,-1.0670179400781308,0.13540379140554168,0.0,-0.00011691116769110225,0.006148823108476599,-0.09216131606863291,0.010053483864585296,0.0
7.36,-0.6095231534549783,-0.4837859785329932,-1.0602909005026766,0.13448426478244946,0.0,0.010330123424831429,0.013138566233426144,-0.08015564847392413,0.008738919990002947,0.0
7.37,-0.6083936268383116,-0.48381332690873086,-1.0527628639720819,0.13348956050524433,0.0,0.020690253406756197,0.019211028188434915,-0.061677446811899024,0.006646544092119495,0.0
7.38,-0.6068860342038138,-0.48382959516494917,-1.0428635807274667,0.1321604222378407,0.0,0.03067499989497955,0.024424157141337575,-0.03872101232589225,0.004026675803473012,0.0
7.390000000000001,-0.6053451444759532,-0.48383335547327044,-1.0325363031215267,0.1308081799779674,0.0,0.04061440853875252,0.02886563056871861,-0.009620369232560442,0.000607514957385316,0.0
7.4,-0.6034591241250814,-0.48382278193875394,-1.0201016856429506,0.12915446965886343,0.0,0.050083881914267506,0.03263347983732354,0.018812988690140274,0.0,0.003181188112761711
7.41,-0.6015731037742095,-0.4837966994163296,-1.0074917697507721,0.12751068342395724,0.0,0.059553355289782485,0.03584056909855988,0.05154314965391626,0.0,0.007677282018728894
7.42,-0.599399318311142,-0.48375362737615973,-0.9931713595448529,0.12561987451327292,0.0,0.06846139646755321,0.038612898846756886,0.08606643484160222,0.0,0.012293736600375088
7.43,-0.5972220341840964,-0.4836926211759584,-0.9787139236916556,0.12373848289245845,0.0,0.07736261172194707,0.04109050930823402,0.12439430411535178,0.0,0.017426603422834648
7.44,-0.5948635118543563,-0.4836127072272396,-0.9632168813888986,0.12170823611696005,0.0,0.08571217053969585,0.043417225123311406,0.162581991794283,0.0,0.02247515562492111
7.45,-0.5924821278913376,-0.48351264641283337,-0.9475528264793512,0.11967221960722527,0.0,0.09399214266455702,0.04573737730432276,0.20181138765163953,0.0,0.027743061864269523
7.46,-0.5900085998470853,-0.4833485400539391,-0.9319398213821624,0.11756851848858736,0.0,0.10174083111555463,0.048186145528708146,0.23837244730542778,0.0,0.032686096549409266
7.47,-0.5875102799882939,-0.4830604716104468,-0.9172174914307293,0.11543997306035136,0.0,0.10934657510247155,0.05088462631664969,0.27299741844704734,0.0,0.037518781963671415
7.48,-0.58499147738169,-0.48259615564914204,-0.9036111855510842,0.1133452043077442,0.0,0.11645200517998787,0.05393151139083147,0.30278153411619163,0.0,0.04179625700141127
7.49,-0.5824633855673261,-0.4819119231884865,-0.8914090354228534,0.11134931765620652,0.0,0.12333053602054894,0.0574008028521994,0.3282642722196988,0.0,0.04564999200922732
7.5,-0.5799690395505304,-0.4809743781310633,-0.8810603620336458,0.10953934070702938,0.0,0.1297503197178565,0.06133779873412985,0.3477602244122368,0.0,0.04878022129199499
7.51,-0.5774983397207946,-0.4797611024399498,-0.8726613326601879,0.10794712833823296,0.0,0.1358486524036502,0.06575849911722806,0.36168828506408085,0.0,0.051238933703992386
7.5200000000000005,-0.5750981814459677,-0.47826166763615974,-0.8665776518879397,0.10664625925634282,0.0,0.1415404017140188,0.07064982274047794,0.369701613124696,0.0,0.0529059729198386
7.53,-0.5727720375410604,-0.4764780665734344,-0.8628835779765448,0.10566175740033822,0.0,0.14680555123663355,0.07597043643043222,0.37193379782498387,0.0,0.053745392744953054
7.54,-0.5705357981603627,-0.47442459098294604,-0.8616412228602566,0.10501873849475482,0.0,0.1517268781533339,0.08165466836352797,0.36927709830390676,0.0,0.05384065461666258
7.55,-0.5684413741204845,-0.47212818160866354,-0.863075000688654,0.10476352460860477,0.0,0.15610585950435812,0.08761366551783033,0.3612967406000601,0.0,0.05304863896220761
7.5600000000000005,-0.5664387847860761,-0.469626720060657,-0.8667095632334283,0.10483983884908273,0.0,0.16021437602066105,0.09374200623568212,0.3499665345539796,0.0,0.05167040810476519
7.57,-0.5646632445514271,-0.4669695435463139,-0.8730974142815098,0.10534576809973649,0.0,0.16365420419168317,0.09991798475744804,0.3340082634682451,0.0,0.049427901939949365
7.58,-0.5629640364154687,-0.4642137739667539,-0.8810014425140431,0.10611330843336694,0.0,0.16690752230085934,0.10601212457966634,0.3163936811254576,0.0,0.04684718920660522
7.59,-0.5615945439262499,-0.46142536455020444,-0.8915054212026288,0.10732556807149342,0.0,0.16935521228346753,0.11188570481207485,0.29479329765383316,0.0,0.04348299783886882
7.6000000000000005,-0.5602684481409016,-0.4586732469215618,-0.9024216258474695,0.10867541855123664,0.0,0.1717109439787879,0.11740084620393969,0.27321799441092015,0.0,0.040091130628154226
7.61,-0.5593921673373128,-0.45603145469778544,-0.9156039221291332,0.11046721730093514,0.0,0.17311351076457113,0.12241675895112988,0.24813397254314618,0.0,0.036025779008055876
7.62,-0.5585158865337241,-0.4535712113275047,-0.9278225489639487,0.11223644885694106,0.0,0.17451607755035436,0.12680129982280725,0.22467672770537941,0.0,0.03226533090808787
7.63,-0.5645345636821294,-0.4514812575020294,-0.9816515467650224,0.12012133827771274,0.0,0.17483422086211475,0.13042314000816815,0.19817687729752004,0.0,0.027966966900947764
7.640000000000001,-0.5706370701065473,-0.44999765676660824,-1.0355306166767624,0.1279838845402975,0.0,0.17513917969394777,0.1331660366017708,0.17436243840723312,0.0,0.02420885536471814
7.65,-0.5756219267503669,-0.4492985259765253,-1.0749623496376117,0.1345311348073825,0.0,0.1744246468818071,0.13492612921012354,0.14894642046068932,0.0,0.02021233016077895
7.66,-0.5804658015314326,-0.4491452464597105,-1.1083020560920653,0.1404043396247156,0.0,0.17358151400771096,0.135663680987505,0.12691769910762654,0.0,0.01688104348580597
7.67,-0.5843531328578926,-0.44934524660211816,-1.1348587535548016,0.14453438874363408,0.0,0.17179431226209094,0.13575631445562916,0.10430176040140697,0.0,0.01362578274066571
7.68,-0.5879831015018254,-0.4499691733672675,-1.1536287812792094,0.14805354574394083,0.0,0.16975310418137338,0.13531839405694027,0.0861154868536848,0.0,0.01118816700242821
7.69,-0.5908086879159009,-0.45105883434837707,-1.1629285777361238,0.15054785068247617,0.0,0.16685324670172053,0.13428191528572,0.06624226596029342,0.0,0.008440318921836507
7.7,-0.5932694759289199,-0.45261552975211106,-1.1658445016419896,0.15232456111916548,0.0,0.16356397991368923,0.13258812659734745,0.046582922981529565,0.0,0.0058126914377743515
7.71,-0.595069097835587,-0.4546052016229558,-1.1616146226380715,0.15307884187401635,0.0,0.15951147989944908,0.13018399040391876,0.025463545010315395,0.0,0.0030325640408954543
7.72,-0.5964054307239115,-0.45696546147618894,-1.1521310535858968,0.15298353139188722,0.0,0.15492417090341173,0.12702334748669183,0.004384426754975851,0.0,0.00035701274405554925
7.73,-0.5972148685281453,-0.45961190245443206,-1.1380431548275292,0.1520112593479789,0.0,0.14967904155403067,0.12307171847232315,-0.015390178327794496,0.0022747658378894846,0.0
7.74,-0.5974714717979945,-0.462442724377557,-1.120078433057853,0.15019328493207437,0.0,0.14374370684929488,0.11830821406947088,-0.033813104144850614,0.0048478933733309155,0.0
7.75,-0.5973265059047702,-0.4653460965311003,-1.099920194639973,0.14774081612234932,0.0,0.137265961364219,0.11272767779969053,-0.05007212772376981,0.00719685837577484,0.0
7.76,-0.5965481050623633,-0.4682022511639216,-1.0770755766405118,0.14453752108605936,0.0,0.12993261745009252,0.10633682829393998,-0.06577213246516456,0.009582409492461502,0.0
7.7700000000000005,-0.5954845158766563,-0.4708913069815176,-1.054063595100308,0.14099633664791913,0.0,0.12218226902876798,0.09915799368862374,-0.07874016767975325,0.011605556114424136,0.0
7.78,-0.5937158364282126,-0.4732928597011862,-1.0292341235632478,0.1368497441963038,0.0,0.11340093240455851,0.0912224128125607,-0.09214939946452005,0.013821317084292737,0.0
7.79,-0.5917694043549984,-0.4752942308817543,-1.0058836893883625,0.13267876503196552,0.0,0.10433799424643149,0.08257525645830854,-0.10259865035349418,0.01557767124808685,0.0
7.8,-0.5890551718067375,-0.4767878083434618,-0.9813085072439561,0.12806493774674144,0.0,0.09405868141144788,0.07326596762938532,-0.11480616638537645,0.01773945853915643,0.0
7.8100000000000005,-0.5862616772509915,-0.4776798172360625,-0.9595859512078201,0.12372744657286647,0.0,0.08364316671596467,0.06335486077442812,-0.1240748619548076,0.01937960494023637,0.0
7.82,-0.5826466171091319,-0.4779850713335776,-0.9365383385184216,0.11910071000631052,0.0,0.07181589416951215,0.05289891015851153,-0.1366177821248925,0.02168514831607769,0.0
7.83,-0.5790315569672722,-0.4780099872123114,-0.9109900568650612,0.11508934422885325,0.0,0.05998862162305963,0.041959266152559065,-0.14643905581637953,0.02344793979698881,0.0
7.84,-0.5745706782465906,-0.4778127438293678,-0.8816574429762848,0.11087877023480723,0.0,0.046582600377506236,0.030598658839372846,-0.1609589786980534,0.0261313525649744,0.0
7.8500000000000005,-0.5700995160173519,-0.47729184415868936,-0.8547177147348036,0.10683732673634981,0.0,0.03315738461889377,0.01888201899305143,-0.17374344010001216,0.028394220841419057,0.0
7.86,-0.5649078611303084,-0.4763403787585946,-0.8259172129564071,0.10232764412220206,0.0,0.018268829734183978,0.006861760390137288,-0.19134565748774304,0.0315886477001717,0.0
7.87,-0.5596253223199097,-0.4748621765985969,-0.798935647625188,0.09801464754203107,0.0,0.0031956872627191997,-0.005415495371549755,-0.20869506987351666,0.03463028212219068,0.0
7.88,-0.5537386716714797,-0.47276942837429037,-0.7712927122484623,0.09353741050962801,0.0,-0.013167383123319446,-0.017915592222613755,-0.23070271341758383,0.038556610534330085,0.0
7.890000000000001,-0.5476894817861404,-0.46998736180744743,-0.7457974460683272,0.08937839262911745,0.0,-0.029877514907105517,-0.03061233082859409,-0.25366163389402546,0.04256737591157464,0.0
7.9,-0.5411436157813001,-0.4664537775836174,-0.7209567146785731,0.0853202214553907,0.0,-0.04753869948100975,-0.0434895779562903,-0.28010755070098114,0.04723409518058205,0.0
7.91,-0.5343725003272393,-0.4621225044881842,-0.6986646300136887,0.08167448084797288,0.0,-0.06563119957169267,-0.05653856432083914,-0.3079689219381758,0.05211634708914354,0.0
7.92,-0.5272031993709625,-0.45696412889234056,-0.6783210657075374,0.07834529111560046,0.0,-0.08435098077099039,-0.06975697355277971,-0.3379392259968221,0.05740377093986617,0.0
7.930000000000001,-0.5197548838543987,-0.4509678267028717,-0.66091739807851,0.07548276144943342,0.0,-0.10351030726192463,-0.08314745463987205,-0.36920733365636166,0.062936777834772,0.0
7.94,-0.5119979283516625,-0.4441427006489357,-0.6465982288178961,0.07308980363066644,0.0,-0.12303625156129333,-0.09671505285843829,-0.4012961654950933,0.06865153852536864,0.0
7.95,-0.5039171382788165,-0.43651756075987636,-0.6354108049655138,0.07116476567986642,0.0,-0.1429468625458266,-0.11046643110370943,-0.4341762219977742,0.07456173247005048,0.0
7.96,-0.4956083086345943,-0.42814224514319016,-0.6280522733099181,0.06978783133942157,0.0,-0.1630265364199526,-0.12440677089973556,-0.4667982543372576,0.08046888943494046,0.0
7.97,-0.4869397695116845,-0.41908497369742986,-0.6235856617731369,0.06881739347148452,0.0,-0.18337288999143933,-0.13853921200350228,-0.4994560344653398,0.0864536591581235,0.0
7.98,-0.47811484613095284,-0.4094331429286356,-0.6230746387533166,0.06839247574023968,0.0,-0.2037538599150021,-0.15286241582202179,-0.5311269494998484,0.09230255482461976,0.0
7.99,-0.4689032834641985,-0.3992881255327959,-0.6246180084385881,0.06824732330882591,0.0,-0.22422041416679456,-0.16736974417600767,-0.561971212139368,0.09805709703782835,0.0
8.0,-0.45959804675193267,-0.38876532671601516,-0.6295118898646549,0.06856624626787272,0.0,-0.24465024661447587,-0.18204854341666096,-0.5915471634679283,0.1036079712008921,0.0
8.01,-0.44988818604755426,-0.37798669397802265,-0.6350043082307422,0.06898062366108665,0.0,-0.26492145963992386,-0.19687843505738303,-0.6194088845910753,0.10885032466261357,0.0
8.02,-0.4401384164087297,-0.3670802153545038,-0.6425649981760496,0.06971236286067622,0.0,-0.2851477210864055,-0.21183320764073946,-0.6462064516653647,0.11389655284255851,0.0
8.03,-0.42997498317294525,-0.356170821354022,-0.6488028278044283,0.07031709663748814,0.0,-0.3049080509788637,-0.2268774293295744,-0.6703908981507586,0.11838609708063708,0.0
8.040000000000001,-0.4198115499371572,-0.3453797791928845,-0.6553451410522606,0.07104772113448647,0.0,-0.324668380871329,-0.24197152575297295,-0.6941308699479178,0.12275934333649723,0.0
8.05,-0.4092441807515622,-0.33481528499781293,-0.6585618419535347,0.07142920080734272,0.0,-0.34361221275165504,-0.25706609456601964,-0.7143788405412809,0.1263150060027912,0.0
8.06,-0.398671900490591,-0.32457178001633347,-0.660006478316542,0.07170597517806472,0.0,-0.3625461176044758,-0.2721091953773531,-0.7346904508275641,0.12981047182294908,0.0
8.07,-0.38777628469460734,-0.31472310070444776,-0.6568258634065672,0.07149402771860577,0.0,-0.38046596952631806,-0.28704075696721204,-0.7513787034972426,0.13238978423101824,0.0
8.08,-0.3768398829146673,-0.3053218755948883,-0.6500855318705773,0.0709571764756144,0.0,-0.3982579074328556,-0.3017998649009658,-0.768295492315196,0.1348925723719657,0.0
8.09,-0.36565180091327015,-0.2963955936106489,-0.6379898516271966,0.06983794351880453,0.0,-0.41490134587089567,-0.3163194483904875,-0.7816916478350797,0.1364581357758839,0.0
8.1,-0.3543960031205816,-0.28794733336813627,-0.6214093039287255,0.06824979644998509,0.0,-0.4312357749245,-0.3305328257917734,-0.7952123708159837,0.13789231753876996,0.0
8.11,-0.3429512353187479,-0.2799550887683455,-0.5995761373982067,0.06605724878136084,0.0,-0.4463965424843052,-0.34436990165631576,-0.8057076127327689,0.13848099493550992,0.0
8.120000000000001,-0.33142076701952894,-0.27237404675860427,-0.5732925469461277,0.06334696187256274,0.0,-0.4610250384194718,-0.35776197900136075,-0.816001985802712,0.13885778143047292,0.0
8.13,-0.31975509382223116,-0.2651387402748615,-0.5426292087299647,0.06009278634226793,0.0,-0.4746622531557335,-0.3706416401138474,-0.8245848867537536,0.1386757093046793,0.0
8.14,-0.30799468052270496,-0.2581663933691899,-0.5083118295202806,0.05636945717366772,0.0,-0.4876048622715162,-0.3829453776632415,-0.8328723025210107,0.13826214269316267,0.0
8.15,-0.2961438823349199,-0.2513608720764377,-0.4709714122998523,0.052238984324347836,0.0,-0.4997673138261391,-0.39461573560829244,-0.8408200108627539,0.13760267385299962,0.0
8.16,-0.28419824954130163,-0.24461641854663854,-0.43121309553821646,0.047771327968557535,0.0,-0.5111112000627431,-0.4056013800744848,-0.8483964520541657,0.13672041873770208,0.0
8.17,-0.2721981067680047,-0.23782241047910277,-0.38997682093998054,0.04308919805441168,0.0,-0.5218686195878874,-0.41586085495999153,-0.8568346249533574,0.13587665256298895,0.0
8.18,-0.260111979986515,-0.23086701880682603,-0.3477613409314951,0.03826023180991589,0.0,-0.531700946885512,-0.4253600363082437,-0.8647160473454232,0.13481503074797765,0.0
8.19,-0.24799827303268154,-0.2236421259800109,-0.30564756528147047,0.03343723816270392,0.0,-0.5411230655333379,-0.43407737294979243,-0.8744781091674616,0.13403564333869422,0.0
8.2,-0.23581637776954104,-0.21604677387628873,-0.264112195347832,0.028686209663273926,0.0,-0.5495309978321821,-0.4419988438041825,-0.8833785786434976,0.13302933152211757,0.0
8.21,-0.22362488704014505,-0.20799184695095488,-0.22425639213577842,0.024158699239844882,0.0,-0.557687546754851,-0.449124548951701,-0.894979509114001,0.13250005197410775,0.0
8.22,-0.21139194880157008,-0.19940329114681954,-0.18662726751162662,0.019919686099106017,0.0,-0.5647582479951174,-0.45546128471232367,-0.9052788802358556,0.13171439791780695,0.0
8.23,-0.19915845470159127,-0.19022611498358488,-0.1521916530861604,0.01608851156594732,0.0,-0.5717189583447871,-0.46103031671796163,-0.9188672660454141,0.131547187027501,0.0
8.24,-0.18691919899380252,-0.18042717526850674,-0.12159910176834247,0.012730496523709316,0.0,-0.5775395924666752,-0.46585772658559116,-0.9305654820076827,0.13107127132298985,0.0
8.25,-0.17467994328601377,-0.16999776940744,-0.09544561424334295,0.00990333199094879,0.0,-0.5833602265885632,-0.4699829723730443,-0.9458050614094098,0.13128877646418638,0.0
8.26,-0.16247999430558743,-0.15895552892619222,-0.07444209747572718,0.0076756543688958,0.0,-0.5880319263392185,-0.4734478237481281,-0.9585735841322375,0.13114895783574093,0.0
8.27,-0.15028052321850285,-0.14734479597241287,-0.05857731186353959,0.006023716870553404,0.0,-0.5926896572829286,-0.47630370919663906,-0.9742859830499031,0.13163176896031148,0.0
8.28,-0.1381622080579357,-0.13523686932609158,-0.04842353796663111,0.005007133009417132,0.0,-0.5963921447051069,-0.4786033927183881,-0.9878654966339844,0.13185889755328306,0.0
8.290000000000001,-0.12605413001626528,-0.12272768012905103,-0.04329846781180522,0.004525291518275021,0.0,-0.5999741364108404,-0.48040507658499637,-1.0032114970221406,0.13253011924295932,0.0
8.3,-0.11405982014674375,-0.10993579474111778,-0.04341507185478042,0.004608938273136187,0.0,-0.602777142656703,-0.48176596877693234,-1.016560356773036,0.13300972745700568,0.0
8.31,-0.10209612015890618,-0.09699757251411563,-0.04751149395533455,0.005099057715426725,0.0,-0.6053705590646583,-0.4827443233426482,-1.0304896342200156,0.13375367289224174,0.0
8.32,-0.09026820358716237,-0.0840629414259588,-0.05533020613049383,0.005983828310127812,0.0,-0.6073438152863649,-0.48339507991101266,-1.0425002830616343,0.13434357003073852,0.0
8.33,-0.07850186666156354,-0.07128882391750045,-0.06526093412313626,0.007074384514457322,0.0,-0.6090358203367437,-0.4837703494206207,-1.0540252021902445,0.13502894210672284,0.0
8.34,-0.06688273139432388,-0.05883384421906823,-0.07658134643255277,0.008311469882259802,0.0,-0.6102490576864552,-0.48394401611946597,-1.0636072089753204,0.13558363611100654,0.0
8.35,-0.05536674253937679,-0.04685110260823372,-0.08766550434393536,0.009513529783250459,0.0,-0.6111268153194579,-0.4840376741112,-1.070016565153216,0.13611100614053143,0.0
8.36,-0.04399877658337197,-0.03547931598075631,-0.0974051537357536,0.010574463314786266,0.0,-0.6116497649493343,-0.48410408754342077,-1.0739965499126978,0.1365019453117291,0.0
8.370000000000001,-0.032786120807486836,-0.024838822964281013,-0.10454736450124183,0.011360334173103033,0.0,-0.6118004391051612,-0.4841610918157651,-1.0754821676626973,0.13662177436586365,0.0
8.38,-0.021711712169446153,-0.015026091730734076,-0.10778391264665628,0.011727599038901852,0.0,-0.6117028321673628,-0.4842139114053624,-1.0751709103351739,0.13653937343751918,0.0
8.39,-0.010855374481038486,-0.006110397325027522,-0.1066872740125462,0.011635637926070674,0.0,-0.6112135867862145,-0.48426267858697053,-1.07225316942639,0.136111468063942,0.0
8.4,-0.00011691116769110225,0.0018707916379403413,-0.09987753215245064,0.010903836531681817,0.0,-0.6105651544329017,-0.4843062705649007,-1.06806638086385,0.13554292230937903,0.0
8.41,0.010330123424831429,0.00891125001659658,-0.08806892633273937,0.009621127459552594,0.0,-0.6095231534549783,-0.48434257108447876,-1.061337729319164,0.1346230887863599,0.0
8.42,0.020690253406756197,0.015038445183282227,-0.06982768571591853,0.007567066223249867,0.0,-0.6083936268383116,-0.48436990423513215,-1.0538080888417078,0.13362809172148582,0.0
8.43,0.03067499989497955,0.020308637101475367,-0.04713881520409619,0.004990754099986137,0.0,-0.6068860342038138,-0.4843861415252936,-1.0439076612599363,0.13229867355254446,0.0
8.44,0.04061440853875252,0.02480774634648417,-0.01832553326136966,0.0016189913021243457,0.0,-0.6053451444759532,-0.48438985460254574,-1.0335793419983605,0.13094616502459583,0.0
8.45,0.05008388191426637,0.028635623043596885,0.011007973557935794,0.0,0.002120000034235855,-0.6034591241250816,-0.4843792216429915,-1.0211438894423717,0.12929220261509483,0.0
8.46,0.059553355289783616,0.031904857330937786,0.043447020268776795,0.0,0.006567270871532179,-0.6015731037742093,-0.48435307760355745,-1.0085331381626603,0.12764818233865283,0.0
8.47,0.06846139646755427,0.034739153624021704,0.07753755508698078,0.0,0.011131405254300548,-0.5993993183111417,-0.4843099402171958,-0.9942119070875145,0.1257571494284183,0.0
8.48,0.07736261172194707,0.03727611532192055,0.11542341320050198,0.0,0.016209651854254957,-0.5972220341840964,-0.48424885852337396,-0.9797539533500311,0.12387553319467207,0.0
8.49,0.08571217053969585,0.03965729875868823,0.15319743168656627,0.0,0.02120348581810043,-0.5948635118543563,-0.48416885401608045,-0.9642565317885112,0.12184506455231038,0.0
8.5,0.09399214266455702,0.04202507368309473,0.1920689765138141,0.0,0.02641883070410487,-0.5924821278913376,-0.48406863582153675,-0.9485922688368036,0.11980883551925957,0.0
8.51,0.10174083111555463,0.044513070380883486,0.22834874406338887,0.0,0.03131356789264174,-0.5900085998470853,-0.48390416592834196,-0.9329830709385588,0.11770488140269253,0.0
8.52,0.10934657510247155,0.047241313947444644,0.2627843791632472,0.0,0.036104049810304954,-0.5875102799882939,-0.4836155419447712,-0.9182660979104884,0.11557618195647199,0.0
8.53,0.11645200517998787,0.050307941457202555,0.292476243928676,0.0,0.04034687909842344,-0.58499147738169,-0.4831505019700219,-0.9046670874409684,0.11348144823632304,0.0
8.540000000000001,0.12333053602054977,0.0537869123444118,0.3179628670391781,0.0,0.044174550566645696,-0.5824633855673258,-0.4824654104102242,-0.892473907314612,0.11148577472876045,0.0
8.55,0.12975031971785722,0.05772395157105193,0.3375484764007743,0.0,0.04728784993202952,-0.57996903955053,-0.48152691309103257,-0.8821353520821829,0.10967616868263838,0.0
8.56,0.1358486524036502,0.062135884893660245,0.3516379278707316,0.0,0.0497388414472134,-0.5774983397207946,-0.48031264003472496,-0.8737470797271942,0.10808445536620839,0.0
8.57,0.1415404017140188,0.06701076608249575,0.3598659910879614,0.0,0.05140700978873758,-0.5750981814459677,-0.4788122141138771,-0.8676742154732188,0.10678417570431373,0.0
8.58,0.14680555123663355,0.0723086070811585,0.36234682619534525,0.0,0.05225567661285289,-0.5727720375410604,-0.47702768010362995,-0.863990619777786,0.10580030994694717,0.0
8.59,0.1517268781533339,0.07796519710391059,0.3599554758823127,0.0,0.05236728124586955,-0.5705357981603627,-0.47497337877383966,-0.8627577979636294,0.10515792697495943,0.0
8.6,0.15610585950435812,0.08389316840324025,0.35223890536664687,0.0,0.05159748545113221,-0.5684413741204845,-0.4726762937574769,-0.8641995976021156,0.10490330084628056,0.0
8.61,0.16021437602066105,0.0899885393934365,0.34116067766455,0.0,0.05024601796818767,-0.5664387847860761,-0.4701743400177716,-0.8678402169220445,0.10498010907706005,0.0
8.620000000000001,0.16365420419168358,0.09613093251794345,0.32542793264842,0.0,0.04803346473212677,-0.564663244551427,-0.46751687658708646,-0.8742317520415892,0.10548639810534517,0.0
8.63,0.16690752230085934,0.10219205207696616,0.3080105497931595,0.0,0.045484569676466635,-0.5629640364154687,-0.46476103331784385,-0.8821368469095516,0.10625413233935649,0.0
8.64,0.16935521228346753,0.10803416924470284,0.28656722977412247,0.0,0.04215284677343872,-0.5615945439262499,-0.46197275722267844,-0.892639034563249,0.10746639833158661,0.0
8.65,0.1717109439787879,0.11352020203958718,0.26511410821746795,0.0,0.038793002701566666,-0.5602684481409016,-0.45922095845565264,-0.9035505981370392,0.10881605899716464,0.0
8.66,0.17311351076457113,0.11850993934137238,0.24010643734839204,0.0,0.034758320614419386,-0.5593921673373128,-0.45657963591505496,-0.9167255051430399,0.11060747552113326,0.0
8.67,0.17451607755035436,0.12287161265065344,0.21669019501235529,0.0,0.031026435778088765,-0.5585158865337241,-0.45411996576950875,-0.9289344119516442,0.11237615103799982,0.0
8.68,0.17483422086211475,0.1264740458636785,0.1901845409817848,0.0,0.026753997811073293,-0.5645345636821294,-0.4520306247958186,-0.9827480617611106,0.12026034074479217,0.0
8.69,0.17513917969394777,0.12920095831111308,0.16633029156461426,0.0,0.023018801360395243,-0.5706370701065473,-0.4505475908895979,-1.0366068892364517,0.12812208168231987,0.0
8.700000000000001,0.174424646881807,0.13094826753948136,0.1408325408336779,0.0,0.01904203975854937,-0.5756219267503675,-0.4498488334685793,-1.0760159423776032,0.13466847725810424,0.0
8.71,0.17358151400771088,0.13167741827941293,0.11869326683867425,0.0,0.015727372995479428,-0.5804658015314331,-0.4496956647416367,-1.1093393045014495,0.14054080184880563,0.0
8.72,0.1717943122620907,0.13176701265923824,0.09599896074132248,0.0,0.012487491052570823,-0.584353132857893,-0.44989552058498733,-1.1358878113181128,0.144670271207659,0.0
8.73,0.16975310418137338,0.13132797703712107,0.07775276794409938,0.0,0.010058287263581798,-0.5879831015018254,-0.450519043019029,-1.1546506241238075,0.1481890080345032,0.0
8.74,0.16685324670172053,0.13029192149434451,0.05777758161822596,0.0,0.00731529337990252,-0.5908086879159009,-0.45160801032263803,-1.1639451634180022,0.15068313188989127,0.0
8.75,0.16356397991368923,0.1285995844558148,0.0379931868420446,0.0,0.0046907059787783655,-0.5932694759289199,-0.4531637115606852,-1.1668581477519202,0.1524598971377236,0.0
8.76,0.15951147989944908,0.12619733023710608,0.016727732686041965,0.0,0.0019121580173457758,-0.595069097835587,-0.4551520962206613,-1.1626279054408535,0.15321449714970836,0.0
8.77,0.15492417090341173,0.12303921862956459,-0.004156677042293658,0.0007628203758913029,0.0,-0.5964054307239115,-0.45751078526790867,-1.1531470283144583,0.15311978230413853,0.0
8.78,0.14967904155403136,0.11909187881317802,-0.02360593046575394,0.0033940308357541336,0.0,-0.5972148685281453,-0.46015539535772526,-1.1390648910306764,0.1521483703206891,0.0
8.790000000000001,0.1437437068492942,0.11433527300233406,-0.04185839075217899,0.005966939257621521,0.0,-0.5974714717979945,-0.4629841855302962,-1.1211086939595798,0.15033152065413463,0.0
8.8,0.13726596136421812,0.10876471577030815,-0.05798943463911133,0.008317364423377927,0.0,-0.5973265059047701,-0.46588540385760613,-1.1009611336023795,0.14788042669465506,0.0
8.81,0.12993261745009252,0.10238722990082079,-0.07358699796075688,0.010706736839707937,0.0,-0.5965481050623633,-0.4687393681178567,-1.0781291308224412,0.1446786987873433,0.0
8.82,0.12218226902876798,0.09522530929598433,-0.08647749503853096,0.012736489073598829,0.0,-0.5954845158766563,-0.4714262857105746,-1.0551314848891624,0.14113920221288082,0.0
8.83,0.11340093240455851,0.08731021111446294,-0.09983755550200321,0.014961928334535465,0.0,-0.5937158364282126,-0.4738258420826473,-1.0303175505320512,0.1369943410510802,0.0
8.84,0.10433799424643271,0.07868697789011277,-0.11026550650843214,0.01673120225221278,0.0,-0.5917694043549987,-0.4758254471077941,-1.0069836123585298,0.13282505628866786,0.0
8.85,0.09405868141144788,0.06940477151279846,-0.12248260232027375,0.018909182370588595,0.0,-0.5890551718067375,-0.4773175737966134,-0.982425417294983,0.1282128048781468,0.0
8.86,0.08364316671596467,0.05952348820091043,-0.13178755969203104,0.02056869797400652,0.0,-0.5862616772509915,-0.47820852567401056,-0.9607197384475883,0.12387669070484296,0.0
8.870000000000001,0.07181589416951073,0.049099540982100724,-0.14439591244256358,0.022896543168251092,0.0,-0.5826466171091315,-0.4785133902019895,-0.9376841329080019,0.11925105360840164,0.0
8.88,0.05998862162305822,0.038193424563669226,-0.15430285487124706,0.024684211190192103,0.0,-0.5790315569672718,-0.478538262076572,-0.9121433597897088,0.11524046840167003,0.0
8.89,0.046582600377506236,0.026867122410889323,-0.16893247374305798,0.0273945622617794,0.0,-0.5745706782465906,-0.47834139247426977,-0.8828116016462785,0.11102993380665137,0.0
8.9,0.03315738461889377,0.015184760111680864,-0.18184039679485137,0.029685856965180873,0.0,-0.5700995160173519,-0.47782133624452167,-0.8558717362143902,0.10698837624873683,0.0
8.91,0.018268829734183978,0.0031978984247457076,-0.19957959637506245,0.032909518702350274,0.0,-0.5649078611303084,-0.47687116124799805,-0.8270715860372037,0.10247813450662471,0.0
8.92,0.0031956872627191997,-0.00904769344057284,-0.21706774906199192,0.03598047487528568,0.0,-0.5596253223199097,-0.47539466952554926,-0.8000904411504982,0.0981641526679466,0.0
8.93,-0.013167383123319446,-0.021518680779228416,-0.2392129763582075,0.039935428078013605,0.0,-0.5537386716714797,-0.4733040194345684,-0.7724475323594615,0.09368552323203014,0.0
8.94,-0.029877514907105517,-0.03418960930008215,-0.2622973138798618,0.04397334462665717,0.0,-0.5476894817861404,-0.47052439902511106,-0.7469514641067087,0.08952472916988774,0.0
8.950000000000001,-0.047538699481011915,-0.04704498241981845,-0.2888513825961523,0.0486649799659337,0.0,-0.5411436157812993,-0.46699356099778494,-0.7221086631507397,0.08546442565419164,0.0
8.96,-0.06563119957169482,-0.06007652490973543,-0.31679556229360895,0.053569223265350456,0.0,-0.5343725003272385,-0.4626652762851278,-0.6998126875561481,0.08181623114097333,0.0
8.97,-0.08435098077099266,-0.07328224806081389,-0.3468187341160144,0.05887511559795647,0.0,-0.5272031993709616,-0.4575100626885818,-0.6794630177053061,0.07848430753985366,0.0
8.98,-0.10351030726192234,-0.08666494554057061,-0.3781057428468669,0.06442259980843383,0.0,-0.5197548838543996,-0.4515170171205895,-0.6620509260026359,0.07561881486648454,0.0
8.99,-0.12303625156129333,-0.10022961797048176,-0.41017797416674256,0.07014752758500221,0.0,-0.5119979283516625,-0.4446951535744166,-0.6477208847619823,0.0732227256862093,0.0
9.0,-0.1429468625458266,-0.11398269823087859,-0.4430057160414329,0.07606342648339699,0.0,-0.5039171382788165,-0.4370731852273737,-0.6365203090299261,0.07129445833508058,0.0
9.01,-0.1630265364199526,-0.12792896558609335,-0.4755429248258726,0.08197184708548093,0.0,-0.4956083086345943,-0.4287008479893077,-0.6291467880570183,0.06991427615914356,0.0
9.02,-0.18337288999143933,-0.14207101424887503,-0.5080883687524093,0.08795363226020429,0.0,-0.4869397695116845,-0.41964625829370583,-0.6246640779500738,0.06894065956847242,0.0
9.03,-0.20375385991499967,-0.1564068490985151,-0.5396254801871141,0.09379564852487639,0.0,-0.4781148461309539,-0.4099967116904452,-0.6241364450570029,0.06851272532372214,0.0
9.040000000000001,-0.22422041416679703,-0.17092910201142175,-0.5703214459135977,0.09953990352192667,0.0,-0.4689032834641974,-0.39985348766420536,-0.6256639138229049,0.06836481303278773,0.0
9.05,-0.24465024661447587,-0.1856243555688246,-0.5997420715774766,0.10507767458547418,0.0,-0.45959804675193267,-0.38933191076014817,-0.6305434552206614,0.06868132618112918,0.0
9.06,-0.26492145963992386,-0.20047147310538255,-0.6274489479291298,0.11030477179385242,0.0,-0.44988818604755426,-0.3785538647270561,-0.6360240904648018,0.06909373026964093,0.0
9.07,-0.2851477210864055,-0.21544352644738518,-0.6540984435980468,0.11533428780376415,0.0,-0.4401384164087297,-0.36764729525384615,-0.6435765947319158,0.06982400840334198,0.0
9.08,-0.3049080509788661,-0.23050444068849474,-0.678148309326848,0.11980635850853238,0.0,-0.429974983172944,-0.3567371149667029,-0.6498105136644751,0.07042785427162954,0.0
9.09,-0.3246683808713266,-0.24561409648335736,-0.7017706326342428,0.12416203069774678,0.0,-0.41981154993715836,-0.34594459942117506,-0.6563536540499462,0.0711582055644862,0.0
9.1,-0.3436122127516528,-0.2607226631335678,-0.7219226934022971,0.12770061212456318,0.0,-0.4092441807515635,-0.33537798001495545,-0.6595762475634142,0.07154004606922018,0.0
9.11,-0.3625461176044758,-0.2757778997601247,-0.7421608124467507,0.1311799977743104,0.0,-0.398671900490591,-0.32513175947280837,-0.6610317855070886,0.07181781098057802,0.0
9.120000000000001,-0.38046596952632017,-0.29071956588062126,-0.7588001331759047,0.13374463077141419,0.0,-0.38777628469460607,-0.31527985952717624,-0.65786672038596,0.07160745452319564,0.0
9.13,-0.39825790743285777,-0.305486707618752,-0.775691169953247,0.13623442659234347,0.0,-0.37683988291466597,-0.30587501389856214,-0.6511458852135853,0.0710727413963726,0.0
9.14,-0.41490134587089567,-0.32001233625959097,-0.78908476132724,0.13778884870168479,0.0,-0.36565180091327015,-0.29694483171602964,-0.6390727797863591,0.06995611794426045,0.0
9.15,-0.4312357749245,-0.3342299630916172,-0.8026233972530885,0.13921378775924406,0.0,-0.3543960031205816,-0.2884925214995573,-0.6225169646563212,0.0683709575481593,0.0
9.16,-0.4463965424843052,-0.3480697809687586,-0.8131556813061744,0.13979505485535962,0.0,-0.3429512353187479,-0.2804962111946268,-0.6007096700289444,0.06618166518459975,0.0
9.17,-0.46102503841947,-0.3614634609534316,-0.8235030699325386,0.14016609722144005,0.0,-0.3314207670195303,-0.27291122061930645,-0.5744521977585448,0.06347478440834561,0.0
9.18,-0.47466225315573196,-0.37434401286875796,-0.8321521340201092,0.13997969120276862,0.0,-0.31975509382223255,-0.2656722098985857,-0.5438144923556205,0.060224043721576505,0.0
9.19,-0.4876048622715162,-0.38664839734311635,-0.8405156003869579,0.13956287139777918,0.0,-0.30799468052270496,-0.25869652094842593,-0.5095216911043574,0.056504056855107725,0.0
9.200000000000001,-0.4997673138261404,-0.39831964518259144,-0.8485456130779911,0.13890084436561714,0.0,-0.2961438823349185,-0.2518881255680807,-0.47220439157854344,0.05237671733904131,0.0
9.21,-0.5111112000627446,-0.4093069075261721,-0.8562072148326465,0.13801630130888232,0.0,-0.2841982495413002,-0.24514135767898912,-0.43246745637696565,0.04791187723336374,0.0
9.22,-0.5218686195878885,-0.4195691907586722,-0.8647293922723202,0.1371700737882565,0.0,-0.27219810676800327,-0.2383456709221744,-0.3912504757742004,0.043232149208271106,0.0
9.23,-0.531700946885512,-0.42907279064516807,-0.8726903737535128,0.13610537243236656,0.0,-0.260111979986515,-0.231389295110667,-0.34905195502156555,0.038405085499392526,0.0
9.24,-0.5411230655333379,-0.43779651415756377,-0.8825231398288172,0.13532186161644344,0.0,-0.24799827303268154,-0.22416415283040378,-0.30695237247223983,0.03358342438887313,0.0
9.25,-0.5495309978321831,-0.4457266201638606,-0.8914831473226995,0.1343099922895529,0.0,-0.23581637776953956,-0.21656930565498178,-0.2654278616932678,0.02883310264952312,0.0
9.26,-0.5576875467548501,-0.4528633951779211,-0.9031276437561297,0.1337733871633518,0.0,-0.2236248870401465,-0.20851563503574572,-0.22557899067417786,0.02430563425667519,0.0
9.27,-0.5647582479951166,-0.4592137175934521,-0.9134538795885966,0.1329783717842191,0.0,-0.21139194880157153,-0.19992905951208348,-0.18795215343870159,0.02006597738131766,0.0
9.28,-0.5717189583447865,-0.46479882282711493,-0.9270482511863395,0.1327995840189377,0.0,-0.19915845470159274,-0.19075453340232498,-0.15351348123905154,0.016233472897581508,0.0
9.290000000000001,-0.5775395924666759,-0.4696446483167419,-0.938733104947549,0.13230978569203408,0.0,-0.18691919899380105,-0.18095883200492305,-0.122912030329786,0.012873462640241836,0.0
9.3,-0.5833602265885639,-0.47379039419229835,-0.9539365329903542,0.13251111980417862,0.0,-0.1746799432860123,-0.1705331433334189,-0.09674351770283617,0.010043683497678018,0.0
9.31,-0.5880319263392185,-0.4772774688087974,-0.9666508753623336,0.13235295655258833,0.0,-0.16247999430558743,-0.1594949639377862,-0.07571890435749537,0.007812842012254231,0.0
9.32,-0.5926896572829286,-0.4801568472912671,-0.982289393156805,0.132815477012549,0.0,-0.15028052321850285,-0.14788847813074932,-0.05982744668627187,0.006157288022147947,0.0
9.33,-0.5963921447051074,-0.48248076715770705,-0.9957815477312598,0.13302068392676056,0.0,-0.13816220805793425,-0.1357848098429683,-0.049642297295991976,0.00513675482450527,0.0
9.34,-0.59997413641084,-0.48430685213246977,-1.0110278508710415,0.13366876161106597,0.0,-0.12605413001626672,-0.1232797047481794,-0.044482435530962365,0.004650773279827441,0.0
9.35,-0.6027771426567027,-0.4856917058233047,-1.0242717149263054,0.1341244748159724,0.0,-0.11405982014674518,-0.11049154170197152,-0.044562367676588194,0.00473024724502197,0.0
9.36,-0.6053705590646583,-0.4866929783216158,-1.0380937542584665,0.13484430164910077,0.0,-0.10209612015890618,-0.09755649893163065,-0.048621982811308195,0.00521633040053319,0.0
9.370000000000001,-0.607343815286365,-0.48736503281781235,-1.0500014451348696,0.13541040569532445,0.0,-0.09026820358716096,-0.08462433880269339,-0.056405509508021694,0.006097372900811793,0.0
9.38,-0.609035820336744,-0.4877594565098816,-1.0614314387602437,0.1360728654379934,0.0,-0.07850186666156214,-0.07185184152557905,-0.06630433170036085,0.007184676436095248,0.0
9.39,-0.6102490576864552,-0.4879419973139836,-1.0710669042585645,0.1366060578943325,0.0,-0.06688273139432388,-0.05939737817592356,-0.07759774058770595,0.008419138175428916,0.0
9.4,-0.6111268153194579,-0.4880386684938446,-1.0774795542515443,0.13711147715516062,0.0,-0.05536674253937679,-0.04741417594428377,-0.08866078357185157,0.009619315228741689,0.0
9.41,-0.6116497649493343,-0.4881058858690022,-1.0814401281576667,0.13749324976957308,0.0,-0.04399877658337197,-0.036040965247689176,-0.09838790789130228,0.010679424182235761,0.0
9.42,-0.6118004391051611,-0.4881628439615676,-1.082909483492473,0.13760866515396258,0.0,-0.032786120807488175,-0.025398056622872225,-0.10552476112488093,0.011465322937565426,0.0
9.43,-0.6117028321673629,-0.48821528040505857,-1.0825851935646902,0.13752364994141558,0.0,-0.02171171216944745,-0.015581925124174896,-0.10876284384556055,0.011833484918043192,0.0
9.44,-0.6112135867862145,-0.48826352459716627,-1.0796566091595698,0.13709382609190796,0.0,-0.010855374481038486,-0.006661903735984528,-0.10767463263245043,0.011743327898682281,0.0
9.450000000000001,-0.6105651544329016,-0.4883065311426988,-1.075460128253503,0.1365236396755016,0.0,-0.00011691116768985498,0.0013244337442730333,-0.1008798404928526,0.011014237546909335,0.0
9.46,-0.6095231534549782,-0.48834221529568494,-1.0687232755856384,0.1356022819557781,0.0,0.010330123424832676,0.008370718823358077,-0.08909199040743103,0.009735097540742456,0.0
9.47,-0.6083936268383116,-0.4883689144724185,-1.0611861959599562,0.13460581365969404,0.0,0.020690253406756197,0.014504247736428284,-0.07087622729038011,0.007685370491703233,0.0
9.48,-0.6068860342038138,-0.48838450611915596,-1.051279389633125,0.13327495097574502,0.0,0.03067499989497955,0.019781090401515274,-0.048216610482959,0.005114029177965922,0.0
9.49,-0.6053451444759532,-0.48838756468064715,-1.0409451530369902,0.13192101361619815,0.0,0.04061440853875252,0.02428696697289087,-0.01943519682203175,0.0017477198560058877,0.0
9.5,-0.6034591241250814,-0.4883762702930568,-1.0285047687124373,0.13026563295447444,0.0,0.050083881914267506,0.028121981321614004,0.010017757908495425,0.0,0.00198550730980555
9.51,-0.6015731037742095,-0.48834945999646273,-1.0158893302232175,0.12862020315039896,0.0,0.059553355289782485,0.03139870906714048,0.042424148566835865,0.0,0.0064270901797017005
9.52,-0.599399318311142,-0.4883056519876492,-1.0015642407241527,0.12672776708123293,0.0,0.06846139646755321,0.03424057948281846,0.07646344228570323,0.0,0.010985033654500896
9.53,-0.5972220341840966,-0.4882438950647185,-0.9871026802607282,0.12484475215570033,0.0,0.077362611721946,0.03678489899801495,0.11429612332380319,0.0,0.01605671994860514
9.540000000000001,-0.594863511854356,-0.48816321043575855,-0.971602180334881,0.1228128889754665,0.0,0.08571217053969685,0.039172943497828135,0.15201961287436158,0.0,0.02104388844117428
9.55,-0.5924821278913373,-0.4880617825209234,-0.9559350302473865,0.12077526993319328,0.0,0.093992142664558,0.04154684636468629,0.19084662277219053,0.0,0.026252737021307617
9.56,-0.5900085998470853,-0.48789411630459845,-0.9403631253052525,0.11866935372464721,0.0,0.10174083111555463,0.04404004803597909,0.22709036031253677,0.0,0.031141418698542252
9.57,-0.5875102799882939,-0.48760057854244077,-0.9256919908740284,0.11653961138845494,0.0,0.10934657510247155,0.04677240146644705,0.26150050108135764,0.0,0.03592647565517009
9.58,-0.58499147738169,-0.4871292245725547,-0.9121529357071979,0.11444566024479408,0.0,0.11645200517998787,0.04984194790581767,0.2911781886561836,0.0,0.040164711063668236
9.59,-0.5824633855673261,-0.4864367827449929,-0.9000313333310976,0.11245236308775117,0.0,0.12333053602054894,0.053322620579465574,0.31666212442274605,0.0,0.04398878116627268
9.6,-0.5799690395505304,-0.4854902934758793,-0.8897721816037416,0.11064644401516541,0.0,0.1297503197178565,0.057260179687114526,0.33625550877804544,0.0,0.04709956395541567
9.61,-0.5774983397207946,-0.4842677941150652,-0.8814674954005263,0.10905939958908231,0.0,0.1358486524036502,0.061671537551297916,0.3503616502917302,0.0,0.04954915171557212
9.620000000000001,-0.5750981814459674,-0.4827593087577218,-0.8754784884907617,0.10776441259883426,0.0,0.14154040171401944,0.06654487442115017,0.358613192255361,0.0,0.0512170005357937
9.63,-0.5727720375410602,-0.480967258084662,-0.8718750985688624,0.10678609119799778,0.0,0.14680555123663416,0.0718403562295894,0.3611219476038951,0.0,0.052066355686043855
9.64,-0.5705357981603627,-0.4789063155458802,-0.8707151133944437,0.10614913567096783,0.0,0.1517268781533339,0.07749394201651293,0.35876086251876677,0.0,0.05217954273592721
9.65,-0.5684413741204845,-0.4766037376850399,-0.8722188087433401,0.10589947272002725,0.0,0.15610585950435812,0.08341843854936007,0.3510746943749444,0.0,0.05141208404331558
9.66,-0.5664387847860761,-0.4740976387804779,-0.8759072969177153,0.10598046992309978,0.0,0.16021437602066105,0.0895100348443142,0.34002574967244975,0.0,0.050063553455600145
9.67,-0.5646632445514271,-0.4714374923156408,-0.8823298789658198,0.10648991701480529,0.0,0.16365420419168317,0.09564851181625829,0.3243193082251827,0.0,0.047854377897540705
9.68,-0.5629640364154689,-0.46868045102770967,-0.8902475149493964,0.10725958712551752,0.0,0.16690752230085906,0.10170571532493605,0.30692499652228833,0.0,0.04530914440883919
9.69,-0.5615945439262499,-0.46589238990936893,-0.9007422470210812,0.10847245295643967,0.0,0.16935521228346753,0.10754403615399212,0.28549998872076254,0.0,0.041981222107721636
9.700000000000001,-0.5602684481409015,-0.46314205540974956,-0.9116269220094355,0.10982134577018858,0.0,0.17171094397878806,0.11302648893504778,0.2640611607629373,0.0,0.03862518634945243
9.71,-0.5593921673373128,-0.4605031971833793,-0.9247556193719084,0.11161068374274326,0.0,0.1731135107645713,0.11801293338070594,0.23906225509493773,0.0,0.034594210826432006
9.72,-0.558515886533724,-0.4580466701882282,-0.9369020933881572,0.11337610938938829,0.0,0.17451607755035453,0.12237164727538188,0.2156506572604375,0.0,0.030865839685383263
9.73,-0.5645345636821294,-0.45596072088127315,-0.9906144143759262,0.12125609967067955,0.0,0.17483422086211475,0.1259714828985417,0.18914402041630574,0.0,0.026596657535894342
9.74,-0.5706370701065473,-0.4544807596072794,-1.0443375243365165,0.12911294646004154,0.0,0.17513917969394777,0.12869616220688168,0.1652848374824457,0.0,0.022864416159619982
9.75,-0.5756219267503669,-0.4537838834002244,-1.0835921645945277,0.13565413582709898,0.0,0.1744246468818071,0.13044157975496096,0.13977719338292768,0.0,0.01889027878531992
9.76,-0.5804658015314326,-0.4536311213840519,-1.116797009995657,0.14152121653618305,0.0,0.17358151400771096,0.13116938234931053,0.11762480646832515,0.0,0.01557790380533941
9.77,-0.5843531328578926,-0.45382975746972676,-1.1432859491140266,0.1456471920252242,0.0,0.17179431226209094,0.13125841311789982,0.0949220638746032,0.0,0.012340285646851622
9.78,-0.587983101501825,-0.45445009451201823,-1.162003019900046,0.14916319037791204,0.0,0.16975310418137363,0.1308189831134905,0.07666968307443517,0.0,0.009912337707464698
9.790000000000001,-0.5908086879159012,-0.45553382015033533,-1.1712618184486647,0.15165621421122527,0.0,0.16685324670172014,0.1297826640141684,0.056682576697593676,0.0,0.007170117841363055
9.8,-0.5932694759289201,-0.4570822242016618,-1.1741538190303251,0.15343366316410914,0.0,0.16356397991368885,0.1280901369989776,0.03688368964965608,0.0,0.004546140810236008
9.81,-0.595069097835587,-0.45906135413981475,-1.1699201427674717,0.1541908251286736,0.0,0.15951147989944908,0.1256876990365987,0.01560149214666529,0.0,0.0017680768274891403
9.82,-0.5964054307239115,-0.4614090242449635,-1.1604545188179007,0.1541005614586008,0.0,0.15492417090341173,0.122529506764714,-0.005232731945743527,0.0009064925384384831,0.0
9.83,-0.5972148685281453,-0.46404113885277415,-1.1464061041574878,0.1531354106009325,0.0,0.14967904155403067,0.11858233628326326,-0.024653896740117642,0.0035372187881923165,0.0
9.84,-0.5974714717979945,-0.4668563296127595,-1.1285012507249808,0.1513264683872766,0.0,0.14374370684929488,0.11382624107669666,-0.04288496823806848,0.006109746457259001,0.0
9.85,-0.5973265059047702,-0.4697432885548872,-1.1084213612312208,0.14888467467019692,0.0,0.137265961364219,0.10825660502701537,-0.05899767779548388,0.008460015306597367,0.0
9.86,-0.5965481050623633,-0.4725828325545947,-1.0856713988733804,0.1456933084912078,0.0,0.12993261745009252,0.10188050324871611,-0.07457989426147922,0.01084953634418814,0.0
9.870000000000001,-0.5954845158766561,-0.4752557092296122,-1.062768269171834,0.14216483713603562,0.0,0.12218226902876694,0.09472046432308988,-0.08745838824012707,0.012879806489362523,0.0
9.88,-0.5937158364282124,-0.47764216704088464,-1.0380589728436986,0.13803121570438184,0.0,0.11340093240455745,0.08680775962231323,-0.1008103492309865,0.015106182369061937,0.0
9.89,-0.5917694043549987,-0.4796301867678012,-1.0148372737454041,0.13387289640067376,0.0,0.10433799424643271,0.07818742539915041,-0.11123413423411835,0.01687684586487877,0.0
9.9,-0.5890551718067375,-0.4811127994117014,-0.9903959793644093,0.129270825359455,0.0,0.09405868141144788,0.06890859505777246,-0.12345141135001785,0.01905668339806837,0.0
9.91,-0.5862616772509915,-0.4819968372163336,-0.9688083518397245,0.12494358549759423,0.0,0.08364316671596467,0.059031116491840036,-0.13276041655310994,0.02071852158477037,0.0
9.92,-0.5826466171091319,-0.48229910894989864,-0.9458600853683918,0.12032500548350987,0.0,0.07181589416951215,0.04861131961846414,-0.14537693677158767,0.02304913015477194,0.0
9.93,-0.5790315569672722,-0.48232363942143347,-0.920372092144196,0.11631933311095372,0.0,0.05998862162305963,0.03770968671265026,-0.15529530938495,0.02483995429539047,0.0
9.94,-0.5745706782465906,-0.48212921750765303,-0.8910480886467269,0.11210894340926063,0.0,0.046582600377506236,0.026388055637397934,-0.1699397540863891,0.027553780957594545,0.0
9.950000000000001,-0.5700995160173513,-0.4816147646046042,-0.8641091957478002,0.10806655230825311,0.0,0.03315738461889216,0.014710419383335564,-0.1828649669587676,0.029848896590637438,0.0
9.96,-0.5649078611303078,-0.4806732103210615,-0.8353151321828524,0.10355249648858618,0.0,0.01826882973418218,0.002728216729177769,-0.20062362470630885,0.03307654917357302,0.0
9.97,-0.559625322319909,-0.47920820193185926,-0.808340385172194,0.09923184085297912,0.0,0.0031956872627174025,-0.009512904849157275,-0.21813172773044973,0.03615156150048119,0.0
9.98,-0.5537386716714797,-0.47713171264363136,-0.7807024955413339,0.09474379419131931,0.0,-0.013167383123319446,-0.021979729146301075,-0.24029696039186083,0.040110524276689194,0.0
9.99,-0.5476894817861404,-0.47436870225685274,-0.7552053947908866,0.09057097239076152,0.0,-0.029877514907105517,-0.03464691064971305,-0.2633998496171734,0.044152293357703064,0.0
10.0,-0.5411436157812993,-0.4708566388994436,-0.7303528580695142,0.08649618730160571,0.0,-0.047538699481011915,-0.04749904762078042,-0.2899703075224858,0.048847514375862225,0.0
10.01,-0.5343725003272385,-0.46654894087973364,-0.7080341176356488,0.08283125381307682,0.0,-0.06563119957169482,-0.0605279405976991,-0.31792754693726794,0.05375497622019872,0.0
10.02,-0.5272031993709616,-0.46141569638376506,-0.6876463120804034,0.07948057869760053,0.0,-0.08435098077099266,-0.07373165424363554,-0.34795977913198334,0.0590636310030107,0.0
10.03,-0.5197548838544005,-0.4554454913158988,-0.6701783147818348,0.07659462966984432,0.0,-0.10351030726192005,-0.08711301077961124,-0.3792512698643591,0.06461335023665543,0.0
10.040000000000001,-0.5119979283516615,-0.44864674918724506,-0.6557742409835274,0.07417675638320552,0.0,-0.1230362515612957,-0.10067701356330444,-0.41132311723611775,0.07033993422015913,0.0
10.05,-0.5039171382788155,-0.4410475224691257,-0.6444824648085951,0.0722258303994308,0.0,-0.14294686254582897,-0.11443007285699087,-0.44414553234407655,0.07625688181597706,0.0
10.06,-0.49560830863459326,-0.4326968319448667,-0.6370028548606884,0.07082264264202029,0.0,-0.16302653641995504,-0.12837692168316675,-0.4766728787326666,0.08216573846550024,0.0
10.07,-0.48693976951168344,-0.4236620489113417,-0.6324039106414484,0.06982626779971236,0.0,-0.18337288999144177,-0.14252008807961022,-0.5092044515383951,0.0881473654354279,0.0
10.08,-0.47811484613095173,-0.4140297233302541,-0.6317550375582744,0.06937647130207356,0.0,-0.20375385991500455,-0.15685749501696347,-0.5407245419122941,0.09398866952481359,0.0
10.09,-0.4689032834641974,-0.4039004238531528,-0.6331636248560737,0.06920827212825024,0.0,-0.22422041416679703,-0.17138168178068414,-0.5714011744660782,0.09973171728462099,0.0
10.1,-0.45959804675193383,-0.39338883505949623,-0.63793331440336,0.06950675957073452,0.0,-0.24465024661447346,-0.1860791324256364,-0.6008011178756337,0.1052678597658511,0.0
10.11,-0.44988818604755426,-0.38261630960690857,-0.643321504806898,0.06990405652315804,0.0,-0.26492145963992386,-0.2009286112281424,-0.6284869894367456,0.1104929908202196,0.0
10.120000000000001,-0.44013841640872725,-0.37171040358560764,-0.6508050541017928,0.07062274522178597,0.0,-0.28514772108641023,-0.21590309471013783,-0.655116000980504,0.1155202930150439,0.0
10.13,-0.42997498317294164,-0.3607958109786762,-0.6570004496479329,0.07121902091991056,0.0,-0.3049080509788708,-0.2309664206970379,-0.6791468057859109,0.11998999264032148,0.0
10.14,-0.41981154993715836,-0.3499937799043336,-0.6635394626667377,0.07194619908360703,0.0,-0.3246683808713266,-0.24607839327500738,-0.7027519534567372,0.12434322419796871,0.0
10.15,-0.4092441807515635,-0.3394127166839144,-0.666795418237442,0.0723294855153377,0.0,-0.3436122127516528,-0.26118911869633593,-0.7228895209837368,0.127879375487429,0.0
10.16,-0.398671900490591,-0.3291475003894555,-0.6683218151200981,0.07261336509344608,0.0,-0.3625461176044758,-0.27624630744161033,-0.7431158169322626,0.13135641273405463,0.0
10.17,-0.38777628469460734,-0.31927261768020143,-0.6652631687554863,0.07241365526601039,0.0,-0.38046596952631806,-0.2911896857483509,-0.75974651061781,0.13391883717134867,0.0
10.18,-0.3768398829146673,-0.30984153260378744,-0.6586802519179235,0.07189379885256161,0.0,-0.3982579074328556,-0.30595828165612454,-0.7766318855841357,0.13640661023514267,0.0
10.19,-0.36565180091327015,-0.3008827169778028,-0.646770567812559,0.07079574511859651,0.0,-0.41490134587089567,-0.3204851031483196,-0.7900229842913319,0.1379592265945814,0.0
10.200000000000001,-0.3543960031205816,-0.2924003351429804,-0.6303966823721512,0.0692322157010821,0.0,-0.4312357749245,-0.33470367214091495,-0.803561971479031,0.13938259494488286,0.0
10.21,-0.3429512353187465,-0.28437352190437776,-0.608782451426476,0.06706683903566911,0.0,-0.446396542484307,-0.3485442044441551,-0.8140972649486077,0.1399625303981412,0.0
10.22,-0.33142076701952894,-0.2767586145539495,-0.5827224045632022,0.06438529336750372,0.0,-0.4610250384194718,-0.36193840524824133,-0.8244500536676053,0.1403324717069222,0.0
10.23,-0.31975509382223116,-0.269491264168787,-0.552280383299844,0.061160392113936576,0.0,-0.4746622531557335,-0.37481932804401225,-0.8331066428661904,0.14014517539013646,0.0
10.24,-0.30799468052270357,-0.2624897465956142,-0.5181769690957663,0.057465821128068036,0.0,-0.4876048622715178,-0.3871239843819024,-0.8414791965355787,0.13972764599019322,0.0
10.25,-0.2961438823349185,-0.25565888606306203,-0.4810391032666708,0.05336256829031089,0.0,-0.4997673138261404,-0.3987954610394078,-0.849519525565172,0.13906505083435966,0.0
10.26,-0.2841982495413002,-0.24889376837683475,-0.44146891877210437,0.04891962970560433,0.0,-0.5111112000627446,-0.40978296773691897,-0.8571921756244304,0.13818003534284995,0.0
10.27,-0.27219810676800327,-0.24208448329499746,-0.4004035390092729,0.044258834446611245,0.0,-0.5218686195878885,-0.42004556940924453,-0.8657256293208602,0.13733338028520664,0.0
10.28,-0.26011197998651353,-0.23511976687655087,-0.35833874994425013,0.03944704041191579,0.0,-0.5317009468855132,-0.4295496178326655,-0.8736977435813789,0.13626824283345096,0.0
10.290000000000001,-0.24799827303268007,-0.2278919039525718,-0.31635166575664253,0.03463639417553185,0.0,-0.5411230655333389,-0.4382739707849656,-0.8835408874004829,0.13548423380584082,0.0
10.3,-0.23581637776953812,-0.22030015820760757,-0.2749141720242096,0.029892355838839195,0.0,-0.5495309978321841,-0.44620493004108985,-0.89251012797321,0.13447175233635528,0.0
10.31,-0.2236248870401465,-0.21225543592035206,-0.23512176278653915,0.025366090116654645,0.0,-0.5576875467548501,-0.4533428148609419,-0.9041621152743127,0.13393437400403724,0.0
10.32,-0.21139194880157153,-0.20368348525796698,-0.19751536683271037,0.021122348028718686,0.0,-0.5647582479951166,-0.4596945246743248,-0.9144939971045759,0.13313838389710253,0.0
10.33,-0.19915845470159127,-0.19452888001592794,-0.16305588710567864,0.01728042127637218,0.0,-0.5717189583447871,-0.4652813024916606,-0.9280914273230316,0.13295838901337334,0.0
10.34,-0.18691919899380252,-0.18475779450473334,-0.13238811850208815,0.013905777868151005,0.0,-0.5775395924666752,-0.4701290800774,-0.9397771611525397,0.13246713002539373,0.0
10.35,-0.17467994328601377,-0.1743605948986651,-0.10610555563035401,0.01105647082892385,0.0,-0.5833602265885632,-0.4742770377715995,-0.954978426642304,0.13266674221853095,0.0
10.36,-0.16247999430558743,-0.16335374599710029,-0.08491947294095005,0.008801724510973998,0.0,-0.5880319263392185,-0.4777665515020552,-0.9676883450413778,0.13250659859823152,0.0
10.370000000000001,-0.15028052321850285,-0.15178021645636672,-0.06882273064453215,0.007118609957254737,0.0,-0.5926896572829286,-0.4806485527580296,-0.9833198280499748,0.13296689775186626,0.0
10.38,-0.13816220805793425,-0.13970977029043247,-0.05839512422993265,0.006067777817892339,0.0,-0.5963921447051074,-0.48297522625578393,-0.9968030102130055,0.1331696702232585,0.0
10.39,-0.12605413001626672,-0.12723670268604714,-0.05296545723590819,0.005549849626507394,0.0,-0.59997413641084,-0.4848041357526236,-1.012038379727853,0.13381513958208469,0.0
10.4,-0.11405982014674518,-0.11447791445971428,-0.05276010912279667,0.005596959346549057,0.0,-0.6027771426567027,-0.48619182066404887,-1.0252702092332346,0.13426811748795392,0.0
10.41,-0.10209612015890618,-0.10156814782110263,-0.05653253807781478,0.006051581005473211,0.0,-0.6053705590646583,-0.48719586489930883,-1.0390792573831027,0.13498513668001424,0.0
10.42,-0.09026820358716096,-0.08865584135722886,-0.06404080359193044,0.006903419024960059,0.0,-0.607343815286365,-0.4878705666494523,-1.0509739686192607,0.13554841856630298,0.0
10.43,-0.07850186666156214,-0.07589662991030705,-0.07368953758474552,0.007965098652226294,0.0,-0.609035820336744,-0.4882674517375657,-1.0623913495048602,0.13620810246822626,0.0
10.44,-0.0668827313943225,-0.06344796699221203,-0.08477040892972025,0.009178745430257684,0.0,-0.6102490576864553,-0.48845174300724203,-1.072017694997264,0.13673862469657333,0.0
10.450000000000001,-0.055366742539375416,-0.05146246272279972,-0.09566895352696138,0.010363981079969269,0.0,-0.611126815319458,-0.4885490779824428,-1.078439632317293,0.1372411315543904,0.0
10.46,-0.04399877658337063,-0.04007856164857124,-0.10528802265604544,0.011415915797849539,0.0,-0.6116497649493343,-0.488616555580565,-1.0823975238691592,0.1376212302500312,0.0
10.47,-0.032786120807486836,-0.029416607932190267,-0.11237803265325433,0.012200982304981305,0.0,-0.6118004391051612,-0.48867362029937655,-1.0838640623719802,0.13773584883644138,0.0
10.48,-0.021711712169446153,-0.01957344742594977,-0.11563174100699274,0.0125759579191473,0.0,-0.6117028321673628,-0.48872610164218117,-1.0835374711638888,0.13765036411710327,0.0
10.49,-0.01085537448103719,-0.010619107389867686,-0.11461947582435851,0.012500268223815666,0.0,-0.6112135867862144,-0.48877436209890013,-1.0806068518358467,0.13722019565536975,0.0
10.5,-0.00011691116768985498,-0.0025921437639137125,-0.10795508672385029,0.011792995490894008,0.0,-0.6105651544329016,-0.4888173675445363,-1.07640873741116,0.13664971507549803,0.0
10.51,0.010330123424832676,0.004499853278048386,-0.09634441048096533,0.010542420003040362,0.0,-0.6095231534549782,-0.48885303644779154,-1.069670478946413,0.13572808700051825,0.0
10.52,0.020690253406755003,0.010682778269270584,-0.07834227987633464,0.008527134231176976,0.0,-0.6083936268383117,-0.48887970655817276,-1.0621321727654727,0.1347313631772929,0.0
10.53,0.03067499989497955,0.01601117660117226,-0.0559242768133463,0.005995015828539098,0.0,-0.6068860342038138,-0.48889525490454033,-1.0522242965250062,0.13340025737890093,0.0
10.540000000000001,0.04061440853875252,0.020569179878691436,-0.027402604283000884,0.0026714495279853596,0.0,-0.6053451444759532,-0.48889825555906863,-1.0418892553108605,0.13204608926861167,0.0
10.55,0.050083881914267506,0.02445859531065157,0.0028850627267323534,0.0,0.0010168944445365698,-0.6034591241250814,-0.4888868924114772,-1.0294481820056454,0.13039049072330927,0.0
10.56,0.059553355289782485,0.027791783311060643,0.03503127128385619,0.0,0.0054143772093631975,-0.6015731037742095,-0.4888600117684771,-1.0168319566565056,0.12874485929495375,0.0
10.57,0.06846139646755321,0.030690093289154455,0.06867867455041898,0.0,0.009924941194148742,-0.599399318311142,-0.48881613038197513,-1.0025063795967901,0.12685223051018954,0.0
10.58,0.07736261172194707,0.03328861265243953,0.10610898524377163,0.0,0.014947033572260572,-0.5972220341840964,-0.48875429116115426,-0.9880443511085695,0.12496902207260822,0.0
10.59,0.08571217053969585,0.03572654195006038,0.14345386924005338,0.0,0.019884388681368898,-0.5948635118543563,-0.4886735106999575,-0.9725435803379359,0.12293696738052409,0.0
10.6,0.09399214266455702,0.03814420965417256,0.18195107984491707,0.0,0.02504525680873861,-0.5924821278913376,-0.4885719154183431,-0.9568763352029171,0.12089916506981047,0.0
10.61,0.10174083111555463,0.04067361802537743,0.2179329410028715,0.0,0.02988971780042984,-0.5900085998470853,-0.48840385399187825,-0.9413087916599505,0.1187930167151203,0.0
10.620000000000001,0.10934657510247155,0.043433609733333677,0.25216354982298933,0.0,0.03463599624877981,-0.5875102799882939,-0.4881097116939176,-0.9266433725638342,0.11666315131263943,0.0
10.63,0.11645200517998869,0.04652168287578029,0.2817493194248465,0.0,0.03884225312442851,-0.5849914773816897,-0.48763757120591256,-0.9131119755941852,0.11456928587333935,0.0
10.64,0.12333053602054977,0.050011693109188585,0.3072286885953189,0.0,0.04264210906888082,-0.5824633855673258,-0.4869441972943933,-0.9009995605116534,0.11257626845111178,0.0
10.65,0.12975031971785722,0.053949753069759944,0.3268960881925572,0.0,0.04573697912472887,-0.57996903955053,-0.4859966748255564,-0.8907507731740681,0.11077079913142225,0.0
10.66,0.13584865240365093,0.058353495522709305,0.34114252007109275,0.0,0.04817906010538828,-0.5774983397207942,-0.4847730911911481,-0.8824570175686031,0.10918434227471621,0.0
10.67,0.14154040171401944,0.06321210960663022,0.349584244215071,0.0,0.04984751496538373,-0.5750981814459674,-0.4832635236980356,-0.8764791056851579,0.10789004046754451,0.0
10.68,0.14680555123663416,0.06848696952687845,0.35231564796904996,0.0,0.05070495167979779,-0.5727720375410602,-0.48147044650204923,-0.8728864171119413,0.1069124565788655,0.0
10.69,0.15172687815333444,0.07411535660357957,0.3501940252262993,0.0,0.05083278843480733,-0.5705357981603625,-0.47940858354845656,-0.8717362461011372,0.10627624219030687,0.0
10.700000000000001,0.15610585950435865,0.08001143005629632,0.34274741854440205,0.0,0.05008545371041084,-0.5684413741204842,-0.4771052357919013,-0.8732482846517737,0.10602727473068464,0.0
10.71,0.16021437602066146,0.08607269755944764,0.3319286702575903,0.0,0.04876131506049666,-0.5664387847860759,-0.4745985527165276,-0.8769432562377589,0.10610887487437877,0.0
10.72,0.16365420419168358,0.09218016308224129,0.31642949202896736,0.0,0.0465795671292422,-0.564663244551427,-0.47193803181121835,-0.8833700232913244,0.10661879066436292,0.0
10.73,0.16690752230085906,0.09820676653520838,0.29921766505749653,0.0,0.04406358436350381,-0.5629640364154689,-0.4691808363024535,-0.8912892994511757,0.10738876188880003,0.0
10.74,0.16935521228346753,0.10401582465984821,0.2779392777401565,0.0,0.04076561856642725,-0.5615945439262499,-0.4663928375174322,-0.9017827915106751,0.10860173766734257,0.0
10.75,0.1717109439787879,0.10947110336930155,0.2566159026130744,0.0,0.03743923003161205,-0.5602684481409016,-0.4636427632048979,-0.9126634442677524,0.1099505382273174,0.0
10.76,0.17311351076457146,0.1144330160204362,0.23169100575610593,0.0,0.03343674517341955,-0.5593921673373127,-0.4610043313326991,-0.9257854562910554,0.1117395833384954,0.0
10.77,0.1745160775503547,0.11877020899926442,0.20832151899158713,0.0,0.0297349997589742,-0.5585158865337239,-0.4585483522858585,-0.9379227715957645,0.11350453161262118,0.0
10.78,0.17483422086211475,0.12235170064817116,0.18181440004170804,0.0,0.025490070890581633,-0.5645345636821294,-0.45646301176904175,-0.9916206610452503,0.12138388716116823,0.0
10.790000000000001,0.17513917969394777,0.12506120446337193,0.1579237490018992,0.0,0.02177934499454778,-0.5706370701065473,-0.4549836384085082,-1.0453245859791862,0.12923997799706047,0.0
10.8,0.1744246468818071,0.12679443722833886,0.13234625640954356,0.0,0.017823832801473812,-0.5756219267503669,-0.45428717144627195,-1.084557617616235,0.1357803434353685,0.0
10.81,0.17358151400771096,0.12751421434907592,0.11009751347199341,0.0,0.014527176410147119,-0.5804658015314326,-0.45413454022191924,-1.1177478153618134,0.1416465366744246,0.0
10.82,0.17179431226209094,0.1276003503948776,0.08732931019873659,0.0,0.011304157129792065,-0.5843531328578926,-0.4543330814507037,-1.144228789608399,0.14577192652218532,0.0
10.83,0.16975310418137338,0.12715990445047928,0.06902529711284995,0.0,0.008884177567970438,-0.5879831015018254,-0.4549531017105838,-1.162938774520382,0.14928752478559676,0.0
10.84,0.16685324670172014,0.126124102857316,0.04894682679946414,0.0,0.0061465205278579725,-0.5908086879159012,-0.4560362577324538,-1.1721922725818916,0.15178035004248175,0.0
10.85,0.16356397991368885,0.1244331614585753,0.029034514061875467,0.0,0.0035253387643189725,-0.5932694759289201,-0.45758382538303966,-1.1750810182544245,0.15355780157711604,0.0
10.86,0.15951147989944855,0.12203282572004717,0.007618670774570804,0.0,0.0007486189825533724,-0.5950690978355871,-0.4595618558257388,-1.170846566387073,0.15431519698587617,0.0
10.870000000000001,0.1549241709034112,0.11887787351429878,-0.012867275082668298,0.0019256435536246113,0.0,-0.5964054307239117,-0.46190816140191326,-1.1613829450487156,0.1542254121484635,0.0
10.88,0.14967904155402995,0.11493601432100355,-0.03211155578708949,0.004555958115472448,0.0,-0.5972148685281453,-0.464538674163591,-1.1473395746060173,0.15326097390381543,0.0
10.89,0.1437437068492942,0.11018780180277431,-0.050217001481040545,0.007129204724964178,0.0,-0.5974714717979945,-0.4673520825822358,-1.1294420220738777,0.15145299865774023,0.0
10.9,0.13726596136421812,0.1046289497589867,-0.06622710065650085,0.009482074739372641,0.0,-0.5973265059047701,-0.4702371468681342,-1.1093715029197102,0.14901239630565186,0.0
10.91,0.12993261745009166,0.0982667402671061,-0.08172795372688528,0.011876516113185947,0.0,-0.5965481050623632,-0.4730747582141454,-1.0866326788992637,0.14582239372104502,0.0
10.92,0.12218226902876694,0.09112378739220683,-0.09454750935935054,0.013914334097335453,0.0,-0.5954845158766561,-0.475745741882299,-1.0637421816428794,0.1422953966926845,0.0
10.93,0.11340093240455745,0.08323131634155212,-0.10786610278730235,0.016151086239410806,0.0,-0.5937158364282124,-0.47813042631137287,-1.0390469271536196,0.13816329311880823,0.0
10.94,0.10433799424643025,0.07463418849512604,-0.11828112811309875,0.017935048728373475,0.0,-0.591769404354998,-0.4801168714638299,-1.015840051677556,0.13400646538788846,0.0
10.950000000000001,0.09405868141144542,0.06538122979489788,-0.13051676385251468,0.02013107894614407,0.0,-0.5890551718067368,-0.48159818479747973,-0.9914140297414857,0.12940578642787504,0.0
10.96,0.08364316671596185,0.05553186456345048,-0.13986692649052504,0.02181186207265306,0.0,-0.5862616772509907,-0.4824812695238187,-0.9698417611707962,0.1250797672084346,0.0
10.97,0.07181589416950933,0.045141878666613004,-0.15254956548125137,0.02416389794427272,0.0,-0.582646617109131,-0.4827831865830491,-0.9469043032176016,0.12046216603719193,0.0
10.98,0.059988621623056806,0.03427113570216286,-0.16255053860034793,0.02597826614691684,0.0,-0.5790315569672714,-0.48280767291925036,-0.9214229728636295,0.11645719511986416,0.0
10.99,0.046582600377506236,0.02298078373627231,-0.17729743333371184,0.028717255135063968,0.0,-0.5745706782465906,-0.4826135766085871,-0.8920998488885441,0.11224684020286098,0.0
11.0,0.03315738461889377,0.011334084497372783,-0.19033547665968575,0.031038608186714507,0.0,-0.5700995160173519,-0.4820998640255497,-0.8651608548090799,0.10820434366576805,0.0
11.01,0.018268829734183978,-0.0006182860313931901,-0.2082170173320169,0.03429294408510569,0.0,-0.5649078611303084,-0.4811594451083128,-0.8363672773706732,0.10368978936374922,0.0
11.02,0.0031956872627191997,-0.012831431089981273,-0.225847481746472,0.037394428878463004,0.0,-0.5596253223199097,-0.4796959438778208,-0.8093930810834382,0.09936825916183334,0.0
11.03,-0.013167383123319446,-0.02527284600979058,-0.24813182743490678,0.04137895105661279,0.0,-0.5537386716714797,-0.4776213058335291,-0.7817555220356291,0.09487897812280617,0.0
11.040000000000001,-0.029877514907105517,-0.03791781782835352,-0.27134090011787115,0.045444681030304926,0.0,-0.5476894817861404,-0.47486045673968813,-0.7562580345276559,0.09070458246366095,0.0
11.05,-0.047538699481011915,-0.05075147093201517,-0.29800018174372034,0.05016160326694716,0.0,-0.5411436157812993,-0.47135082333009454,-0.7314039996455034,0.08662790754619588,0.0
11.06,-0.06563119957169482,-0.063765996667745,-0.32602198350324013,0.055087919577136074,0.0,-0.5343725003272385,-0.4670457738327881,-0.7090821791318954,0.08296079790689186,0.0
11.07,-0.08435098077099266,-0.07695969622869922,-0.35609082216132065,0.06041208564048326,0.0,-0.5272031993709616,-0.4619153370000439,-0.6886893833922217,0.07960769619052921,0.0
11.08,-0.10351030726192463,-0.09033546192063692,-0.38738787310340494,0.06597360014295854,0.0,-0.5197548838543987,-0.455948029899607,-0.6712142820932386,0.0767191141145286,0.0
11.09,-0.1230362515612957,-0.10389819786856161,-0.41943337589196855,0.07170802928978204,0.0,-0.5119979283516615,-0.44915219829393443,-0.6568008907253233,0.07429845385803566,0.0
11.1,-0.14294686254582897,-0.11765405113963039,-0.45219762594590224,0.07762879016667805,0.0,-0.5039171382788155,-0.44155580941182554,-0.6454977262284064,0.07234464822776716,0.0
11.11,-0.16302653641995504,-0.1316073439005691,-0.48463897860866073,0.08353750083280947,0.0,-0.49560830863459326,-0.43320779381953006,-0.6380050589258076,0.07093855784642412,0.0
11.120000000000001,-0.18337288999144177,-0.14576007325773546,-0.51706127550584,0.08951524900110665,0.0,-0.48693976951168344,-0.4241754309138389,-0.6333919338552476,0.0699393344496332,0.0
11.13,-0.20375385991500455,-0.16010954165189883,-0.5484546271827072,0.0953493044787023,0.0,-0.47811484613095173,-0.41454518058669904,-0.6327283911055809,0.06948682547584337,0.0
11.14,-0.22422041416679703,-0.17464761310980043,-0.5789935231696447,0.10108220965309977,0.0,-0.4689032834641974,-0.4044175275281412,-0.6341227263598653,0.06931613386063164,0.0
11.15,-0.2446502466144783,-0.18936007743539346,-0.6082514381912935,0.10660587642761454,0.0,-0.4595980467519315,-0.39390708281320147,-0.6388794441386738,0.06961243194352576,0.0
11.16,-0.2649214596399287,-0.2042250207972632,-0.6357977146953462,0.11181681279484354,0.0,-0.44988818604755193,-0.3831351403381379,-0.6442569127798637,0.07000792050944181,0.0
11.17,-0.28514772108641023,-0.21921478906301886,-0.6622950260479494,0.11682883612854171,0.0,-0.44013841640872725,-0.372229215902737,-0.6517327776586539,0.07072525080380569,0.0
11.18,-0.3049080509788708,-0.23429266427938675,-0.6862077719380573,0.1212827948036334,0.0,-0.42997498317294164,-0.36131398466284026,-0.6579242750450547,0.07132067391776012,0.0
11.19,-0.3246683808713313,-0.24941799006888604,-0.7097113523186958,0.12562040565918836,0.0,-0.41981154993715597,-0.35051069917312827,-0.6644635864936682,0.07204754477203813,0.0
11.200000000000001,-0.3436122127516528,-0.2645405222993309,-0.7297677982615797,0.12914157024774817,0.0,-0.4092441807515635,-0.33992779403706114,-0.6677243003678598,0.07243108899777345,0.0
11.21,-0.3625461176044758,-0.2796077393707285,-0.7499337090374045,0.13260468527222025,0.0,-0.398671900490591,-0.32966019999204493,-0.6692599250940207,0.07271579028150119,0.0
11.22,-0.38046596952631806,-0.2945592551898996,-0.7665264502579491,0.13515457998951894,0.0,-0.38777628469460734,-0.3197824768793708,-0.6662147055674663,0.07251744292500974,0.0
11.23,-0.3982579074328556,-0.3093341021567531,-0.7833946944593897,0.1376314388586269,0.0,-0.3768398829146673,-0.3103481802908013,-0.659648863047767,0.07199944511929077,0.0
11.24,-0.41490134587089567,-0.32386540023507554,-0.7967892578654474,0.13917486759249953,0.0,-0.36565180091327015,-0.3013858875517885,-0.6477590724919108,0.07090368132753891,0.0
11.25,-0.4312357749245,-0.33808688059603875,-0.8103498101250415,0.14059078131016495,0.0,-0.3543960031205816,-0.2928998777719805,-0.6314071085370507,0.06934279121161328,0.0
11.26,-0.446396542484307,-0.3519290502381472,-0.8209232072709783,0.1411649008515954,0.0,-0.3429512353187465,-0.28486940492054413,-0.6098159375804739,0.06718030804344982,0.0
11.27,-0.4610250384194718,-0.36532397256545857,-0.8313277215412503,0.1415304824503254,0.0,-0.33142076701952894,-0.27725092531890116,-0.5837793572683444,0.06450180607693529,0.0
11.28,-0.4746622531557335,-0.37820510777703675,-0.8400470964072027,0.14134002309433052,0.0,-0.31975509382223116,-0.26998020468420386,-0.553360451199131,0.061279990330370036,0.0
11.290000000000001,-0.4876048622715178,-0.39050990545345543,-0.8484905794771134,0.1409202058541201,0.0,-0.30799468052270357,-0.2629756258425401,-0.5192793421910338,0.05758843800185494,0.0
11.3,-0.4997673138261404,-0.4021819019431512,-0.8566065731233758,0.14025583062731575,0.0,-0.2961438823349185,-0.25614210969158296,-0.48216254288323884,0.05348803216795968,0.0
11.31,-0.5111112000627446,-0.4131707497338336,-0.8643567154282477,0.13936914460924327,0.0,-0.2841982495413002,-0.24937482656884863,-0.44261193310119734,0.04904767080665443,0.0
11.32,-0.5218686195878885,-0.42343593070764396,-0.8729656365510546,0.13852051859296582,0.0,-0.27219810676800327,-0.24256393709698382,-0.4015643832461704,0.04438909415111571,0.0
11.33,-0.5317009468855132,-0.4329441696558054,-0.8810083365992265,0.13745270294570736,0.0,-0.26011197998651353,-0.23559823318469714,-0.35951535804050455,0.03957908197792279,0.0
11.34,-0.5411230655333389,-0.44167463700821286,-0.890913260310537,0.13666492427205323,0.0,-0.24799827303268007,-0.22837003890565413,-0.317541615430902,0.03476971494209711,0.0
11.35,-0.5495309978321841,-0.44961387197131353,-0.899933344501972,0.1356472342819038,0.0,-0.23581637776953812,-0.22077863918894566,-0.27611457753727675,0.030026400425539338,0.0
11.36,-0.5576875467548518,-0.4567623432236907,-0.9116211751212233,0.1351029161486845,0.0,-0.22362488704014358,-0.21273494133819662,-0.23632913073636727,0.02550026535645844,0.0
11.370000000000001,-0.5647582479951183,-0.4631270028606036,-0.9219734055435905,0.13429802701546098,0.0,-0.2113919488015686,-0.20416467270740812,-0.19872557392836968,0.021256038587437596,0.0
11.38,-0.5717189583447885,-0.4687290427472066,-0.9355717786459564,0.1341070284899969,0.0,-0.19915845470158836,-0.19501236222142843,-0.1642641746107605,0.017413008075642306,0.0
11.39,-0.5775395924666766,-0.47359423939425693,-0.9472408421482678,0.1336025987391156,0.0,-0.1869191989937996,-0.18524411466039503,-0.13358923773755027,0.014036657196825966,0.0
11.4,-0.5833602265885647,-0.47776151495331737,-0.9624047685223094,0.13378691053802355,0.0,-0.17467994328601086,-0.1748502012920313,-0.1072939693167965,0.011185076679003182,0.0
11.41,-0.5880319263392185,-0.4812718942265716,-0.975061120808013,0.13360946319574596,0.0,-0.16247999430558743,-0.16384696850113736,-0.0860896449751048,0.008927550468761914,0.0
11.42,-0.5926896572829286,-0.4841758759283399,-0.9906215173784273,0.13405068377701185,0.0,-0.15028052321850285,-0.1522772453221685,-0.06996954750669357,0.007241233269937426,0.0
11.43,-0.5963921447051074,-0.4865251487723456,-1.0040220311229244,0.134232910099161,0.0,-0.13816220805793425,-0.14021063999249006,-0.059514192534626136,0.006186880674561322,0.0
11.44,-0.59997413641084,-0.4883767365464008,-1.0191640822481929,0.13485675649655102,0.0,-0.12605413001626672,-0.12774128134969012,-0.05405351888402084,0.005665239785544455,0.0
11.450000000000001,-0.6027771426567027,-0.489786618985462,-1.0322985235184174,0.13528747901315166,0.0,-0.11405982014674518,-0.11498590088574295,-0.053815243969072606,0.005708585175976165,0.0
11.46,-0.6053705590646583,-0.4908118245398638,-1.0460088421770566,0.1359821030738555,0.0,-0.10209612015890618,-0.10207907605531624,-0.05755439822704363,0.006159542514297671,0.0
11.47,-0.607343815286365,-0.49150612547631717,-1.057809682452148,0.13652335885989147,0.0,-0.09026820358716096,-0.08916909351060287,-0.06503061684339399,0.007007971135841501,0.0
11.48,-0.609035820336744,-0.49192057310926374,-1.069141032638392,0.13716189699148798,0.0,-0.07850186666156214,-0.07641145620234453,-0.07465004675899291,0.008066648257475622,0.0
11.49,-0.6102490576864553,-0.4921174360759908,-1.0786939095607304,0.13767263723136278,0.0,-0.0668827313943225,-0.06396345585360523,-0.08570577036000494,0.009277840192056732,0.0
11.5,-0.611126815319458,-0.4922191101546056,-1.085196419672662,0.1381543617933241,0.0,-0.055366742539375416,-0.051977636724190056,-0.09658409731434923,0.010461229846055768,0.0
11.51,-0.6116497649493343,-0.492287856669744,-1.0891413306258966,0.13852249127574365,0.0,-0.04399877658337063,-0.04059254572566351,-0.10619055451049647,0.011512270703058469,0.0
11.52,-0.6118004391051612,-0.49234502163048544,-1.0905923296629811,0.13863179191046768,0.0,-0.032786120807486836,-0.02992851680541772,-0.11327489890993522,0.012297276514391109,0.0
11.53,-0.6117028321673628,-0.49239714760247155,-1.0902535165277734,0.13854348458456492,0.0,-0.021711712169446153,-0.020082396077940837,-0.11652922869655584,0.012672973194908912,0.0
11.540000000000001,-0.6112135867862144,-0.49244486884298166,-1.0873133255914476,0.13811144768663308,0.0,-0.01085537448103719,-0.011124253280953574,-0.11552375120465268,0.012598811649120542,0.0
11.55,-0.6105651544329016,-0.49248725686172784,-1.0831069761441023,0.13753947295130423,0.0,-0.00011691116768985498,-0.003092730650500186,-0.10887202786654365,0.011893881241191692,0.0
11.56,-0.6095231534549782,-0.49252227229410833,-1.0763617049758674,0.13661650299194508,0.0,0.010330123424832676,0.004004458626874834,-0.09727933751995588,0.010646427601522833,0.0
11.57,-0.6083936268383113,-0.4925482703630798,-1.0688172025380343,0.1356185029668578,0.0,0.020690253406757387,0.010193058857068036,-0.07929957750413427,0.008634967424904945,0.0
11.58,-0.6068860342038134,-0.4925631356667109,-1.058904084937647,0.1342861518000614,0.0,0.030674999894981934,0.015527446317027517,-0.05690752671487702,0.006107268257961608,0.0
11.59,-0.6053451444759528,-0.492565445760249,-1.0485643150136925,0.1329307546683762,0.0,0.04061440853875478,0.020091572650489067,-0.0284143364128418,0.002788579819557023,0.0
11.6,-0.603459124125081,-0.49255338671077104,-1.036119325376025,0.1312739370373692,0.0,0.05008388191426976,0.023987480041271613,0.001983416706010041,0.0,0.0008945806294340863
11.61,-0.601573103774209,-0.4925258068454485,-1.0234994939896134,0.12962709395146516,0.0,0.05955335528978475,0.027327518184614298,0.03410043896546706,0.0,0.00528692537310302
11.620000000000001,-0.599399318311142,-0.4924812233372617,-1.009170988793482,0.12773325847696745,0.0,0.06846139646755321,0.03023278584410869,0.06770130795041289,0.0,0.009791864145959749
11.63,-0.5972220341840964,-0.49241867885171253,-0.9947062532801454,0.1258488464685428,0.0,0.07736261172194707,0.032838097922173966,0.10508292575609822,0.0,0.014807963600363433
11.64,-0.5948635118543563,-0.49233718970810764,-0.9792032652533366,0.12381559106428754,0.0,0.08571217053969585,0.03528239563322113,0.14238112948304987,0.0,0.01973919861424306
11.65,-0.5924821278913376,-0.492234336925325,-0.9635339793243568,0.12177659126347469,0.0,0.09399214266455702,0.037705787894701304,0.1808367532416977,0.0,0.024894070974505036
11.66,-0.5900085998470853,-0.49206295797119637,-0.9480061017952935,0.11966864927367506,0.0,0.10174083111555463,0.040240098627421936,0.21678446037366658,0.0,0.02973291278419471
11.67,-0.5875102799882939,-0.4917637192756195,-0.9333878965070775,0.11753794558539339,0.0,0.10934657510247155,0.04300400252269949,0.2509902917869856,0.0,0.034474121487374436
11.68,-0.5849914773816897,-0.4912850295073255,-0.919917240989375,0.11544513358299621,0.0,0.11645200517998869,0.04609490046538415,0.2805614391947968,0.0,0.03867604817078084
11.69,-0.5824633855673258,-0.4905840236747278,-0.90787661750629,0.11345481902550344,0.0,0.12333053602054977,0.0495866153831902,0.3060366707793949,0.0,0.042472470530809485
11.700000000000001,-0.57996903955053,-0.4896281864552821,-0.8977072715665735,0.1116534108181407,0.0,0.12975031971785722,0.053525284348223574,0.3257096009177273,0.0,0.045564896746228226
11.71,-0.5774983397207942,-0.4883960173738987,-0.8894969787396343,0.11007203932352935,0.0,0.13584865240365093,0.057928612666402764,0.33996989804379885,0.0,0.04800555730354753
11.72,-0.5750981814459674,-0.4868779997832194,-0.8836027723766684,0.1087834842944007,0.0,0.14154040171401944,0.06278589979651443,0.3484319107797559,0.0,0.049673596203190166
11.73,-0.5727720375410602,-0.4850769895969393,-0.8800903962136392,0.10781193234227554,0.0,0.14680555123663416,0.06805865696789687,0.35118797229009874,0.0,0.05053155768571513
11.74,-0.5705357981603625,-0.48300805070555397,-0.8790134504895557,0.10718166251933671,0.0,0.15172687815333444,0.07368431864480317,0.3490934547753325,0.0,0.050660760973877825
11.75,-0.5684413741204842,-0.4806987661685114,-0.8805882532211607,0.10693819978224779,0.0,0.15610585950435865,0.07957720312054967,0.3416743941823478,0.0,0.04991551065125233
11.76,-0.5664387847860759,-0.47818749622190604,-0.8843325058998949,0.10702454870775055,0.0,0.16021437602066146,0.08563497498746755,0.3308824163020317,0.0,0.0485940347525009
11.77,-0.564663244551427,-0.47552386626608967,-0.890792236203447,0.1075381926004852,0.0,0.16365420419168358,0.09173878536818506,0.31540754104570373,0.0,0.0464153830526509
11.78,-0.5629640364154685,-0.4727650777314749,-0.8987265004463221,0.10831066978644202,0.0,0.16690752230085965,0.09776170690413137,0.29821723763319197,0.0,0.04390278585582223
11.790000000000001,-0.5615945439262495,-0.46997694714768173,-0.909215603434559,0.10952480354825761,0.0,0.16935521228346812,0.10356717000550653,0.27695624467645447,0.0,0.040608360504651685
11.8,-0.5602684481409014,-0.4672280567116567,-0.920072755613257,0.11087336888296,0.0,0.17171094397878822,0.10901903375333907,0.25564664712256613,0.0,0.03728554439696384
11.81,-0.5593921673373127,-0.46459189364820913,-0.9331523039668052,0.1126608267095818,0.0,0.17311351076457146,0.11397778170144877,0.2307306531100877,0.0,0.033286559861120814
11.82,-0.5585158865337239,-0.46213896526844894,-0.9452310924619601,0.11442295867116753,0.0,0.1745160775503547,0.11831210836817366,0.20736637833467877,0.0,0.029588155182949542
11.83,-0.5645345636821294,-0.46005704714600837,-0.9988332161541869,0.12229847360770349,0.0,0.17483422086211475,0.12189106398368175,0.18085937019681886,0.0,0.025346343048072897
11.84,-0.5706370701065473,-0.4585809256685188,-1.0524086536199864,0.13014993977067157,0.0,0.17513917969394777,0.124598370478378,0.1569653021199779,0.0,0.021638465433211716
11.85,-0.5756219267503669,-0.45788660031856265,-1.091495162703479,0.13668526115416704,0.0,0.1744246468818071,0.12632973174523557,0.1313798708622577,0.0,0.01768550022018468
11.86,-0.5804658015314326,-0.45773451949859595,-1.1245792450755643,0.1425461374392489,0.0,0.17358151400771096,0.1270481749820762,0.10912023678118794,0.0,0.014391084961249703
11.870000000000001,-0.5843531328578926,-0.4579321608604515,-1.151003370987161,0.14666798744316148,0.0,0.17179431226209094,0.12713375530166568,0.08634565038435314,0.0,0.011170287608740895
11.88,-0.5879831015018254,-0.4585495634211595,-1.1696686990351097,0.1501809808849622,0.0,0.16975310418137338,0.12669292903064136,0.06803671873721995,0.0,0.00875153345864153
11.89,-0.5908086879159012,-0.4596282826573452,-1.1788867323639023,0.15267260872334185,0.0,0.16685324670172014,0.12565689129972055,0.04794779180557839,0.0,0.006014624735699854
11.9,-0.5932694759289201,-0.4611695775328463,-1.1817534737825144,0.15445042051676675,0.0,0.16356397991368885,0.12396580730262549,0.028022506630933575,0.0,0.00339402274110901
11.91,-0.5950690978355871,-0.46313957225765146,-1.1775131912085626,0.15520983679981717,0.0,0.15951147989944855,0.12156536101323243,0.006591464134680501,0.0,0.0006177447559652183
11.92,-0.5964054307239117,-0.46547624038414126,-1.168060939813706,0.15512375953357058,0.0,0.1549241709034112,0.11841042583088794,-0.013845864629848539,0.0020561685267312174,0.0
11.93,-0.5972148685281453,-0.46809576286920057,-1.1540460328969646,0.1541646580055619,0.0,0.14967904155402995,0.11446884688854056,-0.0330646383006243,0.004686085525667927,0.0
11.94,-0.5974714717979945,-0.47089715620706457,-1.1361932952385068,0.15236351328384865,0.0,0.1437437068492942,0.1097212565634163,-0.05115129393823578,0.007259062332174048,0.0
11.950000000000001,-0.5973265059047701,-0.4737695749877578,-1.1161826426512103,0.1499310162992965,0.0,0.13726596136421812,0.10416342556956054,-0.0671456756732588,0.009611900157007811,0.0
11.96,-0.5965481050623632,-0.47659435706137493,-1.0935172287902446,0.1467501024173458,0.0,0.12993261745009166,0.09780267644275063,-0.08263373047647946,0.012006616111728236,0.0
11.97,-0.5954845158766561,-0.47925281308775336,-1.0707115710767185,0.14323282443604396,0.0,0.12218226902876694,0.09066164706403991,-0.09544366205511805,0.014045068462664222,0.0
11.98,-0.5937158364282124,-0.48162577883143454,-1.0461105704755909,0.13911066819287102,0.0,0.11340093240455745,0.08277156755440698,-0.10875626515024658,0.016282853244536447,0.0
11.99,-0.591769404354998,-0.4836018299432636,-1.0230050050887263,0.13496357714902704,0.0,0.10433799424643025,0.07417728563778492,-0.11916888339524302,0.01806827081229392,0.0
12.0,-0.5890551718067368,-0.48507457935560316,-0.9986848306060565,0.13037196398234188,0.0,0.09405868141144542,0.06492759372587205,-0.13140603777796042,0.020266184757426912,0.0
12.01,-0.5862616772509907,-0.48595141012116516,-0.9772195068148557,0.12605386937585938,0.0,0.08364316671596185,0.05508186519567608,-0.14076114296741804,0.02194927059902478,0.0
12.02,-0.582646617109131,-0.48625097009592827,-0.9543605131363634,0.1214425884035445,0.0,0.07181589416950933,0.04469580395721375,-0.1534523280834364,0.0243039989842685,0.0
12.030000000000001,-0.5790315569672714,-0.48627513417620283,-0.9289264960710132,0.11744204794097546,0.0,0.059988621623056806,0.033829257121807704,-0.16346466336659274,0.02612139947623162,0.0
12.040000000000001,-0.5745706782465906,-0.4860832048072461,-0.8996103570729548,0.11323181305139657,0.0,0.046582600377506236,0.022543237559122825,-0.1782257819206516,0.02886368775777373,0.0
12.05,-0.5700995160173519,-0.4855744710297547,-0.872672372752147,0.10918853892591054,0.0,0.03315738461889377,0.010900883690825626,-0.19128005470428952,0.031188625561652222,0.0
12.06,-0.5649078611303084,-0.4846417210607853,-0.8438846873757695,0.10467055176935063,0.0,0.018268829734183978,-0.0010472408558628906,-0.20917954273708866,0.03444667020523489,0.0
12.07,-0.5596253223199097,-0.4831884440539012,-0.8169171365508962,0.10034304096276633,0.0,0.0031956872627191997,-0.013256349683935152,-0.22682810873247808,0.03755188952958105,0.0
12.08,-0.5537386716714797,-0.48112642461163435,-0.7892852773872396,0.09584533415836291,0.0,-0.013167383123319446,-0.02569404390858028,-0.2491303266210252,0.04154006879399688,0.0
12.09,-0.5476894817861404,-0.47838039024402396,-0.7637884792607476,0.09166018314128081,0.0,-0.029877514907105517,-0.038335706059285705,-0.27235568783538394,0.04560927812525932,0.0
12.1,-0.5411436157812993,-0.474887519587801,-0.7389275134112855,0.08757055939768621,0.0,-0.047538699481011915,-0.051166542000615586,-0.29902902697507266,0.05032940379752694,0.0
12.11,-0.5343725003272385,-0.4706008720955453,-0.7165872817534998,0.08388847761899633,0.0,-0.06563119957169482,-0.06417880615854067,-0.32706166415398746,0.05525855938352197,0.0
12.120000000000001,-0.5272031993709616,-0.4654900987032653,-0.6961623988175122,0.08051859367764896,0.0,-0.08435098077099266,-0.07737084158742506,-0.357137512581317,0.06058512394228356,0.0
12.13,-0.5197548838543987,-0.4595432653170533,-0.6786393260438889,0.07761168838863361,0.0,-0.10351030726192463,-0.09074555934373613,-0.3884372973808868,0.06614853646476271,0.0
12.14,-0.5119979283516615,-0.45276819409309754,-0.6641615212450166,0.07517149526149706,0.0,-0.1230362515612957,-0.10430785870082952,-0.420481072320151,0.07188432247461088,0.0
12.15,-0.5039171382788155,-0.445192264435535,-0.6527784567256053,0.07319734675927161,0.0,-0.14294686254582897,-0.1180638589432511,-0.45323911771931885,0.07780587954067522,0.0
12.16,-0.49560830863459326,-0.43686376826783596,-0.645192134524332,0.07177057124605532,0.0,-0.16302653641995504,-0.1320178336116987,-0.48567025506800643,0.08371482774755128,0.0
12.17,-0.48693976951168344,-0.42784931702308016,-0.6404758523821868,0.0707508486291124,0.0,-0.18337288999144177,-0.14617171414471067,-0.5180789165900608,0.08969227820986075,0.0
12.18,-0.47811484613095173,-0.41823469975237676,-0.6397042133977033,0.07027860541185169,0.0,-0.20375385991500455,-0.16052272387911573,-0.549455857990073,0.09552554352909266,0.0
12.19,-0.4689032834641974,-0.40811975887330926,-0.640992060748287,0.07008955324584057,0.0,-0.22422041416679703,-0.17506263929436963,-0.579976521520341,0.10125722456217845,0.0
12.200000000000001,-0.4595980467519315,-0.39761852417519267,-0.6456498706447458,0.07036948117641124,0.0,-0.2446502466144783,-0.18977715868640457,-0.6092152262842765,0.10677930475086693,0.0
12.21,-0.44988818604755193,-0.3868518030820753,-0.6509433895790461,0.07075118361004501,0.0,-0.2649214596399287,-0.20464427754652403,-0.6367422286764188,0.1119883714018791,0.0
12.22,-0.44013841640872725,-0.37594675027076724,-0.6583561526801509,0.07145785533430428,0.0,-0.28514772108641023,-0.2196362556996894,-0.6632209447557459,0.11699832548863046,0.0
12.23,-0.42997498317294164,-0.36502783162937424,-0.6645113888869514,0.07204620676686009,0.0,-0.3049080509788708,-0.23471629762764665,-0.6871166059529581,0.12145009823794371,0.0
12.24,-0.41981154993715836,-0.3542162611590828,-0.6710451153767243,0.07276994183475106,0.0,-0.3246683808713266,-0.24984368007285507,-0.7106049681833225,0.1257854858135636,0.0
12.25,-0.4092441807515635,-0.343620616501059,-0.6743338042911824,0.07315449742266378,0.0,-0.3436122127516528,-0.26496810495777345,-0.7306487235395696,0.12930446097630974,0.0
12.26,-0.398671900490591,-0.3333361530163172,-0.6759311469946182,0.07344441451693415,0.0,-0.3625461176044758,-0.2800370106418378,-0.7508045627178264,0.13276548273330901,0.0
12.27,-0.38777628469460734,-0.3234379263208215,-0.6729799027156529,0.07325537755107298,0.0,-0.38046596952631806,-0.2949899853706473,-0.7673901680195288,0.13531343031548912,0.0
12.280000000000001,-0.3768398829146673,-0.31398013843061895,-0.6665366072199832,0.0727505081735356,0.0,-0.3982579074328556,-0.3097660493666348,-0.7842538488835216,0.1377885260655984,0.0
12.290000000000001,-0.36565180091327015,-0.3049921345069696,-0.6547926858895105,0.07167125506284101,0.0,-0.41490134587089567,-0.32429832412223253,-0.7976468905792345,0.13933039972195163,0.0
12.3,-0.3543960031205816,-0.2964790483196908,-0.6386037881068332,0.07012968153569507,0.0,-0.4312357749245,-0.3385205546351186,-0.8112083406769213,0.14074497928524246,0.0
12.31,-0.3429512353187465,-0.28842103739362007,-0.6171861481175726,0.06798863021092047,0.0,-0.446396542484307,-0.352363272606901,-0.8217850627307038,0.14131798477730115,0.0
12.32,-0.33142076701952894,-0.28077547413895027,-0.5913275348952108,0.06533290181394695,0.0,-0.4610250384194718,-0.36575857584974675,-0.8321949750768517,0.14168266111792416,0.0
12.33,-0.31975509382223116,-0.27347901941502123,-0.5610855162150533,0.06213438052896161,0.0,-0.4746622531557335,-0.37863996719956083,-0.8409216402630392,0.14149148364704625,0.0
12.34,-0.30799468052270357,-0.2664509021719483,-0.527175953636103,0.05846580841865069,0.0,-0.4876048622715178,-0.39094494483099823,-0.8493737092500209,0.14107110507733894,0.0
12.35,-0.2961438823349185,-0.25959681816661284,-0.49022211533503723,0.054387250578997355,0.0,-0.4997673138261404,-0.4026170975128717,-0.8574992748100703,0.14040628683015968,0.0
12.36,-0.2841982495413002,-0.2528126237911173,-0.4508233159804389,0.04996682985712595,0.0,-0.5111112000627446,-0.41360613193656387,-0.8652595823449315,0.13951923232361066,0.0
12.370000000000001,-0.27219810676800327,-0.24598906278281918,-0.4099141622029178,0.04532557438610492,0.0,-0.5218686195878885,-0.42387158364184147,-0.8738787971749967,0.13867026479082784,0.0
12.38,-0.26011197998651353,-0.2390153944201327,-0.3679877106431848,0.04052963067698825,0.0,-0.5317009468855132,-0.4333802282165507,-0.8819315655154931,0.13760208508531996,0.0
12.39,-0.24799827303268007,-0.23178428149886907,-0.3261176690247852,0.035730537428839554,0.0,-0.5411230655333389,-0.44211128128620225,-0.8918456683592582,0.13681387066196354,0.0
12.4,-0.23581637776953812,-0.22419520435917326,-0.284771650173073,0.030993262481157025,0.0,-0.5495309978321841,-0.4500513197298784,-0.9008739048322444,0.1357956260338569,0.0
12.41,-0.22362488704014358,-0.2161591069117904,-0.2450400030990895,0.026468607054709277,0.0,-0.5576875467548518,-0.45720084063835836,-0.9125683196256643,0.13525059261655076,0.0
12.42,-0.2113919488015686,-0.20760157806658844,-0.20745811687169746,0.022221101458920978,0.0,-0.5647582479951183,-0.4635668130825484,-0.9229252067111781,0.13444479196802353,0.0
12.43,-0.19915845470158836,-0.19846681936321692,-0.1729814417724279,0.018369976566466287,0.0,-0.5717189583447885,-0.4691704336702495,-0.9365260104419407,0.13425265849508566,0.0
12.44,-0.1869191989937996,-0.18872040959281947,-0.1422504253010615,0.014980815752695723,0.0,-0.5775395924666766,-0.47403747100636534,-0.9481952757590562,0.13374685346810447,0.0
12.450000000000001,-0.17467994328601377,-0.17835189441565025,-0.11585608158709129,0.012111980571127277,0.0,-0.5833602265885632,-0.4782068270405575,-0.9633569355235864,0.13392954414036035,0.0
12.46,-0.16247999430558743,-0.1673767039445186,-0.09450979287998768,0.009833207240726309,0.0,-0.5880319263392185,-0.48171949484341314,-0.9760088174686457,0.1337502354809919,0.0
12.47,-0.15028052321850285,-0.15583658279663734,-0.07820787636730542,0.008122286467001683,0.0,-0.5926896572829286,-0.4846259309580713,-0.9915623502871768,0.13418937198652972,0.0
12.48,-0.13816220805793425,-0.14379992141715253,-0.06753660829126157,0.007040787850799684,0.0,-0.5963921447051074,-0.48697777368484246,-1.0049542651028827,0.13436931889390644,0.0
12.49,-0.12605413001626672,-0.13135954505647848,-0.06183459756953337,0.0064904307635162625,0.0,-0.59997413641084,-0.48883199009594447,-1.0200859738995762,0.13499072854145686,0.0
12.5,-0.11405982014674518,-0.11863085200020534,-0.06134010141266299,0.0065045907151977285,0.0,-0.6027771426567027,-0.49024450002405423,-1.0332092487340974,0.13541890183014227,0.0
12.51,-0.10209612015890618,-0.10574711926599747,-0.06482029677066285,0.00692707937193107,0.0,-0.6053705590646583,-0.4912722708144593,-1.046907628321279,0.1361109160477372,0.0
12.52,-0.09026820358716096,-0.09285542919517573,-0.07204731259599585,0.007748977013869961,0.0,-0.607343815286365,-0.4919690144697149,-1.0586963851855773,0.13664955531200518,0.0
12.530000000000001,-0.07850186666156214,-0.08011023694783206,-0.08143931582194998,0.00878425886015122,0.0,-0.609035820336744,-0.4923857262373884,-1.0700163189963672,0.13728552611698366,0.0
12.540000000000001,-0.0668827313943225,-0.0676679889117476,-0.09230056198976272,0.009976308127924034,0.0,-0.6102490576864553,-0.4925842768087508,-1.0795586953802123,0.13779380380001688,0.0
12.55,-0.055366742539375416,-0.05568064751388896,-0.10302697216106083,0.01114577985396485,0.0,-0.611126815319458,-0.4926865872256428,-1.086071534546648,0.13827283966628623,0.0
12.56,-0.04399877658337063,-0.0442864795330922,-0.11253184545443322,0.012188952176074375,0.0,-0.6116497649493343,-0.4927555803153094,-1.09001433116094,0.13863936859053622,0.0
12.57,-0.032786120807486836,-0.03360582404332706,-0.11956950556445044,0.01297267764043893,0.0,-0.6118004391051612,-0.4928128438449263,-1.0914627166929376,0.1387479168912147,0.0
12.58,-0.021711712169446153,-0.023735836342095435,-0.12283342321089466,0.01335397702199127,0.0,-0.6117028321673628,-0.4928650092518681,-1.0911217947263299,0.1386591731969935,0.0
12.59,-0.01085537448103719,-0.014747188765046899,-0.12189211939933531,0.013292331470635382,0.0,-0.6112135867862144,-0.49291274297561444,-1.0881798629814503,0.1382268202721166,0.0
12.6,-0.00011691116768985498,-0.006679388848387336,-0.11535415082063209,0.01260657999092902,0.0,-0.6105651544329016,-0.49295512742401115,-1.0839718765454185,0.1376545778422374,0.0
12.61,0.010330123424832676,0.0004587648706636878,-0.10391801967341972,0.011384445904840956,0.0,-0.6095231534549782,-0.49299012645065393,-1.0772253533426135,0.13673136248543827,0.0
12.620000000000001,0.020690253406757387,0.006691764368650481,-0.0861284577451432,0.009403680195429344,0.0,-0.6083936268383113,-0.49301609567061716,-1.0696796885704096,0.13573313079930802,0.0
12.63,0.030674999894981934,0.012072618000704862,-0.06395261718637688,0.006911078200261123,0.0,-0.6068860342038134,-0.49303091942302263,-1.059765747080496,0.13440055918806137,0.0
12.64,0.04061440853875478,0.01668384716768622,-0.035692705117497184,0.0036307630900598792,0.0,-0.6053451444759528,-0.4930331748839278,-1.0494252324958837,0.13304495278580566,0.0
12.65,0.05008388191426976,0.020629082839956774,-0.004523048662200132,0.0,1.1985669092254639e-05,-0.603459124125081,-0.4930210514634452,-1.0369795864373612,0.13138793731068832,0.0
12.66,0.059553355289782485,0.02402050588540149,0.0273616574563961,0.0,0.0043645392460479465,-0.6015731037742095,-0.4929934060397321,-1.02435911537585,0.12974091100754334,0.0
12.67,0.06846139646755321,0.026977328761554023,0.06060760283460171,0.0,0.008826556030727246,-0.599399318311142,-0.4929487543784281,-1.0100300711534569,0.1278469003314038,0.0
12.68,0.07736261172194707,0.02963234134259263,0.097622453783555,0.0,0.013797550999463764,-0.5972220341840964,-0.4928861337729204,-0.995565038300872,0.1259623120922555,0.0
12.69,0.08571217053969585,0.032122579426103554,0.134573201713125,0.0,0.018683307991038914,-0.5948635118543563,-0.4928045562394619,-0.9800618134065733,0.12392888217544161,0.0
12.700000000000001,0.09399214266455702,0.034586482093157046,0.1727235344138655,0.0,0.023794200525409905,-0.5924821278913376,-0.49270154810252664,-0.9643924479945005,0.12188971517772605,0.0
12.71,0.10174083111555463,0.037154528142179157,0.2084258566818114,0.0,0.028592328434266467,-0.5900085998470853,-0.49252979980232986,-0.9488687199810782,0.1197815595056368,0.0
12.72,0.10934657510247155,0.0399444295206832,0.24245975977943582,0.0,0.03329764417559878,-0.5875102799882939,-0.4922299957615454,-0.9342559230150964,0.11765074468530963,0.0
12.73,0.11645200517998869,0.04305304576775671,0.27193789485193176,0.0,0.03746976717330505,-0.5849914773816897,-0.4917505704583621,-0.9207923980383553,0.11555801764323263,0.0
12.74,0.12333053602054977,0.04655408172414031,0.29739945586015937,0.0,0.0412433922208394,-0.5824633855673258,-0.49104869304935644,-0.9087603787949441,0.11356796960409148,0.0
12.75,0.12975031971785722,0.050493950428886866,0.31713071466467735,0.0,0.044320559363108795,-0.57996903955053,-0.4900918895170199,-0.8986006465882708,0.11176698693828171,0.0
12.76,0.13584865240365093,0.05489097357833225,0.3315106942736513,0.0,0.04675363803167586,-0.5774983397207942,-0.4888587057760864,-0.8904005299631887,0.1101861696343153,0.0
12.77,0.14154040171401944,0.059735337389534154,0.34013930699140404,0.0,0.04842154700023674,-0.5750981814459674,-0.48733967446137416,-0.8845166443708325,0.1088982602129752,0.0
12.780000000000001,0.14680555123663416,0.06498963025871876,0.343093152009529,0.0,0.04928628724992068,-0.5727720375410602,-0.48553770086997095,-0.8810141893019529,0.10792740325981381,0.0
12.790000000000001,0.15172687815333444,0.07059247711244394,0.3412135092452265,0.0,0.049428381590836144,-0.5705357981603625,-0.4834678954666873,-0.8799463389849401,0.10729783269021874,0.0
12.8,0.15610585950435865,0.07645942350638706,0.33401110589405614,0.0,0.04870116048211115,-0.5684413741204842,-0.48115788251226566,-0.8815289519157572,0.10705502799110517,0.0
12.81,0.16021437602066146,0.082489339254932,0.32342886018077216,0.0,0.04740176663752936,-0.5664387847860759,-0.47864605482009154,-0.8852792026721313,0.10714195059075185,0.0
12.82,0.16365420419168358,0.08856450122208301,0.3081441727975019,0.0,0.04524813238145442,-0.564663244551427,-0.47598206019984596,-0.8917428875466555,0.10765604493588439,0.0
12.83,0.16690752230085965,0.09455899673127718,0.291122673423803,0.0,0.04276238030956796,-0.5629640364154685,-0.4732231101211329,-0.8996787330559164,0.10842881870720483,0.0
12.84,0.16935521228346812,0.10033712276492228,0.26999869081315764,0.0,0.03949559998391271,-0.5615945439262495,-0.4704350182682455,-0.9101668116079157,0.10964307309434813,0.0
12.85,0.17171094397878822,0.10576344994608328,0.2487985512528034,0.0,0.03620028803033998,-0.5602684481409014,-0.4676863502522431,-0.9210203792631434,0.11099157268266174,0.0
12.86,0.17311351076457146,0.1106989960706641,0.223954768534229,0.0,0.03222787452210162,-0.5593921673373127,-0.4650505646377174,-0.9340938448677093,0.1127787793383236,0.0
12.870000000000001,0.17451607755035436,0.11501282324311128,0.20063416334159762,0.0,0.028554437867474188,-0.5585158865337241,-0.46259812814544643,-0.9461642695835337,0.114540488889207,0.0
12.88,0.17483422086211475,0.11857416556188004,0.1741322645851832,0.0,0.0243355016636397,-0.5645345636821294,-0.46051676093935345,-0.9997532204747428,0.12241543474538796,0.0
12.89,0.17513917969394777,0.12126676994648505,0.15021532285224143,0.0,0.020648046140772338,-0.5706370701065473,-0.45904117462130034,-1.0533110652843387,0.13026621807754074,0.0
12.9,0.1744246468818071,0.12298621034084906,0.12457210587832611,0.0,0.01671288086455191,-0.5756219267503669,-0.45834722374088105,-1.0923777897520872,0.1368007913351314,0.0
12.91,0.17358151400771096,0.12369673590609258,0.10223052701274624,0.0,0.013433598767151021,-0.5804658015314326,-0.4581952637999475,-1.1254486206778151,0.1426608577891782,0.0
12.92,0.17179431226209094,0.12377944145169859,0.07940384168218484,0.0,0.01022700587980711,-0.5843531328578926,-0.45839282383469004,-1.1518655305067906,0.14678217194617896,0.0
12.93,0.16975310418137338,0.12333757922756831,0.061052147918199746,0.0,0.007815982232069996,-0.5879831015018254,-0.4590099493279116,-1.1705241150022856,0.15029480066953987,0.0
12.94,0.16685324670172014,0.12230204083070284,0.040882322140301776,0.0,0.00508347216526634,-0.5908086879159012,-0.46008816473653924,-1.1797372131263866,0.15278624159960597,0.0
12.950000000000001,0.16356397991368885,0.12061257120184715,0.020854982781876547,0.0,0.0024655427304139943,-0.5932694759289201,-0.461628714589636,-1.1826008623269935,0.15456404414290612,0.0
12.96,0.15951147989944855,0.11821454746054788,-0.0006091546258075852,0.0003095104104784191,0.0,-0.5950690978355871,-0.4635977217646007,-1.178359773316352,0.1553236582553873,0.0
12.97,0.1549241709034112,0.11506342837729876,-0.020778836089426937,0.0029831608848138753,0.0,-0.5964054307239117,-0.46593316086926373,-1.1689094945344476,0.15523799894555584,0.0
12.98,0.14967904155402995,0.11112777280105636,-0.03985368051250971,0.005613171527760398,0.0,-0.5972148685281453,-0.46855124047090485,-1.154898920490536,0.15427953473574868,0.0
12.99,0.1437437068492942,0.10638860333875769,-0.0578350721961648,0.008187571837463416,0.0,-0.5974714717979945,-0.4713510279971295,-1.1370527881344925,0.15247925724292646,0.0
13.0,0.13726596136421812,0.10084193930258008,-0.07374449644894662,0.010543744582569908,0.0,-0.5973265059047701,-0.4742217388377246,-1.117050512969997,0.15004782962320815,0.0
13.01,0.12993261745009166,0.09449523951327253,-0.08916745563467356,0.012944052789354857,0.0,-0.5965481050623632,-0.4770447775312748,-1.0943951846890267,0.14686814040118595,0.0
13.02,0.12218226902876694,0.08737116658212496,-0.10193302331215068,0.014990590086772738,0.0,-0.5954845158766561,-0.4797015249631191,-1.0716010441774437,0.14335218782913065,0.0
13.030000000000001,0.11340093240455745,0.0795008562008809,-0.1152245681085527,0.01723908825554873,0.0,-0.5937158364282124,-0.4820728890220121,-1.0470127002160674,0.13923139744210378,0.0
13.040000000000001,0.10433799424643025,0.070928947433091,-0.12563808562970363,0.01903788518871994,0.0,-0.591769404354998,-0.4840475167750143,-1.023920552161137,0.13508564929658715,0.0
13.05,0.09405868141144542,0.061703907883312384,-0.13790016717902584,0.021251769930536228,0.0,-0.5890551718067368,-0.48551909059104975,-0.9996143326620639,0.1304952902423812,0.0
13.06,0.08364316671596185,0.051884686779820235,-0.14729989928625312,0.02295324388429188,0.0,-0.5862616772509907,-0.4863950575797669,-0.9781628461370763,0.12617829620066606,0.0
13.07,0.07181589416950933,0.041526461568608425,-0.16005723607841166,0.025328490366943977,0.0,-0.582646617109131,-0.4866942947394041,-0.9553136172424309,0.12156789795449462,0.0
13.08,0.05998862162305963,0.030688493811644884,-0.17014920505167086,0.027168170400566183,0.0,-0.5790315569672722,-0.486718416720979,-0.9298855925788366,0.11756799113155335,0.0
13.09,0.046582600377506236,0.019431155153063984,-0.1850064803399957,0.029934016415693362,0.0,-0.5745706782465906,-0.4865267779636911,-0.9005702068024711,0.11335778672335858,0.0
13.1,0.03315738461889377,0.00781691478883001,-0.19816459498828443,0.032283274550821334,0.0,-0.5700995160173519,-0.4860187074668724,-0.8736320965214661,0.10931441572796781,0.0
13.11,0.018268829734183978,-0.004104351791718585,-0.21617528253992857,0.03556581610055419,0.0,-0.5649078611303084,-0.4850869755548709,-0.8448448430053956,0.10479597818896867,0.0
13.120000000000001,0.0031956872627191997,-0.016288525674821516,-0.23393277062863058,0.03869510679656032,0.0,-0.5596253223199097,-0.4836350505601785,-0.8178778700526717,0.1004676790596143,0.0
13.13,-0.013167383123319446,-0.028703830647703835,-0.25633917988979255,0.042706297277522676,0.0,-0.5537386716714797,-0.4815746923687207,-0.7902463850069236,0.09596886089740657,0.0
13.14,-0.029877514907105517,-0.04132619184201159,-0.27965537424792464,0.046796847133382426,0.0,-0.5476894817861404,-0.4788305982297839,-0.7647493673689525,0.09178229360285856,0.0
13.15,-0.047538699481011915,-0.05414125399902855,-0.3064023399969038,0.05153606273505132,0.0,-0.5411436157812993,-0.4753399101739065,-0.7398872493537025,0.08769096969933689,0.0
13.16,-0.06563119957169482,-0.06714158199896951,-0.3344854099744137,0.05648155270241859,0.0,-0.5343725003272385,-0.47105564326839683,-0.7175444250027818,0.08400693026931356,0.0
13.17,-0.08435098077099266,-0.08032568595464847,-0.3645855964444441,0.06182128012120237,0.0,-0.5272031993709616,-0.4659473957594553,-0.6971152768669843,0.08063486279673762,0.0
13.18,-0.10351030726192463,-0.09369649162583164,-0.39588115492985143,0.06739438567555452,0.0,-0.5197548838543987,-0.46000317254164835,-0.6795860689426485,0.0777255871595115,0.0
13.19,-0.1230362515612957,-0.10725876031725257,-0.4278917017436128,0.07313622562579988,0.0,-0.5119979283516615,-0.4532307265965107,-0.6651000835535211,0.07528288341048477,0.0
13.200000000000001,-0.14294686254582897,-0.12101832745520058,-0.46058837447782314,0.07906016792362912,0.0,-0.5039171382788155,-0.4456573610608337,-0.6537068941546816,0.07330613817275744,0.0
13.21,-0.16302653641995504,-0.13497905517133202,-0.4929339111406701,0.08496794293554763,0.0,-0.49560830863459326,-0.43733128707281044,-0.6461089751777414,0.07187674176519848,0.0
13.22,-0.18337288999144177,-0.14914236184832974,-0.5252371393839937,0.09094090885399586,0.0,-0.48693976951168344,-0.4283190335004038,-0.6413800029820346,0.07085444313063716,0.0
13.23,-0.20375385991500455,-0.16350488493906842,-0.5564943296253899,0.09676674353350503,0.0,-0.47811484613095173,-0.41870630818016363,-0.6405951967573829,0.07037974205834445,0.0
13.24,-0.22422041416679703,-0.17805777437356246,-0.5868868630666361,0.10248850895479156,0.0,-0.4689032834641974,-0.40859287759961244,-0.6418702259914207,0.07018842564487462,0.0
13.25,-0.2446502466144783,-0.19278609380974684,-0.6159951973770161,0.10799871906134054,0.0,-0.4595980467519315,-0.39809270468396885,-0.6465162933355362,0.07046635780082124,0.0
13.26,-0.2649214596399287,-0.20766722752872788,-0.6433956066618339,0.11319453189450647,0.0,-0.44988818604755193,-0.3873265430188732,-0.6518000741997296,0.0708464032747544,0.0
13.27,-0.28514772108641023,-0.2226728752415728,-0.6697563409265548,0.11819042948131289,0.0,-0.44013841640872725,-0.376421509752287,-0.6592057579699618,0.07155181963877165,0.0
13.280000000000001,-0.3049080509788708,-0.2377657559759365,-0.6935475627483885,0.12262790452083602,0.0,-0.42997498317294164,-0.3655020521355854,-0.6653572293417218,0.07213936833616108,0.0
13.290000000000001,-0.3246683808713266,-0.25290475261796475,-0.7169473151497845,0.12694927102829606,0.0,-0.41981154993715836,-0.3546893863076286,-0.6718909639018315,0.07286278988900775,0.0
13.3,-0.3436122127516528,-0.2680392773819186,-0.7369218485366166,0.13045495114754263,0.0,-0.4092441807515635,-0.34409211360110464,-0.6751837010647561,0.07324754063739967,0.0
13.31,-0.3625461176044758,-0.2831165881805473,-0.7570274628321522,0.13390377328857725,0.0,-0.398671900490591,-0.33380553427264,-0.676789151587891,0.07353816222051032,0.0
13.32,-0.38046596952631806,-0.29807620227743153,-0.7735834184761392,0.13644088837165366,0.0,-0.38777628469460734,-0.3239047682147496,-0.673849760976048,0.0733503198518175,0.0
13.33,-0.3982579074328556,-0.3128571746103177,-0.7904363100173809,0.13890669405270958,0.0,-0.3768398829146673,-0.3144440984206591,-0.6674216449394539,0.07284709640482781,0.0
13.34,-0.41490134587089567,-0.32739275757758274,-0.8038369991137704,0.14044089263038395,0.0,-0.36565180091327015,-0.30545296409254635,-0.6556955526779027,0.07176988377058327,0.0
13.35,-0.4312357749245,-0.3416169126817516,-0.8174220371347137,0.1418493898078021,0.0,-0.3543960031205816,-0.29693660163401003,-0.6395263065970025,0.07023067289089525,0.0
13.36,-0.446396542484307,-0.3554604594925634,-0.8280369299279472,0.14241779311718833,0.0,-0.3429512353187465,-0.2888752758664877,-0.6181295392875805,0.06809222147011244,0.0
13.370000000000001,-0.4610250384194718,-0.3688558410743574,-0.8384968141756465,0.14277915760050214,0.0,-0.33142076701952894,-0.2812264666416613,-0.5922921227501876,0.0654392375266554,0.0
13.38,-0.4746622531557335,-0.381736945315916,-0.8472827591602707,0.14258570125936298,0.0,-0.31975509382223116,-0.27392693863385426,-0.5620710776549734,0.06224350741290113,0.0
13.39,-0.4876048622715178,-0.39404167966138914,-0.8558008496790352,0.14216376625984894,0.0,-0.30799468052270357,-0.2668960180996479,-0.5281818122482579,0.05857767529776591,0.0
13.4,-0.4997673138261404,-0.4057140486278899,-0.8639961162352372,0.14149776582242765,0.0,-0.2961438823349185,-0.2600394891957148,-0.49124722914719127,0.05450171137651925,0.0
13.41,-0.5111112000627446,-0.41670416402031457,-0.8718269786745507,0.1406095309781291,0.0,-0.2841982495413002,-0.25325328586474816,-0.451866316883575,0.050083649316274806,0.0
13.42,-0.5218686195878885,-0.4269719388505057,-0.8805142359213983,0.13975900523314586,0.0,-0.27219810676800327,-0.2464282173080953,-0.4109735518955012,0.04544443593329021,0.0
13.43,-0.5317009468855132,-0.4364844826976427,-0.8886300465407805,0.13868851698494644,0.0,-0.26011197998651353,-0.23945359495571122,-0.3690616578928984,0.040650146229671065,0.0
13.44,-0.5411230655333389,-0.4452212871226005,-0.8985986421974107,0.13789689555662238,0.0,-0.24799827303268007,-0.23222211887284158,-0.32720400770074587,0.03585225802869308,0.0
13.450000000000001,-0.5495309978321841,-0.45316913366140693,-0.9076709260503588,0.1368738339106246,0.0,-0.23581637776953812,-0.22463329053446318,-0.28586781202750017,0.031115690005927163,0.0
13.46,-0.5576875467548518,-0.46032864124173173,-0.9193951905134345,0.13632231485446206,0.0,-0.22362488704014358,-0.21659805682586358,-0.24614286918268793,0.026591207634603455,0.0
13.47,-0.5647582479951183,-0.4667068109692848,-0.9297675786554135,0.13550816245998923,0.0,-0.2113919488015686,-0.20804198994572765,-0.20856397931278753,0.022343319447532588,0.0
13.48,-0.5717189583447885,-0.4723247756478452,-0.9433659009583115,0.1353056917081456,0.0,-0.19915845470158836,-0.19890925305454757,-0.17408604885826992,0.018491251073185555,0.0
13.49,-0.5775395924666766,-0.47720814494298625,-0.9550166509581813,0.13478752109572928,0.0,-0.1869191989937996,-0.1891653642529299,-0.14334903618369801,0.01510059790921794,0.0
13.5,-0.5833602265885632,-0.4813955681491796,-0.9701408978951302,0.1349558678511545,0.0,-0.17467994328601377,-0.1787997854016795,-0.11694367760589904,0.012229753573143681,0.0
13.51,-0.5880319263392185,-0.4849277025747023,-0.9827410253502201,0.13476036770948197,0.0,-0.16247999430558743,-0.16782784136396922,-0.09558134855998905,0.009948506155823291,0.0
13.52,-0.5926896572829286,-0.48785459621362853,-0.998227034727508,0.13518168973722555,0.0,-0.15028052321850285,-0.15629115194202473,-0.07925869988129317,0.008234720168861637,0.0
13.530000000000001,-0.5963921447051074,-0.4902274231120095,-1.0115412640429102,0.13534249331544132,0.0,-0.13816220805793425,-0.14425796770414168,-0.06856265742982309,0.007150058350055983,0.0
13.540000000000001,-0.59997413641084,-0.49210264847387974,-1.0265860536554579,0.13594380006173046,0.0,-0.12605413001626672,-0.13182096388560358,-0.06283281366424708,0.00659635227575456,0.0
13.55,-0.6027771426567027,-0.4935356750886182,-1.0396192483290834,0.1363513272224248,0.0,-0.11405982014674518,-0.11909538541367728,-0.06230862430074357,0.006607103604748877,0.0
13.56,-0.6053705590646583,-0.4945829600491749,-1.053226899953366,0.13702261026594517,0.0,-0.10209612015890618,-0.10621435936079543,-0.06575866546497394,0.0070262606813296675,0.0
13.57,-0.607343815286365,-0.4952977346089223,-1.0649298146529802,0.1375409036009834,0.0,-0.09026820358716096,-0.09332482903795647,-0.0729565084743625,0.007845043989881301,0.0
13.58,-0.609035820336744,-0.4957305627464086,-1.0761715944569512,0.13815738347462936,0.0,-0.07850186666156214,-0.08058112811694455,-0.08232170216721374,0.008877566990024868,0.0
13.59,-0.6102490576864553,-0.4959406229144586,-1.0856477715968267,0.138647467485542,0.0,-0.0668827313943225,-0.06813955362847204,-0.09315977969757686,0.010067341629758185,0.0
13.6,-0.611126815319458,-0.4960468989379238,-1.092237303489603,0.13910744758109533,0.0,-0.055366742539375416,-0.05615200560152979,-0.10386737946582011,0.01123507988132833,0.0
13.61,-0.6116497649493343,-0.4961170457700781,-1.096169243777903,0.13946302030566202,0.0,-0.04399877658337063,-0.04475684064641584,-0.11336024980115611,0.012277374243406532,0.0
13.620000000000001,-0.6118004391051612,-0.4961743933215348,-1.0976038935581698,0.13956670648140432,0.0,-0.032786120807486836,-0.034074384696609054,-0.12039216790257913,0.013060970923037372,0.0
13.63,-0.6117028321673628,-0.49622622604200667,-1.0972520487571131,0.13947538579540983,0.0,-0.021711712169446153,-0.024201789436243452,-0.12365602158536947,0.013442847092476147,0.0
13.64,-0.6112135867862144,-0.4962734591111147,-1.0943014832702043,0.13904132914913164,0.0,-0.01085537448103719,-0.015209762223575594,-0.12272027118990815,0.013382510458486816,0.0
13.65,-0.6105651544329016,-0.4963152715721976,-1.0900860598686353,0.13846772525770285,0.0,-0.00011691116768985498,-0.0071378858339610695,-0.11619323483714979,0.012698810022903429,0.0
13.66,-0.6095231534549782,-0.496349665889165,-1.0833332893690932,0.1375432875403511,0.0,0.010330123424832676,4.9320486303025025e-06,-0.10477295569876872,0.011479440900673885,0.0
13.67,-0.6083936268383113,-0.4963750135927762,-1.075781978246834,0.13654389340740922,0.0,0.020690253406757387,0.006243048907681686,-0.08700332662081972,0.009502088181736376,0.0
13.68,-0.6068860342038134,-0.49638920587969965,-1.0658632606389538,0.13521018729310194,0.0,0.030674999894981934,0.011629320797413599,-0.06485077885955294,0.007013449596120442,0.0
13.69,-0.6053451444759528,-0.4963908230915244,-1.0555184557754513,0.1338534611876329,0.0,0.04061440853875478,0.016246106344137198,-0.036616553899962385,0.003737527522568362,0.0
13.700000000000001,-0.603459124125081,-0.4963780563372535,-1.0430693726975326,0.13219533500467956,0.0,0.05008388191426976,0.0201969096140597,-0.005460701663008536,9.946371986668551e-05,0.0
13.71,-0.6015731037742095,-0.496349763718708,-1.0304456884330682,0.13054720443117535,0.0,0.059553355289782485,0.023594070852494188,0.0264996485387683,0.0,0.004248278491330703
13.72,-0.599399318311142,-0.49630446239118997,-1.0161140251825291,0.1286520945494679,0.0,0.06846139646755321,0.02655676123570917,0.059717412833309086,0.0,0.00870558105016464
13.73,-0.5972220341840964,-0.49624118990707355,-1.0016465615256493,0.12676641086923418,0.0,0.07736261172194707,0.029217557549623623,0.09669282328786552,0.0,0.013671589425302368
13.74,-0.5948635118543563,-0.4961589580618764,-0.9861414117063332,0.12473188783622993,0.0,0.08571217053969585,0.03171327658348914,0.13360451754403557,0.0,0.018552209101467387
13.75,-0.5924821278913376,-0.4960547895879752,-0.97047024207877,0.1226916300223796,0.0,0.09399214266455702,0.034182169894403404,0.17171966538240527,0.0,0.02365801789636649
13.76,-0.5900085998470853,-0.4958799814423233,-0.9549837555897311,0.1205818325601722,0.0,0.10174083111555463,0.03675456190819698,0.2073926933386528,0.0,0.02845133020982051
13.77,-0.5875102799882939,-0.4955754796604737,-0.9404149022870861,0.11845025819567664,0.0,0.10934657510247155,0.0395480144252921,0.24140486878525072,0.0,0.033152243814097926
13.780000000000001,-0.5849914773816897,-0.49509002044501943,-0.9270075924447837,0.11635851580160739,0.0,0.11645200517998869,0.042659296483082254,0.27086957501473397,0.0,0.03732054359405393
13.790000000000001,-0.5824633855673258,-0.4943811147208892,-0.9150418709086379,0.11437097103106687,0.0,0.12333053602054977,0.04616207660434296,0.29632638828664226,0.0,0.041091064303743194
13.8,-0.57996903955053,-0.4934166567365356,-0.9049553177247328,0.11257374078159138,0.0,0.12975031971785722,0.05010277946338727,0.31606091624731386,0.0,0.04416593217668965
13.81,-0.5774983397207942,-0.49217557119174354,-0.8968319060573178,0.11099761659560577,0.0,0.13584865240365093,0.054499778982696326,0.3304511798307164,0.0,0.04659755283657139
13.82,-0.5750981814459674,-0.49064876332029544,-0.8910248474674204,0.10971500670036154,0.0,0.14154040171401944,0.05934334579827085,0.3390955343210307,0.0,0.04826483726184337
13.83,-0.5727720375410602,-0.48883948817836403,-0.8875959794327798,0.10874970989333525,0.0,0.14680555123663416,0.06459617560161676,0.34206881947535955,0.0,0.0491297408326795
13.84,-0.5705357981603625,-0.4867631675326467,-0.8865952465341222,0.10812561817328234,0.0,0.15172687815333444,0.0701970149058094,0.3402108099586518,0.0,0.04927271067800697
13.85,-0.5684413741204842,-0.48444768340857375,-0.8882352011829073,0.10788788825296619,0.0,0.15610585950435865,0.07606153646860057,0.33303043503106855,0.0,0.04854698041803797
13.86,-0.5664387847860759,-0.48193162089419306,-0.8920304807134856,0.10797919181823297,0.0,0.16021437602066146,0.08208873607747534,0.32246961984239453,0.0,0.04724958189273653
13.870000000000001,-0.564663244551427,-0.4792647441894132,-0.8985242162723914,0.10849673163507127,0.0,0.16365420419168358,0.08816100897680236,0.3072043161781568,0.0,0.04509833162445362
13.88,-0.5629640364154685,-0.47650429907308006,-0.9064736731257954,0.109271831471574,0.0,0.16690752230085965,0.09415254938567551,0.2901999127440443,0.0,0.04261523645025658
13.89,-0.5615945439262495,-0.4737160485342605,-0.9169576423870521,0.11048717802457121,0.0,0.16935521228346812,0.0999277456582396,0.2690895219687513,0.0,0.03935127780003515
13.9,-0.5602684481409014,-0.4709684245245888,-0.9277896132164885,0.1118354950890428,0.0,0.17171094397878822,0.10535124304404365,0.247899945631189,0.0,0.036058853206056805
13.91,-0.5593921673373127,-0.468334674453833,-0.9408242640217249,0.11362128268253005,0.0,0.17311351076457146,0.11028411500714115,0.22306254420488622,0.0,0.032089309126913025
13.92,-0.5585158865337241,-0.4658849882134834,-0.9528412702076875,0.11538044982359376,0.0,0.17451607755035436,0.11459546125330665,0.19974524376298627,0.0,0.028418653733304225
13.93,-0.5645345636821294,-0.4638067113923162,-1.0063427545843222,0.12325191727582596,0.0,0.17483422086211475,0.11815454091451663,0.17324231912694132,0.0,0.024202359665364916
13.94,-0.5706370701065473,-0.4623340604906642,-1.0597833021999254,0.13109850553929223,0.0,0.17513917969394777,0.12084510670793011,0.14932145055510448,0.0,0.020517372591636655
13.950000000000001,-0.5756219267503669,-0.4616420384425405,-1.0987164078151817,0.1376285002380264,0.0,0.1744246468818071,0.12256272096666897,0.12367052875500081,0.0,0.016584475983040217
13.96,-0.5804658015314326,-0.46149057112075353,-1.1316906089725058,0.14348374505931738,0.0,0.17358151400771096,0.12327187846945613,0.10131898305500565,0.0,0.013307260460502535
13.97,-0.5843531328578926,-0.46168730378010653,-1.1580558131605905,0.14760184471574536,0.0,0.17179431226209094,0.12335397241109508,0.07848733530148816,0.0,0.010102848963049905
13.98,-0.5879831015018254,-0.46230203873143993,-1.1766739296439859,0.15111209913147214,0.0,0.16975310418137338,0.1229115828178032,0.060131884310758124,0.0,0.007693034156986383
13.99,-0.5908086879159012,-0.46337620842278937,-1.1858550031725332,0.15360244832085088,0.0,0.16685324670172014,0.12187557967334452,0.03995308283206265,0.0,0.0049612951022932434
14.0,-0.5932694759289201,-0.4649110425478635,-1.1886988346084661,0.15538057678258832,0.0,0.16356397991368885,0.12018566972677194,0.0199148605563392,0.0,0.0023440518610838824
14.01,-0.5950690978355871,-0.46687272960024373,-1.184452579019188,0.15614202789870027,0.0,0.15951147989944855,0.11778726299745544,-0.0015266187347107627,0.00043037752017778324,0.0
14.02,-0.5964054307239117,-0.4691993929779813,-1.1750127904290368,0.15605973916261304,0.0,0.1549241709034112,0.11463591459377556,-0.021674000129893036,0.0031033873683251395,0.0
14.030000000000001,-0.5972148685281453,-0.4718074696818602,-1.1610282821066518,0.15510612974965785,0.0,0.14967904155402995,0.11070026687798969,-0.04072928932379969,0.00573280068322221,0.0
14.040000000000001,-0.5974714717979945,-0.4745963258666226,-1.1432229911418381,0.15331206407899206,0.0,0.1437437068492942,0.10596141362693683,-0.05869284992328736,0.008306737526414195,0.0
14.05,-0.5973265059047701,-0.47745553620133374,-1.123275383991235,0.15088800467392707,0.0,0.13726596136421812,0.10041543389256588,-0.07458641908011135,0.010662656070815305,0.0
14.06,-0.5965481050623632,-0.4802669114533963,-1.1006867473359887,0.14771657497813095,0.0,0.12993261745009166,0.0940698322607215,-0.08999609472574269,0.013062984990973248,0.0
14.07,-0.5954845158766561,-0.482912273647264,-1.077969690717949,0.14420945114774542,0.0,0.12218226902876694,0.08694730130517851,-0.10275137171437791,0.015109874032101216,0.0
14.08,-0.5937158364282124,-0.4852729917539226,-1.0534669875797502,0.1400976933172652,0.0,0.11340093240455745,0.0790789883993546,-0.11603608640044101,0.017359098344129718,0.0
14.09,-0.591769404354998,-0.4872381815298287,-1.030466903780508,0.13596078261672734,0.0,0.10433799424643025,0.07050952608309745,-0.1264462426790137,0.01915902544690765,0.0
14.1,-0.5890551718067368,-0.48870198370630585,-1.0062565358008286,0.13137864760122656,0.0,0.09405868141144542,0.06128735589314904,-0.13870877907602347,0.021374456730012856,0.0
14.11,-0.5862616772509907,-0.4895722799876344,-0.9849018990909674,0.12706883629095828,0.0,0.08364316671596185,0.051471383615705996,-0.14811232558180148,0.023077890315266393,0.0
14.120000000000001,-0.582646617109131,-0.48986938158156673,-0.9621233522394097,0.12246415971468268,0.0,0.07181589416950933,0.041116713707535404,-0.16087702131256257,0.025455487136734026,0.0
14.13,-0.5790315569672722,-0.4898932127662879,-0.9367378050799585,0.11846825342009937,0.0,0.05998862162305963,0.030282592231146783,-0.17097917356006614,0.027297865471513104,0.0
14.14,-0.5745706782465906,-0.48970354123170684,-0.9074283149138802,0.1142581408785523,0.0,0.046582600377506236,0.0190292661424983,-0.18584949540933393,0.030066693280092052,0.0
14.15,-0.5700995160173519,-0.48919998671289555,-0.8804905530564777,0.11021404847638254,0.0,0.03315738461889377,0.0074190893902034444,-0.19902270345720258,0.032419232981233836,0.0
14.16,-0.5649078611303084,-0.4882752076188921,-0.8517083879164292,0.10569248006766749,0.0,0.018268829734183978,-0.004498169051849713,-0.21705027027954119,0.03570520770460894,0.0
14.17,-0.5596253223199097,-0.4868325492305173,-0.8247472944952906,0.10135874090462228,0.0,0.0031956872627191997,-0.016678495954692237,-0.23482495617941582,0.03883799114137794,0.0
14.18,-0.5537386716714797,-0.484783625655979,-0.7971210928940599,0.0968522678019683,0.0,-0.013167383123319446,-0.029090217530276463,-0.25724854734110025,0.042852636194673784,0.0
14.19,-0.5476894817861404,-0.4820529551344441,-0.7716249395006164,0.09265593637340541,0.0,-0.029877514907105517,-0.04170935250441106,-0.2805805656731964,0.04694650657169022,0.0
14.200000000000001,-0.5411436157812993,-0.4785774562448798,-0.7467570204083606,0.08855286237731011,0.0,-0.047538699481011915,-0.05452162673834622,-0.30734139277634187,0.05168881366728695,0.0
14.21,-0.5343725003272385,-0.47430986646334167,-0.7243982314304781,0.08485524069463578,0.0,-0.06563119957169482,-0.06751966961884004,-0.33543543766127,0.05663707978079234,0.0
14.22,-0.5272031993709616,-0.46921944395819387,-0.7039407222835787,0.0814679508697796,0.0,-0.08435098077099266,-0.0807020363467377,-0.3655431190034904,0.06197919196993559,0.0
14.23,-0.5197548838543987,-0.46329378731885357,-0.6863689334101842,0.07854205437282334,0.0,-0.10351030726192463,-0.09407167635682209,-0.39684222488693066,0.06755423012247654,0.0
14.24,-0.5119979283516615,-0.4565401775599899,-0.6718254864060638,0.07608162963995863,0.0,-0.1230362515612957,-0.1076333524663402,-0.4288521240511828,0.07329750707123578,0.0
14.25,-0.5039171382788155,-0.44898538729356013,-0.6603607814288003,0.07408642299686995,0.0,-0.14294686254582897,-0.12139287980202458,-0.46154396046925666,0.07922236688353304,0.0
14.26,-0.49560830863459326,-0.4406770506351415,-0.6526788531410903,0.07263824627063997,0.0,-0.16302653641995504,-0.13535408036289664,-0.49388085592739245,0.08513053634621857,0.0
14.27,-0.48693976951168344,-0.431681092286709,-0.6478571975165125,0.07159732502331424,0.0,-0.18337288999144177,-0.14951831574957733,-0.5261721257181231,0.09110339031670138,0.0
14.280000000000001,-0.47811484613095173,-0.4220826121622048,-0.6469749786669434,0.07110468214725676,0.0,-0.20375385991500455,-0.16388215345489335,-0.5574147173900913,0.09692864170521928,0.0
14.290000000000001,-0.4689032834641974,-0.41198079349469846,-0.6481538548538891,0.07089665501367336,0.0,-0.22422041416679703,-0.17843666459006724,-0.5877907550233181,0.10264940300609104,0.0
14.3,-0.4595980467519315,-0.4014890702250711,-0.6527104701026589,0.07115966633833255,0.0,-0.2446502466144783,-0.19316682928084566,-0.6168815333426748,0.10815825118306843,0.0
14.31,-0.44988818604755193,-0.3907277519079176,-0.6579181631376624,0.07152711985756185,0.0,-0.2649214596399287,-0.2080499481254599,-0.644264184038446,0.11335241564423404,0.0
14.32,-0.44013841640872725,-0.37982362395265673,-0.6652663303912429,0.07222276759446498,0.0,-0.28514772108641023,-0.22305764047464913,-0.6706076164351353,0.11834645465605612,0.0
14.33,-0.42997498317294164,-0.36890093892358305,-0.6713845700024438,0.07280378985697702,0.0,-0.3049080509788708,-0.23815255202543714,-0.6943828065398778,0.12278193724835601,0.0
14.34,-0.41981154993715836,-0.3580808725708774,-0.6779127240219183,0.07352424774809134,0.0,-0.3246683808713266,-0.2532935017207574,-0.7177682031358806,0.12710125147449414,0.0
14.35,-0.4092441807515635,-0.34747215043874696,-0.6812303256455335,0.07390979345707564,0.0,-0.3436122127516528,-0.26842984895890504,-0.7377305017947136,0.13060488679454382,0.0
14.36,-0.398671900490591,-0.3371703615962354,-0.6828911384728751,0.07420502567537532,0.0,-0.3625461176044758,-0.2835088110444321,-0.7578262109358688,0.1340517308648254,0.0
14.370000000000001,-0.38777628469460734,-0.32725107033904205,-0.6800364391413811,0.07402551483721068,0.0,-0.38046596952631806,-0.2984698776470474,-0.7743749295795324,0.13658698352365045,0.0
14.38,-0.3768398829146673,-0.31776914169149123,-0.6737191082258033,0.07353409830654377,0.0,-0.3982579074328556,-0.3132520890260004,-0.7912231299578999,0.1390510807115128,0.0
14.39,-0.36565180091327015,-0.3087547079537925,-0.6621250678659965,0.0724717776931055,0.0,-0.41490134587089567,-0.3277886950155837,-0.8046216651622387,0.14058375069227314,0.0
14.4,-0.3543960031205816,-0.30021377869280524,-0.6461037214482491,0.0709500250771285,0.0,-0.4312357749245,-0.34201366610050904,-0.8182069462422413,0.14199091363272295,0.0
14.41,-0.3429512353187465,-0.29212743757260634,-0.6248645393933268,0.06883097504191461,0.0,-0.446396542484307,-0.3558578412012362,-0.8288243258637663,0.14255818037958443,0.0
14.42,-0.33142076701952894,-0.2844539956560931,-0.5991888468764588,0.06619863590634241,0.0,-0.4610250384194718,-0.3692536916874767,-0.8392885735550676,0.1429185987976019,0.0
14.43,-0.31975509382223116,-0.27713103075041495,-0.5691286777481112,0.06302405016622276,0.0,-0.4746622531557335,-0.3821351413132597,-0.8480805872920604,0.142724369975682,0.0
14.44,-0.30799468052270357,-0.2700786385264172,-0.5353955150079752,0.059379104353715656,0.0,-0.4876048622715178,-0.394440139417196,-0.8566060876061405,0.1423018111734161,0.0
14.450000000000001,-0.2961438823349185,-0.26320330840859074,-0.4986092805533583,0.05532302565798076,0.0,-0.4997673138261404,-0.40611273651829494,-0.8648097477552787,0.14163530349705605,0.0
14.46,-0.2841982495413002,-0.25640159938094437,-0.45936661587782723,0.05092314292814187,0.0,-0.5111112000627446,-0.4171030924508672,-0.8726495907036168,0.14074664022194097,0.0
14.47,-0.27219810676800327,-0.24956485261593195,-0.41859996387664405,0.04629975489222882,0.0,-0.5218686195878885,-0.4273711682411985,-0.8813460362160959,0.13989572311212492,0.0
14.48,-0.26011197998651353,-0.24258280669319776,-0.37679983072748713,0.041518359719207906,0.0,-0.5317009468855132,-0.4368841191232569,-0.8894708213999456,0.13882483677696195,0.0
14.49,-0.24799827303268007,-0.23534847247900847,-0.33503691396552127,0.03672994087457013,0.0,-0.5411230655333389,-0.4456214778867808,-0.8994477652158424,0.13803276647201043,0.0
14.5,-0.23581637776953812,-0.22776153274774247,-0.29377500590657873,0.03199901557494884,0.0,-0.5495309978321841,-0.45357006067491784,-0.9085274109996008,0.13700916300104238,0.0
14.51,-0.22362488704014358,-0.21973297228634417,-0.25409984730195245,0.027476050722736064,0.0,-0.5576875467548518,-0.4607305128355345,-0.9202576766894817,0.13645697085828232,0.0
14.52,-0.2113919488015686,-0.21118824316005508,-0.21654181467370232,0.023225371228029833,0.0,-0.5647582479951183,-0.4671098523206066,-0.9306345296961244,0.13564198159575197,0.0
14.530000000000001,-0.19915845470158836,-0.20207121777822395,-0.18205146814509468,0.019366146797708414,0.0,-0.5717189583447885,-0.47272921819029495,-0.9442353567121872,0.13543848517735396,0.0
14.540000000000001,-0.1869191989937996,-0.19234694401020253,-0.15126525280452138,0.015964058703942408,0.0,-0.5775395924666766,-0.47761421504673757,-0.9558866082632814,0.13491908335221892,0.0
14.55,-0.17467994328601377,-0.1820042328697109,-0.12477187549915576,0.013077740651991462,0.0,-0.5833602265885632,-0.4818034758212986,-0.9710090621948309,0.13508598655382348,0.0
14.56,-0.16247999430558743,-0.171057585518773,-0.10328272475580619,0.010777384751904559,0.0,-0.5880319263392185,-0.4853376312190473,-0.983605502366495,0.13488883365911566,0.0
14.57,-0.15028052321850285,-0.1595476451394779,-0.08679709601696094,0.009041425703807691,0.0,-0.5926896572829286,-0.488266693401612,-0.9990857031720591,0.13530830797333204,0.0
14.58,-0.13816220805793425,-0.14754156371226448,-0.07590700561513286,0.007932257737289245,0.0,-0.5963921447051074,-0.490641793269404,-1.0123926063965027,0.13546709174445873,0.0
14.59,-0.12605413001626672,-0.135130838501998,-0.06995978502357096,0.00735258775062779,0.0,-0.59997413641084,-0.4925193470888687,-1.0274284694059588,0.1360662389039866,0.0
14.6,-0.11405982014674518,-0.12242950755872306,-0.069204343342165,0.00733691028327153,0.0,-0.6027771426567027,-0.49395470517333245,-1.0404518129617701,0.13647150496741384,0.0
14.61,-0.10209612015890618,-0.10956951844185729,-0.0724201938696782,0.0077302450993781465,0.0,-0.6053705590646583,-0.4950042707712074,-1.054048929562404,0.13714046995801676,0.0
14.620000000000001,-0.09026820358716096,-0.09669671964260258,-0.07939220028546841,0.008524917651398255,0.0,-0.607343815286365,-0.49572122246068934,-1.065741338076634,0.13765643571211075,0.0
14.63,-0.07850186666156214,-0.08396448982625025,-0.08855094794951932,0.009536127713112557,0.0,-0.609035820336744,-0.49615607472435236,-1.0769729668372312,0.13827062791904687,0.0
14.64,-0.0668827313943225,-0.0715283525167871,-0.0992119637470875,0.010708402452455374,0.0,-0.6102490576864553,-0.4963676481476947,-1.086439737323877,0.138758512294976,0.0
14.65,-0.055366742539375416,-0.059539671326895305,-0.10978069669543644,0.011863339399404187,0.0,-0.611126815319458,-0.49647449671545724,-1.0930389189561964,0.13921608217780468,0.0
14.66,-0.04399877658337063,-0.048136538645186876,-0.11918001115931141,0.012898285114633574,0.0,-0.6116497649493343,-0.49654486759718275,-1.0969690840910336,0.13957021537866637,0.0
14.67,-0.032786120807486836,-0.03743927398899907,-0.1261679362475958,0.013680482209281187,0.0,-0.6118004391051612,-0.49660230698372815,-1.0984014049193804,0.13967322091548315,0.0
14.68,-0.021711712169446153,-0.02754529820601448,-0.12943873752143162,0.01406718450930251,0.0,-0.6117028321673628,-0.4966541787162099,-1.0980475805608467,0.13958150204086128,0.0
14.69,-0.01085537448103719,-0.01852585442588402,-0.12855947861716685,0.014017937268677136,0.0,-0.6112135867862144,-0.4967014266526196,-1.0950953332621967,0.1391471546628715,0.0
14.700000000000001,-0.00011691116768985498,-0.010421300475627449,-0.12213402868695816,0.013351372771089928,0.0,-0.6105651544329016,-0.4967432396485287,-1.0908785418699012,0.13857330320110262,0.0
14.71,0.010330123424832676,-0.003241520145001855,-0.1108543801227269,0.01215472232961757,0.0,-0.6095231534549782,-0.49677762300080225,-1.0841246052208253,0.13764863794173718,0.0
14.72,0.020690253406757387,0.003036714680323116,-0.0932561725501649,0.01020498560479853,0.0,-0.6083936268383113,-0.4968029485054982,-1.0765721934263361,0.13664902847663454,0.0
14.73,0.030674999894981934,0.008465024000671045,-0.07129889672919694,0.007747986278016023,0.0,-0.6068860342038134,-0.49681710708532956,-1.0666527018873782,0.13531511707514524,0.0
14.74,0.04061440853875478,0.013124472201296321,-0.04327563608088847,0.004506710971450212,0.0,-0.6053451444759528,-0.4968186786508564,-1.0563070965611567,0.13395819577526918,0.0
14.75,0.05008388191426976,0.01711724627070988,-0.012342713447353708,0.0009051830840148493,0.0,-0.603459124125081,-0.4968058542583203,-1.0438575080452235,0.13229988472289156,0.0
14.76,0.059553355289782485,0.020556910903583282,0.020236638101048733,0.0,0.0034053040710502543,-0.6015731037742095,-0.49677749512743796,-1.0312333445408988,0.13065158016981282,0.0
14.77,0.06846139646755321,0.023562445296434944,0.053247507071047265,0.0,0.007826966342308336,-0.599399318311142,-0.4967321257760241,-1.0169013021393298,0.12875630948281078,0.0
14.780000000000001,0.07736261172194707,0.026264877817840617,0.08993049813705332,0.0,0.012755925167238037,-0.5972220341840964,-0.49666878278731663,-1.0024333928518767,0.12687047240514446,0.0
14.790000000000001,0.08571217053969585,0.028799443629734772,0.1265563645935955,0.0,0.017598936144015066,-0.5948635118543563,-0.49658647399562855,-0.9869280217408881,0.12483579561542382,0.0
14.8,0.09399214266455702,0.031302990076765846,0.16441824672581637,0.0,0.022668071260191387,-0.5924821278913376,-0.4964821736590428,-0.9712567284036042,0.12279538589826657,0.0
14.81,0.10174083111555463,0.0339046992779762,0.19988587563821836,0.0,0.027427117807779573,-0.5900085998470853,-0.4963070518863576,-0.9557738170801958,0.1206853925190888,0.0
14.82,0.10934657510247155,0.036721300975085865,0.23375213905962602,0.0,0.032097479916286614,-0.5875102799882939,-0.4960020711396494,-0.9412096432745398,0.11855370883379272,0.0
14.83,0.11645200517998869,0.03984907538672396,0.2631350253405373,0.0,0.03624001793271435,-0.5849914773816897,-0.49551599011072833,-0.9278085648795668,0.11646202350876399,0.0
14.84,0.12333053602054977,0.04336154814637183,0.2885748393960539,0.0,0.0399903567464166,-0.5824633855673258,-0.49480634908547744,-0.915850353639331,0.11447468900071597,0.0
14.85,0.12975031971785722,0.04730532444644326,0.3083513951890495,0.0,0.04305109940710226,-0.57996903955053,-0.49384107753678336,-0.9057721456818071,0.11267780254103617,0.0
14.86,0.13584865240365093,0.05169923929643427,0.3228341733784002,0.0,0.04547480722753878,-0.5774983397207942,-0.49259913952571016,-0.8976575385336603,0.11110212951528144,0.0
14.870000000000001,0.14154040171401944,0.056534248145211796,0.33160968514575023,0.0,0.04714024811457806,-0.5750981814459674,-0.4910714819985192,-0.8918593977532558,0.10982004639738994,0.0
14.88,0.14680555123663416,0.061773890234312324,0.3347399459369562,0.0,0.048008972187613054,-0.5727720375410602,-0.4892614016901937,-0.8884390856379685,0.10885531633245729,0.0
14.89,0.15172687815333444,0.06735785109274152,0.33305302281265553,0.0,0.04816081207592198,-0.5705357981603625,-0.4871843593941187,-0.8874461349496888,0.108231793088293,0.0
14.9,0.15610585950435865,0.07320277476492444,0.3260450815051058,0.0,0.04744823860165204,-0.5684413741204842,-0.48486827142834854,-0.8890927517955514,0.10799459492262857,0.0
14.91,0.16021437602066146,0.07920861183361304,0.31565075444484125,0.0,0.04616742722438267,-0.5664387847860759,-0.4823517497203558,-0.8928931153368977,0.1080863573891567,0.0
14.92,0.16365420419168358,0.08525864795708554,0.30053531123884913,0.0,0.0440353098886922,-0.564663244551427,-0.47968457649919277,-0.8993901361514652,0.10860425086032734,0.0
14.93,0.16690752230085965,0.091227877163963,0.2836626195561766,0.0,0.0415730151589946,-0.5629640364154685,-0.4769240048745449,-0.9073408036072841,0.10937957379120071,0.0
14.94,0.16935521228346812,0.09698136586436426,0.26265684007432444,0.0,0.038330711359038275,-0.5615945439262495,-0.4741357941611744,-0.917823736601749,0.11059499500397534,0.0
14.950000000000001,0.17171094397878822,0.102384310096166,0.2415484623863589,0.0,0.03506005334341011,-0.5602684481409014,-0.47138836092549713,-0.9286524647039643,0.11194323056294732,0.0
14.96,0.17311351076457113,0.1072981883753734,0.21676054127360103,0.0,0.031111767671401745,-0.5593921673373128,-0.4687549269586904,-0.9416817228177287,0.11372878241526649,0.0
14.97,0.17451607755035436,0.11159236959385258,0.19346869275785453,0.0,0.02746134245987191,-0.5585158865337241,-0.46630564655611273,-0.9536914278205664,0.11548757281988717,0.0
14.98,0.17483422086211475,0.11513623190201462,0.16695852259711413,0.0,0.02326387997970715,-0.5645345636821294,-0.46422781673580416,-1.007181297040055,0.12335854462367113,0.0
14.99,0.17513917969394777,0.11781352006752013,0.1430074239352173,0.0,0.01959605803213382,-0.5706370701065473,-0.4627555884896323,-1.0606063636184242,0.1312045469954109,0.0
15.0,0.1744246468818071,0.11951966589108443,0.11729736304547067,0.0,0.01567855256306325,-0.5756219267503669,-0.4620638494502077,-1.0995221305958391,0.13773390817088482,0.0
15.01,0.17358151400771096,0.12022063802650655,0.09486798733205756,0.0,0.012414943483411163,-0.5804658015314326,-0.4619124657998686,-1.132484017373831,0.14358848748568878,0.0
15.02,0.17179431226209094,0.12029935636806251,0.0719927629183316,0.0,0.009224339364020768,-0.5843531328578926,-0.4621090967458064,-1.1588431483013866,0.14770614611040409,0.0
15.030000000000001,0.16975310418137338,0.11985458264493101,0.053602329946372006,0.0,0.006822109417932179,-0.5879831015018254,-0.4627235597093857,-1.177455153727025,0.15121608927816996,0.0
15.040000000000001,0.16685324670172014,0.11881696114259106,0.03335330004489676,0.0,0.004095002554940796,-0.5908086879159012,-0.4637972523005368,-1.1866318345853932,0.15370629061743302,0.0
15.05,0.16356397991368885,0.11712587964158747,0.013229180601019574,0.0,0.0014814412274637946,-0.5932694759289201,-0.46533138808892777,-1.1894730275087497,0.155484426274087,0.0
15.06,0.15951147989944855,0.1147269585849295,-0.008052993518997593,0.001290043417806315,0.0,-0.5950690978355871,-0.4672921465599154,-1.1852263752727616,0.1562460723382197,0.0
15.07,0.1549241709034112,0.11157638838339998,-0.028054457474866935,0.00396023036870617,0.0,-0.5964054307239117,-0.4696176595954251,-1.175788646928072,0.15616417738620408,0.0
15.08,0.14967904155402995,0.10764332664460154,-0.04698601334071105,0.006587372612382627,0.0,-0.5972148685281453,-0.47222439596312643,-1.1618082901348106,0.15521117751397312,0.0
15.09,0.1437437068492942,0.10290928246514354,-0.06483918927912355,0.009160183444589116,0.0,-0.5974714717979945,-0.4750117678064672,-1.1440090887713905,0.1534179293904762,0.0
15.1,0.13726596136421812,0.09737066188195817,-0.08063674012220184,0.01151658568141013,0.0,-0.5973265059047701,-0.47786940440673675,-1.1240691937155847,0.150994866669353,0.0
15.11,0.12993261745009166,0.0910351967620979,-0.09596825229901472,0.01391939273594573,0.0,-0.5965481050623632,-0.4806791772011502,-1.1014898216319624,0.14782457123307213,0.0
15.120000000000001,0.12218226902876694,0.08392569773212943,-0.10866540226428852,0.015971063484570315,0.0,-0.5954845158766561,-0.4833229727285447,-1.0787833781817722,0.14431867030985018,0.0
15.13,0.11340093240455745,0.07607331010732375,-0.12191494126721342,0.018227592045179482,0.0,-0.5937158364282124,-0.48568222596638455,-1.0542921495215434,0.1402081692154046,0.0
15.14,0.10433799424643025,0.06752254570843491,-0.1323123187532875,0.02003746810644911,0.0,-0.591769404354998,-0.48764611773180533,-1.0313041874115862,0.13607249051871315,0.0
15.15,0.09405868141144542,0.05832160350321466,-0.1445865109370366,0.02226550314139194,0.0,-0.5890551718067368,-0.48910885178145347,-1.0071063784734788,0.13149150261616174,0.0
15.16,0.08364316671596185,0.04852903867750557,-0.15402262479115875,0.023984101089466955,0.0,-0.5862616772509907,-0.4899783683384951,-0.9857643714653905,0.12718269448104022,0.0
15.17,0.07181589416951215,0.03819949415427452,-0.16684243009686753,0.026379211548554993,0.0,-0.5826466171091319,-0.49027518270417647,-0.9629946072147559,0.12257881905465595,0.0
15.18,0.05998862162305963,0.027391682638507733,-0.17701508167892782,0.028241151199581975,0.0,-0.5790315569672722,-0.490298981339009,-0.9376143573732674,0.11858348105835183,0.0
15.19,0.046582600377506236,0.016165249819233264,-0.19197389670874393,0.031031166166753756,0.0,-0.5745706782465906,-0.49010958288067163,-0.9083054271577936,0.1143733892243193,0.0
15.200000000000001,0.03315738461889377,0.0045819069864479365,-0.20524541448172878,0.033406050891131245,0.0,-0.5700995160173519,-0.4896066440196016,-0.8813674088316715,0.11032920364690509,0.0
15.21,0.018268829734183978,-0.007309251616014889,-0.22338071603616066,0.036714980722778394,0.0,-0.5649078611303084,-0.48868280609700565,-0.8525854705428233,0.10580721659932377,0.0
15.22,0.0031956872627191997,-0.019464881309042975,-0.2412633235975917,0.03987075258005569,0.0,-0.5596253223199097,-0.4872413946319611,-0.8256247687984167,0.10147274803251154,0.0
15.23,-0.013167383123319446,-0.031853946646699216,-0.2637926347148116,0.043907798899621236,0.0,-0.5537386716714797,-0.485194000512433,-0.7979988070475158,0.09696524908814778,0.0
15.24,-0.029877514907105517,-0.04445303954345267,-0.2872197125913316,0.04802287357611493,0.0,-0.5476894817861404,-0.4824651136896333,-0.7725023527380818,0.09276761261731102,0.0
15.25,-0.047538699481011915,-0.05724836956885317,-0.31406107094520724,0.05278459574545832,0.0,-0.5411436157812993,-0.4789916186389214,-0.7476332872330281,0.08866297413327327,0.0
15.26,-0.06563119957169482,-0.07023293467135831,-0.34221503603958414,0.05774995666025446,0.0,-0.5343725003272385,-0.47472621164817935,-0.7252720539743007,0.08496355321584106,0.0
15.27,-0.08435098077099266,-0.0834055263223477,-0.3723587431370716,0.06310638824820859,0.0,-0.5272031993709616,-0.4696381023793912,-0.7048106691409043,0.08157425889809714,0.0
15.280000000000001,-0.10351030726192463,-0.09676918681131859,-0.40366724957836053,0.06869262042094194,0.0,-0.5197548838543987,-0.4637148331540539,-0.6872332058529175,0.07864618902436374,0.0
15.290000000000001,-0.1230362515612957,-0.11032862483150667,-0.4356586897082976,0.07444373494375112,0.0,-0.5119979283516615,-0.45696362149710734,-0.6726823444918816,0.07618346467648847,0.0
15.3,-0.14294686254582897,-0.12408945806477711,-0.4683050469929193,0.08037297549440806,0.0,-0.5039171382788155,-0.4494111704410548,-0.6612085228170205,0.07418588239162371,0.0
15.31,-0.16302653641995504,-0.13805518355730734,-0.5005723648495791,0.0862821037328271,0.0,-0.49560830863459326,-0.44110504020748015,-0.6535160261063099,0.07273531085979074,0.0
15.32,-0.18337288999144177,-0.15222673185158678,-0.5327736913784715,0.09225266253823301,0.0,-0.48693976951168344,-0.43211108023692474,-0.6486829342598295,0.071692038407034,0.0
15.33,-0.20375385991500455,-0.16660015868564976,-0.5639108281964748,0.09807265089850267,0.0,-0.47811484613095173,-0.42251431639396586,-0.647788763389026,0.0711971552460314,0.0
15.34,-0.22422041416679703,-0.18116597226283607,-0.594171400054204,0.10378556691693924,0.0,-0.4689032834641974,-0.4124138629915884,-0.6489561270754018,0.07098706729795048,0.0
15.35,-0.2446502466144783,-0.19590856900252865,-0.6231423838431361,0.10928444962384641,0.0,-0.4595980467519315,-0.40192309342820787,-0.6535021693461741,0.07124826579218181,0.0
15.36,-0.2649214596399287,-0.2108046747450346,-0.650406566909158,0.11446703992688498,0.0,-0.44988818604755193,-0.3911622687542053,-0.6587011683065255,0.07161421815824558,0.0
15.370000000000001,-0.28514772108641023,-0.22582536995660932,-0.6766375972349631,0.11944842931019939,0.0,-0.44013841640872725,-0.3802581408347795,-0.6660430498318515,0.07230873340039061,0.0
15.38,-0.3049080509788661,-0.24093282066721194,-0.7003112519966274,0.12387071370545702,0.0,-0.429974983172944,-0.3693349461520149,-0.6721580943304268,0.07288903776072975,0.0
15.39,-0.3246683808713266,-0.2560854429314753,-0.7236084430857216,0.12817677812675943,0.0,-0.41981154993715836,-0.35851386341678165,-0.6786864828010832,0.07360922521289393,0.0
15.4,-0.3436122127516528,-0.27123228342751426,-0.7434994216787861,0.13166755484752574,0.0,-0.4092441807515635,-0.3479036405969323,-0.6820079347982418,0.07399496478540615,0.0
15.41,-0.3625461176044758,-0.2863203441693305,-0.7635408709965219,0.1351023076249545,0.0,-0.398671900490591,-0.3375999085943601,-0.6836763496069891,0.07429085477124497,0.0
15.42,-0.38046596952631806,-0.3012889988404748,-0.7800540044653427,0.13762652813266676,0.0,-0.38777628469460734,-0.327678291218116,-0.6808326510902136,0.07411244747033366,0.0
15.43,-0.3982579074328556,-0.3160772685991498,-0.7968838261974004,0.14008085804264125,0.0,-0.3768398829146673,-0.31819372803081475,-0.6745293070473273,0.07362254400303453,0.0
15.44,-0.41490134587089567,-0.33061847451366566,-0.810281340471907,0.14160513815504464,0.0,-0.36565180091327015,-0.30917643759960917,-0.6629516376444078,0.07256209332456007,0.0
15.450000000000001,-0.4312357749245,-0.3448467401569526,-0.8238807116675222,0.14300531491184904,0.0,-0.3543960031205816,-0.30063252358609405,-0.6469483531831339,0.07104250089230969,0.0
15.46,-0.446396542484307,-0.3586931269450784,-0.8345261386773324,0.14356694041173973,0.0,-0.3429512353187465,-0.29254316744298237,-0.6257281645453631,0.06892582344825642,0.0
15.47,-0.4610250384194718,-0.3720903862998149,-0.8450300401854167,0.14392292989739588,0.0,-0.33142076701952894,-0.2848667778743435,-0.6000717660202156,0.06629598403701112,0.0
15.48,-0.4746622531557335,-0.3849727645523876,-0.8538712502904174,0.14372528663024933,0.0,-0.31975509382223116,-0.27754102698180083,-0.570030683191508,0.06312393616540453,0.0
15.49,-0.4876048622715178,-0.39727856096425324,-0.8624527097252145,0.1433000769267069,0.0,-0.30799468052270357,-0.2704860985898525,-0.53631594576189,0.05948147738287717,0.0
15.5,-0.4997673138261404,-0.4089521878895249,-0.8707167437385297,0.14263139022017413,0.0,-0.2961438823349185,-0.2636085617335068,-0.4995470717439813,0.05542774860201547,0.0
15.51,-0.5111112000627446,-0.41994416320264083,-0.8786185714527484,0.14174070233574357,0.0,-0.2841982495413002,-0.25680504506721064,-0.4603205629159734,0.0510299977698218,0.0
15.52,-0.5218686195878885,-0.43021478650161904,-0.887375628365687,0.14088758475569194,0.0,-0.27219810676800327,-0.24996694817650672,-0.4195686010274989,0.04640845052236533,0.0
15.530000000000001,-0.5317009468855132,-0.4397315175748262,-0.8955573506028813,0.13981399342953024,0.0,-0.26011197998651353,-0.24298405572276963,-0.3777814623230272,0.04162854059373318,0.0
15.540000000000001,-0.5411230655333389,-0.44847414626277954,-0.9055843320740555,0.13901840182760328,0.0,-0.24799827303268007,-0.2357494112572309,-0.3360296250164456,0.03684119715741315,0.0
15.55,-0.5495309978321841,-0.456429686034975,-0.9147053983202684,0.137990177271858,0.0,-0.23581637776953812,-0.22816271544184646,-0.2947763816039954,0.032110894038193505,0.0
15.56,-0.5576875467548518,-0.46359890914088475,-0.9264650699623043,0.1374320241219912,0.0,-0.22362488704014358,-0.2201349544916485,-0.2551070919789153,0.027588066566616182,0.0
15.57,-0.5647582479951183,-0.4699888826791625,-0.9368589254447264,0.13660954477345727,0.0,-0.2113919488015686,-0.21159156422231706,-0.217551600201171,0.02333702118657926,0.0
15.58,-0.5717189583447885,-0.47562071127990796,-0.9504611483983133,0.13639690621893488,0.0,-0.19915845470158836,-0.2024763812501278,-0.18305994480411678,0.019476924011114897,0.0
15.59,-0.5775395924666752,-0.4805198819533032,-0.9620999319978538,0.1358666537555706,0.0,-0.18691919899380252,-0.19275439764558686,-0.1522681765527822,0.0160734681870673,0.0
15.6,-0.5833602265885632,-0.4847248267403402,-0.9771930843228065,0.13602102230666166,0.0,-0.17467994328601377,-0.18241434793441327,-0.1257647503566541,0.013185317467063055,0.0
15.610000000000001,-0.5880319263392196,-0.4882759009790762,-0.9897475112941666,0.13580974518096478,0.0,-0.16247999430558452,-0.17147063761992987,-0.10426104904618305,0.010882711707493022,0.0
15.620000000000001,-0.5926896572829286,-0.4912227753019057,-1.005171421182677,0.13621368396078232,0.0,-0.15028052321850285,-0.15996379677241254,-0.08775667787214227,0.0091441530218752,0.0
15.63,-0.5963921447051074,-0.49361618748896885,-1.0184127304663801,0.13635576107303127,0.0,-0.13816220805793425,-0.14796085085811947,-0.07684422669707698,0.00803212032601057,0.0
15.64,-0.59997413641084,-0.4955121248805469,-1.033374433806817,0.13693733897725063,0.0,-0.12605413001626672,-0.1355531616599645,-0.07087191756794582,0.007449422216086857,0.0
15.65,-0.6027771426567027,-0.4969654925245168,-1.0463203658512183,0.13732452530584455,0.0,-0.11405982014674518,-0.12285462895189234,-0.07008975446430601,0.007430667350533857,0.0
15.66,-0.6053705590646583,-0.49803225084188596,-1.0598388307734654,0.13797529147644735,0.0,-0.10209612015890618,-0.10999706529668264,-0.07327850441557011,0.007820998968756907,0.0
15.67,-0.607343815286365,-0.49876515780904007,-1.0714562360075068,0.1384733438345396,0.0,-0.09026820358716096,-0.09712619419552404,-0.08022432146318553,0.008612868948972296,0.0
15.68,-0.609035820336744,-0.4992143475634795,-1.0826190750029632,0.13907031551089125,0.0,-0.07850186666156214,-0.08439528537329649,-0.08935906682153646,0.009621601538922539,0.0
15.69,-0.6102490576864553,-0.4994362170837553,-1.092026987469125,0.1395420589698159,0.0,-0.0668827313943225,-0.0719597286119062,-0.09999938614865139,0.010791839704293303,0.0
15.700000000000001,-0.611126815319458,-0.49954663358549295,-1.0986973359215981,0.13998261225471648,0.0,-0.055366742539375416,-0.05997083145546736,-0.11055139194881829,0.011945231897021485,0.0
15.71,-0.6116497649493343,-0.49961806594812974,-1.1026183456513778,0.1403269094605473,0.0,-0.04399877658337063,-0.048566767981324456,-0.11994013294901873,0.012979406531078,0.0
15.72,-0.6118004391051612,-0.49967561349962397,-1.104038390883847,0.14042551302146106,0.0,-0.032786120807486836,-0.0378678477144269,-0.1269231338979555,0.013761511326779082,0.0
15.73,-0.6117028321673628,-0.4997272217993977,-1.1036744485898162,0.14033142883943844,0.0,-0.021711712169446153,-0.02797149013776242,-0.1301941581179551,0.01414875976895201,0.0
15.74,-0.6112135867862144,-0.49977405614862713,-1.1007140948330127,0.1398954942821363,0.0,-0.01085537448103719,-0.01894897155598182,-0.12932017102356871,0.01410071928387975,0.0
15.75,-0.6105651544329016,-0.4998153913082753,-1.0964901019530036,0.13932036086600444,0.0,-0.00011691116768985498,-0.01084071894915398,-0.12290484250388217,0.013436029378721598,0.0
15.76,-0.6095231534549782,-0.49984926692202897,-1.0897301260879708,0.1383945379914441,0.0,0.010330123424832676,-0.0036567155093259166,-0.11163970224156619,0.012241894500604368,0.0
15.77,-0.6083936268383113,-0.4998740690723543,-1.082172375692244,0.13739382494032917,0.0,0.020690253406757387,0.0026261449019911085,-0.09405964945022896,0.010295253647505897,0.0
15.780000000000001,-0.6068860342038134,-0.4998876948359198,-1.0722482747346307,0.13605883554690204,0.0,0.030674999894981934,0.008059344546643109,-0.07212350036055624,0.007841841600772463,0.0
15.790000000000001,-0.6053451444759528,-0.4998887269671416,-1.0618985150531808,0.13470084998186052,0.0,0.04061440853875478,0.01272380091081834,-0.04412347299238455,0.0046045353791923805,0.0
15.8,-0.6034591241250814,-0.499875357965435,-1.0494454679640566,0.13304148320733217,0.0,0.050083881914267506,0.01672154935779976,-0.01321551240794407,0.0010072338234317878,0.0
15.81,-0.6015731037742095,-0.4998464501586846,-1.0368181449711213,0.13139212911913092,0.0,0.059553355289782485,0.020166323821572442,0.019445519192342563,0.0,0.003298902373056128
15.82,-0.599399318311142,-0.49980052940331904,-1.0224833974341636,0.12949581406030033,0.0,0.06846139646755321,0.023177090881560353,0.0524328669798607,0.0,0.007716371129500009
15.83,-0.5972220341840964,-0.49973663265679785,-1.0080131475035972,0.1276089364924528,0.0,0.07736261172194707,0.025884691296614495,0.08908092573650887,0.0,0.012640897175648001
15.84,-0.5948635118543563,-0.4996537674935986,-0.9925056783061711,0.12557322177966793,0.0,0.08571217053969585,0.02842416474204755,0.12567197063065208,0.0,0.017479332929450076
15.85,-0.5924821278913376,-0.4995484793776019,-0.976832521048854,0.12353177644991581,0.0,0.09399214266455702,0.030932190082512967,0.1635023768576021,0.0,0.022543931384988444
15.860000000000001,-0.5900085998470848,-0.4993707524073463,-0.9613817609400171,0.12142027886132088,0.0,0.10174083111555643,0.033537809959204704,0.1989436969437769,0.0,0.027298670915506924
15.870000000000001,-0.5875102799882939,-0.4990617741013112,-0.9468558252236391,0.11928784309586743,0.0,0.10934657510247155,0.03635761975439148,0.2327903377475306,0.0,0.031965087579879946
15.88,-0.5849914773816897,-0.49857056342184936,-0.9335037151916619,0.11719689141997505,0.0,0.11645200517998869,0.039487817793734246,0.262160972578038,0.0,0.036104190082932475
15.89,-0.5824633855673258,-0.49785495568016064,-0.9216032650413801,0.1152115821240321,0.0,0.12333053602054977,0.04300189562228844,0.28759621649960637,0.0,0.03985172858504402
15.9,-0.57996903955053,-0.49688319793712793,-0.9115887158948844,0.11341777994046062,0.0,0.12975031971785722,0.04694646697570412,0.30737537633651113,0.0,0.042910384028724165
15.91,-0.5774983397207942,-0.4956345803751402,-0.9035407496783556,0.1118459838016792,0.0,0.13584865240365093,0.05134041155452366,0.3218669961648548,0.0,0.045332751643016686
15.92,-0.5750981814459674,-0.4941003697794835,-0.8978091614203987,0.1105682818097925,0.0,0.14154040171401944,0.05617475834010835,0.3306562593597748,0.0,0.04699759399762361
15.93,-0.5727720375410602,-0.4922841616747451,-0.8944523234658918,0.10960813914920911,0.0,0.14680555123663416,0.06141314079532969,0.3338036264126138,0.0,0.04786642233155321
15.94,-0.5705357981603625,-0.4902016811942146,-0.8935170192230348,0.10898911583826647,0.0,0.15172687815333444,0.0669953515253647,0.3321357527244098,0.0,0.048019003407924254
15.950000000000001,-0.5684413741204842,-0.4878810614923904,-0.8952125438636467,0.10875605426108322,0.0,0.15610585950435865,0.07283814694597118,0.32514728709619994,0.0,0.04730772294657429
15.96,-0.5664387847860759,-0.4853610731946036,-0.8990507672065141,0.10885134363238387,0.0,0.16021437602066146,0.07884158930447678,0.31477197087709,0.0,0.046028658876053716
15.97,-0.564663244551427,-0.48269159060040495,-0.9055724723102287,0.10937195055615896,0.0,0.16365420419168358,0.08488906931388568,0.29967370823908734,0.0,0.04389864086498345
15.98,-0.5629640364154685,-0.47992988719747376,-0.9135333612852106,0.11014902138785733,0.0,0.16690752230085965,0.09085567586029324,0.2828161491780977,0.0,0.04143869479394584
15.99,-0.5615945439262495,-0.4771416687899218,-0.924011024515221,0.11136513361648682,0.0,0.16935521228346812,0.09660655635819282,0.26182234484037414,0.0,0.038198893025913505
16.0,-0.5602684481409014,-0.47439522701326114,-0.9348193594432672,0.1127129764813443,0.0,0.17171094397878822,0.10200697304375769,0.24072327436027097,0.0,0.034930802449796905
16.01,-0.5593921673373127,-0.4717635921733816,-0.9478132637111102,0.1144970938950737,0.0,0.17311351076457146,0.10691845374039068,0.21594088309610268,0.0,0.030985075572612708
16.02,-0.5585158865337241,-0.4693166711287733,-0.9597750496157416,0.11625351442290595,0.0,0.17451607755035436,0.1112104004685187,0.19265179093379234,0.0,0.02733713812035296
16.03,-0.5645345636821294,-0.4672414285325992,-1.0131868647940951,0.12412135122132285,0.0,0.17483422086211475,0.1147522135097939,0.16614050377335596,0.0,0.023142047235804653
16.04,-0.5706370701065473,-0.4657715773246202,-1.06650756405945,0.1319636495584879,0.0,0.17513917969394777,0.11742764250442476,0.14218566528814922,0.0,0.019476450356058043
16.05,-0.5756219267503669,-0.46508131932402214,-1.105304869366354,0.13848903357674014,0.0,0.1744246468818071,0.11913210712829728,0.11646849214737438,0.0,0.015561000214595437
16.06,-0.5804658015314313,-0.4649302693798454,-1.1381774404520881,0.14433955971642762,0.0,0.17358151400771116,0.11983180796595622,0.09402998448906572,0.0,0.012299273467957072
16.07,-0.5843531328578926,-0.4651260142760339,-1.1644910675024243,0.14845450749988262,0.0,0.17179431226209094,0.11990995327579274,0.07115058750012304,0.0,0.009110682757384086
16.080000000000002,-0.5879831015018263,-0.4657381247240842,-1.1830682532415118,0.1519623464452019,0.0,0.16975310418137288,0.11946467329395478,0.05275685222844626,0.0,0.006709570697114828
16.09,-0.5908086879159012,-0.46680792659371634,-1.1922177727117382,0.15445166335770272,0.0,0.16685324670172014,0.11842659257288649,0.03249971771605819,0.0,0.003983180351595352
16.1,-0.5932694759289208,-0.4683366314581297,-1.1950429037367527,0.1562302454096254,0.0,0.16356397991368807,0.11673506464915982,0.012365791604869236,0.0,0.0013702673714180993
16.11,-0.5950690978355871,-0.47029048962017395,-1.1907935513553949,0.1569937429077553,0.0,0.15951147989944855,0.1143357482910315,-0.008893014628535287,0.001400616571364537,0.0
16.12,-0.5964054307239117,-0.4726077783383791,-1.1813670347337182,0.15691511453400847,0.0,0.1549241709034112,0.11118492766079298,-0.02887348346744535,0.004070175281329653,0.0
16.13,-0.5972148685281453,-0.47520518325119404,-1.1674119757519474,0.155966741063668,0.0,0.14967904155402995,0.10725183862802942,-0.047786848441602005,0.006696729342267726,0.0
16.14,-0.5974714717979945,-0.4779823962160635,-1.149651301345014,0.15417935454057935,0.0,0.1437437068492942,0.10251805654607987,-0.06562349745682086,0.009269078440992052,0.0
16.15,-0.5973265059047703,-0.48082937957728844,-1.1297621468344476,0.1517631976811382,0.0,0.13726596136421987,0.09698004281782792,-0.0814064128367453,0.011625215906096418,0.0
16.16,-0.5965481050623632,-0.48362837926037927,-1.107244308529499,0.1486006037129596,0.0,0.12993261745009166,0.09064557148534155,-0.09672570795647246,0.014028016289351741,0.0
16.17,-0.5954845158766556,-0.48626168673145004,-1.0846085947008839,0.14510290134003256,0.0,0.12218226902876485,0.08353748051389662,-0.10941344362698453,0.016079990478772115,0.0
16.18,-0.5937158364282124,-0.48861115857835913,-1.0601956292132202,0.14100075875641346,0.0,0.11340093240455745,0.0756869254782289,-0.12265679567598319,0.018337172582353994,0.0
16.19,-0.5917694043549974,-0.49056640243811284,-1.0372914212119475,0.1368732322128747,0.0,0.1043379942464278,0.06713841147671455,-0.13305121713415652,0.020148079360374216,0.0
16.2,-0.5890551718067368,-0.4920220386246045,-1.0131807852644534,0.1322998073487738,0.0,0.09405868141144542,0.05794011261822454,-0.1453259809656091,0.022377533223258674,0.0
16.21,-0.5862616772509907,-0.4928864007755783,-0.9919264471724799,0.12799758371475217,0.0,0.08364316671596185,0.048150543148941,-0.15476577388511345,0.024097934435712585,0.0
16.22,-0.5826466171091319,-0.49318128293965846,-0.9692204171988803,0.12339893220802714,0.0,0.07181589416951215,0.03782427845500819,-0.1675925194892882,0.026495211216096368,0.0
16.23,-0.5790315569672722,-0.49320482645512936,-0.9438784532455607,0.11940721342416453,0.0,0.05998862162305963,0.027020015036759826,-0.17777470330127612,0.02835963994154378,0.0
16.240000000000002,-0.5745706782465896,-0.4930172458121413,-0.9145742550627339,0.11519718689163487,0.0,0.04658260037750303,0.01579728266573218,-0.19274568140139825,0.031152407455226343,0.0
16.25,-0.5700995160173519,-0.4925184642648789,-0.8876356475497342,0.1111523356234686,0.0,0.03315738461889377,0.004217686103026904,-0.20603118832656925,0.03353032092175131,0.0
16.26,-0.5649078611303071,-0.4916010165063314,-0.8588574914494052,0.10662746697890599,0.0,0.018268829734180383,-0.007669778746025451,-0.22418207736681067,0.036842418372327816,0.0
16.27,-0.5596253223199097,-0.4901681120591823,-0.8319014962217437,0.10228799693594255,0.0,0.0031956872627191997,-0.01982186474438028,-0.24208054856583247,0.040001411637485315,0.0
16.28,-0.5537386716714797,-0.48813120568387547,-0.8042797819828094,0.09777346695143373,0.0,-0.013167383123319446,-0.03220763082874201,-0.264625656211877,0.0440416429463578,0.0
16.29,-0.5476894817861404,-0.48541462136122165,-0.7787836480733239,0.09356686959875153,0.0,-0.029877514907105517,-0.04480375492824902,-0.2880672224407359,0.04815977763102949,0.0
16.3,-0.5411436157812993,-0.48195503745867135,-0.7539089021489627,0.08945145570454352,0.0,-0.047538699481011915,-0.057596520953716944,-0.3149212275069599,0.05292434728143652,0.0
16.31,-0.53437250032724,-0.4777048953522425,-0.7315328727942487,0.08573958756310775,0.0,-0.0656311995716905,-0.07057898568558794,-0.3430851244924654,0.057892263819510806,0.0
16.32,-0.5272031993709616,-0.4726330934555554,-0.7110455388986383,0.08233635159070954,0.0,-0.08435098077099266,-0.08374998150421639,-0.37323556923599105,0.06325088944386159,0.0
16.330000000000002,-0.5197548838543968,-0.46672680302205255,-0.6934292948239844,0.07939306759805857,0.0,-0.1035103072619292,-0.09711257186552058,-0.40454716306993693,0.0688388986609931,0.0
16.34,-0.5119979283516615,-0.4599928111659211,-0.6788262227641956,0.07691412981686828,0.0,-0.1230362515612957,-0.1106714659800848,-0.43653773918895505,0.07459133376655744,0.0
16.35,-0.5039171382788136,-0.4524573373175162,-0.6672874041487735,0.0748996633520928,0.0,-0.14294686254583372,-0.12443226218920722,-0.46917950843838063,0.08052141691730272,0.0
16.36,-0.49560830863459326,-0.4441674160829798,-0.6595186685415826,0.0734319211941073,0.0,-0.16302653641995504,-0.13839842010021097,-0.5014387091848949,0.08643090752418935,0.0
16.37,-0.48693976951168344,-0.4351883463516831,-0.6546013337902565,0.07237162629345234,0.0,-0.18337288999144177,-0.1525708176029579,-0.5336289121588536,0.09240136424597148,0.0
16.38,-0.47811484613095173,-0.42560460020717794,-0.653618757416832,0.07186034508724558,0.0,-0.20375385991500455,-0.1669454459589406,-0.5647525675611765,0.0982208188731164,0.0
16.39,-0.4689032834641974,-0.4155147606450603,-0.6546988302160784,0.07163498522366069,0.0,-0.22422041416679703,-0.18151274090131816,-0.594997928544521,0.1039328164174756,0.0
16.4,-0.45959804675193383,-0.40503171896661877,-0.6591636602083142,0.07188254677882235,0.0,-0.24465024661447346,-0.19625702228503297,-0.6239527975292236,0.10943045394147954,0.0
16.41,-0.44988818604755193,-0.39427533121594827,-0.6642935610799372,0.07223698816966126,0.0,-0.2649214596399287,-0.21115493943003416,-0.651200706693154,0.11461153805638188,0.0
16.42,-0.44013841640872725,-0.3833720468676376,-0.6715834223412901,0.07292256895856915,0.0,-0.28514772108641023,-0.22617749951547822,-0.6774159259527865,0.11959123009990624,0.0
16.43,-0.429974983172944,-0.3724459247624065,-0.677668480798226,0.0734968976921205,0.0,-0.3049080509788661,-0.24128680179703244,-0.7010749371338476,0.12401169584392642,0.0
16.44,-0.41981154993715597,-0.36161810634084,-0.6841920586748578,0.07421436028323317,0.0,-0.3246683808713313,-0.25644120401901926,-0.7243589730790541,0.1283158877881295,0.0
16.45,-0.4092441807515635,-0.3509974520324935,-0.687536360875829,0.07460080450544775,0.0,-0.3436122127516528,-0.271589705097249,-0.7442388792271988,0.13180479944593224,0.0
16.46,-0.398671900490591,-0.3406798556275032,-0.6892555902690632,0.07490088098635615,0.0,-0.3625461176044758,-0.28667927077116345,-0.7642714303119807,0.13523774884123663,0.0
16.47,-0.38777628469460734,-0.330741346006274,-0.6864894762462049,0.07473005663312153,0.0,-0.38046596952631806,-0.3016492498889904,-0.7807779355209555,0.13776027182239983,0.0
16.48,-0.3768398829146673,-0.3212373932622527,-0.6802874629992495,0.07425090901259848,0.0,-0.3982579074328556,-0.3164386504644427,-0.7976035032041267,0.14021304402006973,0.0
16.490000000000002,-0.3656518009132675,-0.3121988483663707,-0.6688307108867633,0.07320403127759999,0.0,-0.41490134587089955,-0.33098079154237103,-0.8109990780669866,0.14173592983661482,0.0
16.5,-0.3543960031205816,-0.303632520323845,-0.6529626475662812,0.07170035625565925,0.0,-0.4312357749245,-0.345209805195126,-0.8245987065068224,0.1431348886430761,0.0
16.51,-0.3429512353187438,-0.2955203376581623,-0.6318865671021915,0.06960137176667297,0.0,-0.4463965424843105,-0.35905677058295493,-0.8352463687654248,0.14369547527452034,0.0
16.52,-0.33142076701952894,-0.2878214673929366,-0.6063779701608799,0.06699036276062441,0.0,-0.4610250384194718,-0.3724544651071849,-0.8457542815545394,0.14405059805413506,0.0
16.53,-0.31975509382223116,-0.2804743233217405,-0.5764838613652276,0.06383760394813,0.0,-0.4746622531557335,-0.3853371678195596,-0.8546009864535972,0.14385224487454776,0.0
16.54,-0.30799468052270357,-0.2733997908491296,-0.5429116405440769,0.06021420169947373,0.0,-0.4876048622715178,-0.39764321622833865,-0.8631892154194715,0.14342645902992732,0.0
16.55,-0.2961438823349185,-0.2665050816695299,-0.5062780740142702,0.05617861913154753,0.0,-0.4997673138261404,-0.4093170641974244,-0.8714607374018426,0.14275730078800747,0.0
16.56,-0.28419824954130307,-0.25968739349525893,-0.4671775249981688,0.05179746143330216,0.0,-0.5111112000627418,-0.42030927297937004,-0.8793706783496056,0.1418662112142422,0.0
16.57,-0.27219810676800327,-0.25283860974816436,-0.4265403520024181,0.047190363646293663,0.0,-0.5218686195878885,-0.43058018573158546,-0.8881360634126082,0.1410127244135612,0.0
16.580000000000002,-0.26011197998651064,-0.24584890314059257,-0.3848548497606298,0.04242223431625671,0.0,-0.5317009468855155,-0.4400973036532468,-0.8963259090792401,0.13993875673153322,0.0
16.59,-0.24799827303268007,-0.23861159893023354,-0.34318902389869227,0.03764355298090669,0.0,-0.5411230655333389,-0.4488404536154276,-0.9063603322769519,0.13914274161944537,0.0
16.6,-0.2358163777695352,-0.2310265616653814,-0.30200323800766277,0.03291842864000872,0.0,-0.5495309978321861,-0.45679668025932385,-0.9154880447582662,0.13811400801364063,0.0
16.61,-0.22362488704014358,-0.22300481114782542,-0.26237913874554064,0.028397026135936424,0.0,-0.5576875467548518,-0.4639667795410428,-0.9272530712580755,0.13755522609775045,0.0
16.62,-0.2113919488015686,-0.2144716733321969,-0.22484261860347338,0.02414348579146009,0.0,-0.5647582479951183,-0.47035783348588195,-0.9376508813202503,0.13673196879077956,0.0
16.63,-0.19915845470158836,-0.2053707204220814,-0.19033985271843887,0.02027692375732755,0.0,-0.5717189583447885,-0.47599095175005146,-0.9512551824192209,0.13651838067425923,0.0
16.64,-0.18691919899380252,-0.195666517498114,-0.15950367079634423,0.01686311197164162,0.0,-0.5775395924666752,-0.4808916164033869,-0.9628943695773301,0.13598699204628736,0.0
16.65,-0.1746799432860167,-0.18534720858263573,-0.13292074094059408,0.013960932556407837,0.0,-0.5833602265885619,-0.48509824446367944,-0.9779858356527397,0.13614003253865903,0.0
16.66,-0.16247999430558743,-0.17442645208394555,-0.11130239740614913,0.011640992328071554,0.0,-0.5880319263392185,-0.48865116688933474,-0.9905368393130847,0.13592723847420096,0.0
16.67,-0.15028052321849994,-0.1629438923188673,-0.09465062156745946,0.009882310672450392,0.0,-0.5926896572829297,-0.4916000214903978,-1.0059553877874037,0.136329484498998,0.0
16.68,-0.13816220805793425,-0.15096555825881777,-0.08356257728005898,0.008748029940779488,0.0,-0.5963921447051074,-0.49399550660970254,-1.0191899691629203,0.1364697140031565,0.0
16.69,-0.12605413001626384,-0.13858174286407993,-0.07739344951297313,0.008141752546935634,0.0,-0.5999741364108409,-0.49589356524551653,-1.0341436056611888,0.1370493190770695,0.0
16.7,-0.11405982014674518,-0.12590525033983144,-0.07640177312065548,0.008098987667917359,0.0,-0.6027771426567027,-0.49734905491985815,-1.0470805896676125,0.1374344424781387,0.0
16.71,-0.10209612015890618,-0.11306682190592837,-0.07937821934967099,0.008465850584154805,0.0,-0.6053705590646583,-0.4984178876923653,-1.0605896440139697,0.13808309583454817,0.0
16.72,-0.09026820358716096,-0.10021118593299845,-0.08611918121358662,0.009235796153785359,0.0,-0.607343815286365,-0.49915277391335494,-1.0721974854671132,0.1385790286977921,0.0
16.73,-0.07850186666156214,-0.0874907434793279,-0.09506664505201164,0.010225135223666143,0.0,-0.609035820336744,-0.49960380306548385,-1.0833511923116523,0.13917391822561923,0.0
16.740000000000002,-0.06688273139431976,-0.07506018019744053,-0.10554624292024384,0.011379433589138954,0.0,-0.6102490576864555,-0.4998270474029112,-1.0927506048834696,0.13964366071023715,0.0
16.75,-0.055366742539375416,-0.063070314439244,-0.11597212651170398,0.012521144979228736,0.0,-0.611126815319458,-0.49993798419971675,-1.0994300447489638,0.14008202253429325,0.0
16.76,-0.04399877658336796,-0.05165907812077845,-0.12527583138376042,0.013548584337213345,0.0,-0.6116497649493343,-0.5000096204729834,-1.1033495763400774,0.14042501055602333,0.0
16.77,-0.032786120807486836,-0.04094677250676185,-0.13221878037109733,0.014329351807782876,0.0,-0.6118004391051612,-0.5000672519731721,-1.1047675271145883,0.14052299421137515,0.0
16.78,-0.021711712169446153,-0.031031059262244996,-0.1354960267226599,0.014720914224543023,0.0,-0.6117028321673628,-0.5001188962997403,-1.1044017518237528,0.14042854650462416,0.0
16.79,-0.01085537448103719,-0.021983699368537446,-0.13467329691778207,0.014682875387487936,0.0,-0.6112135867862144,-0.500165744794368,-1.1014398896584707,0.13999234590141918,0.0
16.8,-0.00011691116768985498,-0.013845822335193762,-0.12835026398380942,0.014033680099744632,0.0,-0.6105651544329016,-0.5002070811600791,-1.0972147154531615,0.13941698560864393,0.0
16.81,0.010330123424830182,-0.006628297090991254,-0.1172129671860443,0.012860113404193305,0.0,-0.6095231534549784,-0.5002409475724747,-1.0904536549390627,0.1384909540116769,0.0
16.82,0.020690253406757387,-0.0003090429611874914,-0.09978878485737248,0.010938493091897547,0.0,-0.6083936268383113,-0.5002657303065162,-1.0828948699463077,0.1374900432318275,0.0
16.830000000000002,0.030674999894984317,0.005162299596905817,-0.07803018714354364,0.00851376084366463,0.0,-0.606886034203813,-0.5002793261116582,-1.0729699489046598,0.1361548652000499,0.0
16.84,0.04061440853875478,0.009865472377144363,-0.05022192693544798,0.005307871363228955,0.0,-0.6053451444759528,-0.5002803174150475,-1.062619530184109,0.1347967001553944,0.0
16.85,0.05008388191426976,0.013901314571041285,-0.019516461941964183,0.0017437076265104977,0.0,-0.603459124125081,-0.5002668966924554,-1.05016603150973,0.13313716340925882,0.0
16.86,0.059553355289782485,0.017384702691611666,0.013717167564132427,0.0,0.002528632644954453,-0.6015731037742095,-0.5002379291183033,-1.0375382734729313,0.13148764923925496,0.0
16.87,0.06846139646755321,0.020434446122875437,0.0465180764799521,0.0,0.006913780841238878,-0.599399318311142,-0.500191947281061,-1.0232030953481817,0.12959118608979012,0.0
16.88,0.07736261172194707,0.023179978787985007,0.08290033139383096,0.0,0.01180466562980922,-0.5972220341840964,-0.5001279873309427,-1.0087325389236192,0.12770416712735683,0.0
16.89,0.08571217053969585,0.025754898056465116,0.11923062671306842,0.0,0.016608902248751136,-0.5948635118543563,-0.5000450532101443,-0.9932248981535808,0.12566831066569653,0.0
16.9,0.09399214266455504,0.02829459794155499,0.1568290747126593,0.0,0.021640101521250395,-0.5924821278913381,-0.4999396466523365,-0.9775515495875947,0.1236267251141944,0.0
16.91,0.10174083111555463,0.030927071049211496,0.1920812312676023,0.0,0.02636358460598998,-0.5900085998470853,-0.49976163792700246,-0.9621040818322263,0.12151504769106017,0.0
16.92,0.10934657510247335,0.03376814216531136,0.22579220970779287,0.0,0.03100208240293516,-0.5875102799882933,-0.4994522294612926,-0.9475824092586345,0.11938251015235739,0.0
16.93,0.11645200517998869,0.03691354961377965,0.25508513941069977,0.0,0.03511759167106818,-0.5849914773816897,-0.49896046053846554,-0.9342359746696095,0.11729160617373839,0.0
16.94,0.12333053602055141,0.04043663924664789,0.2805015544651207,0.0,0.038846593818897254,-0.5824633855673251,-0.4982441926872379,-0.9223422569294993,0.11530648210386753,0.0
16.95,0.12975031971785722,0.044384174099531624,0.3003157288388949,0.0,0.041892217618283,-0.57996903955053,-0.4972717045575774,-0.9123352684113897,0.1135129847627401,0.0
16.96,0.13584865240365093,0.0487754403274243,0.3148886754408468,0.0,0.04430721443314297,-0.5774983397207942,-0.4960223218173902,-0.9042953001923038,0.11194158992429198,0.0
16.97,0.14154040171401944,0.053602079825671584,0.32379501298234464,0.0,0.045970230591215466,-0.5750981814459674,-0.4944873487327773,-0.8985717595463958,0.11066435717425387,0.0
16.98,0.14680555123663416,0.05882848671680914,0.3270835717539611,0.0,0.046842420909304155,-0.5727720375410602,-0.49267041825998176,-0.8952226545414662,0.1097047194644894,0.0
16.990000000000002,0.1517268781533355,0.06439530458582089,0.32557039167695206,0.0,0.04700300258689345,-0.5705357981603619,-0.49058729043884086,-0.89429432546077,0.10908620252990256,0.0
17.0,0.15610585950435865,0.0702201736835971,0.3187385218502741,0.0,0.04630367387429089,-0.5684413741204842,-0.4882661290659048,-0.8959958316918285,0.10885361412681312,0.0
17.01,0.16021437602066227,0.07620402823307124,0.3085149770332742,0.0,0.045039736937058955,-0.5664387847860755,-0.4857457288689077,-0.8998386543484813,0.10894931122922656,0.0
17.02,0.16365420419168358,0.08223107500065169,0.2935538497858282,0.0,0.04292721673086244,-0.564663244551427,-0.4830759801807534,-0.9063632626158139,0.1094702315266893,0.0
17.03,0.16690752230085965,0.08817713860829111,0.2768173152698183,0.0,0.04048633727372651,-0.5629640364154685,-0.4803141629554005,-0.9143252331991322,0.11024749850530775,0.0
17.04,0.16935521228346812,0.09390799303677913,0.25592018763736596,0.0,0.03726642590786825,-0.5615945439262495,-0.47752597947988856,-0.9248018972802121,0.11146367387577584,0.0
17.05,0.17171094397878822,0.09928941240097308,0.23489672520578297,0.0,0.03401836661740378,-0.5602684481409014,-0.4747797072258289,-0.935607229820254,0.11281143992065103,0.0
17.06,0.17311351076457113,0.10418330418447326,0.21016114495745208,0.0,0.030092239229402927,-0.5593921673373128,-0.4721483532730717,-0.9485962426275631,0.11459534251011616,0.0
17.07,0.17451607755035436,0.1084593266400655,0.18689712265430314,0.0,0.02646298645669617,-0.5585158865337241,-0.46970179235292375,-0.9605514213760353,0.11635142249720411,0.0
17.080000000000002,0.17483422086211484,0.11198699926680901,0.16038109374268464,0.0,0.022285318508739417,-0.564534563682131,-0.4676269451014235,-1.0139526780229429,0.12421881301959257,0.0
17.09,0.17513917969394777,0.1146500747717786,0.1364005630616437,0.0,0.018635628648354368,-0.5706370701065473,-0.4661574653215899,-1.0672593939229993,0.1320605851280311,0.0
17.1,0.1744246468818069,0.11634386338860624,0.11063126291522077,0.0,0.01473446188670939,-0.575621926750368,-0.4654674533052224,-1.1060409689010477,0.13858540175624556,0.0
17.11,0.17358151400771096,0.11703594764743804,0.08812348073973462,0.0,0.011485375581851798,-0.5804658015314326,-0.46531647498127315,-1.1389022600632757,0.14443533618498297,0.0
17.12,0.17179431226209094,0.11711096303788084,0.06520761052901622,0.0,0.008309616581405098,-0.5843531328578926,-0.4655121228577011,-1.1652103988681817,0.14854989098084898,0.0
17.13,0.16975310418137338,0.11666350974749994,0.046783208319256746,0.0,0.005915548474333294,-0.5879831015018254,-0.46612398127745913,-1.1837821557650818,0.15205744855560266,0.0
17.14,0.16685324670172014,0.11562400859942909,0.02646264443580457,0.0,0.003193441747689123,-0.5908086879159012,-0.46719334407485774,-1.192927623726731,0.15454663380954653,0.0
17.150000000000002,0.16356397991368807,0.11393152174448,0.006250558245477154,0.0,0.0005838980253116527,-0.5932694759289208,-0.4687214083011085,-1.1957504722047578,0.1563252251903066,0.0
17.16,0.15951147989944855,0.11153194237191226,-0.014847425869986261,0.002184338727481273,0.0,-0.5950690978355871,-0.47067441555027156,-1.1915008242072027,0.15708890346426743,0.0
17.17,0.1549241709034101,0.10838215330108437,-0.03469373284786466,0.00485138990296065,0.0,-0.5964054307239121,-0.4729906511275572,-1.1820761698083897,0.15701063671264878,0.0
17.18,0.14967904155402995,0.10445185073196177,-0.05349580441954791,0.0074760407810663294,0.0,-0.5972148685281453,-0.47558683046539224,-1.1681249691549094,0.15606282222732143,0.0
17.19,0.14374370684929277,0.09972297187474144,-0.07123444781501624,0.010047639357113235,0.0,-0.5974714717979946,-0.4783626877845508,-1.1503698406574472,0.15427618450294972,0.0
17.2,0.13726596136421812,0.09419225551979218,-0.08693320514957438,0.012404593148647565,0.0,-0.5973265059047701,-0.48120823553540454,-1.1304877856371633,0.15186093894832528,0.0
17.21,0.12993261745009166,0.08786765944934259,-0.10218520720340231,0.01481011234776361,0.0,-0.5965481050623632,-0.4840057751900731,-1.1079784491208968,0.14869938068188282,0.0
17.22,0.12218226902876694,0.08077210419441302,-0.11482426208269117,0.016866971095015393,0.0,-0.5954845158766561,-0.4866376567464209,-1.0853523278927417,0.1452027934318855,0.0
17.23,0.11340093240455745,0.07293671790286843,-0.12804000912069605,0.019131381860967793,0.0,-0.5937158364282124,-0.4889857964495389,-1.0609497351442332,0.14110179502897233,0.0
17.240000000000002,0.1043379942464278,0.06440587065524897,-0.13842719107488474,0.02095195001956617,0.0,-0.5917694043549974,-0.4909398612145126,-1.0380566612481807,0.1369753887214454,0.0
17.25,0.09405868141144542,0.055227491937767915,-0.1507167984452172,0.023193483835587402,0.0,-0.5890551718067368,-0.4923945283390425,-1.0139573349122166,0.13240300600453972,0.0
17.26,0.08364316671596185,0.045459755373442955,-0.1601900861984948,0.02492827486939312,0.0,-0.5862616772509907,-0.49325818430308416,-0.9927144618074005,0.1281016921709178,0.0
17.27,0.07181589416951215,0.03515679773748548,-0.17307036852533056,0.027342036988725005,0.0,-0.5826466171091319,-0.49355280659420137,-0.9700163208910749,0.12350376592112684,0.0
17.28,0.05998862162305963,0.02437681542919286,-0.183319417370745,0.029224752234732115,0.0,-0.5790315569672722,-0.4935763205953208,-0.9446791418863059,0.11951255941779852,0.0
17.29,0.046582600377506236,0.013178780407430861,-0.19837295731110813,0.03203720613886981,0.0,-0.5745706782465906,-0.4933889878043007,-0.9153753869008626,0.11530254937628867,0.0
17.3,0.03315738461889377,0.0016237066863621355,-0.21174909972446568,0.03443576628081587,0.0,-0.5700995160173519,-0.49289076491450895,-0.8884364933750561,0.11125761203373184,0.0
17.31,0.01826882973418758,-0.010240024953681509,-0.22999832383249177,0.03776896189181996,0.0,-0.5649078611303097,-0.49197417101983953,-0.8596585611911425,0.10673236173441417,0.0
17.32,0.0031956872627191997,-0.022369771855023084,-0.24799434785697483,0.04094897408370192,0.0,-0.5596253223199097,-0.4905423973514056,-0.8327028276740993,0.10239222815629706,0.0
17.330000000000002,-0.013167383123323434,-0.03473516502068407,-0.27063404957037257,0.045009578836235214,0.0,-0.5537386716714783,-0.48850687747591787,-0.8050813606522764,0.09787676564323022,0.0
17.34,-0.029877514907105517,-0.047313390628220424,-0.2941596382329552,0.04914688956755237,0.0,-0.5476894817861404,-0.48579190979155273,-0.7795849913379235,0.093668983014665,0.0
17.35,-0.04753869948101623,-0.060091155410579196,-0.3210836297159634,0.05392890649599564,0.0,-0.5411436157812977,-0.48233414200016017,-0.754709299540773,0.08955214902844623,0.0
17.36,-0.06563119957169482,-0.07306183088980601,-0.34929807811571184,0.05891206999519419,0.0,-0.5343725003272385,-0.478085978371195,-0.7323311136370866,0.08583864838469708,0.0
17.37,-0.08435098077099266,-0.08622444158814216,-0.37947686441499,0.06428334356505819,0.0,-0.5272031993709616,-0.4730162736546772,-0.7118403642918207,0.08243359390651203,0.0
17.38,-0.10351030726192463,-0.09958211163335087,-0.41079235001512915,0.06988110187626295,0.0,-0.5197548838543987,-0.46711214846011034,-0.6942190735974336,0.07948833825659683,0.0
17.39,-0.1230362515612957,-0.11313947686209189,-0.4427612799713456,0.07564019775054388,0.0,-0.5119979283516615,-0.4603803326300028,-0.67960935497706,0.07700731400883111,0.0
17.400000000000002,-0.14294686254583372,-0.12690193354968243,-0.4753572418084576,0.08157378350486427,0.0,-0.5039171382788136,-0.4528469827725609,-0.6680623445857282,0.0749906914214976,0.0
17.41,-0.16302653641995504,-0.14087262611598117,-0.5075491758494399,0.08748367288261413,0.0,-0.49560830863459326,-0.444559066859079,-0.6602841410019418,0.07352077480276513,0.0
17.42,-0.18337288999144663,-0.15505202415658967,-0.5396541931380321,0.09345159798391904,0.0,-0.4869397695116814,-0.43558181586439076,-0.6553565322926876,0.0724583438153068,0.0
17.43,-0.20375385991500455,-0.16943564140620387,-0.5706793303326912,0.09926586901006466,0.0,-0.47811484613095173,-0.425999635160989,-0.6543632758627776,0.07194502553627861,0.0
17.44,-0.2242204141668019,-0.1840133941150893,-0.6008179057206343,0.1049703969510781,0.0,-0.46890328346419524,-0.41591104526543643,-0.6554329143111104,0.07171778956800749,0.0
17.45,-0.2446502466144783,-0.19876906819894402,-0.6296628352033882,0.1104587105489388,0.0,-0.4595980467519315,-0.4054288824154339,-0.6598881917265168,0.07196369744985182,0.0
17.46,-0.2649214596399287,-0.21367879178933583,-0.6568029021422228,0.1156290888091899,0.0,-0.44988818604755193,-0.39467295831515864,-0.6650101794128153,0.07231676551470599,0.0
17.47,-0.28514772108641023,-0.22871308741368257,-0.6829164444696788,0.12059718137049924,0.0,-0.44013841640872725,-0.3837696912251171,-0.6722942085308299,0.07300130502682523,0.0
17.48,-0.3049080509788661,-0.24383362695661392,-0.7064843043496709,0.12500563196158396,0.0,-0.429974983172944,-0.37284312460123414,-0.6783762922487321,0.07357496641974881,0.0
17.490000000000002,-0.3246683808713313,-0.25899841348432545,-0.7296898275025642,0.12929784048618206,0.0,-0.41981154993715597,-0.3620144017521048,-0.6848999815091307,0.07429216630558336,0.0
17.5,-0.3436122127516528,-0.27415617524839486,-0.749506925187648,0.13277519533418142,0.0,-0.4092441807515635,-0.3513924028610098,-0.688247769745438,0.07467876836332837,0.0
17.51,-0.3625461176044803,-0.2892536966249913,-0.7694922261776357,0.13619734602195893,0.0,-0.3986719004905884,-0.34107305868475335,-0.6899737152647004,0.07497942374903953,0.0
17.52,-0.38046596952631806,-0.3042302360445873,-0.7859686764392927,0.1387100811617865,0.0,-0.38777628469460734,-0.3311324511224789,-0.6872174720282809,0.07480958312547771,0.0
17.53,-0.3982579074328556,-0.31902479911598697,-0.8027797747372312,0.14115425071915266,0.0,-0.3768398829146673,-0.3216261171081321,-0.6810280568544244,0.07433179234436187,0.0
17.54,-0.41490134587089567,-0.33357078396995227,-0.8161765911990706,0.14266980754604622,0.0,-0.36565180091327015,-0.31258498526987255,-0.6695860990266422,0.07328659762383744,0.0
17.55,-0.4312357749245,-0.3478024748615931,-0.8297909388904413,0.1440627213252726,0.0,-0.3543960031205816,-0.30401594942278415,-0.653734347586135,0.07178487209548988,0.0
17.56,-0.4463965424843035,-0.3616511646282328,-0.8404657698343992,0.1446184802215787,0.0,-0.34295123531874927,-0.2959010267363557,-0.6326755736418004,0.06968803345821838,0.0
17.57,-0.4610250384194718,-0.3750498947876359,-0.8510110786878237,0.14496986011353147,0.0,-0.33142076701952894,-0.2881994729647913,-0.6071845408941644,0.06707929002999799,0.0
17.580000000000002,-0.47466225315573657,-0.38793324467622964,-0.8599033794275163,0.14476865846891734,0.0,-0.31975509382222833,-0.2808497875128071,-0.5773077687507708,0.06392883569604932,0.0
17.59,-0.4876048622715178,-0.4002398752759177,-0.8685432180342484,0.144340681444543,0.0,-0.30799468052270357,-0.2737729358657542,-0.5437522887453058,0.060307695935025066,0.0
17.6,-0.49976731382614314,-0.41191457273776105,-0.8768699555014887,0.1436697179937127,0.0,-0.2961438823349156,-0.2668762023458493,-0.5071345776312048,0.056274255593061324,0.0
17.61,-0.5111112000627446,-0.42290822494884966,-0.8848362248695576,0.142776915246006,0.0,-0.2841982495413002,-0.26005684837403786,-0.4680487732816481,0.05189504647033415,0.0
17.62,-0.5218686195878885,-0.43318148181759186,-0.8936562968440053,0.1419215038584836,0.0,-0.27219810676800327,-0.25320681095926434,-0.4274250440738685,0.047289636841129905,0.0
17.63,-0.5317009468855132,-0.44270211873477855,-0.9018972810942814,0.14084510009267362,0.0,-0.26011197998651353,-0.2462163054335111,-0.3857514979822379,0.04252287640028348,0.0
17.64,-0.5411230655333389,-0.4514501916823021,-0.9119761626275825,0.14004585491940327,0.0,-0.24799827303268007,-0.238978687498976,-0.34409586028655575,0.03774519494308103,0.0
17.650000000000002,-0.5495309978321861,-0.4594129186048113,-0.9211402867806456,0.13901284156443214,0.0,-0.2358163777695352,-0.2313938388020768,-0.3029181120155912,0.033020661273830826,0.0
17.66,-0.5576875467548518,-0.4665912035416603,-0.9329305690987251,0.138448516081991,0.0,-0.22362488704014358,-0.2233727813906276,-0.2632995279994571,0.028499410966521928,0.0
17.67,-0.5647582479951183,-0.4729921650983038,-0.943342242372152,0.13761828476889423,0.0,-0.2113919488015686,-0.2148408274707009,-0.22576551955805702,0.024245566780309934,0.0
17.68,-0.5717189583447871,-0.4786368730290365,-0.9569461176509628,0.13739618701760517,0.0,-0.19915845470159127,-0.20574151779681843,-0.1912617897457784,0.020378240755307947,0.0
17.69,-0.5775395924666766,-0.4835506930922252,-0.9685720442894278,0.13685470907345915,0.0,-0.1869191989937996,-0.1960393679023287,-0.1604208241783358,0.016963214704924838,0.0
17.7,-0.5833602265885632,-0.4877718508066827,-0.983635192544107,0.13699611037020973,0.0,-0.17467994328601377,-0.18572245346694102,-0.13382902469902533,0.014059397103582782,0.0
17.71,-0.5880319263392185,-0.4913404183689691,-0.9961463093738702,0.13677022212655085,0.0,-0.16247999430558743,-0.17480434707764375,-0.11219772606248904,0.011737437075703709,0.0
17.72,-0.5926896572829286,-0.4943057159338503,-1.0115123482871957,0.13715808882224742,0.0,-0.15028052321850285,-0.16332459125803342,-0.09552916946257883,0.009976414207145385,0.0
17.73,-0.5963921447051074,-0.49671807859182693,-1.0246861684257635,0.1372828803142446,0.0,-0.13816220805793425,-0.15134910080666691,-0.08442102510569689,0.008839546775710137,0.0
17.740000000000002,-0.5999741364108409,-0.4986330544698596,-1.0395713967134896,0.13784627560640889,0.0,-0.12605413001626384,-0.13896804612530356,-0.07822928684555698,0.008230528670728945,0.0
17.75,-0.6027771426567027,-0.50010509254901,-1.052437271403283,0.1382147428874873,0.0,-0.11405982014674518,-0.12629410598079596,-0.0772134434829655,0.008184972028268525,0.0
17.76,-0.6053705590646589,-0.5011896999190252,-1.0658743465285814,0.13884665429679616,0.0,-0.10209612015890333,-0.11345789875706197,-0.08016530889526649,0.008549103756244248,0.0
17.77,-0.607343815286365,-0.5019392038811455,-1.0774139131131175,0.1393261306516197,0.0,-0.09026820358716096,-0.10060403874441863,-0.08688245414464836,0.009316493367896915,0.0
17.78,-0.609035820336744,-0.5024033490540635,-1.0885052920168565,0.13990522198590905,0.0,-0.07850186666156214,-0.08788482716931587,-0.0958080275797714,0.0103035649421214,0.0
17.79,-0.6102490576864553,-0.5026360000007427,-1.0978516105524414,0.1403601768636252,0.0,-0.0668827313943225,-0.07545482696504664,-0.10626866596860116,0.0114559899186577,0.0
17.8,-0.611126815319458,-0.502750193758602,-1.1045981159177745,0.14078297623212838,0.0,-0.055366742539375416,-0.06346480423809087,-0.11667914567643363,0.012596268960994457,0.0
17.81,-0.6116497649493342,-0.5028227971577475,-1.1085100292319703,0.14111697636877174,0.0,-0.04399877658337331,-0.05205276354625715,-0.12597297171204414,0.013622974408221427,0.0
17.82,-0.6118004391051612,-0.5028805251618055,-1.1099169013135033,0.1412109383027816,0.0,-0.032786120807486836,-0.04133899517984462,-0.13291116762733055,0.014403621035440229,0.0
17.830000000000002,-0.6117028321673627,-0.5029319267579772,-1.1095420021371747,0.14111432928134818,0.0,-0.02171171216944356,-0.03142115768541633,-0.13618831441336426,0.01479564060553469,0.0
17.84,-0.6112135867862144,-0.5029783955116813,-1.1065727711974302,0.14067667797534258,0.0,-0.01085537448103719,-0.022371040463526913,-0.13537008748922202,0.014758658786234245,0.0
17.85,-0.6105651544329014,-0.5030192935831929,-1.1023410963916886,0.14010014558916833,0.0,-0.00011691116768736088,-0.014229834332978432,-0.12905597824549084,0.014111128692480506,0.0
17.86,-0.6095231534549782,-0.5030526945122847,-1.0955745785651017,0.13917305535997881,0.0,0.010330123424832676,-0.00700849730194728,-0.11793164089342556,0.0129398125266923,0.0
17.87,-0.6083936268383113,-0.5030769975109685,-1.0880108136467186,0.13817113517467997,0.0,0.020690253406757387,-0.0006850585963933766,-0.10052377673755997,0.01102097439764075,0.0
17.88,-0.6068860342038134,-0.5030901049894161,-1.0780817680878976,0.13683497096650438,0.0,0.030674999894981934,0.004790716784917043,-0.07878424935115239,0.008599476353306452,0.0
17.89,-0.6053451444759532,-0.5030906019885634,-1.0677275783450177,0.1354758323296288,0.0,0.04061440853875252,0.009498437466204605,-0.05099702069223278,0.005397174386297266,0.0
17.900000000000002,-0.603459124125081,-0.5030766822903001,-1.0552709411867087,0.13381532972617854,0.0,0.05008388191426976,0.013538804930155942,-0.020314190465875338,0.0018368388732138523,0.0
17.91,-0.6015731037742095,-0.5030472120432063,-1.042640224316,0.13216485528993596,0.0,0.059553355289782485,0.017026852193971757,0.012994661911295398,0.0,0.002431552679699723
17.92,-0.5993993183111415,-0.5030007251710876,-1.0283027915388605,0.13026743652676376,0.0,0.06846139646755534,0.02008137842460881,0.04577430666537146,0.0,0.006812889203449607
17.93,-0.5972220341840964,-0.5029362580399137,-1.0138299573950929,0.12837946554307625,0.0,0.07736261172194707,0.022831646319989678,0.08212469514979963,0.0,0.011699734305859699
17.94,-0.5948635118543557,-0.5028528143615283,-0.9983204636866113,0.1263426591915187,0.0,0.08571217053969783,0.02541107407901355,0.11842308548670401,0.0,0.016499790604609755
17.95,-0.5924821278913376,-0.5027465033067307,-0.9826455092930334,0.12430012592441946,0.0,0.09399214266455702,0.02795490039903435,0.15599249801312703,0.0,0.021526834099899594
17.96,-0.5900085998470853,-0.5025661098768547,-0.9672278282291974,0.1221870716921595,0.0,0.10174083111555463,0.030590988420536723,0.19122022678863596,0.0,0.0262463608991507
17.97,-0.5875102799882939,-0.5022530439002977,-0.9527414798014436,0.12005384637900053,0.0,0.10934657510247155,0.03343503767835921,0.22491276701394247,0.0,0.030881223730664927
17.98,-0.5849914773816897,-0.5017565838632192,-0.9394400980674426,0.11796361439471219,0.0,0.11645200517998869,0.03658270874471235,0.2541938873255692,0.0,0.034993556670056006
17.990000000000002,-0.5824633855673251,-0.5010348617899307,-0.9275993816531031,0.1159803429976475,0.0,0.12333053602055141,0.0401073133785445,0.27960553441492914,0.0,0.03871995780312813
18.0,-0.57996903955053,-0.5000564468896189,-0.9176506635562707,0.1141896652653617,0.0,0.12975031971785722,0.04405561944658124,0.2994214482279043,0.0,0.041763629845788505
18.01,-0.5774983397207937,-0.4988009627663005,-0.9096716256557362,0.11262181259078083,0.0,0.1358486524036524,0.048446951273553876,0.31400192836722873,0.0,0.04417735773271736
18.02,-0.5750981814459674,-0.4972600055295521,-0.9040088596162389,0.11134858075189258,0.0,0.14154040171401944,0.053273015668325395,0.32292033635211975,0.0,0.0458397857810343
18.03,-0.5727720375410602,-0.49543748050426406,-0.9007176777101,0.11039313045069912,0.0,0.14680555123663416,0.05849829110390616,0.3262241469935312,0.0,0.046712035680002956
18.04,-0.5705357981603625,-0.4933493881528465,-0.8998418073659236,0.10977871939507343,0.0,0.15172687815333444,0.06406351798906758,0.3247281442571322,0.0,0.04687326662183907
18.05,-0.5684413741204842,-0.4910240891162506,-0.9015877827282793,0.10954990370028159,0.0,0.15610585950435865,0.06988643872938649,0.31791389955649385,0.0,0.04617510077865082
18.06,-0.5664387847860763,-0.48850052198368565,-0.9054650138036597,0.10964881638973795,0.0,0.16021437602066063,0.07586808959346952,0.3077076753891409,0.0,0.04491275206559103
18.07,-0.564663244551427,-0.4858286601026525,-0.9120119679620018,0.11017221017892015,0.0,0.16365420419168358,0.08189277386037386,0.2927622775535786,0.0,0.042802152578855654
18.080000000000002,-0.5629640364154682,-0.48306580110793845,-0.9199831165812503,0.11095107055383606,0.0,0.16690752230086023,0.08783640389323698,0.27603972418619993,0.0,0.04036343251185523
18.09,-0.5615945439262495,-0.4802775976286168,-0.9304548159086127,0.11216787687040977,0.0,0.16935521228346812,0.09356482918991176,0.25515376210282636,0.0,0.03714583115160246
18.1,-0.5602684481409014,-0.47753221233549353,-0.9412413706234338,0.11351528773033545,0.0,0.17171094397878822,0.09894388609584084,0.23413906855567074,0.0,0.033900151132857805
18.11,-0.5593921673373128,-0.4749024771842235,-0.9541980707163079,0.11529788804589919,0.0,0.17311351076457113,0.10383552911897273,0.20940886036762218,0.0,0.029976403257126978
18.12,-0.5585158865337241,-0.4724580411271959,-0.9661095291791318,0.11705181657568042,0.0,0.17451607755035436,0.10810944893282966,0.18614772018816927,0.0,0.026349471695677036
18.13,-0.5645345636821294,-0.4703855217810416,-1.019439582817673,0.124916362197289,0.0,0.17483422086211475,0.11163518751772725,0.15963105110259265,0.0,0.022174023649596142
18.14,-0.5706370701065473,-0.46891817362138705,-1.0726511200264313,0.13275477488780837,0.0,0.17513917969394777,0.11429650431212696,0.13564751312226095,0.0,0.018526422688739767
18.150000000000002,-0.575621926750368,-0.4682294804827188,-1.1113248430987819,0.13927598737274335,0.0,0.1744246468818069,0.11598870052860714,0.10987213630274979,0.0,0.014627190571404328
18.16,-0.5804658015314326,-0.4680787938061692,-1.1441046146965086,0.1451222618353557,0.0,0.17358151400771096,0.11667958154042288,0.08735643184364503,0.0,0.011379879404862419
18.17,-0.5843531328578935,-0.46827362112752363,-1.170371620761398,0.14923436519923886,0.0,0.17179431226209047,0.11675405754197428,0.06443740603697584,0.0,0.008206022323134518
18.18,-0.5879831015018254,-0.4688833193830729,-1.1889117648683245,0.15274000676774854,0.0,0.16975310418137338,0.11630613544206964,0.04601029118614041,0.0,0.0058130078505496
18.19,-0.5908086879159018,-0.4699491182508381,-1.1980327720788155,0.1552283916082006,0.0,0.16685324670171936,0.11526621884365874,0.025682496076309628,0.0,0.0030915718837010876
18.2,-0.5932694759289201,-0.4714722143674086,-1.200841261213016,0.1570073985556736,0.0,0.16356397991368885,0.11357333882758942,0.005461549579035386,0.0,0.0004826278933924466
18.21,-0.5950690978355871,-0.4734189149477527,-1.1965893546473712,0.15777277474143908,0.0,0.15951147989944855,0.11117342892762798,-0.015613145581084219,0.002285062102087814,0.0
18.22,-0.5964054307239117,-0.47572763942896934,-1.1871752998521916,0.15769749607708478,0.0,0.1549241709034112,0.10802345973665932,-0.035440176422290866,0.004951548484810668,0.0
18.23,-0.5972148685281453,-0.47831530190638794,-1.173247250677855,0.1567539088411351,0.0,0.14967904155402995,0.10409319733755105,-0.054225891827308546,0.007575687362969208,0.0
18.240000000000002,-0.5974714717979946,-0.4810818925376254,-1.1555274844250771,0.15497262186127306,0.0,0.14374370684929277,0.09936463681410185,-0.07194986075807097,0.010146906304482601,0.0
18.25,-0.5973265059047701,-0.48391772763196145,-1.1356916422394885,0.15256367608700958,0.0,0.13726596136421812,0.09383456428541279,-0.08763579269932636,0.012503675689200619,0.0
18.26,-0.596548105062363,-0.486705449867484,-1.1132383637589636,0.14940913857518245,0.0,0.12993261745008988,0.08751097242440221,-0.10287725457032816,0.01490925917747643,0.0
18.27,-0.5954845158766561,-0.4893277780342935,-1.0906766364350617,0.14592002097436935,0.0,0.12218226902876694,0.0804168028623264,-0.11550838466875159,0.016966475491833784,0.0
18.28,-0.5937158364282124,-0.49166701214346636,-1.066345260073171,0.14182663388244032,0.0,0.11340093240455745,0.072583189146745,-0.12871918768792287,0.019231570354384643,0.0
18.29,-0.591769404354998,-0.4936132073183617,-1.0435283308867414,0.1377076468940716,0.0,0.10433799424643025,0.0640544913771766,-0.139104351655608,0.02105317035757096,0.0
18.3,-0.5890551718067368,-0.4950614193175447,-1.0195081745480508,0.1331421430390442,0.0,0.09405868141144542,0.05487861274918324,-0.15139513435720275,0.02329609009850726,0.0
18.31,-0.5862616772509915,-0.4959203917243059,-0.998344870800076,0.12884681335194134,0.0,0.08364316671596467,0.045113686289351446,-0.16087237023045392,0.02503261428194363,0.0
18.32,-0.5826466171091319,-0.4962132594769712,-0.9757043078315928,0.12425362943112554,0.0,0.07181589416951215,0.03481378453777887,-0.17375951942727877,0.027448433936644333,0.0
18.330000000000002,-0.5790315569672714,-0.49623654250262866,-0.9504015691664105,0.12026570034091381,0.0,0.059988621623056806,0.024037086609709726,-0.18401769014457298,0.029333491324157558,0.0
18.34,-0.5745706782465906,-0.4960508635480473,-0.921101808552099,0.11605573864265102,0.0,0.046582600377506236,0.012842457169501699,-0.19908262980389782,0.03214851555118326,0.0
18.35,-0.5700995160173509,-0.4955564203254769,-0.8941619841610936,0.11201018619177511,0.0,0.03315738461889056,0.0012908121448217957,-0.21247173155406032,0.034549883270804736,0.0
18.36,-0.5649078611303084,-0.4946456336917346,-0.8653872440330023,0.1074823053206543,0.0,0.018268829734183978,-0.010569557540124435,-0.23073522242668953,0.037885997123757655,0.0
18.37,-0.5596253223199097,-0.4932215886829695,-0.8384356297598767,0.10313761495354587,0.0,0.0031956872627191997,-0.022696097546085293,-0.24874561918478505,0.04106895960742675,0.0
18.38,-0.5537386716714797,-0.49119559490288583,-0.8108180047394862,0.09861575266750357,0.0,-0.013167383123319446,-0.0350585235428273,-0.2713994858843203,0.0451324642053933,0.0
18.39,-0.5476894817861404,-0.4884918003812555,-0.7853220964107187,0.09439981870438119,0.0,-0.029877514907105517,-0.047634098074655136,-0.2949379205114697,0.04927254406419103,0.0
18.400000000000002,-0.5411436157812977,-0.48504666663117785,-0.760441575764272,0.09027318696195363,0.0,-0.04753869948101623,-0.06040959300888405,-0.32187296032499835,0.054057120789594626,0.0
18.41,-0.5343725003272385,-0.48081236775722663,-0.738050365733166,0.08654837144750313,0.0,-0.06563119957169482,-0.07337843042202381,-0.35009589942690467,0.05904256422712389,0.0
18.42,-0.5272031993709598,-0.4757574773240122,-0.7175365252873525,0.08313064513166078,0.0,-0.08435098077099724,-0.08653966859684335,-0.3802801472557568,0.06441577668291841,0.0
18.43,-0.5197548838543987,-0.4698687807808575,-0.6998806398493416,0.08017156103690927,0.0,-0.10351030726192463,-0.09989644721435237,-0.4115977319758972,0.07001508501489172,0.0
18.44,-0.5119979283516596,-0.46315261873571156,-0.6852240652630441,0.07767579859136475,0.0,-0.12303625156130046,-0.11345339903623289,-0.44356522018474215,0.07577530932190073,0.0
18.45,-0.5039171382788155,-0.4556347101287044,-0.6736186495999662,0.07564382454390216,0.0,-0.14294686254582897,-0.12721589920379356,-0.47615628837516244,0.08170958579576217,0.0
18.46,-0.49560830863459326,-0.4473615467561623,-0.665771757970095,0.07415829083863892,0.0,-0.16302653641995504,-0.14118705493591863,-0.5083402415369337,0.08761972921304012,0.0
18.47,-0.48693976951168344,-0.43839786048878926,-0.6607682101872374,0.07308037029576091,0.0,-0.18337288999144177,-0.15536728536952357,-0.5404346327202735,0.0935874894611124,0.0
18.48,-0.47811484613095173,-0.4288275538285265,-0.6596950202008189,0.07255212148971053,0.0,-0.20375385991500455,-0.16975204349911707,-0.5714470686743083,0.09940120944187385,0.0
18.490000000000002,-0.46890328346419524,-0.4187486640900173,-0.6606856572063605,0.07231096854365167,0.0,-0.2242204141668019,-0.18433117838366106,-0.6015715597783622,0.10510484515242263,0.0
18.5,-0.4595980467519315,-0.4082735882148447,-0.6650672800521158,0.0725444351398942,0.0,-0.2446502466144783,-0.19908840556393256,-0.6304016264780973,0.11059198022460023,0.0
18.51,-0.44988818604755193,-0.3975217680477109,-0.6701265473321346,0.07288698394317052,0.0,-0.2649214596399287,-0.2139997834098423,-0.6575268064869075,0.11576095447301524,0.0
18.52,-0.4401384164087297,-0.38661934445396273,-0.6773631763523749,0.07356333678999961,0.0,-0.2851477210864055,-0.22903576835288872,-0.6836260282412967,0.12072748188156189,0.0
18.53,-0.429974983172944,-0.3756901961991257,-0.6834177690791069,0.07413149296279585,0.0,-0.3049080509788661,-0.24415797279975318,-0.7071807577653741,0.12513426994417876,0.0
18.54,-0.41981154993715836,-0.36485542895504186,-0.6899367210325702,0.07484613674973717,0.0,-0.3246683808713266,-0.25932434848048425,-0.7303745686218581,0.12942477949416456,0.0
18.55,-0.4092441807515635,-0.35422402131641195,-0.693304938817971,0.07523329715355977,0.0,-0.3436122127516528,-0.27448358186801775,-0.7501817814836225,0.132900453462417,0.0
18.56,-0.3986719004905935,-0.34389213926347656,-0.6950767025755944,0.07553767645857663,0.0,-0.36254611760447125,-0.28958242642215115,-0.7701593326639546,0.1363209890561266,0.0
18.57,-0.38777628469460734,-0.3339362294032358,-0.6923906487950171,0.07537465111378316,0.0,-0.38046596952631806,-0.30456012035273883,-0.7866301190814956,0.13883221384085365,0.0
18.580000000000002,-0.3768398829146647,-0.3244123080240079,-0.6862931237026885,0.07490656723870537,0.0,-0.3982579074328599,-0.3193556595985234,-0.8034376836202032,0.14127500668107393,0.0
18.59,-0.36565180091327015,-0.31535187612923793,-0.6749608642074063,0.0738736509386171,0.0,-0.41490134587089567,-0.3339024425141684,-0.8168330252645902,0.1427893396948931,0.0
18.6,-0.35439600312057895,-0.30676246710857247,-0.6592320202174612,0.07238634827234919,0.0,-0.4312357749245039,-0.34813476296304874,-0.8304478729430578,0.14418119222447065,0.0
18.61,-0.3429512353187465,-0.29862677636097773,-0.6383042827331028,0.07030556234054135,0.0,-0.446396542484307,-0.3619839318036365,-0.8411250404523823,0.14473605306849274,0.0
18.62,-0.33142076701952894,-0.2909047489834831,-0.6129478267565911,0.06771392277308197,0.0,-0.4610250384194718,-0.37538301574704996,-0.8516742080311002,0.14508669017884782,0.0
18.63,-0.31975509382223116,-0.28353555924829016,-0.5832049196104614,0.06458100743590851,0.0,-0.4746622531557335,-0.38826662531873785,-0.8605717489909175,0.14488488517526735,0.0
18.64,-0.30799468052270357,-0.27644081149769967,-0.5497793074202225,0.06097721341782753,0.0,-0.4876048622715178,-0.4005734571280661,-0.8692178108627918,0.14445642198120284,0.0
18.650000000000002,-0.2961438823349156,-0.269528375725213,-0.5132849362457002,0.05696030890653428,0.0,-0.49976731382614314,-0.41224833581901027,-0.8775515046417464,0.14378506145359501,0.0
18.66,-0.2841982495413002,-0.26269603240266504,-0.47431399971578947,0.05259624044102014,0.0,-0.5111112000627446,-0.4232421891387713,-0.8855251831105196,0.14289191861080436,0.0
18.67,-0.2721981067680004,-0.25583616019985544,-0.43379495082732017,0.04800403812339091,0.0,-0.5218686195878909,-0.43351570654721683,-0.8943527838992864,0.14203618920385452,0.0
18.68,-0.26011197998651353,-0.24883932908050585,-0.39221412079281537,0.04324807260044762,0.0,-0.5317009468855132,-0.44303670081365754,-0.9026010954689564,0.14095945310174116,0.0
18.69,-0.24799827303267716,-0.2415991531053436,-0.3506371093424165,0.03847836331015768,0.0,-0.5411230655333409,-0.45178526138775094,-0.9126867367360973,0.1401598249806494,0.0
18.7,-0.23581637776953812,-0.2340156655464094,-0.3095211930754919,0.03375864589114176,0.0,-0.5495309978321841,-0.4597486337924585,-0.921856702639484,0.13912634348648917,0.0
18.71,-0.22362488704014358,-0.22599992191884213,-0.2699442749878564,0.029238807961762113,0.0,-0.5576875467548518,-0.4669277423316612,-0.9336515783656232,0.13856143346141347,0.0
18.72,-0.2113919488015686,-0.21747713810202654,-0.23242829335458673,0.024982818916654576,0.0,-0.5647582479951183,-0.4733297180902759,-0.9440666753650022,0.13773047516677672,0.0
18.73,-0.19915845470159127,-0.20839061860406613,-0.19791539669332192,0.021109742910781187,0.0,-0.5717189583447871,-0.47897563420517925,-0.9576721959901728,0.1375074889923728,0.0
18.740000000000002,-0.1869191989937996,-0.19870449548981553,-0.1670351803355635,0.017685430182568282,0.0,-0.5775395924666766,-0.48389085067170995,-0.9692982502932943,0.13696494832529799,0.0
18.75,-0.17467994328601377,-0.18840631272069042,-0.14037236163037536,0.014768984086229306,0.0,-0.5833602265885632,-0.4881135780810067,-0.9843596267555702,0.13710510893760805,0.0
18.76,-0.16247999430558452,-0.17750896896425444,-0.1186381952088405,0.012431383064044177,0.0,-0.5880319263392196,-0.49168386523815,-0.9968674015223508,0.13687780592402246,0.0
18.77,-0.15028052321850285,-0.16605120659329226,-0.10183700028041136,0.010652172308348244,0.0,-0.5926896572829286,-0.4946510012867287,-1.0122283483363252,0.13726409680383747,0.0
18.78,-0.13816220805793425,-0.15409803897512253,-0.09057050895800332,0.009495168358535469,0.0,-0.5963921447051074,-0.4970652844413061,-1.02539587003402,0.13738717160285888,0.0
18.79,-0.12605413001626672,-0.14173866836294582,-0.08420097546827501,0.0088647819994132,0.0,-0.59997413641084,-0.4989822214338785,-1.0402735374393735,0.13794873736462643,0.0
18.8,-0.11405982014674518,-0.12908477976628227,-0.0829955593038863,0.00879743980456097,0.0,-0.6027771426567027,-0.5004562173871624,-1.0531312013067307,0.1383152950398196,0.0
18.81,-0.10209612015890904,-0.11626601828307538,-0.08575502750029328,0.009140248968790173,0.0,-0.6053705590646576,-0.5015427347674615,-1.066559561862219,0.13894525455630635,0.0
18.82,-0.09026820358716096,-0.10342609246819932,-0.09228619940346747,0.009887688590402142,0.0,-0.607343815286365,-0.5022940574083568,-1.0780904604653005,0.13942277634741101,0.0
18.830000000000002,-0.07850186666155932,-0.09071651112976498,-0.10104150793714033,0.010857078828938172,0.0,-0.6090358203367443,-0.5027598890574271,-1.0891734291846102,0.13999995140425286,0.0
18.84,-0.0668827313943225,-0.07829119299653671,-0.1113557074069801,0.011994930942937266,0.0,-0.6102490576864553,-0.5029937981418222,-1.0985121396858013,0.14045306793942428,0.0
18.85,-0.05536674253937267,-0.06630045407771121,-0.12165091552550852,0.013124479864019038,0.0,-0.6111268153194582,-0.5031084673052613,-1.10526719184919,0.14087385930193114,0.0
18.86,-0.04399877658337063,-0.054882072418672725,-0.1308665810134628,0.014144925906762631,0.0,-0.6116497649493343,-0.5031812564004512,-1.1091778060937887,0.14120666145550712,0.0
18.87,-0.032786120807486836,-0.04415632343090854,-0.13776732165561753,0.01492419963773067,0.0,-0.6118004391051612,-0.5032390602936012,-1.110582734295705,0.1413000567375564,0.0
18.88,-0.021711712169446153,-0.03422107814859686,-0.1410489869033212,0.015319968953563997,0.0,-0.6117028321673628,-0.5032904940926107,-1.1102063538723423,0.14120311580793274,0.0
18.89,-0.01085537448103719,-0.025148559104424314,-0.14027621303378057,0.01529189933907879,0.0,-0.6112135867862144,-0.5033369751809417,-1.1072357145173954,0.14076522187445947,0.0
18.900000000000002,-0.00011691116768736088,-0.016980588882194794,-0.13404492853581157,0.014658273948796534,0.0,-0.6105651544329014,-0.5033778737896487,-1.103002835775487,0.14018848248488855,0.0
18.91,0.010330123424832676,-0.009728924676061462,-0.12303584486283578,0.013505480595082404,0.0,-0.6095231534549782,-0.5034112657698254,-1.0962352935675934,0.1392612017104362,0.0
18.92,0.02069025340675977,-0.0033725230604786712,-0.10576888931970879,0.011609225016257187,0.0,-0.608393626838311,-0.5034355505934618,-1.088670662257243,0.13825910103142158,0.0
18.93,0.030674999894981934,0.0021378339665833954,-0.08419015687457816,0.009213653879560772,0.0,-0.6068860342038134,-0.5034486304343494,-1.0787409684084117,0.1369227646367669,0.0
18.94,0.04061440853875478,0.006880688818967664,-0.056576763389772425,0.006039789248702226,0.0,-0.6053451444759528,-0.5034490899948052,-1.0683861872105354,0.13556346208070758,0.0
18.95,0.050083881914267506,0.010955657322876644,-0.026077590082333003,0.002509481328668361,0.0,-0.6034591241250814,-0.5034351229273202,-1.0559290457578614,0.13390280406449373,0.0
18.96,0.059553355289782485,0.014478834477498497,0.007759799163579098,0.0,0.0017282563249898198,-0.6015731037742095,-0.5034055980367401,-1.0432980318607776,0.13225218311341644,0.0
18.97,0.06846139646755321,0.01756888919922759,0.04037120396000098,0.0,0.0060802606708404115,-0.599399318311142,-0.5033590553929794,-1.0289601322796722,0.1303546288336574,0.0
18.98,0.07736261172194707,0.0203538035769476,0.07647966553728446,0.0,0.010936516075993715,-0.5972220341840964,-0.5032945306198094,-1.0144870351533009,0.1284665283335896,0.0
18.990000000000002,0.08571217053969783,0.02296567757478237,0.11253973834472053,0.0,0.015705411519538096,-0.5948635118543557,-0.5032110240369962,-0.9989773120239787,0.12642959209288163,0.0
19.0,0.09399214266455702,0.025538570704053954,0.14989613774104987,0.0,0.020701958971602652,-0.5924821278913376,-0.5031046045707805,-0.9833022450501289,0.12438693023856574,0.0
19.01,0.10174083111555643,0.028199376902840863,0.18494899081498264,0.0,0.025392881357378837,-0.5900085998470848,-0.5029239525704665,-0.9678876422055448,0.12227371093728326,0.0
19.02,0.10934657510247155,0.03106307796767483,0.21851475913668664,0.0,0.03000212737944518,-0.5875102799882939,-0.5026104919227471,-0.9534052823266269,0.12014039246432513,0.0
19.03,0.11645200517998869,0.03422489781412495,0.24772149281972483,0.0,0.03409274259365766,-0.5849914773816897,-0.5021135197310126,-0.9401090606333863,0.11805020478619066,0.0
19.04,0.12333053602054977,0.037757997171004455,0.27311221499097266,0.0,0.03780200549579484,-0.5824633855673258,-0.5013911921345374,-0.9282745752316899,0.11606710367616134,0.0
19.05,0.12975031971785722,0.04170926230397472,0.29295638958862913,0.0,0.04083354283645883,-0.57996903955053,-0.5004121073912721,-0.9183328194130889,0.1142767060534369,0.0
19.06,0.1358486524036495,0.04609837208820951,0.30760767298837016,0.0,0.04324029870975754,-0.5774983397207949,-0.4991559214805873,-0.9103610871473605,0.11270922186927262,0.0
19.07,0.14154040171401944,0.05091757876580573,0.3166299836206652,0.0,0.04490082785184856,-0.5750981814459674,-0.49761426455150454,-0.9047056487869423,0.1114364206275154,0.0
19.080000000000002,0.1468055512366354,0.05613204429342191,0.32006032703258247,0.0,0.04577594191723947,-0.5727720375410597,-0.4957910760913188,-0.9014215743331426,0.11048143364627677,0.0
19.09,0.15172687815333444,0.06168327864622293,0.3187038764394581,0.0,0.0459443115937192,-0.5705357981603625,-0.49370238865781674,-0.900552167937116,0.10986748761036394,0.0
19.1,0.1561058595043597,0.06748982750858629,0.3120316121243431,0.0,0.04525694176776048,-0.5684413741204837,-0.4913765908156136,-0.9023035796659037,0.10963910703514118,0.0
19.11,0.16021437602066146,0.07345352311570316,0.3019636130191417,0.0,0.04400834511433044,-0.5664387847860759,-0.48885264296124314,-0.9061849806458204,0.10973839510122828,0.0
19.12,0.16365420419168358,0.07945941684752747,0.28714366819231146,0.0,0.04191372263934452,-0.564663244551427,-0.48618053304460934,-0.9127346004705116,0.11026207828606836,0.0
19.13,0.16690752230085965,0.08538409862958161,0.2705323785168246,0.0,0.03949247282835642,-0.5629640364154685,-0.483417564471394,-0.9207066865071462,0.11104112144192936,0.0
19.14,0.16935521228346812,0.09109399802777922,0.2497358391688187,0.0,0.036293152231312395,-0.5615945439262495,-0.48062938666864685,-0.9311774893006984,0.11225798942539805,0.0
19.150000000000002,0.17171094397878822,0.09645542848890111,0.22879168276192777,0.0,0.033065934804096773,-0.5602684481409014,-0.47788414973245247,-0.9419613975291976,0.11360533475980213,0.0
19.16,0.17311351076457113,0.10133070232794883,0.20410602151435145,0.0,0.029160301403759737,-0.5593921673373128,-0.47525466451482073,-0.9549136018328804,0.11538774418041907,0.0
19.17,0.1745160775503547,0.10558975619978708,0.1808697674744808,0.0,0.025550686498936874,-0.5585158865337239,-0.4728105507808122,-0.9668190642269723,0.11714136709902186,0.0
19.18,0.17483422086211475,0.10910225343597077,0.1543509263189731,0.0,0.02139143042069199,-0.5645345636821294,-0.47073838623423836,-1.0201395576467926,0.1250055107544372,0.0
19.19,0.17513917969394782,0.1117519689472395,0.13034618754966898,0.0,0.01775865381837672,-0.5706370701065487,-0.46927137161670923,-1.073338363046032,0.13284344849797755,0.0
19.2,0.1744246468818071,0.11343411638464182,0.10452548391416229,0.0,0.013872768777090441,-0.5756219267503669,-0.46858289908989226,-1.1119977867381625,0.13936414816751536,0.0
19.21,0.17358151400771096,0.1141178208981714,0.08194880382481094,0.0,0.010637298197204471,-0.5804658015314326,-0.4684322766033479,-1.1447672753865967,0.14520988789950356,0.0
19.22,0.17179431226209094,0.11418935363187299,0.059000185462732814,0.0,0.0074754894516673755,-0.5843531328578926,-0.46862701534901235,-1.1710291436303615,0.14932163539023563,0.0
19.23,0.16975310418137338,0.11373941362643634,0.04054676494972541,0.0,0.005089081231961705,-0.5879831015018254,-0.4692364854748696,-1.1895643274017094,0.152827020995719,0.0
19.240000000000002,0.16685324670171936,0.11269822259688742,0.020162011947240776,0.0,0.0023716447107126172,-0.5908086879159018,-0.47030188670281825,-1.1986816447453723,0.15531528513491935,0.0
19.25,0.16356397991368885,0.11100459055893629,-0.00010085238437735093,0.00023418189199735573,0.0,-0.5932694759289201,-0.4718244012902868,-1.2014880721563506,0.15709429839069824,0.0
19.26,0.15951147989944744,0.1086047224680456,-0.02103533955242758,0.0029994297796620203,0.0,-0.5950690978355875,-0.4737703280335838,-1.1972358549210593,0.1578598356889569,0.0
19.27,0.1549241709034112,0.10545609816407073,-0.040746805339002025,0.005663726553215398,0.0,-0.5964054307239117,-0.4760780950783088,-1.1878235116972966,0.15778488411170624,0.0
19.28,0.14967904155402995,0.10152887652900057,-0.059434695972960735,0.008286374405100813,0.0,-0.5972148685281453,-0.4786646438237969,-1.173898919962168,0.156841804350591,0.0
19.29,0.1437437068492942,0.096805360647973,-0.0770727370435443,0.010857263308055535,0.0,-0.5974714717979945,-0.4814300029752513,-1.1561842470527806,0.15506119693526488,0.0
19.3,0.13726596136421812,0.09128256662508132,-0.09268578891591803,0.013215219758306165,0.0,-0.5973265059047701,-0.48426453452365564,-1.1363549200259224,0.15265307811428389,0.0
19.31,0.1299326174500934,0.0849686301297319,-0.1078701354231187,0.015623794487949191,0.0,-0.5965481050623633,-0.4870509311812976,-1.1139092279450185,0.14949948021260548,0.0
19.32,0.12218226902876694,0.07788654282456518,-0.12046129752263393,0.01768602568782302,0.0,-0.5954845158766561,-0.4896719645932429,-1.0913562025110175,0.14601137359768077,0.0
19.330000000000002,0.11340093240455536,0.07006738825227138,-0.1336513709804985,0.019958299418914686,0.0,-0.5937158364282119,-0.4920099891760858,-1.0670343539594973,0.14191902385747915,0.0
19.34,0.10433799424643025,0.0615553798106162,-0.14403416202474914,0.021789300084546083,0.0,-0.591769404354998,-0.493955113705975,-1.0442274600543955,0.13780105276511098,0.0
19.35,0.09405868141144542,0.05239817614781378,-0.15634241177317407,0.024043806417178116,0.0,-0.5890551718067368,-0.4954024458836224,-1.0202177058205324,0.13323649360841258,0.0
19.36,0.08364316671596467,0.04265358126682334,-0.1658535997056591,0.025793982412682517,0.0,-0.5862616772509915,-0.4962607770186787,-0.9990647039290744,0.12894198877064658,0.0
19.37,0.07181589416951215,0.032375252873880316,-0.17879238874166795,0.028225303674119687,0.0,-0.5826466171091319,-0.49655340854323465,-0.9764312595771628,0.12434946174465948,0.0
19.38,0.05998862162305963,0.02162090343805459,-0.18911361712428215,0.030127427022712,0.0,-0.5790315569672722,-0.49657666420186475,-0.9511329080641729,0.12036199645930147,0.0
19.39,0.046582600377506236,0.010448882828147968,-0.20425515049250534,0.03296070154658645,0.0,-0.5745706782465906,-0.49639120911092066,-0.9218335003394199,0.11615204855461082,0.0
19.400000000000002,0.03315738461889056,-0.0010804330556986371,-0.21772733060740024,0.03538109298363462,0.0,-0.5700995160173509,-0.4958972711407214,-0.8948933891878043,0.11210641685074747,0.0
19.41,0.018268829734183978,-0.012919310807126492,-0.2360800381916762,0.03873653386506004,0.0,-0.5649078611303084,-0.49498725680900435,-0.8661188118479098,0.10757818899942367,0.0
19.42,0.003195687262715602,-0.025025739255100266,-0.25417806567250584,0.04193864103043236,0.0,-0.5596253223199085,-0.4935642347248892,-0.8391675313519487,0.10323289640467402,0.0
19.43,-0.013167383123319446,-0.037369943287526484,-0.27691600249832676,0.046020594203345255,0.0,-0.5537386716714797,-0.4915394953663833,-0.8115501392598038,0.09871018870652469,0.0
19.44,-0.029877514907109506,-0.049929632521640926,-0.3005280869411171,0.05017793006571382,0.0,-0.547689481786139,-0.4888371636865604,-0.7860540737340214,0.09449318049631557,0.0
19.45,-0.047538699481011915,-0.06269194460922461,-0.3275232608078237,0.054978096584406076,0.0,-0.5411436157812993,-0.4853936735088816,-0.7611727227782391,0.09036526199421073,0.0
19.46,-0.06563119957169482,-0.07565056653450658,-0.3557881474411494,0.059977048124398476,0.0,-0.5343725003272385,-0.4811611655971389,-0.73877965740546,0.08663896733559598,0.0
19.47,-0.08435098077099266,-0.08880470852581307,-0.38599381823674106,0.06536134131160916,0.0,-0.5272031993709616,-0.47610817436590797,-0.7182628297396592,0.08321959345634561,0.0
19.48,-0.10351030726192463,-0.10215754195318714,-0.4173103653947595,0.07096904961907367,0.0,-0.5197548838543987,-0.4702214396418008,-0.7006024272937442,0.08025872283617486,0.0
19.490000000000002,-0.12303625156130046,-0.11571360951623559,-0.44925355536636796,0.07673484144259755,0.0,-0.5119979283516596,-0.46350725057762215,-0.6859399737336034,0.07776106918947472,0.0
19.5,-0.14294686254582897,-0.12947808163813065,-0.48179885210512324,0.08267181088476608,0.0,-0.5039171382788155,-0.45599126979313825,-0.674327294221103,0.07572714010383874,0.0
19.51,-0.1630265364199599,-0.14345376086802042,-0.5139179791218871,0.0885818439981684,0.0,-0.4956083086345912,-0.4477199290908879,-0.66647191370684,0.07423963356614013,0.0
19.52,-0.18337288999144177,-0.15764068068760362,-0.545931939017612,0.09454686756273649,0.0,-0.48693976951168344,-0.4387578989487192,-0.6614591092803997,0.07315977311936069,0.0
19.53,-0.20375385991500455,-0.17203384966504193,-0.5768525625452545,0.10035549456732591,0.0,-0.47811484613095173,-0.42918902130636793,-0.6603762380455303,0.0726296719494752,0.0
19.54,-0.22422041416679703,-0.18662263862049214,-0.6068784972573198,0.10605202726260533,0.0,-0.4689032834641974,-0.4191112765886278,-0.6613574010572273,0.07238681013597312,0.0
19.55,-0.2446502466144783,-0.20139027644334834,-0.635608051080865,0.11153045149877198,0.0,-0.4595980467519315,-0.4086370116163799,-0.6657303864165792,0.07261876718524958,0.0
19.56,-0.26492145963992386,-0.2163123505083335,-0.6626352875360361,0.11668954256603459,0.0,-0.44988818604755426,-0.397885627571671,-0.6707824127287645,0.07296005854958192,0.0
19.57,-0.2851477210864055,-0.23135888324995194,-0.6886428913294241,0.12164545963608765,0.0,-0.4401384164087297,-0.38698323651383204,-0.6780137288418085,0.07363545295413776,0.0
19.580000000000002,-0.3049080509788708,-0.24649110824574022,-0.7121160912605782,0.12604134262735706,0.0,-0.42997498317294164,-0.37605370240331454,-0.6840654701844642,0.07420298821311386,0.0
19.59,-0.3246683808713266,-0.26166666711255165,-0.73524036728017,0.130321053252636,0.0,-0.41981154993715836,-0.36521813185704494,-0.6905844705311589,0.07491737669002269,0.0
19.6,-0.3436122127516573,-0.27683401415995046,-0.754992545774872,0.13378638494258577,0.0,-0.409244180751561,-0.35458552049975894,-0.6939557063485039,0.07530466284004814,0.0
19.61,-0.3625461176044758,-0.2919397530765824,-0.7749294868967128,0.13719732500175508,0.0,-0.398671900490591,-0.3442520670062056,-0.6957334733961832,0.0756095498853712,0.0
19.62,-0.38046596952631806,-0.30692305500712075,-0.791375214297245,0.13969991843889012,0.0,-0.38777628469460734,-0.33429426537627516,-0.6930563001420905,0.07544740050845454,0.0
19.63,-0.3982579074328556,-0.3217229285143039,-0.8081718972985522,0.1421351885943164,0.0,-0.3768398829146673,-0.32476819183786426,-0.68697011292936,0.07498053278590147,0.0
19.64,-0.41490134587089567,-0.3362728575429389,-0.8215703897225369,0.14364317441208813,0.0,-0.36565180091327015,-0.31570541702178884,-0.675651132176777,0.07394913085413055,0.0
19.650000000000002,-0.4312357749245039,-0.35050728688542193,-0.8352005300933497,0.14502985085594086,0.0,-0.35439600312057895,-0.3071135509864679,-0.6599371321971997,0.07246358719901466,0.0
19.66,-0.446396542484307,-0.36435773249261544,-0.8459039653494883,0.14558063380351632,0.0,-0.3429512353187465,-0.29897536924095947,-0.6390250208835385,0.0703847423650941,0.0
19.67,-0.4610250384194753,-0.37775751005692576,-0.8564883915225677,0.14592815901332626,0.0,-0.33142076701952616,-0.29125089732743786,-0.6136845466252467,0.06779515637075133,0.0
19.68,-0.4746622531557335,-0.39064151024022054,-0.8654284185549165,0.14572402505721066,0.0,-0.31975509382223116,-0.283879387460978,-0.5839574463417009,0.06466433432516575,0.0
19.69,-0.48760486227152083,-0.40294872864615316,-0.8741220050060752,0.14529379216769311,0.0,-0.30799468052270074,-0.27678251704872364,-0.5505471185271003,0.061062599916104916,0.0
19.7,-0.4997673138261404,-0.41462429455799227,-0.8825061092262405,0.14462096765431126,0.0,-0.2961438823349185,-0.2698682224973155,-0.5140672440333018,0.05704765007017837,0.0
19.71,-0.5111112000627446,-0.425619433282136,-0.8905309310655858,0.14372639466935463,0.0,-0.2841982495413002,-0.26303434263640346,-0.47510978663769954,0.05268536438541267,0.0
19.72,-0.5218686195878885,-0.4358951121741831,-0.8994079526294527,0.14286899070672276,0.0,-0.27219810676800327,-0.25617330541225325,-0.43460306410002136,0.048094711898607784,0.0
19.73,-0.5317009468855132,-0.44541939004505604,-0.9077019660050898,0.1417900621523188,0.0,-0.26011197998651353,-0.24917572014209496,-0.3930332061736339,0.04334000940938859,0.0
19.740000000000002,-0.5411230655333409,-0.4541725598383354,-0.9178270600777169,0.140987467238869,0.0,-0.24799827303267716,-0.2419352292519992,-0.3514655801814281,0.03857123059537312,0.0
19.75,-0.5495309978321841,-0.46214201860127946,-0.9270289331839064,0.13995001523138909,0.0,-0.23581637776953812,-0.2343518823632104,-0.3103571213660821,0.03385207404404491,0.0
19.76,-0.5576875467548534,-0.4693287815396708,-0.9388452998385278,0.13937994043238025,0.0,-0.22362488704014066,-0.22633673795551928,-0.2707854010831817,0.029332400159453723,0.0
19.77,-0.5647582479951183,-0.4757400046841925,-0.9492713823698061,0.13854247687829396,0.0,-0.2113919488015686,-0.21781500039151536,-0.2332718979509115,0.025076161656902525,0.0
19.78,-0.5717189583447871,-0.4813967162537442,-0.9628748610686331,0.13831155599801667,0.0,-0.19915845470159127,-0.20872994666889047,-0.19875835901155733,0.021202418106132728,0.0
19.79,-0.5775395924666752,-0.48632416207888546,-0.9744872922231638,0.1377596187079291,0.0,-0.18691919899380252,-0.19904566485101077,-0.16787400945769118,0.017777027872956652,0.0
19.8,-0.5833602265885632,-0.49056036993032054,-0.9895211779907399,0.13788895581009603,0.0,-0.17467994328601377,-0.1887496378105703,-0.14120337730724342,0.014859117228696421,0.0
19.81,-0.5880319263392174,-0.49414514505969415,-1.0019911174409906,0.13764949596136042,0.0,-0.16247999430559035,-0.1778546871951927,-0.11945767294943539,0.012519702183544423,0.0
19.82,-0.5926896572829286,-0.49712747996429574,-1.0173027481364703,0.13802245936243793,0.0,-0.15028052321850285,-0.1663994637026475,-0.1026414482387327,0.010738381673171819,0.0
19.830000000000002,-0.5963921447051083,-0.49955733621340126,-1.0304138631978466,0.1381312492794426,0.0,-0.13816220805793136,-0.1544488775985452,-0.09135687752401389,0.00957904033230805,0.0
19.84,-0.59997413641084,-0.5014898565583967,-1.0452283699519829,0.13867784126796934,0.0,-0.12605413001626672,-0.14209202012837652,-0.08496692852872623,0.008946171295660268,0.0
19.85,-0.6027771426567032,-0.5029790713472476,-1.0580207946958948,0.13902903782752735,0.0,-0.11405982014674232,-0.12944046239224807,-0.08373963470273452,0.008876294049785748,0.0
19.86,-0.6053705590646583,-0.5040800727826978,-1.071383297826741,0.13964358149224462,0.0,-0.10209612015890618,-0.11662373761394475,-0.08647678476751725,0.009216616882140094,0.0
19.87,-0.607343815286365,-0.5048447956290819,-1.0828519813843804,0.14010597316764983,0.0,-0.09026820358716096,-0.10378545009537518,-0.09298626752644865,0.009961722952692027,0.0
19.88,-0.609035820336744,-0.5053226303433347,-1.0938783071963387,0.1406686449659834,0.0,-0.07850186666156214,-0.09107701700150689,-0.10172156951309014,0.010929035512939556,0.0
19.89,-0.6102490576864553,-0.5055651343029938,-1.103169018795223,0.1411082061063075,0.0,-0.0668827313943225,-0.07865224434244676,-0.112018377880171,0.012065162313668996,0.0
19.900000000000002,-0.6111268153194582,-0.5056827759212166,-1.1099870114397636,0.14151476087046733,0.0,-0.05536674253937267,-0.06666139943152866,-0.12229938177272731,0.013193381727807924,0.0
19.91,-0.6116497649493343,-0.5057564449306295,-1.113891387752528,0.14183934943764848,0.0,-0.04399877658337063,-0.055242324866719386,-0.13150581738544165,0.014213129229033023,0.0
19.92,-0.6118004391051612,-0.5058143335325437,-1.1152865110795191,0.1419290710513877,0.0,-0.03278612080748416,-0.04451528430771219,-0.13840196370433863,0.014992258624299933,0.0
19.93,-0.6117028321673628,-0.5058655423085356,-1.114901843749469,0.1418301563744128,0.0,-0.021711712169446153,-0.03457814421757975,-0.14168325823925065,0.015388407369140548,0.0
19.94,-0.6112135867862143,-0.5059116733019764,-1.1119244726121498,0.14139093765102115,0.0,-0.010855374481034597,-0.025503151355365874,-0.1409142970768846,0.015361262474076693,0.0
19.95,-0.6105651544329016,-0.5059521684041853,-1.107685694247419,0.14081312783668667,0.0,-0.00011691116768985498,-0.017332182651036202,-0.1346908748972731,0.014729116234357189,0.0
19.96,-0.6095231534549782,-0.505985132104209,-1.1009131780370494,0.13988488022300502,0.0,0.010330123424832676,-0.010077075196852626,-0.12369337549911408,0.01357833720060586,0.0
19.97,-0.6083936268383113,-0.5060089757599784,-1.093344132319398,0.13888185759843172,0.0,0.020690253406757387,-0.0037168846758340226,-0.1064410941317882,0.011684583611676787,0.0
19.98,-0.6068860342038134,-0.506021606661029,-1.0834106376864554,0.1375446204536087,0.0,0.030674999894981934,0.001797494234103469,-0.08487958098946813,0.009291930729061527,0.0
19.990000000000002,-0.6053451444759528,-0.5060216118338888,-1.0730523681185244,0.13618442847802004,0.0,0.04061440853875478,0.006544483132653499,-0.05728523769128818,0.006121311632867597,0.0
20.0,-0.6034591241250814,-0.5060071861631423,-1.0605924204757793,0.1345228880470027,0.0,0.050083881914267506,0.010623572648713019,-0.02680661101895564,0.002594474690251156,0.0
20.01,-0.601573103774209,-0.5059771994122139,-1.0479587760987026,0.1328713898066192,0.0,0.05955335528978475,0.014151002190702746,0.007099973722204791,0.0,0.0016396755902708584
20.02,-0.599399318311142,-0.505930192816538,-1.03361880911452,0.13097296244621667,0.0,0.06846139646755321,0.017245432310332362,0.039692121019158456,0.0,0.005988211368660616
20.03,-0.5972220341840964,-0.5058652022024807,-1.0191436988053897,0.12908399200612733,0.0,0.07736261172194707,0.020034688661999103,0.0757714818674781,0.0,0.010840781471469354
20.04,-0.5948635118543563,-0.5057812277141062,-1.0036323706354588,0.12704618774056628,0.0,0.08571217053969585,0.0226507068187001,0.11180227961711273,0.0,0.015605853891249799
20.05,-0.5924821278913376,-0.5056736708511024,-0.9879622487766191,0.12500265978657835,0.0,0.09399214266455702,0.025227408059108614,0.14913189663019893,0.0,0.020598591464132926
20.06,-0.590008599847086,-0.5054905615071746,-0.9725743337052096,0.12288815990332187,0.0,0.10174083111555281,0.027891556805653764,0.18416209125967853,0.0,0.02528587649239229
20.07,-0.5875102799882939,-0.5051735163969893,-0.9581256655719664,0.12075449349170829,0.0,0.10934657510247155,0.03075802054730222,0.21771053252321504,0.0,0.029891768105463713
20.080000000000002,-0.5849914773816891,-0.5046720570421921,-0.9448720258750583,0.11866517346948365,0.0,0.11645200517999033,0.03392195095358442,0.2469059638436244,0.0,0.03397944583438651
20.09,-0.5824633855673258,-0.5039445914774492,-0.9330870263741605,0.11668398722949773,0.0,0.12333053602054977,0.03745647561680567,0.2722917697809335,0.0,0.037686294791057055
20.1,-0.5799690395505295,-0.5029599864731534,-0.9231992253450704,0.1148963505748259,0.0,0.1297503197178587,0.04140848306007523,0.2921370367540178,0.0,0.040716010372121414
20.11,-0.5774983397207942,-0.5016981714418297,-0.9152835279779217,0.11333224567628399,0.0,0.13584865240365093,0.04579768491775608,0.30679472717067857,0.0,0.04312156929481667
20.12,-0.5750981814459674,-0.5001510425657377,-0.9096836440272051,0.11206319804040712,0.0,0.14154040171401944,0.05061639085508099,0.3158276558362132,0.0,0.04478152639512052
20.13,-0.5727720375410602,-0.49832278565289284,-0.9064521413482001,0.1111120889429432,0.0,0.14680555123663416,0.05582983847191361,0.3192716266506279,0.0,0.04565666505885169
20.14,-0.5705357981603625,-0.4962296486480913,-0.9056299929481818,0.11050190048598597,0.0,0.15172687815333444,0.061379625227571115,0.31793063562819573,0.0,0.045825604771485805
20.150000000000002,-0.5684413741204837,-0.4939001943017278,-0.9074211132340825,0.11027692943073361,0.0,0.1561058595043597,0.06718438974066773,0.3112743695706956,0.0,0.04513928221143987
20.16,-0.5664387847860759,-0.49137350740665575,-0.9113327202138198,0.11037907813002833,0.0,0.16021437602066146,0.07314605753907741,0.3012221548332715,0.0,0.04389213042828096
20.17,-0.5646632445514266,-0.4886996436256699,-0.9179013092939942,0.11090490896059296,0.0,0.1636542041916844,0.07914976871922356,0.2864166440071295,0.0,0.04179926592539291
20.18,-0.5629640364154685,-0.48593591382413703,-0.925880223056144,0.11168526703340681,0.0,0.16690752230085965,0.08507219426799653,0.26981824661707854,0.0,0.03938000150449214
20.19,-0.5615945439262495,-0.4831479130887985,-0.9363448415758823,0.11290254935345026,0.0,0.16935521228346812,0.09077983395034056,0.24903208690105433,0.0,0.03618281276130107
20.2,-0.5602684481409016,-0.4804036776664966,-0.9471099186872084,0.1142493946440714,0.0,0.1717109439787879,0.09613905955739067,0.22809618327052297,0.0,0.03295779855939626
20.21,-0.5593921673373128,-0.47777585004270146,-0.960031044886524,0.11603043347400131,0.0,0.17311351076457113,0.1010122280131349,0.20341569131720189,0.0,0.029054375633027565
20.22,-0.5585158865337241,-0.4753338364688236,-0.9718952295143651,0.11778191300801259,0.0,0.17451607755035436,0.10526930740837809,0.18018239065847108,0.0,0.025446923597293142
20.23,-0.5645345636821294,-0.47326393110741016,-1.0251492630550003,0.1256432905442769,0.0,0.17483422086211475,0.1087799835527633,0.15366328876524055,0.0,0.02128974205705927
20.240000000000002,-0.5706370701065487,-0.4717989649126394,-1.0782602336341984,0.13347800920202663,0.0,0.17513917969394782,0.11142803945176331,0.12965616334214092,0.0,0.017658922868343644
20.25,-0.5756219267503669,-0.47111175607365785,-1.116820600427473,0.13999529012728487,0.0,0.1744246468818071,0.11310868256254285,0.10383027308631235,0.0,0.013774855122286959
20.26,-0.5804658015314337,-0.47096141587938123,-1.149515963658708,0.14583757991654867,0.0,0.17358151400771077,0.11379125116512963,0.08124672437794253,0.0,0.010541055301592103
20.27,-0.5843531328578926,-0.4711553915957584,-1.1757406407935167,0.14994703816501248,0.0,0.17179431226209094,0.11386227687970815,0.05829580171993622,0.0,0.007381038666430957
20.28,-0.5879831015018254,-0.47176284803521856,-1.1942478220756707,0.15345065226800078,0.0,0.16975310418137338,0.11341190211147464,0.03984016754169599,0.0,0.004995621178748054
20.29,-0.5908086879159012,-0.47282493107442736,-1.203343715636512,0.15593819292833003,0.0,0.16685324670172014,0.1123703338119518,0.019448961511437504,0.0,0.00227881194198477
20.3,-0.5932694759289201,-0.47434282719298393,-1.2061379572378652,0.15771761829753322,0.0,0.16356397991368885,0.11067637211825766,-0.0008101659725054506,0.000326459396824111,0.0
20.31,-0.5950690978355868,-0.4762829006747734,-1.201884730786851,0.15848475938784543,0.0,0.15951147989944964,0.10827627138510525,-0.021729751802837642,0.0030911941369449,0.0
20.32,-0.5964054307239117,-0.4785837079788341,-1.1924830194300287,0.15841260720682263,0.0,0.1549241709034112,0.10512757209592855,-0.04142661970965768,0.005755004371501778,0.0
20.330000000000002,-0.5972148685281454,-0.4811623771214733,-1.1785805606238027,0.15747346992058048,0.0,0.14967904155402853,0.10120048824458396,-0.06010071648390635,0.008377247975176704,0.0
20.34,-0.5974714717979945,-0.48391917448627736,-1.1608988083744796,0.15569783740972992,0.0,0.1437437068492942,0.09647737082832177,-0.07772615053603842,0.010947870649005438,0.0
20.35,-0.59732650590477,-0.4867447431139858,-1.1411123718844023,0.15329556144087325,0.0,0.13726596136421637,0.09095527483390443,-0.09332825337898976,0.01330574974794114,0.0
20.36,-0.5965481050623632,-0.48952209057059587,-1.1187184691818686,0.15014846293015754,0.0,0.12993261745009166,0.08464236348969205,-0.10850375920234001,0.015714480681851307,0.0
20.37,-0.5954845158766561,-0.49213432754788294,-1.0962245965687218,0.1466672603627814,0.0,0.12218226902876694,0.07756164357136842,-0.12108844503005144,0.017777138484748004,0.0
20.38,-0.5937158364282124,-0.49446416033480534,-1.0719680083182241,0.14258193554975163,0.0,0.11340093240455745,0.06974419969257016,-0.13427472351559172,0.020050135632723676,0.0
20.39,-0.591769404354998,-0.49640205250445446,-1.0492305908396953,0.1384708035741581,0.0,0.10433799424643025,0.061234232693656666,-0.14465632652930097,0.02188217210578895,0.0
20.400000000000002,-0.5890551718067368,-0.4978434568908135,-1.0252929874730694,0.13391257794568062,0.0,0.09405868141144542,0.052079374331171824,-0.15696620913809387,0.02413802886440559,0.0
20.41,-0.5862616772509915,-0.49869749029122595,-1.0042125206545411,0.12962357741046643,0.0,0.08364316671596467,0.04233738931934043,-0.16648144228307646,0.02588986044533655,0.0
20.42,-0.582646617109131,-0.49898851194318755,-0.9816309975024262,0.12503540901815902,0.0,0.07181589416950933,0.032061875304333534,-0.17942680908467332,0.028323118900935147,0.0
20.43,-0.5790315569672722,-0.4990115550227621,-0.9563637190615681,0.12105095326455882,0.0,0.05998862162305963,0.021310528307879488,-0.18975656549483733,0.030227422584008838,0.0
20.44,-0.5745706782465896,-0.4988276139718169,-0.9270676219146694,0.11684105267994957,0.0,0.04658260037750303,0.010141600084805146,-0.20490857022969453,0.03306306782679032,0.0
20.45,-0.5700995160173519,-0.49833713533688373,-0.9001261630837254,0.11279485895741788,0.0,0.03315738461889377,-0.001384622271095222,-0.21839247374042178,0.0354860279304583,0.0
20.46,-0.5649078611303084,-0.49743243387624214,-0.8713540838285709,0.10826422252235593,0.0,0.018268829734183978,-0.013220485860380733,-0.2367579831472338,0.038844119538503995,0.0
20.47,-0.5596253223199097,-0.49601647959655526,-0.8444062198533351,0.10391475864462128,0.0,0.0031956872627191997,-0.025324057930886334,-0.2548687726915649,0.04204888837841423,0.0
20.48,-0.5537386716714797,-0.4940004485017409,-0.8167920685431291,0.09938619483249837,0.0,-0.013167383123319446,-0.037665637712985645,-0.2776191216729321,0.04613344015382797,0.0
20.490000000000002,-0.5476894817861404,-0.4913083272998321,-0.7912962281240321,0.09516173065591335,0.0,-0.029877514907105517,-0.05022300107638984,-0.3012423239733457,0.05029324015435066,0.0
20.5,-0.5411436157812993,-0.487876379361044,-0.766410408731805,0.09102485352395005,0.0,-0.047538699481011915,-0.06298334139682131,-0.32824691948087464,0.055095667271064575,0.0
20.51,-0.5343725003272385,-0.4836565351841639,-0.7440054505052488,0.08728821660434086,0.0,-0.06563119957169482,-0.0759403877382029,-0.35651878795104114,0.06009661461531174,0.0
20.52,-0.5272031993709616,-0.47861707277946614,-0.7234676742152605,0.08385726341226779,0.0,-0.08435098077099266,-0.08909337704104126,-0.3867286795496214,0.06548258623643402,0.0
20.53,-0.5197548838543987,-0.47274442660539845,-0.7057758831580526,0.08088375959093276,0.0,-0.10351030726192463,-0.10244549093544732,-0.41804639088292167,0.07109161574842807,0.0
20.54,-0.5119979283516615,-0.46604453146343994,-0.6910709762450246,0.07837264389508712,0.0,-0.1230362515612957,-0.11600126564733956,-0.44998754833517646,0.07685834540696268,0.0
20.55,-0.5039171382788155,-0.45854265147275897,-0.6794052962626959,0.07632469414155156,0.0,-0.14294686254582897,-0.12976584930995466,-0.48252780862734956,0.08279585820340175,0.0
20.56,-0.49560830863459326,-0.45028478487720347,-0.6714876028531461,0.074822924651744,0.0,-0.16302653641995504,-0.14374200822204244,-0.5146391912910915,0.08870604462576384,0.0
20.57,-0.48693976951168344,-0.4413351475971036,-0.6664058579605968,0.07372891702679736,0.0,-0.18337288999144177,-0.15792972807699734,-0.5466430697001082,0.09467085043131825,0.0
20.580000000000002,-0.47811484613095173,-0.43177712333109164,-0.6652503676578408,0.07318517723708445,0.0,-0.20375385991500455,-0.17232396114638462,-0.5775519154311934,0.10047892055015814,0.0
20.59,-0.4689032834641974,-0.42170825211800694,-0.6661597973809019,0.0729295992778227,0.0,-0.22422041416679703,-0.186914016841711,-0.6075649212842633,0.10617460009551204,0.0
20.6,-0.4595980467519315,-0.41124048000874985,-0.6704658066577139,0.07315018385298387,0.0,-0.2446502466144783,-0.201683060463895,-0.6362809794535876,0.1116519257790962,0.0
20.61,-0.44988818604755426,-0.4004928704595422,-0.675460828598741,0.07348185300175138,0.0,-0.26492145963992386,-0.21660661706842735,-0.6632948255461211,0.1168097285734532,0.0
20.62,-0.4401384164087297,-0.3895912817022999,-0.6826489969011749,0.07414975011048075,0.0,-0.2851477210864055,-0.23165465068699556,-0.6892896576346244,0.12176422585789475,0.0
20.63,-0.429974983172944,-0.37865942641789146,-0.6886757460805728,0.0747122313581616,0.0,-0.3049080509788661,-0.24678834276452524,-0.7127511749626257,0.12615861455706795,0.0
20.64,-0.41981154993715836,-0.367818375672479,-0.6951904675374379,0.07542425408989906,0.0,-0.3246683808713266,-0.2619652904879791,-0.7358651380252434,0.13043681018552578,0.0
20.650000000000002,-0.4092441807515635,-0.357177213332773,-0.6985802969368292,0.07581201446934441,0.0,-0.3436122127516528,-0.27713391315468694,-0.755608864342849,0.13390065411384516,0.0
20.66,-0.398671900490591,-0.34683235119649586,-0.700399881243906,0.07612026338819902,0.0,-0.3625461176044758,-0.2922407888056048,-0.7755390380271302,0.1373101751814176,0.0
20.67,-0.38777628469460734,-0.3368606144308904,-0.6977866793933934,0.0759642973770363,0.0,-0.38046596952631806,-0.30722507283842493,-0.7919800802373017,0.13981145059493352,0.0
20.68,-0.3768398829146673,-0.32731851535310397,-0.6917843800526585,0.07550625348233723,0.0,-0.3982579074328556,-0.3220257675604309,-0.8087739171032039,0.14224552824163894,0.0
20.69,-0.36565180091327015,-0.31823814592478883,-0.6805655706977856,0.07448602544895612,0.0,-0.41490134587089567,-0.33657635946637715,-0.8221714418313429,0.14375246188628277,0.0
20.7,-0.3543960031205816,-0.30962769905831233,-0.6649638071182632,0.07301361720599568,0.0,-0.4312357749245,-0.35081130402969024,-0.8358023096875378,0.1451382330803655,0.0
20.71,-0.3429512353187465,-0.3014705686836207,-0.6441713963902946,0.07094940059582229,0.0,-0.446396542484307,-0.3646621351646634,-0.8465080990673935,0.1456882560014195,0.0
20.72,-0.33142076701952894,-0.2937274090946715,-0.618953842223692,0.0683754083397361,0.0,-0.4610250384194718,-0.37806219298334937,-0.857096302798784,0.1460351574759575,0.0
20.73,-0.31975509382223116,-0.2863380881732468,-0.5893490106876774,0.06526058381069089,0.0,-0.4746622531557335,-0.39094639743301257,-0.8660411892784428,0.14583052031545024,0.0
20.740000000000002,-0.30799468052270634,-0.2792248662476578,-0.556057290498504,0.06167467755859777,0.0,-0.48760486227151467,-0.4032537771405722,-0.8747405475802091,0.14539988288838257,0.0
20.75,-0.2961438823349185,-0.272296214112737,-0.5196900245135014,0.05767482395234978,0.0,-0.4997673138261404,-0.41492949658834044,-0.8831309737441188,0.14472672629513228,0.0
20.76,-0.28419824954130307,-0.26545044398483264,-0.4808373442226516,0.05332636854024083,0.0,-0.5111112000627418,-0.4259248173123009,-0.8911625446981684,0.14383186373480727,0.0
20.77,-0.27219810676800327,-0.2585803865457554,-0.4404260946874954,0.04874778923515763,0.0,-0.5218686195878885,-0.43620074213875654,-0.9000462844017276,0.14297418090007946,0.0
20.78,-0.2601119799865164,-0.2515769745034723,-0.3989407783284489,0.04400296602406597,0.0,-0.5317009468855107,-0.4457253630812638,-0.9083468188257676,0.14189495088534493,0.0
20.79,-0.24799827303268007,-0.24433408590061143,-0.35744483377840086,0.03924149839121715,0.0,-0.5411230655333389,-0.4544790023736061,-0.9184778223619544,0.14109199947082382,0.0
20.8,-0.23581637776954104,-0.23675190861721465,-0.3163927132491079,0.03452678111917153,0.0,-0.5495309978321821,-0.46244908094424514,-0.9276848061397669,0.1400541050597739,0.0
20.81,-0.22362488704014358,-0.22874153214010992,-0.2768591046466751,0.0300084484658281,0.0,-0.5576875467548518,-0.46963663161883096,-0.9395052725812536,0.1394834747390116,0.0
20.82,-0.21139194880157153,-0.22022807389421753,-0.2393622242035604,0.025750313552272988,0.0,-0.5647582479951166,-0.4760488202512288,-0.9499340983992695,0.13864532007483132,0.0
20.830000000000002,-0.19915845470159418,-0.21115459691980612,-0.20484067573204917,0.021871391766735825,0.0,-0.5717189583447857,-0.48170667640611514,-0.9635387688912611,0.1384135554304742,0.0
20.84,-0.18691919899380252,-0.20148484179583512,-0.17392106963185455,0.018437603225578844,0.0,-0.5775395924666752,-0.48663543890543526,-0.9751509568055612,0.13786061176712844,0.0
20.85,-0.1746799432860167,-0.1912058093052374,-0.14718635111761832,0.015508250660362486,0.0,-0.5833602265885619,-0.49087312040949777,-0.9901829693418542,0.13798877798896014,0.0
20.86,-0.16247999430558743,-0.18032970984708124,-0.12534767347281225,0.013154648404272093,0.0,-0.5880319263392185,-0.49445950362789737,-1.0026496373754705,0.13774798804826438,0.0
20.87,-0.15028052321850577,-0.16889446809309652,-0.10841142893786908,0.011356817523594343,0.0,-0.5926896572829274,-0.49744355171433385,-1.0179564269134913,0.13811947534860386,0.0
20.88,-0.13816220805793425,-0.15696417600575197,-0.09698345042880878,0.010179185198432096,0.0,-0.5963921447051074,-0.49987519149441484,-1.0310615542023902,0.1382266626396407,0.0
20.89,-0.1260541300162696,-0.14462704545429417,-0.09043233473619981,0.009526894974435445,0.0,-0.5999741364108391,-0.501809527247203,-1.045869061705392,0.13877155193319196,0.0
20.900000000000002,-0.11405982014674518,-0.1319937442423772,-0.08903304367315024,0.009437205564102822,0.0,-0.6027771426567027,-0.5033005488202394,-1.0586538865426278,0.1391209768440733,0.0
20.91,-0.10209612015890904,-0.11919292019478385,-0.09159549323446607,0.009758124714502027,0.0,-0.6053705590646576,-0.5044033075001467,-1.0720084148247373,0.1397337148885223,0.0
20.92,-0.09026820358716096,-0.10636735288245452,-0.09793596736505496,0.010485062293707048,0.0,-0.607343815286365,-0.5051696981264946,-1.0834690885098552,0.14019430367968921,0.0
20.93,-0.07850186666156495,-0.09366773706501322,-0.1065164020823127,0.011436256620654582,0.0,-0.6090358203367435,-0.5056490741807562,-1.0944878539913032,0.14075521270865102,0.0
20.94,-0.0668827313943225,-0.08124729076633531,-0.11667997995767941,0.012559080073719166,0.0,-0.6102490576864553,-0.5058927248136571,-1.103771807605808,0.14119308797625077,0.0
20.95,-0.055366742539378164,-0.0692558694175991,-0.12685593348723054,0.013677480424756833,0.0,-0.6111268153194578,-0.506010798904101,-1.1105977294654437,0.14159780869381697,0.0
20.96,-0.04399877658337063,-0.05783110665405636,-0.13599098736894577,0.014691466116021956,0.0,-0.6116497649493343,-0.5060846360976796,-1.1145009875544083,0.14192130479327394,0.0
20.97,-0.03278612080748951,-0.047093249381186864,-0.14285273186914063,0.015469271266824553,0.0,-0.6118004391051611,-0.5061425928105384,-1.1158944233172354,0.14201051000525855,0.0
20.98,-0.021711712169446153,-0.037140354169247526,-0.14613778615689743,0.015868750859105885,0.0,-0.6117028321673628,-0.5061938298951373,-1.1155083361606195,0.14191129307470218,0.0
20.990000000000002,-0.010855374481039782,-0.028045058856543868,-0.14540984397125936,0.015849631076822503,0.0,-0.6112135867862145,-0.5062399711454476,-1.1125297272972943,0.14147185341419688,0.0
