timestep,episode,hip_pos_l,hip_pos_r,exo_pos_l,exo_pos_r,hip_vel_l,hip_vel_r,exo_vel_l,exo_vel_r,act_iliopsoas_l,act_iliopsoas_r,act_glut_l,act_glut_r,muscle_length_iliopsoas_l,muscle_length_iliopsoas_r,muscle_length_glut_l,muscle_length_glut_r,muscle_force_iliopsoas_l,muscle_force_iliopsoas_r,muscle_force_glut_l,muscle_force_glut_r,motor_torque_l,motor_torque_r,pid_output_l,pid_output_r,hip_pos_target_l,hip_pos_target_r,hip_vel_target_l,hip_vel_target_r
44001,44,-0.0,-0.0,-0.0,-0.0,0.0,0.0,0.0,0.0,0.009999999776482582,0.009999999776482582,0.009999999776482582,0.009999999776482582,1.068041443824768,1.0680415630340576,0.7233719825744629,0.7233720421791077,0.0,0.0,0.0,0.0,16.463882446289062,-19.807846069335938,0.00023616055873571117,0.0,0.0,0.00011691116769094612,0.0,-1.0447034592521818
44002,44,0.004633333999663591,-0.00033533573150634766,0.0025554215535521507,0.002219252521172166,-1.3526324033737183,-2.254348039627075,-1.722343921661377,-1.8282442092895508,0.009999999776482582,0.009999999776482582,0.009999999776482582,0.019328441470861435,1.0557218790054321,1.0557219982147217,0.7169663310050964,0.7140244245529175,0.0,0.0,0.0,0.0,2.8748416900634766,-19.074094772338867,-0.020864511094805666,0.0,0.0,-0.010330123424831429,0.0,-1.0447034592521813
44003,44,-0.0065057179890573025,-0.02220226638019085,-0.010974899865686893,-0.015405123122036457,0.11965161561965942,-1.1147089004516602,0.005276352167129517,-0.7729798555374146,0.15662692487239838,0.22994285821914673,0.009999999776482582,0.018170993775129318,1.0243866443634033,1.0206345319747925,0.7106482982635498,0.7036097645759583,0.0,0.0,0.0,0.0,15.689363479614258,-16.366056442260742,0.2968310079949141,0.19353552582673728,0.0,-0.020690253406756048,0.0,-0.9984746488223865
44004,44,0.0013411622494459152,-0.029591402038931847,-0.0044507961720228195,-0.020961342379450798,0.958701491355896,-0.8105498552322388,0.8366710543632507,-0.7399720549583435,0.13249754905700684,0.21475538611412048,0.009999999776482582,0.017160939052700996,0.9906912446022034,0.994245707988739,0.7044211626052856,0.6938804984092712,0.0427408330142498,0.1393505185842514,0.0,0.0,-8.548482894897461,-17.663774490356445,0.14948005076922594,-0.004898858685046432,0.0,-0.03067499989498059,0.0,-0.9984746488223865
44005,44,0.004090118687599897,-0.04400318115949631,-0.00024033617228269577,-0.0354272834956646,0.10974442958831787,-1.5720497369766235,0.4188036024570465,-1.6621534824371338,0.11313476413488388,0.19341513514518738,0.12180227786302567,0.016276638954877853,0.9826927781105042,0.9919242262840271,0.6821619868278503,0.6847606897354126,0.10223734378814697,0.2049241065979004,0.044494934380054474,0.0,-13.367822647094727,-16.818387985229492,0.09853518788625275,-0.14647692376747726,0.0,-0.040614408538753366,0.0,-0.951121543448045
44006,44,0.0045822192914783955,-0.05922072008252144,0.004416982177644968,-0.05250024423003197,-0.005514845252037048,-1.486173152923584,0.48736804723739624,-1.736220121383667,0.09743198752403259,0.2143930345773697,0.10674101114273071,0.015503913164138794,0.9821737408638,0.9934951663017273,0.6813217401504517,0.6762028336524963,0.0952930748462677,0.2245255559682846,0.06274835020303726,0.0,-3.480372428894043,-8.326753616333008,0.22252316762291424,-0.024713079752400516,0.0,-0.050083881914268207,0.0,-0.9469473375514328
44007,44,0.006580463144928217,-0.07059633731842041,0.010706186294555664,-0.06766713410615921,0.22940127551555634,-0.9834574460983276,0.5373319983482361,-1.4570428133010864,0.08451540023088455,0.21920594573020935,0.09218448400497437,0.014827386476099491,0.9830697774887085,0.9955267906188965,0.6819041967391968,0.6681475639343262,0.08716171979904175,0.23750072717666626,0.05285164341330528,0.0,-8.601476669311523,-15.613763809204102,0.22113115840583367,-0.008500034119933844,0.0,-0.05955335528978305,0.0,-0.9217848711986326
44008,44,0.0066675166599452496,-0.08167658001184464,0.012588589452207088,-0.08355805277824402,-0.04858262091875076,-1.0805965662002563,0.016876839101314545,-1.5537266731262207,0.07377323508262634,0.20642583072185516,0.08565626293420792,0.014234255068004131,0.9843193292617798,0.9986345767974854,0.6822682023048401,0.6605441570281982,0.0751790851354599,0.23372796177864075,0.04942949861288071,0.0,-2.7138757705688477,-15.883586883544922,0.1507016533153191,-0.04786554920487106,0.0,-0.06846139646755374,0.0,-0.8901215254393259
44009,44,0.00722864642739296,-0.09154123067855835,0.012430569157004356,-0.09652633965015411,0.07045102119445801,-0.9718140959739685,-0.08123931288719177,-1.1167681217193604,0.06477970629930496,0.1996849626302719,0.07471712678670883,0.013714557513594627,0.9854203462600708,1.0022227764129639,0.6827822327613831,0.6538060307502747,0.06638894230127335,0.22518229484558105,0.04311804473400116,0.004446301609277725,-4.865224361419678,-13.356185913085938,0.16971685557446733,-0.006475422102957964,0.0,-0.07736261172194747,0.0,-0.8901215254393259
44010,44,0.007482824381440878,-0.10092055797576904,0.011013437062501907,-0.10609576851129532,-0.023226946592330933,-0.9166621565818787,-0.1921694278717041,-0.8495655655860901,0.05721181631088257,0.19187197089195251,0.06776733696460724,0.01325965579599142,0.9862425923347473,1.0054755210876465,0.6835247278213501,0.6519139409065247,0.056646678596735,0.2118106633424759,0.040494404733181,0.005110393278300762,2.181558609008789,-9.734396934509277,0.1565462499412316,-0.025597300883382558,0.0,-0.0857121705396961,0.0,-0.8279972124860561
44011,44,0.009295385330915451,-0.10766143351793289,0.010424277745187283,-0.11196593940258026,0.24109360575675964,-0.5714900493621826,-0.04282643646001816,-0.4713997542858124,0.05080350488424301,0.18450528383255005,0.06004571542143822,0.012861230410635471,0.9868940114974976,1.0085222721099854,0.6841369271278381,0.6499156355857849,0.05138617008924484,0.2055777758359909,0.03479775786399841,0.004050244577229023,0.6973934173583984,-17.55497932434082,0.15061073768334168,-0.012203618111088872,0.0,-0.09399214266455713,0.0,-0.8279972124860627
44012,44,0.00992078147828579,-0.11547443270683289,0.008189203217625618,-0.11784639954566956,-0.008814327418804169,-0.8611289858818054,-0.2659725248813629,-0.6081939935684204,0.04533149674534798,0.16912996768951416,0.05944133549928665,0.012511163018643856,0.9877574443817139,1.0122267007827759,0.6842002868652344,0.6475301384925842,0.04597150534391403,0.19410942494869232,0.03368601202964783,0.0036945296451449394,1.8135666847229004,-17.233840942382812,0.09693770783076733,-0.05566273056901991,0.0,-0.10174083111555474,0.0,-0.7605743986916399
44013,44,0.00971345417201519,-0.12426949292421341,0.006288688629865646,-0.12368322908878326,-0.047908104956150055,-0.9089306592941284,-0.1320781111717224,-0.5822581648826599,0.04065704718232155,0.16427487134933472,0.053994156420230865,0.01220445241779089,0.9886080622673035,1.015860915184021,0.6842799782752991,0.6451496481895447,0.04127084091305733,0.18379932641983032,0.030771786347031593,0.0035927968565374613,1.9097638130187988,-15.24146842956543,0.14092061586476434,-0.019625748516991733,0.0,-0.10934657510247155,0.0,-0.7605743986916399
44014,44,0.009238108061254025,-0.13299375772476196,0.005868114065378904,-0.1298219859600067,-0.062071867287158966,-0.8565847873687744,0.00586351752281189,-0.6850966811180115,0.036641474813222885,0.16210976243019104,0.048527032136917114,0.011935207061469555,0.989561915397644,1.01897394657135,0.6841971278190613,0.6427304744720459,0.037585001438856125,0.17918050289154053,0.027325784787535667,0.0033241785131394863,0.7134890556335449,-16.45532989501953,0.15162647691122424,-0.013541296357288957,0.0,-0.11645200517998859,0.0,-0.6878530840560572
44015,44,0.008041690103709698,-0.1418595016002655,0.0059089926071465015,-0.1379537433385849,-0.13642518222332,-0.8863145709037781,0.020698025822639465,-0.8874779343605042,0.03318684548139572,0.15964855253696442,0.043476782739162445,0.011699129827320576,0.9903799295425415,1.0217995643615723,0.6842263340950012,0.6404632925987244,0.033403180539608,0.17497965693473816,0.02494250051677227,0.0033885957673192024,3.5236120223999023,-14.861893653869629,0.14765932847648053,-0.01065080194734037,0.0,-0.12333053602054957,0.0,-0.6878530840560638
44016,44,0.007523807231336832,-0.1500166952610016,0.006742286961525679,-0.14684180915355682,-0.023002780973911285,-0.8029658198356628,0.08893673121929169,-0.920168936252594,0.0302082821726799,0.15924221277236938,0.03907061368227005,0.011492189951241016,0.990869402885437,1.0243545770645142,0.6844770312309265,0.6382880806922913,0.029835646972060204,0.17285588383674622,0.022798942402005196,0.0032724731136113405,4.4583868980407715,-14.525354385375977,0.15725290000077136,0.0027341974060982425,0.0,-0.12975031971785705,0.0,-0.6098332685793215
44017,44,0.007805581670254469,-0.15790747106075287,0.007647256832569838,-0.15613362193107605,0.06576241552829742,-0.7873069047927856,0.08028817176818848,-0.9377717971801758,0.027630623430013657,0.15753376483917236,0.03572358563542366,0.01131052989512682,0.9911263585090637,1.026828408241272,0.684816300868988,0.6360985636711121,0.027110889554023743,0.1713055521249771,0.02085856720805168,0.0031632769387215376,1.7410492897033691,-13.369510650634766,0.149151670147586,-0.013393873181194067,0.0,-0.13584865240365068,0.0,-0.6098332685793215
44018,44,0.008401311933994293,-0.1658039689064026,0.00817576888948679,-0.16559012234210968,0.06542131304740906,-0.781101644039154,0.043670058250427246,-0.935255765914917,0.025393882766366005,0.15651841461658478,0.03464750200510025,0.011150932870805264,0.9912340641021729,1.029219150543213,0.6851423978805542,0.6340174674987793,0.024587485939264297,0.16927048563957214,0.020344100892543793,0.003181794658303261,2.3050570487976074,-12.722938537597656,0.15152822725685478,-0.027428313167765735,0.0,-0.14154040171401913,0.0,-0.5265149522614327
44019,44,0.009348589926958084,-0.17330527305603027,0.008727882988750935,-0.17442716658115387,0.11015154421329498,-0.7351275086402893,0.059289440512657166,-0.8372681736946106,0.023449908941984177,0.1564713418483734,0.03388188034296036,0.01101071760058403,0.991008996963501,1.031260371208191,0.6857174038887024,0.6323652863502502,0.022119661793112755,0.16563397645950317,0.020306790247559547,0.0036348497960716486,3.3988070487976074,-6.582704544067383,0.1562401031432754,-0.028736634561792016,0.0,-0.14680555123663386,0.0,-0.5265149522614461
44020,44,0.011312994174659252,-0.1790887415409088,0.01006197091192007,-0.18140527606010437,0.21648359298706055,-0.5082939267158508,0.1491577923297882,-0.6248527765274048,0.021762490272521973,0.15621230006217957,0.036993179470300674,0.010887827724218369,0.9906392693519592,1.0329333543777466,0.6861757636070251,0.6309528350830078,0.020462680608034134,0.164312481880188,0.021998770534992218,0.0035312094260007143,3.933408260345459,-10.790940284729004,0.1549355051973546,-0.03752769702114165,0.0,-0.15172687815333405,0.0,-0.43789813510239756
44021,44,0.013298957608640194,-0.18432749807834625,0.01145908609032631,-0.18704518675804138,0.2036494016647339,-0.514266848564148,0.15799981355667114,-0.48761069774627686,0.020291421562433243,0.1508299708366394,0.05450749024748802,0.010779810138046741,0.990161120891571,1.034705400466919,0.6861270666122437,0.6296152472496033,0.018853941932320595,0.16047264635562897,0.03182175010442734,0.003610398853197694,3.553593158721924,-10.391246795654297,0.12417909981712849,-0.057632572716102004,0.0,-0.15610585950435826,0.0,-0.43789813510238434
44022,44,0.015379258431494236,-0.18917183578014374,0.013403134420514107,-0.19111067056655884,0.20783308148384094,-0.45743614435195923,0.22582542896270752,-0.34400081634521484,0.019010182470083237,0.14700180292129517,0.05905746668577194,0.01068504061549902,0.989770770072937,1.0364388227462769,0.6863821148872375,0.6285226345062256,0.01811295375227928,0.15464603900909424,0.03429453447461128,0.0038698152638971806,-0.3491830825805664,-7.731382846832275,0.12781778057779597,-0.059945350037887694,0.0,-0.1602143760206611,0.0,-0.3439828171021894
44023,44,0.016819190233945847,-0.1931123435497284,0.01582273095846176,-0.19403164088726044,0.10100087523460388,-0.3337249159812927,0.2582395672798157,-0.2450835406780243,0.017890341579914093,0.14296652376651764,0.0640837773680687,0.010601688176393509,0.9894169569015503,1.037795901298523,0.6866511702537537,0.6279271245002747,0.016639215871691704,0.14772751927375793,0.03778086602687836,0.004280066583305597,5.4306745529174805,-7.579006195068359,0.12261254663928771,-0.06504108882509171,0.0,-0.16365420419168317,0.0,-0.3439828171021762
44024,44,0.018622877076268196,-0.19530420005321503,0.01886766590178013,-0.19555194675922394,0.20350556075572968,-0.15912604331970215,0.2980862259864807,-0.11246234178543091,0.016914013773202896,0.13691505789756775,0.06243865564465523,0.010528604499995708,0.9888323545455933,1.0389599800109863,0.6873530745506287,0.6275020241737366,0.015327059663832188,0.14186760783195496,0.037737324833869934,0.004164122976362705,8.10833740234375,-12.202301025390625,0.10595433812948207,-0.0522325052972883,0.0,-0.16690752230085934,0.0,-0.2447689982608348
44025,44,0.021130871027708054,-0.1971091330051422,0.021443817764520645,-0.19651220738887787,0.2996426224708557,-0.18141715228557587,0.2320813089609146,-0.07246476411819458,0.01606033556163311,0.12770575284957886,0.07003138214349747,0.010464392602443695,0.9880470633506775,1.0403565168380737,0.6879209280014038,0.626966118812561,0.014412361197173595,0.13459160923957825,0.0419180728495121,0.0040384698659181595,4.924712181091309,-12.897810935974121,0.07977182002739482,-0.07158803935162722,0.0,-0.16935521228346778,0.0,-0.2447689982608348
44026,44,0.023963211104273796,-0.19924227893352509,0.023359833285212517,-0.19742558896541595,0.2914310097694397,-0.2160525918006897,0.1891002207994461,-0.09618453681468964,0.01531362533569336,0.12054163217544556,0.08757677674293518,0.01040798518806696,0.9870717525482178,1.041690468788147,0.6882402896881104,0.6266846060752869,0.013455931097269058,0.12498637288808823,0.05212807655334473,0.004516203422099352,5.05204439163208,-7.252011299133301,0.08252185266601689,-0.09144720393233001,0.0,-0.171710943978788,0.0,-0.148723177806131
44027,44,0.027245819568634033,-0.20023365318775177,0.025820476934313774,-0.19813765585422516,0.3218582272529602,-0.04023949056863785,0.26947522163391113,-0.0812847688794136,0.014660477638244629,0.11571437120437622,0.0946739986538887,0.010358460247516632,0.98626309633255,1.0425857305526733,0.6886769533157349,0.6266698837280273,0.013419187627732754,0.11792987585067749,0.05590716749429703,0.0045595415867865086,2.3196983337402344,-8.113107681274414,0.08970090224186238,-0.09635940640233456,0.0,-0.1731135107645712,0.0,-0.1402566785783073
44028,44,0.02959437482059002,-0.20048899948596954,0.028450841084122658,-0.19922183454036713,0.18606886267662048,0.00874675065279007,0.27790507674217224,-0.10101265460252762,0.014088425785303116,0.10757256299257278,0.10538909584283829,0.01031494326889515,0.9856704473495483,1.0432007312774658,0.6888728737831116,0.6270779371261597,0.012946522794663906,0.10849317163228989,0.06183735281229019,0.0052291578613221645,3.8527703285217285,-2.5740647315979004,0.06302090350668943,-0.10803362234495581,0.0,-0.17451607755035445,0.0,-0.09165460465571888
44029,44,0.031528372317552567,-0.19893479347229004,0.03167619928717613,-0.19954249262809753,0.1657457947731018,0.24042674899101257,0.32216084003448486,0.0012751370668411255,0.013586705550551414,0.09973232448101044,0.10349396616220474,0.010276665911078453,0.9853507876396179,1.043487787246704,0.6891911029815674,0.6279277205467224,0.013010364957153797,0.09924448281526566,0.060634199529886246,0.005380737129598856,2.1680426597595215,-3.124511241912842,0.05606046886886723,-0.09295421565882861,0.0,-0.17483422086211478,0.0,-0.030495883183302375
44030,44,0.03245027735829353,-0.1960827112197876,0.034334078431129456,-0.19885678589344025,0.050251372158527374,0.32636937499046326,0.21514639258384705,0.15837210416793823,0.01314770057797432,0.08758633583784103,0.10211578011512756,0.010243088006973267,0.9852806925773621,1.0438841581344604,0.6893607974052429,0.6287865042686462,0.01260162703692913,0.08961684256792068,0.05981263890862465,0.005142053123563528,5.825212001800537,-9.556951522827148,0.018066051702675716,-0.09440431791357697,0.0,-0.17513917969394777,0.0,-0.03049588318328916
44031,44,0.032935164868831635,-0.1933853030204773,0.03554385527968407,-0.19625596702098846,0.056419432163238525,0.2329850196838379,0.0464191734790802,0.35067445039749146,0.012763146311044693,0.07635188847780228,0.09871815145015717,0.010213609784841537,0.9849258661270142,1.0445514917373657,0.6898496747016907,0.6295076012611389,0.011578003875911236,0.0789019986987114,0.059411585330963135,0.0051014903001487255,10.759797096252441,-9.475688934326172,0.0013327202087942552,-0.0795729701500386,0.0,-0.17442464688180706,0.0,0.08431328740960922
44032,44,0.03462314233183861,-0.19104121625423431,0.03584429994225502,-0.19175174832344055,0.23109343647956848,0.20857316255569458,-0.0022228509187698364,0.5002899169921875,0.012425842694938183,0.06724777817726135,0.09623266011476517,0.010187705047428608,0.9840973019599915,1.0451421737670898,0.6907473206520081,0.6302121877670288,0.010731501504778862,0.06910441815853119,0.05901253968477249,0.0052024261094629765,10.908222198486328,-6.23640775680542,0.012027898634614974,-0.0821266574691981,0.0,-0.17358151400771096,0.0,0.08431328740960922
44033,44,0.037676338106393814,-0.18864411115646362,0.03586253523826599,-0.18640409409999847,0.34668871760368347,0.25422921776771545,0.015046797692775726,0.515798032283783,0.012129832059144974,0.059982601553201675,0.1091446727514267,0.01016493234783411,0.9833338260650635,1.045494794845581,0.6910622119903564,0.6309472322463989,0.01115464698523283,0.06116102263331413,0.06416337937116623,0.0052856081165373325,2.4103426933288574,-5.072755813598633,0.014960845242433435,-0.11239617588929832,0.0,-0.17179431226209094,0.0,0.20412080807174518
44034,44,0.03967316076159477,-0.18614669144153595,0.03628433868288994,-0.18242932856082916,0.11778481304645538,0.28016698360443115,0.11031560599803925,0.3279154896736145,0.011870340444147587,0.05315915867686272,0.1305995136499405,0.01014493778347969,0.9828358888626099,1.0454778671264648,0.6907790899276733,0.631983757019043,0.010866565629839897,0.05350066348910332,0.0760042667388916,0.005626803729683161,7.4071502685546875,-3.7628209590911865,0.007778463066025844,-0.13659538636915386,0.0,-0.16975310418137338,0.0,0.20412080807174518
44035,44,0.04108252748847008,-0.18248793482780457,0.0383283793926239,-0.1792372316122055,0.12308500707149506,0.40612125396728516,0.2439955621957779,0.295027494430542,0.01164256315678358,0.047354716807603836,0.1268361210823059,0.010127361863851547,0.9826673865318298,1.045163631439209,0.6908996105194092,0.6331733465194702,0.011502350680530071,0.04734175652265549,0.07386962324380875,0.005721183959394693,2.5348377227783203,-3.084890842437744,0.005078542614765827,-0.10704690921120345,0.0,-0.1668532467017202,0.0,0.32892667880310555
44036,44,0.04115425422787666,-0.17835059762001038,0.040578294545412064,-0.1766226887702942,-0.0653100460767746,0.4346555769443512,0.2212163507938385,0.2594331204891205,0.011442553251981735,0.04239429533481598,0.12439659982919693,0.013656916096806526,0.9828370213508606,1.044615387916565,0.6908677220344543,0.6343249678611755,0.011201166547834873,0.04229006916284561,0.0726495236158371,0.007334882393479347,8.3064603805542,-5.650616645812988,-0.014175098492780258,-0.11148232231847942,0.0,-0.16356397991368896,0.0,0.32892667880310555
44037,44,0.040881965309381485,-0.17398013174533844,0.04271233454346657,-0.17365869879722595,-0.008674845099449158,0.4243130087852478,0.16503018140792847,0.3205187916755676,0.011267032474279404,0.038142815232276917,0.11806576699018478,0.01764066517353058,0.9828658103942871,1.0439289808273315,0.691072940826416,0.6354758143424988,0.010865534655749798,0.03778328374028206,0.06981908529996872,0.009363356046378613,7.0691728591918945,-1.782064437866211,-0.01824813897203678,-0.08418960290960968,0.0,-0.1595114798994487,0.0,0.45873089960370345
44038,44,0.041038524359464645,-0.1693790704011917,0.04364854842424393,-0.16999778151512146,0.027600053697824478,0.47355949878692627,0.02095523104071617,0.3988441526889801,0.011112937703728676,0.03448600694537163,0.11415375769138336,0.017423072829842567,0.9830264449119568,1.0431768894195557,0.6911299228668213,0.6367302536964417,0.011228051036596298,0.034315917640924454,0.06614312529563904,0.009236853569746017,2.1484947204589844,-2.6694345474243164,-0.015881948288602135,-0.09295794452540576,0.0,-0.15492417090341146,0.0,0.45873089960370345
44039,44,0.04043028876185417,-0.16500745713710785,0.04279406741261482,-0.16587713360786438,-0.11104386299848557,0.4286905825138092,-0.14901629090309143,0.4495927393436432,0.01097767986357212,0.03133301064372063,0.1118912324309349,0.021017132326960564,0.9831458926200867,1.041944980621338,0.6911546587944031,0.6383412480354309,0.01057288609445095,0.029631614685058594,0.06573442369699478,0.011981809511780739,7.592253684997559,7.267045974731445,-0.021586785201441833,-0.09953306793235242,0.0,-0.1496790415540303,0.0,0.593533470473539
44040,44,0.040472108870744705,-0.15847153961658478,0.04173192009329796,-0.15994828939437866,0.025729402899742126,0.7652003169059753,-0.13506655395030975,0.6494876146316528,0.010858848690986633,0.028605302795767784,0.1067337691783905,0.019805895164608955,0.9832251667976379,1.0402814149856567,0.6912676692008972,0.6404512524604797,0.01068616472184658,0.026823248714208603,0.06260891258716583,0.011494061909615993,7.206764221191406,0.4194045066833496,-0.011303729873414395,-0.07832861500792206,0.0,-0.14374370684929463,0.0,0.593533470473539
44041,44,0.04025241732597351,-0.1512530893087387,0.039605312049388885,-0.15328150987625122,-0.03180224448442459,0.7255284786224365,-0.23801690340042114,0.7215099334716797,0.010754389688372612,0.026239491999149323,0.10566446930170059,0.055345892906188965,0.9835894107818604,1.0385509729385376,0.6910392642021179,0.6412588953971863,0.011217710562050343,0.024435561150312424,0.06029076129198074,0.02819603495299816,2.553527355194092,-1.1501896381378174,-0.061472422538086435,-0.09973768728785218,0.0,-0.13726596136421879,0.0,0.7333343914125857
44042,44,0.038888152688741684,-0.144500732421875,0.03708045557141304,-0.14578410983085632,-0.19832316040992737,0.6514526009559631,-0.2299063503742218,0.7925109267234802,0.010662772692739964,0.02418917790055275,0.10350626707077026,0.05528048425912857,0.9839954972267151,1.0366870164871216,0.6907802820205688,0.6431896090507507,0.010579061694443226,0.022141853347420692,0.060103148221969604,0.029566748067736626,10.248637199401855,1.6030216217041016,-0.054865450145821844,-0.09147360543720424,0.0,-0.1299326174500923,0.0,0.7333343914125989
44043,44,0.03802346810698509,-0.13719813525676727,0.03580687567591667,-0.1368543952703476,-0.04321561008691788,0.7537387609481812,-0.08383065462112427,0.9285146594047546,0.0105822728946805,0.022405998781323433,0.09762746095657349,0.05338248610496521,0.9843928217887878,1.034616231918335,0.6906437873840332,0.6455066204071045,0.011042030528187752,0.019651930779218674,0.05600063130259514,0.029706941917538643,2.088041305541992,7.611484527587891,-0.04131171615906695,-0.06454470182769001,0.0,-0.12218226902876772,0.0,0.8781336624208899
44044,44,0.03660423308610916,-0.12884964048862457,0.03502870351076126,-0.1277875304222107,-0.20166343450546265,0.9097599387168884,-0.06437425315380096,0.8907791376113892,0.010511507280170918,0.020852483808994293,0.0960116982460022,0.053360603749752045,0.9849824905395508,1.0322868824005127,0.6902313828468323,0.6479848623275757,0.01065732166171074,0.018167082220315933,0.05529991164803505,0.029560953378677368,9.940471649169922,-1.6498935222625732,-0.053221217182652505,-0.08684193457476795,0.0,-0.11340093240455851,0.0,0.8781336624208832
44045,44,0.035082969814538956,-0.120253786444664,0.034345436841249466,-0.11905660480260849,-0.11299894005060196,0.8347967267036438,-0.07373542338609695,0.8700910806655884,0.010449440218508244,0.019500762224197388,0.09080927073955536,0.07101109623908997,0.9852418303489685,1.0297935009002686,0.6902073621749878,0.6499518156051636,0.01030343770980835,0.01612861081957817,0.053036145865917206,0.0393926203250885,8.274426460266113,5.224318504333496,-0.07470527414314612,-0.06096837553195655,0.0,-0.10433799424643149,0.0,1.0279312834984118
44046,44,0.034502796828746796,-0.11103727668523788,0.03384469076991081,-0.11014511436223984,-0.02854868397116661,0.9588841795921326,-0.05082989111542702,0.8846564292907715,0.010394897311925888,0.018321014940738678,0.08802947402000427,0.06939798593521118,0.9852525591850281,1.0268195867538452,0.690351665019989,0.6529033780097961,0.009934033267199993,0.01407564990222454,0.051794297993183136,0.04070296511054039,8.095548629760742,10.452208518981934,-0.05956997265844714,-0.07192718255333602,0.0,-0.09405868141144695,0.0,1.0279312834984118
44047,44,0.034719549119472504,-0.10016421973705292,0.033594369888305664,-0.10100189596414566,0.042945194989442825,1.1668176651000977,-0.02039499580860138,0.9261766672134399,0.010346922092139721,0.017289526760578156,0.08745590597391129,0.07423227280378342,0.9852226972579956,1.0235360860824585,0.6904293298721313,0.6559813618659973,0.010022192262113094,0.012824149802327156,0.050987787544727325,0.043691374361515045,6.532943248748779,6.315298080444336,-0.07523719852022051,-0.08412443093024194,0.0,-0.08364316671596361,0.0,1.1701872978806114
44048,44,0.03479112312197685,-0.08871514350175858,0.03319328650832176,-0.09144420921802521,-0.0019290205091238022,1.14515221118927,-0.03201606869697571,1.0199538469314575,0.010304846800863743,0.016389671713113785,0.09431567043066025,0.09822425246238708,0.9854848384857178,1.0201361179351807,0.6899742484092712,0.6584374308586121,0.010664531961083412,0.011636065319180489,0.053224701434373856,0.05715024471282959,-0.5700767040252686,8.369159698486328,-0.1039518236385297,-0.09597640833817422,0.0,-0.07181589416951127,0.0,1.1827272546451713
44049,44,0.033543653786182404,-0.07723361998796463,0.03276457265019417,-0.08054383099079132,-0.2030256986618042,1.1605359315872192,-0.03512163460254669,1.1681938171386719,0.010267870500683784,0.01560250949114561,0.09368658810853958,0.09914238750934601,0.9859727621078491,1.0163675546646118,0.6895243525505066,0.66184002161026,0.010517308488488197,0.010124771855771542,0.053393881767988205,0.060647621750831604,5.197877883911133,12.611112594604492,-0.0993710824920152,-0.09008424648083746,0.0,-0.05998862162305875,0.0,1.2534841709393707
44050,44,0.03210075572133064,-0.0643441453576088,0.03290253132581711,-0.06749176234006882,-0.14191418886184692,1.3514124155044556,-0.002853207755833864,1.3765732049942017,0.010235370136797428,0.014913422986865044,0.08842591196298599,0.09885287284851074,0.986426055431366,1.0123436450958252,0.6892985105514526,0.6656087040901184,0.010405192151665688,0.009283768944442272,0.05093369632959366,0.06160406395792961,7.139899730682373,8.83598804473877,-0.09721662469597965,-0.05809567916207016,0.0,-0.04658260037750543,0.0,1.3425215758611548
44051,44,0.03083525411784649,-0.05087558925151825,0.032233208417892456,-0.05330227315425873,-0.1064043641090393,1.3522268533706665,-0.12027604132890701,1.456739902496338,0.010206772945821285,0.0143092917278409,0.08499312400817871,0.11907724291086197,0.9866483211517334,1.0081599950790405,0.68927401304245,0.6688041090965271,0.009922761470079422,0.008381884545087814,0.04959072545170784,0.07395587861537933,9.336555480957031,8.75511360168457,-0.12415287981227792,-0.06501862461678684,0.0,-0.033157384618893164,0.0,1.3425215758611548
44052,44,0.03046918474137783,-0.03720170259475708,0.030692962929606438,-0.038344137370586395,0.009517423808574677,1.3676031827926636,-0.18215233087539673,1.5127633810043335,0.010181667283177376,0.013780560344457626,0.08258173614740372,0.12042435258626938,0.9867026805877686,1.0039138793945312,0.6893467307090759,0.6724827289581299,0.00998630654066801,0.0078629394993186,0.04790627956390381,0.07685196399688721,4.977421760559082,10.147595405578613,-0.1207829127446247,-0.06843080020509659,0.0,-0.01826882973418353,0.0,1.507314247146373
44053,44,0.030281739309430122,-0.023538153618574142,0.028661509975790977,-0.023321431130170822,-0.031522247940301895,1.376832365989685,-0.1875133514404297,1.499621033668518,0.010159563273191452,0.013316256925463676,0.08516665548086166,0.12029595673084259,0.9868230223655701,0.9994046092033386,0.6891748309135437,0.6765227913856506,0.01008578296750784,0.006752766668796539,0.04885338619351387,0.07945114374160767,4.048340320587158,14.788389205932617,-0.11961073022187674,-0.08569631333462895,0.0,-0.0031956872627189777,0.0,1.5073142471463747
44054,44,0.029834602028131485,-0.00868529174476862,0.027470838278532028,-0.008283671922981739,-0.07040734589099884,1.5490354299545288,-0.07742699980735779,1.4858595132827759,0.010140245780348778,0.012911537662148476,0.0843820720911026,0.11944479495286942,0.9871354699134827,0.9943854212760925,0.6889064908027649,0.6810323596000671,0.010374349541962147,0.005818614270538092,0.04799521341919899,0.08149711042642593,3.0834484100341797,16.32587432861328,-0.11486195414688112,-0.07977110649459064,0.0,0.013167383123319446,0.0,1.671013178378493
44055,44,0.02871733345091343,0.0076434072107076645,0.026997022330760956,0.00649290531873703,-0.15132226049900055,1.6991844177246094,-0.031802304089069366,1.4781914949417114,0.01012323796749115,0.012555970810353756,0.08282097429037094,0.1325053721666336,0.9877005815505981,0.9890334606170654,0.6884555816650391,0.6853200793266296,0.010596564039587975,0.005387676414102316,0.046749647706747055,0.09065552055835724,4.364969730377197,12.154173851013184,-0.1362066177886091,-0.07364075927995146,0.0,0.029877514907105517,0.0,1.6710131783784947
44056,44,0.026887856423854828,0.024404184892773628,0.026531295850872993,0.021565189585089684,-0.19992128014564514,1.662306308746338,-0.05621057376265526,1.5590119361877441,0.010108300484716892,0.01224422361701727,0.07950098812580109,0.14993757009506226,0.9882660508155823,0.983432412147522,0.6880835890769958,0.689529538154602,0.010452496819198132,0.004601908847689629,0.04515981301665306,0.10464781522750854,4.772129058837891,17.92293357849121,-0.15526608887185483,-0.059843331603333355,0.0,0.047538699481011915,0.0,1.8092500090681671
44057,44,0.025240570306777954,0.041902318596839905,0.02612144872546196,0.03824875131249428,-0.15682223439216614,1.7851555347442627,-0.06493426859378815,1.737019419670105,0.010095166973769665,0.01197060476988554,0.07519122213125229,0.1493232250213623,0.9889628887176514,0.9779232740402222,0.687633752822876,0.694143533706665,0.010730470530688763,0.005072806961834431,0.04225420206785202,0.10560972988605499,3.1478285789489746,10.145597457885742,-0.14624638741430293,-0.04943228173069655,0.0,0.06563119957169428,0.0,1.8092500090681671
44058,44,0.023000340908765793,0.058425500988960266,0.0244478527456522,0.05556109920144081,-0.23636552691459656,1.592839241027832,-0.21681788563728333,1.756831407546997,0.010083632543683052,0.011730614118278027,0.07205433398485184,0.15845271944999695,0.9894611239433289,0.9724245071411133,0.687350869178772,0.6985372304916382,0.010145296342670918,0.004219134338200092,0.04124006628990173,0.11445364356040955,6.852173805236816,18.368865966796875,-0.1613815030800455,-0.05310737776570022,0.0,0.0843509807709921,0.0,1.915932649093066
44059,44,0.021805303171277046,0.07562637329101562,0.022574765607714653,0.07396209239959717,-0.0740697979927063,1.7653977870941162,-0.20975172519683838,1.8519058227539062,0.010073492303490639,0.011519867926836014,0.06713919341564178,0.15304777026176453,0.9897761344909668,0.9666882753372192,0.6872773170471191,0.7034775614738464,0.01014016568660736,0.004078704863786697,0.03848615288734436,0.11370294541120529,5.141775608062744,16.282337188720703,-0.1263600746994996,-0.037155431909486655,0.0,0.10351030726192348,0.0,1.915932649093066
44060,44,0.020905643701553345,0.0930858626961708,0.019998393952846527,0.09212969988584518,-0.08406902104616165,1.7521528005599976,-0.2649300992488861,1.8054935932159424,0.010064582340419292,0.011334898881614208,0.06607735902070999,0.1519763171672821,0.9901288747787476,0.9609638452529907,0.6870405077934265,0.7083691954612732,0.010240775533020496,0.0038404210936278105,0.03739536181092262,0.11429080367088318,3.97371768951416,15.947530746459961,-0.14664551504940532,-0.05954582183621823,0.0,0.12303625156129451,0.0,1.9910610984531851
44061,44,0.01978023163974285,0.11053746193647385,0.01753888837993145,0.1099032536149025,-0.1261121779680252,1.7512036561965942,-0.20641233026981354,1.76248037815094,0.010056751780211926,0.011172517202794552,0.06476473063230515,0.14977103471755981,0.9905057549476624,0.9550265073776245,0.6867631673812866,0.7134038209915161,0.01021407637745142,0.0033056403044611216,0.03666630759835243,0.11549373716115952,4.561796188354492,18.79826545715332,-0.1387593039135382,-0.05666473231278359,0.0,0.14294686254582778,0.0,1.9910610984531982
44062,44,0.01864178292453289,0.1286829113960266,0.016167161986231804,0.12756425142288208,-0.11784990131855011,1.8480371236801147,-0.09488414227962494,1.7558588981628418,0.010049868375062943,0.011029902845621109,0.06250551342964172,0.14687049388885498,0.9908095002174377,0.9487992525100708,0.6865922808647156,0.7186725735664368,0.009988357312977314,0.0028994460590183735,0.03572917357087135,0.1157412901520729,7.189831733703613,18.620616912841797,-0.13231100150171335,-0.04850303928367794,0.0,0.1630265364199532,0.0,2.034635357148537
44063,44,0.017863987013697624,0.14749586582183838,0.01567954011261463,0.14525273442268372,-0.051830779761075974,1.896499514579773,-0.022065211087465286,1.7805229425430298,0.01004381850361824,0.010904639959335327,0.06047731265425682,0.14595483243465424,0.9910402894020081,0.942609429359436,0.6864824295043945,0.723801851272583,0.009964779950678349,0.003102869028225541,0.03456084802746773,0.11548887938261032,5.826618671417236,14.833147048950195,-0.14134041382846524,-0.04783831900916993,0.0,0.18337288999143994,0.0,2.034635357148537
44064,44,0.017187267541885376,0.16572649776935577,0.015414467081427574,0.16299720108509064,-0.055045824497938156,1.7872874736785889,-0.008899007923901081,1.7926112413406372,0.010038497857749462,0.010794622823596,0.05993480607867241,0.14568910002708435,0.9911199808120728,0.936471700668335,0.686460018157959,0.7288166880607605,0.00969955138862133,0.002751705702394247,0.03449542447924614,0.11731967329978943,5.74115514755249,18.856369018554688,-0.14434858158604985,-0.05654287516139448,0.0,0.2037538599150021,0.0,2.046655425179096
44065,44,0.017078189179301262,0.1840379536151886,0.015755902975797653,0.18133503198623657,0.011516151949763298,1.8455007076263428,0.0526425838470459,1.8486117124557495,0.010033834725618362,0.010698163881897926,0.05926356464624405,0.1418469250202179,0.9913216829299927,0.9303184747695923,0.6862995624542236,0.7339072227478027,0.010220237076282501,0.002830414567142725,0.033348795026540756,0.11593395471572876,-0.28654932975769043,17.8953857421875,-0.1223250525143734,-0.05505092485807835,0.0,0.22422041416679456,0.0,2.046655425179109
44066,44,0.016170073300600052,0.20207206904888153,0.01592993550002575,0.1994941681623459,-0.14256377518177032,1.7969070672988892,0.013711105100810528,1.8148895502090454,0.010029735043644905,0.010613384656608105,0.06415633857250214,0.13919101655483246,0.9918901324272156,0.9242438673973083,0.6856032609939575,0.7389097213745117,0.010607889853417873,0.002805144526064396,0.03527962043881416,0.1148909479379654,-1.00968599319458,16.8331241607666,-0.1256080385428537,-0.06515862838365137,0.0,0.24465024661447587,0.0,2.0271213025449013
44067,44,0.014139997772872448,0.21985062956809998,0.01579156331717968,0.21757569909095764,-0.24447442591190338,1.7688534259796143,-0.05109338462352753,1.8057825565338135,0.010026130825281143,0.010538914240896702,0.06088731810450554,0.13486914336681366,0.9926178455352783,0.9180779457092285,0.685035228729248,0.7440052628517151,0.010652171447873116,0.002439295407384634,0.03376419097185135,0.11362410336732864,0.9113168716430664,19.341991424560547,-0.11258780949840105,-0.04055380902253092,0.0,0.2649214596399257,0.0,2.0271213025449146
44068,44,0.0118554113432765,0.23802466690540314,0.014747820794582367,0.23580339550971985,-0.23411479592323303,1.8362445831298828,-0.17884118854999542,1.8167754411697388,0.010022970847785473,0.010473635047674179,0.05549962818622589,0.129623144865036,0.9933648705482483,0.9117668271064758,0.6845847964286804,0.7492279410362244,0.010615097358822823,0.0023056406062096357,0.030884914100170135,0.11087743937969208,2.483835220336914,18.410701751708984,-0.1021784196156173,-0.021489860313013198,0.0,0.2851477210864073,0.0,1.9801716321007514
44069,44,0.0096290810033679,0.2564055025577545,0.012213163077831268,0.2538990080356598,-0.21697500348091125,1.8391419649124146,-0.3167867362499237,1.8038067817687988,0.010020183399319649,0.010416124016046524,0.05051569640636444,0.12613557279109955,0.9940323233604431,0.9053994417190552,0.6842147707939148,0.7544043064117432,0.010461753234267235,0.0021498887799680233,0.028202932327985764,0.1090928316116333,3.647937774658203,18.56814956665039,-0.10777684039637475,-0.018711740178987392,0.0,0.30490805097886725,0.0,1.9760329892459265
44070,44,0.007701792288571596,0.2748600244522095,0.008665786124765873,0.27197182178497314,-0.17708511650562286,1.846946120262146,-0.3823290467262268,1.8089889287948608,0.010017737746238708,0.010365643538534641,0.046033862978219986,0.1226435974240303,0.9944992065429688,0.8991252183914185,0.6840197443962097,0.7594432830810547,0.010053983889520168,0.002436388283967972,0.026106208562850952,0.1064184382557869,7.412204742431641,14.08724594116211,-0.10408720161726476,-0.017022629985585812,0.0,0.32466838087132777,0.0,1.9394388932179145
44071,44,0.006545394659042358,0.2926766574382782,0.004740067292004824,0.28997737169265747,-0.06841318309307098,1.7353119850158691,-0.3748662769794464,1.7934062480926514,0.010015588253736496,0.010321267880499363,0.04249029606580734,0.11953585594892502,0.9950883388519287,0.8931945562362671,0.6836297512054443,0.7641740441322327,0.010872756130993366,0.0026322780176997185,0.0230107381939888,0.10423441231250763,-3.6597704887390137,17.425317764282227,-0.10290416118199314,-0.019305571448057897,0.0,0.34361221275165393,0.0,1.8933904852821584
44072,44,0.004268470220267773,0.30960625410079956,0.0012948663206771016,0.307290643453598,-0.31895095109939575,1.681403636932373,-0.28285926580429077,1.7029991149902344,0.010013698600232601,0.01028226688504219,0.04129495099186897,0.11375781893730164,0.9960238933563232,0.8872588872909546,0.6828507781028748,0.7690001130104065,0.010865534655749798,0.0024741850793361664,0.022233977913856506,0.10078777372837067,2.2139930725097656,16.6031551361084,-0.08252710795821913,-0.03342447409406305,0.0,0.3625461176044769,0.0,1.8933904852821584
44073,44,0.0014043599367141724,0.3266349136829376,-0.000699128897394985,0.32441991567611694,-0.2875670790672302,1.6996521949768066,-0.16449791193008423,1.6976301670074463,0.010012035258114338,0.010247986763715744,0.037192992866039276,0.10716897994279861,0.9968985915184021,0.8812547326087952,0.6822400689125061,0.7739108204841614,0.010729440487921238,0.002264023292809725,0.020234381780028343,0.09640762209892273,3.3414769172668457,18.58222007751465,-0.07104315091854266,0.008624670580029484,0.0,0.3804659695263191,0.0,1.7791937906536368
44074,44,-0.0012063980102539062,0.3438880145549774,-0.0020675177220255136,0.3412834405899048,-0.24820877611637115,1.7325407266616821,-0.1318335235118866,1.6674734354019165,0.010010572150349617,0.010217870585620403,0.033663369715213776,0.10163404792547226,0.997931182384491,0.8754238486289978,0.6814601421356201,0.7786003351211548,0.011152580380439758,0.002763363067060709,0.017721625044941902,0.09115816652774811,-1.1863315105438232,14.060149192810059,-0.07082141810141135,0.009617223143577575,0.0,0.39825790743285616,0.0,1.7791937906536368
44075,44,-0.004638161975890398,0.36014890670776367,-0.003946731332689524,0.3572746217250824,-0.37458425760269165,1.581583023071289,-0.20467647910118103,1.581250786781311,0.010009288787841797,0.010191436856985092,0.03061995469033718,0.09770610183477402,0.9990135431289673,0.8697719573974609,0.6806304454803467,0.7831105589866638,0.01095530390739441,0.002531386213377118,0.016234446316957474,0.08847157657146454,1.0374140739440918,17.28269386291504,-0.07555375609582493,0.00895912155508995,0.0,0.41490134587089567,0.0,1.6334429053603086
44076,44,-0.007908870466053486,0.3763294517993927,-0.006057267542928457,0.3732839524745941,-0.30457037687301636,1.6265695095062256,-0.2471693456172943,1.5963718891143799,0.03157258778810501,0.010168193839490414,0.02798529528081417,0.0907968208193779,0.9971541166305542,0.8642281293869019,0.6797349452972412,0.7875640988349915,0.029499581083655357,0.0029665690381079912,0.014492691494524479,0.08258472383022308,-0.5936050415039062,13.223054885864258,-0.05134128939129509,0.034871734948828816,0.0,0.4312357749245,0.0,1.633442905360335
44077,44,-0.011260686442255974,0.3917176127433777,-0.009382332675158978,0.38875526189804077,-0.32552096247673035,1.4995698928833008,-0.37377506494522095,1.5301156044006348,0.031507961452007294,0.010147787630558014,0.02570362761616707,0.08608277142047882,0.9976163506507874,0.8590078949928284,0.6789020895957947,0.7917340397834778,0.03213391453027725,0.0031379410065710545,0.013463282026350498,0.07820452749729156,0.10854244232177734,13.619291305541992,-0.05872747560648134,0.031069247229024762,0.0,0.446396542484307,0.0,1.4628495935163963
44078,44,-0.014243308454751968,0.4063865840435028,-0.01341187208890915,0.40378278493881226,-0.2786113917827606,1.4375370740890503,-0.42403751611709595,1.4723478555679321,0.03974064067006111,0.01012985035777092,0.023721711710095406,0.07936269044876099,0.9974187612533569,0.8539105653762817,0.6782785058021545,0.7958611249923706,0.038549285382032394,0.00313014630228281,0.012556744739413261,0.07300299406051636,1.219480037689209,15.317730903625488,-0.039810714617161985,0.04114068075083195,0.0,0.46102503841947134,0.0,1.4628495935163697
44079,44,-0.016566285863518715,0.42079031467437744,-0.017577214166522026,0.4182601869106293,-0.20254670083522797,1.4355238676071167,-0.40748393535614014,1.415820598602295,0.04026465490460396,0.010114086791872978,0.021997792646288872,0.07247205823659897,0.997887372970581,0.8489763140678406,0.677631676197052,0.7998602390289307,0.040685780346393585,0.0034471850376576185,0.01136772334575653,0.06677805632352829,-2.0209014415740967,13.280248641967773,-0.031203791543507303,0.04035435534082353,0.0,0.47466225315573274,0.0,1.2942609115783388
44080,44,-0.019116099923849106,0.43449926376342773,-0.02149246446788311,0.4317531883716583,-0.27811601758003235,1.338883876800537,-0.346198171377182,1.3152738809585571,0.03943251818418503,0.010100242681801319,0.020497344434261322,0.06683504581451416,0.9989252090454102,0.8444634079933167,0.6767552495002747,0.8034796118736267,0.04086873680353165,0.004069871734827757,0.01023872196674347,0.06088806316256523,-3.396409749984741,9.253506660461426,-0.032487762649455215,0.033921932233497494,0.0,0.487604862271517,0.0,1.2942609115783388
44081,44,-0.022508660331368446,0.446825236082077,-0.02465405873954296,0.44428202509880066,-0.3658178150653839,1.1699751615524292,-0.27259206771850586,1.2198905944824219,0.04898663982748985,0.010088086128234863,0.0191902294754982,0.0602988563477993,0.9989904165267944,0.8403883576393127,0.6758057475090027,0.8068338632583618,0.048133768141269684,0.004321360029280186,0.009548214264214039,0.05509521812200546,-1.4879488945007324,10.319418907165527,-0.0197793980960691,0.05073927986435592,0.0,0.49976731382613976,0.0,1.1343886236603582
44082,44,-0.025906214490532875,0.4582116901874542,-0.026916619390249252,0.4561503231525421,-0.3272853493690491,1.0994983911514282,-0.20401015877723694,1.1414128541946411,0.0674537643790245,0.0100774010643363,0.01804932951927185,0.05342017859220505,0.9978953003883362,0.8365659713745117,0.674857497215271,0.8100138306617737,0.06379866600036621,0.0045457505621016026,0.008885487914085388,0.04901929199695587,-2.7097713947296143,11.30620002746582,0.004878456306669915,0.0711298435088247,0.0,0.5111112000627438,0.0,1.1343886236603318
44083,44,-0.029147272929549217,0.46889516711235046,-0.028907503932714462,0.466946005821228,-0.3127461373806,1.0409315824508667,-0.19917435944080353,1.0247184038162231,0.07170421630144119,0.014720415696501732,0.017055172473192215,0.047588247805833817,0.9978061318397522,0.8323563933372498,0.6740426421165466,0.813019871711731,0.07041986286640167,0.007918483577668667,0.008619245141744614,0.04381096363067627,-1.779247522354126,11.546039581298828,0.015465041294362075,0.07266320626251399,0.0,0.5218686195878877,0.0,0.9832327297624018
44084,44,-0.031823620200157166,0.4791356325149536,-0.031001001596450806,0.4767231345176697,-0.228823721408844,1.0037468671798706,-0.22889594733715057,0.932955265045166,0.07652182132005692,0.022615868598222733,0.01618376187980175,0.04259134829044342,0.9977278113365173,0.827826738357544,0.6736783981323242,0.8158589005470276,0.07361103594303131,0.013938648626208305,0.008749254047870636,0.03926583379507065,2.356135845184326,10.536231994628906,0.023803878940366285,0.0775473868008703,0.0,0.5317009468855123,0.0,0.9832327297624018
44085,44,-0.032922372221946716,0.4889901280403137,-0.033274322748184204,0.485851913690567,-0.028464829549193382,0.9571632146835327,-0.2367713898420334,0.8861077427864075,0.07572566717863083,0.028075534850358963,0.015422591008245945,0.03831448033452034,0.9977319240570068,0.8237629532814026,0.673692524433136,0.8184820413589478,0.07348395138978958,0.018613800406455994,0.008527903817594051,0.03535248339176178,-0.6809520721435547,10.880560874938965,0.02898464138182877,0.07094819135032594,0.0,0.5411230655333381,0.0,0.8407932298844696
44086,44,-0.032960064709186554,0.4982105493545532,-0.03544259071350098,0.49439874291419983,0.024753062054514885,0.8995335698127747,-0.1646825075149536,0.8386457562446594,0.0711803212761879,0.033403389155864716,0.014755773358047009,0.03463204205036163,0.9981246590614319,0.8199806213378906,0.6736743450164795,0.8209269642829895,0.07113394141197205,0.022954976186156273,0.007921514101326466,0.032014150172472,-5.309906005859375,11.147441864013672,0.03428988019908652,0.04375030905939639,0.0,0.5495309978321831,0.0,0.8407932298844696
44087,44,-0.03329773247241974,0.5068628787994385,-0.03645962104201317,0.502515435218811,-0.06260812282562256,0.8535181283950806,-0.03190726414322853,0.8070529699325562,0.06630746275186539,0.04069975018501282,0.014172306284308434,0.03145856410264969,0.99881511926651,0.8161035776138306,0.6736369132995605,0.8233104944229126,0.06638619303703308,0.028177645057439804,0.00777411600574851,0.029261238873004913,-1.8175065517425537,10.589070320129395,0.04199612209456302,0.03650221158750355,0.0,0.557687546754851,0.0,0.7070701240266409
44088,44,-0.033513620495796204,0.515438973903656,-0.0359954796731472,0.5107701420783997,-0.001984948292374611,0.8517678380012512,0.09256529808044434,0.828819215297699,0.06416700035333633,0.04592686519026756,0.013661209493875504,0.028715070337057114,0.9992793202400208,0.8125342130661011,0.6736677289009094,0.8255069255828857,0.06319968402385712,0.03279752656817436,0.007497919257730246,0.026575936004519463,-2.3070335388183594,7.979788780212402,0.04689308928189309,0.050947679495438936,0.0,0.5647582479951174,0.0,0.707070124026588
44089,44,-0.03357822820544243,0.523362934589386,-0.034931860864162445,0.5187894105911255,0.0034286389127373695,0.7586979866027832,0.1250872015953064,0.7862544059753418,0.061226170510053635,0.045810189098119736,0.01321298349648714,0.02633632719516754,0.9995861649513245,0.8098082542419434,0.6737997531890869,0.8274710774421692,0.05995048210024834,0.03395385295152664,0.0074747600592672825,0.02419276349246502,-0.44807910919189453,5.8062005043029785,0.045050463020695625,0.042956251772120584,0.0,0.5717189583447877,0.0,0.5921901535381006
44090,44,-0.03315962105989456,0.5303897261619568,-0.03355547785758972,0.5263515710830688,0.07181777060031891,0.6512961983680725,0.1394154131412506,0.7202007174491882,0.058708492666482925,0.05428189039230347,0.01282016932964325,0.024272441864013672,0.9997918009757996,0.8068351745605469,0.6739745140075684,0.8290952444076538,0.057509079575538635,0.04017462581396103,0.00713387131690979,0.021941130980849266,-4.308117866516113,5.214505195617676,0.05588782076032728,0.042944993674755086,0.0,0.5775395924666755,0.0,0.582063412188757
44091,44,-0.03275327384471893,0.5362035036087036,-0.03234647214412689,0.5328961610794067,0.03527916967868805,0.5403572916984558,0.1188075989484787,0.6081607937812805,0.05513089522719383,0.0678076446056366,0.012476066127419472,0.022480303421616554,1.0001188516616821,0.8035498857498169,0.6740848422050476,0.8306090235710144,0.05456465482711792,0.049286291003227234,0.0068840268068015575,0.02056156098842621,-5.7563042640686035,9.290887832641602,0.07064518410270053,0.03251260205172001,0.0,0.5833602265885636,0.0,0.530570066110839
44092,44,-0.03251894190907478,0.5419295430183411,-0.031211083754897118,0.538632333278656,0.007834757678210735,0.5890906453132629,0.09320343285799026,0.5365242958068848,0.0527876578271389,0.08260936290025711,0.01217444147914648,0.020921336486935616,1.0004398822784424,0.8000540137290955,0.6741785407066345,0.8321002721786499,0.051749058067798615,0.05989159271121025,0.006808862090110779,0.019092267379164696,-2.3058390617370605,6.0079264640808105,0.08603843316557006,0.037835763236507766,0.0,0.5880319263392187,0.0,0.46577309437097664
44093,44,-0.03223305940628052,0.5475943684577942,-0.030648352578282356,0.5437049269676208,0.045723311603069305,0.5455681085586548,0.017780214548110962,0.48587766289711,0.0513489656150341,0.08188477903604507,0.011909455060958862,0.01956072449684143,1.00057852268219,0.7977978587150574,0.6743106842041016,0.833457350730896,0.05003277584910393,0.06263327598571777,0.006616631522774696,0.01781882531940937,-3.7358450889587402,5.586438179016113,0.07760701547678608,0.04213414000347256,0.0,0.5926896572829289,0.0,0.46577309437097664
44094,44,-0.03188859671354294,0.5527204275131226,-0.030877457931637764,0.5483248233795166,0.028337938711047173,0.48824790120124817,-0.04869149997830391,0.44781097769737244,0.04935522750020027,0.08178375661373138,0.011676923371851444,0.018373671919107437,1.0007327795028687,0.7960244417190552,0.6744107007980347,0.8347904682159424,0.04831822216510773,0.06256560981273651,0.0064666420221328735,0.016863472759723663,-3.874812126159668,7.406277656555176,0.08118667548037455,0.036523753097280856,0.0,0.5963921447051075,0.0,0.35819917057324685
44095,44,-0.03161722421646118,0.5576956868171692,-0.03142740577459335,0.5528311133384705,0.017789427191019058,0.49582439661026,-0.06283675879240036,0.44883623719215393,0.04797763004899025,0.08655945956707001,0.011472633108496666,0.017336055636405945,1.0008509159088135,0.7939192652702332,0.6745336651802063,0.8361025452613831,0.04659935086965561,0.06514720618724823,0.006460645701736212,0.015929965302348137,-1.2769293785095215,6.69917106628418,0.08764164606274812,0.03908040557987988,0.0,0.59997413641084,0.0,0.35819917057324685
44096,44,-0.031192172318696976,0.5626223683357239,-0.03195054456591606,0.5574187636375427,0.054892607033252716,0.4834231734275818,-0.044902242720127106,0.4604405462741852,0.04701249301433563,0.08604815602302551,0.011293455958366394,0.016430076211690903,1.0009896755218506,0.7922365665435791,0.6745231747627258,0.8371930718421936,0.04617680236697197,0.06661298871040344,0.006026638206094503,0.014816563576459885,-5.013345718383789,3.8547563552856445,0.08306229475181916,0.04075228179804981,0.0,0.6027771426567027,0.0,0.25934164079556765
44097,44,-0.031422581523656845,0.5666611790657043,-0.03253112733364105,0.5616012811660767,-0.06242116168141365,0.36419734358787537,-0.04062243551015854,0.4008080065250397,0.04540795832872391,0.08532746136188507,0.011136180721223354,0.015637928619980812,1.0011879205703735,0.7909446954727173,0.6745579242706299,0.8381862044334412,0.044203855097293854,0.06640268117189407,0.006293861195445061,0.014064053073525429,1.203608512878418,3.941030502319336,0.08111091182260147,0.03496054447256028,0.0,0.6053705590646583,0.0,0.25934164079551475
44098,44,-0.031163515523076057,0.5703341364860535,-0.03231970965862274,0.5657175183296204,0.06872759014368057,0.3452202081680298,0.04600444436073303,0.3912658989429474,0.05231642723083496,0.09367065876722336,0.010998099111020565,0.014944836497306824,1.0004682540893555,0.7892557978630066,0.6746041774749756,0.8389323949813843,0.04939496889710426,0.07190187275409698,0.0059509556740522385,0.013166422955691814,-4.030309677124023,3.4866690635681152,0.0956773300064232,0.05364687982015311,0.0,0.607343815286365,0.0,0.16920050503783327
44099,44,-0.03111785277724266,0.5731290578842163,-0.031982023268938065,0.5689467787742615,-0.01744510978460312,0.24807526171207428,0.04866259917616844,0.2838231027126312,0.049857255071401596,0.09501513838768005,0.010876739397644997,0.014337494969367981,1.0006208419799805,0.7881767749786377,0.6744123697280884,0.8393934965133667,0.04964833706617355,0.0755714476108551,0.005676468834280968,0.012215886265039444,-5.345340728759766,0.1755976676940918,0.09533602925647341,0.034079705355688925,0.0,0.609035820336744,0.0,0.16920050503783327
44100,44,-0.0318257212638855,0.5747560858726501,-0.03161383792757988,0.5711091160774231,-0.09950947761535645,0.10689437389373779,0.03865591436624527,0.1711335927248001,0.04954519495368004,0.10505928099155426,0.01077010203152895,0.013805213384330273,1.0009428262710571,0.7869789004325867,0.6742438673973083,0.8397459387779236,0.048576720058918,0.08167590200901031,0.005797730293124914,0.011820776388049126,-3.022029399871826,3.9917683601379395,0.10748680312400857,0.04753664190880954,0.0,0.6102490576864553,0.0,0.08777576330025526
44101,44,-0.03237004578113556,0.5761479139328003,-0.031059423461556435,0.5726551413536072,-0.04109141603112221,0.138189896941185,0.035417284816503525,0.11674871295690536,0.05988050997257233,0.12308324873447418,0.01067653764039278,0.013339291326701641,0.9999830722808838,0.7851030230522156,0.6742169260978699,0.8400801420211792,0.05568747967481613,0.09311967343091965,0.00590516859665513,0.011430877260863781,-1.2264347076416016,4.259078502655029,0.12789281017483264,0.06189854848198592,0.0,0.6111268153194579,0.0,0.08777576330025526
44102,44,-0.03232020139694214,0.5776110291481018,-0.03098609670996666,0.573563814163208,0.03842972218990326,0.14796563982963562,-0.02321939915418625,0.06834408640861511,0.05919196829199791,0.12293915450572968,0.010594411753118038,0.0129311578348279,0.9996728897094727,0.7841624617576599,0.6742633581161499,0.8402747511863708,0.05715157091617584,0.09805387258529663,0.005864372011274099,0.010853157378733158,-2.927126884460449,1.0422635078430176,0.1221707618774988,0.05487188919447361,0.0,0.6116497649493343,0.0,0.015067415582674975
44103,44,-0.03209562972187996,0.5784186720848083,-0.03172477334737778,0.5738272070884705,0.023916713893413544,0.04132562130689621,-0.09657721221446991,0.007422570139169693,0.05704022943973541,0.1222800761461258,0.010522260330617428,0.012573223561048508,0.9997993111610413,0.7839698791503906,0.6742963790893555,0.8403173685073853,0.055983513593673706,0.09944026172161102,0.005743050016462803,0.010378462262451649,-4.635380744934082,0.8988165855407715,0.11876330652442321,0.0434904337208718,0.0,0.6118004391051612,0.0,0.015067415582674975
44104,44,-0.032047420740127563,0.5784857869148254,-0.03272799402475357,0.5737425684928894,-0.00950368121266365,-0.01986094005405903,-0.09042496234178543,-0.02115863561630249,0.05551280081272125,0.13116097450256348,0.010458803735673428,0.012258912436664104,1.000016212463379,0.7834783792495728,0.6743072271347046,0.8403176665306091,0.05441422387957573,0.1041264459490776,0.005706277210265398,0.010117589496076107,-3.631012439727783,3.0252861976623535,0.1336144927554754,0.0458601542096585,0.0,0.6117028321673629,0.0,-0.04892453811485471
44105,44,-0.0320434533059597,0.5784816145896912,-0.03320720046758652,0.5735763907432556,-0.007181781344115734,0.001156449317932129,-0.021876171231269836,-0.02420135587453842,0.054954852908849716,0.13983529806137085,0.010403074324131012,0.01198325864970684,1.0000876188278198,0.7827572226524353,0.6744047999382019,0.8402833938598633,0.053071245551109314,0.11067797243595123,0.005885266698896885,0.009824423119425774,-0.18937230110168457,1.504831314086914,0.14233431253471557,0.051417743926867834,0.0,0.6112135867862145,0.0,-0.048924538114801845
44106,44,-0.031638000160455704,0.5784070491790771,-0.033050861209630966,0.5733315944671631,0.06522632390260696,-0.020354481413960457,0.0384037047624588,-0.031784288585186005,0.054512277245521545,0.13962268829345703,0.010354124009609222,0.011741423979401588,1.0000309944152832,0.7826229333877563,0.6745296120643616,0.840063750743866,0.052678972482681274,0.11436334252357483,0.0057649193331599236,0.009380708448588848,-2.4653100967407227,-0.9354078769683838,0.13853485486942407,0.05170239314436912,0.0,0.6105651544329017,0.0,-0.10420009779233382
44107,44,-0.03127852827310562,0.5775295495986938,-0.032636601477861404,0.5725976228713989,0.03358689695596695,-0.12109006941318512,0.063462033867836,-0.0925290659070015,0.05263426527380943,0.14025940001010895,0.010311152786016464,0.011529351584613323,1.0002272129058838,0.7829095125198364,0.6744531989097595,0.8397846817970276,0.05223296582698822,0.11559727042913437,0.0053708250634372234,0.009288868866860867,-8.377588272094727,3.06978702545166,0.14044894543010716,0.04066303106956184,0.0,0.6095231534549783,0.0,-0.10420009779233382
44108,44,-0.03174632415175438,0.576448917388916,-0.03190505504608154,0.5714454650878906,-0.10823272913694382,-0.09215272217988968,0.08583887666463852,-0.12602342665195465,0.05164524167776108,0.15205539762973785,0.010273396968841553,0.011343198828399181,1.00075101852417,0.7827462553977966,0.674083948135376,0.8393127918243408,0.05147135257720947,0.12350989878177643,0.005236088763922453,0.008515729568898678,-4.323375225067139,-5.2049994468688965,0.15567251110221633,0.04531557190231979,0.0,0.6083936268383116,0.0,-0.15075926344976232
44109,44,-0.03303883969783783,0.5744118690490723,-0.03137820586562157,0.5697898864746094,-0.13441967964172363,-0.27110564708709717,0.018192239105701447,-0.19002409279346466,0.06552009284496307,0.15189309418201447,0.010240182280540466,0.011179554276168346,0.9998320937156677,0.783267080783844,0.6736850142478943,0.8385154008865356,0.06148279085755348,0.12899774312973022,0.005163824185729027,0.008166179060935974,-5.233428478240967,-4.015618324279785,0.15108673050407972,0.068159034056589,0.0,0.6068860342038136,0.0,-0.15075926344976232
44110,44,-0.03433492034673691,0.5713263154029846,-0.03175870329141617,0.5674945712089539,-0.12390442192554474,-0.34350496530532837,-0.09143523871898651,-0.27073904871940613,0.07359780371189117,0.1726766675710678,0.010211052373051643,0.011036144569516182,0.9989354014396667,0.7832736372947693,0.6734315752983093,0.8377682566642761,0.06944620609283447,0.1389818787574768,0.00544716976583004,0.008368710055947304,-3.5763120651245117,1.881411075592041,0.17954065197266478,0.07533288451842964,0.0,0.605345144475953,0.0,-0.1855364080125649
44111,44,-0.0349164679646492,0.568629801273346,-0.032823167741298676,0.5647311806678772,-0.02733190543949604,-0.22994843125343323,-0.13941903412342072,-0.30235597491264343,0.07643139362335205,0.18811912834644318,0.010185427963733673,0.01091008260846138,0.998503565788269,0.7828976511955261,0.6733231544494629,0.8370020985603333,0.07323701679706573,0.15198838710784912,0.005500737112015486,0.008058957755565643,-3.114640712738037,-2.8549718856811523,0.193442272470273,0.0770344555657357,0.0,0.6034591241250812,0.0,-0.1886020350871931
44112,44,-0.03515854850411415,0.5658333897590637,-0.034724414348602295,0.5612789988517761,-0.008088096976280212,-0.30011576414108276,-0.21093232929706573,-0.3586578071117401,0.07471597194671631,0.18643881380558014,0.01016294490545988,0.010799534618854523,0.9983401298522949,0.7831467986106873,0.6735594272613525,0.8366361856460571,0.07186819612979889,0.1534283608198166,0.005926069337874651,0.008854975923895836,-1.585761308670044,7.965233325958252,0.17868864597003972,0.06441000268794596,0.0,0.6015731037742094,0.0,-0.2014991934301282
44113,44,-0.034180670976638794,0.5648274421691895,-0.03606272488832474,0.5586679577827454,0.13051408529281616,0.002486787736415863,-0.093110591173172,-0.20399095118045807,0.07300945371389389,0.1898810714483261,0.010143187828361988,0.010702438652515411,0.9982309937477112,0.78304523229599,0.6738565564155579,0.836816132068634,0.07058458775281906,0.1512640118598938,0.005739073734730482,0.009284788742661476,-4.084303379058838,8.572239875793457,0.19113031657665802,0.06271076346747577,0.0,0.5993993183111418,0.0,-0.2177284127045204
44114,44,-0.033269114792346954,0.565669059753418,-0.036411285400390625,0.5575850605964661,0.06630514562129974,0.15917402505874634,0.030024245381355286,-0.0011058561503887177,0.06844199448823929,0.1817338913679123,0.010125827975571156,0.010617154650390148,0.998544454574585,0.7828794717788696,0.6738992929458618,0.837198793888092,0.0680319294333458,0.14726337790489197,0.00549875246360898,0.00929498951882124,-5.083913803100586,2.9793620109558105,0.14404515256098885,0.04064829449169338,0.0,0.5972220341840963,0.0,-0.21772841270457324
44115,44,-0.03323781490325928,0.5670696496963501,-0.03582848235964775,0.5583390593528748,-0.018793080002069473,0.16526086628437042,0.10306280851364136,0.1603645533323288,0.06574098765850067,0.17004692554473877,0.010110585950314999,0.010542306117713451,0.9989668726921082,0.7830355763435364,0.6739093065261841,0.8376561999320984,0.06472646445035934,0.1397867649793625,0.005604956299066544,0.009218500927090645,-2.2248470783233643,-0.09799957275390625,0.11472567617672079,0.049121905369684096,0.0,0.5948635118543562,0.0,-0.23813839630184996
44116,44,-0.03319348767399788,0.5686677098274231,-0.03446968272328377,0.5604514479637146,0.02644868567585945,0.16244879364967346,0.15960371494293213,0.24544548988342285,0.0652872622013092,0.15920791029930115,0.010097174905240536,0.010476462543010712,0.9991177916526794,0.7834315299987793,0.6739641427993774,0.8379432559013367,0.06337746977806091,0.13286711275577545,0.005571200046688318,0.00882243737578392,-3.057260513305664,-4.032315254211426,0.10675695174487534,0.06248879573307931,0.0,0.5924821278913375,0.0,-0.23813839630184996
44117,44,-0.03306488320231438,0.5695019960403442,-0.03302319347858429,0.5625937581062317,0.023496542125940323,0.0413287878036499,0.14675262570381165,0.19397850334644318,0.06403309851884842,0.14917518198490143,0.0100853918120265,0.010418632067739964,0.9990896582603455,0.7841405868530273,0.6741771697998047,0.8380143046379089,0.0616067610681057,0.12631040811538696,0.005871335975825787,0.0085360212251544,-0.7127737998962402,-4.370364189147949,0.0994624040898228,0.056277746176347135,0.0,0.5900085998470853,0.0,-0.24983198587912894
44118,44,-0.032229285687208176,0.5695067644119263,-0.03156137093901634,0.5641900897026062,0.1269744485616684,-0.043125249445438385,0.131704181432724,0.1151016429066658,0.06307458132505417,0.14292258024215698,0.010075045749545097,0.010367856360971928,0.9988033175468445,0.7849805951118469,0.6746405363082886,0.8378836512565613,0.0599665530025959,0.12128567695617676,0.006067485082894564,0.008306906558573246,-1.4271485805511475,-2.7061140537261963,0.11132535850226014,0.057124656429514295,0.0,0.5875102799882939,0.0,-0.24983198587907607
44119,44,-0.030599597841501236,0.5687865018844604,-0.030393559485673904,0.5647739171981812,0.1911795437335968,-0.10405738651752472,0.10399143397808075,0.0013232333585619926,0.05997174605727196,0.13905678689479828,0.010065960697829723,0.0103232953697443,0.9986149072647095,0.7857637405395508,0.6750921607017517,0.8377183079719543,0.05806628614664078,0.11709538847208023,0.00583950150758028,0.008401141501963139,-6.67363166809082,2.575976848602295,0.11925601639264619,0.04057636114768685,0.0,0.5849914773816897,0.0,-0.25280918143635733
44120,44,-0.02919851243495941,0.5680649280548096,-0.029434984549880028,0.5642589330673218,0.09835412353277206,-0.05458110570907593,0.09613477438688278,-0.0959845557808876,0.05564390495419502,0.1367843598127365,0.010057982057332993,0.010284151881933212,0.9988192915916443,0.786309540271759,0.6753364205360413,0.8375861644744873,0.05481602996587753,0.11432948708534241,0.005705283489078283,0.00828664842993021,-4.818310737609863,0.49401044845581055,0.12505371605332036,0.028298213137313732,0.0,0.5824633855673258,0.0,-0.2528091814364102
44121,44,-0.02841699868440628,0.5673887729644775,-0.028453445062041283,0.5630427598953247,0.05533483996987343,-0.08070364594459534,0.09634409844875336,-0.13850796222686768,0.053517140448093414,0.13314802944660187,0.010050948709249496,0.010249665938317776,0.999013364315033,0.7868626117706299,0.6755098700523376,0.8374149203300476,0.05224332958459854,0.11188767105340958,0.005665541160851717,0.008237031288444996,-4.002852439880371,1.4681458473205566,0.1143248117876779,0.04000382560305298,0.0,0.5799690395505301,0.0,-0.24706998297353513
44122,44,-0.027868380770087242,0.5666355490684509,-0.027443820610642433,0.5617039799690247,0.045816611498594284,-0.08178821206092834,0.09255227446556091,-0.1351555585861206,0.05242684856057167,0.13020819425582886,0.010044774040579796,0.010219390504062176,0.9991501569747925,0.787481427192688,0.6755454540252686,0.8371535539627075,0.05128037929534912,0.10998635739088058,0.005457088351249695,0.008081204257905483,-5.586451530456543,0.8831977844238281,0.11485629467932482,0.04546203061006963,0.0,0.5774983397207945,0.0,-0.24706998297353513
44123,44,-0.027851490303874016,0.5655086636543274,-0.02683894708752632,0.5602472424507141,-0.02550416998565197,-0.13106489181518555,0.03677738830447197,-0.14734402298927307,0.05160432308912277,0.12727366387844086,0.010039335116744041,0.010192731395363808,0.9993246793746948,0.7881839871406555,0.6754884123802185,0.8368685841560364,0.05044615641236305,0.10771423578262329,0.005477918777614832,0.008092328906059265,-3.9618396759033203,2.3360133171081543,0.11189436348672435,0.04634989666752517,0.0,0.5750981814459675,0.0,-0.2326143904907152
44124,44,-0.02803625352680683,0.5643223524093628,-0.026645075529813766,0.5589283108711243,-0.016016030684113503,-0.11321049183607101,-0.0060974713414907455,-0.12696482241153717,0.056597426533699036,0.12564417719841003,0.01003456674516201,0.01016935519874096,0.9989039301872253,0.7888372540473938,0.6754477620124817,0.8365291357040405,0.053840868175029755,0.10643734782934189,0.005495775956660509,0.007923534139990807,-2.579479217529297,0.20205974578857422,0.11703261594603037,0.05757126276381313,0.0,0.5727720375410603,0.0,-0.23261439049066232
44125,44,-0.028116002678871155,0.5628867149353027,-0.027081526815891266,0.5575714707374573,0.002690667752176523,-0.1691771149635315,-0.07176093757152557,-0.14436452090740204,0.05700404942035675,0.12353648245334625,0.010030370205640793,0.010148778557777405,0.9987345337867737,0.789577841758728,0.6754032373428345,0.8361431956291199,0.05531434714794159,0.10500369966030121,0.0053747897036373615,0.008005378767848015,-5.046501159667969,3.0573558807373047,0.11237886859271694,0.05707829338498412,0.0,0.5705357981603626,0.0,-0.2094424039877918
44126,44,-0.028286008164286613,0.5613617897033691,-0.02796425111591816,0.5560711026191711,-0.03191782906651497,-0.14435729384422302,-0.0982712134718895,-0.1559971272945404,0.05672945827245712,0.1229093074798584,0.010026688687503338,0.010130738839507103,0.9987694621086121,0.7901591658592224,0.675377607345581,0.8359031081199646,0.05505719035863876,0.10311423987150192,0.005522566381841898,0.00813278928399086,-2.815195322036743,4.754397869110107,0.11956738211390347,0.054994106977246694,0.0,0.5684413741204845,0.0,-0.20944240398784464
44127,44,-0.028299512341618538,0.5604065656661987,-0.02877499908208847,0.5547732710838318,0.004552466794848442,-0.07284077256917953,-0.0781998485326767,-0.11808890849351883,0.06036010757088661,0.12166015803813934,0.010023454204201698,0.010114884935319424,0.9983548521995544,0.790521502494812,0.6754661202430725,0.8357831239700317,0.05727729573845863,0.10144812613725662,0.0056625609286129475,0.008227920159697533,-0.6478762626647949,4.518246650695801,0.11499062064271186,0.06109111263416707,0.0,0.5664387847860761,0.0,-0.17755402346492352
44128,44,-0.02789396233856678,0.5599225163459778,-0.02929573878645897,0.5538780689239502,0.06491059809923172,-0.03444758057594299,-0.029199976474046707,-0.06852100789546967,0.05978729948401451,0.11867158859968185,0.0100206034258008,0.010100916028022766,0.998258113861084,0.7908972501754761,0.6754273176193237,0.8356737494468689,0.05849037319421768,0.09960068017244339,0.005307402461767197,0.008244117721915245,-6.515913009643555,4.922239780426025,0.10270764363420275,0.05621356685645878,0.0,0.5646632445514271,0.0,-0.17755402346487065
44129,44,-0.028168294578790665,0.5594660043716431,-0.029563412070274353,0.5531486868858337,-0.0711791142821312,-0.034690700471401215,-0.0018265079706907272,-0.05498305335640907,0.05801687017083168,0.11490871757268906,0.010018104687333107,0.010088670067489147,0.9985880255699158,0.7913155555725098,0.6752457022666931,0.8356578350067139,0.057366009801626205,0.09637250006198883,0.00534109165892005,0.008305893279612064,-3.7341701984405518,4.1048455238342285,0.09457917760513204,0.04690662640146911,0.0,0.5629640364154687,0.0,-0.13694924892189891
44130,44,-0.028762459754943848,0.5593240857124329,-0.029232719913125038,0.5529760122299194,-0.059862058609724045,-0.0037123747169971466,0.04726698249578476,0.006822563707828522,0.06664136052131653,0.11149085313081741,0.010015911422669888,0.01007792353630066,0.9981810450553894,0.7916362285614014,0.6748558878898621,0.8357477188110352,0.06414840370416641,0.09270735085010529,0.004880097229033709,0.008538049645721912,-9.334060668945312,7.566642761230469,0.09283225535077451,0.06843211363069712,0.0,0.5615945439262497,0.0,-0.13694924892189891
44131,44,-0.03026008792221546,0.5596953630447388,-0.02894403226673603,0.55316561460495,-0.20542924106121063,0.07366129010915756,0.00954244751483202,0.04284524917602539,0.06817317008972168,0.10754889994859695,0.010013984516263008,0.010068478062748909,0.9981265664100647,0.7917534708976746,0.6745738983154297,0.8359917998313904,0.06571386754512787,0.08897209167480469,0.005536460317671299,0.008486312814056873,2.057328224182129,2.619600296020508,0.08583603948390715,0.0684981348272413,0.0,0.5602684481409015,0.0,-0.09162356755906952
44132,44,-0.03080819733440876,0.5604954957962036,-0.028973333537578583,0.5541439652442932,0.03417535871267319,0.06777492165565491,-0.04674456641077995,0.11428970098495483,0.08919668942689896,0.10209590941667557,0.010012287646532059,0.010060173459351063,0.9962974190711975,0.7921340465545654,0.674547553062439,0.8359025120735168,0.08029206097126007,0.08709652721881866,0.005446178372949362,0.007999314926564693,-3.2497096061706543,-1.273806095123291,0.0717288095740462,0.09393367028795183,0.0,0.5593921673373128,0.0,-0.0876280803588766
44133,44,-0.03079339861869812,0.5599610209465027,-0.030278369784355164,0.5545849204063416,0.021552616730332375,-0.11380895227193832,-0.15265560150146484,0.010317917913198471,0.0848810151219368,0.09715168923139572,0.010010795667767525,0.010052883997559547,0.9957484006881714,0.7926833629608154,0.6746386289596558,0.8361271023750305,0.08264599740505219,0.08048747479915619,0.005563258659094572,0.008919059298932552,-7.975068092346191,14.620766639709473,0.06921934554671492,0.059705363092944025,0.0,0.5585158865337241,0.0,0.22139257817852107
44134,44,-0.030318524688482285,0.561031699180603,-0.03115377202630043,0.5552981495857239,0.024185992777347565,0.22202524542808533,-0.06593860685825348,0.08975614607334137,0.08158482611179352,0.10712868720293045,0.010009486228227615,0.010046470910310745,0.9959977865219116,0.7913331985473633,0.6746788620948792,0.8370440006256104,0.08053381741046906,0.08074244856834412,0.005432294216006994,0.009639201685786247,-7.342507839202881,17.777748107910156,0.10965470148677983,0.06218504493124783,0.0,0.5645345636821298,0.0,0.6102506424417637
44135,44,-0.030250197276473045,0.564825177192688,-0.03139088675379753,0.5571964383125305,-0.02788851037621498,0.4909377694129944,-0.00463501363992691,0.2883249819278717,0.07868203520774841,0.10141735523939133,0.010008337907493114,0.010040839202702045,0.996345579624176,0.7896761894226074,0.6747452020645142,0.8384060859680176,0.0770292580127716,0.07749303430318832,0.005711245816200972,0.00998323131352663,-0.3495299816131592,12.387788772583008,0.06953533563093008,0.06144666115753353,0.0,0.5706370701065476,0.0,0.6102506424418167
44136,44,-0.02990831434726715,0.570266604423523,-0.031161293387413025,0.5614104270935059,0.07839303463697433,0.5915055871009827,0.038159046322107315,0.5298558473587036,0.07739671319723129,0.09101492166519165,0.010007329285144806,0.010035891085863113,0.9965559840202332,0.7886047959327698,0.674759030342102,0.8395680785179138,0.07572086155414581,0.07258901000022888,0.005416428204625845,0.009454223327338696,-4.698127746582031,2.087428569793701,0.031797149287816004,0.0697261857520789,0.0,0.5756219267503669,0.0,0.4843874781065452
44137,44,-0.030039707198739052,0.5745953321456909,-0.03134346753358841,0.5664178133010864,-0.024732491001486778,0.37734752893447876,-0.0019001825712621212,0.5119922161102295,0.07401443272829056,0.08002821356058121,0.010006440803408623,0.010031544603407383,0.9966309070587158,0.78801429271698,0.6751193404197693,0.84089195728302,0.07124311476945877,0.06305457651615143,0.0061920941807329655,0.009952481836080551,1.7615056037902832,9.691805839538574,0.015720855677237272,0.05369835442863405,0.0,0.5804658015314326,0.0,0.4843874781065981
44138,44,-0.028530888259410858,0.5797659158706665,-0.03016277775168419,0.5724505186080933,0.2358379065990448,0.5662368535995483,0.16461601853370667,0.6242244243621826,0.07344792038202286,0.07531081885099411,0.010005658492445946,0.010027719661593437,0.9963830709457397,0.7869093418121338,0.6755595207214355,0.8421120047569275,0.07033475488424301,0.05843183025717735,0.005748020019382238,0.009601368568837643,-5.50900936126709,5.576426982879639,0.047156927625041006,0.0700307631213218,0.0,0.5843531328578926,0.0,0.362996864393302
44139,44,-0.02727190963923931,0.5844162106513977,-0.0289046298712492,0.5779175758361816,0.09036194533109665,0.4316120147705078,0.14368818700313568,0.5228306651115417,0.06710748374462128,0.06691482663154602,0.010004972107708454,0.01002435851842165,0.9966415166854858,0.786249577999115,0.6757543683052063,0.8430587649345398,0.06669963896274567,0.05374826863408089,0.005669514648616314,0.0092195188626647,-5.003870964050293,1.9181513786315918,0.015906642475818245,0.028498183367773884,0.0,0.5879831015018254,0.0,0.36299686439324913
44140,44,-0.02665102295577526,0.5878950953483582,-0.027370339259505272,0.5826576948165894,0.0504460334777832,0.29366588592529297,0.1692783683538437,0.43604061007499695,0.06448648124933243,0.06213150918483734,0.010004367679357529,0.010021403431892395,0.9968918561935425,0.7858840823173523,0.6760300397872925,0.8437263369560242,0.06263869255781174,0.05005073547363281,0.005867356434464455,0.008884470909833908,-2.1249544620513916,1.5987253189086914,0.03257880111215364,0.048347058510407805,0.0,0.5908086879159012,0.0,0.24607880130192833
44141,44,-0.02568681538105011,0.5903312563896179,-0.025449521839618683,0.5865517258644104,0.11946535855531693,0.18716447055339813,0.19077111780643463,0.3321552276611328,0.06297586858272552,0.060639068484306335,0.010003837756812572,0.010018802247941494,0.9969897866249084,0.78562992811203,0.6761402487754822,0.8440431356430054,0.06171596050262451,0.04909973964095116,0.005415436811745167,0.008573566563427448,-9.077508926391602,3.385593891143799,0.05134201468266369,0.053625692380592234,0.0,0.59326947592892,0.0,0.24607880130192833
44142,44,-0.02556670643389225,0.5914837121963501,-0.024088693782687187,0.5887537002563477,-0.04439592361450195,0.071993388235569,0.10429064929485321,0.14410412311553955,0.06005057319998741,0.06525743752717972,0.01000337302684784,0.010016517713665962,0.9972802400588989,0.7849382162094116,0.6761771440505981,0.844352126121521,0.05903654173016548,0.05126490443944931,0.005635742098093033,0.008678140118718147,-4.182857513427734,6.807713508605957,0.06613890554818186,0.041858114777132874,0.0,0.595069097835587,0.0,0.1336332888324772
44143,44,-0.025350358337163925,0.592744767665863,-0.023111633956432343,0.5899293422698975,0.03725757449865341,0.13385102152824402,0.052720457315444946,0.06620785593986511,0.0655260756611824,0.08040911704301834,0.010002964176237583,0.010014517232775688,0.9968376755714417,0.7831619381904602,0.6762387752532959,0.8446710109710693,0.062204595655202866,0.06078594923019409,0.0055116512812674046,0.008732996881008148,-5.785281658172607,8.546609878540039,0.08388075642959249,0.06670842333696783,0.0,0.5964054307239117,0.0,0.1336332888324772
44144,44,-0.025180276483297348,0.5942459106445312,-0.02313986048102379,0.5901914834976196,0.005625858902931213,0.16578999161720276,-0.04622123762965202,0.008468450978398323,0.06399671733379364,0.07945533096790314,0.01000260654836893,0.010012758895754814,0.9968395233154297,0.7824588418006897,0.6761608123779297,0.8447737097740173,0.06257238239049911,0.06421241164207458,0.005436260718852282,0.00823905598372221,-4.065476417541504,0.788273811340332,0.07378827812237819,0.054534709593281154,0.0,0.5972148685281453,0.0,0.025660326984948478
44145,44,-0.02540159970521927,0.5946438908576965,-0.0243059229105711,0.5898700952529907,-0.021486250683665276,-0.03140516206622124,-0.14587925374507904,-0.038473181426525116,0.06336408108472824,0.07760342955589294,0.010002292692661285,0.010011211037635803,0.9968465566635132,0.7823696136474609,0.6762890815734863,0.8450703024864197,0.061216194182634354,0.06178070232272148,0.005682429764419794,0.008918041363358498,-4.079278945922852,13.568994522094727,0.06657286441446565,0.059442908754572275,0.0,0.5974714717979945,0.0,0.025660326984948478
44146,44,-0.02489904686808586,0.5960466861724854,-0.025161705911159515,0.5903090834617615,0.05630163848400116,0.2124350219964981,-0.08161834627389908,0.07114227861166,0.06427238881587982,0.09180539101362228,0.0100020170211792,0.01000985223799944,0.9967516660690308,0.7808920741081238,0.6763107776641846,0.8452958464622498,0.06206681206822395,0.07045894116163254,0.005471966695040464,0.008407223969697952,-3.288905620574951,3.382549285888672,0.09511989755514151,0.06446040363050998,0.0,0.5973265059047702,0.0,-0.07784008424071062
44147,44,-0.024880139157176018,0.5969028472900391,-0.02636015973985195,0.590744137763977,-0.011335685849189758,0.03608361631631851,-0.10408048331737518,0.05343779921531677,0.0626094788312912,0.08627533167600632,0.010001772083342075,0.010008657351136208,0.9968076348304749,0.7806908488273621,0.676361083984375,0.8453856706619263,0.060914941132068634,0.07052594423294067,0.005643687676638365,0.00845588929951191,-1.7947626113891602,5.025427341461182,0.054191506009139544,0.052285095518454915,0.0,0.5965481050623632,0.0,-0.07784008424071062
44148,44,-0.024634158238768578,0.5973564386367798,-0.026733357459306717,0.591494083404541,0.04302142560482025,0.04166277125477791,0.012718204408884048,0.07667578756809235,0.06284386664628983,0.08488723635673523,0.010001554153859615,0.01000760868191719,0.996684730052948,0.7807139158248901,0.6765607595443726,0.8455924391746521,0.060243841260671616,0.06812044233083725,0.005756966304033995,0.008642597123980522,-1.7678308486938477,8.05757999420166,0.07677634962637732,0.06289048152975739,0.0,0.5954845158766562,0.0,-0.1768679448443415
44149,44,-0.02392670139670372,0.5982106924057007,-0.02597871795296669,0.5923869013786316,0.08158506453037262,0.10284256935119629,0.11323390901088715,0.08896631002426147,0.061720363795757294,0.0829261839389801,0.010001365095376968,0.010006689466536045,0.9967189431190491,0.7806613445281982,0.6765462160110474,0.8457121849060059,0.060538895428180695,0.06724633276462555,0.005331182386726141,0.00843763817101717,-6.879029273986816,5.515763759613037,0.0714221227510684,0.05473763613961636,0.0,0.5937158364282126,0.0,-0.1768679448443415
44150,44,-0.024163436144590378,0.5986037254333496,-0.025050750002264977,0.5928183794021606,-0.07039932161569595,0.021979348734021187,0.10371643304824829,0.03563365340232849,0.05983056128025055,0.07911012321710587,0.010001198388636112,0.010005878284573555,0.9971696734428406,0.7809396386146545,0.6762462854385376,0.8457111716270447,0.05973104014992714,0.06534689664840698,0.005148980300873518,0.008262344636023045,-6.712760925292969,3.7005233764648438,0.056514955591321386,0.048016710644587866,0.0,0.5917694043549984,0.0,-0.27142325482615565
44151,44,-0.025272469967603683,0.5984678268432617,-0.024046514183282852,0.5930390357971191,-0.1345885694026947,-0.0379880890250206,0.08588006347417831,0.011089447885751724,0.06961066275835037,0.0766942948102951,0.010001053102314472,0.010005165822803974,0.9967493414878845,0.7814497351646423,0.675843358039856,0.8454951643943787,0.06630514562129974,0.06413614749908447,0.005121275316923857,0.007942727766931057,-5.160856246948242,1.1689972877502441,0.06223893645954517,0.07177110678516328,0.0,0.5890551718067372,0.0,-0.2714232548261028
44152,44,-0.026590025052428246,0.5974518656730652,-0.023826193064451218,0.592793881893158,-0.12111779302358627,-0.15389327704906464,-0.04580377787351608,-0.06116872280836105,0.08136160671710968,0.07512375712394714,0.0100009236484766,0.010004540905356407,0.9958006739616394,0.7821677923202515,0.6754379272460938,0.8451282978057861,0.07668478786945343,0.06309525668621063,0.005071817897260189,0.007920503616333008,-7.5023579597473145,5.092711448669434,0.06567473720024011,0.08412301099859176,0.0,0.5862616772509913,0.0,-0.3542084475940293
44153,44,-0.02784925140440464,0.5959656834602356,-0.02491169236600399,0.5918370485305786,-0.13484032452106476,-0.15531031787395477,-0.1688656359910965,-0.13680021464824677,0.08457052707672119,0.07714305073022842,0.010000813752412796,0.010003989562392235,0.9952335953712463,0.7824601531028748,0.6754077672958374,0.8449772000312805,0.07999123632907867,0.06264275312423706,0.0058743213303387165,0.00825728103518486,0.8281159400939941,8.664608001708984,0.07756621248924184,0.08526930521242321,0.0,0.5826466171091317,0.0,-0.36150601418594164
44154,44,-0.02747907117009163,0.5954429507255554,-0.026329442858695984,0.5908346772193909,0.1164989322423935,-0.022259555757045746,-0.1612250655889511,-0.11057940125465393,0.0892929881811142,0.0765761062502861,0.010000713169574738,0.01000350620597601,0.9941596388816833,0.7825412750244141,0.676133930683136,0.8449049592018127,0.08135763555765152,0.06254667043685913,0.006597623694688082,0.008204637095332146,6.9301438331604,6.097276210784912,0.07318233022505576,0.09040312266908584,0.0,0.5790315569672719,0.0,-0.3994142097181926
44155,44,-0.024602310732007027,0.5951612591743469,-0.027700264006853104,0.58984375,0.4005987048149109,-0.043204326182603836,-0.0798313319683075,-0.0972117930650711,0.08390621095895767,0.07206770032644272,0.010000628419220448,0.010003079660236835,0.9930869936943054,0.7829482555389404,0.6774742007255554,0.8448739647865295,0.07760623097419739,0.0598112978041172,0.007057564798742533,0.008383911103010178,5.424668788909912,9.553192138671875,0.04493097848593731,0.05251145510934293,0.0,0.5745706782465904,0.0,-0.44711622292391084
44156,44,-0.019825853407382965,0.5950690507888794,-0.02638373337686062,0.5890946984291077,0.533036470413208,0.01277240738272667,0.3339026868343353,-0.05583890900015831,0.07325705140829086,0.06742697954177856,0.010000552982091904,0.010002706199884415,0.9923890233039856,0.7834568619728088,0.6791247725486755,0.8448478579521179,0.06881853938102722,0.05642761290073395,0.007370090112090111,0.008255256339907646,4.911036491394043,6.358644962310791,0.03919251783057068,0.004635014561936268,0.0,0.5700995160173516,0.0,-0.447116222923858
44157,44,-0.014087919145822525,0.5948235392570496,-0.02122000977396965,0.588578462600708,0.6262803673744202,-0.04222707077860832,0.6582385897636414,-0.03840010240674019,0.06436382979154587,0.06083109602332115,0.022463999688625336,0.01000237837433815,0.9915603399276733,0.7843071222305298,0.6804970502853394,0.8447020053863525,0.05940357595682144,0.05206076428294182,0.014708529226481915,0.008128742687404156,2.1647095680236816,6.1962890625,0.019993890999448333,-0.024387047858908772,0.0,0.5649078611303084,0.0,-0.5282538810399047
44158,44,-0.007643002085387707,0.5940898656845093,-0.013690754771232605,0.5880918502807617,0.6739762425422668,-0.08967620134353638,0.8302607536315918,-0.051775142550468445,0.056869566440582275,0.054892197251319885,0.04548083618283272,0.010002093389630318,0.990763783454895,0.7856428623199463,0.6810862421989441,0.8441311717033386,0.05364267900586128,0.04887252300977707,0.026760533452033997,0.00749590527266264,-8.368639945983887,1.3389325141906738,0.017465793827767948,-0.04956774254329502,0.0,0.5596253223199097,0.0,-0.5282538810398518
44159,44,-0.0029479048680514097,0.5915107131004333,-0.006025695241987705,0.5864288806915283,0.3691084384918213,-0.3315211236476898,0.7631956338882446,-0.21046656370162964,0.05051010474562645,0.04929367080330849,0.04513264074921608,0.010001841001212597,0.9895530939102173,0.7874401807785034,0.6830540895462036,0.843352735042572,0.04403163865208626,0.04480895772576332,0.030214175581932068,0.007063587196171284,19.815658569335938,-4.741382598876953,0.013470185380467192,-0.042860983988528625,0.013167383123319446,0.5537386716714797,1.671013178378493,-0.6049189885339232
44160,44,0.00508073391392827,0.588034451007843,0.003190224524587393,0.58495032787323,1.0344703197479248,-0.4457154870033264,0.9512283802032471,-0.20087572932243347,0.04743301495909691,0.048307083547115326,0.040493663400411606,0.010001618415117264,0.9865602850914001,0.7894673347473145,0.6866887211799622,0.8420129418373108,0.03743399679660797,0.044646259397268295,0.02960033528506756,0.006547615397721529,19.947948455810547,-1.9265592098236084,0.04193042449727758,0.027555764147440896,0.029877514907105517,0.5476894817861404,1.6710131783784947,-0.6049189885339232
44161,44,0.01759527064859867,0.5826112031936646,0.013350431807339191,0.5818793177604675,1.4196040630340576,-0.6410948038101196,1.1016055345535278,-0.4217289686203003,0.042449451982975006,0.05143560469150543,0.050436969846487045,0.010001422837376595,0.9824114441871643,0.7917044162750244,0.6906870603561401,0.8401495814323425,0.03125627338886261,0.04862514138221741,0.03744969889521599,0.005784804001450539,19.812427520751953,-2.9549574851989746,0.0519825544715907,-0.05213426714577951,0.047538699481011915,0.5411436157812993,1.8092500090681671,-0.6771115454060722
44162,44,0.03328102082014084,0.5750071406364441,0.026238134130835533,0.5761537551879883,1.6842267513275146,-0.8474634289741516,1.4731314182281494,-0.7027795910835266,0.038189731538295746,0.07314801216125488,0.08932783454656601,0.01000125054270029,0.97718346118927,0.7926589846611023,0.6942864060401917,0.8380261659622192,0.025803206488490105,0.06452453136444092,0.06441545486450195,0.005930051207542419,18.73582649230957,3.4991025924682617,0.07762894265551708,-0.09778768334821468,0.06563119957169375,0.5343725003272388,1.8092500090681671,-0.6771115454061251
44163,44,0.051493942737579346,0.5668922662734985,0.04342813417315483,0.5678381323814392,1.9137437343597412,-0.796463131904602,1.8988447189331055,-0.9633039236068726,0.03452586755156517,0.10174346715211868,0.12195499241352081,0.010001098737120628,0.9710683822631836,0.7926828861236572,0.6986024379730225,0.8359995484352112,0.021538203582167625,0.08623850345611572,0.0898858979344368,0.006098377052694559,19.608688354492188,5.087110996246338,0.10849768080669961,-0.13039162533770496,0.08435098077099153,0.527203199370962,1.915932649093066,-0.7448315516562987
44164,44,0.07166487723588943,0.5594407916069031,0.06399645656347275,0.5571237206459045,2.089963436126709,-0.7121224403381348,2.1687569618225098,-1.1379293203353882,0.03136312589049339,0.10166697949171066,0.1528555303812027,0.010000962764024734,0.9645344018936157,0.7944316267967224,0.7032006978988647,0.833947479724884,0.01877458021044731,0.09418550878763199,0.11366110295057297,0.005934032611548901,15.43248176574707,2.537963390350342,0.10123800629065052,-0.1618860363550652,0.10351030726192348,0.5197548838543992,1.915932649093066,-0.7448315516562987
44165,44,0.09221897274255753,0.5516722202301025,0.08601653575897217,0.5457964539527893,2.0513498783111572,-0.8103064298629761,2.242082118988037,-1.0646693706512451,0.028632627800107002,0.09945980459451675,0.1795709729194641,0.010000845417380333,0.958082377910614,0.7974034547805786,0.7077500820159912,0.8317583799362183,0.017137525603175163,0.09515763819217682,0.134004607796669,0.005743050016462803,11.241755485534668,2.46732234954834,0.08702708361829226,-0.1885815445314804,0.12303625156129451,0.511997928351662,1.9910610984531851,-0.8080790072846027
44166,44,0.11187022924423218,0.5430837869644165,0.10829425603151321,0.5358994603157043,1.9053130149841309,-0.8793079257011414,2.2202985286712646,-0.918822169303894,0.02626090683043003,0.10003980994224548,0.1821858435869217,0.010000742971897125,0.951729953289032,0.8004046082496643,0.7129335999488831,0.8297022581100464,0.014980881474912167,0.09444798529148102,0.14127841591835022,0.005990783218294382,18.00521469116211,4.662032127380371,0.10017514301590154,-0.18306192210735187,0.14294686254582778,0.5039171382788159,1.9910610984531982,-0.8080790072846027
44167,44,0.13172295689582825,0.535094678401947,0.1308840662240982,0.5278504490852356,1.9995944499969482,-0.7716119289398193,2.24348783493042,-0.7573924660682678,0.024207770824432373,0.10807650536298752,0.1781533807516098,0.010000654496252537,0.9453800320625305,0.8026936650276184,0.7184605598449707,0.8275099992752075,0.013398194685578346,0.10119219124317169,0.14102394878864288,0.005598006304353476,18.35157012939453,-1.1180615425109863,0.11013506506795769,-0.1592764317198807,0.16302653641995382,0.49560830863459376,2.034635357148537,-0.8668539122909842
44168,44,0.15143795311450958,0.5265337824821472,0.1525110900402069,0.5200319290161133,1.9742375612258911,-0.8938218355178833,2.1012983322143555,-0.7894346714019775,0.02242087759077549,0.10556435585021973,0.17696809768676758,0.010000575333833694,0.938906729221344,0.8057390451431274,0.7240152359008789,0.8251962065696716,0.011554163880646229,0.1025657057762146,0.1426939219236374,0.00559204863384366,18.90203094482422,-0.10939836502075195,0.09165870625507354,-0.17139839647010974,0.18337288999144055,0.486939769511684,2.0346353571485243,-0.8668539122909842
44169,44,0.17153242230415344,0.5176218748092651,0.1728539913892746,0.5120861530303955,2.030017375946045,-0.8946496248245239,1.9711575508117676,-0.8088841438293457,0.020865919068455696,0.10790328681468964,0.17491261661052704,0.010000504553318024,0.9321526885032654,0.8087002635002136,0.729730486869812,0.8230479955673218,0.00994633138179779,0.10298637300729752,0.14401669800281525,0.0058584026992321014,19.095664978027344,3.8938188552856445,0.10849375859289541,-0.1652165976086784,0.20375385991500333,0.4781148461309523,2.046655425179096,-0.9211562666754168
44170,44,0.19220741093158722,0.5093991756439209,0.19217504560947418,0.5041412711143494,2.0771210193634033,-0.7851350903511047,1.8851447105407715,-0.7959994673728943,0.019511472433805466,0.10777167230844498,0.17436730861663818,0.010000442154705524,0.9253284335136414,0.8114984035491943,0.7353875041007996,0.8209663033485413,0.008914989419281483,0.10369649529457092,0.14510950446128845,0.005769889801740646,19.237478256225586,0.7578659057617188,0.10704424517424681,-0.1717856398551539,0.22422041416679456,0.4689032834641985,2.046655425179109,-0.9211562666754433
44171,44,0.21269533038139343,0.501341700553894,0.21054628491401672,0.4960230588912964,2.0281882286071777,-0.812480092048645,1.830322265625,-0.8103960156440735,0.018328651785850525,0.1046653613448143,0.1773071140050888,0.010000387206673622,0.9185757040977478,0.8145495057106018,0.7407749891281128,0.8188985586166382,0.008114580996334553,0.10217668116092682,0.14847932755947113,0.00582060357555747,18.874343872070312,1.613171100616455,0.08745596733155094,-0.17829264201360484,0.24465024661447587,0.45959804675193267,2.0271213025449013,-0.9709860704379535
44172,44,0.23266375064849854,0.4933621883392334,0.2292247861623764,0.4880406856536865,1.9634374380111694,-0.788138747215271,1.9018867015838623,-0.7900886535644531,0.01729644648730755,0.10201620310544968,0.176086887717247,0.010000338777899742,0.9120801687240601,0.8177914619445801,0.7460036277770996,0.8166571259498596,0.007665183860808611,0.10128213465213776,0.14870141446590424,0.005394615698605776,19.291805267333984,-3.7764573097229004,0.08722387606734973,-0.17034161366371198,0.26492145963992625,0.4498881860475531,2.0271213025449146,-0.9709860704379535
44173,44,0.2516600489616394,0.4845559895038605,0.2482219934463501,0.4797922670841217,1.8679468631744385,-0.9265884757041931,1.9133933782577515,-0.8384617567062378,0.016395170241594315,0.09854117780923843,0.17311881482601166,0.010000295005738735,0.9057781100273132,0.8214108347892761,0.7511314749717712,0.8142313361167908,0.007087680511176586,0.09933696687221527,0.14775916934013367,0.005293533205986023,18.73320770263672,-1.7676377296447754,0.07896768405540557,-0.15906363330679946,0.2851477210864079,0.4401384164087285,1.9801716321007252,-1.0126689515059053
44174,44,0.27011698484420776,0.4751911163330078,0.26745110750198364,0.47123831510543823,1.8213911056518555,-0.9491258263587952,1.9177321195602417,-0.8802527785301208,0.015607024542987347,0.09814901649951935,0.16775894165039062,0.010000258684158325,0.8998968601226807,0.825053870677948,0.7559705972671509,0.8116254806518555,0.0073731085285544395,0.099238321185112,0.14264005422592163,0.00505896145477891,12.786765098571777,-1.7582368850708008,0.09592905440130005,-0.14214702388230596,0.3049080509788684,0.4299749831729428,1.9760329892459265,-1.0163433235785675
44175,44,0.286851704120636,0.46515142917633057,0.28589585423469543,0.46171191334724426,1.5864897966384888,-1.0205456018447876,1.8039792776107788,-0.9857187271118164,0.014917761087417603,0.09791752696037292,0.16154897212982178,0.010000227019190788,0.8944974541664124,0.8288522958755493,0.7605080604553223,0.8087327480316162,0.006853955332189798,0.10101548582315445,0.13866864144802094,0.00446697324514389,19.289188385009766,-8.351311683654785,0.09660494554170868,-0.1314658443135941,0.32466838087132777,0.4198115499371578,1.9394388932179145,-1.0344470675152253
44176,44,0.30278152227401733,0.4539247751235962,0.3033311069011688,0.45141828060150146,1.5914181470870972,-1.2021995782852173,1.6744282245635986,-1.0724867582321167,0.014313766732811928,0.10371191799640656,0.14960765838623047,0.010000198148190975,0.8889524936676025,0.8325878381729126,0.7653178572654724,0.8055393695831299,0.006071470677852631,0.10660279542207718,0.13146600127220154,0.004326276946812868,19.776124954223633,-4.811267852783203,0.10514440283827686,-0.0906772125811729,0.34361221275165393,0.4092441807515629,1.8933904852821584,-1.0572280260972593
44177,44,0.3191414475440979,0.44188693165779114,0.31949177384376526,0.4403414726257324,1.6526135206222534,-1.2300593852996826,1.5438297986984253,-1.1655998229980469,0.01378506701439619,0.12643657624721527,0.1388338804244995,0.010000177659094334,0.883287787437439,0.8350372910499573,0.770230770111084,0.8022575974464417,0.0055523402988910675,0.124114029109478,0.123213991522789,0.004290880169719458,18.262004852294922,-2.084435224533081,0.1325961893952048,-0.08421299984297168,0.3625461176044769,0.3986719004905903,1.8933904852821584,-1.0572280260972593
44178,44,0.3356676399707794,0.4298192262649536,0.3343082070350647,0.42809638381004333,1.6470431089401245,-1.1886729001998901,1.436279058456421,-1.278734564781189,0.013320899568498135,0.1354907751083374,0.13075792789459229,0.010000156238675117,0.8776053190231323,0.8377576470375061,0.7750310301780701,0.7991328239440918,0.005142053123563528,0.1360279619693756,0.11678194999694824,0.004546735901385546,18.760475158691406,-0.724571943283081,0.1379774028477551,-0.08904596213007954,0.38046596952631806,0.38777628469460734,1.7791937906536368,-1.093640177994002
44179,44,0.35214200615882874,0.4185221493244171,0.34876519441604614,0.41515207290649414,1.6287611722946167,-1.0963860750198364,1.4598455429077148,-1.2998452186584473,0.012914239428937435,0.1350821852684021,0.12336034327745438,0.010000139474868774,0.8720003962516785,0.8412147760391235,0.7796844840049744,0.7962058782577515,0.004923555999994278,0.13916443288326263,0.11065883934497833,0.00470344815403223,18.827180862426758,-1.753983497619629,0.13297245044157546,-0.08442710406880663,0.3982579074328556,0.3768398829146673,1.7791937906536368,-1.0936401779940284
44180,44,0.368213415145874,0.40774670243263245,0.3637179136276245,0.4025972783565521,1.5892788171768188,-1.0630033016204834,1.5286338329315186,-1.2033249139785767,0.012558389455080032,0.13237245380878448,0.11656700074672699,0.01000012457370758,0.8665106296539307,0.84504234790802,0.7841921448707581,0.7934159636497498,0.004712324123829603,0.13787458837032318,0.10524534434080124,0.0047803944908082485,18.273839950561523,-1.2649798393249512,0.11829000957462316,-0.08009148227775764,0.41490134587089567,0.36565180091327015,1.6334429053603086,-1.1255797792688487
44181,44,0.3839065730571747,0.3973447382450104,0.3792850971221924,0.3912833631038666,1.558087706565857,-1.017586588859558,1.577306866645813,-1.066311001777649,0.012246696278452873,0.1289912909269333,0.10973861813545227,0.010000116191804409,0.8611372113227844,0.8490079641342163,0.788585364818573,0.7906020283699036,0.00453984085470438,0.1359066367149353,0.0997040718793869,0.004567422904074192,18.612306594848633,-5.505552291870117,0.11125487777667145,-0.07238264168139735,0.4312357749245,0.3543960031205816,1.633442905360335,-1.1255797792688487
44182,44,0.39921852946281433,0.38671472668647766,0.3948952555656433,0.3808613121509552,1.5280505418777466,-1.0834405422210693,1.5603820085525513,-1.012682318687439,0.011972646228969097,0.12457477301359177,0.10328584164381027,0.010000103153288364,0.8557345271110535,0.8531721830368042,0.7929708361625671,0.7877658009529114,0.004153319634497166,0.13229115307331085,0.09481704980134964,0.0046166907995939255,18.54259490966797,-3.6278820037841797,0.10126889357558128,-0.06751895640419775,0.446396542484307,0.3429512353187465,1.4628495935163963,-1.1530468299217465
44183,44,0.4146564304828644,0.37611645460128784,0.41060107946395874,0.37101495265960693,1.5497541427612305,-1.0496795177459717,1.5688446760177612,-0.9749013781547546,0.011732012964785099,0.12198824435472488,0.09722530096769333,0.010000091977417469,0.8503566980361938,0.8573068380355835,0.7972769737243652,0.7848435044288635,0.004072816111147404,0.1300918310880661,0.08965270221233368,0.004374470561742783,17.312843322753906,-6.229257583618164,0.10824019390510065,-0.06314417246279955,0.4610250384194709,0.3314207670195296,1.4628495935163963,-1.1530468299217729
44184,44,0.4298078715801239,0.3651217222213745,0.42595404386520386,0.3609805405139923,1.5058698654174805,-1.119275689125061,1.5229450464248657,-1.0149961709976196,0.011521028354763985,0.11851780116558075,0.09298577159643173,0.010000082664191723,0.845536470413208,0.8617576956748962,0.8010161519050598,0.781566321849823,0.005169761832803488,0.12916558980941772,0.08349349349737167,0.003917839843779802,6.564850807189941,-7.703156471252441,0.09991401079403897,-0.06880096870944119,0.47466225315573274,0.31975509382223183,1.2942609115783388,-1.1760413299527483
44185,44,0.4426119327545166,0.3528323173522949,0.44006913900375366,0.3498438596725464,1.164927363395691,-1.2606867551803589,1.36631441116333,-1.143192172050476,0.011335779912769794,0.11682210862636566,0.08891826122999191,0.0100000761449337,0.8412524461746216,0.8662495017051697,0.8044371008872986,0.7783568501472473,0.004795196931809187,0.12652376294136047,0.08070620894432068,0.004094409756362438,14.898767471313477,-5.702841281890869,0.10767953382770054,-0.06548005125700132,0.487604862271517,0.3079946805227043,1.2942609115783388,-1.1760413299527483
44186,44,0.4550071656703949,0.34098580479621887,0.45379260182380676,0.33882832527160645,1.2393943071365356,-1.1750761270523071,1.3163390159606934,-1.1205501556396484,0.011173153296113014,0.12612003087997437,0.07808532565832138,0.010000069625675678,0.837007462978363,0.8697816133499146,0.8080277442932129,0.7751227021217346,0.005039185751229525,0.13283319771289825,0.07173071801662445,0.00397176668047905,12.012235641479492,-4.731383323669434,0.12863463839823677,-0.014478787571840318,0.49976731382613976,0.29614388233491923,1.1343886236603582,-1.1945632793618277
44187,44,0.46678444743156433,0.3291630446910858,0.4659356474876404,0.32708367705345154,1.1363322734832764,-1.1786056756973267,1.1359765529632568,-1.2096751928329468,0.011030374094843864,0.12426706403493881,0.07074897736310959,0.01000006403774023,0.8330326080322266,0.8736765384674072,0.8114011883735657,0.7718944549560547,0.004940350539982319,0.13461372256278992,0.06504058837890625,0.00397176668047905,14.3336820602417,-6.097874641418457,0.11445905259884609,-0.02662944180366858,0.5111112000627438,0.2841982495413009,1.1343886236603318,-1.1945632793618277
44188,44,0.47812071442604065,0.31742262840270996,0.47655344009399414,0.31483373045921326,1.128927230834961,-1.1753935813903809,0.9994112849235535,-1.2342582941055298,0.010905139148235321,0.12256361544132233,0.06254666298627853,0.010000058449804783,0.8293169140815735,0.8779676556587219,0.8145223259925842,0.7685832977294922,0.005505697801709175,0.1342546045780182,0.05704442039132118,0.0038012394215911627,8.798813819885254,-6.0936665534973145,0.11349442080081112,-0.012108177784604796,0.5218686195878874,0.2721981067680047,0.9832327297624018,-1.2086126781489845
44189,44,0.48820191621780396,0.3052773177623749,0.4857073128223419,0.3021426200866699,0.9370973110198975,-1.222646713256836,0.8771324753761292,-1.2678557634353638,0.01079505868256092,0.12076692283153534,0.05572078749537468,0.01000005193054676,0.826049268245697,0.8822253942489624,0.817317008972168,0.7654726505279541,0.005697333719581366,0.13139843940734863,0.05063898488879204,0.004163140896707773,9.792799949645996,-1.4420771598815918,0.11117497270021759,-0.012933696131871675,0.531700946885512,0.260111979986515,0.983232729762349,-1.2086126781489845
44190,44,0.4973699450492859,0.2940285801887512,0.49451571702957153,0.290091872215271,0.8724358081817627,-1.0772260427474976,0.854446530342102,-1.170703649520874,0.014995372854173183,0.12020211666822433,0.04952379688620567,0.010000049136579037,0.822605550289154,0.886184573173523,0.819780170917511,0.7624367475509644,0.009087033569812775,0.13065269589424133,0.04479393735527992,0.003973727580159903,11.050922393798828,-5.729269981384277,0.11718056895859527,0.015581048538823777,0.5411230655333379,0.24799827303268154,0.8407932298844696,-1.2181895263142055
44191,44,0.5054989457130432,0.2828673720359802,0.5024394392967224,0.27854323387145996,0.7793310880661011,-1.128090262413025,0.754456102848053,-1.1257588863372803,0.02354787103831768,0.11583436280488968,0.04424106702208519,0.010000045411288738,0.818864643573761,0.8904306292533875,0.8220167756080627,0.7592697739601135,0.015600522048771381,0.12853986024856567,0.039986178278923035,0.0037885080091655254,11.536209106445312,-7.407596111297607,0.09233690895477367,0.02480330195492844,0.5495309978321831,0.23581637776953956,0.8407932298844696,-1.2181895263142055
44192,44,0.5130327939987183,0.2712729275226593,0.5096017718315125,0.26745346188545227,0.7414283752441406,-1.1745972633361816,0.6988481879234314,-1.0963994264602661,0.03737447038292885,0.11287321895360947,0.039736054837703705,0.010000045411288738,0.8147580623626709,0.8947994112968445,0.8240321278572083,0.7561410665512085,0.025997202843427658,0.1247573122382164,0.03561549261212349,0.003958037588745356,7.431910037994385,-2.8254806995391846,0.09672112705143902,0.03986787851093504,0.557687546754851,0.22362488704014505,0.7070701240266409,-1.2232938238575042
44193,44,0.5198891162872314,0.25995174050331116,0.5163285136222839,0.25661537051200867,0.6413375735282898,-1.09621262550354,0.6508015394210815,-1.0768089294433594,0.044416703283786774,0.11107207834720612,0.035855043679475784,0.010000043548643589,0.8114148378372192,0.8988489508628845,0.8259696364402771,0.7531650066375732,0.031805336475372314,0.12201296538114548,0.03271739184856415,0.003938427194952965,13.531713485717773,-6.036665439605713,0.10122257016498265,0.04566150042333987,0.5647582479951174,0.21139194880157008,0.707070124026588,-1.223293823857491
44194,44,0.5268648266792297,0.24908994138240814,0.5228016376495361,0.2460840344429016,0.7270739674568176,-1.0872886180877686,0.6355027556419373,-1.0458344221115112,0.059163063764572144,0.10728125274181366,0.03250977396965027,0.01000003982335329,0.8075552582740784,0.9030505418777466,0.8277777433395386,0.7500158548355103,0.04259460046887398,0.11981582641601562,0.02925083413720131,0.0036671319976449013,7.444725036621094,-6.8067216873168945,0.0864243946127877,0.06192049364418302,0.5717189583447878,0.1991584547015898,0.5921901535381006,-1.2238743932254685
44195,44,0.5331746339797974,0.23760953545570374,0.5286577343940735,0.23513123393058777,0.5962731242179871,-1.1640489101409912,0.5794404745101929,-1.105075478553772,0.0575973205268383,0.10328435152769089,0.029619932174682617,0.010000037029385567,0.8052356243133545,0.9075183868408203,0.8294205665588379,0.7467331290245056,0.043925635516643524,0.11660666763782501,0.026805000379681587,0.0034540221095085144,8.763284683227539,-8.843442916870117,0.08108746547887838,0.047763377330432275,0.5775395924666759,0.18691919899380105,0.582063412188757,-1.2239255707788805
44196,44,0.5390326976776123,0.22563816606998444,0.5343940854072571,0.2239437997341156,0.5803846120834351,-1.2249685525894165,0.5692212581634521,-1.131935477256775,0.06574265658855438,0.10124699771404266,0.02712189219892025,0.010000035166740417,0.8024313449859619,0.912002682685852,0.8311617970466614,0.7433465719223022,0.04798759147524834,0.11424567550420761,0.024943625554442406,0.0033202755730599165,11.761751174926758,-8.286111831665039,0.08982521788130077,0.06740886931107236,0.5833602265885636,0.17467994328601305,0.530570066110839,-1.2221639080016642
44197,44,0.5453934669494629,0.21337711811065674,0.5403243899345398,0.21258051693439484,0.6638056039810181,-1.244445562362671,0.6015534400939941,-1.162245750427246,0.06791909784078598,0.10064380615949631,0.024958830326795578,0.010000035166740417,0.799770176410675,0.9163722395896912,0.8329013586044312,0.7399025559425354,0.05039091035723686,0.11314820498228073,0.022978395223617554,0.0033007620368152857,8.031003952026367,-5.409510135650635,0.09724284162386246,0.06839940281016778,0.5880319263392187,0.16247999430558668,0.46577309437097664,-1.2199471087084592
44198,44,0.5517405271530151,0.2010270655155182,0.5463653206825256,0.20050229132175446,0.6202252507209778,-1.2225812673568726,0.6122005581855774,-1.246816873550415,0.06588921695947647,0.10039957612752914,0.02307436615228653,0.010000034235417843,0.7975994348526001,0.9205665588378906,0.834629237651825,0.736508846282959,0.04947427660226822,0.11263446509838104,0.0214995127171278,0.0032793008722364902,10.102880477905273,-6.331279277801514,0.09902561493649382,0.05342610117591873,0.5926896572829289,0.15028052321850213,0.46577309437097664,-1.219947108708446
44199,44,0.55812668800354,0.18886041641235352,0.5526013970375061,0.18774591386318207,0.6488836407661438,-1.2138770818710327,0.6307661533355713,-1.2966161966323853,0.06445198506116867,0.0995798334479332,0.0214376263320446,0.010000034235417843,0.7955255508422852,0.9247598052024841,0.8362922072410583,0.7330955862998962,0.04851429536938667,0.11217594146728516,0.019867368042469025,0.003205189248546958,6.821293830871582,-5.4596734046936035,0.09495214840561228,0.05556704095321956,0.5963921447051076,0.13816220805793353,0.35819917057324685,-1.2108078041667532
44200,44,0.5641733407974243,0.17665177583694458,0.5587716698646545,0.1745719313621521,0.5773099064826965,-1.2182135581970215,0.6116159558296204,-1.3162274360656738,0.06196654960513115,0.09851918369531631,0.020013203844428062,0.010000034235417843,0.7937142252922058,0.9289976358413696,0.8378171324729919,0.7296486496925354,0.047040440142154694,0.11154527217149734,0.018551921471953392,0.0030707279220223427,7.565312385559082,-6.7890238761901855,0.09250753697780884,0.046496893125006045,0.5999741364108402,0.126054130016266,0.35819917057324685,-1.2108078041667598
44201,44,0.5697800517082214,0.16429518163204193,0.5647311806678772,0.16158850491046906,0.5473272800445557,-1.2474371194839478,0.5808600783348083,-1.2745133638381958,0.06052352488040924,0.09759137034416199,0.018768005073070526,0.010000033304095268,0.7919725775718689,0.9331783652305603,0.839247465133667,0.7263084650039673,0.04589472711086273,0.10980810225009918,0.017307572066783905,0.0033007620368152857,5.643332004547119,-2.1531903743743896,0.0923348307246794,0.05151773620866511,0.6027771426567027,0.11405982014674518,0.25934164079556765,-1.1963699987838148
44202,44,0.5750256180763245,0.1524958312511444,0.5704571604728699,0.14933985471725464,0.4937640428543091,-1.1407493352890015,0.5478227138519287,-1.1932743787765503,0.059170812368392944,0.09739180654287338,0.017680635675787926,0.010000032372772694,0.7904577255249023,0.9371647238731384,0.8404391407966614,0.7230032086372375,0.04547733813524246,0.10966015607118607,0.016096554696559906,0.0030755975749343634,6.144015789031982,-6.718862056732178,0.0962601721223829,0.05070035131583202,0.6053705590646583,0.10209612015890618,0.25934164079551475,-1.1963699987838148
44203,44,0.5794037580490112,0.14062106609344482,0.5752812027931213,0.13748419284820557,0.4070020616054535,-1.2041726112365723,0.44155648350715637,-1.1612956523895264,0.05830034241080284,0.09463468939065933,0.01673020049929619,0.010000030510127544,0.7893016934394836,0.9415347576141357,0.8413136601448059,0.719397246837616,0.045810431241989136,0.10921353101730347,0.014719117432832718,0.0025517521426081657,3.299427032470703,-10.31350326538086,0.07895531955816593,0.05283658054577725,0.607343815286365,0.09026820358716096,0.16920050503783327,-1.1766336925598029
44204,44,0.5824444890022278,0.12763196229934692,0.5788493156433105,0.1256249099969864,0.249417245388031,-1.3437174558639526,0.31030768156051636,-1.1843981742858887,0.06061377376317978,0.09356439858675003,0.015899773687124252,0.01000002957880497,0.7882804870605469,0.9461300373077393,0.8419396877288818,0.7156425714492798,0.04758387804031372,0.10781230032444,0.013825980946421623,0.002586672781035304,3.6393213272094727,-7.908632755279541,0.08744328342586541,0.06107124913424455,0.609035820336744,0.07850186666156214,0.16920050503783327,-1.1766336925598029
44205,44,0.5846591591835022,0.11432071030139923,0.5815990567207336,0.11389867216348648,0.18522661924362183,-1.3313400745391846,0.22867855429649353,-1.1819640398025513,0.07806888222694397,0.10675138980150223,0.015172469429671764,0.01000002771615982,0.7861059308052063,0.9493789076805115,0.8424816131591797,0.7119656205177307,0.058385275304317474,0.11715877056121826,0.013290129601955414,0.0026594549417495728,7.141845226287842,-6.940760612487793,0.10989996255558988,0.08161007573353182,0.6102490576864552,0.06688273139432319,0.08777576330025526,-1.151598885494631
44206,44,0.5868511199951172,0.1014489233493805,0.5835990905761719,0.10205518454313278,0.22654297947883606,-1.2645741701126099,0.16077399253845215,-1.2121844291687012,0.0869792252779007,0.10967256873846054,0.014537820592522621,0.01000002771615982,0.784325897693634,0.9528953433036804,0.8429271578788757,0.7082796096801758,0.06668175756931305,0.12338422983884811,0.012584924697875977,0.002520719775930047,5.428335666656494,-9.024691581726074,0.11045480228763403,0.08909419768136909,0.611126815319458,0.055366742539375416,0.08777576330025526,-1.151598885494631
44207,44,0.5886850953102112,0.08854711800813675,0.584632933139801,0.08921509981155396,0.16427473723888397,-1.291532278060913,0.07892489433288574,-1.3285367488861084,0.08596683293581009,0.10854080319404602,0.013981522060930729,0.01000002771615982,0.7835472822189331,0.9568891525268555,0.8433113694190979,0.7047950029373169,0.06838477402925491,0.12291170656681061,0.012014037929475307,0.0028576336335390806,3.7534546852111816,-4.935436248779297,0.10229855568035694,0.08005469418169393,0.6116497649493343,0.043998776583371306,0.015067415582674975,-1.121265577588303
44208,44,0.5901200771331787,0.07642645388841629,0.5854823589324951,0.07579103112220764,0.1154916062951088,-1.1612533330917358,0.08013168722391129,-1.360414743423462,0.08639305084943771,0.108592189848423,0.013493661768734455,0.010000026784837246,0.7831279039382935,0.9608156085014343,0.8435923457145691,0.7013988494873047,0.06894062459468842,0.12316112965345383,0.0115728210657835,0.0025517521426081657,6.9205474853515625,-10.97414493560791,0.1086053510593093,0.08649063507505161,0.6118004391051612,0.03278612080748751,0.015067415582674975,-1.121265577588303
44209,44,0.5911585688591003,0.06425639241933823,0.5860604643821716,0.062157243490219116,0.10187602788209915,-1.2554399967193604,0.05032529681921005,-1.339256763458252,0.09029203653335571,0.10575345903635025,0.013065798208117485,0.010000025853514671,0.782442569732666,0.9649243950843811,0.8439134359359741,0.698039710521698,0.07105979323387146,0.1204712837934494,0.011207369156181812,0.002825554460287094,5.387108325958252,-4.7294511795043945,0.09006172544291413,0.09117458229576977,0.6117028321673629,0.02171171216944745,-0.04892453811485471,-1.0856337688408215
44210,44,0.5923239588737488,0.05251476913690567,0.5869239568710327,0.0496089830994606,0.11194553226232529,-1.1367498636245728,0.0953347310423851,-1.2036216259002686,0.09051286429166794,0.10575281083583832,0.01269060093909502,0.010000024922192097,0.7820687890052795,0.9689562320709229,0.8440166711807251,0.694558322429657,0.0729987621307373,0.12070753425359726,0.010608918964862823,0.002291121520102024,4.192962646484375,-11.710063934326172,0.10574915218962869,0.09056254520212331,0.6112135867862144,0.010855374481037837,-0.048924538114801845,-1.0856337688408233
44211,44,0.5926336050033569,0.039967332035303116,0.5872916579246521,0.03748700022697449,0.003935208544135094,-1.3023879528045654,0.021625341847538948,-1.1856194734573364,0.0898156464099884,0.10318794846534729,0.012361918576061726,0.010000024922192097,0.7821167707443237,0.9732341170310974,0.8439699411392212,0.6909590363502502,0.07356443256139755,0.1186944916844368,0.010076549835503101,0.002420885255560279,1.2198853492736816,-7.114512920379639,0.08890399500419792,0.08578929872035018,0.6105651544329017,0.00011691116769110225,-0.10420009779233382,-1.0447034592521818
44212,44,0.5922545790672302,0.027346067130565643,0.5874375104904175,0.025999706238508224,-0.0764503926038742,-1.2372390031814575,-0.003996964544057846,-1.131233811378479,0.09775969386100769,0.11416487395763397,0.012073543854057789,0.010000023990869522,0.7818573713302612,0.9763044714927673,0.8437297344207764,0.6876670718193054,0.07887176424264908,0.1242913082242012,0.009571723639965057,0.0027759934309870005,1.1557769775390625,-3.8406074047088623,0.11694456429015417,0.09962534403204805,0.6095231534549783,-0.010330123424831429,-0.10420009779233382,-1.0447034592521813
44213,44,0.5912291407585144,0.015934135764837265,0.5871556997299194,0.014979330822825432,-0.13764989376068115,-1.076847791671753,-0.06781752407550812,-1.094099998474121,0.10792344063520432,0.11363274604082108,0.011820833198726177,0.010000023990869522,0.7814769148826599,0.9795319437980652,0.8433207273483276,0.6844615936279297,0.08673970401287079,0.12746359407901764,0.009386833757162094,0.0024896946270018816,4.773097038269043,-11.506607055664062,0.11073376528156698,0.11050496379859095,0.6083936268383116,-0.020690253406756197,-0.15075926344976232,-0.9984746488223865
44214,44,0.5897568464279175,0.004556305706501007,0.5857798457145691,0.0038526004645973444,-0.1408941000699997,-1.15861177444458,-0.1760314404964447,-1.1046162843704224,0.11681363731622696,0.10975717008113861,0.011598629876971245,0.010000023059546947,0.7810466885566711,0.9833807349205017,0.8430719971656799,0.6812135577201843,0.09298066049814224,0.1252620965242386,0.00946035236120224,0.0024984197225421667,6.711840629577637,-10.596254348754883,0.08859727059692254,0.11903371818945373,0.6068860342038136,-0.030674999894980744,-0.1507592634498152,-0.9984746488223865
44215,44,0.5889360904693604,-0.006902814842760563,0.5840765237808228,-0.006947243120521307,-0.048648037016391754,-1.147743582725525,-0.16609612107276917,-1.0751280784606934,0.1190558671951294,0.10869652777910233,0.011404403485357761,0.010000023059546947,0.7808102369308472,0.9872294068336487,0.8429628610610962,0.6780215501785278,0.0957469493150711,0.12284403294324875,0.009400105103850365,0.0025061755441129208,5.602469444274902,-9.062374114990234,0.10283529655706941,0.1196949243022851,0.6053451444759531,-0.04061440853875308,-0.1855364080125649,-0.9511215434480482
44216,44,0.5885980129241943,-0.018208447843790054,0.5826920866966248,-0.017760779708623886,-0.021540090441703796,-1.117669939994812,-0.1074223518371582,-1.0940861701965332,0.11670029163360596,0.10802453756332397,0.011233312077820301,0.010000022128224373,0.7809919118881226,0.9908536076545715,0.8427640795707703,0.6749182343482971,0.0964885875582695,0.12110984325408936,0.009011674672365189,0.00261189928278327,0.8827090263366699,-7.214374542236328,0.104320740805273,0.10401794673272871,0.6034591241250812,-0.05008388191426863,-0.1886020350871931,-0.9469473375514328
44217,44,0.5877077579498291,-0.029142560437321663,0.5816693902015686,-0.029012951999902725,-0.12158557027578354,-1.059403657913208,-0.09048383682966232,-1.1346518993377686,0.11365333944559097,0.10720226168632507,0.011083278805017471,0.010000022128224373,0.7816041111946106,0.9943185448646545,0.8424838185310364,0.6718957424163818,0.09500250220298767,0.12018437683582306,0.008916006423532963,0.0024829090107232332,3.9809274673461914,-10.758637428283691,0.10265511549777638,0.09711537095211421,0.6015731037742094,-0.05955335528978305,-0.2014991934301282,-0.9217848711986326
44218,44,0.5865558385848999,-0.03992987796664238,0.580736517906189,-0.04037999361753464,-0.11052511632442474,-1.086879014968872,-0.09461050480604172,-1.126739263534546,0.1130543202161789,0.10567104816436768,0.010951529256999493,0.010000022128224373,0.782077431678772,0.9977189898490906,0.8423498868942261,0.6690245270729065,0.09292023628950119,0.11770682781934738,0.008977063000202179,0.0027458772528916597,5.157661437988281,-6.4339280128479,0.097180939296453,0.10978896315704775,0.5993993183111418,-0.06846139646755374,-0.2177284127045204,-0.8901215254393259
44219,44,0.5859752893447876,-0.04998558759689331,0.5801487565040588,-0.05109528824687004,-0.0444159097969532,-0.9723665714263916,-0.05458121746778488,-1.0499536991119385,0.112007275223732,0.10546574741601944,0.010835783556103706,0.010000022128224373,0.7824798822402954,1.0009692907333374,0.8420417308807373,0.6661506295204163,0.09339940547943115,0.11729041486978531,0.008538049645721912,0.0024770929012447596,0.8346343040466309,-9.685480117797852,0.1043257927295502,0.10629248945209518,0.5972220341840963,-0.0773626117219476,-0.21772841270457324,-0.8901215254393259
44220,44,0.584613025188446,-0.06030193343758583,0.5790891051292419,-0.06171954423189163,-0.17598307132720947,-1.0468534231185913,-0.12423247843980789,-1.0380470752716064,0.10907600075006485,0.10308877378702164,0.010734157636761665,0.010000022128224373,0.7831584811210632,1.004167079925537,0.8417683839797974,0.663496196269989,0.09133993089199066,0.11396373808383942,0.00862736627459526,0.0029295983258634806,3.897705078125,-4.299678802490234,0.08984669616432744,0.09299792674391046,0.5948635118543563,-0.08571217053969585,-0.23813839630184996,-0.8279972124860627
44221,44,0.5834897756576538,-0.06952977180480957,0.5782453417778015,-0.07111601531505585,-0.09849823266267776,-0.8589569330215454,-0.0875147357583046,-0.8937216401100159,0.11049006134271622,0.10415395349264145,0.010644924826920033,0.010000022128224373,0.7836243510246277,1.0070518255233765,0.8414281010627747,0.6608849763870239,0.09169474989175797,0.11442622542381287,0.008454875089228153,0.002501328242942691,4.261934757232666,-11.569860458374023,0.10441866716527967,0.11085214341415225,0.5924821278913375,-0.09399214266455751,-0.23813839630190284,-0.8279972124860561
44222,44,0.5821127891540527,-0.07903531193733215,0.5768152475357056,-0.08014360070228577,-0.14148001372814178,-0.9847743511199951,-0.15696385502815247,-0.8774943947792053,0.10836075991392136,0.10027100145816803,0.010566500015556812,0.010000022128224373,0.7842308282852173,1.010304570198059,0.8410598039627075,0.6580522060394287,0.09122726321220398,0.11267617344856262,0.008305893279612064,0.002391821937635541,2.661731243133545,-11.046029090881348,0.07854827229696114,0.09665923707134128,0.5900085998470853,-0.10174083111555463,-0.24983198587912894,-0.7605743986916399
44223,44,0.5805581212043762,-0.08910529315471649,0.5751953125,-0.08871055394411087,-0.16594722867012024,-1.0191706418991089,-0.1624581515789032,-0.8424878120422363,0.10722974687814713,0.10054507851600647,0.010497751645743847,0.010000022128224373,0.7849094867706299,1.0133460760116577,0.8406926393508911,0.6554824113845825,0.09013722836971283,0.10985901951789856,0.008225894533097744,0.002875134814530611,1.9043421745300293,-4.3184003829956055,0.10061425203963711,0.10097178733746495,0.5875102799882939,-0.10934657510247155,-0.24983198587907607,-0.7605743986916399
44224,44,0.5790317058563232,-0.0980372503399849,0.5738463997840881,-0.0968453511595726,-0.16728828847408295,-0.8181262612342834,-0.14116626977920532,-0.8251206874847412,0.10655216127634048,0.10904176533222198,0.010437274351716042,0.010000022128224373,0.7855759859085083,1.0152616500854492,0.8402853012084961,0.6531901359558105,0.0895615667104721,0.11501368880271912,0.00825221836566925,0.0028333307709544897,5.0884222984313965,-8.954477310180664,0.11115586369573315,0.10280226738845262,0.5849914773816897,-0.11645200517998869,-0.25280918143635733,-0.6878530840560638
44225,44,0.5774515867233276,-0.10621528327465057,0.5722095966339111,-0.10535974055528641,-0.14936092495918274,-0.8037906289100647,-0.17457175254821777,-0.8602941632270813,0.10571485757827759,0.10530104488134384,0.010384179651737213,0.010000022128224373,0.7861620783805847,1.0175403356552124,0.839981734752655,0.6510553956031799,0.0884552150964737,0.11425533890724182,0.008276521228253841,0.003077545203268528,5.146384239196777,-6.860108375549316,0.08460019357181264,0.1010687070206453,0.5824633855673258,-0.12333053602054977,-0.2528091814364102,-0.6878530840560572
44226,44,0.5762113332748413,-0.11364945024251938,0.5706312656402588,-0.11378206312656403,-0.11382381618022919,-0.7058574557304382,-0.1498212069272995,-0.8331776261329651,0.1043296828866005,0.10229845345020294,0.01033762376755476,0.010000022128224373,0.786674439907074,1.020005226135254,0.8397294282913208,0.6491335034370422,0.08723137527704239,0.11083115637302399,0.008312984369695187,0.003124300856143236,5.6685686111450195,-8.0345458984375,0.0854956464690329,0.09660149778235422,0.5799690395505301,-0.12975031971785686,-0.24706998297353513,-0.6098332685793347
44227,44,0.5752010941505432,-0.1205693855881691,0.5692599415779114,-0.12183747440576553,-0.08918716013431549,-0.6791733503341675,-0.12134864926338196,-0.7654280662536621,0.1019790917634964,0.09788712114095688,0.010296648368239403,0.010000022128224373,0.7872217893600464,1.022550344467163,0.8394798040390015,0.6472024321556091,0.08576470613479614,0.10695919394493103,0.008238043636083603,0.0030142576433718204,4.558234214782715,-9.268148422241211,0.07303335501301576,0.08883577883193107,0.5774983397207942,-0.13584865240365093,-0.24706998297353513,-0.6098332685793215
44228,44,0.5741450786590576,-0.12758298218250275,0.5680750608444214,-0.12908326089382172,-0.10691822320222855,-0.7084807753562927,-0.10668649524450302,-0.6769727468490601,0.09901882708072662,0.09388046711683273,0.010260645300149918,0.010000022128224373,0.7877923250198364,1.02493417263031,0.8393220901489258,0.6455898284912109,0.08311180770397186,0.10070415586233139,0.008285636082291603,0.0036094209644943476,3.9737558364868164,-1.1787986755371094,0.0710676909516212,0.08235838386989518,0.5750981814459675,-0.14154040171401913,-0.2326143904907152,-0.5265149522614327
44229,44,0.5734477043151855,-0.13315536081790924,0.5675340294837952,-0.13482564687728882,-0.0701691061258316,-0.46980082988739014,-0.04420148581266403,-0.5218731164932251,0.09653395414352417,0.09161003679037094,0.010229017585515976,0.010000022128224373,0.7883865237236023,1.0269389152526855,0.8390418291091919,0.6441279649734497,0.08164973556995392,0.0979326069355011,0.008156060241162777,0.003284177975729108,4.910011291503906,-9.684039115905762,0.0785762474672952,0.08245032568087908,0.5727720375410603,-0.14680555123663386,-0.23261439049066232,-0.5265149522614461
44230,44,0.5723085999488831,-0.13869722187519073,0.566575288772583,-0.1400126814842224,-0.1206587702035904,-0.5791898369789124,-0.10721293836832047,-0.47981545329093933,0.09314202517271042,0.08456514030694962,0.010201205499470234,0.010000022128224373,0.789074718952179,1.0292481184005737,0.838839054107666,0.6425600051879883,0.07875804603099823,0.09253080189228058,0.008244117721915245,0.0032929577864706516,5.983304977416992,-8.72393798828125,0.04370492873766421,0.07380198992267199,0.5705357981603627,-0.1517268781533339,-0.20944240398784464,-0.43789813510238434
44231,44,0.5714288353919983,-0.14436742663383484,0.56568443775177,-0.1442631632089615,-0.0719606801867485,-0.566476047039032,-0.08136958628892899,-0.3951277732849121,0.09110436588525772,0.08130233734846115,0.010176796466112137,0.010000022128224373,0.7895422577857971,1.0313987731933594,0.8387697339057922,0.6411685943603516,0.07595297694206238,0.0871039405465126,0.008373776450753212,0.0035390283446758986,6.667447090148926,-5.48643684387207,0.06209086646132318,0.0793874556706161,0.5684413741204843,-0.1561058595043584,-0.2094424039877918,-0.43789813510238434
44232,44,0.571121335029602,-0.1493493616580963,0.5652096271514893,-0.14792455732822418,-0.01399265043437481,-0.45603618025779724,-0.03352395445108414,-0.37159302830696106,0.08795478940010071,0.07865972816944122,0.01015533972531557,0.010000022128224373,0.7897525429725647,1.033054232597351,0.8389548063278198,0.640112042427063,0.07219956070184708,0.08287370204925537,0.008764497935771942,0.0038169105537235737,10.963113784790039,-4.997650146484375,0.06299023546728752,0.06973729160092446,0.5664387847860761,-0.16021437602066105,-0.17755402346492352,-0.3439828171021762
44233,44,0.571919322013855,-0.15315154194831848,0.5654163956642151,-0.15156976878643036,0.12903831899166107,-0.3384608328342438,0.05300023406744003,-0.3773403763771057,0.08357570320367813,0.07444743067026138,0.010136498138308525,0.010000022128224373,0.7898948192596436,1.0346227884292603,0.8390645980834961,0.6391262412071228,0.06986086070537567,0.07901577651500702,0.008381884545087814,0.003750320989638567,3.4925198554992676,-5.986762046813965,0.049222372305909284,0.05797684558399941,0.5646632445514271,-0.16365420419168317,-0.17755402346487065,-0.3439828171021762
44234,44,0.5721569657325745,-0.15680882334709167,0.5656780004501343,-0.15593141317367554,-0.014574024826288223,-0.35146990418434143,0.034221574664115906,-0.44205164909362793,0.07604330033063889,0.06849849224090576,0.010119940154254436,0.010000022128224373,0.7903857231140137,1.0361945629119873,0.8393180966377258,0.6383556127548218,0.06360021233558655,0.07297763228416443,0.008817354217171669,0.004000209271907806,10.676595687866211,-5.784697532653809,0.03240867494741744,0.0313487042177035,0.5629640364154687,-0.16690752230085934,-0.13694924892189891,-0.2447689982608348
44235,44,0.5731673836708069,-0.15961064398288727,0.5666794776916504,-0.1596938967704773,0.15097089111804962,-0.2567655146121979,0.12493202090263367,-0.34915584325790405,0.07226128876209259,0.06403107196092606,0.010105396620929241,0.010000022128224373,0.7903862595558167,1.0375540256500244,0.839775025844574,0.6377905011177063,0.058809928596019745,0.06742147356271744,0.008908885531127453,0.004166087135672569,8.943710327148438,-3.3262288570404053,0.03652829070353396,0.04946503493839237,0.5615945439262496,-0.16935521228346784,-0.13694924892189891,-0.2447689982608348
44236,44,0.574877142906189,-0.1617043912410736,0.5682291984558105,-0.1627751737833023,0.1840112805366516,-0.18147653341293335,0.1767052710056305,-0.2709823250770569,0.06489082425832748,0.05837162584066391,0.010092637501657009,0.010000022128224373,0.7903382182121277,1.0388103723526,0.8403629064559937,0.6373234391212463,0.05305434763431549,0.062053315341472626,0.009151222184300423,0.004148409701883793,11.737384796142578,-5.705893039703369,0.022972804148745328,0.019702291388982454,0.5602684481409015,-0.17171094397878797,-0.09162356755906952,-0.14872317780614422
44237,44,0.5771719813346863,-0.16354826092720032,0.5702997446060181,-0.1649349331855774,0.2671728730201721,-0.18977905809879303,0.23683054745197296,-0.16339512169361115,0.05730137601494789,0.05216262489557266,0.010081391781568527,0.010000021196901798,0.7903697490692139,1.0403386354446411,0.8408960700035095,0.636616051197052,0.047547098249197006,0.056892380118370056,0.008878367953002453,0.0037973218131810427,6.483056545257568,-8.326711654663086,0.012833635523191729,0.009264453386873057,0.5593921673373128,-0.1731135107645713,-0.08762808035882373,-0.1402566785783205
44238,44,0.5790386199951172,-0.166343092918396,0.5724176168441772,-0.1665632426738739,0.1623062640428543,-0.31641221046447754,0.21786442399024963,-0.13166853785514832,0.050872690975666046,0.04713163152337074,0.010071514174342155,0.010000021196901798,0.7902309894561768,1.0416537523269653,0.8417274355888367,0.6361698508262634,0.04053119570016861,0.05032797157764435,0.00946341548115015,0.004418745171278715,13.655414581298828,-0.6730198860168457,0.01474226369429471,-0.009925145845846285,0.5585158865337241,-0.17451607755035445,0.22139257817852107,-0.09165460465571888
44239,44,0.5823333859443665,-0.1677750051021576,0.5757042169570923,-0.1667204350233078,0.3918393552303314,-0.07012932747602463,0.3601570427417755,0.0016439110040664673,0.04589695855975151,0.04598086699843407,0.010062823072075844,0.010000020265579224,0.7894040942192078,1.0422875881195068,0.8427948355674744,0.6360076665878296,0.03548872098326683,0.047712020576000214,0.009837735444307327,0.004379388876259327,14.936342239379883,-4.467512130737305,0.038520791349143706,0.013818841350441338,0.5645345636821298,-0.17483422086211478,0.6102506424417637,-0.030495883183302375
44240,44,0.5866336226463318,-0.16853617131710052,0.5795013904571533,-0.16703741252422333,0.46477049589157104,-0.07309739291667938,0.4070349931716919,-0.05068248510360718,0.04113779589533806,0.041209667921066284,0.014607193879783154,0.010000019334256649,0.7882370352745056,1.043049693107605,0.8437511324882507,0.6357751488685608,0.031271468847990036,0.044233813881874084,0.01364189200103283,0.004319393076002598,14.105119705200195,-5.9496331214904785,0.0036849821128971862,-0.015229567694099555,0.5706370701065476,-0.17513917969394777,0.6102506424418167,-0.030495883183302375
44241,44,0.591486930847168,-0.16947992146015167,0.5839692950248718,-0.1678188145160675,0.5125175714492798,-0.0997040793299675,0.4893745183944702,-0.08850135654211044,0.03705700486898422,0.03711875155568123,0.02368328534066677,0.010000018402934074,0.7869265079498291,1.0438929796218872,0.8443750143051147,0.6355800628662109,0.0281190425157547,0.039878569543361664,0.021029315888881683,0.004450238775461912,8.99951171875,-2.9921865463256836,0.006963820471868542,-0.025020232827496394,0.5756219267503672,-0.17442464688180706,0.4843874781065452,0.08431328740960922
44242,44,0.5961130261421204,-0.17019584774971008,0.5890401601791382,-0.1688455492258072,0.43669551610946655,-0.046492479741573334,0.5184354782104492,-0.10519343614578247,0.03354490548372269,0.03417334705591202,0.031237388029694557,0.010000018402934074,0.7857051491737366,1.0443975925445557,0.8450058698654175,0.6356183886528015,0.025310687720775604,0.03619777038693428,0.02754208818078041,0.004748821724206209,10.407876968383789,-1.5795600414276123,0.014446557617205067,-0.03242158358700896,0.5804658015314326,-0.17358151400771096,0.4843874781065981,0.08431328740960922
44243,44,0.6005160808563232,-0.17004930973052979,0.5942873358726501,-0.16962216794490814,0.4307543933391571,0.05412270501255989,0.5189077854156494,-0.05755119398236275,0.030515670776367188,0.031243331730365753,0.030150698497891426,0.010000018402934074,0.7846922874450684,1.0446990728378296,0.8459106683731079,0.6357973217964172,0.023705968633294106,0.03317863866686821,0.02640063315629959,0.004739942494779825,6.593136787414551,-1.7049741744995117,0.011439104459055199,-0.022761001088706267,0.5843531328578926,-0.17179431226209094,0.362996864393302,0.20412080807174518
44244,44,0.603860080242157,-0.1694907397031784,0.5987685918807983,-0.17021684348583221,0.2725737988948822,0.06927723437547684,0.4008912742137909,-0.03431820124387741,0.027896706014871597,0.028526704758405685,0.029321910813450813,0.010000018402934074,0.7841886281967163,1.0449298620224,0.8465223908424377,0.6359868049621582,0.022231757640838623,0.030565543100237846,0.02525416575372219,0.004723173566162586,6.376399993896484,-3.3330941200256348,0.00014209097999286907,-0.023666664400789905,0.5879831015018254,-0.16975310418137338,0.36299686439324913,0.20412080807174518
44245,44,0.605924665927887,-0.16891445219516754,0.6020923852920532,-0.17009319365024567,0.1557321697473526,0.054672420024871826,0.2738424241542816,0.06338279694318771,0.025626515969634056,0.02617298625409603,0.02686241641640663,0.010000018402934074,0.78388911485672,1.044946551322937,0.8471209406852722,0.636377215385437,0.020373737439513206,0.027626851573586464,0.023296529427170753,0.005098522640764713,9.01233196258545,0.713493824005127,0.002604236340188212,-0.0012374290241896138,0.5908086879159012,-0.16685324670172014,0.24607880130192833,0.32892667880310555
44246,44,0.6077002286911011,-0.1674172729253769,0.60455322265625,-0.16848106682300568,0.1613103300333023,0.1951231211423874,0.19069604575634003,0.21079960465431213,0.024514591321349144,0.024169862270355225,0.02472718432545662,0.010000018402934074,0.7834793329238892,1.0445839166641235,0.8476886749267578,0.6371139287948608,0.019255710765719414,0.025023750960826874,0.0214906707406044,0.005449153482913971,10.848803520202637,1.7966341972351074,0.010327926498449396,0.016828116202538237,0.5932694759289201,-0.16356397991368885,0.24607880130187548,0.32892667880310555
44247,44,0.6094306707382202,-0.16474124789237976,0.6059848070144653,-0.16575026512145996,0.16539743542671204,0.314443975687027,0.09608308970928192,0.31175947189331055,0.02341683767735958,0.02239076793193817,0.022875579074025154,0.010000018402934074,0.783150851726532,1.0438458919525146,0.8481053113937378,0.6381668448448181,0.018823496997356415,0.022618567571043968,0.019536128267645836,0.00580866914242506,7.301058769226074,4.0969109535217285,-0.0054709213197606,0.015786887829441158,0.595069097835587,-0.1595114798994488,0.1336332888324772,0.45873089960370345
44248,44,0.610485315322876,-0.16090671718120575,0.6064814925193787,-0.16222810745239258,0.055584780871868134,0.4542853534221649,0.0208908524364233,0.39797264337539673,0.022251563146710396,0.0208418071269989,0.021264083683490753,0.0180957168340683,0.7832804322242737,1.0428410768508911,0.848192572593689,0.6391243934631348,0.01861054264008999,0.020957689732313156,0.017712987959384918,0.00953390821814537,7.713627815246582,-1.1509811878204346,-0.01935014003559623,0.014125098902554614,0.5964054307239117,-0.1549241709034112,0.1336332888324772,0.45873089960370345
44249,44,0.6102784872055054,-0.1566627025604248,0.6060853004455566,-0.15799371898174286,-0.06736932694911957,0.4234788715839386,-0.07370544970035553,0.4717165231704712,0.0288421418517828,0.019488371908664703,0.019856451079249382,0.034723181277513504,0.7828326225280762,1.0416315793991089,0.8481413125991821,0.6399158239364624,0.02316027320921421,0.019140193238854408,0.01645062118768692,0.01779397763311863,9.375762939453125,1.2357068061828613,-0.03728059590690963,0.02984117458904225,0.5972148685281453,-0.1496790415540303,0.025660326984948478,0.593533470473539
44250,44,0.6097096800804138,-0.15178750455379486,0.6053377389907837,-0.1524685174226761,-0.06786017119884491,0.514409065246582,-0.0943310558795929,0.5953109264373779,0.046016622334718704,0.01830882579088211,0.0186300165951252,0.03398488089442253,0.7811098694801331,1.040164589881897,0.8481627702713013,0.6415013074874878,0.03482992202043533,0.01754681207239628,0.015796609222888947,0.018242893740534782,13.953350067138672,1.8680191040039062,-0.029018603549043454,0.04895501322847983,0.5974714717979945,-0.14374370684929455,0.025660326984948478,0.5935334704735258
44251,44,0.6098350286483765,-0.14600127935409546,0.60463547706604,-0.14587470889091492,0.05486895516514778,0.6120365262031555,-0.06214197725057602,0.6887370944023132,0.04905908182263374,0.01727997325360775,0.017560528591275215,0.038392987102270126,0.7804511189460754,1.0384807586669922,0.8481290340423584,0.643169641494751,0.03949630632996559,0.015963053330779076,0.014506436884403229,0.02076500654220581,6.507296562194824,4.852180480957031,-0.03916260677775727,0.049628658846160224,0.5973265059047702,-0.137265961364219,-0.07784008424071062,0.7333343914125989
44252,44,0.6095007658004761,-0.13944314420223236,0.6038315296173096,-0.139131560921669,-0.07678059488534927,0.7085497975349426,-0.07747103273868561,0.6780942678451538,0.04639775678515434,0.01638113148510456,0.016626393422484398,0.048513270914554596,0.7810251116752625,1.0365971326828003,0.8477813601493835,0.6447509527206421,0.039664752781391144,0.014961788430809975,0.013318449258804321,0.02581341192126274,4.559316635131836,0.663597583770752,-0.050391115254308144,0.029146052599101774,0.5965481050623632,-0.12993261745009207,-0.07784008424071062,0.7333343914125989
44253,44,0.6077685356140137,-0.13270796835422516,0.6025549173355103,-0.1325712949037552,-0.22544552385807037,0.6729200482368469,-0.1530751734972,0.6699227690696716,0.04703989997506142,0.015593945980072021,0.015808451920747757,0.059978678822517395,0.7818276882171631,1.0345594882965088,0.8473213315010071,0.6463814973831177,0.039757587015628815,0.013770204037427902,0.012579705566167831,0.03219030052423477,6.907906532287598,2.691621780395508,-0.06213846191168495,0.047154507432586874,0.5954845158766563,-0.12218226902876798,-0.1768679448443415,0.8781336624208899
44254,44,0.6056488156318665,-0.125422403216362,0.6009819507598877,-0.1253538280725479,-0.22030894458293915,0.7518764138221741,-0.18077553808689117,0.7464613318443298,0.06557385623455048,0.014905130490660667,0.015092835761606693,0.058923378586769104,0.7808961272239685,1.0322397947311401,0.8468784689903259,0.648682713508606,0.05155269056558609,0.012414884753525257,0.012085797265172005,0.033080630004405975,9.159164428710938,6.148080825805664,-0.05231553724557271,0.06910029427081638,0.5937158364282126,-0.11340093240455851,-0.1768679448443415,0.8781336624208832
44255,44,0.6039050221443176,-0.11697288602590561,0.5991905927658081,-0.11735931038856506,-0.1570662409067154,0.8955440521240234,-0.1954004317522049,0.8216542601585388,0.0679331123828888,0.01430200133472681,0.014466328546404839,0.059982601553201675,0.7811294198036194,1.0299142599105835,0.8460876941680908,0.650944173336029,0.05791624262928963,0.01199532300233841,0.0109160877764225,0.03327551111578941,0.9318685531616211,1.7151522636413574,-0.06018255786344546,0.06839879497187534,0.5917694043549984,-0.10433799424643149,-0.27142325482615565,1.0279312834984118
44256,44,0.600606381893158,-0.10898211598396301,0.5961540937423706,-0.10964998602867126,-0.40541160106658936,0.777007520198822,-0.34193629026412964,0.7868590950965881,0.06635577231645584,0.013774423860013485,0.013918369077146053,0.0745733380317688,0.7825067639350891,1.0274757146835327,0.8451900482177734,0.6528018712997437,0.057908281683921814,0.011024474166333675,0.010508048348128796,0.04141983017325401,4.911506175994873,4.081592559814453,-0.07761482822737675,0.056674514292265415,0.5890551718067372,-0.09405868141144665,-0.2714232548261028,1.0279312834984118
44257,44,0.5968897938728333,-0.1005866527557373,0.5927689671516418,-0.10101903975009918,-0.3780951201915741,0.8570997714996338,-0.3663734793663025,0.896370530128479,0.0895032286643982,0.01331221591681242,0.013438357971608639,0.07171893119812012,0.7820790410041809,1.0246596336364746,0.8442636132240295,0.6555324792861938,0.07199451327323914,0.00969136692583561,0.00999758392572403,0.04209842532873154,4.192020893096924,10.876008987426758,-0.054478080146156405,0.09464971561423083,0.5862616772509913,-0.08364316671596396,-0.3542084475940293,1.170187297880585
44258,44,0.5932299494743347,-0.09061618149280548,0.5890951156616211,-0.09142602235078812,-0.37526458501815796,1.0813689231872559,-0.3919244110584259,0.9853917360305786,0.09028730541467667,0.012907055206596851,0.013017633929848671,0.06992925703525543,0.7828301191329956,1.021601676940918,0.8431464433670044,0.6585228443145752,0.07802504301071167,0.009187914431095123,0.00952879898250103,0.04139765724539757,3.8130927085876465,4.804487228393555,-0.059052884033099995,0.09047043570463464,0.5826466171091317,-0.07181589416951144,-0.36150601418594164,1.1827272546451713
44259,44,0.5889259576797485,-0.08027686178684235,0.5844890475273132,-0.0816526859998703,-0.4475696384906769,1.0300025939941406,-0.48657119274139404,1.0084830522537231,0.09022293984889984,0.012551465071737766,0.012648413889110088,0.08512838184833527,0.7844260334968567,1.018385410308838,0.841881513595581,0.6610356569290161,0.08017197996377945,0.008237031288444996,0.008818371221423149,0.050483424216508865,-0.8487403392791748,8.915877342224121,-0.08836710302180702,0.08985145609175854,0.5790315569672719,-0.05998862162305892,-0.3994142097181926,1.2534841709393612
44260,44,0.5836765170097351,-0.06943930685520172,0.5793464183807373,-0.07111451029777527,-0.5779343247413635,1.121467113494873,-0.5346611738204956,1.0954338312149048,0.09819933027029037,0.012239895761013031,0.01232492458075285,0.08348570019006729,0.7857799530029297,1.0148836374282837,0.8405529260635376,0.6642481088638306,0.08517390489578247,0.00773678719997406,0.008749254047870636,0.05106637626886368,5.462455749511719,6.675281524658203,-0.07385486533547066,0.10009633467178197,0.5745706782465901,-0.046582600377504634,-0.447116222923858,1.3425215758611548
44261,44,0.5784803628921509,-0.05792201682925224,0.5739856362342834,-0.0594601072371006,-0.4967047870159149,1.1637821197509766,-0.5499081611633301,1.209222435951233,0.1163245439529419,0.011966574005782604,0.012041169218719006,0.08322221040725708,0.7861047983169556,1.0110691785812378,0.839330792427063,0.6677917242050171,0.09694420546293259,0.006547615397721529,0.008540079928934574,0.05288930982351303,3.5975050926208496,13.550496101379395,-0.08167358316191227,0.12093605447108718,0.5700995160173516,-0.03315738461889296,-0.447116222923858,1.3425215758611548
44262,44,0.5737788677215576,-0.04493468999862671,0.5687345862388611,-0.04666393995285034,-0.4630057215690613,1.3799504041671753,-0.5196670293807983,1.315752625465393,0.11510355025529861,0.01172678079456091,0.01179223321378231,0.08282453566789627,0.7873445153236389,1.006787896156311,0.8379572629928589,0.6717245578765869,0.10224045068025589,0.005875315982848406,0.008105477318167686,0.05388913303613663,0.10849475860595703,12.137767791748047,-0.08048524064090559,0.10848917223811441,0.5649078611303081,-0.01826882973418308,-0.5282538810398518,1.5073142471463747
44263,44,0.5684444904327393,-0.030853906646370888,0.5632182359695435,-0.03332872316241264,-0.5628189444541931,1.4545923471450806,-0.5573943853378296,1.3795827627182007,0.11306542903184891,0.011516254395246506,0.011573689989745617,0.10314993560314178,0.7893300652503967,1.0020841360092163,0.8366287350654602,0.6752545833587646,0.10161108523607254,0.005132158286869526,0.008091318421065807,0.067177414894104,3.5835647583007812,11.545238494873047,-0.10790407196694056,0.1019891542334431,0.5596253223199097,-0.0031956872627191997,-0.5282538810398518,1.5073142471463747
44264,44,0.5632064938545227,-0.01576394960284233,0.5578104257583618,-0.018683338537812233,-0.5135405659675598,1.5312366485595703,-0.5425931811332703,1.5206013917922974,0.11503639817237854,0.011331736110150814,0.011382154189050198,0.11149100959300995,0.791170597076416,0.9970310926437378,0.8352269530296326,0.6793439984321594,0.10327804088592529,0.004479771014302969,0.007629900239408016,0.07502712309360504,-1.4790844917297363,15.88686752319336,-0.11365536355066488,0.11556247457176379,0.5537386716714794,0.013167383123320444,-0.6049189885339762,1.671013178378492
44265,44,0.5575184226036072,0.00032495148479938507,0.5523269772529602,-0.002832698170095682,-0.6062907576560974,1.6661781072616577,-0.5568739175796509,1.6412512063980103,0.11366833001375198,0.011169537901878357,0.011213792487978935,0.11903855949640274,0.7932646870613098,0.9915571212768555,0.8337651491165161,0.6838403344154358,0.10332953929901123,0.0039168596267700195,0.007593618240207434,0.0821794718503952,2.4115967750549316,14.853954315185547,-0.12099882999212636,0.1062379909431563,0.5476894817861404,0.029877514907105517,-0.6049189885339232,1.6710131783784947
44266,44,0.5517940521240234,0.017588691785931587,0.5467820763587952,0.014397932216525078,-0.5646387934684753,1.7603906393051147,-0.5676092505455017,1.7768633365631104,0.11717909574508667,0.011027251370251179,0.011066104285418987,0.13320127129554749,0.7952478528022766,0.9859344363212585,0.8320915699005127,0.6882038712501526,0.10706176608800888,0.0037307424936443567,0.007006382569670677,0.09261377900838852,-3.118293285369873,13.877310752868652,-0.13715120686498367,0.11810743405213876,0.5411436157812989,0.047538699481013,-0.6771115454060722,1.8092500090681671
44267,44,0.5450717806816101,0.0349479541182518,0.5404884815216064,0.03222465515136719,-0.7250269651412964,1.740725040435791,-0.6565402150154114,1.8126721382141113,0.1159675344824791,0.010902299545705318,0.01093641109764576,0.1451570838689804,0.7975927591323853,0.9800781011581421,0.8304618000984192,0.6927388906478882,0.10678725689649582,0.0033075916580855846,0.007277564145624638,0.10323435813188553,3.7993574142456055,14.256210327148438,-0.14866471693668987,0.10941771843910714,0.5343725003272388,0.06563119957169375,-0.6771115454061251,1.8092500090681671
44268,44,0.5388095378875732,0.05296015739440918,0.5341878533363342,0.0511113665997982,-0.5885953903198242,1.8136622905731201,-0.637769341468811,1.9127752780914307,0.12875300645828247,0.01079256646335125,0.010822519659996033,0.14463666081428528,0.7990534901618958,0.9741201996803284,0.8287544250488281,0.6977459788322449,0.11539993435144424,0.0030356745701283216,0.006681679282337427,0.10596034675836563,-3.03452730178833,17.390241622924805,-0.1420057788392791,0.13222451353608952,0.5272031993709616,0.08435098077099266,-0.7448315516562987,1.9159326490930595
44269,44,0.5320571660995483,0.07129411399364471,0.5274389386177063,0.07005397230386734,-0.7174057960510254,1.8619508743286133,-0.6891267895698547,1.8911155462265015,0.12560176849365234,0.01069618109613657,0.010722486302256584,0.14848940074443817,0.8012245893478394,0.9679216146469116,0.8270363807678223,0.7028550505638123,0.11690858751535416,0.002720624441280961,0.0069953459315001965,0.11071786284446716,2.7715492248535156,15.28674602508545,-0.1496411169329813,0.10900653878715408,0.5197548838543992,0.10351030726192348,-0.7448315516562987,1.915932649093066
44270,44,0.5256059765815735,0.09022542089223862,0.5207321047782898,0.08921587467193604,-0.6124338507652283,1.9009883403778076,-0.6702466011047363,1.9177485704421997,0.12584839761257172,0.0106116384267807,0.010634738951921463,0.15228062868118286,0.8035191297531128,0.9615936279296875,0.8253975510597229,0.7080033421516418,0.11700116842985153,0.00246836943551898,0.00674976222217083,0.11574776470661163,-1.0520482063293457,17.748510360717773,-0.1534655863446813,0.12591774746245207,0.511997928351662,0.12303625156129451,-0.8080790072846027,1.9910610984531851
44271,44,0.5191444754600525,0.10942648351192474,0.5139849185943604,0.10822750627994537,-0.6629730463027954,1.9368703365325928,-0.6706380844116211,1.8924857378005981,0.12277720123529434,0.010537330061197281,0.01055761706084013,0.15535205602645874,0.8060798645019531,0.955250084400177,0.8236153721809387,0.713124692440033,0.11659044772386551,0.00260801799595356,0.006542615592479706,0.11935117840766907,-1.0695254802703857,14.375762939453125,-0.15630816924711233,0.10647897779378591,0.5039171382788165,0.1429468625458266,-0.8080790072846027,1.9910610984531851
44272,44,0.5121678709983826,0.12826384603977203,0.5070804357528687,0.12691117823123932,-0.7104296088218689,1.855506181716919,-0.6939036250114441,1.8655624389648438,0.12074484676122665,0.010472054593265057,0.010489875450730324,0.158020481467247,0.8088719248771667,0.9489901661872864,0.8216980695724487,0.7181608080863953,0.11593233793973923,0.002451893175020814,0.006210047751665115,0.12339580059051514,-4.57752799987793,17.944154739379883,-0.1588612451032898,0.10989447674250954,0.4956083086345943,0.1630265364199526,-0.8668539122909842,2.0346353571485243
44273,44,0.5045892000198364,0.14697255194187164,0.5000477433204651,0.14557427167892456,-0.7990381121635437,1.8795686960220337,-0.719186007976532,1.8615769147872925,0.11954781413078308,0.010414759628474712,0.010430416092276573,0.1554085910320282,0.8117985725402832,0.9427228569984436,0.819694459438324,0.7233319282531738,0.11504760384559631,0.0026293667033314705,0.006247956305742264,0.12314128130674362,0.8346915245056152,13.938371658325195,-0.1425364589146265,0.11312452976815679,0.4869397695116845,0.18337288999143933,-0.8668539122909842,2.034635357148537
44274,44,0.49688369035720825,0.16540025174617767,0.49268457293510437,0.16418227553367615,-0.7490582466125488,1.8048391342163086,-0.7550805807113647,1.8548333644866943,0.12257353961467743,0.010364397428929806,0.010378147475421429,0.1530989706516266,0.8143335580825806,0.9365299344062805,0.8177449107170105,0.7284660339355469,0.11673487722873688,0.0023162891156971455,0.00610934104770422,0.12365712225437164,-2.0883560180664062,19.5867919921875,-0.14166568185800477,0.12339381338725933,0.47811484613095284,0.2037538599150021,-0.9211562666754168,2.046655425179096
44275,44,0.4893253743648529,0.18392498791217804,0.48511672019958496,0.18270456790924072,-0.7681208252906799,1.8731656074523926,-0.7677949070930481,1.8337693214416504,0.1209556981921196,0.010320129804313183,0.010332207195460796,0.14843693375587463,0.8171396255493164,0.9302293062210083,0.8155945539474487,0.7337168455123901,0.11823618412017822,0.002276604063808918,0.005771878641098738,0.1218104213476181,-4.0311503410339355,18.314319610595703,-0.12520213544376077,0.1123251194084976,0.4689032834641985,0.22422041416679456,-0.9211562666754433,2.046655425179109
44276,44,0.4810170531272888,0.2024516612291336,0.4770257771015167,0.2006687968969345,-0.8636823892593384,1.8518164157867432,-0.8302846550941467,1.7856404781341553,0.11940591037273407,0.010281275026500225,0.010291886515915394,0.14545249938964844,0.8204775452613831,0.9241143465042114,0.8130853176116943,0.7387470602989197,0.11965704709291458,0.0026468364521861076,0.005270750727504492,0.1196586936712265,-7.232059478759766,15.051350593566895,-0.13042640869176794,0.11109611821813908,0.4595980467519333,0.24465024661447468,-0.9709860704379535,2.0271213025449013
44277,44,0.4712654650211334,0.2201271504163742,0.4680001139640808,0.2181074172258377,-1.0332523584365845,1.7305344343185425,-0.9392215609550476,1.7398072481155396,0.12146012485027313,0.01024711038917303,0.010256429202854633,0.14166676998138428,0.8240119218826294,0.918134331703186,0.810335099697113,0.7436672449111938,0.12229306250810623,0.0025178107898682356,0.004938374739140272,0.11818402260541916,-6.619923114776611,17.390419006347656,-0.122485554556715,0.12200469653821217,0.4498881860475537,0.2649214596399251,-0.9709860704379535,2.0271213025449146
44278,44,0.4607057273387909,0.2376357764005661,0.45834362506866455,0.23569031059741974,-1.0890363454818726,1.749551773071289,-1.0074970722198486,1.7554290294647217,0.141205295920372,0.010217112489044666,0.010225298814475536,0.13453105092048645,0.8264435529708862,0.9120582938194275,0.8074207901954651,0.7487542033195496,0.13663683831691742,0.00234242994338274,0.004844550509005785,0.11463269591331482,-5.059969425201416,18.6551513671875,-0.09789130140460231,0.14682128787721255,0.4401384164087291,0.2851477210864067,-1.0126689515058789,1.9801716321007514
44279,44,0.4498438537120819,0.2554128170013428,0.44785627722740173,0.2533065974712372,-1.0931119918823242,1.7869210243225098,-1.0979548692703247,1.7543108463287354,0.15202024579048157,0.010190781205892563,0.010197978466749191,0.128163680434227,0.82902592420578,0.9059780240058899,0.8043226599693298,0.75383460521698,0.15090230107307434,0.0023705135099589825,0.004580230917781591,0.11022842675447464,-7.441117763519287,17.708961486816406,-0.09489504890941092,0.15536687994380252,0.4299749831729434,0.30490805097886725,-1.0163433235785675,1.9760329892459265
44280,44,0.4384065568447113,0.2730194330215454,0.4361531436443329,0.27056220173835754,-1.1666380167007446,1.753874659538269,-1.2130576372146606,1.7183293104171753,0.1556522101163864,0.010167617350816727,0.010173941031098366,0.12291271239519119,0.8322991132736206,0.8999363780021667,0.8013141751289368,0.7588022947311401,0.15739396214485168,0.0024383263662457466,0.004837640095502138,0.10650508850812912,-2.692232131958008,15.277018547058105,-0.09514874673632664,0.15677446161021855,0.4198115499371578,0.32466838087132777,-1.0344470675152253,1.9394388932179145
44281,44,0.4273969531059265,0.29037031531333923,0.42397114634513855,0.2878720760345459,-1.062586784362793,1.7110751867294312,-1.2212772369384766,1.729384422302246,0.16573408246040344,0.010147272609174252,0.010152829810976982,0.11712484806776047,0.8352921009063721,0.8940561413764954,0.798407256603241,0.7636282444000244,0.16592368483543396,0.0025401138700544834,0.004714296665042639,0.10234935581684113,-5.964208602905273,16.567869186401367,-0.08610550470384348,0.1689599731746712,0.4092441807515635,0.3436122127516528,-1.0572280260972593,1.8933904852821584
44282,44,0.41658467054367065,0.3072303533554077,0.4119049906730652,0.30489209294319153,-1.085402011871338,1.6747506856918335,-1.1747063398361206,1.684695839881897,0.16365844011306763,0.010129369795322418,0.010134250856935978,0.11058099567890167,0.8387227058410645,0.8881250619888306,0.7956202030181885,0.7685157656669617,0.16786104440689087,0.002290153643116355,0.004955171141773462,0.09827197343111038,-3.529963493347168,18.03778839111328,-0.07507602261463683,0.15365243422729633,0.398671900490591,0.3625461176044758,-1.0572280260972593,1.8933904852821584
44283,44,0.40635526180267334,0.3243645429611206,0.4009169936180115,0.3218420147895813,-0.9931804537773132,1.7244676351547241,-1.0541319847106934,1.685192584991455,0.16240711510181427,0.010113675147294998,0.010117962025105953,0.10376384854316711,0.8424543142318726,0.8823475241661072,0.7927463054656982,0.7732512950897217,0.16886602342128754,0.0027458772528916597,0.004595011007040739,0.09218405187129974,-8.29438304901123,14.218931198120117,-0.06604300737603136,0.15633188416914126,0.38777628469460734,0.38046596952631806,-1.093640177994002,1.7791937906536368
44284,44,0.39551132917404175,0.34058061242103577,0.3901621401309967,0.33795833587646484,-1.108227252960205,1.5841984748840332,-1.0565212965011597,1.5929174423217773,0.15868230164051056,0.010099885053932667,0.010103652253746986,0.09876812249422073,0.8465331196784973,0.8767302632331848,0.789780855178833,0.7778186798095703,0.16753143072128296,0.0025672712363302708,0.004506356082856655,0.08867555856704712,-9.101081848144531,17.19314956665039,-0.07070718590438096,0.14049435679939198,0.3768398829146673,0.3982579074328556,-1.0936401779940284,1.7791937906536368
44285,44,0.38439303636550903,0.35672181844711304,0.37985771894454956,0.3539374768733978,-1.1217864751815796,1.6253561973571777,-1.0260016918182373,1.591274619102478,0.1583067774772644,0.010087763890624046,0.010091072879731655,0.09109348803758621,0.850587785243988,0.8710094690322876,0.7868170142173767,0.7825097441673279,0.16635677218437195,0.0024984197225421667,0.004532946273684502,0.08304604887962341,-6.775903701782227,16.258277893066406,-0.0473256592385283,0.15646588736607783,0.3656518009132695,0.41490134587089667,-1.1255797792688487,1.633442905360335
44286,44,0.3733750879764557,0.37297362089157104,0.36955779790878296,0.3698277473449707,-1.0904871225357056,1.6206797361373901,-1.0403895378112793,1.5839039087295532,0.1581912636756897,0.010077111423015594,0.01008001808077097,0.08528942614793777,0.8545255064964294,0.8654332756996155,0.7837669253349304,0.7870170474052429,0.1672995686531067,0.002743934514001012,0.004251562524586916,0.07769224047660828,-9.291282653808594,14.559779167175293,-0.05162259242490014,0.1576248200660752,0.3543960031205816,0.4312357749245,-1.1255797792688487,1.633442905360335
44287,44,0.36198532581329346,0.38861697912216187,0.358708918094635,0.38530367612838745,-1.1575113534927368,1.538000226020813,-1.103981852531433,1.5355606079101562,0.1570543497800827,0.010067758150398731,0.010070309974253178,0.08040221035480499,0.8586623072624207,0.8602477312088013,0.7805455327033997,0.7911335229873657,0.16814664006233215,0.003368095960468054,0.004102263133972883,0.07263685762882233,-9.097380638122559,9.771261215209961,-0.051634734579379254,0.15146780129047632,0.3429512353187465,0.446396542484307,-1.1530468299217465,1.4628495935163963
44288,44,0.3500576615333557,0.40287697315216064,0.34721070528030396,0.4001674950122833,-1.1988987922668457,1.362120509147644,-1.167136788368225,1.461021900177002,0.15978574752807617,0.010059528984129429,0.010061769746243954,0.07456917315721512,0.8626225590705872,0.8553674817085266,0.7773835062980652,0.7950869798660278,0.16967160999774933,0.0033153968397527933,0.004159212112426758,0.06818269193172455,-8.524290084838867,13.889374732971191,-0.03981437146680036,0.16062873248604642,0.3314207670195296,0.4610250384194709,-1.1530468299217729,1.4628495935163963
44289,44,0.3384462296962738,0.41675564646720886,0.33570626378059387,0.4146767258644104,-1.153726577758789,1.3809565305709839,-1.1593170166015625,1.413439393043518,0.16500011086463928,0.010052320547401905,0.010054292157292366,0.06593222916126251,0.8661870956420898,0.8505347967147827,0.7743061780929565,0.799109160900116,0.17359568178653717,0.0034501152113080025,0.004266305360943079,0.06104131042957306,-6.110681533813477,12.450165748596191,-0.013242266923225887,0.16675477911321887,0.31975509382223116,0.4746622531557335,-1.1760413299527748,1.2942609115783388
44290,44,0.3272818922996521,0.4303085505962372,0.3240790367126465,0.42833995819091797,-1.0888941287994385,1.3306427001953125,-1.1642171144485474,1.3195446729660034,0.1639849841594696,0.010045976378023624,0.01004770677536726,0.059083860367536545,0.8699868321418762,0.8461573719978333,0.7711012363433838,0.8026983737945557,0.17660412192344666,0.004233873449265957,0.003914899192750454,0.05393088981509209,-10.626209259033203,8.11227798461914,-0.01652281421917018,0.15907195302864907,0.3079946805227043,0.487604862271517,-1.1760413299527483,1.2942609115783388
44291,44,0.3155026435852051,0.4422023296356201,0.3119537830352783,0.4404159188270569,-1.2023192644119263,1.1196672916412354,-1.2068452835083008,1.1545144319534302,0.16114568710327148,0.010040398687124252,0.01004191767424345,0.05243699625134468,0.8742772340774536,0.8423218727111816,0.767755925655365,0.8059049248695374,0.1764877587556839,0.004614719655364752,0.0037532581482082605,0.04780087620019913,-11.781996726989746,8.807754516601562,-0.01036746954703116,0.14735140390312362,0.2961438823349185,0.4997673138261404,-1.1945632793618277,1.1343886236603582
44292,44,0.30323565006256104,0.4528729319572449,0.29999271035194397,0.4514019191265106,-1.2461313009262085,1.0252976417541504,-1.1902296543121338,1.0476852655410767,0.16285817325115204,0.020084794610738754,0.01003683265298605,0.04673153534531593,0.8785462975502014,0.8373330235481262,0.764316737651825,0.8090576529502869,0.17795926332473755,0.011254940181970596,0.0035380509216338396,0.043383993208408356,-13.500518798828125,15.334127426147461,0.02155723353906236,0.16340631820577906,0.28419824954130163,0.5111112000627431,-1.1945632793618277,1.1343886236603318
44293,44,0.2906332314014435,0.4639131724834442,0.28828877210617065,0.46163514256477356,-1.2882519960403442,1.1422556638717651,-1.1812127828598022,0.9866562485694885,0.1681428700685501,0.03481896594166756,0.010032367892563343,0.04186137393116951,0.8825845718383789,0.8316918015480042,0.7607426047325134,0.8121151924133301,0.18287241458892822,0.022253964096307755,0.003490167437121272,0.03868533670902252,-9.38870620727539,9.034843444824219,0.037266229181778215,0.16989107431572303,0.272198106768004,0.521868619587888,-1.2086126781489581,0.9832327297624018
44294,44,0.27777644991874695,0.47460535168647766,0.2759951651096344,0.47110968828201294,-1.2734349966049194,1.029138207435608,-1.2615680694580078,0.9376316070556641,0.17450517416000366,0.032731737941503525,0.010028441436588764,0.037681929767131805,0.8863236308097839,0.8280273675918579,0.757307767868042,0.8148806691169739,0.18816223740577698,0.02323509007692337,0.0037160604260861874,0.03464176878333092,-7.588646411895752,6.815829277038574,0.018662454895026548,0.1766313373138019,0.260111979986515,0.531700946885512,-1.2086126781489845,0.983232729762349
44295,44,0.2655430734157562,0.48425331711769104,0.26319801807403564,0.4804289638996124,-1.1827033758163452,0.9105939865112305,-1.2897073030471802,0.9226821064949036,0.17509977519512177,0.03418111056089401,0.010024989023804665,0.03408481180667877,0.8899863958358765,0.8247070908546448,0.7542545199394226,0.8174373507499695,0.1888199895620346,0.024036703631281853,0.004119934048503637,0.03147266060113907,-5.324852466583252,8.244668960571289,0.034420306526973476,0.17529937291849157,0.2479982730326808,0.5411230655333384,-1.2181895263142055,0.8407932298844167
44296,44,0.25470802187919617,0.49324607849121094,0.25081902742385864,0.48965901136398315,-1.0257030725479126,0.870272159576416,-1.1967685222625732,0.8992639780044556,0.1726767122745514,0.048502203077077866,0.010021956637501717,0.030982358381152153,0.89372318983078,0.8203219771385193,0.7512627840042114,0.8197326064109802,0.18876802921295166,0.033804479986429214,0.00384923885576427,0.028522761538624763,-11.64250373840332,9.376523971557617,0.051027427015182425,0.1611980583669801,0.23581637776953956,0.5495309978321831,-1.2181895263142055,0.8407932298844696
44297,44,0.24377885460853577,0.5014787912368774,0.2391587495803833,0.49798187613487244,-1.1138159036636353,0.8111891746520996,-1.115389108657837,0.8005573153495789,0.16606444120407104,0.05531734600663185,0.010019296780228615,0.02830575965344906,0.8979155421257019,0.8165463209152222,0.7482039332389832,0.8219375610351562,0.18469935655593872,0.039707500487565994,0.003843360347673297,0.02624710649251938,-10.620144844055176,8.61407470703125,0.056692105518972497,0.13431347179426673,0.22362488704014577,0.5576875467548505,-1.2232938238575042,0.707070124026588
44298,44,0.2327059805393219,0.5095396041870117,0.2284662425518036,0.5058099031448364,-1.1006559133529663,0.8049031496047974,-1.0350545644760132,0.7701799273490906,0.16233456134796143,0.06297772377729416,0.010016956366598606,0.025981226935982704,0.9022192358970642,0.8129394054412842,0.7450719475746155,0.8240311741828918,0.18088752031326294,0.04564444720745087,0.00359475240111351,0.024069251492619514,-12.50858211517334,7.78425931930542,0.06449611938198466,0.14427511640965668,0.2113919488015708,0.564758247995117,-1.2232938238575042,0.707070124026588
44299,44,0.22126126289367676,0.5172054171562195,0.21803443133831024,0.5131524801254272,-1.1647627353668213,0.7499803900718689,-1.0420085191726685,0.7191611528396606,0.15841977298259735,0.06423059105873108,0.010014896281063557,0.023963000625371933,0.9065102338790894,0.8100991249084473,0.7419628500938416,0.8258926272392273,0.17627201974391937,0.0483844093978405,0.003779694437980652,0.021892372518777847,-7.890958786010742,2.699899673461914,0.0644824050213079,0.13930892728476893,0.19915845470159055,0.5717189583447875,-1.2238743932254816,0.5921901535381534
44300,44,0.2101040631532669,0.5238901972770691,0.207584947347641,0.5201109647750854,-1.0817228555679321,0.6082075834274292,-1.0491687059402466,0.6706313490867615,0.15643097460269928,0.06919954717159271,0.010013088583946228,0.02220931462943554,0.9106730818748474,0.8077123165130615,0.7387425899505615,0.827242910861969,0.17474590241909027,0.05339909344911575,0.003344671567901969,0.019651930779218674,-13.961882591247559,0.9022068977355957,0.07023714476281688,0.14664903318456246,0.1869191989938018,0.5775395924666755,-1.2239255707788805,0.582063412188757
44301,44,0.1983156055212021,0.5286180973052979,0.1965101808309555,0.5258064270019531,-1.2144438028335571,0.39932772517204285,-1.1199015378952026,0.512046754360199,0.15222197771072388,0.08682972937822342,0.010011504404246807,0.02068501152098179,0.915137529373169,0.8048502206802368,0.735247015953064,0.8282866477966309,0.17304211854934692,0.0651116669178009,0.0029967373702675104,0.018197402358055115,-16.758403778076172,4.294030666351318,0.09096417434778958,0.13132045688262622,0.17467994328601305,0.5833602265885636,-1.2221639080016642,0.530570066110839
44302,44,0.18564102053642273,0.5324772000312805,0.18519693613052368,0.5303618311882019,-1.3174464702606201,0.37900251150131226,-1.148482322692871,0.39827463030815125,0.15179790556430817,0.11614421010017395,0.010010108351707458,0.019352875649929047,0.9196105599403381,0.8010070323944092,0.7317367196083069,0.8294207453727722,0.17092712223529816,0.08295109868049622,0.0031545062083750963,0.01738404482603073,-11.34310245513916,6.8550825119018555,0.12337202911162837,0.1496889040514361,0.16247999430558743,0.5880319263392185,-1.2199471087084592,0.46577309437097664
44303,44,0.17316000163555145,0.5370702147483826,0.1738094538450241,0.5342550277709961,-1.2328214645385742,0.49032050371170044,-1.1813534498214722,0.3531784415245056,0.16215099394321442,0.12646225094795227,0.01000888179987669,0.018190374597907066,0.9230381846427917,0.7977668642997742,0.7284787893295288,0.8308217525482178,0.17563849687576294,0.09239959716796875,0.0034989609848707914,0.01698163151741028,-7.914895057678223,8.825469017028809,0.1292223167427256,0.1653823220145267,0.15028052321850285,0.5926896572829286,-1.2199471087084592,0.46577309437097664
44304,44,0.16174201667308807,0.5427942872047424,0.16169054806232452,0.5380386114120483,-1.0917052030563354,0.6124180555343628,-1.2597295045852661,0.39701035618782043,0.16054484248161316,0.12415480613708496,0.010007803328335285,0.017176378518342972,0.9266080260276794,0.7956059575080872,0.725190281867981,0.8320329785346985,0.17892393469810486,0.09619233012199402,0.003170098876580596,0.015389795415103436,-11.308955192565918,-0.3698587417602539,0.11193000192045545,0.1527140227652728,0.13816220805793425,0.5963921447051074,-1.2108078041667532,0.35819917057324685
44305,44,0.15002921223640442,0.5472162961959839,0.148030623793602,0.541570782661438,-1.1801080703735352,0.3712567090988159,-1.373791217803955,0.37015464901924133,0.1552961766719818,0.11885683238506317,0.01000685803592205,0.016291359439492226,0.9307615160942078,0.7944299578666687,0.7219076752662659,0.8331239223480225,0.17613887786865234,0.09390051662921906,0.0031379410065710545,0.014793255366384983,-12.758574485778809,4.416382312774658,0.09047480462992347,0.12945263965139228,0.12605413001626672,0.59997413641084,-1.2108078041667598,0.35819917057324685
44306,44,0.13831089437007904,0.551296055316925,0.13505086302757263,0.5456988215446472,-1.1837409734725952,0.4194701313972473,-1.2396811246871948,0.4277276396751404,0.15296737849712372,0.1233060285449028,0.01000602450221777,0.015516075305640697,0.9350794553756714,0.7929772138595581,0.7185137271881104,0.8340821862220764,0.17363858222961426,0.09557781368494034,0.0029364079236984253,0.013754422776401043,-11.783760070800781,0.11096954345703125,0.12452221803371241,0.14143067104150325,0.11405982014674518,0.6027771426567027,-1.1963699987838148,0.25934164079556765
44307,44,0.12615379691123962,0.5547477602958679,0.12291372567415237,0.5496769547462463,-1.2288812398910522,0.30215272307395935,-1.1834443807601929,0.3790871500968933,0.1509268879890442,0.1220577135682106,0.010005294345319271,0.014837976545095444,0.9393531084060669,0.791814923286438,0.7151049971580505,0.8349012136459351,0.17127400636672974,0.09612823277711868,0.0029286255594342947,0.013184238225221634,-11.476279258728027,2.303328514099121,0.11539900933793085,0.14076054677911304,0.1020961201589069,0.6053705590646581,-1.1963699987838148,0.25934164079556765
44308,44,0.11401056498289108,0.5578346252441406,0.11148586869239807,0.5533377528190613,-1.2129005193710327,0.29893848299980164,-1.125572919845581,0.3392469584941864,0.15034954249858856,0.1291704773902893,0.010004653595387936,0.014243253506720066,0.943520188331604,0.7904374599456787,0.7116637229919434,0.8355767726898193,0.170187845826149,0.10031117498874664,0.002826526528224349,0.0124305235221982,-11.605642318725586,0.510408878326416,0.1310916441717622,0.14747223664958836,0.09026820358716166,0.607343815286365,-1.1766336925598029,0.16920050503783327
44309,44,0.10175769031047821,0.5603258013725281,0.10015719383955002,0.5562364459037781,-1.224532961845398,0.22072815895080566,-1.1331751346588135,0.2565227150917053,0.1494780033826828,0.12966740131378174,0.010004091076552868,0.013723067007958889,0.9475813508033752,0.7893902659416199,0.7082968354225159,0.8361726999282837,0.1687774360179901,0.1022326722741127,0.002919871127232909,0.012021315284073353,-10.767557144165039,2.0900940895080566,0.12980808428895008,0.14511874461065832,0.07850186666156284,0.6090358203367439,-1.1766336925598029,0.16920050503788614
44310,44,0.08984842151403427,0.562626302242279,0.08894052356481552,0.5586119890213013,-1.1696743965148926,0.2288508117198944,-1.123399019241333,0.21358348429203033,0.14913775026798248,0.13767088949680328,0.010003595612943172,0.013267225585877895,0.9514817595481873,0.7881960272789001,0.7050458788871765,0.8365928530693054,0.16744492948055267,0.10780438780784607,0.0029947906732559204,0.011243563145399094,-9.347827911376953,-1.7283046245574951,0.13998222046522607,0.14743359061383507,0.0668827313943225,0.6102490576864553,-1.1515988854946242,0.08777576330025526
44311,44,0.07836584001779556,0.5641375780105591,0.07744777202606201,0.5602391362190247,-1.1200982332229614,0.10373775660991669,-1.1588573455810547,0.1292385309934616,0.14750424027442932,0.13754358887672424,0.010003160685300827,0.012867758981883526,0.9553762078285217,0.7876837849617004,0.7017368674278259,0.8366175293922424,0.16703656315803528,0.11216793209314346,0.0026953762862831354,0.010449410416185856,-13.86490249633789,-3.717411756515503,0.13688834633790953,0.13930173211776117,0.055366742539376096,0.6111268153194579,-1.151598885494631,0.08777576330025526
44312,44,0.0665159821510315,0.5641264915466309,0.06548479199409485,0.5607162117958069,-1.2073265314102173,-0.05943537503480911,-1.195326328277588,0.00085439532995224,0.1448393613100052,0.1506926417350769,0.01000277791172266,0.012517259456217289,0.9593793153762817,0.7869748473167419,0.6984889507293701,0.8366314172744751,0.16413523256778717,0.11880221962928772,0.002861522603780031,0.01037126500159502,-11.73234748840332,1.8198490142822266,0.1546288960663745,0.13140719743575083,0.043998776583371306,0.6116497649493343,-1.121265577588303,0.015067415582674975
44313,44,0.055066995322704315,0.5642728209495544,0.05412030592560768,0.5607852339744568,-1.131433367729187,0.03466952592134476,-1.124169945716858,-0.022447826340794563,0.14503265917301178,0.17306508123874664,0.0100024389103055,0.012210051529109478,0.9631215929985046,0.7852909564971924,0.6953957080841064,0.8369306921958923,0.16241209208965302,0.12973015010356903,0.002904308959841728,0.01065114140510559,-11.654753684997559,7.4791669845581055,0.180381866003764,0.14509124911873023,0.032786120807488175,0.6118004391051611,-1.121265577588303,0.015067415582674975
44314,44,0.04409635812044144,0.5658245086669922,0.04321027919650078,0.5608174800872803,-1.0927276611328125,0.22396528720855713,-1.0876660346984863,0.020405955612659454,0.14317886531352997,0.17196327447891235,0.010002142749726772,0.011940404772758484,0.9667331576347351,0.7840598821640015,0.6924291253089905,0.8372719883918762,0.15980632603168488,0.13543537259101868,0.0031398897990584373,0.010126824490725994,-5.94247579574585,-1.975020170211792,0.16672685840325346,0.1337893252840821,0.0217117121694468,0.6117028321673629,-1.0856337688408215,-0.048924538114801845
44315,44,0.03372780233621597,0.567202627658844,0.03214086964726448,0.5611787438392639,-0.9807096123695374,0.09886761009693146,-1.1011202335357666,0.06755422800779343,0.14061515033245087,0.16561457514762878,0.01000188384205103,0.011704006232321262,0.9702682495117188,0.783863365650177,0.6895403265953064,0.837378978729248,0.157656729221344,0.13578364253044128,0.002904308959841728,0.009722060523927212,-12.17918872833252,-1.8206310272216797,0.1351584095753838,0.12754724864954703,0.010855374481038486,0.6112135867862145,-1.0856337688408224,-0.048924538114801845
44316,44,0.0233326219022274,0.5675688982009888,0.02112242765724659,0.5616658329963684,-1.053322196006775,0.012470386922359467,-1.0651471614837646,0.05173826217651367,0.13551603257656097,0.163066104054451,0.010001655668020248,0.011496356688439846,0.9739800095558167,0.7840344309806824,0.6866894364356995,0.8374548554420471,0.15269619226455688,0.13367658853530884,0.003093128325417638,0.009526754729449749,-8.852842330932617,-1.862499713897705,0.15073720898727963,0.10933250845344014,0.00011691116769047862,0.6105651544329017,-1.0447034592521818,-0.10420009779233382
44317,44,0.013278475031256676,0.5677297115325928,0.011139212176203728,0.5623396635055542,-0.9720647931098938,0.00832262635231018,-0.9562155604362488,0.06393478810787201,0.13292157649993896,0.16283650696277618,0.010001454502344131,0.01131435763090849,0.9775525331497192,0.784115731716156,0.6839346885681152,0.837520182132721,0.14880192279815674,0.13239780068397522,0.002954893046990037,0.009450138546526432,-11.819806098937988,1.1897063255310059,0.16171933452840884,0.11944743277541794,-0.010330123424831429,0.6095231534549783,-1.0447034592521813,-0.10420009779233382
44318,44,0.003369478043168783,0.5679671764373779,0.001827184110879898,0.5627950429916382,-1.0039279460906982,0.03389255329966545,-0.9112926125526428,0.03109794110059738,0.12859365344047546,0.16245046257972717,0.01000127848237753,0.011154425330460072,0.9810537099838257,0.7840570211410522,0.6812970638275146,0.8376439213752747,0.14347663521766663,0.13155891001224518,0.0032334637362509966,0.009301111102104187,-6.856405735015869,-0.5100858211517334,0.16057409702348907,0.10596748155021743,-0.020690253406756197,0.6083936268383116,-0.9984746488223865,-0.15075926344976232
44319,44,-0.005897420458495617,0.5683599710464478,-0.0069376034662127495,0.5631905198097229,-0.8820908069610596,0.03135785460472107,-0.8657008409500122,0.03323306888341904,0.12561260163784027,0.16101357340812683,0.010001122951507568,0.011013883166015148,0.9843733310699463,0.7841023802757263,0.6787575483322144,0.8375748991966248,0.1394694447517395,0.13232332468032837,0.0031077396124601364,0.008893625810742378,-10.218981742858887,-2.483844757080078,0.1540268700581485,0.10991456593830301,-0.030674999894980147,0.6068860342038137,-0.9984746488223865,-0.1507592634498152
44320,44,-0.015050401911139488,0.5679705739021301,-0.015822427347302437,0.5630324482917786,-0.9136413931846619,-0.06966119259595871,-0.880620539188385,-0.03526781499385834,0.11992192268371582,0.1593601107597351,0.010000987909734249,0.010890612378716469,0.9877741932868958,0.7843441367149353,0.6762144565582275,0.8375389575958252,0.1344383805990219,0.13082128763198853,0.003036648267880082,0.00903509184718132,-11.947957038879395,2.3206305503845215,0.15127940965711922,0.08959963502303381,-0.04061440853875365,0.605345144475953,-0.9511215434480318,-0.1855364080125649
44321,44,-0.02417941391468048,0.5678553581237793,-0.024330243468284607,0.562773585319519,-0.9234746694564819,0.01590620167553425,-0.8404213190078735,-0.027669472619891167,0.11570797115564346,0.16298642754554749,0.010000869631767273,0.010782317258417606,0.9912059903144836,0.7842245697975159,0.6736813187599182,0.837605357170105,0.12899605929851532,0.13117389380931854,0.003072675783187151,0.00894653145223856,-9.087724685668945,0.555427074432373,0.16414879132857205,0.09299856951077054,-0.05008388191426807,0.6034591241250813,-0.9469473375514361,-0.1886020350871931
44322,44,-0.03320026025176048,0.5680716037750244,-0.03271854296326637,0.5626027584075928,-0.886906623840332,0.019395414739847183,-0.8491299152374268,-0.009800944477319717,0.11219646036624908,0.16050896048545837,0.010000763460993767,0.01068724412471056,0.9944177865982056,0.7841271162033081,0.6712929010391235,0.8377402424812317,0.12405440211296082,0.13016925752162933,0.0031671749893575907,0.009039165452122688,-8.852279663085938,2.49330997467041,0.14844642795581428,0.09308515938009235,-0.059553355289783616,0.6015731037742093,-0.9217848711986193,-0.2014991934301282
44323,44,-0.04172644019126892,0.5686454772949219,-0.041225139051675797,0.5627793073654175,-0.8357917070388794,0.07449015974998474,-0.8622668981552124,0.0329541340470314,0.1083369180560112,0.1576731950044632,0.01000067126005888,0.010603797622025013,0.997509777545929,0.7841100096702576,0.6689650416374207,0.8378945589065552,0.11962106078863144,0.12836557626724243,0.003145736176520586,0.008907867595553398,-8.866066932678223,0.5781722068786621,0.14376953805826498,0.08712034013197484,-0.06846139646755321,0.599399318311142,-0.8901215254393259,-0.2177284127045204
44324,44,-0.05006762966513634,0.5691702365875244,-0.05005650594830513,0.5631478428840637,-0.8255792856216431,0.04529780521988869,-0.8882154822349548,0.0472777783870697,0.10370507836341858,0.15311144292354584,0.010000592097640038,0.010530471801757812,1.0005828142166138,0.7842252254486084,0.666704535484314,0.8380544185638428,0.1145600974559784,0.12545157968997955,0.0031759466510266066,0.008894642814993858,-8.741418838500977,1.253035068511963,0.1305745421506416,0.07799030855137254,-0.07736261172194707,0.5972220341840964,-0.8901215254393259,-0.21772841270457324
44325,44,-0.0581631064414978,0.569726824760437,-0.058788932859897614,0.5637746453285217,-0.8011530637741089,0.06090020760893822,-0.8575286269187927,0.07131835073232651,0.09947878867387772,0.1492057889699936,0.010000522248446941,0.010466106235980988,1.0036282539367676,0.7844191789627075,0.6644610166549683,0.8381250500679016,0.10975082218647003,0.12307190895080566,0.0031126101966947317,0.008610107935965061,-8.072748184204102,-1.5934252738952637,0.12970069759080738,0.07572881583353316,-0.08571217053969585,0.5948635118543563,-0.8279972124860627,-0.23813839630184996
44326,44,-0.06622250378131866,0.5698480606079102,-0.06725689023733139,0.564294695854187,-0.8030688166618347,-0.018924646079540253,-0.8249701857566833,0.0388152115046978,0.09520634263753891,0.14468614757061005,0.010000457987189293,0.010409500449895859,1.0066417455673218,0.7847908735275269,0.6622202396392822,0.8381205201148987,0.10518256574869156,0.12016799300909042,0.003038595197722316,0.008583716116845608,-9.31574821472168,0.6882953643798828,0.12193949902320539,0.07097931113494246,-0.09399214266455702,0.5924821278913376,-0.8279972124860627,-0.23813839630184996
44327,44,-0.07430066168308258,0.5697575211524963,-0.0751243606209755,0.5645917654037476,-0.8169276714324951,-0.011760648339986801,-0.7610225677490234,0.013864109292626381,0.09163453429937363,0.14212462306022644,0.010000401176512241,0.010359774343669415,1.0095230340957642,0.7851162552833557,0.6601109504699707,0.8381452560424805,0.10005923360586166,0.11728229373693466,0.0033280819188803434,0.008535005152225494,-4.291843414306641,0.0701284408569336,0.12912691007780985,0.0711777252990631,-0.10174083111555463,0.5900085998470853,-0.7605743986916399,-0.24983198587912894
44328,44,-0.08172833919525146,0.5697458982467651,-0.0822550430893898,0.5647892355918884,-0.6924164295196533,-0.009407668374478817,-0.692630410194397,0.008568109013140202,0.0889555960893631,0.1390877217054367,0.010000350885093212,0.010316070169210434,1.0121078491210938,0.7854387164115906,0.6581615805625916,0.8380843997001648,0.09662918001413345,0.1154128760099411,0.0032129886094480753,0.008442707359790802,-8.436503410339355,1.5338945388793945,0.12359180478683796,0.07350046307596932,-0.10934657510247109,0.5875102799882941,-0.7605743986916399,-0.24983198587912894
44329,44,-0.08882512152194977,0.5694591999053955,-0.08919638395309448,0.5645147562026978,-0.7187734842300415,-0.03398405387997627,-0.6817833185195923,-0.04560850188136101,0.08394649624824524,0.13573874533176422,0.010000307112932205,0.010277671739459038,1.014770269393921,0.7858453392982483,0.6562310457229614,0.8380104303359985,0.0918060913681984,0.11307752132415771,0.0033173481933772564,0.008350469172000885,-6.326690673828125,0.6815266609191895,0.11852940997296427,0.05477379833865171,-0.11645200517998827,0.5849914773816899,-0.6878530840560572,-0.25280918143635733
44330,44,-0.09570668637752533,0.5690513253211975,-0.09576315432786942,0.5640214681625366,-0.6674449443817139,-0.04967349022626877,-0.6409202814102173,-0.055799245834350586,0.08025039732456207,0.13286608457565308,0.010000268928706646,0.010243944823741913,1.0172768831253052,0.7862861156463623,0.6544898748397827,0.8379009962081909,0.08679594099521637,0.11083593964576721,0.0034950526896864176,0.008283611387014389,-5.330582618713379,1.056807041168213,0.1179931645660388,0.05847375122751239,-0.12333053602054936,0.5824633855673259,-0.6878530840560638,-0.25280918143635733
44331,44,-0.1019398421049118,0.5685411095619202,-0.10196677595376968,0.5634698867797852,-0.5954880714416504,-0.06002717837691307,-0.6091325283050537,-0.06326007097959518,0.07605007290840149,0.1302165687084198,0.010000240057706833,0.010214339941740036,1.0195831060409546,0.7866893410682678,0.6529191732406616,0.8378651142120361,0.08211830258369446,0.10794678330421448,0.0035351188853383064,0.008470085449516773,-6.360843181610107,4.533243179321289,0.11639199143737379,0.05101715989999271,-0.12975031971785686,0.5799690395505301,-0.6098332685793347,-0.24706998297353513
44332,44,-0.10763683915138245,0.5684077739715576,-0.10778407752513885,0.5629749298095703,-0.5579944252967834,0.009017597883939743,-0.5661055445671082,-0.044272132217884064,0.07089459151029587,0.1276523768901825,0.010000213049352169,0.010188315063714981,1.021848201751709,0.7869549989700317,0.6514812111854553,0.8378657102584839,0.0764363557100296,0.10579206049442291,0.0037189966533333063,0.008304880931973457,-2.824448347091675,0.8731460571289062,0.11420322112223123,0.03981509883619397,-0.13584865240365057,0.5774983397207945,-0.6098332685793215,-0.24706998297353513
44333,44,-0.11276663839817047,0.5682767033576965,-0.11327037215232849,0.56261146068573,-0.47235727310180664,-0.03912914916872978,-0.5341566801071167,-0.03204437717795372,0.06565740704536438,0.12318281829357147,0.01000018510967493,0.010165510699152946,1.0239243507385254,0.7873538136482239,0.6502807140350342,0.8378478288650513,0.07055386900901794,0.10276039689779282,0.003845319850370288,0.008416347205638885,-4.48232889175415,4.053983688354492,0.09944666746366265,0.03352347613541533,-0.14154040171401913,0.5750981814459675,-0.5265149522614327,-0.2326143904907152
44334,44,-0.11716210097074509,0.5681898593902588,-0.11818818747997284,0.5624549984931946,-0.4228893220424652,0.0008902401896193624,-0.4582154154777527,-0.01265336200594902,0.05927874520421028,0.11989450454711914,0.010000164620578289,0.010145395062863827,1.0259944200515747,0.7877014875411987,0.6491690874099731,0.8378894329071045,0.0641947016119957,0.0994834452867508,0.0038698152638971806,0.008431554771959782,-4.668886661529541,3.8115358352661133,0.10236843962313844,0.019726424497746774,-0.14680555123663355,0.5727720375410604,-0.5265149522614327,-0.2326143904907152
44335,44,-0.12126196920871735,0.5682723522186279,-0.12233929336071014,0.5624208450317383,-0.4018922746181488,0.012665810994803905,-0.379486620426178,0.003336535068228841,0.052645422518253326,0.11555938422679901,0.010000146925449371,0.010127783752977848,1.0280606746673584,0.7880322933197021,0.6481447815895081,0.8379479050636292,0.05724288150668144,0.09619233012199402,0.003963920753449202,0.008416347205638885,-3.5851383209228516,3.3449769020080566,0.09211365916826797,0.010563207606941773,-0.15172687815333416,0.5705357981603626,-0.43789813510239756,-0.2094424039877918
44336,44,-0.12502290308475494,0.5684080719947815,-0.12572981417179108,0.5625661611557007,-0.3568754494190216,0.011696326546370983,-0.30727776885032654,0.020401813089847565,0.046909015625715256,0.11097440123558044,0.010000130161643028,0.010112274438142776,1.029920220375061,0.7884132266044617,0.6472834348678589,0.8379928469657898,0.050678860396146774,0.09269979596138,0.004139571916311979,0.008374789729714394,-2.250572443008423,2.966752052307129,0.08599687024903285,0.0061585464612781,-0.15610585950435812,0.5684413741204845,-0.43789813510239756,-0.20944240398784464
44337,44,-0.1281777024269104,0.5684841275215149,-0.12845712900161743,0.5628190040588379,-0.2830311357975006,0.0016252761706709862,-0.2477826327085495,0.025631196796894073,0.04201089218258858,0.10649817436933517,0.010000116191804409,0.010098651982843876,1.0313702821731567,0.7886970043182373,0.646729588508606,0.838251531124115,0.04476138576865196,0.08748790621757507,0.004433507099747658,0.008799055591225624,-1.4033401012420654,8.765554428100586,0.08182628895099966,-0.001992972057840159,-0.16021437602066124,0.566438784786076,-0.3439828171021894,-0.17755402346492352
44338,44,-0.13020262122154236,0.5695414543151855,-0.13034364581108093,0.5635426044464111,-0.16372519731521606,0.1537822037935257,-0.16749507188796997,0.09031490981578827,0.03781324252486229,0.10240080207586288,0.013788003474473953,0.01008668914437294,1.0326182842254639,0.7887229919433594,0.6460748314857483,0.8385215401649475,0.04050421714782715,0.08424076437950134,0.006019665859639645,0.008582700975239277,-3.7533915042877197,4.34098482131958,0.07955733732518837,-0.014349206794096687,-0.16365420419168317,0.5646632445514271,-0.3439828171021762,-0.17755402346487065
44339,44,-0.13228540122509003,0.5704507231712341,-0.1322782337665558,0.5642187595367432,-0.21444731950759888,0.07400534301996231,-0.18360759317874908,0.07741684466600418,0.03419838473200798,0.09468474239110947,0.03250102698802948,0.010076168924570084,1.033652663230896,0.7889741063117981,0.64500492811203,0.8388668894767761,0.03635382652282715,0.0785379484295845,0.014816563576459885,0.008803121745586395,-1.8735849857330322,7.331089973449707,0.05108917996450757,-0.03543599421711416,-0.16690752230085934,0.5629640364154687,-0.2447689982608348,-0.13694924892189891
44340,44,-0.13393570482730865,0.5717371702194214,-0.13362908363342285,0.5654548406600952,-0.14596855640411377,0.154857337474823,-0.11617406457662582,0.14368918538093567,0.0310815516859293,0.08929648250341415,0.032089002430438995,0.010066929273307323,1.0345386266708374,0.789077639579773,0.6446083188056946,0.8392751812934875,0.03322470560669899,0.0733061358332634,0.014892869628965855,0.008782791905105114,-1.9331073760986328,6.117062568664551,0.05832106280510739,-0.02929889206754565,-0.1693552122834677,0.5615945439262497,-0.2447689982608348,-0.13694924892189891
44341,44,-0.13536719977855682,0.5732248425483704,-0.13476845622062683,0.5669694542884827,-0.13656063377857208,0.14838957786560059,-0.10974542796611786,0.16030526161193848,0.02838597632944584,0.08219737559556961,0.04033009335398674,0.010058807209134102,1.0353670120239258,0.789128303527832,0.6439708471298218,0.8398145437240601,0.03060397505760193,0.06717328727245331,0.018475964665412903,0.009061569347977638,-4.228435516357422,10.134279251098633,0.04073880352823685,-0.04173706750230148,-0.17171094397878806,0.5602684481409015,-0.1487231778061178,-0.09162356755901664
44342,44,-0.13687875866889954,0.5753180384635925,-0.1357581615447998,0.568865180015564,-0.17060470581054688,0.24607540667057037,-0.09988085925579071,0.21037420630455017,0.026050690561532974,0.07564802467823029,0.043316055089235306,0.010051673278212547,1.0363932847976685,0.7891172170639038,0.6432031393051147,0.8402822613716125,0.028868542984128,0.06240464374423027,0.01938549242913723,0.008749254047870636,-5.711616516113281,4.507145881652832,0.03670440770032372,-0.04384532578492298,-0.1731135107645712,0.5593921673373128,-0.1402566785783073,-0.0876280803588766
44343,44,-0.13945305347442627,0.5769292116165161,-0.13737905025482178,0.5706786513328552,-0.29625508189201355,0.13000479340553284,-0.191250741481781,0.18230441212654114,0.02402336150407791,0.06717286258935928,0.04278149455785751,0.010045403614640236,1.0372767448425293,0.7891587018966675,0.6426916718482971,0.8410499095916748,0.026264159008860588,0.054227299988269806,0.019823601469397545,0.009450138546526432,-0.48731446266174316,13.3113431930542,0.015776536903358902,-0.03927347714863709,-0.17451607755035453,0.558515886533724,-0.09165460465569245,0.22139257817873254
44344,44,-0.141120046377182,0.5800091624259949,-0.13874748349189758,0.5735548138618469,-0.1283658891916275,0.3777087926864624,-0.15632130205631256,0.3194097876548767,0.0222645103931427,0.06363337486982346,0.03934630751609802,0.010039904154837132,1.03792405128479,0.7882293462753296,0.6425115466117859,0.8422339558601379,0.024324236437678337,0.048692695796489716,0.01838703081011772,0.009892023168504238,-1.118321418762207,16.54564666748047,0.0417542439253905,-0.016621241096637818,-0.17483422086211475,0.5645345636821294,-0.03049588318328916,0.6102506424418167
44345,44,-0.14217621088027954,0.5847446322441101,-0.14046627283096313,0.5773694515228271,-0.09857329726219177,0.5433018207550049,-0.19141016900539398,0.43859177827835083,0.020729927346110344,0.05630506947636604,0.03969944640994072,0.010035064071416855,1.0384656190872192,0.7870708107948303,0.6422667503356934,0.8435059189796448,0.02258296310901642,0.043767355382442474,0.018521534278988838,0.009734340012073517,1.3598203659057617,9.125542640686035,0.010456313416741046,-0.03976093452618561,-0.17513917969394777,0.5706370701065476,-0.030495883183302375,0.6102506424418167
44346,44,-0.14303697645664215,0.5896193385124207,-0.1427004486322403,0.582023024559021,-0.05808615684509277,0.4746286869049072,-0.22307640314102173,0.5022608637809753,0.01939156837761402,0.05002208799123764,0.041095614433288574,0.01357301976531744,1.0384950637817383,0.7859095931053162,0.6424533128738403,0.8446716070175171,0.020205868408083916,0.0379357635974884,0.020185034722089767,0.012966405600309372,7.191557884216309,11.407205581665039,-0.014066321252007033,-0.041333397405155084,-0.1744246468818071,0.5756219267503669,0.08431328740960922,0.4843874781065452
44347,44,-0.1419261246919632,0.5951137542724609,-0.1440182328224182,0.5878420472145081,0.20435291528701782,0.5751469135284424,-0.06448233127593994,0.6111325025558472,0.018224937841296196,0.044672928750514984,0.044077347964048386,0.013135651126503944,1.038277506828308,0.7844946384429932,0.6427806615829468,0.8461205959320068,0.019305864349007607,0.03344220668077469,0.021201344206929207,0.012842969037592411,-0.7916426658630371,13.384933471679688,-0.004010084888601315,-0.04460956231782374,-0.1735815140077109,0.5804658015314329,0.08431328740960922,0.4843874781065452
44348,44,-0.14069443941116333,0.6008395552635193,-0.14399667084217072,0.5937455296516418,0.09474555402994156,0.5956701040267944,0.09525785595178604,0.6024864912033081,0.017205167561769485,0.040090061724185944,0.07681780308485031,0.02133304625749588,1.0382237434387207,0.7830143570899963,0.6419676542282104,0.8469762802124023,0.018524790182709694,0.030030619353055954,0.03541939705610275,0.019344039261341095,-1.090860366821289,8.900837898254395,-0.022517200177584143,-0.08322008692716083,-0.17179431226209094,0.5843531328578926,0.20412080807174518,0.362996864393302
44349,44,-0.14040324091911316,0.6061121821403503,-0.14255990087985992,0.5995187163352966,-0.004375290125608444,0.4993811249732971,0.19267778098583221,0.569983959197998,0.016315415501594543,0.0361616350710392,0.07523473352193832,0.028827214613556862,1.0382115840911865,0.7816733121871948,0.6420059204101562,0.8477115631103516,0.01761692948639393,0.02709832414984703,0.03581298142671585,0.025577720254659653,2.5893235206604004,7.8874969482421875,-0.030044472521821866,-0.06574111043416822,-0.16975310418137338,0.5879831015018254,0.20412080807174518,0.36299686439324913
44350,44,-0.1400362253189087,0.6108515858650208,-0.1400306671857834,0.605206310749054,0.061459995806217194,0.44428256154060364,0.2863692343235016,0.5481616854667664,0.015536556020379066,0.03277416154742241,0.07110483199357986,0.02780444733798504,1.0382789373397827,0.7806389927864075,0.6421899199485779,0.8486549258232117,0.017034295946359634,0.02525755576789379,0.033836472779512405,0.024604374542832375,-0.7304000854492188,6.730847358703613,-0.02080127647379694,-0.04618466595128211,-0.16685324670172033,0.5908086879159011,0.32892667880310555,0.24607880130187548
44351,44,-0.13987325131893158,0.6144092679023743,-0.1375453621149063,0.6099019646644592,0.011444667354226112,0.3042748272418976,0.21967758238315582,0.4207243025302887,0.014855540357530117,0.0298511553555727,0.06822767853736877,0.02648922987282276,1.0383315086364746,0.7800378203392029,0.6423542499542236,0.849395215511322,0.016238724812865257,0.023448556661605835,0.03259489685297012,0.023072099313139915,-0.06929397583007812,6.407017707824707,-0.01744536558091804,-0.050686011557297905,-0.16356397991368904,0.59326947592892,0.32892667880310555,0.24607880130192833
44352,44,-0.13956758379936218,0.6168900728225708,-0.13605254888534546,0.6134268045425415,0.046430591493844986,0.19877374172210693,0.08680444955825806,0.2917565703392029,0.014260247349739075,0.027325421571731567,0.06370525062084198,0.024408305063843727,1.0381776094436646,0.779556393623352,0.6427538394927979,0.8501473069190979,0.015368524938821793,0.021081125363707542,0.030994608998298645,0.021679779514670372,0.5359768867492676,12.192098617553711,-0.0003471290988208073,-0.03579742483258335,-0.1595114798994488,0.595069097835587,0.45873089960370345,0.1336332888324772
44353,44,-0.13851875066757202,0.6194550395011902,-0.13534003496170044,0.6160924434661865,0.12619249522686005,0.27392685413360596,0.03755156695842743,0.2179543823003769,0.013737915083765984,0.02548213116824627,0.059430211782455444,0.022596288472414017,1.0377514362335205,0.7787841558456421,0.643428385257721,0.8509999513626099,0.014307783916592598,0.01928187720477581,0.029635092243552208,0.0201927088201046,4.79386568069458,12.013473510742188,0.012779396823430697,-0.032789162242671255,-0.15492417090341146,0.5964054307239116,0.45873089960370345,0.1336332888324243
44354,44,-0.1363973766565323,0.6224108338356018,-0.1349301040172577,0.6181100010871887,0.2639557719230652,0.2947728931903839,0.035714976489543915,0.183177649974823,0.013280144892632961,0.02352951467037201,0.056298136711120605,0.02101891115307808,1.0370562076568604,0.7781553864479065,0.6443102955818176,0.851645290851593,0.013528397306799889,0.018432576209306717,0.02842606231570244,0.018349086865782738,4.466962814331055,7.803208827972412,-0.002449431206526423,-0.036584061185170706,-0.1496790415540303,0.5972148685281453,0.593533470473539,0.025660326984948478
44355,44,-0.13356563448905945,0.6244369149208069,-0.13472062349319458,0.619545042514801,0.3145327568054199,0.1456136852502823,0.04314424842596054,0.1281970590353012,0.012878221459686756,0.021828318014740944,0.05540551617741585,0.019825883209705353,1.0360510349273682,0.777773916721344,0.6453841328620911,0.8522161245346069,0.012694564647972584,0.01676042564213276,0.028510095551609993,0.017526322975754738,4.6598052978515625,13.4830904006958,-0.01147350643492006,-0.049767557906065345,-0.14374370684929488,0.5974714717979945,0.5935334704735258,0.025660326984948478
44356,44,-0.12975099682807922,0.6264256238937378,-0.1329471319913864,0.6211249828338623,0.41052186489105225,0.22044329345226288,0.2807558476924896,0.16269820928573608,0.012526377104222775,0.020349349826574326,0.0546877421438694,0.01860341802239418,1.0348094701766968,0.7771782875061035,0.6466755867004395,0.8528411388397217,0.011890361085534096,0.015535568818449974,0.028720928356051445,0.016468826681375504,6.813151836395264,12.25379467010498,0.006016072618915635,-0.05013610554071568,-0.137265961364219,0.5973265059047702,0.7333343914125989,-0.07784008424071062
44357,44,-0.1251007616519928,0.6286158561706543,-0.12888121604919434,0.622851550579071,0.5031926035881042,0.21318203210830688,0.5015568733215332,0.1781039535999298,0.01221766322851181,0.019059380516409874,0.05705840513110161,0.017701873555779457,1.0333982706069946,0.7766270041465759,0.6480019092559814,0.853400707244873,0.011410169303417206,0.014574124477803707,0.030031779780983925,0.015655912458896637,3.8945913314819336,12.756123542785645,-0.011340138618684513,-0.05750069165970827,-0.12993261745009252,0.5965481050623633,0.7333343914125989,-0.07784008424065775
44358,44,-0.12014111131429672,0.6306069493293762,-0.12313857674598694,0.6245620250701904,0.5087657570838928,0.19756744801998138,0.6374223828315735,0.1772468537092209,0.01194696594029665,0.017934177070856094,0.06382874399423599,0.017667096108198166,1.031833291053772,0.7763962745666504,0.6493013501167297,0.8535674810409546,0.010587298311293125,0.014736060053110123,0.03409503400325775,0.014716999605298042,8.073625564575195,2.892932891845703,-0.01742121914821817,-0.06514270612132535,-0.12218226902876798,0.5954845158766563,0.8781336624208899,-0.1768679448443415
44359,44,-0.11455726623535156,0.6309423446655273,-0.11648212373256683,0.6257755756378174,0.6187953352928162,-0.06016843020915985,0.7086436748504639,0.08751125633716583,0.011709308251738548,0.016950802877545357,0.06304582953453064,0.02262072265148163,1.029896855354309,0.7767758369445801,0.6511625051498413,0.8531012535095215,0.009902268648147583,0.014238106086850166,0.03473701328039169,0.01847922056913376,5.705561637878418,7.932043075561523,-0.023336399007323885,-0.05820050299447207,-0.11340093240455851,0.5937158364282126,0.8781336624208832,-0.1768679448443415
44360,44,-0.10781868547201157,0.6302003860473633,-0.10878720134496689,0.6262050867080688,0.7135205864906311,-0.10508055984973907,0.8073310256004333,-0.010638834908604622,0.011501179076731205,0.01609310507774353,0.0667688176035881,0.02104116603732109,1.0280002355575562,0.7774378061294556,0.6528659462928772,0.8527598977088928,0.00994633138179779,0.014058781787753105,0.0361509807407856,0.017170874401926994,-0.7019257545471191,8.42264175415039,0.009976869102106031,-0.06754236812766845,-0.10433799424643149,0.5917694043549984,1.0279312834984118,-0.27142325482615565
44361,44,-0.10157743096351624,0.6284770369529724,-0.1008736789226532,0.6250753402709961,0.5820497274398804,-0.20729434490203857,0.798167884349823,-0.17759773135185242,0.011318383738398552,0.01558203436434269,0.07307332754135132,0.019663849845528603,1.025998592376709,0.77826327085495,0.6545313000679016,0.8523747324943542,0.009069717489182949,0.013675537891685963,0.04060111194849014,0.015881942585110664,6.817905902862549,7.919659614562988,0.011946236403186362,-0.07439449158284095,-0.09405868141144727,0.5890551718067373,1.0279312834984118,-0.2714232548261028
44362,44,-0.09458350390195847,0.6264399290084839,-0.09267251193523407,0.6231146454811096,0.7587084770202637,-0.23216991126537323,0.7932146191596985,-0.24114152789115906,0.011157992295920849,0.02311813458800316,0.06924159079790115,0.01846303418278694,1.02337646484375,0.7782944440841675,0.6571152210235596,0.851815402507782,0.007764025591313839,0.019397493451833725,0.0409277118742466,0.014603746123611927,13.177642822265625,6.763415336608887,0.024293706044281018,-0.045966657066299904,-0.08364316671596325,0.5862616772509911,1.1701872978806314,-0.3542084475940293
44363,44,-0.08524247258901596,0.6238712072372437,-0.08464804291725159,0.6204305291175842,1.0518842935562134,-0.29757750034332275,0.7936481237411499,-0.31313520669937134,0.011017072945833206,0.02387605421245098,0.06827118247747421,0.01741383597254753,1.019972801208496,0.7790533304214478,0.6603936553001404,0.8512372970581055,0.006640645209699869,0.02045389451086521,0.04188103228807449,0.013972360640764236,12.226617813110352,12.399382591247559,0.023993270366052415,-0.062343426338920385,-0.07181589416951144,0.5826466171091317,1.1827272546451713,-0.36150601418594164
44364,44,-0.07348401099443436,0.6214354038238525,-0.07622076570987701,0.6171534657478333,1.2504034042358398,-0.22839152812957764,0.9072972536087036,-0.3494846522808075,0.010893374681472778,0.02985410951077938,0.09484589099884033,0.016497332602739334,1.0159474611282349,0.7791136503219604,0.6632423400878906,0.8508380651473999,0.005644680932164192,0.024333229288458824,0.057742416858673096,0.013450682163238525,13.667041778564453,14.814689636230469,0.030814938981106134,-0.10084223933297226,-0.05998862162305822,0.5790315569672718,1.253484170939404,-0.3994142097182454
44365,44,-0.06016216799616814,0.6197160482406616,-0.06541048735380173,0.6139535307884216,1.3768445253372192,-0.1385219246149063,1.2317659854888916,-0.29159167408943176,0.01078470703214407,0.0280153825879097,0.12032250314950943,0.015695635229349136,1.0116077661514282,0.7799235582351685,0.6662329435348511,0.8502591848373413,0.005119296722114086,0.024746304377913475,0.07394739985466003,0.012251289561390877,14.774508476257324,6.3086700439453125,0.015449598022918905,-0.1267869584206369,-0.046582600377506236,0.5745706782465906,1.3425215758611548,-0.447116222923858
44366,44,-0.04633304476737976,0.6170375347137451,-0.052008479833602905,0.6108530163764954,1.4168816804885864,-0.32716599106788635,1.452103614807129,-0.30206620693206787,0.010689347982406616,0.025729605928063393,0.13952592015266418,0.014994761906564236,1.0074082612991333,0.7815840840339661,0.6692375540733337,0.8493192791938782,0.005685410927981138,0.023772064596414566,0.08509589731693268,0.011355302296578884,4.1252899169921875,7.632689476013184,-0.004526786440844043,-0.14500628539760418,-0.03315738461889296,0.5700995160173516,1.3425215758611548,-0.447116222923858
44367,44,-0.03366129472851753,0.6129287481307983,-0.037339948117733,0.6072380542755127,1.198472499847412,-0.4401169419288635,1.5054320096969604,-0.3785242736339569,0.010605596005916595,0.024715319275856018,0.14630143344402313,0.01438119076192379,1.0031558275222778,0.7833423018455505,0.672653317451477,0.8482953310012817,0.004661048762500286,0.022915953770279884,0.09361579269170761,0.01054509449750185,18.08568000793457,3.943052291870117,0.017700947335180843,-0.14833171105780416,-0.018268829734183978,0.5649078611303084,1.5073142471463747,-0.5282538810399047
44368,44,-0.019764011725783348,0.6084399223327637,-0.021327823400497437,0.6037471890449524,1.4822670221328735,-0.495021253824234,1.623989224433899,-0.3797559142112732,0.010532161220908165,0.030263932421803474,0.14036764204502106,0.013844793662428856,0.9984561800956726,0.7844972014427185,0.6769174337387085,0.8471485376358032,0.004529991652816534,0.026727471500635147,0.0926741361618042,0.010300355032086372,11.726749420166016,11.838748931884766,0.031230016993205004,-0.11015823694710511,-0.003195687262718301,0.5596253223199094,1.5073142471463747,-0.5282538810398518
44369,44,-0.004872518591582775,0.6038916707038879,-0.004988889675587416,0.5995699167251587,1.4924184083938599,-0.4299854338169098,1.6326898336410522,-0.4606282711029053,0.01046765223145485,0.0347648449242115,0.14552243053913116,0.013374757952988148,0.9936043620109558,0.785621702671051,0.6810633540153503,0.8459087014198303,0.003946270793676376,0.031244583427906036,0.09765799343585968,0.009518580511212349,17.324138641357422,4.1381025314331055,0.035575989063494975,-0.14713721262633517,0.013167383123319446,0.5537386716714797,1.671013178378493,-0.6049189885339232
44370,44,0.010718212462961674,0.5987393856048584,0.011052081361413002,0.5944629907608032,1.6234831809997559,-0.5704518556594849,1.580066204071045,-0.5434309244155884,0.010410902090370655,0.03307724371552467,0.1453252136707306,0.012962163425981998,0.9882584810256958,0.7876678109169006,0.6856661438941956,0.8445773124694824,0.0034589061979204416,0.03080560266971588,0.10064224153757095,0.009287849068641663,15.30454158782959,9.239797592163086,0.0216946957711142,-0.14432764259633832,0.029877514907105517,0.5476894817861404,1.6710131783784947,-0.6049189885339232
44371,44,0.02753814123570919,0.5933717489242554,0.026889512315392494,0.5889261364936829,1.7191684246063232,-0.5274744033813477,1.5828033685684204,-0.5729822516441345,0.010361012071371078,0.03798561543226242,0.15585091710090637,0.01260014995932579,0.9824897646903992,0.7890523076057434,0.6903019547462463,0.8433281779289246,0.0027458772528916597,0.03395978361368179,0.11029215902090073,0.009014728479087353,19.2154541015625,9.141778945922852,0.03882558183940711,-0.15911004170814003,0.04753869948101083,0.5411436157812998,1.8092500090681671,-0.6771115454061251
44372,44,0.045659810304641724,0.5883291363716125,0.043188970535993576,0.5833138823509216,1.859763503074646,-0.5019962787628174,1.668000340461731,-0.562885046005249,0.010317155160009861,0.036734212189912796,0.16670452058315277,0.012282452546060085,0.9764325618743896,0.7910064458847046,0.6950383186340332,0.8419240117073059,0.0026478071231395006,0.034468069672584534,0.11968487501144409,0.008467043749988079,17.874298095703125,6.1003804206848145,0.02839202147882966,-0.17015582444653246,0.06563119957169482,0.5343725003272385,1.8092500090681671,-0.6771115454060722
44373,44,0.06407662481069565,0.5826138854026794,0.06032390892505646,0.5773683786392212,1.8390049934387207,-0.6078149676322937,1.7761117219924927,-0.6052557826042175,0.010278650559484959,0.03444472700357437,0.18354403972625732,0.012003948912024498,0.9704493880271912,0.7937774658203125,0.6994652152061462,0.8400592803955078,0.0027585059870034456,0.03438722342252731,0.13246046006679535,0.007492884527891874,17.408550262451172,-1.0319924354553223,0.0190944072387699,-0.18927503854672553,0.08435098077099153,0.527203199370962,1.915932649093066,-0.7448315516562987
44374,44,0.08195848017930984,0.5748500227928162,0.07831448316574097,0.5705504417419434,1.7759859561920166,-0.8727149367332458,1.8429886102676392,-0.7254710793495178,0.010244820266962051,0.03390146791934967,0.18379870057106018,0.011759580112993717,0.9643170237541199,0.7968383431434631,0.7044260501861572,0.8381306529045105,0.002466430887579918,0.03316918760538101,0.13735638558864594,0.007590595167130232,18.618370056152344,8.53614330291748,0.03024390144296525,-0.18388756448255378,0.10351030726192463,0.5197548838543987,1.9159326490930595,-0.7448315516562987
44375,44,0.10049930959939957,0.5672004222869873,0.09783370792865753,0.5635011792182922,1.86771559715271,-0.7395740747451782,1.9830094575881958,-0.7404589653015137,0.010215098038315773,0.0632472112774849,0.1814136505126953,0.011545137502253056,0.9582669734954834,0.796864926815033,0.7095116376876831,0.8358997702598572,0.002618691883981228,0.055740080773830414,0.13758623600006104,0.006730734836310148,18.401079177856445,1.029961109161377,0.06873566913353908,-0.17032497560639953,0.12303625156129333,0.5119979283516625,1.9910610984531982,-0.8080790072846027
44376,44,0.1186596006155014,0.558466374874115,0.1171787902712822,0.555084764957428,1.8107372522354126,-0.9285563826560974,1.925550937652588,-0.8895505666732788,0.010188998654484749,0.06094774603843689,0.18125168979167938,0.011357014998793602,0.9522758722305298,0.7997318506240845,0.7144766449928284,0.8333393931388855,0.0026439246721565723,0.06044229865074158,0.13900943100452423,0.006360749714076519,17.23459243774414,-0.0607752799987793,0.046636495021130056,-0.18049590756268552,0.14294686254582778,0.5039171382788159,1.9910610984531982,-0.8080790072846027
44377,44,0.1365697681903839,0.5485731959342957,0.13619068264961243,0.5455845594406128,1.779075026512146,-1.0347347259521484,1.8807417154312134,-0.999172568321228,0.010166067630052567,0.07222802937030792,0.17878130078315735,0.011191877536475658,0.9462039470672607,0.8024186491966248,0.7195157408714294,0.8306726813316345,0.002372450428083539,0.06921830028295517,0.14024075865745544,0.006069478113204241,19.748558044433594,1.151266098022461,0.07457711542027902,-0.1672230513929559,0.1630265364199526,0.4956083086345943,2.0346353571485243,-0.8668539122909842
44378,44,0.15479758381843567,0.5381590127944946,0.15492591261863708,0.5353009700775146,1.8453829288482666,-1.059770941734314,1.8435065746307373,-1.0705206394195557,0.01014591846615076,0.08814424276351929,0.17490839958190918,0.011046890169382095,0.9398912787437439,0.8044494986534119,0.7247868776321411,0.8280255198478699,0.0020619400311261415,0.08232663571834564,0.140220046043396,0.006140242330729961,19.574737548828125,5.256519317626953,0.09172047802005348,-0.15666528310523636,0.18337288999143933,0.4869397695116845,2.034635357148537,-0.8668539122909842
44379,44,0.17365293204784393,0.5281687378883362,0.1731969267129898,0.5244858264923096,1.8986124992370605,-0.9676867127418518,1.7957464456558228,-1.100143313407898,0.010128224268555641,0.09564690291881561,0.17254489660263062,0.010919650085270405,0.9335070848464966,0.8068630695343018,0.7300522923469543,0.8254366517066956,0.002050346927717328,0.09138200432062149,0.140018031001091,0.006012693978846073,19.516693115234375,2.951946258544922,0.09745354657224621,-0.1613260343427011,0.2037538599150021,0.47811484613095284,2.046655425179096,-0.9211562666754168
44380,44,0.19248180091381073,0.5183377265930176,0.19076958298683167,0.513398289680481,1.8776150941848755,-0.979282796382904,1.7478818893432617,-1.0895116329193115,0.010112669318914413,0.093913234770298,0.17124886810779572,0.010807863436639309,0.9271764755249023,0.8102497458457947,0.7351822853088379,0.8228064179420471,0.0021286208648234606,0.09332377463579178,0.14023040235042572,0.005800713784992695,19.276042938232422,0.6170344352722168,0.08401302761370241,-0.16507670821387282,0.22422041416679456,0.4689032834641985,2.046655425179109,-0.9211562666754433
44381,44,0.21095797419548035,0.5081782341003418,0.20823264122009277,0.5026554465293884,1.8327149152755737,-1.0299954414367676,1.7643808126449585,-1.0491024255752563,0.010098990984261036,0.09268159419298172,0.1688995361328125,0.010709619149565697,0.920985221862793,0.8141030669212341,0.7401818037033081,0.8200450539588928,0.0023056406062096357,0.09349623322486877,0.13959358632564545,0.005486846901476383,18.71035385131836,-1.0055160522460938,0.08562919572914526,-0.1576818013786051,0.24465024661447468,0.4595980467519333,2.0271213025449013,-0.9709860704379535
44382,44,0.22888696193695068,0.49741658568382263,0.2259577363729477,0.49215075373649597,1.7714442014694214,-1.0992412567138672,1.7871590852737427,-1.0475642681121826,0.010086975060403347,0.09291503578424454,0.16500474512577057,0.010623353533446789,0.9148669242858887,0.8179890513420105,0.7451601624488831,0.8172532916069031,0.0022543470840901136,0.09363698959350586,0.13837800920009613,0.005475934594869614,19.560218811035156,1.1136221885681152,0.09296955510276148,-0.14627742534575938,0.2649214596399251,0.4498881860475537,2.0271213025449146,-0.9709860704379535
44383,44,0.24668921530246735,0.4866699278354645,0.24409165978431702,0.4818175137042999,1.7765551805496216,-1.0643917322158813,1.8181313276290894,-1.0350017547607422,0.010076447390019894,0.1019015982747078,0.159287229180336,0.01054779626429081,0.9088406562805176,0.8211497664451599,0.7501173615455627,0.8143380880355835,0.0023966655135154724,0.10118444263935089,0.1350158154964447,0.005107426084578037,19.22868537902832,-2.0366954803466797,0.10423462156421359,-0.13136705568182488,0.2851477210864067,0.4401384164087291,1.9801716321007514,-1.0126689515058789
44384,44,0.2640913128852844,0.47548699378967285,0.26192334294319153,0.47109392285346985,1.7265300750732422,-1.1437093019485474,1.7655390501022339,-1.090565800666809,0.010067155584692955,0.10146763920783997,0.15383142232894897,0.010481134988367558,0.9028769135475159,0.8249468207359314,0.7550098299980164,0.8112934827804565,0.002372450428083539,0.10406699776649475,0.13177014887332916,0.004977899137884378,19.22247314453125,-1.911759376525879,0.09903974322141029,-0.12705317277643913,0.30490805097886725,0.4299749831729434,1.9760329892459265,-1.0163433235785675
44385,44,0.28131648898124695,0.46394822001457214,0.2794085144996643,0.46000936627388,1.7190873622894287,-1.1614032983779907,1.731506586074829,-1.1250817775726318,0.010059003718197346,0.10980325937271118,0.1471141278743744,0.01042266096919775,0.8969097137451172,0.8283960819244385,0.7599229216575623,0.8082121014595032,0.002304672496393323,0.1107577532529831,0.1277143955230713,0.004849487449973822,19.477262496948242,-1.8750786781311035,0.11186287142427065,-0.11362140097597198,0.324668380871329,0.4198115499371572,1.9394388932178879,-1.0344470675152517
44386,44,0.29852530360221863,0.45230117440223694,0.29652848839759827,0.448577344417572,1.7218382358551025,-1.1655603647232056,1.6955511569976807,-1.1582934856414795,0.01005184929817915,0.11421453207731247,0.1406400352716446,0.010371341370046139,0.891264796257019,0.8319743871688843,0.7645508050918579,0.8050423860549927,0.003159378655254841,0.11678032577037811,0.12102112919092178,0.004808027297258377,11.423726081848145,-0.4269754886627197,0.11536569928244103,-0.10782176801426924,0.3436122127516528,0.4092441807515635,1.8933904852821584,-1.0572280260972593
44387,44,0.31420230865478516,0.44045624136924744,0.3127608299255371,0.43647027015686035,1.4834750890731812,-1.1663379669189453,1.5946109294891357,-1.2157670259475708,0.010045553557574749,0.11648958176374435,0.1345832347869873,0.010326199233531952,0.8859566450119019,0.8356844782829285,0.7689351439476013,0.8020285367965698,0.0028537448961287737,0.11963415890932083,0.1175343468785286,0.004815923515707254,19.359603881835938,-2.4983882904052734,0.11706620445871435,-0.10350380230537029,0.3625461176044769,0.3986719004905903,1.8933904852821584,-1.0572280260972593
44388,44,0.32970231771469116,0.4291461408138275,0.32864901423454285,0.4248046576976776,1.5656251907348633,-1.1265497207641602,1.5473158359527588,-1.1519862413406372,0.010040026158094406,0.11770572513341904,0.1229562759399414,0.010286593809723854,0.880469560623169,0.8394741415977478,0.7736108899116516,0.7990148663520813,0.002743934514001012,0.12184005975723267,0.10960131883621216,0.004738956224173307,19.260269165039062,-2.4939024448394775,0.11802788012859561,-0.0619383633321022,0.38046596952631806,0.38777628469460734,1.7791937906536368,-1.093640177994002
44389,44,0.34547072649002075,0.4178583025932312,0.34363827109336853,0.41336607933044434,1.5855903625488281,-1.1307201385498047,1.464285969734192,-1.1378666162490845,0.010035169310867786,0.11677663028240204,0.11438760906457901,0.010251802392303944,0.8749155402183533,0.8434628248214722,0.7782898545265198,0.7959955334663391,0.0026070475578308105,0.1222568079829216,0.10280558466911316,0.004678795579820871,19.37722396850586,-2.744337320327759,0.111760915598353,-0.06830590909372589,0.3982579074328567,0.37683988291466664,1.7791937906536368,-1.093640177994002
44390,44,0.3614214062690735,0.40654081106185913,0.358169287443161,0.40206098556518555,1.6020771265029907,-1.1297515630722046,1.4589952230453491,-1.1230175495147705,0.010030907578766346,0.11596108973026276,0.1072671115398407,0.010221271775662899,0.8694168925285339,0.8476368188858032,0.7828068733215332,0.7928128838539124,0.0027866812888532877,0.12311815470457077,0.09660930931568146,0.004311526659876108,17.58905029296875,-6.275420188903809,0.11154186067100016,-0.06816201315278442,0.41490134587089567,0.36565180091327015,1.6334429053603086,-1.1255797792688487
44391,44,0.37693873047828674,0.39452096819877625,0.372699111700058,0.39050018787384033,1.5340327024459839,-1.235806941986084,1.4760851860046387,-1.1648929119110107,0.010027151554822922,0.11510501056909561,0.10134916007518768,0.010194366797804832,0.8639982342720032,0.8520313501358032,0.787190318107605,0.7895036935806274,0.0027283939998596907,0.12322390824556351,0.09195360541343689,0.00422208197414875,17.7188720703125,-4.995014667510986,0.11047706566790164,-0.06847124182369704,0.4312357749245,0.3543960031205816,1.633442905360335,-1.1255797792688487
44392,44,0.39231711626052856,0.3821730315685272,0.3878539800643921,0.37881824374198914,1.5363630056381226,-1.2390154600143433,1.5370821952819824,-1.1799253225326538,0.010023855604231358,0.12409025430679321,0.09477639198303223,0.010170775465667248,0.8587023019790649,0.8557248711585999,0.7914509177207947,0.7861831784248352,0.003084362717345357,0.12962423264980316,0.0860288143157959,0.004220116417855024,13.231828689575195,-2.279052734375,0.12650412796987998,-0.057588535273839975,0.4463965424843061,0.3429512353187472,1.4628495935163963,-1.1530468299217729
44393,44,0.4070260226726532,0.36995765566825867,0.4031304717063904,0.36673417687416077,1.4238388538360596,-1.1977512836456299,1.5174700021743774,-1.2230854034423828,0.010020962916314602,0.12684859335422516,0.08933360129594803,0.010150047019124031,0.8538916110992432,0.8594645261764526,0.7952966690063477,0.7828835248947144,0.00367202446796,0.13441964983940125,0.08041218668222427,0.004168051294982433,10.883798599243164,-3.82792592048645,0.12760529704520035,-0.05806370200363414,0.4610250384194718,0.33142076701952894,1.4628495935163697,-1.1530468299217729
44394,44,0.42027920484542847,0.35786953568458557,0.41770485043525696,0.35425859689712524,1.2661689519882202,-1.1967273950576782,1.415504813194275,-1.2432204484939575,0.010018425062298775,0.12600092589855194,0.08242624998092651,0.010131871327757835,0.8494309782981873,0.8635640144348145,0.7989617586135864,0.7796224355697632,0.003741510445252061,0.13552924990653992,0.0748511254787445,0.004085575230419636,14.656198501586914,-6.514430046081543,0.12151102475891572,-0.041975737975390504,0.47466225315573274,0.31975509382223183,1.2942609115783388,-1.1760413299527483
44395,44,0.43292170763015747,0.3458411693572998,0.43137815594673157,0.34203800559043884,1.2598170042037964,-1.2142452001571655,1.3109313249588013,-1.2083051204681396,0.010016191750764847,0.1252082735300064,0.07311443239450455,0.010115865617990494,0.8453477025032043,0.8679680228233337,0.8023918271064758,0.7761523723602295,0.004698517266660929,0.13660773634910583,0.0656152293086052,0.003766965586692095,6.696357727050781,-6.624157428741455,0.12101535773577499,-0.017599885663673237,0.4876048622715178,0.30799468052270357,1.2942609115783388,-1.1760413299527748
44396,44,0.44384765625,0.333025187253952,0.4432181417942047,0.32946380972862244,1.0040876865386963,-1.2979449033737183,1.1141948699951172,-1.2621471881866455,0.010014223866164684,0.12485843896865845,0.06511372327804565,0.010101811960339546,0.8416618704795837,0.8723398447036743,0.8056133389472961,0.7728646397590637,0.004437443800270557,0.13523748517036438,0.05924201011657715,0.004120916128158569,13.028526306152344,-3.542884588241577,0.12300421903925471,-0.016270283832305443,0.4997673138261391,0.2961438823349199,1.1343886236603054,-1.1945632793618277
44397,44,0.4545800983905792,0.32105815410614014,0.4541710317134857,0.3175380825996399,1.0799024105072021,-1.160300612449646,1.0240309238433838,-1.178252100944519,0.022390305995941162,0.13378874957561493,0.05749707296490669,0.01008946355432272,0.8365193009376526,0.8759100437164307,0.8087084293365479,0.769493579864502,0.013316351920366287,0.1426730751991272,0.052372898906469345,0.0037013799883425236,12.526593208312988,-8.269654273986816,0.13632333438694214,0.02427025992723883,0.5111112000627438,0.2841982495413009,1.1343886236603318,-1.1945632793618277
44398,44,0.46489837765693665,0.30867552757263184,0.4632057249546051,0.3053768277168274,1.0224525928497314,-1.2649439573287964,0.8403670191764832,-1.2206292152404785,0.0213763527572155,0.13070353865623474,0.05104118958115578,0.01007860992103815,0.8327791094779968,0.880100429058075,0.8117256164550781,0.7660511136054993,0.013740746304392815,0.1438615918159485,0.04684821888804436,0.0037571743596345186,12.218117713928223,-6.408599853515625,0.1146332705506,0.01429377652503791,0.5218686195878874,0.2721981067680047,0.9832327297624018,-1.2086126781489845
44399,44,0.475119948387146,0.2962571084499359,0.4715311825275421,0.29326000809669495,1.004258632659912,-1.2368648052215576,0.831342875957489,-1.2176026105880737,0.02302270568907261,0.1305827498435974,0.04554087296128273,0.010069071315228939,0.8290018439292908,0.8843966126441956,0.8147007822990417,0.7627518773078918,0.01461009494960308,0.1427738517522812,0.04218247905373573,0.0038541373796761036,14.012460708618164,-5.658563613891602,0.12995150083478585,0.02327539662076536,0.5317009468855125,0.26011197998651425,0.9832327297624018,-1.2086126781489845
44400,44,0.48536449670791626,0.2842758595943451,0.4803461730480194,0.2812536656856537,1.0213394165039062,-1.1839137077331543,0.913815438747406,-1.199532389640808,0.02534952014684677,0.12974949181079865,0.040842361748218536,0.010060696862637997,0.8253461718559265,0.8885967135429382,0.817356526851654,0.7594610452651978,0.017129996791481972,0.14241771399974823,0.037275876849889755,0.0038061365485191345,7.525084018707275,-4.892780780792236,0.1253838756480814,0.025725648827394115,0.5411230655333379,0.24799827303268154,0.8407932298844696,-1.2181895263142055
44401,44,0.49433475732803345,0.2723237872123718,0.48931261897087097,0.2689642608165741,0.8320985436439514,-1.1787222623825073,0.8983340859413147,-1.221094012260437,0.024771858006715775,0.1275629997253418,0.03680829703807831,0.01005333848297596,0.822323203086853,0.8928040862083435,0.8198322653770447,0.7562565803527832,0.01682911440730095,0.14070910215377808,0.03403451293706894,0.00379536347463727,12.960512161254883,-7.398715019226074,0.11607072857322251,0.020773629229430157,0.5495309978321831,0.23581637776953956,0.8407932298844696,-1.2181895263142055
44402,44,0.5030452609062195,0.2606569230556488,0.49841544032096863,0.25718069076538086,0.8838673830032349,-1.1673635244369507,0.9023017287254333,-1.15569269657135,0.04524645581841469,0.12537842988967896,0.03333451226353645,0.010046868585050106,0.8171610236167908,0.8970014452934265,0.8222683072090149,0.7531226277351379,0.030010879039764404,0.13815456628799438,0.0308825820684433,0.003920780960470438,10.68530559539795,-4.300796985626221,0.11383919707233836,0.04879939255206131,0.557687546754851,0.22362488704014505,0.7070701240266409,-1.2232938238575042
44403,44,0.5118139386177063,0.24934975802898407,0.507354736328125,0.2458626925945282,0.8749874830245972,-1.1002541780471802,0.885303795337677,-1.113168478012085,0.044415101408958435,0.12294279038906097,0.030333925038576126,0.01004118099808693,0.8139839768409729,0.901218593120575,0.8243356347084045,0.7498800754547119,0.03302633389830589,0.13685084879398346,0.027618831023573875,0.003572264686226845,4.617376327514648,-7.963789939880371,0.11001793873171944,0.0389887217141075,0.5647582479951174,0.21139194880157008,0.707070124026588,-1.223293823857491
44404,44,0.5191194415092468,0.23749017715454102,0.5152931213378906,0.23424415290355682,0.6666049361228943,-1.205020546913147,0.7579840421676636,-1.1548575162887573,0.04355254024267197,0.1188754141330719,0.027740396559238434,0.010036187246441841,0.8116485476493835,0.9056329727172852,0.8262400031089783,0.7466313242912292,0.03256428614258766,0.13328096270561218,0.025395505130290985,0.003626046935096383,7.583456039428711,-7.206302642822266,0.09709505256007639,0.037902872381811226,0.5717189583447875,0.19915845470159055,0.5921901535381534,-1.2238743932254816
44405,44,0.5258906483650208,0.22575131058692932,0.5227101445198059,0.22303257882595062,0.6627742052078247,-1.1676052808761597,0.704006016254425,-1.1126786470413208,0.06347507238388062,0.11764868348836899,0.025491323322057724,0.010031798854470253,0.8075137734413147,0.9098873734474182,0.8281196355819702,0.7434027791023254,0.04429500550031662,0.13112324476242065,0.023619748651981354,0.0035224135499447584,11.318578720092773,-8.539566993713379,0.11103923866006526,0.06735891989691023,0.5775395924666755,0.1869191989938018,0.582063412188757,-1.2239255707788805
44406,44,0.5329159498214722,0.21404533088207245,0.5294644832611084,0.2119867205619812,0.7320966124534607,-1.1810369491577148,0.6473424434661865,-1.10930597782135,0.0665767565369606,0.11542240530252457,0.023535141721367836,0.010027936659753323,0.8042631149291992,0.9142109155654907,0.8300049901008606,0.739984929561615,0.048816390335559845,0.1302585005760193,0.021931156516075134,0.0031905672512948513,8.82977294921875,-9.959921836853027,0.10340474312814477,0.06718177563086977,0.5833602265885636,0.17467994328601305,0.530570066110839,-1.2221639080016642
44407,44,0.5400115847587585,0.201668843626976,0.5355766415596008,0.20043301582336426,0.6973645687103271,-1.2740726470947266,0.6036205887794495,-1.184930682182312,0.0647050142288208,0.11355296522378922,0.02183542773127556,0.010024546645581722,0.8018419742584229,0.9186969995498657,0.8318174481391907,0.7364741563796997,0.04875772073864937,0.12842756509780884,0.020249739289283752,0.0031847187783569098,6.294217109680176,-7.2330474853515625,0.10340024808770926,0.053178530662786896,0.5880319263392187,0.16247999430558668,0.46577309437097664,-1.2199471087084592
44408,44,0.5466384291648865,0.18910294771194458,0.5417284369468689,0.18833677470684052,0.6335964202880859,-1.2485485076904297,0.620564877986908,-1.2367329597473145,0.06329449266195297,0.11603368818759918,0.020355790853500366,0.010021569207310677,0.7998151183128357,0.9227736592292786,0.8334064483642578,0.7330442070960999,0.048271141946315765,0.1292361170053482,0.01869960129261017,0.0032510163728147745,4.417405128479004,-5.978326797485352,0.11668186870611678,0.05456609068758714,0.5926896572829286,0.15028052321850285,0.46577309437097664,-1.2199471087084592
44409,44,0.5524076223373413,0.1768782138824463,0.5478029251098633,0.17568998038768768,0.5308480262756348,-1.2017282247543335,0.5880825519561768,-1.2842713594436646,0.06273722648620605,0.11551900207996368,0.01906644180417061,0.010018954053521156,0.7979789972305298,0.92662513256073,0.8348522186279297,0.7299306988716125,0.047819919884204865,0.12772944569587708,0.01751122623682022,0.0037131241988390684,5.584502220153809,-1.9395899772644043,0.11272959451131773,0.05927767329382953,0.5963921447051074,0.13816220805793425,0.35819917057324685,-1.2108078041667532
44410,44,0.5577280521392822,0.16594533622264862,0.5536695718765259,0.1632445901632309,0.5100305080413818,-1.0302881002426147,0.5584141612052917,-1.218196988105774,0.06979624181985855,0.11387252062559128,0.017941491678357124,0.010016657412052155,0.7957436442375183,0.9304549098014832,0.8360529541969299,0.7267781496047974,0.05258035659790039,0.12779301404953003,0.016293276101350784,0.0031778959091752768,6.929786205291748,-10.488324165344238,0.10492338196924128,0.07126685974372264,0.59997413641084,0.12605413001626672,0.35819917057324685,-1.2108078041667598
44411,44,0.5622097253799438,0.1544628143310547,0.5583401918411255,0.15101493895053864,0.43363484740257263,-1.1974438428878784,0.42799830436706543,-1.18397057056427,0.07017561048269272,0.10803824663162231,0.01695878989994526,0.010014637373387814,0.793982207775116,0.9349563717842102,0.8372410535812378,0.7233092784881592,0.05358794331550598,0.12474403530359268,0.015560057014226913,0.002881941618397832,8.322441101074219,-11.382842063903809,0.0760467885515161,0.07025562217705288,0.6027771426567028,0.11405982014674446,0.25934164079551475,-1.1963699987838214
44412,44,0.5667206048965454,0.14198948442935944,0.562436580657959,0.13948459923267365,0.4619021415710449,-1.287196397781372,0.39909541606903076,-1.1388115882873535,0.07726383209228516,0.10667198151350021,0.01609993167221546,0.010012860409915447,0.7917647361755371,0.9394916892051697,0.8384502530097961,0.7198207974433899,0.0577172189950943,0.12142706662416458,0.014761477708816528,0.0029996572993695736,6.3334059715271,-6.0854339599609375,0.09911045987237402,0.07880167428115632,0.6053705590646583,0.10209612015890618,0.25934164079551475,-1.1963699987838148
44413,44,0.5713210701942444,0.12961223721504211,0.5665695071220398,0.12827421724796295,0.4467248320579529,-1.2153806686401367,0.4125155806541443,-1.1281101703643799,0.0762653648853302,0.11159473657608032,0.015347864478826523,0.010011300444602966,0.7901890873908997,0.943308413028717,0.8394256830215454,0.7162979245185852,0.05932077765464783,0.12486019730567932,0.013781778514385223,0.002769192447885871,3.920624256134033,-8.56494140625,0.11282974414945558,0.07029879777389221,0.607343815286365,0.09026820358716166,0.16920050503783327,-1.1766336925598029
44414,44,0.574982762336731,0.11705667525529861,0.5702521204948425,0.1164885014295578,0.3221208453178406,-1.2640620470046997,0.3476683795452118,-1.2008634805679321,0.0750148817896843,0.11015448719263077,0.014690259471535683,0.010009929537773132,0.7892451882362366,0.9474495053291321,0.8401266932487488,0.7126438617706299,0.059562571346759796,0.12591570615768433,0.012861791998147964,0.002602196065708995,2.496311664581299,-9.994792938232422,0.10225699794463773,0.06751276870906568,0.6090358203367439,0.07850186666156284,0.16920050503788614,-1.1766336925598029
44415,44,0.5774806141853333,0.1041100025177002,0.5732697248458862,0.10409931093454361,0.1998409479856491,-1.3084468841552734,0.2658655047416687,-1.2631498575210571,0.08075898140668869,0.1103726476430893,0.014114395715296268,0.010008726269006729,0.788062572479248,0.9516367316246033,0.8407224416732788,0.7091129422187805,0.06273616850376129,0.12506774067878723,0.01238048356026411,0.0028080602642148733,5.103552341461182,-7.436263561248779,0.11042857920710891,0.08201178304152681,0.6102490576864553,0.0668827313943225,0.08777576330025526,-1.1515988854946242
44416,44,0.5797379016876221,0.09169116616249084,0.5758859515190125,0.09158699959516525,0.21599340438842773,-1.2177647352218628,0.22702041268348694,-1.2714728116989136,0.09456933289766312,0.11717782914638519,0.013610108755528927,0.010007667355239391,0.7861883044242859,0.9551267027854919,0.8412362337112427,0.7056322693824768,0.07171950489282608,0.1303022801876068,0.011892439797520638,0.0026468364521861076,6.087439060211182,-9.52871322631836,0.11897280734543117,0.0977865032328388,0.611126815319458,0.055366742539375416,0.08777576330025526,-1.151598885494631
44417,44,0.5818295478820801,0.07937439531087875,0.5777374505996704,0.07860815525054932,0.20998352766036987,-1.2359954118728638,0.1587657630443573,-1.306777000427246,0.09426574409008026,0.11551313102245331,0.013167762197554111,0.010006736032664776,0.7852447628974915,0.9590630531311035,0.8415340781211853,0.7020391821861267,0.07559278607368469,0.13177014887332916,0.010994531214237213,0.0025042362976819277,0.24391889572143555,-8.9475679397583,0.10651837801224902,0.09253319629283123,0.6116497649493343,0.04399877658337197,0.015067415582674975,-1.121265577588303
44418,44,0.5828787088394165,0.06673623621463776,0.5787415504455566,0.06527071446180344,0.04415295273065567,-1.2673224210739136,0.0730944499373436,-1.3294912576675415,0.0936545580625534,0.11473888903856277,0.012780860997736454,0.010005919262766838,0.784959077835083,0.9631523489952087,0.8418088555335999,0.6985908150672913,0.0750541016459465,0.13032248616218567,0.011027572676539421,0.0026681916788220406,6.800298690795898,-8.49996566772461,0.11052944417128796,0.09015215154923911,0.6118004391051611,0.032786120807488175,0.015067415582674975,-1.121265577588303
44419,44,0.5839981436729431,0.05459049344062805,0.5796439051628113,0.05265892669558525,0.13772036135196686,-1.1991709470748901,0.07883527874946594,-1.2267683744430542,0.109397292137146,0.11688734591007233,0.012441134080290794,0.01000519935041666,0.7835174202919006,0.9669194221496582,0.8420786261558533,0.6952090263366699,0.08380388468503952,0.13135452568531036,0.01054303627461195,0.0026254847180098295,3.965444564819336,-7.452652454376221,0.1174555059869408,0.11330968446498586,0.6117028321673629,0.0217117121694468,-0.048924538114801845,-1.0856337688408215
44420,44,0.5850598216056824,0.04265541210770607,0.5802063345909119,0.0405644029378891,0.08839023113250732,-1.1798970699310303,0.048165831714868546,-1.1866734027862549,0.10743379592895508,0.11564739793539047,0.012143181636929512,0.01000456977635622,0.7828717827796936,0.970637857913971,0.8422896862030029,0.6920272707939148,0.08609967678785324,0.1299353539943695,0.010339402593672276,0.002909171860665083,3.8797903060913086,-5.153011322021484,0.10893689267909698,0.09660152160470444,0.6112135867862144,0.010855374481037837,-0.048924538114801845,-1.0856337688408233
44421,44,0.5859703421592712,0.031534966081380844,0.5808062553405762,0.029199371114373207,0.08539816737174988,-1.0653748512268066,0.0622563436627388,-1.1002287864685059,0.10646164417266846,0.11439122259616852,0.011881398037075996,0.01000401470810175,0.782709538936615,0.9742767214775085,0.842406690120697,0.6889699101448059,0.08625032007694244,0.1284627616405487,0.009934033267199993,0.0028129194397479296,3.1056857109069824,-8.275444030761719,0.1075882771278682,0.10109092722206384,0.6105651544329017,0.00011691116769110225,-0.10420009779233382,-1.0447034592521818
44422,44,0.5863353610038757,0.020650506019592285,0.5811055898666382,0.018334195017814636,0.016855653375387192,-1.084409236907959,0.020672056823968887,-1.0550310611724854,0.105189248919487,0.11076635867357254,0.011652497574687004,0.0100035285577178,0.7828094959259033,0.9780928492546082,0.8423600792884827,0.6858600974082947,0.08633306622505188,0.1258607804775238,0.00952062476426363,0.002657513599842787,1.537163257598877,-9.946634292602539,0.09091946539971583,0.09810574994906707,0.6095231534549783,-0.010330123424831429,-0.10420009779233382,-1.0447034592521813
44423,44,0.5860080122947693,0.009559845551848412,0.5810173749923706,0.007926424033939838,-0.06595434248447418,-1.1195547580718994,-0.02844953164458275,-1.0200603008270264,0.10571148246526718,0.10818403214216232,0.011451016180217266,0.010003100149333477,0.7830283045768738,0.981918454170227,0.8421983122825623,0.6828204989433289,0.08686994761228561,0.12209862470626831,0.009246030822396278,0.002806116361171007,1.7779922485351562,-7.536027431488037,0.09399646822308923,0.1058392014426677,0.6083936268383116,-0.020690253406756197,-0.15075926344976232,-0.9984746488223865
44424,44,0.5852656960487366,-0.0011692363768815994,0.5806591510772705,-0.0019132645102217793,-0.09276703745126724,-1.0467936992645264,-0.05673939734697342,-0.9708927273750305,0.11413996666669846,0.10703380405902863,0.011274357326328754,0.010002722963690758,0.7827668786048889,0.9854868054389954,0.8420263528823853,0.6798786520957947,0.09135495871305466,0.11996810138225555,0.00920830387622118,0.0027225667145103216,5.552153587341309,-9.981622695922852,0.10067542744778238,0.11631777340904477,0.6068860342038136,-0.030674999894980744,-0.1507592634498152,-0.9984746488223865
44425,44,0.584665060043335,-0.011674577370285988,0.5799180269241333,-0.011552436277270317,-0.043723080307245255,-1.0552700757980347,-0.09085427969694138,-0.9656950831413269,0.11806261539459229,0.1045231744647026,0.01111950445920229,0.010002393275499344,0.7826488018035889,0.989147424697876,0.8416196703910828,0.6767972111701965,0.09700234979391098,0.11815469712018967,0.008571537211537361,0.002534295665100217,-2.0578742027282715,-9.692187309265137,0.09055171175335439,0.11914411965895251,0.6053451444759531,-0.04061440853875308,-0.1855364080125649,-0.9511215434480482
44426,44,0.5829674005508423,-0.022640058770775795,0.5783681869506836,-0.021797796711325645,-0.23329491913318634,-1.0987638235092163,-0.18194077908992767,-1.0487885475158691,0.11673939228057861,0.10279291868209839,0.010983395390212536,0.010002103634178638,0.783225417137146,0.9926455020904541,0.8411384224891663,0.6739723086357117,0.09805694222450256,0.11444073915481567,0.008569507859647274,0.002960731042549014,1.8836617469787598,-5.790450572967529,0.09312671737827981,0.10959263867804371,0.6034591241250813,-0.05008388191426807,-0.1886020350871931,-0.9469473375514361
44427,44,0.5811050534248352,-0.03250286728143692,0.5767635703086853,-0.031945765018463135,-0.1818671077489853,-0.9258404970169067,-0.17705054581165314,-1.018496036529541,0.13337786495685577,0.10265826433897018,0.010863837786018848,0.010001848451793194,0.7828693985939026,0.9957174062728882,0.8407862782478333,0.6713811755180359,0.10558615624904633,0.11300203204154968,0.00872588437050581,0.0028994460590183735,7.008621692657471,-9.413471221923828,0.10190452965452534,0.1380238068496435,0.6015731037742093,-0.059553355289783616,-0.2014991934301282,-0.9217848711986193
44428,44,0.5799162983894348,-0.04178871214389801,0.5748991370201111,-0.0421636588871479,-0.07654211670160294,-0.9311800003051758,-0.18881873786449432,-1.0199693441390991,0.13284125924110413,0.09880700707435608,0.01075881626456976,0.010001624934375286,0.7828758358955383,0.9990114569664001,0.8403522372245789,0.6686338186264038,0.11017744988203049,0.11081519722938538,0.008327166549861431,0.0026681916788220406,-0.24438858032226562,-9.302570343017578,0.0771563947627386,0.1300526437656187,0.5993993183111418,-0.06846139646755374,-0.2177284127045204,-0.8901215254393259
44429,44,0.5782098174095154,-0.05160209536552429,0.5726943612098694,-0.05261879041790962,-0.20463481545448303,-0.9931584000587463,-0.2145518809556961,-1.029766321182251,0.12959471344947815,0.0956941694021225,0.01066667027771473,0.010001427493989468,0.7835423946380615,1.002380609512329,0.8399818539619446,0.6659772992134094,0.10894203186035156,0.1067352220416069,0.00848732702434063,0.002821666654199362,3.7352919578552246,-7.688422203063965,0.07801510148055349,0.11262295164111451,0.5972220341840964,-0.07736261172194707,-0.21772841270457324,-0.8901215254393259
44430,44,0.576795756816864,-0.06100666895508766,0.571047842502594,-0.062191784381866455,-0.1192275807261467,-0.9232815504074097,-0.14781025052070618,-0.9205746054649353,0.13058677315711975,0.09477836638689041,0.010585659183561802,0.01000125426799059,0.7839709520339966,1.005439043045044,0.8398255109786987,0.663468062877655,0.10716594755649567,0.10421093553304672,0.00873706117272377,0.0028984735254198313,6.281447410583496,-7.272436618804932,0.08955730874786066,0.130865847643302,0.5948635118543563,-0.08571217053969585,-0.23813839630184996,-0.8279972124860627
44431,44,0.5762290954589844,-0.06993435323238373,0.5699648857116699,-0.07093064486980438,-0.0203448086977005,-0.8787071704864502,-0.08144528418779373,-0.8474621176719666,0.12832096219062805,0.0926804393529892,0.010514543391764164,0.010001103393733501,0.7842739224433899,1.0083274841308594,0.8396543264389038,0.6610927581787109,0.10665008425712585,0.10147915780544281,0.00840925145894289,0.0030561210587620735,0.5809783935546875,-3.9957118034362793,0.08066527475537418,0.1164338431148062,0.5924821278913375,-0.09399214266455751,-0.23813839630190284,-0.8279972124860561
44432,44,0.5754135847091675,-0.07830264419317245,0.5691667199134827,-0.07931919395923615,-0.10887110233306885,-0.7913424372673035,-0.07066869735717773,-0.8183760643005371,0.12349724024534225,0.09016263484954834,0.010451949201524258,0.010000968351960182,0.784949004650116,1.0110301971435547,0.8393709063529968,0.6589598059654236,0.10453501343727112,0.09818287938833237,0.008313997648656368,0.0032022648956626654,2.0023036003112793,-5.974068641662598,0.07570097986216384,0.09806328402555602,0.5900085998470852,-0.10174083111555507,-0.24983198587912894,-0.7605743986916399
44433,44,0.574227511882782,-0.08591358363628387,0.5684139728546143,-0.08716747909784317,-0.12306944280862808,-0.7377829551696777,-0.08100859075784683,-0.7514255046844482,0.12108445912599564,0.08624410629272461,0.010397062636911869,0.010000851936638355,0.785650372505188,1.0138176679611206,0.8391674757003784,0.6567644476890564,0.10129919648170471,0.09535395354032516,0.008503557182848454,0.0028576336335390806,6.1374711990356445,-11.74129581451416,0.06350048520885129,0.10821854375849535,0.5875102799882941,-0.10934657510247109,-0.24983198587912894,-0.7605743986916399
44434,44,0.5734192132949829,-0.09395891427993774,0.5675453543663025,-0.09443362057209015,-0.04493233934044838,-0.8440907597541809,-0.07887935638427734,-0.697515606880188,0.11901147663593292,0.08182019740343094,0.0103488489985466,0.010000748559832573,0.7860008478164673,1.0167697668075562,0.8392186760902405,0.654572069644928,0.09783592820167542,0.09033185243606567,0.008678140118718147,0.0030707279220223427,5.818431377410889,-5.966316223144531,0.05586681319452182,0.10789811457936999,0.5849914773816899,-0.11645200517998827,-0.25280918143635733,-0.6878530840560572
44435,44,0.5735640525817871,-0.10168880969285965,0.5673057436943054,-0.10092852264642715,0.04164417088031769,-0.7417510151863098,0.004134427756071091,-0.6448432803153992,0.11493413150310516,0.08062460273504257,0.01030648685991764,0.010000658221542835,0.7862988114356995,1.0193758010864258,0.8391650915145874,0.6525121331214905,0.09602905064821243,0.08744636923074722,0.00836262945085764,0.0030979986768215895,0.9107518196105957,-5.900697708129883,0.07355915105357064,0.09291884605146007,0.5824633855673259,-0.12333053602054936,-0.25280918143635733,-0.6878530840560638
44436,44,0.5731996297836304,-0.10908129066228867,0.5671435594558716,-0.10785184800624847,-0.07224524021148682,-0.7147534489631653,-0.018657632172107697,-0.7122191190719604,0.1087256520986557,0.07769186794757843,0.010269270278513432,0.010000578127801418,0.7869603037834167,1.0217924118041992,0.8390788435935974,0.65059894323349,0.09184973686933517,0.08447560667991638,0.00843763817101717,0.0031827695202082396,4.4832634925842285,-7.304373741149902,0.060267182599118084,0.07478209865051988,0.57996903955053,-0.12975031971785722,-0.24706998297358798,-0.6098332685793347
44437,44,0.5727996230125427,-0.11593659222126007,0.5670589208602905,-0.11493252217769623,-0.027177605777978897,-0.6689850091934204,-0.009919092990458012,-0.7097566723823547,0.10551314055919647,0.07491236180067062,0.010236580856144428,0.010000507347285748,0.7874320149421692,1.0241338014602661,0.8391491174697876,0.6488022208213806,0.08739446103572845,0.0812806636095047,0.008622290566563606,0.003221763065084815,6.786403656005859,-7.2664618492126465,0.05827049699808977,0.08773893044987571,0.5774983397207942,-0.13584865240365093,-0.24706998297353513,-0.6098332685793215
44438,44,0.5730302333831787,-0.12239815294742584,0.567146360874176,-0.121890589594841,0.048198554664850235,-0.6403102278709412,0.01720803789794445,-0.6917933225631714,0.10118567198514938,0.07182782888412476,0.010207858867943287,0.010000445879995823,0.7877996563911438,1.0264842510223389,0.8391151428222656,0.6469788551330566,0.08499732613563538,0.07828497141599655,0.008268419653177261,0.003144761547446251,1.2540817260742188,-6.618378162384033,0.05322025933997995,0.07702445344604024,0.5750981814459677,-0.1415404017140188,-0.2326143904907152,-0.5265149522614327
44439,44,0.5726934671401978,-0.1289745271205902,0.5670347809791565,-0.1289982944726944,-0.07202767580747604,-0.6532910466194153,-0.0184929221868515,-0.7020055055618286,0.09507887065410614,0.06885769963264465,0.010182595811784267,0.010000390000641346,0.7884476184844971,1.0287623405456543,0.8391178250312805,0.645236611366272,0.08006785809993744,0.07504557818174362,0.008520802482962608,0.003188617527484894,6.874840259552002,-7.5262651443481445,0.05082371658292596,0.060599356911687004,0.5727720375410604,-0.14680555123663355,-0.2326143904907152,-0.5265149522614327
44440,44,0.572683572769165,-0.13525716960430145,0.5671054124832153,-0.13546399772167206,0.02666192129254341,-0.6273699998855591,0.008702844381332397,-0.6171516180038452,0.09206460416316986,0.06700164079666138,0.01016045082360506,0.010000339709222317,0.7887913584709167,1.0308610200881958,0.8392329216003418,0.6435977816581726,0.07625517249107361,0.07230354100465775,0.00852283090353012,0.0033173481933772564,5.502171516418457,-4.451651573181152,0.05562588688746969,0.07479119182750549,0.5705357981603626,-0.15172687815333416,-0.2094424039877918,-0.43789813510239756
44441,44,0.5730273127555847,-0.14109227061271667,0.5673156976699829,-0.14130619168281555,0.03361762687563896,-0.5575039386749268,0.025038080289959908,-0.5643649101257324,0.08670725673437119,0.06534068286418915,0.010140969417989254,0.010000296868383884,0.7891828417778015,1.0327671766281128,0.8392738103866577,0.6420530676841736,0.07290859520435333,0.07038497924804688,0.00839201919734478,0.003304664511233568,4.551737308502197,-5.646328926086426,0.05512807834476413,0.05573384895183789,0.5684413741204843,-0.1561058595043584,-0.2094424039877918,-0.43789813510238434
44442,44,0.5730716586112976,-0.14667609333992004,0.5674331188201904,-0.14684243500232697,-0.010106001980602741,-0.5482200980186462,0.007419326342642307,-0.5332990884780884,0.08135567605495453,0.06289449334144592,0.01012389361858368,0.010000255890190601,0.7896798253059387,1.0346351861953735,0.8393939733505249,0.640578031539917,0.06803607940673828,0.06807618588209152,0.008614168502390385,0.0033241785131394863,8.721578598022461,-7.010552883148193,0.04771889603923555,0.049866063913327596,0.5664387847860761,-0.16021437602066105,-0.17755402346492352,-0.3439828171021762
44443,44,0.5735054612159729,-0.1520083099603653,0.5677245855331421,-0.1517568975687027,0.0762210562825203,-0.5310754776000977,0.04045362398028374,-0.4662235379219055,0.07721307128667831,0.0611465685069561,0.010108854621648788,0.010000227019190788,0.7900679707527161,1.0364739894866943,0.8394039273262024,0.6391017436981201,0.0652347281575203,0.066010020673275,0.008130766451358795,0.0033661439083516598,1.745917797088623,-4.847164154052734,0.05027474683612112,0.052616667779842904,0.5646632445514272,-0.16365420419168297,-0.17755402346487065,-0.3439828171021894
44444,44,0.5732849836349487,-0.1572950929403305,0.567813515663147,-0.1565665900707245,-0.07318506389856339,-0.5091758370399475,-0.0032829735428094864,-0.47787410020828247,0.07122928649187088,0.059824999421834946,0.01009565033018589,0.010000202804803848,0.790736734867096,1.037977933883667,0.8394206762313843,0.6379441022872925,0.06032293662428856,0.06358662247657776,0.00844067893922329,0.0037111665587872267,7.727451324462891,-3.1141233444213867,0.051562866549066694,0.03519075906309659,0.5629640364154687,-0.16690752230085934,-0.13694924892189891,-0.2447689982608348
44445,44,0.5733437538146973,-0.16136059165000916,0.5681135058403015,-0.16076651215553284,0.027488667517900467,-0.35577192902565,0.023971393704414368,-0.4042438864707947,0.06895080953836441,0.05898479372262955,0.010084051638841629,0.010000180453062057,0.7910453677177429,1.0392073392868042,0.839520275592804,0.6369680762290955,0.05715686082839966,0.06243033707141876,0.008509643375873566,0.003680830355733633,8.767736434936523,-6.025395393371582,0.05371490407289485,0.05506983847969545,0.5615945439262496,-0.16935521228346784,-0.13694924892189891,-0.2447689982608348
44446,44,0.5736945271492004,-0.16496701538562775,0.5681850910186768,-0.16480664908885956,0.04995622858405113,-0.3581845760345459,0.008401604369282722,-0.38846760988235474,0.06448310613632202,0.05556316301226616,0.01007387787103653,0.010000146925449371,0.7913100719451904,1.040640950202942,0.8396625518798828,0.6359167695045471,0.053876087069511414,0.06012726575136185,0.008523846045136452,0.0035546680446714163,8.439529418945312,-7.390897274017334,0.03391684485289169,0.03693754072355661,0.5602684481409015,-0.17171094397878797,-0.09162356755906952,-0.14872317780614422
44447,44,0.5741676092147827,-0.16883575916290283,0.5682772397994995,-0.1685834527015686,0.057041268795728683,-0.3991646468639374,0.025498930364847183,-0.3538210093975067,0.05981450155377388,0.05324311554431915,0.010064901784062386,0.010000129230320454,0.791559100151062,1.0421186685562134,0.8399152755737305,0.6348471641540527,0.04962913319468498,0.0575859509408474,0.008664936758577824,0.003550757886841893,9.689974784851074,-6.584930419921875,0.03852352589631791,0.030827251091212506,0.5593921673373128,-0.1731135107645712,-0.0876280803588766,-0.1402566785783073
44448,44,0.5751025676727295,-0.1727127730846405,0.5688929557800293,-0.17180263996124268,0.11136677861213684,-0.3857269287109375,0.08493068069219589,-0.31292954087257385,0.05528232082724571,0.05273425951600075,0.010057024657726288,0.01000011432915926,0.7914994955062866,1.043226957321167,0.8404415249824524,0.6340068578720093,0.044751375913619995,0.05571509152650833,0.009064625017344952,0.00389823573641479,12.990403175354004,-2.7515649795532227,0.04948928413596129,0.02675273486749772,0.5585158865337241,-0.17451607755035445,0.22139257817852107,-0.09165460465571888
44449,44,0.577207624912262,-0.1756211817264557,0.5704918503761292,-0.17444197833538055,0.2567562162876129,-0.24353551864624023,0.19919902086257935,-0.26034706830978394,0.05165766924619675,0.05425770580768585,0.010050104930996895,0.01000010222196579,0.7908416986465454,1.043648600578308,0.8413296937942505,0.6336081624031067,0.04034731537103653,0.05537606030702591,0.009540040045976639,0.0043941461481153965,15.531862258911133,0.24235010147094727,0.0545489386774165,0.028559985696142477,0.5645345636821298,-0.17483422086211478,0.6102506424417637,-0.030495883183302375
44450,44,0.580792248249054,-0.1768917441368103,0.5733453035354614,-0.17667840421199799,0.4160667359828949,-0.05528063699603081,0.34233662486076355,-0.21178025007247925,0.04668622836470604,0.05211386829614639,0.010044028982520103,0.010000091977417469,0.789847195148468,1.0440744161605835,0.8424373865127563,0.6333878636360168,0.03610780090093613,0.054252125322818756,0.00975071545690298,0.00426237378269434,15.461359024047852,-5.122064590454102,0.03843676682832647,0.014615057318476739,0.5706370701065473,-0.17513917969394777,0.6102506424417637,-0.030495883183302375
44451,44,0.5851854085922241,-0.17783620953559875,0.5771500468254089,-0.1788317859172821,0.4848988354206085,-0.09718543291091919,0.4412936866283417,-0.17667682468891144,0.04181365296244621,0.047014348208904266,0.010038681328296661,0.010000082664191723,0.788646936416626,1.0448448657989502,0.8437145352363586,0.6331954598426819,0.03184403106570244,0.0499904565513134,0.009832615964114666,0.004403985571116209,12.053608894348145,-2.573291063308716,0.014218066970885703,-0.006584460451733991,0.5756219267503669,-0.1744246468818071,0.4843874781065452,0.08431328740960922
44452,44,0.5901481509208679,-0.17851956188678741,0.582149088382721,-0.17996639013290405,0.513897180557251,-0.04167274385690689,0.5459240078926086,-0.05521295964717865,0.03764156252145767,0.043974608182907104,0.015328953042626381,0.010000077076256275,0.787330687046051,1.0455296039581299,0.8446253538131714,0.6330567002296448,0.02845023199915886,0.04659808799624443,0.014154747128486633,0.004339061211794615,10.470829010009766,-4.714888572692871,0.02416407681444599,-0.016102238632815277,0.5804658015314329,-0.1735815140077109,0.4843874781065452,0.08431328740960922
44453,44,0.595045268535614,-0.17916767299175262,0.5876432657241821,-0.18011780083179474,0.4840262532234192,-0.06744667887687683,0.5578531622886658,0.03131775185465813,0.034050922840833664,0.04092884436249733,0.021750114858150482,0.010000071488320827,0.7860546112060547,1.0459582805633545,0.8453454971313477,0.6331412196159363,0.02587011642754078,0.04262557253241539,0.019312407821416855,0.004819871857762337,6.218352317810059,2.185943126678467,0.020912786642455557,-0.022718712768938915,0.5843531328578928,-0.17179431226209083,0.362996864393302,0.20412080807174518
44454,44,0.599422812461853,-0.17869946360588074,0.5932095646858215,-0.17916585505008698,0.39137816429138184,0.12642313539981842,0.5336967706680298,0.13113933801651,0.0309535451233387,0.03953910246491432,0.02164539322257042,0.010000064969062805,0.7851925492286682,1.04592764377594,0.8461049795150757,0.6335117220878601,0.024300632998347282,0.04053855314850807,0.01897251605987549,0.00488503510132432,5.615124702453613,-2.069002389907837,0.030345806643023724,-0.020913614951167336,0.5879831015018252,-0.1697531041813735,0.36299686439324913,0.20412080807174518
44455,44,0.6024043560028076,-0.1774943470954895,0.5976986885070801,-0.17780107259750366,0.2398959845304489,0.14225494861602783,0.3898027539253235,0.165249764919281,0.028280658647418022,0.035693369805812836,0.02022968977689743,0.010000063106417656,0.7848008275032043,1.0458585023880005,0.8466774225234985,0.6340671181678772,0.02274547703564167,0.03690701350569725,0.01746486872434616,0.005187578033655882,4.591867923736572,-0.10709762573242188,0.006365555027165178,-0.010292599126606933,0.5908086879159011,-0.16685324670172033,0.24607880130187548,0.32892667880310555
44456,44,0.6041837930679321,-0.1754588633775711,0.6009426712989807,-0.17571954429149628,0.1189696341753006,0.25237950682640076,0.25573310256004333,0.24153968691825867,0.026112603023648262,0.03237294778227806,0.018956581130623817,0.010000057518482208,0.7846951484680176,1.0455571413040161,0.8470550179481506,0.6349167823791504,0.021161628887057304,0.03315265476703644,0.0162761602550745,0.00544716976583004,7.89881706237793,-1.0503590106964111,0.008437690943650298,0.01120551918018399,0.5932694759289201,-0.16356397991368885,0.24607880130187548,0.32892667880310555
44457,44,0.6053031086921692,-0.17246143519878387,0.6028215885162354,-0.17281712591648102,0.09241635352373123,0.33190086483955383,0.11738958209753036,0.32537510991096497,0.028801070526242256,0.029498903080821037,0.017843425273895264,0.01000005379319191,0.7841336727142334,1.045028805732727,0.8473989963531494,0.635911762714386,0.0225373525172472,0.030075911432504654,0.015390858054161072,0.005516612436622381,10.95221996307373,-2.402472496032715,-0.0037280125256994034,0.029202547511894408,0.5950690978355871,-0.15951147989944855,0.1336332888324243,0.45873089960370345
44458,44,0.606418251991272,-0.16899393498897552,0.6033388376235962,-0.16915185749530792,0.11842608451843262,0.35511136054992676,0.0005018215160816908,0.39687642455101013,0.032793078571558,0.027014827355742455,0.01687259040772915,0.011863689869642258,0.7832050323486328,1.0441924333572388,0.8477948307991028,0.6370948553085327,0.025361571460962296,0.02676965296268463,0.014591049402952194,0.006869992706924677,10.501546859741211,2.5815963745117188,-0.012125709307265198,0.033441620578439475,0.5964054307239116,-0.15492417090341146,0.1336332888324243,0.45873089960370345
44459,44,0.6077989339828491,-0.16440033912658691,0.6033608317375183,-0.16461443901062012,0.134767547249794,0.5236343145370483,-0.001330886036157608,0.4808153212070465,0.03227229416370392,0.02486289106309414,0.016024978831410408,0.011839576996862888,0.782828152179718,1.0429868698120117,0.8480181097984314,0.6386390924453735,0.02605396695435047,0.024244442582130432,0.013547306880354881,0.007058568298816681,7.686567306518555,1.4976954460144043,-0.011665727515977366,0.02874468227023358,0.5972148685281453,-0.14967904155403067,0.025660326984948478,0.5935334704735258
44460,44,0.6084374785423279,-0.15890854597091675,0.6031743884086609,-0.15971454977989197,0.018285997211933136,0.585458517074585,-0.01838587038218975,0.5198284983634949,0.03118795156478882,0.022990146651864052,0.015282412990927696,0.03092287853360176,0.7829729914665222,1.0414403676986694,0.8480120301246643,0.6397788524627686,0.025914359837770462,0.021765004843473434,0.012607891112565994,0.016422778367996216,6.601240634918213,2.715914249420166,-0.033847560283805415,0.023838756173376423,0.5974714717979945,-0.14374370684929488,0.025660326984948478,0.5935334704735258
44461,44,0.6080987453460693,-0.15253683924674988,0.60291987657547,-0.1539810448884964,-0.07898429781198502,0.6724761724472046,-0.04131351411342621,0.6213019490242004,0.03831891342997551,0.021361570805311203,0.014632834121584892,0.03929881751537323,0.7828503251075745,1.0398614406585693,0.8475313782691956,0.6411831378936768,0.032075196504592896,0.020469270646572113,0.011380145326256752,0.020417654886841774,2.632756233215332,-2.063422203063965,-0.04071643431348871,0.039521748320898,0.5973265059047701,-0.13726596136421812,-0.07784008424065775,0.7333343914125989
44462,44,0.6058750152587891,-0.14663885533809662,0.6016057133674622,-0.1476929634809494,-0.2976006269454956,0.5619614720344543,-0.1800583302974701,0.6710065603256226,0.05077366530895233,0.01994253695011139,0.014063925482332706,0.04956192895770073,0.7826218605041504,1.0383684635162354,0.8467463850975037,0.6424290537834167,0.04202058166265488,0.019038911908864975,0.010710891336202621,0.025602633133530617,4.487819671630859,-1.3772058486938477,-0.05139372380352933,0.05300194447651494,0.5965481050623632,-0.12993261745009166,-0.07784008424071062,0.7333343914125989
44463,44,0.6026829481124878,-0.14098256826400757,0.5993735194206238,-0.14039346575737,-0.3424025774002075,0.5592434406280518,-0.27120256423950195,0.7658889293670654,0.08135196566581726,0.018706725910305977,0.013566226698458195,0.04702722653746605,0.7810012102127075,1.0366566181182861,0.8458384275436401,0.6443118453025818,0.06349153071641922,0.017037520185112953,0.010139139369130135,0.025659268721938133,3.9913272857666016,5.448935031890869,-0.03062265799008939,0.08790686566204557,0.5954845158766563,-0.12218226902876798,-0.1768679448443415,0.8781336624208899
44464,44,0.5992858409881592,-0.1341400295495987,0.596344530582428,-0.13246971368789673,-0.3536011278629303,0.7589262127876282,-0.35491055250167847,0.7805794477462769,0.09430313110351562,0.017626870423555374,0.013129642233252525,0.04388555884361267,0.7805675864219666,1.0345840454101562,0.8447974324226379,0.6466098427772522,0.07742427289485931,0.015500443056225777,0.009733317419886589,0.02461901307106018,3.9704537391662598,3.241853713989258,-0.023413221461699184,0.09729459139228194,0.5937158364282126,-0.11340093240455851,-0.1768679448443415,0.8781336624208832
44465,44,0.5954806804656982,-0.12627281248569489,0.5920810699462891,-0.12500223517417908,-0.39029890298843384,0.82108473777771,-0.4697529077529907,0.7349665760993958,0.10027024894952774,0.016683777794241905,0.012747040018439293,0.04764099046587944,0.7810744047164917,1.0320897102355957,0.8438011407852173,0.6490431427955627,0.084471195936203,0.013662919402122498,0.009432777762413025,0.027387559413909912,3.4142279624938965,7.185938358306885,-0.048328797692135966,0.10172539533125595,0.5917694043549984,-0.10433799424643149,-0.27142325482615565,1.0279312834984118
44466,44,0.5916200876235962,-0.116969034075737,0.5873183608055115,-0.1173994243144989,-0.39341533184051514,1.0023411512374878,-0.4854051172733307,0.774804949760437,0.10744518786668777,0.015859760344028473,0.012411736883223057,0.05145404860377312,0.7816773653030396,1.0291064977645874,0.8429306745529175,0.6518707871437073,0.0897035151720047,0.01221900898963213,0.009421546012163162,0.03022696264088154,7.606940269470215,6.209611892700195,-0.052184102277001224,0.10928340737530173,0.5890551718067372,-0.09405868141144665,-0.2714232548261028,1.0279312834984118
44467,44,0.5883055329322815,-0.10632991045713425,0.5827785134315491,-0.10889896005392075,-0.2982095181941986,1.0976027250289917,-0.42886021733283997,0.9258033037185669,0.11090759932994843,0.015137840062379837,0.012117215432226658,0.07235480844974518,0.7823512554168701,1.0259000062942505,0.8421035408973694,0.6542677283287048,0.09376418590545654,0.011093678884208202,0.009075827896595001,0.04162687063217163,4.066817760467529,6.527068614959717,-0.07648257437772144,0.11177790006837379,0.5862616772509911,-0.08364316671596325,-0.3542084475940293,1.1701872978806314
44468,44,0.5850110054016113,-0.09535087645053864,0.5786779522895813,-0.09879869967699051,-0.3428443670272827,1.1036436557769775,-0.3827562928199768,1.0914762020111084,0.1087351143360138,0.014506716281175613,0.011859134770929813,0.08488908410072327,0.7835853695869446,1.0226819515228271,0.8411889672279358,0.6568078398704529,0.09445102512836456,0.010584209114313126,0.008799055591225624,0.04894525557756424,3.471555709838867,3.68563175201416,-0.08770523226499499,0.09678283880387344,0.5826466171091315,-0.07181589416951073,-0.36150601418594164,1.1827272546451713
44469,44,0.5813232064247131,-0.08478457480669022,0.5749191641807556,-0.08732061088085175,-0.3732081651687622,1.035717487335205,-0.3592778742313385,1.200889229774475,0.10781113803386688,0.013953316025435925,0.011632383801043034,0.08596833795309067,0.7849637866020203,1.019454002380371,0.8403528332710266,0.6597400903701782,0.09323757886886597,0.009696481749415398,0.008712676353752613,0.05106251314282417,3.9719343185424805,7.1732354164123535,-0.08620764970092942,0.10271741193777031,0.5790315569672718,-0.05998862162305822,-0.3994142097182454,1.253484170939404
44470,44,0.5779311656951904,-0.07385699450969696,0.5717200040817261,-0.07465990632772446,-0.32670509815216064,1.1212018728256226,-0.30560439825057983,1.295163869857788,0.10747101157903671,0.013468928635120392,0.011433557607233524,0.0835777297616005,0.7861698269844055,1.015882134437561,0.8395791053771973,0.6631632447242737,0.09258059412240982,0.008442707359790802,0.008569507859647274,0.051683153957128525,3.2132363319396973,11.722960472106934,-0.06957524574266953,0.10559077160786279,0.5745706782465901,-0.046582600377504634,-0.447116222923858,1.3425215758611548
44471,44,0.5748043060302734,-0.06153727322816849,0.5688787698745728,-0.06138157099485397,-0.31553637981414795,1.3046019077301025,-0.28508198261260986,1.329635500907898,0.10576328635215759,0.013044403865933418,0.011259030550718307,0.08256237208843231,0.7875757217407227,1.0119115114212036,0.8385290503501892,0.6669110655784607,0.09367181360721588,0.007443551905453205,0.007897273637354374,0.052393633872270584,-2.554612159729004,11.239538192749023,-0.07658864044518089,0.09630043556238466,0.5700995160173519,-0.03315738461889377,-0.44711622292391084,1.3425215758611548
44472,44,0.570440411567688,-0.04815514758229256,0.5653800964355469,-0.048516955226659775,-0.5002701878547668,1.394673228263855,-0.38551345467567444,1.2810925245285034,0.10340944677591324,0.01267229113727808,0.011105844751000404,0.09514594078063965,0.7895134687423706,1.0074875354766846,0.8372602462768555,0.670538067817688,0.09316350519657135,0.006545615382492542,0.007674258202314377,0.060931071639060974,0.08460283279418945,10.197904586791992,-0.09809560960461057,0.09029760846943058,0.5649078611303084,-0.018268829734183978,-0.5282538810399047,1.5073142471463747
44473,44,0.5653354525566101,-0.03365587443113327,0.5612009763717651,-0.03533623740077019,-0.5315309166908264,1.4818049669265747,-0.4592217206954956,1.3539807796478271,0.11339045315980911,0.012345940805971622,0.010971334762871265,0.10491541773080826,0.7908618450164795,1.0030437707901,0.8358486890792847,0.6741398572921753,0.09934158623218536,0.006621634121984243,0.007427447475492954,0.06708234548568726,1.7788934707641602,4.288299083709717,-0.10732508482710061,0.1159540891949399,0.559625322319909,-0.0031956872627174025,-0.5282538810399047,1.5073142471463747
44474,44,0.5597742795944214,-0.01975974813103676,0.555911123752594,-0.021576276049017906,-0.5583546757698059,1.3364282846450806,-0.5665156245231628,1.4140958786010742,0.11770058423280716,0.012059731408953667,0.010853244923055172,0.11350637674331665,0.7923927307128906,0.9984628558158875,0.8341943621635437,0.6778768301010132,0.10624992847442627,0.005468991119414568,0.0067317369394004345,0.07529843598604202,-8.11744213104248,18.231918334960938,-0.11573078600566036,0.11884787962794204,0.553738671671479,0.01316738312332144,-0.6049189885339232,1.671013178378492
44475,44,0.5531405210494995,-0.004749855492264032,0.5500215291976929,-0.0067546856589615345,-0.7525279521942139,1.599799394607544,-0.6311255097389221,1.5166888236999512,0.12081173807382584,0.011808643117547035,0.01074955239892006,0.10946089774370193,0.7944307327270508,0.9932435750961304,0.8324979543685913,0.6825695633888245,0.10934539139270782,0.004850474651902914,0.007118807639926672,0.07567105442285538,4.6994948387146,13.046326637268066,-0.08730352743529829,0.1216537136873235,0.5476894817861404,0.029877514907105517,-0.6049189885339232,1.6710131783784947
44476,44,0.5467983484268188,0.01189111452549696,0.5435750484466553,0.009308647364377975,-0.5825560688972473,1.6933598518371582,-0.6874602437019348,1.6580891609191895,0.14387919008731842,0.011588501743972301,0.010658565908670425,0.11811164021492004,0.7951288223266602,0.9878407120704651,0.8308822512626648,0.6870580315589905,0.12343879789113998,0.004350862931460142,0.006829903926700354,0.08221881091594696,-0.44811010360717773,14.72679615020752,-0.12046083895993497,0.15071555212578228,0.5411436157812993,0.047538699481011915,-0.6771115454060722,1.8092500090681671
44477,44,0.5405861139297485,0.028973424807190895,0.5362603664398193,0.02615051344037056,-0.6359584927558899,1.7336211204528809,-0.7401114702224731,1.7228593826293945,0.14062748849391937,0.011394822038710117,0.010578464716672897,0.1279083639383316,0.7967222332954407,0.982096254825592,0.8292595744132996,0.6916384100914001,0.12852142751216888,0.0037767570465803146,0.006907084956765175,0.09100954234600067,0.771484375,15.462369918823242,-0.13051704569760925,0.12411336700648531,0.5343725003272385,0.06563119957169482,-0.6771115454060722,1.8092500090681671
44478,44,0.5345125198364258,0.0468422956764698,0.5291897654533386,0.04402497410774231,-0.5953890085220337,1.8158186674118042,-0.6822915077209473,1.830725073814392,0.13888269662857056,0.011225161142647266,0.010508248582482338,0.13122126460075378,0.7990379333496094,0.9762002825737,0.8275262117385864,0.6965173482894897,0.12951834499835968,0.0035478253848850727,0.006507622078061104,0.09539201110601425,-4.528817176818848,15.604150772094727,-0.1321737430354838,0.12994193937569284,0.5272031993709616,0.08435098077099266,-0.7448315516562987,1.9159326490930595
44479,44,0.5276551246643066,0.06496239453554153,0.5222242474555969,0.0623849481344223,-0.7306904792785645,1.829789161682129,-0.691726803779602,1.86324942111969,0.13594458997249603,0.01107617374509573,0.010446556843817234,0.1386193186044693,0.8016625642776489,0.9700614809989929,0.8258467316627502,0.7014526128768921,0.1272898018360138,0.0030892326030880213,0.006748761050403118,0.10276506841182709,1.7564034461975098,15.187578201293945,-0.14078910360430713,0.12081192117449362,0.5197548838543987,0.10351030726192463,-0.7448315516562987,1.9159326490930595
44480,44,0.5211830139160156,0.0837814137339592,0.5157433748245239,0.08166895061731339,-0.613675057888031,1.8964581489562988,-0.6375636458396912,1.9526211023330688,0.13830715417861938,0.010945272631943226,0.010392329655587673,0.1388453096151352,0.8040106892585754,0.9638716578483582,0.8240193724632263,0.7066063284873962,0.12956540286540985,0.0029646228067576885,0.006200073286890984,0.10500997304916382,-5.731210708618164,16.436363220214844,-0.13891150972374688,0.13899487720048614,0.5119979283516625,0.12303625156129333,-0.8080790072846027,1.9910610984531982
44481,44,0.513903796672821,0.10254164785146713,0.5089004039764404,0.10086967796087265,-0.7803084850311279,1.8866829872131348,-0.6989080309867859,1.919966220855713,0.13498863577842712,0.010830349288880825,0.01034469623118639,0.14400780200958252,0.8068684935569763,0.957723081111908,0.8219453692436218,0.711546003818512,0.13008341193199158,0.003100920934230089,0.006045565474778414,0.10949479043483734,-3.3589017391204834,12.085728645324707,-0.14554536526639894,0.1178798878300501,0.5039171382788155,0.14294686254582897,-0.8080790072846027,1.9910610984531851
44482,44,0.5058671832084656,0.12084917724132538,0.5015495419502258,0.11993040144443512,-0.815812349319458,1.7969460487365723,-0.7609711289405823,1.9020851850509644,0.139244943857193,0.010729316622018814,0.01030280627310276,0.14338481426239014,0.8096160292625427,0.9516019821166992,0.8197644352912903,0.7165974974632263,0.13312147557735443,0.0027060573920607567,0.005752989556640387,0.11189727485179901,-6.696763038635254,18.143634796142578,-0.14023051372031833,0.14044976733869485,0.49560830863459326,0.16302653641995504,-0.8668539122909842,2.034635357148537
44483,44,0.49735820293426514,0.13936349749565125,0.49377262592315674,0.13894017040729523,-0.8869268298149109,1.8879072666168213,-0.8050415515899658,1.883333444595337,0.14302246272563934,0.010640663094818592,0.010266038589179516,0.13978362083435059,0.8122611045837402,0.9452680349349976,0.8176025748252869,0.7219273447990417,0.1362091600894928,0.002593464218080044,0.006046561989933252,0.11117604374885559,0.6116175651550293,14.614103317260742,-0.12144185033057961,0.14413294739090216,0.4869397695116845,0.18337288999143933,-0.8668539122909842,2.034635357148537
44484,44,0.48926639556884766,0.1582348346710205,0.48558130860328674,0.15767687559127808,-0.7705661654472351,1.8747562170028687,-0.8448084592819214,1.851029634475708,0.15117983520030975,0.010562981478869915,0.010233812034130096,0.13820168375968933,0.8144057393074036,0.9389493465423584,0.815587043762207,0.7271827459335327,0.1419820785522461,0.0024334813933819532,0.005987796001136303,0.11150848865509033,-1.706547737121582,16.985681533813477,-0.13006492642575618,0.15378336611609142,0.47811484613095284,0.2037538599150021,-0.9211562666754168,2.046655425179096
44485,44,0.48161089420318604,0.17708073556423187,0.47708970308303833,0.17592214047908783,-0.7539792656898499,1.8905091285705566,-0.8396087884902954,1.8052259683609009,0.14826403558254242,0.010494589805603027,0.010205432772636414,0.13582441210746765,0.8170589804649353,0.9325949549674988,0.8133851289749146,0.7324193716049194,0.14511823654174805,0.002340493490919471,0.00558509910479188,0.11119361221790314,-7.384841442108154,17.93450355529785,-0.12358212324090145,0.1336824936161734,0.4689032834641985,0.22422041416679456,-0.9211562666754433,2.046655425179109
44486,44,0.473145991563797,0.19581690430641174,0.46848350763320923,0.1936248242855072,-0.8928431868553162,1.8787736892700195,-0.8591455221176147,1.7718144655227661,0.1448224037885666,0.010434581898152828,0.010180527344346046,0.1334972381591797,0.8203402161598206,0.9261666536331177,0.811121940612793,0.7376862168312073,0.14349056780338287,0.0022262895945459604,0.005680442787706852,0.11089818179607391,-2.9423797130584717,16.487024307250977,-0.12142580664610975,0.12745473101033206,0.45959804675193267,0.24465024661447587,-0.9709860704379535,2.0271213025449013
44487,44,0.46455132961273193,0.2146655023097992,0.4600582718849182,0.21176108717918396,-0.8447698950767517,1.8759386539459229,-0.8427610993385315,1.8402719497680664,0.14521682262420654,0.01038171537220478,0.010158582590520382,0.13054624199867249,0.823529839515686,0.9198017716407776,0.8087753653526306,0.7428911328315735,0.14418062567710876,0.0021740610245615244,0.0051628341898322105,0.10959018766880035,-7.44572639465332,17.974857330322266,-0.1152133110778179,0.14532924694484606,0.4498881860475531,0.26492145963992625,-0.9709860704379535,2.0271213025449146
44488,44,0.4554356038570404,0.23323309421539307,0.4513179361820221,0.23016226291656494,-0.9532656669616699,1.8509951829910278,-0.8910135626792908,1.8480945825576782,0.14358483254909515,0.010335375554859638,0.010139341466128826,0.1273585855960846,0.8271116614341736,0.9134814143180847,0.8059715032577515,0.7480331063270569,0.1466979682445526,0.002196303801611066,0.004692600574344397,0.10840600728988647,-12.10130500793457,18.50537872314453,-0.11062308451748287,0.1353197795384622,0.4401384164087285,0.2851477210864079,-1.0126689515059053,1.9801716321007252
44489,44,0.44466280937194824,0.25158926844596863,0.4417777955532074,0.24851998686790466,-1.153216004371643,1.8422638177871704,-0.9961088299751282,1.8442622423171997,0.1477511078119278,0.010294636711478233,0.010122423991560936,0.12349443137645721,0.8308036923408508,0.9070664048194885,0.8030069470405579,0.7532505989074707,0.15012314915657043,0.0020426190458238125,0.004735010676085949,0.10669107735157013,-5.800727844238281,16.65981674194336,-0.10306258876524582,0.14898951794732973,0.4299749831729428,0.3049080509788684,-1.0163433235785675,1.9760329892459265
44490,44,0.4335624873638153,0.270168274641037,0.4315647482872009,0.26733964681625366,-1.1036109924316406,1.8508055210113525,-1.0701981782913208,1.8871771097183228,0.1718379706144333,0.010258891619741917,0.01010757964104414,0.11939726769924164,0.8331945538520813,0.9009093642234802,0.7999438047409058,0.7582247853279114,0.1671542525291443,0.002609958639368415,0.004540825728327036,0.10296298563480377,-6.15189790725708,11.748390197753906,-0.09748299041238995,0.17970376586874295,0.4198115499371572,0.324668380871329,-1.0344470675152517,1.9394388932178879
44491,44,0.4222469925880432,0.28754186630249023,0.42000144720077515,0.28568923473358154,-1.1228399276733398,1.6747956275939941,-1.1981686353683472,1.8097020387649536,0.17258864641189575,0.010227477177977562,0.010094530880451202,0.11582788825035095,0.8362444639205933,0.8949969410896301,0.7968566417694092,0.763009250164032,0.17633579671382904,0.0023705135099589825,0.004462051205337048,0.10127127170562744,-9.908827781677246,17.94188690185547,-0.09656571576328948,0.17284255359057343,0.4092441807515622,0.34361221275165504,-1.0572280260972593,1.8933904852821848
44492,44,0.4109331965446472,0.3047277331352234,0.4079740047454834,0.30359601974487305,-1.1464316844940186,1.737072229385376,-1.2115144729614258,1.753291368484497,0.17569349706172943,0.01019986905157566,0.010083059780299664,0.1080525740981102,0.8399470448493958,0.889048159122467,0.7935784459114075,0.7679104804992676,0.1827450394630432,0.002523628529161215,0.004123861435800791,0.09573780000209808,-11.607466697692871,15.391974449157715,-0.06554352034191108,0.176741821064481,0.398671900490591,0.3625461176044758,-1.0572280260972593,1.8933904852821584
44493,44,0.39873620867729187,0.3216349184513092,0.39546480774879456,0.3203694224357605,-1.2573740482330322,1.675925850868225,-1.263568639755249,1.6355599164962769,0.17938494682312012,0.010175615549087524,0.010072984732687473,0.10254167765378952,0.843764066696167,0.8830626010894775,0.7904303669929504,0.7728129029273987,0.18590132892131805,0.002246606396511197,0.004489616956561804,0.09199125319719315,-5.073963165283203,16.28310203552246,-0.07190227570457824,0.18065380684540674,0.38777628469460734,0.38046596952631806,-1.093640177994002,1.7791937906536368
44494,44,0.3872489929199219,0.33888792991638184,0.38334497809410095,0.336891233921051,-1.104599118232727,1.725352168083191,-1.2010209560394287,1.631695032119751,0.19411461055278778,0.010154308751225471,0.010064130648970604,0.09605275839567184,0.8468642234802246,0.8773238658905029,0.7871891260147095,0.777464747428894,0.19809621572494507,0.0029072267934679985,0.004087538458406925,0.08582369983196259,-10.571687698364258,12.042787551879883,-0.05942835396646676,0.1993784070658342,0.37683988291466597,0.39825790743285777,-1.093640177994002,1.7791937906536368
44495,44,0.375257283449173,0.3548200726509094,0.37088921666145325,0.35236111283302307,-1.2178376913070679,1.5358045101165771,-1.2303271293640137,1.526639461517334,0.19096581637859344,0.010135585442185402,0.010056349448859692,0.09166175872087479,0.8505309820175171,0.8717881441116333,0.7840818762779236,0.7819382548332214,0.20093414187431335,0.0026293667033314705,0.0044718957506120205,0.0828094482421875,-7.310442924499512,16.125049591064453,-0.06654117928368691,0.17662849123760105,0.3656518009132688,0.4149013458708976,-1.1255797792688487,1.6334429053603086
44496,44,0.36404871940612793,0.37075579166412354,0.3593886196613312,0.36800527572631836,-1.080140471458435,1.598459243774414,-1.1163053512573242,1.5576398372650146,0.19371969997882843,0.010119099169969559,0.01004950050264597,0.08343638479709625,0.8541719317436218,0.8661828637123108,0.7812256217002869,0.7865365147590637,0.20149609446525574,0.002678870689123869,0.004689641762524843,0.07652770727872849,-6.900537014007568,15.660128593444824,-0.0357761439050735,0.19466887494830376,0.3543960031205816,0.4312357749245,-1.1255797792688487,1.633442905360335
44497,44,0.35359475016593933,0.38659048080444336,0.34855353832244873,0.38340696692466736,-1.0164767503738403,1.5724209547042847,-1.0529073476791382,1.5283759832382202,0.19001266360282898,0.010104644112288952,0.010043492540717125,0.07790936529636383,0.8578976392745972,0.8608171939849854,0.7783588767051697,0.7908614277839661,0.20152175426483154,0.0030142576433718204,0.004423665814101696,0.07124171406030655,-10.519388198852539,13.649067878723145,-0.04521144184415962,0.17311993477168106,0.3429512353187465,0.446396542484307,-1.1530468299217465,1.4628495935163963
44498,44,0.342941552400589,0.4015756845474243,0.33798691630363464,0.39822593331336975,-1.0708954334259033,1.4688094854354858,-1.0337034463882446,1.4691921472549438,0.1848147064447403,0.010091924108564854,0.010038206353783607,0.07280199229717255,0.8619717955589294,0.8557547330856323,0.7754616737365723,0.7949013710021973,0.1982157826423645,0.0033622393384575844,0.004423665814101696,0.06638894230127335,-10.161338806152344,11.33924674987793,-0.04222939374164961,0.1609738988280057,0.33142076701952894,0.4610250384194718,-1.1530468299217729,1.4628495935163697
44499,44,0.332230806350708,0.4156355559825897,0.32776957750320435,0.4126484990119934,-1.062662124633789,1.3667182922363281,-1.0075007677078247,1.4234126806259155,0.18159791827201843,0.010080775246024132,0.01003357395529747,0.06647861003875732,0.8660687804222107,0.8510003685951233,0.7725500464439392,0.7987555861473083,0.19513732194900513,0.0035683540627360344,0.004263356328010559,0.06105879694223404,-12.073708534240723,12.430936813354492,-0.0279219199926021,0.16664802125035313,0.31975509382223116,0.4746622531557335,-1.1760413299527748,1.2942609115783388
44500,44,0.3214036226272583,0.4289601147174835,0.3176797032356262,0.42647212743759155,-1.0959844589233398,1.3082728385925293,-1.0109872817993164,1.345701813697815,0.17829373478889465,0.010070981457829475,0.0100295040756464,0.05911886692047119,0.8702547550201416,0.846667468547821,0.7694516181945801,0.8023116588592529,0.19345831871032715,0.004332176875323057,0.004023753106594086,0.05385129898786545,-12.155101776123047,6.942720413208008,-0.013403379525712161,0.1628289679156827,0.30799468052270357,0.4876048622715178,-1.1760413299527748,1.2942609115783388
44501,44,0.3099514842033386,0.44070982933044434,0.3070774972438812,0.4390408396720886,-1.1636649370193481,1.093231201171875,-1.0823760032653809,1.199642539024353,0.17601166665554047,0.010062368586659431,0.010025925002992153,0.0524165965616703,0.8745513558387756,0.8430026173591614,0.7662136554718018,0.8053837418556213,0.19220513105392456,0.004968016874045134,0.00381495151668787,0.04729868471622467,-13.325237274169922,6.427125930786133,-0.005544631857514248,0.1652748943246006,0.2961438823349199,0.4997673138261391,-1.1945632793618277,1.1343886236603054
44502,44,0.2980196177959442,0.4507683515548706,0.2959667146205902,0.450252890586853,-1.2115229368209839,0.9388769865036011,-1.1336205005645752,1.0516225099563599,0.17564654350280762,0.025091450661420822,0.010022778064012527,0.04671206697821617,0.878761351108551,0.8377529978752136,0.7629918456077576,0.8083086013793945,0.19121405482292175,0.015153870917856693,0.0038482591044157743,0.04281770810484886,-12.846212387084961,13.298751831054688,0.027307984417519332,0.17392491260636098,0.2841982495413002,0.5111112000627446,-1.1945632793618277,1.1343886236603318
44503,44,0.28626635670661926,0.4609678387641907,0.28480374813079834,0.4603537321090698,-1.1795907020568848,1.0501021146774292,-1.1394662857055664,0.9353851079940796,0.17921693623065948,0.0490279458463192,0.010020014829933643,0.041844598948955536,0.8826807737350464,0.8314487338066101,0.7596747279167175,0.8112194538116455,0.19429615139961243,0.03177954629063606,0.0036563705652952194,0.03861244022846222,-12.592418670654297,11.277575492858887,0.053280916579856175,0.18045062962424252,0.27219810676800327,0.5218686195878885,-1.2086126781489581,0.983232729762349
44504,44,0.27421802282333374,0.471358060836792,0.2728796601295471,0.46888256072998047,-1.2162585258483887,1.0408506393432617,-1.2282640933990479,0.8116000890731812,0.17838303744792938,0.04745429381728172,0.010017585940659046,0.037668075412511826,0.8867805600166321,0.8274711966514587,0.7562539577484131,0.8139883875846863,0.1961282342672348,0.034337304532527924,0.0035360963083803654,0.03476083278656006,-12.353343963623047,7.873268127441406,0.037277489692815,0.17447197549089888,0.260111979986515,0.531700946885512,-1.2086126781489845,0.983232729762349
44505,44,0.2618652582168579,0.48113760352134705,0.26012423634529114,0.47688424587249756,-1.2428879737854004,0.9343759417533875,-1.3011276721954346,0.8143671751022339,0.17907793819904327,0.04620905965566635,0.010015452280640602,0.034074559807777405,0.8909557461738586,0.8243045210838318,0.7528268694877625,0.8165788650512695,0.19717194139957428,0.033808037638664246,0.0034823513124138117,0.03147266060113907,-12.395259857177734,8.321685791015625,0.038124304237320245,0.17931700792271563,0.24799827303268154,0.5411230655333379,-1.2181895263142055,0.8407932298844696
44506,44,0.24949268996715546,0.4902057647705078,0.24711184203624725,0.485342800617218,-1.2412710189819336,0.8754635453224182,-1.3027420043945312,0.8608231544494629,0.18207359313964844,0.051671694964170456,0.0100135812535882,0.030977537855505943,0.8948938846588135,0.820671796798706,0.749511182308197,0.8191013336181641,0.19885724782943726,0.036695174872875214,0.0036485441960394382,0.0289470162242651,-10.021671295166016,10.633492469787598,0.052720155990598455,0.1831321861909887,0.23581637776953956,0.5495309978321831,-1.2181895263142055,0.8407932298844696
44507,44,0.23764243721961975,0.49927467107772827,0.23453383147716522,0.4943324029445648,-1.1592755317687988,0.9135748744010925,-1.235357642173767,0.9075086116790771,0.18256212770938873,0.05953124165534973,0.010011933743953705,0.028297843411564827,0.898695707321167,0.8166930079460144,0.7463694214820862,0.8215200901031494,0.19931477308273315,0.04235317185521126,0.003834543051198125,0.026434771716594696,-7.800579071044922,7.574000358581543,0.06108342644194498,0.18273444195254435,0.22362488704014505,0.557687546754851,-1.2232938238575042,0.7070701240266409
44508,44,0.22644981741905212,0.508045494556427,0.22247882187366486,0.5032988786697388,-1.0780799388885498,0.8546148538589478,-1.165354609489441,0.8895294666290283,0.18019379675388336,0.05858969688415527,0.010010485537350178,0.025974847376346588,0.9025801420211792,0.8136188387870789,0.7432316541671753,0.8237459659576416,0.1991458684206009,0.043313123285770416,0.003581063589081168,0.02432086504995823,-13.050191879272461,8.274229049682617,0.05267998848458355,0.16914473812013464,0.21139194880157008,0.5647582479951174,-1.223293823857491,0.707070124026588
44509,44,0.2150627076625824,0.5161676406860352,0.21096715331077576,0.5117113590240479,-1.1552047729492188,0.8008408546447754,-1.116274356842041,0.8229280710220337,0.175661101937294,0.059078607708215714,0.010009214282035828,0.023959361016750336,0.9069033861160278,0.8111152052879333,0.7398281097412109,0.825477659702301,0.19779643416404724,0.04552255570888519,0.003259793622419238,0.021397853270173073,-13.244487762451172,-2.462674379348755,0.05917723458361576,0.15433782333492274,0.1991584547015898,0.5717189583447878,-1.2238743932254685,0.5921901535381006
44510,44,0.2027549147605896,0.5220535397529602,0.19939318299293518,0.5188797116279602,-1.2431843280792236,0.47043731808662415,-1.148220419883728,0.6647895574569702,0.1735638827085495,0.06307043880224228,0.01000809483230114,0.022205470129847527,0.9113286137580872,0.809008777141571,0.7364175319671631,0.8268390893936157,0.19521526992321014,0.04850665479898453,0.003211038652807474,0.01987612247467041,-15.066408157348633,4.755101203918457,0.06386774948591428,0.16363938636800937,0.18691919899380105,0.5775395924666759,-1.2239255707788805,0.582063412188757
44511,44,0.19045117497444153,0.5269843935966492,0.18833449482917786,0.5252001285552979,-1.2425068616867065,0.47801268100738525,-1.1018744707107544,0.5688138008117676,0.17568372189998627,0.10471422225236893,0.010007113218307495,0.020679570734500885,0.9153436422348022,0.8040392994880676,0.7331895232200623,0.8283114433288574,0.1941269338130951,0.07115493714809418,0.003527299966663122,0.018968164920806885,-10.584667205810547,9.652502059936523,0.11452388381627501,0.17641189459642667,0.1746799432860123,0.5833602265885639,-1.2221639080016642,0.530570066110839
44512,44,0.17901450395584106,0.5328546762466431,0.17774049937725067,0.5306938886642456,-1.1081058979034424,0.638055145740509,-1.0720791816711426,0.4928927719593048,0.1758890151977539,0.11218851804733276,0.010006248019635677,0.01934826374053955,0.9190627932548523,0.800294816493988,0.7301164865493774,0.8299241662025452,0.19394609332084656,0.08159594237804413,0.00356151070445776,0.01809563674032688,-10.678025245666504,7.947173118591309,0.11409022184694463,0.17595843263561547,0.16247999430558596,0.5880319263392191,-1.2199471087084592,0.46577309437097664
44513,44,0.16806480288505554,0.5393496155738831,0.16663676500320435,0.535181999206543,-1.0756088495254517,0.6660234332084656,-1.1308081150054932,0.4465841054916382,0.17202147841453552,0.1085924431681633,0.01000548992305994,0.018186967819929123,0.9228830933570862,0.7979143261909485,0.7271127104759216,0.83149254322052,0.19148874282836914,0.08306065946817398,0.0036113765090703964,0.01681194081902504,-10.15384292602539,2.939939498901367,0.08885544834513291,0.15369800831641378,0.15028052321850285,0.5926896572829286,-1.2199471087084592,0.46577309437097664
44514,44,0.1573578119277954,0.5452033877372742,0.15505340695381165,0.5397264957427979,-1.0466783046722412,0.5467039346694946,-1.1489297151565552,0.4863022565841675,0.16750311851501465,0.10425683110952377,0.01000482402741909,0.01717320643365383,0.9267948865890503,0.7962983250617981,0.7242108583450317,0.8328763246536255,0.1870889812707901,0.08120661228895187,0.003584974678233266,0.015766754746437073,-11.619887351989746,3.2280969619750977,0.08021615199744157,0.14588817098360662,0.13816220805793425,0.5963921447051074,-1.2108078041667532,0.35819917057324685
44515,44,0.14691588282585144,0.5502951741218567,0.14386437833309174,0.5447496771812439,-1.041258692741394,0.4824121296405792,-1.083359718322754,0.5102686285972595,0.16246271133422852,0.10279946029186249,0.010004239156842232,0.01628672145307064,0.930855929851532,0.7949054837226868,0.7211498022079468,0.8340228199958801,0.18343938887119293,0.0803673192858696,0.003253942122682929,0.014705352485179901,-14.738177299499512,2.1512627601623535,0.09466593083644154,0.13812034144857963,0.12605413001626672,0.59997413641084,-1.2108078041667598,0.35819917057324685
44516,44,0.13581715524196625,0.5544520616531372,0.13309520483016968,0.5494758486747742,-1.1431304216384888,0.38136160373687744,-1.057671308517456,0.45246726274490356,0.15756547451019287,0.10249441117048264,0.01000372413545847,0.015513514168560505,0.9351211190223694,0.7936996221542358,0.7179749011993408,0.8349069356918335,0.178656205534935,0.08091062307357788,0.003223713021725416,0.013638739474117756,-11.742959022521973,-0.957038402557373,0.10078178068403615,0.1335455168702153,0.11405982014674518,0.6027771426567027,-1.1963699987838148,0.25934164079556765
44517,44,0.12446707487106323,0.5575822591781616,0.1226225197315216,0.5536184310913086,-1.128676414489746,0.25347423553466797,-1.0444738864898682,0.3710474967956543,0.15568509697914124,0.11151725053787231,0.010003269650042057,0.014835414476692677,0.9391003847122192,0.7920954823493958,0.7150198817253113,0.8357123732566833,0.17381766438484192,0.08544041961431503,0.0034706280566751957,0.013210441917181015,-9.860162734985352,4.626891613006592,0.11383078727117205,0.1464219106952107,0.10209612015890618,0.6053705590646583,-1.1963699987838148,0.25934164079551475
44518,44,0.1139625757932663,0.5607175827026367,0.11261534690856934,0.5572518706321716,-1.021790623664856,0.3223752975463867,-1.0010210275650024,0.32027414441108704,0.15349237620830536,0.12724290788173676,0.010002873837947845,0.014242621138691902,0.9427935481071472,0.7897891402244568,0.7121455073356628,0.8365585803985596,0.17106065154075623,0.09461499750614166,0.00337980967015028,0.012859700247645378,-11.967191696166992,6.424367427825928,0.13169524101703217,0.14261415979553688,0.09026820358716096,0.607343815286365,-1.1766336925598029,0.16920050503783327
44519,44,0.10364490747451782,0.564167320728302,0.10247381776571274,0.5600577592849731,-1.0351808071136475,0.36990299820899963,-1.0201334953308105,0.25985774397850037,0.14846624433994293,0.12600204348564148,0.010002527385950089,0.013723025098443031,0.9467175602912903,0.7881640195846558,0.7090604901313782,0.8374148607254028,0.16839183866977692,0.09753380715847015,0.002992844209074974,0.012385694310069084,-15.134729385375977,4.414458274841309,0.1194398095197644,0.12334840129356259,0.07850186666156073,0.6090358203367441,-1.1766336925598029,0.16920050503783327
44520,44,0.09251648187637329,0.5675530433654785,0.09185851365327835,0.5623990893363953,-1.1534451246261597,0.3367939293384552,-1.0732192993164062,0.24626892805099487,0.14409324526786804,0.1232694685459137,0.01000221911817789,0.013267485424876213,0.9508715867996216,0.7870894074440002,0.7059159278869629,0.8382492661476135,0.1634543091058731,0.0967835932970047,0.00311066210269928,0.011854005977511406,-10.494316101074219,1.5071606636047363,0.10875928780762742,0.12201875139229794,0.0668827313943225,0.6102490576864553,-1.1515988854946242,0.08777576330025526
44521,44,0.08139263093471527,0.5706655979156494,0.0811232179403305,0.5651615262031555,-1.0915031433105469,0.28590089082717896,-1.0874390602111816,0.2900463342666626,0.14312762022018433,0.12110468745231628,0.010001949965953827,0.012867270968854427,0.9546988606452942,0.7862787246704102,0.7029520273208618,0.8389254808425903,0.15974119305610657,0.09593600779771805,0.0032568678725510836,0.011308733373880386,-8.961753845214844,0.7812666893005371,0.10958119356894103,0.1382402777188297,0.055366742539375416,0.611126815319458,-1.151598885494631,0.08777576330025526
44522,44,0.07088074088096619,0.5731676816940308,0.07012905925512314,0.5680193305015564,-1.0213087797164917,0.2175019234418869,-1.108506441116333,0.27395376563072205,0.1405968964099884,0.11980672180652618,0.0100017124786973,0.012516847811639309,0.9582905769348145,0.7856860160827637,0.7000958919525146,0.8394111394882202,0.15704502165317535,0.09561437368392944,0.0032120137475430965,0.010819124057888985,-10.146655082702637,0.9087967872619629,0.11285562284571696,0.12771287340577012,0.04399877658337197,0.6116497649493343,-1.121265577588303,0.015067415582674975
44523,44,0.06069193407893181,0.5749374628067017,0.05899979919195175,0.5703483819961548,-1.0134613513946533,0.14685672521591187,-1.099682331085205,0.20120401680469513,0.13642631471157074,0.11970911920070648,0.010001502931118011,0.012209607288241386,0.9619777798652649,0.7851784229278564,0.6972200274467468,0.8398404717445374,0.15361560881137848,0.09519568085670471,0.0030590423848479986,0.010625394992530346,-12.083518981933594,3.766636848449707,0.11918530385662458,0.11502029502092007,0.032786120807486836,0.6118004391051612,-1.121265577588303,0.015067415582674975
44524,44,0.050388403236866,0.5765697360038757,0.04835953190922737,0.5721150636672974,-1.0480539798736572,0.16698113083839417,-1.0364376306533813,0.15234771370887756,0.1323622614145279,0.12525439262390137,0.010001321323215961,0.011940152384340763,0.9658491015434265,0.7843160629272461,0.6941986680030823,0.8402217626571655,0.15001879632472992,0.09821052104234695,0.0028722179122269154,0.010282889939844608,-12.327933311462402,2.5746631622314453,0.12678261487679554,0.11129237266244466,0.02171171216944745,0.6117028321673629,-1.0856337688408215,-0.04892453811485471
44525,44,0.03958059474825859,0.5780086517333984,0.03812117129564285,0.5733559727668762,-1.1007294654846191,0.13306179642677307,-1.0103366374969482,0.10962967574596405,0.12950757145881653,0.12445478141307831,0.010001160204410553,0.011703728698194027,0.9696435928344727,0.7837091088294983,0.6912941932678223,0.8405684232711792,0.14521613717079163,0.09911967813968658,0.0031671749893575907,0.010031421668827534,-6.795958518981934,1.3332653045654297,0.12021379389242506,0.11458499266649239,0.010855374481038486,0.6112135867862145,-1.0856337688408224,-0.048924538114801845
44526,44,0.029384670779109,0.5793382525444031,0.028382042422890663,0.5745728611946106,-0.9717483520507812,0.11441512405872345,-0.9666191339492798,0.11263474822044373,0.1282837837934494,0.12403178960084915,0.010001018643379211,0.011496647261083126,0.9730134010314941,0.7832728028297424,0.6886494159698486,0.8409237265586853,0.14195433259010315,0.09861170500516891,0.0032480908557772636,0.010008862242102623,-8.806410789489746,5.285243988037109,0.12177812794248724,0.12183573218704538,0.00011691116769110225,0.6105651544329017,-1.0447034592521818,-0.10420009779233382
44527,44,0.019958190619945526,0.5807815790176392,0.018862087279558182,0.5756879448890686,-0.9255275726318359,0.16063295304775238,-0.9436165690422058,0.1057196632027626,0.12397265434265137,0.12346234917640686,0.010000896640121937,0.011314415372908115,0.9763221144676208,0.7828688621520996,0.686125636100769,0.8411734700202942,0.13754677772521973,0.09916744381189346,0.00339445355348289,0.009500189684331417,-6.092855930328369,-0.5302238464355469,0.12043562323804996,0.10119204804114243,-0.010330123424832676,0.6095231534549782,-1.0447034592521822,-0.10420009779233382
44528,44,0.0110477851703763,0.5815962553024292,0.009412169456481934,0.5764901041984558,-0.8534517884254456,0.03353632986545563,-0.9290751218795776,0.06759653985500336,0.11887282133102417,0.12116725742816925,0.010000788606703281,0.011154593899846077,0.9796288013458252,0.7828866839408875,0.683732807636261,0.8411799073219299,0.1322217583656311,0.09929226338863373,0.0033417437225580215,0.009172624908387661,-9.286287307739258,0.47378063201904297,0.10890948366630357,0.09157866260224654,-0.020690253406756197,0.6083936268383116,-0.9984746488223865,-0.15075926344976232
44529,44,0.002423895988613367,0.5815292000770569,0.00038661801954731345,0.5768347978591919,-0.8628630042076111,-0.03467940539121628,-0.8664827942848206,0.00794411450624466,0.11246556788682938,0.12327152490615845,0.01000069361180067,0.011014043353497982,0.9829716682434082,0.7828971147537231,0.6814653873443604,0.8411698937416077,0.1250411719083786,0.09972413629293442,0.0035419606138020754,0.009086014702916145,-7.125647068023682,2.530832290649414,0.12383523488309978,0.0777841571926702,-0.030674999894980744,0.6068860342038136,-0.9984746488223865,-0.1507592634498152
44530,44,-0.005646947305649519,0.5814534425735474,-0.007596017327159643,0.5769065022468567,-0.7844945192337036,-0.00805525854229927,-0.763157844543457,-0.012658234685659409,0.10680817067623138,0.12978732585906982,0.010000609792768955,0.010890712961554527,0.9863339066505432,0.7826642394065857,0.6791137456893921,0.8408871293067932,0.11934627592563629,0.10537409782409668,0.003199340309947729,0.008538049645721912,-10.336139678955078,-1.8061161041259766,0.13159624505460188,0.07570403454542778,-0.04061440853875365,0.605345144475953,-0.9511215434480318,-0.1855364080125649
44531,44,-0.014237525872886181,0.5802569389343262,-0.015446683391928673,0.5759831666946411,-0.882785439491272,-0.17107656598091125,-0.7709808349609375,-0.12739552557468414,0.0997408926486969,0.12892811000347137,0.010000535286962986,0.010782425291836262,0.9898233413696289,0.782930314540863,0.6767511963844299,0.8406286835670471,0.11200935393571854,0.10622158646583557,0.0032724731136113405,0.008776693604886532,-9.657692909240723,4.165892601013184,0.12442221096357002,0.06026276294466273,-0.05008388191426976,0.603459124125081,-0.9469473375514328,-0.1886020350871931
44532,44,-0.022704601287841797,0.5793646574020386,-0.02260395884513855,0.5748822689056396,-0.8460137248039246,-0.05855346471071243,-0.7032161355018616,-0.11996771395206451,0.09563418477773666,0.14357934892177582,0.010000471025705338,0.010687394067645073,0.9931315779685974,0.782405436038971,0.6744518280029297,0.8404147624969482,0.10590372234582901,0.1135549247264862,0.003326130099594593,0.008543122559785843,-7.00459098815918,1.561574935913086,0.1479226969528589,0.07234229477840795,-0.059553355289782485,0.6015731037742095,-0.9217848711986492,-0.2014991934301282
44533,44,-0.030923372134566307,0.5785627961158752,-0.029851488769054413,0.573557436466217,-0.80120849609375,-0.09065670520067215,-0.7511003613471985,-0.13610944151878357,0.09109671413898468,0.14117100834846497,0.010000416077673435,0.010604026727378368,0.9961978197097778,0.7823770046234131,0.6722856163978577,0.840211808681488,0.10046893358230591,0.11571863293647766,0.0033876197412610054,0.008635489270091057,-7.698378562927246,3.729712963104248,0.12888191711895142,0.06502947014608142,-0.06846139646755321,0.599399318311142,-0.8901215254393259,-0.2177284127045204
44534,44,-0.03869539126753807,0.577926516532898,-0.03757483884692192,0.5723568201065063,-0.7627178430557251,-0.043894123286008835,-0.795124351978302,-0.10602521151304245,0.08594124764204025,0.13956008851528168,0.010000362992286682,0.010530687868595123,0.9990912675857544,0.7825710773468018,0.6703721880912781,0.8402092456817627,0.09383083879947662,0.11385585367679596,0.0037258481606841087,0.008777709677815437,-3.655787706375122,4.094605445861816,0.13131974227204513,0.056015012232468936,-0.07736261172194707,0.5972220341840964,-0.8901215254393259,-0.21772841270457324
44535,44,-0.045447006821632385,0.577936053276062,-0.04543023928999901,0.5717885494232178,-0.6238443851470947,0.020497111603617668,-0.7923958897590637,-0.028873449191451073,0.08044883608818054,0.13656920194625854,0.010000317357480526,0.010466236621141434,1.0018950700759888,0.7828907370567322,0.6685091853141785,0.8399767279624939,0.08827220648527145,0.1140780970454216,0.0035038464702665806,0.008222858421504498,-6.572827339172363,-2.4572062492370605,0.12119960939774878,0.04814599932176593,-0.08571217053969685,0.594863511854356,-0.8279972124860627,-0.23813839630184996
44536,44,-0.05228039622306824,0.5768287777900696,-0.05379954352974892,0.5709788203239441,-0.6918440461158752,-0.1669854372739792,-0.8137598633766174,-0.09079787880182266,0.07227155566215515,0.1317989081144333,0.010000276379287243,0.010409642942249775,1.0049930810928345,0.7837234735488892,0.6665574312210083,0.8395938873291016,0.08090336620807648,0.11199815571308136,0.0033768811263144016,0.008185407146811485,-8.382417678833008,0.6197261810302734,0.10705000424424525,0.023287364777081196,-0.09399214266455702,0.5924821278913376,-0.8279972124860627,-0.23813839630184996
44537,44,-0.05939675495028496,0.5752437114715576,-0.061274122446775436,0.5700075626373291,-0.7324498891830444,-0.16011154651641846,-0.6927649974822998,-0.11018918454647064,0.06640550494194031,0.13250626623630524,0.010000244714319706,0.010359861887991428,1.0081465244293213,0.784393310546875,0.6645343899726868,0.8392871618270874,0.07406903803348541,0.11029375344514847,0.0032851537689566612,0.008275508880615234,-7.434047698974609,2.8619790077209473,0.1327034779005054,0.030667507125425056,-0.10174083111555463,0.5900085998470853,-0.7605743986916399,-0.24983198587912894
44538,44,-0.06673826277256012,0.57401043176651,-0.06764266639947891,0.5689036846160889,-0.7489754557609558,-0.10956081748008728,-0.6092464923858643,-0.12010397017002106,0.06200321391224861,0.1321171224117279,0.010000217705965042,0.010316162370145321,1.0109853744506836,0.7848120927810669,0.6626704931259155,0.8390557765960693,0.06786190718412399,0.10959655046463013,0.003618222661316395,0.008238043636083603,-1.361699104309082,1.5581870079040527,0.13009121857664704,0.03478061666305632,-0.10934657510247155,0.5875102799882939,-0.7605743986916399,-0.24983198587907607
44539,44,-0.0732959434390068,0.5730515122413635,-0.07333845645189285,0.567851185798645,-0.6049250364303589,-0.10203660279512405,-0.5628905892372131,-0.11049916595220566,0.058517348021268845,0.13019341230392456,0.010000192560255527,0.010277762077748775,1.0134024620056152,0.785325825214386,0.6610321402549744,0.8387174606323242,0.06341683864593506,0.10939942300319672,0.003647566307336092,0.008060980588197708,-3.607184886932373,0.9215259552001953,0.12015718433038777,0.03673733229111052,-0.11645200517998869,0.5849914773816897,-0.6878530840560638,-0.25280918143635733
44540,44,-0.07923617213964462,0.5716670751571655,-0.07914765924215317,0.5664603114128113,-0.5755744576454163,-0.15744493901729584,-0.580782949924469,-0.15264439582824707,0.052379004657268524,0.12793420255184174,0.010000171139836311,0.01024404726922512,1.0159879922866821,0.7860391736030579,0.6593402624130249,0.8383463621139526,0.058256298303604126,0.1080290749669075,0.003419840009883046,0.008107501082122326,-8.04007339477539,3.391540050506592,0.11607844501572846,0.01348737719166293,-0.12333053602054894,0.5824633855673261,-0.6878530840560572,-0.25280918143635733
44541,44,-0.08547012507915497,0.570181667804718,-0.08502718061208725,0.5648032426834106,-0.6501643061637878,-0.1354292631149292,-0.5813088417053223,-0.1648813635110855,0.04667672514915466,0.12703976035118103,0.01000015065073967,0.010214394889771938,1.018767237663269,0.7866581678390503,0.6575640439987183,0.8380492925643921,0.05228996276855469,0.10650981962680817,0.00339445355348289,0.00808423850685358,-5.859031677246094,2.623887062072754,0.12233591687172599,0.0071153974290178446,-0.1297503197178565,0.5799690395505304,-0.6098332685793347,-0.24706998297353513
44542,44,-0.09187483042478561,0.568943202495575,-0.09077492356300354,0.563335120677948,-0.6446225047111511,-0.12318548560142517,-0.5846549868583679,-0.1381712108850479,0.042809806764125824,0.12547452747821808,0.010000135749578476,0.010188369080424309,1.0212000608444214,0.7871667742729187,0.6560085415840149,0.8378310203552246,0.046913959085941315,0.10485000908374786,0.0037317213136702776,0.008171238005161285,-0.8770227432250977,2.842566967010498,0.11720931397011593,0.01756754466771697,-0.1358486524036502,0.5774983397207946,-0.6098332685793347,-0.24706998297358798
44543,44,-0.09735280275344849,0.5680623650550842,-0.096436507999897,0.562340497970581,-0.49543097615242004,-0.08403806388378143,-0.5742987990379333,-0.08651839941740036,0.03943489491939545,0.12352308630943298,0.010000120848417282,0.010165506973862648,1.0231345891952515,0.7875391244888306,0.6547927856445312,0.8377912044525146,0.04270612448453903,0.10210981220006943,0.003985496703535318,0.00848732702434063,-1.4002680778503418,7.1016716957092285,0.11317246099073058,0.01716887509456093,-0.1415404017140188,0.5750981814459677,-0.5265149522614327,-0.2326143904907152
44544,44,-0.10171626508235931,0.5679816603660583,-0.10200466960668564,0.5618088841438293,-0.4037158191204071,0.030525146052241325,-0.5499814748764038,-0.03258311375975609,0.03559637442231178,0.1205219179391861,0.010000107809901237,0.010145425796508789,1.0250660181045532,0.7878515124320984,0.6535215973854065,0.837677538394928,0.03930971026420593,0.10089927911758423,0.0037121453788131475,0.008160107769072056,-4.32927131652832,1.3637471199035645,0.10450392825397002,-0.005773263546817495,-0.14680555123663416,0.5727720375410602,-0.5265149522614327,-0.2326143904907152
44545,44,-0.10644493252038956,0.5673711895942688,-0.10773728787899017,0.5611559152603149,-0.4916045069694519,-0.08959530293941498,-0.5425679683685303,-0.05858435109257698,0.03228801488876343,0.11466159671545029,0.02013925090432167,0.0101277781650424,1.0267595052719116,0.788361668586731,0.6521140933036804,0.8377792835235596,0.03504450246691704,0.09553515911102295,0.008919059298932552,0.008628381416201591,0.6800484657287598,7.376613616943359,0.08305946013610944,-0.021646478538616745,-0.1517268781533339,0.5705357981603627,-0.43789813510238434,-0.20944240398784464
44546,44,-0.11010095477104187,0.5678013563156128,-0.11187480390071869,0.561467707157135,-0.31994006037712097,0.09292609989643097,-0.3543817400932312,0.061146292835474014,0.02942846529185772,0.11209666728973389,0.01887660287320614,0.010112264193594456,1.0284069776535034,0.7885264754295349,0.651012659072876,0.8379577398300171,0.03281167149543762,0.09209968894720078,0.007965966127812862,0.00859792623668909,-5.9103288650512695,6.239228248596191,0.0981310246392048,-0.008757021726927314,-0.15610585950435812,0.5684413741204845,-0.43789813510239756,-0.20944240398784464
44547,44,-0.11441180855035782,0.5684367418289185,-0.11546801030635834,0.5618433356285095,-0.4795853793621063,0.07245708256959915,-0.33096379041671753,0.05409836769104004,0.026956114917993546,0.10500406473875046,0.03391721844673157,0.010098651982843876,1.0300781726837158,0.7887635231018066,0.6493136286735535,0.8382055759429932,0.02991569973528385,0.08742857724428177,0.014993608929216862,0.00859183631837368,0.03983736038208008,3.5963845252990723,0.06586005067173252,-0.036413945672070534,-0.16021437602066105,0.5664387847860761,-0.3439828171021762,-0.17755402346492352
44548,44,-0.11865992099046707,0.5692546963691711,-0.11828991770744324,0.5628028512001038,-0.3909270167350769,0.07797940075397491,-0.26340699195861816,0.11477899551391602,0.024811076000332832,0.09880578517913818,0.031059417873620987,0.01008668914437294,1.0314894914627075,0.7890192866325378,0.6483880281448364,0.8385576605796814,0.027539798989892006,0.08146804571151733,0.014134705066680908,0.008831588551402092,-0.9461009502410889,7.6552534103393555,0.06403308182929794,-0.011709944520562496,-0.16365420419168358,0.564663244551427,-0.3439828171021894,-0.17755402346487065
44549,44,-0.12218116968870163,0.5706186890602112,-0.12081082910299301,0.5642526149749756,-0.3274213671684265,0.1657298058271408,-0.2625308930873871,0.15876637399196625,0.022946631535887718,0.09271740913391113,0.03015308640897274,0.010076173581182957,1.0328086614608765,0.7890454530715942,0.6475043296813965,0.8390644192695618,0.025712523609399796,0.07567959278821945,0.01350213773548603,0.008975028060376644,-3.1163251399993896,8.580889701843262,0.05804459555014543,-0.02398406227895774,-0.16690752230085934,0.5629640364154687,-0.2447689982608348,-0.13694924892189891
44550,44,-0.12557873129844666,0.572539210319519,-0.12377751618623734,0.5659753084182739,-0.34622782468795776,0.21441258490085602,-0.32358279824256897,0.18943890929222107,0.021324554458260536,0.08484989404678345,0.03199777379631996,0.010066932998597622,1.0338706970214844,0.7889411449432373,0.6467414498329163,0.839753270149231,0.02339823730289936,0.06899335980415344,0.014834576286375523,0.009127785451710224,2.8248023986816406,7.516851425170898,0.039234581525973186,-0.032306273134598475,-0.16935521228346784,0.5615945439262496,-0.2447689982608348,-0.13694924892189891
44551,44,-0.1279301792383194,0.5751234889030457,-0.12683869898319244,0.5684701204299927,-0.17605233192443848,0.2676818370819092,-0.3153512477874756,0.2717479169368744,0.019912060350179672,0.07623807340860367,0.03152608498930931,0.010058818385004997,1.0347224473953247,0.7888749241828918,0.6461961269378662,0.8404184579849243,0.022149618715047836,0.062424927949905396,0.014446179382503033,0.009109444916248322,-2.4116992950439453,7.714066505432129,0.025193515332031763,-0.028324288931425655,-0.1717109439787879,0.5602684481409016,-0.14872317780618385,-0.09162356755906952
44552,44,-0.1300925612449646,0.5776264071464539,-0.13022145628929138,0.5710891485214233,-0.22860394418239594,0.2506932020187378,-0.3291289806365967,0.26908716559410095,0.018679417669773102,0.0668625459074974,0.049606163054704666,0.010051683522760868,1.0355812311172485,0.7890356183052063,0.6449909806251526,0.840972900390625,0.020944468677043915,0.05577690899372101,0.022402821108698845,0.008816338144242764,-1.0422754287719727,3.8690876960754395,0.00996738229932826,-0.05285651716829996,-0.1731135107645713,0.5593921673373128,-0.1402566785783205,-0.08762808035882373
44553,44,-0.13250063359737396,0.5795316100120544,-0.13332612812519073,0.5736045837402344,-0.24884814023971558,0.1528906226158142,-0.27963826060295105,0.23930077254772186,0.017603693529963493,0.058976951986551285,0.048899903893470764,0.01004541665315628,1.0359704494476318,0.7890165448188782,0.6447815299034119,0.8418697118759155,0.01882893405854702,0.04706954210996628,0.023682449012994766,0.00956558994948864,7.265832424163818,13.961294174194336,0.005375069052555574,-0.04434261521398986,-0.17451607755035436,0.5585158865337241,-0.09165460465575853,0.22139257817836247
44554,44,-0.13279546797275543,0.5831228494644165,-0.13447904586791992,0.5771182179450989,0.0686037540435791,0.4387270510196686,-0.049543656408786774,0.37717291712760925,0.016665255650877953,0.054746489971876144,0.04743994399905205,0.010039917193353176,1.0359771251678467,0.7879464626312256,0.6450470089912415,0.8431552648544312,0.017689237371087074,0.04153318330645561,0.02312454953789711,0.010030396282672882,2.9116368293762207,17.745845794677734,0.02797246360200508,-0.03797279946938876,-0.17483422086211475,0.5645345636821294,-0.03049588318328916,0.6102506424418167
44555,44,-0.1321033388376236,0.5883078575134277,-0.13449205458164215,0.5811858177185059,0.08081293851137161,0.5883055925369263,0.0572456493973732,0.45760872960090637,0.01584298349916935,0.048701781779527664,0.07978986203670502,0.010118934325873852,1.0361233949661255,0.7865791916847229,0.6440593004226685,0.8445497155189514,0.017420679330825806,0.03703350946307182,0.03657371178269386,0.010090912692248821,-3.580138683319092,13.724703788757324,-0.010130182301618773,-0.08645770675920988,-0.17513917969394777,0.5706370701065473,-0.030495883183302375,0.6102506424417637
44556,44,-0.13273878395557404,0.5937464237213135,-0.13403131067752838,0.5858547687530518,-0.12923002243041992,0.5640270113945007,0.08217421919107437,0.5252643823623657,0.015123927034437656,0.04354723170399666,0.08735359460115433,0.03005380742251873,1.0364309549331665,0.785147488117218,0.6434952616691589,0.844702959060669,0.016718581318855286,0.03273271024227142,0.040842942893505096,0.026276664808392525,2.8802990913391113,8.315469741821289,-0.03322098495485071,-0.08909070323624463,-0.174424646881807,0.5756219267503675,0.08431328740960922,0.4843874781065452
44557,44,-0.13364769518375397,0.5990117192268372,-0.13280680775642395,0.5915718078613281,-0.06696280837059021,0.4984995126724243,0.1393316239118576,0.5938906073570251,0.014493723399937153,0.03912574052810669,0.08269243687391281,0.030899912118911743,1.0367268323898315,0.7839447855949402,0.6434001922607422,0.8456372022628784,0.016080528497695923,0.030259516090154648,0.039256080985069275,0.02715887501835823,1.7352747917175293,5.948584079742432,-0.031034193080925823,-0.05544395771192566,-0.17358151400771096,0.5804658015314326,0.08431328740960922,0.4843874781065981
44558,44,-0.13430383801460266,0.6031202673912048,-0.1318708062171936,0.5970755219459534,-0.04657822847366333,0.3541044294834137,0.056067146360874176,0.5146138668060303,0.013943537138402462,0.035339079797267914,0.07944118231534958,0.030050648376345634,1.0368154048919678,0.7831342816352844,0.6435281038284302,0.8465752005577087,0.01515918131917715,0.027340654283761978,0.03827745467424393,0.026575936004519463,3.3172059059143066,8.683505058288574,-0.024254168358120567,-0.060154746214866925,-0.17179431226209094,0.5843531328578926,0.20412080807174518,0.362996864393302
44559,44,-0.13406091928482056,0.6066625118255615,-0.13148179650306702,0.6019570231437683,0.06768661737442017,0.3329671323299408,0.008067348040640354,0.44030430912971497,0.013460933230817318,0.032070644199848175,0.07644175738096237,0.027496933937072754,1.0366228818893433,0.7823936343193054,0.643923819065094,0.8475212454795837,0.01430567167699337,0.02490527369081974,0.03740140050649643,0.02439282089471817,4.187560081481934,9.000458717346191,-0.0038548082384262453,-0.05852671669960885,-0.16975310418137338,0.5879831015018254,0.20412080807174518,0.36299686439324913
44560,44,-0.13286864757537842,0.6097959876060486,-0.13152264058589935,0.6058454513549805,0.15589924156665802,0.2888050973415375,-0.012681364081799984,0.3363940715789795,0.013036824762821198,0.029238039627671242,0.07566355913877487,0.025276165455579758,1.0362657308578491,0.781795859336853,0.6443944573402405,0.8483412265777588,0.013811244629323483,0.022851308807730675,0.0369732640683651,0.02231837809085846,1.7345952987670898,10.00889778137207,-0.002434606184159603,-0.07100841262541635,-0.16685324670171975,0.5908086879159016,0.32892667880310555,0.24607880130187548
44561,44,-0.13135766983032227,0.6124222278594971,-0.13166773319244385,0.6085712909698486,0.1498851329088211,0.24649116396903992,-0.0027097808197140694,0.2255576103925705,0.012665171176195145,0.026786452159285545,0.07979200035333633,0.023348255082964897,1.0359256267547607,0.7811965346336365,0.6446627378463745,0.849160373210907,0.013568321242928505,0.020589038729667664,0.038606368005275726,0.020823337137699127,-0.09895563125610352,13.01412582397461,0.002513793295620806,-0.08066022274384148,-0.16356397991368923,0.5932694759289199,0.32892667880310555,0.24607880130187548
44562,44,-0.13010749220848083,0.6151925921440125,-0.13119298219680786,0.610650897026062,0.09894337505102158,0.29000183939933777,0.08975467830896378,0.19281482696533203,0.012339849956333637,0.02466379851102829,0.07913617789745331,0.021674564108252525,1.0356312990188599,0.7805474400520325,0.6449875831604004,0.8498854637145996,0.013105656020343304,0.019204478710889816,0.038668327033519745,0.01902584917843342,4.081635475158691,8.365201950073242,0.006860584007454595,-0.07523813810818047,-0.15951147989944908,0.595069097835587,0.45873089960370345,0.1336332888324772
44563,44,-0.12886440753936768,0.6175143122673035,-0.1298390030860901,0.6124892830848694,0.14188319444656372,0.18913386762142181,0.1708199828863144,0.1769014298915863,0.012054107151925564,0.02281668409705162,0.0765896812081337,0.020214838907122612,1.035288691520691,0.780077338218689,0.645425021648407,0.8505072593688965,0.01290676649659872,0.01764390617609024,0.037510089576244354,0.01787393167614937,0.6435251235961914,12.941263198852539,-0.0029098233278739352,-0.061418945255017315,-0.15492417090341173,0.5964054307239115,0.45873089960370345,0.1336332888324243
44564,44,-0.12760165333747864,0.6196489930152893,-0.12770897150039673,0.6142831444740295,0.1134408637881279,0.22231265902519226,0.2420225292444229,0.17688670754432678,0.011803350411355495,0.02120893821120262,0.07425623387098312,0.018941763788461685,1.0349584817886353,0.7795448899269104,0.6458606719970703,0.8511013388633728,0.012450337409973145,0.016466684639453888,0.036691565066576004,0.016622062772512436,3.4673309326171875,10.373937606811523,0.008789818925915873,-0.06027212148410465,-0.14967904155402995,0.5972148685281453,0.593533470473539,0.02566032698489561
44565,44,-0.12619568407535553,0.6216211318969727,-0.12515150010585785,0.6160537004470825,0.16520878672599792,0.17671209573745728,0.2539931535720825,0.17563031613826752,0.011583438143134117,0.019809117540717125,0.07038537412881851,0.01783139444887638,1.0344496965408325,0.7790613770484924,0.6465080380439758,0.8516656160354614,0.011992204934358597,0.01521334983408451,0.0353381484746933,0.01578168012201786,2.652583122253418,13.003824234008789,-0.0003867051652688275,-0.04698345194988354,-0.14374370684929488,0.5974714717979945,0.5935334704735258,0.025660326984948478
44566,44,-0.12420462816953659,0.6236105561256409,-0.12265695631504059,0.6178942322731018,0.2233399748802185,0.20929767191410065,0.23747994005680084,0.18591295182704926,0.011390525847673416,0.018588846549391747,0.06679049134254456,0.01686198264360428,1.0336309671401978,0.7783907055854797,0.6474615931510925,0.852338433265686,0.011188759468495846,0.01393759623169899,0.03447877615690231,0.015093355439603329,6.326339244842529,13.586935997009277,0.0017332772582320279,-0.044826493490435784,-0.137265961364219,0.5973265059047702,0.7333343914125989,-0.07784008424071062
44567,44,-0.12096792459487915,0.6260824203491211,-0.12014032155275345,0.6200594902038574,0.38419604301452637,0.2601463496685028,0.2494368851184845,0.22814646363258362,0.011221257969737053,0.01752403937280178,0.063469298183918,0.016014955937862396,1.0324376821517944,0.777705729007721,0.6487683057785034,0.8529213666915894,0.010467926040291786,0.013392946682870388,0.03357945755124092,0.014120993204414845,7.528588771820068,9.78274154663086,-0.009231458331680202,-0.04297615548256488,-0.12993261745009252,0.5965481050623633,0.7333343914125989,-0.07784008424065775
44568,44,-0.11653082072734833,0.6281293630599976,-0.11768060177564621,0.6221891045570374,0.5018675327301025,0.1731681078672409,0.2701570689678192,0.20684199035167694,0.011072560213506222,0.016593098640441895,0.0627237930893898,0.02343340590596199,1.0307698249816895,0.7772890329360962,0.6504347920417786,0.8527952432632446,0.009481801651418209,0.013065856881439686,0.03428265079855919,0.019653024151921272,11.381607055664062,6.990714073181152,-0.024541624902664323,-0.058101562898054654,-0.12218226902876798,0.5954845158766563,0.8781336624208899,-0.1768679448443415
44569,44,-0.11043211072683334,0.6292685270309448,-0.11398904025554657,0.6240587830543518,0.6885623931884766,0.05635139346122742,0.46939709782600403,0.16096623241901398,0.010942147113382816,0.015780091285705566,0.06627104431390762,0.02297873981297016,1.0289530754089355,0.7773708701133728,0.6520629525184631,0.8527451157569885,0.009562524035573006,0.013114036060869694,0.03565377742052078,0.019173968583345413,2.114396095275879,8.348040580749512,-0.019814403483751603,-0.06700122307557584,-0.11340093240455745,0.5937158364282124,0.8781336624208899,-0.1768679448443415
44570,44,-0.10450132936239243,0.6290119886398315,-0.10847467929124832,0.6246785521507263,0.5620135068893433,-0.06771276891231537,0.6466928124427795,0.008529482409358025,0.010827676393091679,0.015069094486534595,0.0848110094666481,0.021353252232074738,1.0268058776855469,0.7776662707328796,0.6534785628318787,0.8527469038963318,0.008299816399812698,0.012545265257358551,0.04682546854019165,0.017812345176935196,13.15859317779541,7.771258354187012,-0.009213070864691,-0.08895511349950194,-0.10433799424643149,0.5917694043549984,1.0279312834984118,-0.27142325482615565
44571,44,-0.09693439304828644,0.6285228133201599,-0.10042881965637207,0.6248365044593811,0.8564953804016113,-0.07991096377372742,0.8852071166038513,-0.028811592608690262,0.010727050714194775,0.014446094632148743,0.08136030286550522,0.019935697317123413,1.0244264602661133,0.7783064842224121,0.6557396650314331,0.8523901700973511,0.008357563056051731,0.012862836942076683,0.045736223459243774,0.016095485538244247,4.396791458129883,7.238888740539551,0.0036820288403827135,-0.061066864654525196,-0.09405868141144665,0.5890551718067372,1.0279312834984118,-0.2714232548261028
44572,44,-0.08920641988515854,0.6266176700592041,-0.09156796336174011,0.6233062744140625,0.7552778124809265,-0.2456222027540207,0.922679603099823,-0.22115540504455566,0.010638699866831303,0.013900638557970524,0.09588424861431122,0.01869977079331875,1.0218467712402344,0.7792593836784363,0.657691240310669,0.8519251942634583,0.00743952626362443,0.012444079853594303,0.054582975804805756,0.014989365823566914,10.297689437866211,8.398540496826172,5.789687606318726e-05,-0.09927616439196697,-0.08364316671596467,0.5862616772509915,1.1701872978805388,-0.35420844759397646
44573,44,-0.08040875196456909,0.624299168586731,-0.08148957788944244,0.6209475994110107,0.9431582093238831,-0.25402167439460754,1.0406196117401123,-0.27862027287483215,0.010561065748333931,0.019754333421587944,0.09285349398851395,0.017620403319597244,1.0188002586364746,0.7794560790061951,0.6605311632156372,0.8514187932014465,0.006723726633936167,0.0165170319378376,0.05527365580201149,0.014191672205924988,10.437054634094238,11.821414947509766,0.020615327902297115,-0.0755471199228992,-0.07181589416951073,0.5826466171091315,1.1827272546451713,-0.36150601418594164
44574,44,-0.07015623152256012,0.6220829486846924,-0.07067156583070755,0.6179589629173279,1.08147394657135,-0.2131619155406952,1.1006184816360474,-0.32234421372413635,0.010492917150259018,0.019582834094762802,0.0964091420173645,0.01667802408337593,1.0154742002487183,0.7802879810333252,0.6635006070137024,0.8507984280586243,0.006234986241906881,0.017368964850902557,0.058031752705574036,0.013131845742464066,9.85044002532959,8.773541450500488,0.01837677907722366,-0.09726156759078922,-0.05998862162305963,0.5790315569672722,1.2534841709393147,-0.3994142097181926
44575,44,-0.05911777913570404,0.6193011999130249,-0.05977733060717583,0.6143783926963806,1.1417272090911865,-0.3101297914981842,1.1012020111083984,-0.36418017745018005,0.01043305080384016,0.018391814082860947,0.10827292501926422,0.01585407555103302,1.0118217468261719,0.7817472815513611,0.666417121887207,0.8498802781105042,0.005584105849266052,0.01741529256105423,0.06615547835826874,0.011896595358848572,11.998062133789062,4.586019515991211,0.0068082522030888035,-0.11123045394791933,-0.046582600377506236,0.5745706782465906,1.3425215758611548,-0.447116222923858
44576,44,-0.047162000089883804,0.6151772141456604,-0.04862314462661743,0.6104195713996887,1.2474884986877441,-0.4762871563434601,1.1467738151550293,-0.41713762283325195,0.01038044597953558,0.018217915669083595,0.11361122131347656,0.01513301394879818,1.0078827142715454,0.78354412317276,0.6697132587432861,0.8487651944160461,0.0053728073835372925,0.017223602160811424,0.07075919210910797,0.011296318843960762,8.93873405456543,9.500873565673828,0.016990573003656244,-0.11497570869204585,-0.03315738461889377,0.5700995160173519,1.3425215758611548,-0.44711622292391084
44577,44,-0.034610286355018616,0.6104848384857178,-0.03658418357372284,0.60599684715271,1.2581303119659424,-0.47588473558425903,1.25020170211792,-0.47161489725112915,0.010334225371479988,0.035976968705654144,0.12215600162744522,0.01450175791978836,1.003566026687622,0.7833035588264465,0.6732634902000427,0.8475711941719055,0.004343978129327297,0.030389772728085518,0.07880698144435883,0.010540977120399475,18.109569549560547,6.505804061889648,0.03877345243078133,-0.12439648704663271,-0.01826882973418218,0.5649078611303078,1.5073142471463765,-0.5282538810398518
44578,44,-0.02040240541100502,0.6056276559829712,-0.02310868911445141,0.6012983918190002,1.5117124319076538,-0.5100935697555542,1.4041658639907837,-0.49439752101898193,0.010293660685420036,0.036436181515455246,0.1218666359782219,0.01394954975694418,0.9987199306488037,0.7848080396652222,0.6775138974189758,0.8462080359458923,0.003948231693357229,0.03323415666818619,0.08108760416507721,0.010024243034422398,15.526121139526367,7.169914245605469,0.03651557269267411,-0.12032160958332089,-0.0031956872627191997,0.5596253223199097,1.5073142471463747,-0.5282538810398518
44579,44,-0.004944708663970232,0.6001996994018555,-0.008459359407424927,0.595859706401825,1.585750937461853,-0.561646580696106,1.5339921712875366,-0.5752993822097778,0.01025809720158577,0.038215916603803635,0.1459733098745346,0.013466767966747284,0.9936081767082214,0.7867255210876465,0.6812241673469543,0.8447226881980896,0.0036211565602570772,0.035286784172058105,0.09683559089899063,0.00937254261225462,14.730937957763672,5.850811004638672,0.0385501818407718,-0.15337715291984103,0.013167383123319446,0.5537386716714797,1.671013178378493,-0.6049189885339232
44580,44,0.011000986211001873,0.5940759181976318,0.007445042487233877,0.5896544456481934,1.6082630157470703,-0.6461947560310364,1.6492050886154175,-0.650368869304657,0.010226773098111153,0.04312225431203842,0.1576460748910904,0.013042556121945381,0.9881320595741272,0.7883872389793396,0.6854175925254822,0.8432565927505493,0.003121378133073449,0.038873784244060516,0.10827292501926422,0.009166509844362736,17.60105323791504,9.424774169921875,0.04399046252109311,-0.16128161420804682,0.029877514907105517,0.5476894817861404,1.6710131783784947,-0.6049189885339232
44581,44,0.027986470609903336,0.5882048010826111,0.02491440251469612,0.5833842158317566,1.7399139404296875,-0.5691279172897339,1.7951878309249878,-0.6318423748016357,0.010199246928095818,0.05295964330434799,0.15981051325798035,0.012670548632740974,0.9823629260063171,0.7894295454025269,0.6902120113372803,0.8417271375656128,0.0027283939998596907,0.04701134189963341,0.11334589123725891,0.008659860119223595,19.585702896118164,6.0201311111450195,0.05476987317176947,-0.16049669228755625,0.04753869948101407,0.5411436157812985,1.8092500090681671,-0.6771115454061251
44582,44,0.04592568054795265,0.5821224451065063,0.043203361332416534,0.5769549608230591,1.845718264579773,-0.6218879818916321,1.8642829656600952,-0.6426356434822083,0.01017505582422018,0.05125172436237335,0.17298217117786407,0.01234424952417612,0.9765364527702332,0.7917630076408386,0.6947323679924011,0.8399361968040466,0.002947109518572688,0.04863406717777252,0.12266412377357483,0.008081204257905483,13.69514274597168,3.9997458457946777,0.04033320466738963,-0.17727740502715877,0.06563119957169267,0.5343725003272393,1.8092500090681605,-0.6771115454060722
44583,44,0.06346916407346725,0.574933648109436,0.06156257912516594,0.5698949098587036,1.7225420475006104,-0.7562927007675171,1.8475111722946167,-0.7249094843864441,0.01015380211174488,0.05040524899959564,0.18627190589904785,0.012058024294674397,0.9706947803497314,0.7945479154586792,0.6991323828697205,0.8381100296974182,0.0027264514937996864,0.04795455187559128,0.13454222679138184,0.007836690172553062,16.993907928466797,5.3388261795043945,0.04497493948261942,-0.19081840512271403,0.08435098077099039,0.5272031993709625,1.9159326490930595,-0.7448315516562987
44584,44,0.08114209771156311,0.5675743818283081,0.08041071146726608,0.5627787709236145,1.773434042930603,-0.7429771423339844,1.884855031967163,-0.7241385579109192,0.01013513095676899,0.06141218543052673,0.18307921290397644,0.01180694904178381,0.9648069739341736,0.7963089346885681,0.7040261626243591,0.8360754251480103,0.0027138262521475554,0.056694213300943375,0.1361236721277237,0.007250421214848757,18.346088409423828,2.0778703689575195,0.06351303498991633,-0.1683094637662359,0.10351030726192234,0.5197548838543996,1.915932649093066,-0.7448315516562987
44585,44,0.09890231490135193,0.559479832649231,0.09894856810569763,0.5551268458366394,1.7844059467315674,-0.8503626585006714,1.8291796445846558,-0.795728862285614,0.010118737816810608,0.06116301193833351,0.1810148060321808,0.01158678624778986,0.958816647529602,0.7991194725036621,0.7090846300125122,0.8338561654090881,0.0024596466682851315,0.0591018982231617,0.13739754259586334,0.006957226432859898,19.334001541137695,2.3714661598205566,0.059608793712133,-0.17139935868118503,0.1230362515612957,0.5119979283516615,1.9910610984531851,-0.8080790072846027
44586,44,0.11711493879556656,0.5507779121398926,0.11702298372983932,0.5468851327896118,1.8431733846664429,-0.8943097591400146,1.7793656587600708,-0.8585032224655151,0.010104332119226456,0.07231038808822632,0.17869947850704193,0.011393565684556961,0.952705979347229,0.801382839679718,0.7142124176025391,0.8314418196678162,0.0023966655135154724,0.0683058649301529,0.1378333866596222,0.006483632139861584,18.283409118652344,1.1458373069763184,0.07463288546219204,-0.1678634657089561,0.1429468625458266,0.5039171382788165,1.9910610984531851,-0.8080790072846027
44587,44,0.13544702529907227,0.5413048267364502,0.13443170487880707,0.5377358198165894,1.8313454389572144,-0.9784830808639526,1.7260178327560425,-0.953827977180481,0.01009165309369564,0.0794474333524704,0.17752514779567719,0.011223641224205494,0.9465489387512207,0.8039668202400208,0.7193091511726379,0.8288661241531372,0.0023008007556200027,0.07634074985980988,0.1389836072921753,0.006216031964868307,19.038372039794922,1.2625622749328613,0.08090774021822007,-0.17202624948687698,0.1630265364199526,0.4956083086345943,2.0346353571485243,-0.8668539122909842
44588,44,0.1538308709859848,0.5313610434532166,0.1518045961856842,0.5278627276420593,1.8367412090301514,-1.0089809894561768,1.748814582824707,-1.01779305934906,0.010080522857606411,0.09141496568918228,0.1753755360841751,0.011074579320847988,0.9403237700462341,0.8063235282897949,0.7244435548782349,0.8262530565261841,0.002207910642027855,0.08675894141197205,0.1396280825138092,0.006072467193007469,19.670867919921875,2.062065601348877,0.0940555298933806,-0.16526500620068332,0.18337288999143933,0.4869397695116845,2.034635357148537,-0.8668539122909842
44589,44,0.17231304943561554,0.5213727951049805,0.16964168846607208,0.5175170302391052,1.8436599969863892,-0.9986129999160767,1.8074641227722168,-1.0538227558135986,0.010070757009088993,0.09817302227020264,0.1728847324848175,0.010943903587758541,0.9341194033622742,0.8089886903762817,0.729549765586853,0.8236176371574402,0.002261120593175292,0.09466815739870071,0.13935568928718567,0.005942991469055414,19.06139373779297,1.6901016235351562,0.0998030120407706,-0.161081663459738,0.20375385991500455,0.47811484613095173,2.046655425179096,-0.9211562666754433
44590,44,0.19056811928749084,0.5113399624824524,0.18784882128238678,0.5068677067756653,1.8132208585739136,-1.0019550323486328,1.8337223529815674,-1.0649328231811523,0.01006218884140253,0.0986332967877388,0.17015647888183594,0.010829364880919456,0.928026556968689,0.812330424785614,0.7345446348190308,0.8209222555160522,0.0023831045255064964,0.09779143333435059,0.1385396271944046,0.005696340464055538,18.664188385009766,-0.6279218196868896,0.09875179473990572,-0.15711258275423162,0.22422041416679456,0.4689032834641985,2.046655425179109,-0.9211562666754433
44591,44,0.20838065445423126,0.5009575486183167,0.2060822695493698,0.49612441658973694,1.7647918462753296,-1.059066653251648,1.8203253746032715,-1.0702673196792603,0.010054662823677063,0.09945856034755707,0.16619659960269928,0.010728782042860985,0.9219753742218018,0.8159907460212708,0.7395131587982178,0.818136990070343,0.0023133850190788507,0.09967783838510513,0.13736668229103088,0.005486846901476383,19.74439811706543,-1.1572515964508057,0.09967345311070322,-0.14711554425420859,0.24465024661447587,0.45959804675193267,2.0271213025449013,-0.9709860704379535
44592,44,0.22609736025333405,0.49019965529441833,0.22424738109111786,0.4854736626148224,1.7757253646850586,-1.0902693271636963,1.807148814201355,-1.0653791427612305,0.010048038326203823,0.10671349614858627,0.16066472232341766,0.010640284046530724,0.9159168601036072,0.8193162679672241,0.7445191740989685,0.8151906728744507,0.002311448799446225,0.10628141462802887,0.13464099168777466,0.00518460851162672,19.346933364868164,-2.3477590084075928,0.1085639153142526,-0.13380302058828716,0.26492145963992625,0.4498881860475531,2.0271213025449146,-0.9709860704379535
44593,44,0.24372459948062897,0.47891169786453247,0.2420455515384674,0.4745940864086151,1.760898470878601,-1.148512601852417,1.763289213180542,-1.1022064685821533,0.010042212903499603,0.11268942058086395,0.15535195171833038,0.010562548413872719,0.9098220467567444,0.8225954174995422,0.7495450377464294,0.8122965693473816,0.0022320940624922514,0.11204619705677032,0.1318783313035965,0.00534109165892005,18.544178009033203,1.7360997200012207,0.11425933899349593,-0.1292429298383322,0.2851477210864055,0.4401384164087297,1.9801716321007776,-1.0126689515058789
44594,44,0.2614322304725647,0.4680701792240143,0.25971245765686035,0.4636974334716797,1.7638365030288696,-1.04866623878479,1.752760648727417,-1.0908114910125732,0.010037082247436047,0.12193215638399124,0.14966972172260284,0.010494079440832138,0.9037743806838989,0.8255032896995544,0.7545145750045776,0.8094269633293152,0.002237898763269186,0.12069932371377945,0.12844432890415192,0.0051390849985182285,19.709959030151367,-2.2207117080688477,0.12426614429117012,-0.12152904540706269,0.3049080509788684,0.4299749831729428,1.9760329892459265,-1.0163433235785675
44595,44,0.2789105176925659,0.45724812150001526,0.27685844898223877,0.4526495039463043,1.7474746704101562,-1.0882798433303833,1.6998956203460693,-1.099528193473816,0.010032583959400654,0.1200021281838417,0.14418631792068481,0.010434058494865894,0.8978273272514343,0.8292456865310669,0.7593774199485779,0.8063589930534363,0.00242282310500741,0.12410078197717667,0.12452341616153717,0.0047705271281301975,18.34990692138672,-5.941195487976074,0.10968018805475646,-0.11659962942058283,0.3246683808713266,0.41981154993715836,1.9394388932179674,-1.0344470675152253
44596,44,0.29592666029930115,0.4456193745136261,0.2934405505657196,0.44134193658828735,1.6847864389419556,-1.200612187385559,1.6493960618972778,-1.138868808746338,0.010028630495071411,0.11924371123313904,0.13856817781925201,0.010381359606981277,0.8919512629508972,0.8335484862327576,0.764170229434967,0.8031460642814636,0.0023695449344813824,0.12477391213178635,0.12102606147527695,0.004576290026307106,19.083656311035156,-5.680124759674072,0.11517152699843475,-0.10992023130594417,0.3436122127516528,0.4092441807515635,1.8933904852821584,-1.0572280260972593
44597,44,0.31281983852386475,0.4334249794483185,0.3100125193595886,0.42983728647232056,1.6889015436172485,-1.2391057014465332,1.659070372581482,-1.1686580181121826,0.01002515759319067,0.13019534945487976,0.13156351447105408,0.010335044004023075,0.8860339522361755,0.837094783782959,0.7690186500549316,0.7999044060707092,0.0023085447028279305,0.1325671672821045,0.11642012745141983,0.004549690987914801,18.78246307373047,-3.058081865310669,0.13319536257708375,-0.09534908294743505,0.3625461176044758,0.398671900490591,1.8933904852821584,-1.0572280260972593
44598,44,0.32977503538131714,0.4213341176509857,0.3267437517642975,0.4180390238761902,1.6893837451934814,-1.1967401504516602,1.6726443767547607,-1.2012149095535278,0.01002210471779108,0.13834068179130554,0.12532271444797516,0.010294348001480103,0.8802814483642578,0.8403459191322327,0.7736918330192566,0.7967835068702698,0.002750734332948923,0.14045844972133636,0.11070031672716141,0.0047675673849880695,13.883485794067383,0.43865203857421875,0.14065397432980095,-0.09256007863411828,0.38046596952632017,0.38777628469460607,1.7791937906536368,-1.0936401779940284
44599,44,0.34589511156082153,0.4099280536174774,0.3432581126689911,0.4058918058872223,1.5543886423110962,-1.0907459259033203,1.6336654424667358,-1.2125920057296753,0.010019420646131039,0.13791316747665405,0.11967471241950989,0.010258604772388935,0.8749183416366577,0.8439006209373474,0.7780402302742004,0.7938808798789978,0.0030054969247430563,0.14255666732788086,0.10589899867773056,0.004874172154814005,15.464797019958496,-2.1978378295898438,0.13571817702063163,-0.08958926933135636,0.3982579074328556,0.3768398829146673,1.7791937906536368,-1.0936401779940284
44600,44,0.3610709607601166,0.3991892337799072,0.35918501019477844,0.3941210210323334,1.4897143840789795,-1.0522891283035278,1.557273268699646,-1.132713794708252,0.010017067193984985,0.13490580022335052,0.11146707087755203,0.010227246209979057,0.8696663975715637,0.8477758169174194,0.782387912273407,0.7910246849060059,0.0028955559246242046,0.14166302978992462,0.10013031214475632,0.004719228018075228,18.41653060913086,-5.3928446769714355,0.11936948234851885,-0.06691315469572581,0.41490134587089567,0.36565180091327015,1.6334429053603086,-1.1255797792688487
44601,44,0.3761133551597595,0.38846611976623535,0.37429916858673096,0.38319042325019836,1.5149142742156982,-1.0827274322509766,1.4714748859405518,-1.059765338897705,0.010014994069933891,0.1311509758234024,0.10257876664400101,0.010199634358286858,0.8643012642860413,0.8519290089607239,0.7868607044219971,0.788074791431427,0.0026895503979176283,0.13954013586044312,0.0934886634349823,0.004521127324551344,19.157238006591797,-6.610772609710693,0.11167114218512678,-0.05349155996900212,0.4312357749245,0.3543960031205816,1.633442905360335,-1.1255797792688487
44602,44,0.39145442843437195,0.37738704681396484,0.3886885941028595,0.37272122502326965,1.5501775741577148,-1.1262555122375488,1.4222804307937622,-1.0431989431381226,0.010013177059590816,0.12838315963745117,0.09551408141851425,0.01017540693283081,0.859008252620697,0.856223464012146,0.7911729216575623,0.7850248217582703,0.003076571272686124,0.13728779554367065,0.08675746619701385,0.004458113573491573,13.806490898132324,-4.654789924621582,0.11388328251196507,-0.0556291334226873,0.4463965424843087,0.34295123531874516,1.4628495935163697,-1.1530468299217729
44603,44,0.4061529040336609,0.3660145103931427,0.4026809632778168,0.36202481389045715,1.424560546875,-1.134206771850586,1.3977017402648926,-1.0789750814437866,0.010011579841375351,0.1268203854560852,0.090381920337677,0.0101541206240654,0.8540860414505005,0.8604595065116882,0.7951145172119141,0.7819249033927917,0.003395429812371731,0.13601428270339966,0.08179080486297607,0.004278100561350584,13.911628723144531,-6.642484664916992,0.11859037822017358,-0.06095237089319011,0.46102503841947,0.3314207670195303,1.4628495935163697,-1.1530468299217465
44604,44,0.419900119304657,0.3544315695762634,0.416492760181427,0.3510441482067108,1.3401809930801392,-1.1701087951660156,1.368223786354065,-1.1094003915786743,0.01001017726957798,0.12546269595623016,0.08343097567558289,0.010135447606444359,0.8494645953178406,0.8646705746650696,0.7988629341125488,0.778822124004364,0.003802218707278371,0.1346239596605301,0.07554157078266144,0.004357748199254274,10.756122589111328,-3.2577133178710938,0.1182716052777597,-0.04286215154439549,0.47466225315573196,0.31975509382223255,1.2942609115783388,-1.1760413299527748
44605,44,0.43268048763275146,0.3430044949054718,0.42991676926612854,0.3398577868938446,1.2193869352340698,-1.1147760152816772,1.3104463815689087,-1.127645492553711,0.01000894047319889,0.12497219443321228,0.07579529285430908,0.010119018144905567,0.8451642990112305,0.8687261343002319,0.8024480938911438,0.7757243514060974,0.003868835512548685,0.13445711135864258,0.06921134889125824,0.004116988740861416,15.408945083618164,-8.017108917236328,0.12237322602870634,-0.030460335926252857,0.4876048622715162,0.30799468052270496,1.2942609115783388,-1.1760413299527748
44606,44,0.4448864161968231,0.33148932456970215,0.4425389766693115,0.32848262786865234,1.2201930284500122,-1.1783974170684814,1.21677565574646,-1.1446720361709595,0.010007856413722038,0.12296071648597717,0.06679254025220871,0.01010456494987011,0.8409822583198547,0.8729877471923828,0.8059860467910767,0.7724701762199402,0.004175908863544464,0.1340147852897644,0.06119600683450699,0.003970785532146692,11.749837875366211,-6.313061714172363,0.11228864976065482,-0.012235324272415138,0.4997673138261404,0.2961438823349185,1.1343886236603582,-1.1945632793618277
44607,44,0.4564819931983948,0.31953126192092896,0.45410722494125366,0.3167678415775299,1.122409701347351,-1.2054911851882935,1.11571204662323,-1.1874338388442993,0.010006904602050781,0.12249651551246643,0.05928729847073555,0.010091871954500675,0.8370077013969421,0.8772158026695251,0.8093475699424744,0.7692729234695435,0.004228960257023573,0.13291457295417786,0.05456072837114334,0.004068890120834112,12.723088264465332,-4.81268310546875,0.12002511361241301,-0.01275582723242602,0.5111112000627431,0.28419824954130163,1.1343886236603318,-1.1945632793618277
44608,44,0.46770232915878296,0.30785056948661804,0.46504533290863037,0.30499088764190674,1.1056643724441528,-1.1540942192077637,1.0624715089797974,-1.1811895370483398,0.010006068274378777,0.12293750792741776,0.05256182700395584,0.010080726817250252,0.8334490656852722,0.8814233541488647,0.8122814893722534,0.7658277153968811,0.005083685740828514,0.13512663543224335,0.047558512538671494,0.0034950526896864176,7.6911187171936035,-9.628610610961914,0.12305835547827891,0.0015430894079082602,0.5218686195878874,0.2721981067680047,0.9832327297624018,-1.2086126781489845
44609,44,0.47721609473228455,0.2951129078865051,0.47460809350013733,0.292442262172699,0.8758578896522522,-1.3195750713348389,0.9121913313865662,-1.269741415977478,0.010005330666899681,0.12146066874265671,0.04683965817093849,0.010070931166410446,0.8301651477813721,0.8858673572540283,0.8150748014450073,0.7623918056488037,0.00474092923104763,0.13412532210350037,0.043098174035549164,0.0037327001336961985,13.623180389404297,-6.268619537353516,0.11358317009683974,0.0025588437723952084,0.531700946885512,0.260111979986515,0.983232729762349,-1.2086126781489845
44610,44,0.4867784380912781,0.2827025055885315,0.48398810625076294,0.28031110763549805,0.9700527787208557,-1.2252649068832397,0.9123646020889282,-1.2143341302871704,0.03431442379951477,0.13494600355625153,0.041949767619371414,0.01006232388317585,0.8243755102157593,0.8892755508422852,0.8174460530281067,0.7588820457458496,0.02260299026966095,0.143976628780365,0.03743278980255127,0.0035302320029586554,4.39051628112793,-5.5648112297058105,0.13871091451138048,0.03812466175585219,0.5411230655333389,0.24799827303268007,0.8407932298844696,-1.2181895263141924
44611,44,0.49471235275268555,0.270061731338501,0.49210843443870544,0.2674982249736786,0.7086337208747864,-1.2515952587127686,0.7694926857948303,-1.291377305984497,0.0328436903655529,0.13318654894828796,0.03775091841816902,0.010054751299321651,0.8214744925498962,0.8931308388710022,0.81954425573349,0.7554952502250671,0.024089455604553223,0.14653657376766205,0.03417456895112991,0.0036876797676086426,9.917356491088867,-6.722951889038086,0.12408368135692707,0.022941657470081006,0.5495309978321831,0.23581637776953956,0.8407932298844696,-1.2181895263142055
44612,44,0.5021373629570007,0.25799447298049927,0.4996168613433838,0.2549979090690613,0.7425647974014282,-1.1891014575958252,0.7119094729423523,-1.2321842908859253,0.05894613265991211,0.1323513239622116,0.034147802740335464,0.010048110969364643,0.8165900707244873,0.897304356098175,0.8214637637138367,0.7521682977676392,0.041102275252342224,0.1462402492761612,0.030521292239427567,0.003642675234004855,6.693532466888428,-6.596345901489258,0.1280030642866613,0.06385928854955561,0.557687546754851,0.22362488704014505,0.7070701240266409,-1.2232938238575042
44613,44,0.5088396668434143,0.24598470330238342,0.5060404539108276,0.24263419210910797,0.6373518705368042,-1.1932131052017212,0.6034979224205017,-1.2190303802490234,0.05925125256180763,0.12994606792926788,0.03104124590754509,0.01004228089004755,0.81386399269104,0.9016779661178589,0.8230644464492798,0.748711109161377,0.04559919983148575,0.14574626088142395,0.027551250532269478,0.003301737830042839,5.170683860778809,-10.296241760253906,0.1173655838743976,0.05931342684322255,0.5647582479951166,0.21139194880157153,0.7070701240266409,-1.2232938238575042
44614,44,0.5144742131233215,0.2333860993385315,0.5114012956619263,0.2303025871515274,0.5225916504859924,-1.291227102279663,0.5004153847694397,-1.226083517074585,0.07383568584918976,0.12781071662902832,0.028351692482829094,0.010037153027951717,0.8106228113174438,0.906057596206665,0.8247025012969971,0.7454655766487122,0.05418810248374939,0.14190402626991272,0.025493944063782692,0.0038267062045633793,8.036327362060547,-3.252716064453125,0.11659835719953432,0.07686976462945888,0.5717189583447878,0.1991584547015898,0.5921901535381006,-1.2238743932254685
44615,44,0.5203897356987,0.22187082469463348,0.5168013572692871,0.21884091198444366,0.5993021130561829,-1.0928667783737183,0.5276385545730591,-1.1275547742843628,0.09181348979473114,0.1303900182247162,0.026017630472779274,0.01003263983875513,0.8069365620613098,0.909833550453186,0.8261937499046326,0.7423502206802368,0.06715674698352814,0.14277733862400055,0.023311056196689606,0.0036465879529714584,6.896035671234131,-6.9641876220703125,0.13108981526646035,0.095717280907908,0.5775395924666752,0.18691919899380252,0.5820634121888099,-1.2239255707788672
44616,44,0.5258975625038147,0.2105882167816162,0.5216081142425537,0.2073967009782791,0.5397071242332458,-1.1273159980773926,0.4709527790546417,-1.1306496858596802,0.0908469557762146,0.12536832690238953,0.023994922637939453,0.010028679855167866,0.8045035600662231,0.9138781428337097,0.8277849555015564,0.7392333745956421,0.06912107765674591,0.14041870832443237,0.02203092724084854,0.003619200550019741,10.24880599975586,-8.258395195007324,0.09894398692461476,0.08528034443319596,0.5833602265885632,0.17467994328601377,0.530570066110892,-1.2221639080016775
44617,44,0.5318952202796936,0.19937987625598907,0.5266307592391968,0.19642548263072968,0.629447340965271,-1.1278386116027832,0.523661196231842,-1.0846915245056152,0.09324146062135696,0.12155663222074509,0.022234780713915825,0.010025197640061378,0.8022109866142273,0.9181164503097534,0.8293391466140747,0.7361578941345215,0.07105839252471924,0.1359390914440155,0.02013789303600788,0.0037062731571495533,3.5295724868774414,-4.758503437042236,0.10131452329582724,0.09379002592442563,0.5880319263392185,0.16247999430558743,0.46577309437097664,-1.2199471087084592
44618,44,0.5374336838722229,0.18835803866386414,0.5319305658340454,0.18552641570568085,0.5134379863739014,-1.0752431154251099,0.5411028265953064,-1.0817384719848633,0.09111085534095764,0.11792412400245667,0.020704323425889015,0.01002214290201664,0.8003435730934143,0.9222528338432312,0.8308717012405396,0.7330883741378784,0.06974669545888901,0.1326230764389038,0.019267702475190163,0.0034217932261526585,11.0014009475708,-11.362934112548828,0.09842866714096822,0.07886502849035,0.5926896572829291,0.1502805232185014,0.46577309437097664,-1.2199471087084592
44619,44,0.5432119369506836,0.17714926600456238,0.5375221967697144,0.1748598963022232,0.6214485764503479,-1.1618578433990479,0.5713517069816589,-1.0604872703552246,0.09326925128698349,0.11315878480672836,0.019369741901755333,0.010019456036388874,0.7981294989585876,0.926708996295929,0.8324912786483765,0.7297477722167969,0.0701213926076889,0.1291823834180832,0.018002592027187347,0.003138915402814746,6.877157688140869,-10.111342430114746,0.0873424709653113,0.09377364855501194,0.5963921447051078,0.1381622080579328,0.35819917057324685,-1.2108078041667532
44620,44,0.5491598844528198,0.1650949865579605,0.5432770848274231,0.16397178173065186,0.5905969142913818,-1.231967806816101,0.5901656150817871,-1.1074893474578857,0.09046190977096558,0.11074063926935196,0.018205983564257622,0.010017096064984798,0.7961376309394836,0.9311783313751221,0.8340647220611572,0.7263737320899963,0.06900446116924286,0.12559790909290314,0.016969813033938408,0.003211038652807474,5.356459617614746,-6.742834091186523,0.09751416667690746,0.07431478128729098,0.59997413641084,0.12605413001626672,0.35819917057324685,-1.2108078041667598
44621,44,0.5550134778022766,0.15305133163928986,0.5493767261505127,0.15274813771247864,0.5728506445884705,-1.1836025714874268,0.6130421161651611,-1.148242712020874,0.0879981741309166,0.11018451303243637,0.01719004288315773,0.01001502200961113,0.7945414781570435,0.9354104399681091,0.8352944850921631,0.7229586243629456,0.068776935338974,0.12452341616153717,0.015454684384167194,0.003022044664248824,-0.1814877986907959,-7.953910827636719,0.10712989701540179,0.0737249932626665,0.6027771426567027,0.11405982014674518,0.25934164079556765,-1.1963699987838148
44622,44,0.5593925714492798,0.14080524444580078,0.5547857880592346,0.1404711753129959,0.36445850133895874,-1.2249882221221924,0.5004279613494873,-1.2613883018493652,0.08548885583877563,0.10846666991710663,0.016301482915878296,0.010013198480010033,0.7933536767959595,0.9396559596061707,0.836417555809021,0.7194774150848389,0.06665150076150894,0.12368027865886688,0.014936339110136032,0.0028041726909577847,7.512092590332031,-11.872110366821289,0.0990159173481563,0.0708737214603485,0.6053705590646583,0.10209612015890618,0.25934164079551475,-1.1963699987838148
44623,44,0.563639760017395,0.12831297516822815,0.5596108436584473,0.12787295877933502,0.44368693232536316,-1.285076379776001,0.44769203662872314,-1.2734954357147217,0.09581245481967926,0.10794290155172348,0.015525178983807564,0.010011599399149418,0.7911939024925232,0.9439736604690552,0.8375458121299744,0.715905487537384,0.07163677364587784,0.12283742427825928,0.014131540432572365,0.002799313748255372,4.509921073913574,-7.770264148712158,0.105049365369686,0.09827989297392417,0.607343815286365,0.09026820358716096,0.16920050503783327,-1.1766336925598029
44624,44,0.5678931474685669,0.11567000299692154,0.5638213157653809,0.1149996817111969,0.40853485465049744,-1.259466290473938,0.39540907740592957,-1.3060731887817383,0.09378117322921753,0.11317895352840424,0.014845184981822968,0.0100101912394166,0.7897193431854248,0.9478309154510498,0.8384206891059875,0.712211549282074,0.07354042679071426,0.12743686139583588,0.0132293114438653,0.002497450215741992,2.109236717224121,-9.942708015441895,0.11451823155157445,0.08219318249687739,0.6090358203367437,0.07850186666156354,0.16920050503788614,-1.1766336925598029
44625,44,0.5711843371391296,0.10253556072711945,0.5671678781509399,0.10151773691177368,0.2884332537651062,-1.331889033317566,0.30402594804763794,-1.3565692901611328,0.09206492453813553,0.11295712739229202,0.014249666593968868,0.010008953511714935,0.7888211011886597,0.9519878029823303,0.839176595211029,0.7084477543830872,0.07276494801044464,0.1290648728609085,0.012632948346436024,0.002460615709424019,3.662891387939453,-9.409082412719727,0.11174864653234695,0.08223281214954414,0.6102490576864552,0.06688273139432388,0.08777576330025526,-1.1515988854946375
44626,44,0.5739792585372925,0.08929252624511719,0.5700164437294006,0.08810369670391083,0.26392507553100586,-1.3251063823699951,0.2597598433494568,-1.3358298540115356,0.09543035179376602,0.12240637093782425,0.013728324323892593,0.010007866658270359,0.7877575755119324,0.9554924964904785,0.8397891521453857,0.7047823071479797,0.07485964149236679,0.1356470286846161,0.011914257891476154,0.0026051069144159555,1.8399572372436523,-6.368582248687744,0.12490558842484632,0.09622003777083929,0.6111268153194579,0.05536674253937679,0.08777576330025526,-1.1515988854946277
44627,44,0.5762062668800354,0.07651650160551071,0.5723326802253723,0.07490258663892746,0.18570569157600403,-1.2450841665267944,0.20101933181285858,-1.3102432489395142,0.09597402811050415,0.12579311430454254,0.013271892443299294,0.010006913915276527,0.7869084477424622,0.9589408040046692,0.8403488993644714,0.7012577652931213,0.07551597058773041,0.1407540738582611,0.011736692860722542,0.002586672781035304,6.793408393859863,-9.225115776062012,0.1267324528414679,0.09610573109762237,0.6116497649493343,0.04399877658337063,0.015067415582674975,-1.121265577588303
44628,44,0.5784367322921753,0.06417106837034225,0.5741738677024841,0.062137357890605927,0.236785888671875,-1.2307049036026,0.16366025805473328,-1.252368450164795,0.10279976576566696,0.12439123541116714,0.012871104292571545,0.010006075724959373,0.7856912016868591,0.9628642797470093,0.8408323526382446,0.6977221369743347,0.08002737164497375,0.14155037701129913,0.011135010980069637,0.0025304164737462997,3.260204792022705,-9.082356452941895,0.1169812505764754,0.10439785376154294,0.6118004391051611,0.032786120807488175,0.015067415582674975,-1.121265577588303
44629,44,0.5802297592163086,0.05173780024051666,0.5754944086074829,0.04968443512916565,0.1532798558473587,-1.2380214929580688,0.1235801950097084,-1.2246335744857788,0.10127928107976913,0.12314581125974655,0.012520610354840755,0.010005338117480278,0.7849812507629395,0.9668926000595093,0.8413013219833374,0.6943497061729431,0.08033113181591034,0.13962289690971375,0.010986272245645523,0.002700231270864606,5.8998918533325195,-7.943410873413086,0.11651722320808384,0.09274500149478972,0.6117028321673629,0.02171171216944745,-0.04892453811485471,-1.0856337688408215
44630,44,0.5821008086204529,0.039869073778390884,0.5769605040550232,0.037959299981594086,0.19870738685131073,-1.1577445268630981,0.15264874696731567,-1.143857479095459,0.10131648927927017,0.12264169752597809,0.012213323265314102,0.01000469271093607,0.7843362092971802,0.9706752300262451,0.8417768478393555,0.691207766532898,0.0801994651556015,0.13752618432044983,0.010621275752782822,0.0029159802943468094,3.6798739433288574,-5.384469032287598,0.11995092397904789,0.10132603835930196,0.6112135867862145,0.010855374481038486,-0.048924538114801845,-1.0856337688408224
44631,44,0.58387690782547,0.028827039524912834,0.5785079002380371,0.02679310366511345,0.1562763899564743,-1.0549663305282593,0.15426549315452576,-1.0913265943527222,0.09961329400539398,0.12054736167192459,0.011943084187805653,0.01000412181019783,0.7839738726615906,0.9743478894233704,0.8420338034629822,0.688141942024231,0.08047010004520416,0.13582976162433624,0.010126824490725994,0.0027614200953394175,2.696220874786377,-9.593024253845215,0.10937486211014248,0.09004223211004377,0.6105651544329016,0.00011691116768985498,-0.10420009779233382,-1.0447034592521818
44632,44,0.5847622752189636,0.01787652261555195,0.5796062350273132,0.015871206298470497,0.05995959788560867,-1.096645712852478,0.09269297122955322,-1.0656286478042603,0.09835874289274216,0.1164390966296196,0.011705976910889149,0.010003619827330112,0.7839541435241699,0.9782589673995972,0.8420839905738831,0.6849843263626099,0.08059319853782654,0.13280439376831055,0.009560479782521725,0.0025294467341154814,1.154336929321289,-11.219230651855469,0.0943649887228353,0.09128360619097864,0.6095231534549783,-0.010330123424831429,-0.10420009779233382,-1.0447034592521813
44633,44,0.5847655534744263,0.0065940083004534245,0.5801293849945068,0.005333678796887398,-0.03750741481781006,-1.1430401802062988,0.025023873895406723,-1.0361442565917969,0.1014133021235466,0.1140417754650116,0.011498245410621166,0.010003181174397469,0.7839640378952026,0.9822407960891724,0.8419146537780762,0.6817551255226135,0.08288975059986115,0.12975706160068512,0.009231754578649998,0.002492602914571762,0.8662843704223633,-10.942946434020996,0.10102633440589422,0.10217396401367458,0.6083936268383116,-0.020690253406756197,-0.15075926344976232,-0.9984746488223865
44634,44,0.5840102434158325,-0.004887920804321766,0.5799914598464966,-0.00491183390840888,-0.10839586704969406,-1.1532344818115234,-0.05171548202633858,-1.0205259323120117,0.11162110418081284,0.1133892610669136,0.01131582073867321,0.010002795606851578,0.7834958434104919,0.985971212387085,0.8417577147483826,0.6786444783210754,0.08878132700920105,0.12743350863456726,0.009248070418834686,0.0026390717830508947,5.113580226898193,-9.344398498535156,0.10983565999880904,0.11421468375385438,0.6068860342038138,-0.03067499989497955,-0.15075926344976232,-0.9984746488223865
44635,44,0.5835138559341431,-0.015863725915551186,0.5794368386268616,-0.014895916916429996,-0.03153177723288536,-1.076628565788269,-0.08165207505226135,-1.015217900276184,0.12106351554393768,0.11366068571805954,0.011155975051224232,0.010002457536756992,0.7827669978141785,0.9893420934677124,0.8416343927383423,0.6757441163063049,0.09592533111572266,0.12595398724079132,0.009080922231078148,0.0028673564083874226,3.0626559257507324,-6.141080856323242,0.11373531640690623,0.12370349027130528,0.605345144475953,-0.04061440853875365,-0.1855364080125649,-0.9511215434480318
44636,44,0.5831472277641296,-0.026035133749246597,0.5784825682640076,-0.025288084521889687,-0.04455164447426796,-0.9638591408729553,-0.10379613935947418,-1.0625439882278442,0.1192910224199295,0.11225240677595139,0.01101530622690916,0.01000216044485569,0.782723605632782,0.9925338625907898,0.8414638042449951,0.6730111837387085,0.09788963198661804,0.12452341616153717,0.008976045064628124,0.002825554460287094,3.9041686058044434,-9.59178352355957,0.10457268935487489,0.10979351642423844,0.6034591241250814,-0.050083881914267506,-0.1886020350871931,-0.9469473375514328
44637,44,0.5825625061988831,-0.03577578067779541,0.5772874355316162,-0.0362030491232872,-0.0588209293782711,-0.9697476029396057,-0.11602190881967545,-1.0927215814590454,0.11769016087055206,0.10857422649860382,0.010891810059547424,0.010001896880567074,0.7829448580741882,0.9958024621009827,0.8414610624313354,0.6704009175300598,0.09608550369739532,0.12086018919944763,0.009115559048950672,0.0029432179871946573,6.357474327087402,-8.089248657226562,0.08839078010312798,0.10907622966893041,0.6015731037742095,-0.059553355289782485,-0.2014991934301282,-0.9217848711986492
44638,44,0.5825679302215576,-0.04501055181026459,0.5766019821166992,-0.046598054468631744,0.0279046930372715,-0.9080642461776733,-0.04217013716697693,-1.003345012664795,0.11623337864875793,0.10577137023210526,0.010783282108604908,0.010001666843891144,0.7830576300621033,0.998985230922699,0.8414655327796936,0.6679352521896362,0.09511809051036835,0.11675597727298737,0.008896677754819393,0.0030444369185715914,2.591724395751953,-5.696077346801758,0.09028554859888657,0.1083752308511343,0.599399318311142,-0.06846139646755321,-0.2177284127045204,-0.8901215254393259
44639,44,0.5824792981147766,-0.053760405629873276,0.5763305425643921,-0.0561479888856411,-0.027502844110131264,-0.8474749326705933,-0.012592235580086708,-0.9035545587539673,0.11235548555850983,0.10201052576303482,0.01068801898509264,0.010001464746892452,0.7835530638694763,1.00216805934906,0.8411603569984436,0.665404200553894,0.0949295237660408,0.11360479891300201,0.008367695845663548,0.0027905681636184454,-1.1488580703735352,-9.492977142333984,0.08105311564251154,0.09129405326861283,0.5972220341840961,-0.07736261172194812,-0.2177284127045204,-0.8901215254393259
44640,44,0.5810843110084534,-0.06290954351425171,0.5756293535232544,-0.06507331132888794,-0.19004188477993011,-0.9288358092308044,-0.09230954945087433,-0.8480570316314697,0.10972417891025543,0.09750453382730484,0.01060437597334385,0.010001287795603275,0.784356951713562,1.005420207977295,0.8408616781234741,0.6629610061645508,0.09226090461015701,0.10842818766832352,0.008520802482962608,0.002982138656079769,4.0781569480896,-7.899274826049805,0.07212627332197502,0.09531308766959709,0.5948635118543563,-0.08571217053969585,-0.23813839630184996,-0.8279972124860627
44641,44,0.5798779726028442,-0.0715804323554039,0.5749068260192871,-0.07267767190933228,-0.10183809697628021,-0.8470536470413208,-0.08838485181331635,-0.7255237698554993,0.11625367403030396,0.09569944441318512,0.010530932806432247,0.010001130402088165,0.7845723628997803,1.0085060596466064,0.840440571308136,0.6604824066162109,0.09583689272403717,0.10575275868177414,0.008110535331070423,0.0027225667145103216,0.7925224304199219,-9.714115142822266,0.08544708434203513,0.11794910639433373,0.5924821278913376,-0.09399214266455702,-0.23813839630184996,-0.8279972124860627
44642,44,0.5781223177909851,-0.08054722100496292,0.5734289884567261,-0.08010861277580261,-0.20857736468315125,-0.9113808274269104,-0.1785607784986496,-0.7420527338981628,0.1140936017036438,0.09252896904945374,0.010466400533914566,0.010000992566347122,0.7851786613464355,1.0115934610366821,0.8399607539176941,0.6579646468162537,0.09643664956092834,0.1027105450630188,0.008162131533026695,0.002741991775110364,3.1676125526428223,-9.963205337524414,0.07442095281871874,0.10238677149138478,0.5900085998470853,-0.10174083111555463,-0.24983198587912894,-0.7605743986916399
44643,44,0.576275110244751,-0.08952254801988602,0.5715806484222412,-0.08757276833057404,-0.17881843447685242,-0.8922828435897827,-0.1997234970331192,-0.7729151248931885,0.1164712905883789,0.09159356355667114,0.0104097630828619,0.010000873357057571,0.7857552170753479,1.0145364999771118,0.839465320110321,0.6554811000823975,0.09766719490289688,0.10070415586233139,0.00800942163914442,0.0027177107986062765,1.9227004051208496,-9.580204010009766,0.08621613211988934,0.11710009079749653,0.5875102799882936,-0.10934657510247245,-0.24983198587912894,-0.7605743986916464
44644,44,0.5742789506912231,-0.09839259088039398,0.5694023966789246,-0.09585694223642349,-0.2134276181459427,-0.8793507218360901,-0.22786417603492737,-0.8727742433547974,0.11569132655858994,0.09084810316562653,0.01036001369357109,0.01000076811760664,0.7863245606422424,1.0171641111373901,0.8391698598861694,0.653243362903595,0.09636332839727402,0.09857633709907532,0.008387965150177479,0.003018151270225644,7.3655009269714355,-6.918872833251953,0.08655263927593186,0.11146738848855078,0.5849914773816897,-0.11645200517998869,-0.25280918143635733,-0.6878530840560638
44645,44,0.5732287168502808,-0.10626161843538284,0.5676721334457397,-0.10442908108234406,-0.060955505818128586,-0.7517397999763489,-0.15532661974430084,-0.8751794695854187,0.115744948387146,0.09044109284877777,0.010316249914467335,0.010000674985349178,0.7865970134735107,1.0194909572601318,0.8390539884567261,0.6512371897697449,0.09527480602264404,0.09707580506801605,0.008462987840175629,0.0032022648956626654,6.104421615600586,-5.738563537597656,0.0880970861499703,0.11575859021476499,0.5824633855673261,-0.12333053602054894,-0.25280918143635733,-0.6878530840560572
44646,44,0.5727827548980713,-0.1133655458688736,0.5664346218109131,-0.1132688820362091,-0.030866244807839394,-0.6805057525634766,-0.09357590973377228,-0.8857009410858154,0.11177017539739609,0.08763520419597626,0.010277855210006237,0.010000593960285187,0.7870001792907715,1.0218074321746826,0.8388816118240356,0.6493218541145325,0.0939687117934227,0.0949462503194809,0.008261332288384438,0.0031126101966947317,2.893667221069336,-6.8012213706970215,0.07138416156072228,0.0901343554678911,0.5799690395505304,-0.1297503197178565,-0.24706998297353513,-0.6098332685793347
44647,44,0.5719946622848511,-0.12026438862085342,0.5655444264411926,-0.1220395565032959,-0.09322801232337952,-0.6825120449066162,-0.07111407071352005,-0.8290400505065918,0.1071336567401886,0.08392138034105301,0.010244093835353851,0.010000521317124367,0.7876206636428833,1.0242431163787842,0.8388113975524902,0.6474353075027466,0.08984403312206268,0.09161653369665146,0.008507614023983479,0.0030551475938409567,7.206227779388428,-8.524124145507812,0.06226058181348999,0.08166580225774953,0.5774983397207946,-0.1358486524036502,-0.24706998297358798,-0.6098332685793347
44648,44,0.5717135667800903,-0.12709084153175354,0.5652320384979248,-0.12933897972106934,0.006112287752330303,-0.6958873867988586,-0.009072140790522099,-0.6574350595474243,0.10419580340385437,0.08111333847045898,0.010214494541287422,0.010000458918511868,0.7879703640937805,1.026646375656128,0.8388790488243103,0.6455961465835571,0.0863153263926506,0.08801203221082687,0.008511671796441078,0.0031681498512625694,5.00819206237793,-5.170843601226807,0.0645501922863188,0.0878580064450889,0.5750981814459674,-0.14154040171401944,-0.23261439049066232,-0.5265149522614461
44649,44,0.5718770623207092,-0.1336425095796585,0.5654171705245972,-0.1352570354938507,0.019384238868951797,-0.6313903331756592,0.03412617743015289,-0.5461820363998413,0.098855160176754,0.07940565049648285,0.010188463144004345,0.01000040303915739,0.7883427739143372,1.0288267135620117,0.838945209980011,0.6438469886779785,0.08265474438667297,0.0856555849313736,0.00851370021700859,0.003144761547446251,5.374975204467773,-6.8695759773254395,0.06928480615262955,0.06888803404865945,0.5727720375410604,-0.14680555123663355,-0.2326143904907152,-0.5265149522614327
44650,44,0.5720656514167786,-0.13997389376163483,0.5657864212989807,-0.14040927588939667,0.023178601637482643,-0.6241550445556641,0.04328938573598862,-0.486218124628067,0.09336952865123749,0.07698337733745575,0.01016563642770052,0.010000353679060936,0.7888091206550598,1.0308010578155518,0.839008092880249,0.642347514629364,0.07847180217504501,0.08212120831012726,0.008386951871216297,0.0035634657833725214,2.6446008682250977,-1.6294670104980469,0.06250924300008537,0.062070946255326054,0.5705357981603627,-0.1517268781533339,-0.20944240398784464,-0.43789813510238434
44651,44,0.5721381902694702,-0.14518830180168152,0.566338837146759,-0.14487890899181366,-0.01437520980834961,-0.4445047378540039,0.04927487298846245,-0.43154460191726685,0.0879829078912735,0.07527250051498413,0.010145558975636959,0.01000030804425478,0.7894276976585388,1.0325121879577637,0.8389505743980408,0.6410298347473145,0.0745377317070961,0.08023273944854736,0.008352496661245823,0.0033759051002562046,5.679569244384766,-9.233345985412598,0.06500611605413584,0.05686328002222537,0.5684413741204845,-0.15610585950435812,-0.20944240398784464,-0.43789813510239756
44652,44,0.5718441009521484,-0.1501363068819046,0.5664200782775879,-0.14938758313655853,-0.02880847081542015,-0.5135946869850159,-0.010229061357676983,-0.445366233587265,0.08363524824380875,0.07026257365942001,0.010127900168299675,0.01000026986002922,0.7899665236473083,1.0344308614730835,0.8390111327171326,0.639696478843689,0.07005170732736588,0.0760912075638771,0.008489356376230717,0.003490167437121272,6.947839260101318,-7.206470966339111,0.03996983161199391,0.0582321072552319,0.5664387847860759,-0.16021437602066146,-0.17755402346492352,-0.3439828171021894
44653,44,0.5719799399375916,-0.15491466224193573,0.566491961479187,-0.15360385179519653,0.03361942619085312,-0.46199414134025574,0.013340872712433338,-0.4196928143501282,0.07982102036476135,0.06784551590681076,0.01011238805949688,0.010000238195061684,0.7904176712036133,1.0362436771392822,0.838932991027832,0.6384276747703552,0.06765609234571457,0.07268048077821732,0.00809839740395546,0.0035018923226743937,1.4360737800598145,-5.843644142150879,0.05307931985385289,0.05729057744362409,0.5646632445514271,-0.16365420419168317,-0.17755402346487065,-0.3439828171021762
44654,44,0.57146155834198,-0.15952567756175995,0.5662713050842285,-0.15814436972141266,-0.10381080210208893,-0.44275495409965515,-0.040177226066589355,-0.4651978015899658,0.07469724863767624,0.06509152054786682,0.010098754428327084,0.01000021118670702,0.7910288572311401,1.0376335382461548,0.838990330696106,0.637580394744873,0.06269284337759018,0.06839169561862946,0.008554285392165184,0.004082630854099989,9.475255012512207,-1.744147539138794,0.048149455307670314,0.044075980579437464,0.5629640364154687,-0.16690752230085934,-0.13694924892189891,-0.2447689982608348
44655,44,0.5717326998710632,-0.16241778433322906,0.5664820671081543,-0.1620096117258072,0.07147922366857529,-0.2171999216079712,0.02413899637758732,-0.3680625259876251,0.07300098240375519,0.06290549039840698,0.01008675992488861,0.010000186040997505,0.7910381555557251,1.0385804176330566,0.8393060564994812,0.6371294260025024,0.059243343770504,0.06509526073932648,0.008837689645588398,0.004279084037989378,11.479452133178711,-2.5032472610473633,0.04939363720157813,0.06279095274784971,0.5615945439262499,-0.16935521228346753,-0.13694924892189891,-0.2447689982608348
44656,44,0.5730116367340088,-0.16410057246685028,0.5669217705726624,-0.1654064953327179,0.16835010051727295,-0.1316148042678833,0.0708586573600769,-0.3001147210597992,0.06735897064208984,0.05649929866194725,0.010076222009956837,0.010000163689255714,0.7909577488899231,1.039685845375061,0.8397249579429626,0.6367421746253967,0.055373433977365494,0.06010046973824501,0.00885802786797285,0.00422306451946497,9.726223945617676,-4.1922807693481445,0.016447269287211536,0.03307368921878359,0.5602684481409015,-0.17171094397878806,-0.09162356755901664,-0.1487231778061178
44657,44,0.574583113193512,-0.1656327098608017,0.5678225755691528,-0.16789954900741577,0.17025315761566162,-0.15047194063663483,0.12805594503879547,-0.1803400218486786,0.059935905039310455,0.05019213259220123,0.01006697490811348,0.010000147856771946,0.7911087870597839,1.041023850440979,0.8401667475700378,0.6362885236740112,0.049853287637233734,0.05421162024140358,0.00884684082120657,0.004105207975953817,8.667800903320312,-5.926785469055176,0.003989685615920228,0.013960232970476504,0.5593921673373128,-0.17311351076457113,-0.08762808035882373,-0.1402566785783073
44658,44,0.5761884450912476,-0.16745063662528992,0.5693404078483582,-0.16909419000148773,0.16438324749469757,-0.19417844712734222,0.17820265889167786,-0.06279166042804718,0.053113870322704315,0.044820141047239304,0.010058855637907982,0.010000132024288177,0.7911258339881897,1.0422601699829102,0.8408578038215637,0.6359144449234009,0.04301002249121666,0.04830040782690048,0.009297030046582222,0.004292846191674471,13.912882804870605,-4.08252477645874,0.006899729933778263,0.008457915346338697,0.5585158865337241,-0.17451607755035436,0.22139257817836247,-0.09165460465575853
44659,44,0.5789015293121338,-0.16884374618530273,0.5718832015991211,-0.16883240640163422,0.3326148986816406,-0.11940779536962509,0.29572924971580505,0.06673753261566162,0.048382632434368134,0.04105858504772186,0.01005172822624445,0.010000118054449558,0.7903955578804016,1.0432298183441162,0.8419305682182312,0.6356300711631775,0.037437621504068375,0.04408777877688408,0.00979984924197197,0.004277118016034365,17.977718353271484,-5.9882378578186035,0.016307601128103547,0.017932014737640393,0.5645345636821294,-0.17483422086211475,0.6102506424418167,-0.03049588318328916
44660,44,0.5832141041755676,-0.17001427710056305,0.575502336025238,-0.1680552065372467,0.5109502673149109,-0.12042880803346634,0.4247191846370697,0.05869472771883011,0.0432722233235836,0.036992914974689484,0.010045453906059265,0.010000106878578663,0.7891117930412292,1.044204831123352,0.8432945013046265,0.6352666616439819,0.032712679356336594,0.04030688479542732,0.010010913014411926,0.0041778734885156155,15.37097454071045,-6.449769973754883,0.007142396150632616,-0.0006891777174478989,0.5706370701065481,-0.1751391796939478,0.6102506424417637,-0.03049588318328916
44661,44,0.5885836482048035,-0.17143802344799042,0.5803290605545044,-0.16819912195205688,0.5740166306495667,-0.1479455977678299,0.5446798801422119,-0.07191453874111176,0.038893748074769974,0.03361900895833969,0.024110756814479828,0.010000094771385193,0.7874987721443176,1.0449341535568237,0.8438875079154968,0.6351337432861328,0.028776269406080246,0.035984307527542114,0.02165101282298565,0.004656118806451559,10.936840057373047,0.5729937553405762,0.010977468109385966,-0.026246763000172382,0.5756219267503669,-0.1744246468818071,0.4843874781065452,0.08431328740960922
44662,44,0.5943273305892944,-0.17176710069179535,0.5864102840423584,-0.1691438853740692,0.5669002532958984,0.037679754197597504,0.6392301321029663,-0.11812680214643478,0.03513006865978241,0.0318123921751976,0.03510970249772072,0.010000085458159447,0.7859950661659241,1.0452286005020142,0.8444085121154785,0.6352308988571167,0.02652697078883648,0.03367535397410393,0.030662227421998978,0.004652175586670637,7.782046794891357,-2.5429463386535645,0.019595875201393075,-0.03692041293017859,0.5804658015314326,-0.17358151400771096,0.4843874781065981,0.08431328740960922
44663,44,0.5990532040596008,-0.17154666781425476,0.5923118591308594,-0.17069214582443237,0.4218875765800476,0.03797468915581703,0.5637683868408203,-0.15038645267486572,0.03188333287835121,0.02901664562523365,0.0390964038670063,0.010000077076256275,0.7848532795906067,1.0454059839248657,0.845166027545929,0.6354513168334961,0.024244442582130432,0.030924584716558456,0.034205444157123566,0.004835665691643953,9.214510917663574,-1.8919050693511963,-0.004015913845977028,-0.03976514239781828,0.5843531328578926,-0.17179431226209094,0.362996864393302,0.20412080807174518
44664,44,0.6030819416046143,-0.1707594245672226,0.5976768136024475,-0.17174917459487915,0.3785928785800934,0.10147258639335632,0.5019965767860413,-0.06363214552402496,0.029078420251607895,0.026596039533615112,0.03665788099169731,0.010000069625675678,0.7839279770851135,1.0454531908035278,0.8461249470710754,0.6358141899108887,0.022455064579844475,0.028281111270189285,0.032214973121881485,0.004950230475515127,8.049745559692383,-0.5491399765014648,-0.0003827324106978787,-0.020426452594342406,0.5879831015018259,-0.16975310418137313,0.36299686439324913,0.20412080807174518
44665,44,0.606385350227356,-0.16948626935482025,0.6021339297294617,-0.17162343859672546,0.2884506285190582,0.14506688714027405,0.3939259350299835,0.08223374933004379,0.026650445535779,0.024496741592884064,0.03405357897281647,0.01000006403774023,0.7833631634712219,1.0453782081604004,0.8468711376190186,0.6362349987030029,0.021140670403838158,0.02611302211880684,0.029476428404450417,0.004987781867384911,7.001054286956787,-1.2194466590881348,-0.005604064973777077,-0.01658401522999963,0.5908086879159012,-0.16685324670172014,0.24607880130192833,0.32892667880310555
44666,44,0.608566403388977,-0.16804048418998718,0.6052805185317993,-0.17010104656219482,0.1662190556526184,0.1528533697128296,0.2506072223186493,0.21576222777366638,0.02454526536166668,0.022673532366752625,0.03095744363963604,0.010000058449804783,0.7830889821052551,1.045124888420105,0.8474730849266052,0.6367913484573364,0.019596204161643982,0.023969383910298347,0.026767373085021973,0.005215296056121588,8.981321334838867,-0.13912677764892578,-0.007992541145734996,-0.005010236426259217,0.5932694759289199,-0.16356397991368923,0.24607880130187548,0.32892667880310555
44667,44,0.6101465225219727,-0.16601864993572235,0.6072579622268677,-0.1671586036682129,0.13544605672359467,0.23279476165771484,0.13878487050533295,0.34398165345191956,0.023005886003375053,0.021089304238557816,0.028284257277846336,0.010000057518482208,0.7830604910850525,1.0447453260421753,0.8477612137794495,0.6374401450157166,0.019112959504127502,0.022268399596214294,0.02375301718711853,0.005239059682935476,4.640026092529297,-0.7921087741851807,-0.003776503746993405,0.012291690882731087,0.595069097835587,-0.15951147989944908,0.1336332888324772,0.45873089960370345
44668,44,0.6104041337966919,-0.1637507528066635,0.6076675653457642,-0.1636466085910797,-0.05505155771970749,0.2429080456495285,-0.02748827263712883,0.37336280941963196,0.022144848480820656,0.019705502316355705,0.02596179023385048,0.010363977402448654,0.783350944519043,1.0441356897354126,0.8478628396987915,0.6382564902305603,0.01832415722310543,0.02051980420947075,0.021831447258591652,0.005663554184138775,10.360450744628906,-1.1617565155029297,-0.010414873474533865,0.016145246396781575,0.5964054307239117,-0.1549241709034112,0.1336332888324772,0.45873089960370345
44669,44,0.6101922988891602,-0.16075223684310913,0.6070898175239563,-0.159468874335289,-0.023884117603302002,0.330269455909729,-0.1029716283082962,0.4247896373271942,0.042242348194122314,0.018498143181204796,0.023945095017552376,0.010319761000573635,0.7816187739372253,1.0433636903762817,0.8476470708847046,0.6392330527305603,0.033090073615312576,0.018979046493768692,0.019348401576280594,0.005851438734680414,4.657325744628906,0.05385160446166992,-0.005695967407608402,0.04555975631693468,0.5972148685281453,-0.14967904155402995,0.02566032698489561,0.593533470473539
44670,44,0.608798623085022,-0.15723828971385956,0.6053094863891602,-0.1556047946214676,-0.2013825923204422,0.38705679774284363,-0.21823033690452576,0.37370336055755615,0.04215318709611893,0.017444049939513206,0.022191714495420456,0.012310723774135113,0.7819527387619019,1.0421552658081055,0.847218930721283,0.6405479311943054,0.035682495683431625,0.01701817288994789,0.017858803272247314,0.007492884527891874,6.428108215332031,3.700709342956543,-0.012586370864400835,0.04156710011241247,0.5974714717979945,-0.14374370684929488,0.025660326984948478,0.5935334704735258
44671,44,0.6067851185798645,-0.152098149061203,0.6030589938163757,-0.15151281654834747,-0.225996732711792,0.5899708271026611,-0.25419238209724426,0.4206138253211975,0.06561224162578583,0.016525577753782272,0.020669562742114067,0.014440872706472874,0.7808161973953247,1.0404967069625854,0.8465021848678589,0.6422752141952515,0.05224073678255081,0.01553663332015276,0.016028188169002533,0.008755351416766644,3.144528865814209,4.209263324737549,-0.014777428860722627,0.07045984879820619,0.5973265059047702,-0.137265961364219,-0.07784008424071062,0.7333343914125989
44672,44,0.6036290526390076,-0.14564989507198334,0.5999053716659546,-0.14720144867897034,-0.37340250611305237,0.7019991874694824,-0.3578213155269623,0.4759666621685028,0.07449860870838165,0.015721388161182404,0.01934094913303852,0.03666962683200836,0.780752420425415,1.0384942293167114,0.8457238674163818,0.6435543894767761,0.06129021942615509,0.014362704008817673,0.01528135221451521,0.019677069038152695,10.173788070678711,0.6607580184936523,-0.04038481610953141,0.07641743691205957,0.5965481050623632,-0.12993261745009166,-0.07784008424071062,0.7333343914125989
44673,44,0.6005995273590088,-0.1385020613670349,0.5962302684783936,-0.1413235366344452,-0.2668245732784271,0.7084603905677795,-0.3837408423423767,0.6785884499549866,0.09730803966522217,0.015017050318419933,0.0181804858148098,0.051449861377477646,0.7797162532806396,1.0363757610321045,0.8451577425003052,0.6451075077056885,0.0759928748011589,0.01330166682600975,0.01450855191797018,0.027652058750391006,9.659088134765625,3.7578725814819336,-0.054115528779480185,0.10255036569730117,0.5954845158766561,-0.12218226902876694,-0.1768679448443415,0.8781336624208899
44674,44,0.5983760356903076,-0.1310369074344635,0.5926926136016846,-0.1335313469171524,-0.19044072926044464,0.7665490508079529,-0.32352307438850403,0.8472168445587158,0.09605748951435089,0.014400958083570004,0.017167871817946434,0.05143176391720772,0.7799604535102844,1.0344336032867432,0.8445460200309753,0.6469680666923523,0.08058305829763412,0.013124512508511543,0.013570422306656837,0.02752147801220417,6.436636447906494,-1.9721806049346924,-0.05131568082645521,0.08894769361660204,0.5937158364282126,-0.11340093240455851,-0.1768679448443415,0.8781336624208832
44675,44,0.5958915948867798,-0.12449070811271667,0.5893761515617371,-0.1251291036605835,-0.2525807321071625,0.6076697707176208,-0.2985441982746124,0.8683038353919983,0.09335456043481827,0.013861347921192646,0.016282819211483,0.055510032922029495,0.7809023261070251,1.0322729349136353,0.8440634608268738,0.648950457572937,0.07917427271604538,0.011440199799835682,0.012892122380435467,0.031121889129281044,3.81150484085083,10.20169734954834,-0.056299433147609365,0.07791210357817241,0.5917694043549984,-0.10433799424643149,-0.27142325482615565,1.0279312834984118
44676,44,0.5936888456344604,-0.11643455177545547,0.5872544646263123,-0.11560875922441483,-0.22823446989059448,0.9184322357177734,-0.18807055056095123,0.9614105224609375,0.09235778450965881,0.013388481922447681,0.01550866849720478,0.051291003823280334,0.7819288372993469,1.0296107530593872,0.843440055847168,0.6516948342323303,0.07878971099853516,0.010483356192708015,0.012099321000277996,0.029882051050662994,4.469640254974365,5.263614654541016,-0.024392673573560647,0.08663679205411318,0.5890551718067375,-0.09405868141144788,-0.2714232548261028,1.0279312834984118
44677,44,0.5910015106201172,-0.10703343152999878,0.5850394368171692,-0.10637941211462021,-0.2859695255756378,0.9745844602584839,-0.23825077712535858,0.912814199924469,0.09077329188585281,0.012973855249583721,0.014830962754786015,0.06329233199357986,0.7830687761306763,1.0267242193222046,0.8428149819374084,0.6540875434875488,0.07770227640867233,0.009704666212201118,0.011608068831264973,0.03633100911974907,6.331348419189453,3.309340476989746,-0.06563249890594677,0.08165481874710445,0.5862616772509911,-0.08364316671596325,-0.3542084475940293,1.1701872978806314
44678,44,0.5883051156997681,-0.09718526154756546,0.5825650691986084,-0.0972151979804039,-0.2573978900909424,0.9921165108680725,-0.25202736258506775,0.9262862801551819,0.0904068648815155,0.01261037215590477,0.014237695373594761,0.06761462241411209,0.7841081023216248,1.0235955715179443,0.842186450958252,0.6568616628646851,0.07728251814842224,0.008695406839251518,0.010953239165246487,0.04004489257931709,3.0707335472106934,8.384647369384766,-0.06849867723785481,0.08829252897460937,0.5826466171091319,-0.07181589416951215,-0.3615060141859945,1.1827272546451713
44679,44,0.5855400562286377,-0.0864495262503624,0.5800809264183044,-0.0875842347741127,-0.29599228501319885,1.124211072921753,-0.25567635893821716,0.9911339282989502,0.08916375786066055,0.012291375547647476,0.013717674650251865,0.06744783371686935,0.7853310704231262,1.0202628374099731,0.8413581252098083,0.6599817872047424,0.0776248648762703,0.008182371035218239,0.010258235968649387,0.040608473122119904,2.1736741065979004,5.94982385635376,-0.0664263469027646,0.0819839820342339,0.5790315569672722,-0.05998862162305963,-0.3994142097181926,1.2534841709393147
44680,44,0.5820389986038208,-0.07530135661363602,0.5770914554595947,-0.07733617722988129,-0.38037553429603577,1.1213715076446533,-0.32561999559402466,1.0736194849014282,0.08842775225639343,0.012011762708425522,0.013262356631457806,0.07788161933422089,0.7866281867027283,1.016469955444336,0.8406178951263428,0.6631625294685364,0.07630794495344162,0.0068038529716432095,0.010141191072762012,0.04830040782690048,5.203654766082764,13.43696117401123,-0.08010262079665889,0.08416211521382902,0.5745706782465906,-0.046582600377506236,-0.447116222923858,1.3425215758611548
44681,44,0.5790095329284668,-0.06233138591051102,0.5742293000221252,-0.06521406769752502,-0.291351318359375,1.3806618452072144,-0.29922303557395935,1.2848451137542725,0.09345803409814835,0.01176648959517479,0.012863335199654102,0.07736476510763168,0.7875189781188965,1.0124337673187256,0.8396622538566589,0.6668513417243958,0.08055409789085388,0.006617632228881121,0.0094103142619133,0.04868759959936142,2.049708366394043,7.220497131347656,-0.07427971432142362,0.09464060374568042,0.5700995160173513,-0.03315738461889216,-0.447116222923858,1.3425215758611548
44682,44,0.5750795602798462,-0.0492534339427948,0.5703836679458618,-0.05224844068288803,-0.4298803508281708,1.2994751930236816,-0.41402843594551086,1.35107421875,0.09096711874008179,0.01155098807066679,0.012513036839663982,0.1027262955904007,0.7890994548797607,1.0082190036773682,0.8385004997253418,0.6698102951049805,0.08157850056886673,0.005781820975244045,0.008854975923895836,0.06434457749128342,-0.4675412178039551,11.186885833740234,-0.1084548454691149,0.0766805594958404,0.5649078611303084,-0.018268829734183978,-0.5282538810399047,1.5073142471463747
44683,44,0.5703030824661255,-0.03559029474854469,0.5660486817359924,-0.038029592484235764,-0.5196061134338379,1.4032748937606812,-0.4610615372657776,1.467234492301941,0.09377683699131012,0.011362156830728054,0.012206319719552994,0.1010073721408844,0.790800154209137,1.0035865306854248,0.8371849060058594,0.6738874316215515,0.08357398211956024,0.005094565916806459,0.008469072170555592,0.06654836237430573,0.5829596519470215,14.101147651672363,-0.09136531170048637,0.09444569728340474,0.5596253223199097,-0.0031956872627191997,-0.5282538810398518,1.5073142471463747
44684,44,0.5650085210800171,-0.02060598134994507,0.5612449645996094,-0.02268035151064396,-0.5532264113426208,1.5627979040145874,-0.5157726407051086,1.5750049352645874,0.10307209938764572,0.011196390725672245,0.011937243863940239,0.10093984752893448,0.7921389937400818,0.9986512660980225,0.8355956673622131,0.6783077120780945,0.0915924683213234,0.004607821349054575,0.00785183347761631,0.06803469359874725,-1.570650339126587,13.004755973815918,-0.10056025087002197,0.10535292778894337,0.5537386716714797,0.013167383123319446,-0.6049189885339232,1.671013178378493
44685,44,0.5586895942687988,-0.004716696683317423,0.5553650259971619,-0.0067604342475533485,-0.6793506741523743,1.6255273818969727,-0.6383355259895325,1.6221178770065308,0.1075156182050705,0.011050454340875149,0.011700484901666641,0.11638633161783218,0.7939659953117371,0.9933868050575256,0.8337684869766235,0.682413637638092,0.09811990708112717,0.004092446528375149,0.0074495915323495865,0.07903306186199188,-1.2002861499786377,12.528829574584961,-0.1200273957125899,0.10854033469092009,0.5476894817861397,0.02987751490710751,-0.6049189885339232,1.671013178378493
44686,44,0.5515413284301758,0.011881488375365734,0.5484305024147034,0.009865662083029747,-0.7429478168487549,1.6797748804092407,-0.7386611700057983,1.6925554275512695,0.12247262895107269,0.010922951623797417,0.011493737809360027,0.12297436594963074,0.7955214977264404,0.9878302812576294,0.8316634297370911,0.686953067779541,0.11062215268611908,0.0035360963083803654,0.006781813222914934,0.0861055850982666,-6.335836410522461,17.27861213684082,-0.1248479096571076,0.12665417615538882,0.5411436157812993,0.047538699481011915,-0.6771115454060722,1.8092500090681671
44687,44,0.543276309967041,0.029356373474001884,0.5404942035675049,0.027139656245708466,-0.8985246419906616,1.8107798099517822,-0.8434644937515259,1.7614517211914062,0.13356252014636993,0.01081064622849226,0.011311707086861134,0.1276562511920929,0.7974057197570801,0.9820117354393005,0.8293483853340149,0.6917611956596375,0.12252390384674072,0.003468674374744296,0.0067006987519562244,0.09081897139549255,0.39382457733154297,10.819144248962402,-0.1289214101460261,0.13660467176691315,0.5343725003272393,0.06563119957169267,-0.6771115454060722,1.8092500090681605
44688,44,0.5345591306686401,0.04719828814268112,0.5315420031547546,0.04514360800385475,-0.8541836142539978,1.7654452323913574,-0.9384763240814209,1.831249713897705,0.15544764697551727,0.010711978189647198,0.011151843704283237,0.1412210762500763,0.7986878752708435,0.9761176109313965,0.8272094130516052,0.6963122487068176,0.13778188824653625,0.0030366480350494385,0.00674675777554512,0.10186424106359482,0.7857894897460938,14.888010025024414,-0.14498246523014444,0.16181116833999357,0.5272031993709625,0.08435098077099039,-0.7448315516562987,1.9159326490930595
44689,44,0.5265597701072693,0.06536039710044861,0.5222508907318115,0.06391118466854095,-0.7747586369514465,1.829982042312622,-0.9272876381874084,1.887322187423706,0.15693219006061554,0.01062547042965889,0.011011733673512936,0.14010782539844513,0.800528883934021,0.9699715971946716,0.8252614140510559,0.7014656066894531,0.14460813999176025,0.002696347190067172,0.006902072113007307,0.10453971475362778,1.2036442756652832,17.010650634765625,-0.13442121456918574,0.15740165680688334,0.5197548838543987,0.10351030726192463,-0.7448315516562987,1.9159326490930595
44690,44,0.5193257331848145,0.0842023640871048,0.5135336518287659,0.08298084884881973,-0.6941576600074768,1.9130229949951172,-0.8246919512748718,1.907357931137085,0.15503950417041779,0.010549601167440414,0.01088888943195343,0.14019420742988586,0.8029322624206543,0.9637541770935059,0.8234306573867798,0.7066986560821533,0.1455327272415161,0.0027264514937996864,0.006826898083090782,0.10591158270835876,-0.039544105529785156,13.889741897583008,-0.14022054828495617,0.14568148349365773,0.5119979283516625,0.12303625156129333,-0.8080790072846027,1.9910610984531982
44691,44,0.5122886896133423,0.1029919907450676,0.5056316256523132,0.10176524519920349,-0.6961405873298645,1.8582202196121216,-0.7431286573410034,1.870179295539856,0.15111051499843597,0.010482882149517536,0.010780888609588146,0.14722535014152527,0.8057072162628174,0.9576159715652466,0.8215081095695496,0.71156245470047,0.14481595158576965,0.002671103924512863,0.006469640415161848,0.11203017830848694,-5.144739151000977,15.234041213989258,-0.1493645132224019,0.13158965875315998,0.5039171382788165,0.1429468625458266,-0.8080790072846027,1.9910610984531851
44692,44,0.5046858787536621,0.12138272076845169,0.49833738803863525,0.12023267149925232,-0.7897049784660339,1.8340548276901245,-0.7125086784362793,1.8407119512557983,0.14742326736450195,0.010424149222671986,0.010685835964977741,0.14558909833431244,0.8087260723114014,0.951252281665802,0.8195770382881165,0.7168192863464355,0.14196473360061646,0.0020793317817151546,0.006461645010858774,0.11466335505247116,-3.466862440109253,19.506324768066406,-0.13736331156912845,0.12900991808644324,0.4956083086345943,0.1630265364199526,-0.8668539122909842,2.0346353571485243
44693,44,0.49717289209365845,0.14066417515277863,0.4916122555732727,0.13903991878032684,-0.7487271428108215,1.9699649810791016,-0.6698567271232605,1.8873348236083984,0.14628423750400543,0.010372600518167019,0.01060242485255003,0.14278247952461243,0.8115822076797485,0.9447805285453796,0.81769859790802,0.7222270965576172,0.1399368941783905,0.002360828686505556,0.006512620951980352,0.11363053321838379,0.054645538330078125,14.141559600830078,-0.12858745230015883,0.14055819804556763,0.48693976951168344,0.18337288999144177,-0.8668539122909842,2.0346353571485243
44694,44,0.4899386167526245,0.15973307192325592,0.48466137051582336,0.15777994692325592,-0.6994353532791138,1.8710427284240723,-0.699908971786499,1.8764084577560425,0.14382652938365936,0.010327352210879326,0.010529221966862679,0.1448867917060852,0.8143926858901978,0.9384884834289551,0.8157147169113159,0.7273102402687073,0.1396280825138092,0.0022659588139504194,0.0060625034384429455,0.11627258360385895,-7.085171699523926,18.084091186523438,-0.14551315053478925,0.13140648833657556,0.47811484613095173,0.20375385991500455,-0.9211562666754433,2.046655425179096
44695,44,0.48210740089416504,0.17840653657913208,0.47738826274871826,0.17637507617473602,-0.8281866312026978,1.8729560375213623,-0.7405201196670532,1.8577795028686523,0.13985468447208405,0.010287601500749588,0.010464923456311226,0.14187361299991608,0.8176372647285461,0.9320960640907288,0.8134616017341614,0.7325557470321655,0.13874778151512146,0.002100591082125902,0.005749013740569353,0.11633418500423431,-7.431744575500488,18.293155670166016,-0.12658975082903867,0.11963743858961233,0.4689032834641985,0.22422041416679456,-0.9211562666754433,2.046655425179109
44696,44,0.4733540117740631,0.1972530484199524,0.46967190504074097,0.1950080245733261,-0.9070621132850647,1.900681495666504,-0.7957705855369568,1.876153588294983,0.13915160298347473,0.010252686217427254,0.01040845550596714,0.13862760365009308,0.8210508227348328,0.9258468747138977,0.8110527992248535,0.7376899719238281,0.1382250189781189,0.002589583396911621,0.005635742098093033,0.11394280195236206,-3.8515353202819824,12.116198539733887,-0.12203913740931502,0.13555190148769253,0.45959804675193267,0.24465024661447587,-0.9709860704379535,2.0271213025449013
44697,44,0.4641285836696625,0.21523191034793854,0.4610326886177063,0.21349534392356873,-0.9239864945411682,1.7363319396972656,-0.9040253162384033,1.8389884233474731,0.14365145564079285,0.010222031734883785,0.010358879342675209,0.13592346012592316,0.8240333199501038,0.9197426438331604,0.808681070804596,0.742699384689331,0.14093050360679626,0.0022098447661846876,0.005544399842619896,0.11387195438146591,-5.4227447509765625,19.26712417602539,-0.12199518553742655,0.14500096411696206,0.4498881860475531,0.26492145963992625,-0.9709860704379535,2.0271213025449146
44698,44,0.4550746977329254,0.23332688212394714,0.45200830698013306,0.23203547298908234,-0.913291871547699,1.8366453647613525,-0.9250081777572632,1.8325660228729248,0.14547008275985718,0.010195073671638966,0.01031529251486063,0.12875349819660187,0.8271728754043579,0.9137355089187622,0.8059626817703247,0.7477081418037415,0.1462840735912323,0.0027915399987250566,0.0049867937341332436,0.10833628475666046,-8.650626182556152,13.019719123840332,-0.0914496368902804,0.14601113489131093,0.4401384164087285,0.2851477210864079,-1.0126689515059053,1.9801716321007252
44699,44,0.44471675157546997,0.2504168748855591,0.4417749345302582,0.24937516450881958,-1.0814303159713745,1.6624797582626343,-1.054321527481079,1.704514980316162,0.14484478533267975,0.010171393863856792,0.010277007706463337,0.12444791942834854,0.8308356404304504,0.9079214930534363,0.8031342029571533,0.7525315284729004,0.1478576958179474,0.002528476994484663,0.004937386605888605,0.1060594767332077,-7.042536735534668,16.783252716064453,-0.10173431103989594,0.14168585255299615,0.429974983172944,0.3049080509788661,-1.0163433235785675,1.9760329892458999
44700,44,0.43405747413635254,0.2674656808376312,0.4312417209148407,0.2664085328578949,-1.0747863054275513,1.7150105237960815,-1.0740714073181152,1.6781160831451416,0.16163265705108643,0.010150580666959286,0.010243361815810204,0.11568725109100342,0.8335873484611511,0.9018886685371399,0.8002308011054993,0.757625937461853,0.15930543839931488,0.002189534017816186,0.0047873021103441715,0.10118444263935089,-7.209625244140625,19.278244018554688,-0.06878376568367575,0.16679754102712083,0.41981154993715836,0.3246683808713266,-1.0344470675152253,1.9394388932179674
44701,44,0.423245370388031,0.2851046919822693,0.4203247129917145,0.2830435335636139,-1.0886304378509521,1.7934801578521729,-1.1129984855651855,1.6503441333770752,0.16455809772014618,0.01013229414820671,0.010213803499937057,0.10882056504487991,0.8366965651512146,0.8957263827323914,0.797203540802002,0.7627763748168945,0.16767503321170807,0.0021179879549890757,0.004647246561944485,0.09602143615484238,-7.437031269073486,17.747051239013672,-0.0713503980189043,0.1654884900848967,0.4092441807515635,0.3436122127516528,-1.0572280260972593,1.8933904852821584
44702,44,0.41210728883743286,0.3028698265552521,0.40884172916412354,0.2994983494281769,-1.1197154521942139,1.7752078771591187,-1.1635746955871582,1.662635087966919,0.16682305932044983,0.010116230696439743,0.010187839157879353,0.10425537079572678,0.8403161764144897,0.8896334767341614,0.7940872311592102,0.7677218914031982,0.1726473867893219,0.002264023292809725,0.004453191999346018,0.09238451719284058,-8.923335075378418,16.330129623413086,-0.07898222719849929,0.16755328752515344,0.3986719004905897,0.3625461176044781,-1.0572280260972593,1.8933904852821848
44703,44,0.40051501989364624,0.3202309310436249,0.39695578813552856,0.31625470519065857,-1.1738214492797852,1.7208536863327026,-1.192586898803711,1.700429916381836,0.1708773672580719,0.010102128610014915,0.010165040381252766,0.09973081946372986,0.8438913226127625,0.8835141658782959,0.7911679148674011,0.7726518511772156,0.17521913349628448,0.0020619400311261415,0.004824806936085224,0.0896063819527626,-3.280148506164551,16.82253646850586,-0.0743800275374055,0.17221435110301778,0.38777628469460734,0.38046596952631806,-1.093640177994002,1.7791937906536368
44704,44,0.38984763622283936,0.33778810501098633,0.38555967807769775,0.33386826515197754,-1.0165865421295166,1.7539379596710205,-1.1183738708496094,1.7777063846588135,0.1785627156496048,0.010089737363159657,0.010145011357963085,0.09434836357831955,0.8471059799194336,0.8776336312294006,0.7880957126617432,0.7773624658584595,0.18381266295909882,0.002582792192697525,0.004263356328010559,0.08471503853797913,-11.416077613830566,14.073677062988281,-0.06380469254932902,0.18116848225396706,0.3768398829146673,0.3982579074328556,-1.0936401779940284,1.7791937906536368
44705,44,0.3783564269542694,0.35419946908950806,0.37388646602630615,0.3508593440055847,-1.1910614967346191,1.6049635410308838,-1.1568580865859985,1.681312084197998,0.1746239811182022,0.010078854858875275,0.010127421468496323,0.09059745073318481,0.8509626984596252,0.8719010353088379,0.7850525379180908,0.781928539276123,0.18441887199878693,0.002439295407384634,0.004563482478260994,0.0820746123790741,-6.534233093261719,14.81348991394043,-0.06905253979152132,0.15605793281405486,0.36565180091327015,0.41490134587089567,-1.1255797792688487,1.6334429053603086
44706,44,0.3672846257686615,0.37054046988487244,0.3629050850868225,0.3678892254829407,-1.071258544921875,1.6291701793670654,-1.078072190284729,1.6868972778320312,0.18032768368721008,0.01006927527487278,0.010111939162015915,0.08394534140825272,0.8545768857002258,0.8661811351776123,0.7820311784744263,0.7865434288978577,0.1881641447544098,0.0024383263662457466,0.004288914613425732,0.0771823301911354,-11.056028366088867,16.599597930908203,-0.045319520928631785,0.18222079047990658,0.3543960031205803,0.43123577492450194,-1.1255797792688487,1.633442905360335
44707,44,0.3560439348220825,0.38673797249794006,0.3520030081272125,0.38422349095344543,-1.1424098014831543,1.625887393951416,-1.0871679782867432,1.6047849655151367,0.1772816777229309,0.010060863569378853,0.010098347440361977,0.07899611443281174,0.8585972189903259,0.860689640045166,0.7787362337112427,0.7909015417098999,0.19078108668327332,0.002948082285001874,0.003968824166804552,0.07212791591882706,-12.222661972045898,11.150285720825195,-0.04979386169818903,0.16301774666654492,0.3429512353187465,0.446396542484307,-1.1530468299217465,1.4628495935163963
44708,44,0.343889057636261,0.40189531445503235,0.3405894637107849,0.3995096683502197,-1.2393100261688232,1.4645806550979614,-1.1574870347976685,1.4979093074798584,0.17646454274654388,0.010053478181362152,0.01008640881627798,0.07497536391019821,0.8628185987472534,0.8553672432899475,0.775621235370636,0.7951126098632812,0.18865257501602173,0.0027458772528916597,0.004335127305239439,0.0691932961344719,-7.439264297485352,14.366037368774414,-0.05095371592322023,0.17261841708941142,0.3314207670195303,0.46102503841947,-1.1530468299217465,1.4628495935163697
44709,44,0.33254504203796387,0.4170401692390442,0.3294561207294464,0.4146909713745117,-1.0941532850265503,1.5110466480255127,-1.1158448457717896,1.4914907217025757,0.18479496240615845,0.010046985931694508,0.01007592212408781,0.0683666467666626,0.8663762807846069,0.8504025936126709,0.7724220156669617,0.7990503907203674,0.19495417177677155,0.0036945294123142958,0.003959018271416426,0.06250202655792236,-10.946996688842773,7.825517654418945,-0.02834262076284877,0.1876491794930287,0.31975509382223255,0.47466225315573196,-1.1760413299527748,1.2942609115783388
44710,44,0.32075995206832886,0.4304041266441345,0.3175472915172577,0.4284454584121704,-1.1916611194610596,1.2513455152511597,-1.1984403133392334,1.326928973197937,0.18120644986629486,0.010041282512247562,0.01006670668721199,0.06415951251983643,0.8703647255897522,0.8462041020393372,0.7691237330436707,0.8023832440376282,0.19679643213748932,0.004445317666977644,0.003937446977943182,0.0576111376285553,-11.212884902954102,6.00794792175293,-0.03830571717778394,0.1645518656889188,0.30799468052270357,0.4876048622715178,-1.1760413299527748,1.2942609115783388
44711,44,0.3087852895259857,0.44184237718582153,0.30552834272384644,0.44099682569503784,-1.1928714513778687,1.0635006427764893,-1.1939539909362793,1.19780433177948,0.1807379573583603,0.010036271065473557,0.010058608837425709,0.05668113753199577,0.8745431303977966,0.8423973917961121,0.7659055590629578,0.8055939674377441,0.19604234397411346,0.004442364908754826,0.0039109778590500355,0.05179688334465027,-12.236418724060059,11.72393798828125,-0.00036629521892897476,0.1785543030231297,0.2961438823349199,0.4997673138261391,-1.1945632793618277,1.1343886236603054
44712,44,0.29701951146125793,0.4527035057544708,0.2939205467700958,0.45241600275039673,-1.1812937259674072,1.0791653394699097,-1.155074119567871,1.0663126707077026,0.18030846118927002,0.026499364525079727,0.010051495395600796,0.05034591630101204,0.8786251544952393,0.8365787863731384,0.7627187371253967,0.8088435530662537,0.19575543701648712,0.01546319667249918,0.003919800277799368,0.046659961342811584,-11.206308364868164,14.505748748779297,0.029007083499644037,0.17830217150840713,0.28419824954130163,0.5111112000627431,-1.1945632793618277,1.1343886236603318
44713,44,0.2854278087615967,0.46400508284568787,0.28252482414245605,0.46240344643592834,-1.157471776008606,1.1561833620071411,-1.1438294649124146,0.9353875517845154,0.17947937548160553,0.02764851599931717,0.010045250877737999,0.044949520379304886,0.8826233148574829,0.8323246836662292,0.759656548500061,0.8118494153022766,0.19417554140090942,0.018607284873723984,0.0041768914088606834,0.041075222194194794,-5.271182060241699,4.89086389541626,0.02783326318528931,0.1756003551858346,0.2721981067680047,0.5218686195878874,-1.2086126781489845,0.9832327297624018
44714,44,0.2744321823120117,0.47418737411499023,0.2708972096443176,0.47116610407829285,-1.0423877239227295,0.9299911260604858,-1.1523289680480957,0.856954038143158,0.17790602147579193,0.02600429207086563,0.010039757005870342,0.04032990336418152,0.886353611946106,0.8290781378746033,0.7568629384040833,0.8146148324012756,0.19187197089195251,0.017691396176815033,0.0042397696524858475,0.03733983635902405,-10.279369354248047,13.252714157104492,0.014695977498318608,0.17053189795285287,0.26011197998651353,0.5317009468855132,-1.2086126781489845,0.9832327297624018
44715,44,0.2642208933830261,0.48385146260261536,0.2600085437297821,0.4798868000507355,-1.0147193670272827,0.9766397476196289,-1.0444618463516235,0.8728435039520264,0.1731196641921997,0.045111268758773804,0.010034934617578983,0.03636724129319191,0.8903059363365173,0.8240035772323608,0.7538378238677979,0.8170973062515259,0.19063040614128113,0.030655235052108765,0.0038061365485191345,0.033137302845716476,-13.656865119934082,8.021221160888672,0.048443181475728514,0.15050445094589077,0.24799827303268154,0.5411230655333379,-1.2181895263142055,0.8407932298844696
44716,44,0.2530984580516815,0.4924623668193817,0.24930647015571594,0.4880979061126709,-1.146376371383667,0.8192595839500427,-1.057129144668579,0.8183340430259705,0.16770446300506592,0.04446537420153618,0.010030698962509632,0.03295334428548813,0.8946231007575989,0.8206832408905029,0.7507244944572449,0.8194542527198792,0.18635499477386475,0.032284315675497055,0.00378067372366786,0.030474727973341942,-12.628852844238281,10.512296676635742,0.040247166568888465,0.14184489443099124,0.23581637776953956,0.5495309978321831,-1.2181895263142055,0.8407932298844696
44717,44,0.24178244173526764,0.5009770393371582,0.23903147876262665,0.49652907252311707,-1.138218641281128,0.8579135537147522,-1.0278903245925903,0.8442378044128418,0.166184201836586,0.06105014309287071,0.01002697553485632,0.030006110668182373,0.8987624645233154,0.8162260055541992,0.7477260828018188,0.821750283241272,0.1823136955499649,0.042673900723457336,0.003989419899880886,0.027666956186294556,-7.883474826812744,7.397623062133789,0.0642499841298389,0.15886586286811835,0.22362488704014505,0.557687546754851,-1.2232938238575042,0.7070701240266409
44718,44,0.23099291324615479,0.5092400908470154,0.22872620820999146,0.5049325227737427,-1.0426605939865112,0.8004350066184998,-1.0423438549041748,0.8266603946685791,0.16430027782917023,0.06046898663043976,0.01002370286732912,0.02745489589869976,0.9026824235916138,0.8130829930305481,0.7446731328964233,0.8238850831985474,0.1813422292470932,0.04474135860800743,0.0035927968565374613,0.0255584716796875,-14.262805938720703,9.793901443481445,0.056839570283271634,0.15520054964974134,0.21139194880157008,0.5647582479951174,-1.223293823857491,0.707070124026588
44719,44,0.21979601681232452,0.5171042680740356,0.21791091561317444,0.5127602815628052,-1.1566574573516846,0.789564311504364,-1.094496726989746,0.7653014659881592,0.1597171425819397,0.06346479803323746,0.010020834393799305,0.025247657671570778,0.9069424867630005,0.8101330399513245,0.7414019703865051,0.8259130120277405,0.1790616512298584,0.046994898468256,0.003463790053501725,0.023312173783779144,-12.403216361999512,5.2988600730896,0.06410624737729134,0.13734222216292266,0.1991584547015898,0.5717189583447878,-1.2238743932254685,0.5921901535381006
44720,44,0.20800113677978516,0.5243556499481201,0.20664770901203156,0.520122766494751,-1.1894809007644653,0.6873209476470947,-1.1459906101226807,0.7200884222984314,0.15836088359355927,0.06338072568178177,0.010018311440944672,0.023329176008701324,0.9112116694450378,0.8076649904251099,0.7381208539009094,0.8277050852775574,0.17671674489974976,0.04793549329042435,0.0034286289010196924,0.02139453962445259,-11.430852890014648,4.683256149291992,0.0628584719219987,0.1516994967634142,0.18691919899380252,0.5775395924666752,-1.2239255707788672,0.5820634121888099
44721,44,0.19618935883045197,0.5308266878128052,0.19501563906669617,0.5270662307739258,-1.1783621311187744,0.608833909034729,-1.1827795505523682,0.66241055727005,0.15780344605445862,0.07425092160701752,0.010016091167926788,0.02165689878165722,0.9153138995170593,0.8047834634780884,0.7348403930664062,0.8291292786598206,0.17568908631801605,0.055691421031951904,0.003407146083191037,0.019353855401277542,-10.312365531921387,1.2406587600708008,0.07651357252900505,0.15506783805495714,0.17467994328601377,0.5833602265885632,-1.2221639080016775,0.530570066110892
44722,44,0.18443888425827026,0.5359163284301758,0.18287749588489532,0.5330244302749634,-1.1627310514450073,0.4450587034225464,-1.2244458198547363,0.5447075963020325,0.15681426227092743,0.08372609317302704,0.010014140047132969,0.02020082250237465,0.9192940592765808,0.802118182182312,0.7316412329673767,0.8304307460784912,0.17462065815925598,0.06264275312423706,0.0033739525824785233,0.018359927460551262,-12.184316635131836,7.777304649353027,0.08583205686332986,0.1519494932554169,0.16247999430558596,0.5880319263392191,-1.2199471087084592,0.46577309437097664
44723,44,0.172962486743927,0.5409250259399414,0.17094098031520844,0.5381638407707214,-1.1553272008895874,0.5213875770568848,-1.1849957704544067,0.465183287858963,0.1553301066160202,0.10555125027894974,0.010012422688305378,0.01892986334860325,0.9233271479606628,0.7985439896583557,0.7283503413200378,0.8317967653274536,0.1741088330745697,0.07579916715621948,0.0031905672512948513,0.01732480339705944,-12.488260269165039,7.483656406402588,0.11066998493489114,0.14802367105375078,0.1502805232185014,0.5926896572829291,-1.2199471087084592,0.46577309437097664
44724,44,0.16116462647914886,0.5462483167648315,0.15910738706588745,0.5424221158027649,-1.1954715251922607,0.5472720265388489,-1.1790319681167603,0.4100639820098877,0.1535814106464386,0.10435735434293747,0.010010913945734501,0.017821434885263443,0.9274089336395264,0.7960788607597351,0.7251054644584656,0.8332124352455139,0.17200201749801636,0.07907628268003464,0.003338815877214074,0.01647953875362873,-8.912799835205078,5.641443729400635,0.09771757608986896,0.14493325260427015,0.13816220805793425,0.5963921447051074,-1.2108078041667532,0.35819917057324685
44725,44,0.14966420829296112,0.5517444610595703,0.14749671518802643,0.5467376708984375,-1.1252154111862183,0.5442473292350769,-1.1537055969238281,0.4499942362308502,0.1529185026884079,0.1023925319314003,0.010009589605033398,0.016853032633662224,0.9314689040184021,0.7943971157073975,0.7217006683349609,0.8343877792358398,0.1724594533443451,0.07985105365514755,0.0028673564083874226,0.015168738551437855,-14.08666706085205,1.943669319152832,0.0914268268221794,0.14963225576663475,0.12605413001626672,0.59997413641084,-1.2108078041667598,0.35819917057324685
44726,44,0.1373702883720398,0.5560203790664673,0.1354532390832901,0.5507879853248596,-1.2609317302703857,0.3827539086341858,-1.199329137802124,0.4099310040473938,0.15032309293746948,0.10014414042234421,0.010008425451815128,0.016007276251912117,0.9357085227966309,0.793204128742218,0.7182841300964355,0.8353986740112305,0.17020635306835175,0.07880842685699463,0.0030687805265188217,0.014329961501061916,-10.03299617767334,1.9421052932739258,0.08751490895193648,0.1373939675361335,0.11405982014674375,0.602777142656703,-1.1963699987838148,0.25934164079551475
44727,44,0.12531790137290955,0.5596999526023865,0.12376752495765686,0.5549765229225159,-1.1795117855072021,0.3397448658943176,-1.1624424457550049,0.4042831063270569,0.1559392809867859,0.10749703645706177,0.01000740472227335,0.015267648734152317,0.9393948912620544,0.791655421257019,0.7149581909179688,0.8361907601356506,0.17280934751033783,0.08306065946817398,0.0029986838344484568,0.013422336429357529,-11.096014976501465,1.7388033866882324,0.10936092244415102,0.15770637190066064,0.10209612015890476,0.6053705590646585,-1.1963699987838148,0.25934164079551475
44728,44,0.11350449174642563,0.562623143196106,0.1120489239692688,0.558555543422699,-1.1736725568771362,0.25979676842689514,-1.1726974248886108,0.31954219937324524,0.1541416049003601,0.11212369799613953,0.01000650692731142,0.014620769768953323,0.9432128071784973,0.7903537750244141,0.7115963697433472,0.8366901874542236,0.17371878027915955,0.0883406400680542,0.002915007760748267,0.012477452866733074,-11.717178344726562,-0.6733226776123047,0.11335252148038545,0.14524132708524107,0.09026820358716096,0.607343815286365,-1.1766336925598029,0.16920050503783327
44729,44,0.1016179695725441,0.5644283890724182,0.10016082972288132,0.5610610246658325,-1.1857998371124268,0.13052237033843994,-1.18721604347229,0.1999671459197998,0.15240038931369781,0.12134438008069992,0.010005717165768147,0.01405368372797966,0.9471632242202759,0.78910231590271,0.708376944065094,0.837073802947998,0.17146332561969757,0.09464841336011887,0.0030950764194130898,0.012044192291796207,-10.473154067993164,2.6273345947265625,0.12381061855662998,0.1437595356908069,0.07850186666156354,0.6090358203367437,-1.1766336925598029,0.16920050503788614
44730,44,0.09025938808917999,0.5659486055374146,0.08865917474031448,0.5627923607826233,-1.1106246709823608,0.155061736702919,-1.1337995529174805,0.1338156908750534,0.15123087167739868,0.138274148106575,0.010005023330450058,0.013556346297264099,0.9509866237640381,0.7872616648674011,0.7052454352378845,0.8375658392906189,0.16991762816905975,0.10428605228662491,0.002992844209074974,0.011891401372849941,-12.750007629394531,6.538763046264648,0.14293417458897742,0.14541869677581987,0.06688273139432388,0.6102490576864552,-1.1515988854946375,0.08777576330025526
44731,44,0.07907743006944656,0.568089485168457,0.07750522345304489,0.5638846755027771,-1.1276355981826782,0.25037574768066406,-1.1045705080032349,0.09762588143348694,0.14822489023208618,0.1387304663658142,0.010004418902099133,0.013122073374688625,0.954886794090271,0.7859269976615906,0.7020987868309021,0.8381250500679016,0.167295902967453,0.10822223871946335,0.0030152311082929373,0.011478522792458534,-9.952478408813477,2.3046350479125977,0.1388719161659594,0.13312975420214512,0.055366742539375416,0.611126815319458,-1.151598885494631,0.08777576330025526
44732,44,0.06794995069503784,0.5703315734863281,0.06645310670137405,0.5649380683898926,-1.0936567783355713,0.2095964550971985,-1.0998018980026245,0.12799414992332458,0.1459701955318451,0.13604582846164703,0.010003885254263878,0.012740685604512691,0.9587746858596802,0.7853136658668518,0.6989653706550598,0.8384478688240051,0.1646982729434967,0.10970787703990936,0.002913062460720539,0.010717074386775494,-11.00594711303711,-2.1715712547302246,0.12221016011258283,0.1346078043399312,0.04399877658337197,0.6116497649493343,-1.121265577588303,0.015067415582674975
44733,44,0.05678379535675049,0.5714219212532043,0.055255282670259476,0.5660092234611511,-1.1117554903030396,0.05131050944328308,-1.1107443571090698,0.10295533388853073,0.14310996234416962,0.13425181806087494,0.010003414005041122,0.012405850924551487,0.962534487247467,0.7850524187088013,0.6960349082946777,0.8388628959655762,0.16057956218719482,0.1072559505701065,0.003145736176520586,0.010889261029660702,-10.365913391113281,6.072080135345459,0.12497360298839075,0.12863735196216403,0.032786120807488175,0.6118004391051611,-1.121265577588303,0.015067415582674975
44734,44,0.04642787203192711,0.5731000900268555,0.04490646347403526,0.5675958395004272,-1.0154536962509155,0.20963767170906067,-1.0124927759170532,0.16580483317375183,0.14109380543231964,0.1442207545042038,0.010002999566495419,0.012112177908420563,0.9661487340927124,0.7840560078620911,0.6931599378585815,0.8391484618186951,0.15760812163352966,0.1127869039773941,0.003122352296486497,0.010113485157489777,-8.679132461547852,-1.9641566276550293,0.14714620364541225,0.1308342104940315,0.02171171216944745,0.6117028321673629,-1.0856337688408215,-0.04892453811485471
44735,44,0.036216262727975845,0.5740431547164917,0.03453284502029419,0.5687776803970337,-1.0008444786071777,0.04071250185370445,-1.0274419784545898,0.10179454833269119,0.1367846578359604,0.1402159333229065,0.01000263448804617,0.011854691430926323,0.9697732925415039,0.7837663888931274,0.6903261542320251,0.8392345309257507,0.1539153754711151,0.1142214983701706,0.0030230185948312283,0.0098981698974967,-11.911087989807129,0.8745288848876953,0.11982457093113366,0.11467666270802128,0.01085537448103719,0.6112135867862144,-1.0856337688408215,-0.04892453811485471
44736,44,0.026066407561302185,0.5744093060493469,0.02449457347393036,0.5695702433586121,-1.0206730365753174,0.03172031790018082,-0.9795601963996887,0.05931583046913147,0.1325739324092865,0.1421227902173996,0.01000231597572565,0.011629028245806694,0.9734908938407898,0.7836517691612244,0.6874896287918091,0.8392910361289978,0.14929425716400146,0.11484897136688232,0.0029996572993695736,0.00958807859569788,-10.571645736694336,-0.17518281936645508,0.14271079231786743,0.1107095850114653,0.00011691116769110225,0.6105651544329017,-1.0447034592521818,-0.10420009779233382
44737,44,0.0159636028110981,0.574535608291626,0.014894392341375351,0.5699421763420105,-1.0065820217132568,-0.007769168354570866,-0.9500128626823425,0.01261184923350811,0.12932156026363373,0.14209362864494324,0.010002035647630692,0.011430383659899235,0.9770386815071106,0.7835574746131897,0.6848283410072327,0.8393682241439819,0.1440986692905426,0.1148328185081482,0.0032627196051180363,0.009589101187884808,-8.364649772644043,2.156074047088623,0.14194559223745135,0.11236157923526582,-0.010330123424831429,0.6095231534549783,-1.0447034592521813,-0.10420009779233382
44738,44,0.006556889042258263,0.5748528242111206,0.005774677265435457,0.5701465606689453,-0.9096012711524963,0.040198616683483124,-0.9036626219749451,0.008175519295036793,0.12607286870479584,0.14514608681201935,0.010001788847148418,0.011256057769060135,0.9803722500801086,0.7832606434822083,0.6822828650474548,0.8394879102706909,0.14005427062511444,0.11605381220579147,0.0031681498512625694,0.009497124701738358,-10.009522438049316,3.224806785583496,0.14603451782870616,0.10900019941815833,-0.020690253406756197,0.6083936268383116,-0.9984746488223865,-0.15075926344976232
44739,44,-0.0025746922474354506,0.5753377676010132,-0.0032898143399506807,0.5701130628585815,-0.910017192363739,0.05706746131181717,-0.9030984044075012,-0.004216822795569897,0.12076341360807419,0.14360855519771576,0.010001573711633682,0.011103129014372826,0.98381108045578,0.7832334041595459,0.6797040104866028,0.8393049836158752,0.13504308462142944,0.11877120286226273,0.0031525571830570698,0.008700486272573471,-8.044132232666016,-5.852352142333984,0.1358303971648668,0.09255238361652998,-0.030674999894980744,0.6068860342038136,-0.9984746488223865,-0.1507592634498152
44740,44,-0.011755821295082569,0.5743795037269592,-0.012640138156712055,0.5695365071296692,-0.8970681428909302,-0.17570020258426666,-0.9293879270553589,-0.08023565262556076,0.11598353087902069,0.14134852588176727,0.010001384653151035,0.010968989692628384,0.9871662855148315,0.7837872505187988,0.6773056983947754,0.8389868140220642,0.1290178894996643,0.11823780089616776,0.003258818294852972,0.008752302266657352,-9.778031349182129,1.1331510543823242,0.12984855177260957,0.09023832276423394,-0.04061440853875252,0.6053451444759532,-0.9511215434480615,-0.1855364080125649
44741,44,-0.02035435475409031,0.5731642246246338,-0.0213724747300148,0.5687713027000427,-0.8512056469917297,-0.11064279079437256,-0.8469260334968567,-0.10097895562648773,0.11147382855415344,0.15834960341453552,0.01000121608376503,0.01085106935352087,0.9904062151908875,0.7833824753761292,0.6749704480171204,0.8387721180915833,0.12362567335367203,0.12497972697019577,0.0032422395888715982,0.008752302266657352,-9.33825969696045,2.766902446746826,0.16348978081134888,0.08695271547519319,-0.050083881914267506,0.6034591241250814,-0.9469473375514328,-0.1886020350871931
44742,44,-0.02873719297349453,0.5724111199378967,-0.02954610250890255,0.5676582455635071,-0.8385336995124817,-0.056873880326747894,-0.8036592602729797,-0.12218989431858063,0.10625633597373962,0.1574363112449646,0.01000106893479824,0.01074752677232027,0.9935451745986938,0.7831711173057556,0.672808825969696,0.8386092185974121,0.11695080995559692,0.12827008962631226,0.0035233907401561737,0.008686265908181667,-4.576254844665527,0.29561519622802734,0.15295786412876328,0.07754748124658482,-0.059553355289782485,0.6015731037742095,-0.9217848711986492,-0.2014991934301282
44743,44,-0.036366794258356094,0.5718746185302734,-0.03729816526174545,0.5665857195854187,-0.7132189273834229,-0.05852571129798889,-0.7617172598838806,-0.09960184246301651,0.10132022202014923,0.15493057668209076,0.010000938549637794,0.010656634345650673,0.9965851306915283,0.7835082411766052,0.6706403493881226,0.8382692337036133,0.11209424585103989,0.1295536309480667,0.0031847187783569098,0.008343377150595188,-10.503206253051758,-1.55714750289917,0.14259092997342304,0.07380179913808124,-0.06846139646755427,0.5993993183111417,-0.8901215254393259,-0.21772841270457324
44744,44,-0.04433632642030716,0.5704815983772278,-0.045220162719488144,0.5651118755340576,-0.8235963582992554,-0.16785958409309387,-0.7771017551422119,-0.15497341752052307,0.09387204051017761,0.1524362713098526,0.010000824928283691,0.0105768833309412,0.9998304843902588,0.7841225266456604,0.6684738397598267,0.8380327224731445,0.10468699038028717,0.1272112876176834,0.00332125136628747,0.008554285392165184,-8.311753273010254,2.523674964904785,0.14006408749334112,0.05164143903038601,-0.07736261172194812,0.5972220341840961,-0.8901215254393259,-0.2177284127045204
44745,44,-0.05207105353474617,0.5695640444755554,-0.0523657463490963,0.564016580581665,-0.7640874981880188,-0.06320183724164963,-0.6949976682662964,-0.09757166355848312,0.08983096480369568,0.15441282093524933,0.010000725276768208,0.010506769642233849,1.002953290939331,0.7844457626342773,0.6662912368774414,0.8378068804740906,0.09922444820404053,0.1273399293422699,0.0031398897990584373,0.008364656008780003,-8.902478218078613,0.16658782958984375,0.155020802328761,0.06661048347377982,-0.08571217053969585,0.5948635118543563,-0.8279972124860627,-0.23813839630184996
44746,44,-0.05999937653541565,0.5686020851135254,-0.05948514863848686,0.5629175305366516,-0.8039761781692505,-0.10844802856445312,-0.7183846831321716,-0.10815686732530594,0.08483292907476425,0.15146920084953308,0.010000637732446194,0.010445223189890385,1.005972146987915,0.7848986387252808,0.6641569137573242,0.8375320434570312,0.09353557229042053,0.12686069309711456,0.0033153968397527933,0.008280572481453419,-6.253152847290039,-0.6497383117675781,0.13685284184666738,0.05575524265365381,-0.09399214266455702,0.5924821278913376,-0.8279972124860627,-0.23813839630184996
44747,44,-0.06758465617895126,0.5674665570259094,-0.06667288392782211,0.5619397163391113,-0.729787290096283,-0.12237568944692612,-0.7294132709503174,-0.09759563207626343,0.08140883594751358,0.1497298628091812,0.01000056229531765,0.010391168296337128,1.0088448524475098,0.785564124584198,0.6620334386825562,0.8370876908302307,0.0895346850156784,0.1267739236354828,0.0031077396124601364,0.007990218698978424,-9.291510581970215,-2.2255313396453857,0.14104476347531417,0.06126298465857764,-0.10174083111555553,0.5900085998470851,-0.7605743986916399,-0.24983198587912894
44748,44,-0.07531459629535675,0.5656223893165588,-0.07441522181034088,0.5605193376541138,-0.7881471514701843,-0.21360646188259125,-0.7872211933135986,-0.16239075362682343,0.07677719742059708,0.14824499189853668,0.010000495240092278,0.010343659669160843,1.0116153955459595,0.7863075137138367,0.6600911021232605,0.8367442488670349,0.08388593792915344,0.12469923496246338,0.0035028692800551653,0.008221845142543316,-4.431021213531494,1.7647218704223633,0.14080920352458182,0.0492584843823995,-0.10934657510247245,0.5875102799882936,-0.7605743986916464,-0.24983198587912894
44749,44,-0.0821254625916481,0.5642874836921692,-0.08179458975791931,0.5592691898345947,-0.6355907917022705,-0.10898730903863907,-0.7327752709388733,-0.1278555989265442,0.07416156679391861,0.1522628217935562,0.010000436566770077,0.01030198484659195,1.0140562057495117,0.7866223454475403,0.6583359241485596,0.8364511728286743,0.0800967738032341,0.12572765350341797,0.003430581884458661,0.00815707165747881,-5.846648216247559,1.6163873672485352,0.1535319313567281,0.058438735488572244,-0.11645200517998787,0.58499147738169,-0.6878530840560638,-0.2528091814364102
44750,44,-0.0885009765625,0.5631372332572937,-0.08919664472341537,0.5578116774559021,-0.6343526840209961,-0.11388464272022247,-0.7303115129470825,-0.1506352424621582,0.06856164336204529,0.14951574802398682,0.010000382550060749,0.010265321470797062,1.0166550874710083,0.7870684862136841,0.656495213508606,0.8361244797706604,0.07559278607368469,0.12581750750541687,0.003258818294852972,0.008100420236587524,-7.662090301513672,0.7622432708740234,0.13581620408768996,0.034595850966267716,-0.12333053602054894,0.5824633855673261,-0.6878530840560572,-0.25280918143635733
44751,44,-0.09519842267036438,0.5618333220481873,-0.09630055725574493,0.5562393665313721,-0.6866826415061951,-0.13088104128837585,-0.676621675491333,-0.14921309053897858,0.06366179138422012,0.14697203040122986,0.010000335983932018,0.010233125649392605,1.0193077325820923,0.7876282334327698,0.6547211408615112,0.8359585404396057,0.06990264356136322,0.12294143438339233,0.003420816734433174,0.008319062180817127,-4.898746013641357,3.2294750213623047,0.134199249101951,0.03349660849805661,-0.12975031971785722,0.57996903955053,-0.6098332685793347,-0.24706998297358798
44752,44,-0.10152994096279144,0.561187207698822,-0.10235286504030228,0.5552527904510498,-0.6154133081436157,-0.036853961646556854,-0.5713992714881897,-0.07603929191827774,0.060627032071352005,0.14494839310646057,0.010000293143093586,0.010204847902059555,1.0215058326721191,0.7879366278648376,0.6532832980155945,0.8360028862953186,0.0648561641573906,0.11958015710115433,0.0038404210936278105,0.008504570461809635,0.059685707092285156,3.607296943664551,0.13472843199936743,0.041731324370312066,-0.13584865240365093,0.5774983397207942,-0.6098332685793215,-0.24706998297353513
44753,44,-0.10656492412090302,0.5613497495651245,-0.10747416317462921,0.5550417304039001,-0.4375017285346985,0.03705921024084091,-0.485977441072464,0.005089385434985161,0.05662718042731285,0.14041556417942047,0.01000025775283575,0.010179976001381874,1.02357017993927,0.7882402539253235,0.6518529653549194,0.8359607458114624,0.06164315715432167,0.11749693006277084,0.0034501152113080025,0.008321087807416916,-7.827029228210449,1.9332671165466309,0.11739450167711488,0.031520253115019034,-0.1415404017140188,0.5750981814459677,-0.5265149522614327,-0.2326143904907152
44754,44,-0.11196395754814148,0.5610910654067993,-0.11263547837734222,0.554722011089325,-0.5773051381111145,-0.036224041134119034,-0.4960596561431885,-0.0252974983304739,0.050300370901823044,0.1340930014848709,0.010000229813158512,0.010158133693039417,1.0257443189620972,0.7887688875198364,0.6506437659263611,0.8359724283218384,0.05450839549303055,0.11296188831329346,0.004116988740861416,0.008312984369695187,2.2353363037109375,-0.36754846572875977,0.10155860011110443,0.0035683709023604793,-0.14680555123663355,0.5727720375410604,-0.5265149522614327,-0.2326143904907152
44755,44,-0.11604665964841843,0.5609719157218933,-0.11673249304294586,0.5550500750541687,-0.3140183091163635,-0.02155078761279583,-0.3771100342273712,0.04132252186536789,0.04686747491359711,0.13001655042171478,0.010000204667448997,0.010138940066099167,1.0272376537322998,0.7891578674316406,0.6499804854393005,0.8361679315567017,0.04930674284696579,0.10730017721652985,0.0043892269022762775,0.00877364445477724,-1.0388362407684326,7.594752311706543,0.10878487202767463,0.024699036947795266,-0.1517268781533339,0.5705357981603627,-0.43789813510238434,-0.20944240398784464
44756,44,-0.1185380220413208,0.5618237257003784,-0.11989158391952515,0.5557715892791748,-0.21323706209659576,0.1382068693637848,-0.27666181325912476,0.08057263493537903,0.04197433963418007,0.12566685676574707,0.01540999487042427,0.010122078470885754,1.028753399848938,0.7892630696296692,0.6489701271057129,0.8364002704620361,0.04548989608883858,0.10376525670289993,0.00644865445792675,0.008594880811870098,-6.750130653381348,3.8460612297058105,0.10278272445750304,-0.016187729900031825,-0.15610585950435865,0.5684413741204842,-0.43789813510239756,-0.2094424039877918
44757,44,-0.12179809808731079,0.5625742673873901,-0.12283677607774734,0.5562267899513245,-0.37095052003860474,0.07103880494832993,-0.26531368494033813,0.05848849192261696,0.037786245346069336,0.11741067469120026,0.03248525783419609,0.01010728720575571,1.0304464101791382,0.7896137833595276,0.6473557949066162,0.8366079926490784,0.04137549176812172,0.09860402345657349,0.014105173759162426,0.008525874465703964,-5.2773356437683105,2.3359084129333496,0.07320257846694347,-0.035372752279383815,-0.16021437602066105,0.5664387847860761,-0.3439828171021762,-0.17755402346492352
44758,44,-0.12567035853862762,0.5632069706916809,-0.12514545023441315,0.5570193529129028,-0.4056832790374756,0.05688854306936264,-0.20925915241241455,0.09229137748479843,0.03417650982737541,0.11132854223251343,0.02997332252562046,0.010094271041452885,1.0320470333099365,0.7899755239486694,0.6464243531227112,0.8368972539901733,0.03740019351243973,0.09244785457849503,0.013514742255210876,0.008676107972860336,-2.140018939971924,4.417819976806641,0.07826740382922102,-0.012912359960234161,-0.16365420419168317,0.5646632445514271,-0.3439828171021762,-0.17755402346487065
44759,44,-0.12911352515220642,0.5642523765563965,-0.12705287337303162,0.558314323425293,-0.3164413571357727,0.11636234074831009,-0.2148108333349228,0.13523586094379425,0.031063364818692207,0.10586357861757278,0.027427297085523605,0.01008283719420433,1.0332412719726562,0.7899844646453857,0.6459551453590393,0.83746737241745,0.03321998193860054,0.08585762977600098,0.012913043610751629,0.009090089239180088,1.9707775115966797,8.923454284667969,0.07572126154504338,-0.007289304701366836,-0.16690752230085934,0.5629640364154687,-0.2447689982608348,-0.13694924892189891
44760,44,-0.13096465170383453,0.5665034651756287,-0.12907734513282776,0.5602801442146301,-0.12126804888248444,0.2669331431388855,-0.22821132838726044,0.21455873548984528,0.028368959203362465,0.09919683635234833,0.026419341564178467,0.010072781704366207,1.0341581106185913,0.7898178100585938,0.6455933451652527,0.8379821181297302,0.03048171103000641,0.08139976114034653,0.012241916730999947,0.008821421302855015,-1.443476676940918,3.870422840118408,0.061917238532729124,-0.019489473467306936,-0.16935521228346784,0.5615945439262496,-0.2447689982608348,-0.13694924892189891
44761,44,-0.13257119059562683,0.5683338046073914,-0.13200639188289642,0.5620729923248291,-0.1542438417673111,0.1573677361011505,-0.2997496724128723,0.18288150429725647,0.026041468605399132,0.08922770619392395,0.04675368219614029,0.010063973255455494,1.0349304676055908,0.7900694012641907,0.644568681716919,0.838445782661438,0.028042083606123924,0.07455049455165863,0.021331587806344032,0.00885395985096693,-2.5709664821624756,5.546050071716309,0.03205254902428785,-0.05058960583818311,-0.1717109439787879,0.5602684481409016,-0.14872317780618385,-0.09162356755906952
44762,44,-0.13411769270896912,0.5700037479400635,-0.1347513049840927,0.5640081763267517,-0.16362431645393372,0.1722983419895172,-0.2416086047887802,0.19905811548233032,0.02401745691895485,0.08246118575334549,0.046659376472234726,0.010056219063699245,1.0355942249298096,0.7902293801307678,0.6441894769668579,0.8389818668365479,0.025874655693769455,0.06779973208904266,0.021861353889107704,0.008912954479455948,0.8769369125366211,5.919499397277832,0.042895286863843515,-0.04604613909681987,-0.17311351076457113,0.5593921673373128,-0.1402566785783073,-0.08762808035882373
44763,44,-0.1352922022342682,0.5719568133354187,-0.13648703694343567,0.5662069320678711,-0.09730368107557297,0.1981300413608551,-0.12778125703334808,0.22138868272304535,0.02225470542907715,0.07566821575164795,0.0464591383934021,0.010049392469227314,1.0361851453781128,0.790090024471283,0.6439260840415955,0.8397387266159058,0.024263545870780945,0.0608275905251503,0.02158132754266262,0.009453202597796917,-2.4195313453674316,12.870767593383789,0.03533349047994009,-0.04515916493553607,-0.17451607755035436,0.5585158865337241,-0.09165460465575853,0.22139257817836247
44764,44,-0.13639424741268158,0.5749949216842651,-0.13713338971138,0.5687677264213562,-0.13093942403793335,0.3614896535873413,-0.028412647545337677,0.27711716294288635,0.020719898864626884,0.07051549106836319,0.05300828814506531,0.010043397545814514,1.0365186929702759,0.7891402840614319,0.6436908841133118,0.8410729765892029,0.02183809131383896,0.05377565324306488,0.025433968752622604,0.010115536861121655,4.727487564086914,16.876922607421875,0.039441514087275364,-0.05418536818776985,-0.17483422086211478,0.5645345636821302,-0.030495883183302375,0.6102506424417637
44765,44,-0.13627831637859344,0.5803093910217285,-0.13647902011871338,0.5728470087051392,0.07721230387687683,0.6186878681182861,0.09282679110765457,0.48972994089126587,0.019383499398827553,0.06357329338788986,0.05237354710698128,0.010038134641945362,1.0366488695144653,0.7876953482627869,0.6438027620315552,0.8425679802894592,0.02063521184027195,0.048511750996112823,0.025038423016667366,0.01009398978203535,0.7017946243286133,12.718761444091797,0.02097921137288944,-0.04832073269588028,-0.17513917969394777,0.5706370701065473,-0.030495883183302375,0.6102506424417637
44766,44,-0.13605238497257233,0.5861408114433289,-0.13598188757896423,0.5779856443405151,0.023832442238926888,0.6002885103225708,0.05687656253576279,0.5738846659660339,0.018218418583273888,0.056196656078100204,0.0745081827044487,0.017269032076001167,1.0367437601089478,0.7864189147949219,0.643225371837616,0.8434851169586182,0.019365854561328888,0.043405137956142426,0.034906189888715744,0.015762489289045334,1.3775134086608887,6.489260196685791,-0.018353495479466977,-0.07910921493706098,-0.1744246468818071,0.5756219267503669,0.08431328740960922,0.4843874781065452
44767,44,-0.13592010736465454,0.5913606286048889,-0.13554871082305908,0.583772599697113,0.022623851895332336,0.4839784801006317,0.05345496907830238,0.5902795791625977,0.01720019429922104,0.04993302375078201,0.07395406812429428,0.01762891188263893,1.036641240119934,0.785263180732727,0.643398642539978,0.8447876572608948,0.018128108233213425,0.038033850491046906,0.03574353829026222,0.016492391005158424,2.5428199768066406,10.257644653320312,-0.017682183289417036,-0.07061841533592123,-0.17358151400771096,0.5804658015314326,0.08431328740960922,0.4843874781065981
44768,44,-0.1350535899400711,0.5967034101486206,-0.13452452421188354,0.5899877548217773,0.11732229590415955,0.5474712252616882,0.1200016587972641,0.6215682029724121,0.01630910113453865,0.04458590969443321,0.07308372855186462,0.01668374054133892,1.036604642868042,0.7840308547019958,0.6436180472373962,0.8461114764213562,0.01764390617609024,0.03411046415567398,0.034682244062423706,0.015530246309936047,-1.7496752738952637,8.856021881103516,-0.003040800341265276,-0.06784476260692585,-0.1717943122620907,0.584353132857893,0.20412080807174518,0.362996864393302
44769,44,-0.1345963478088379,0.601655900478363,-0.1336323618888855,0.5956816673278809,0.010196620598435402,0.47239360213279724,0.08449237048625946,0.5438167452812195,0.01553109660744667,0.04001849144697189,0.07910240441560745,0.016619620844721794,1.036636471748352,0.7829321622848511,0.6435308456420898,0.8472836017608643,0.016689619049429893,0.030566709116101265,0.03766840323805809,0.01528135221451521,1.511228084564209,7.278742790222168,-0.01616474408795736,-0.0803941381808077,-0.16975310418137313,0.5879831015018259,0.20412080807174518,0.36299686439324913
44770,44,-0.13423532247543335,0.6061381697654724,-0.13274291157722473,0.6009443998336792,0.05018710345029831,0.4188894033432007,0.07960904389619827,0.49913209676742554,0.014851095154881477,0.03610096871852875,0.07637450098991394,0.01580355316400528,1.0364906787872314,0.7818793654441833,0.6438324451446533,0.8484214544296265,0.015772085636854172,0.027366966009140015,0.037155259400606155,0.01465454138815403,2.740776538848877,9.61507797241211,-0.009373852701207733,-0.06008519416596794,-0.16685324670172053,0.5908086879159009,0.32892667880310555,0.24607880130187548
44771,44,-0.1332474797964096,0.6104544997215271,-0.1318807750940323,0.6057589054107666,0.12536977231502533,0.4245941638946533,0.07874821871519089,0.45054736733436584,0.01425548642873764,0.03272457793354988,0.07415387779474258,0.01508928183466196,1.0363538265228271,0.7809435725212097,0.6441483497619629,0.8493605852127075,0.015350447967648506,0.025229301303625107,0.03578304499387741,0.01368500106036663,-0.02087116241455078,7.206330299377441,-0.005648559307680101,-0.06081385683325898,-0.16356397991368923,0.5932694759289199,0.32892667880310555,0.24607880130187548
44772,44,-0.13248950242996216,0.6138951778411865,-0.13149505853652954,0.6095312833786011,0.060280632227659225,0.3011898994445801,0.03189930319786072,0.33616042137145996,0.013733777217566967,0.029808463528752327,0.073063924908638,0.014690629206597805,1.036061406135559,0.780070960521698,0.6445469260215759,0.8503329157829285,0.014422928914427757,0.02238837443292141,0.03591360151767731,0.013580931350588799,3.3274412155151367,12.200202941894531,-0.011845397526891649,-0.06648722249459497,-0.15951147989944855,0.5950690978355871,0.45873089960370345,0.1336332888324243
44773,44,-0.13100694119930267,0.6176848411560059,-0.13059115409851074,0.6131011247634888,0.17964081466197968,0.39714694023132324,0.10312467068433762,0.34035995602607727,0.013276476413011551,0.027283433824777603,0.06973104178905487,0.014114734716713428,1.0358092784881592,0.7791288495063782,0.6449782252311707,0.8511844277381897,0.01427716389298439,0.02082774229347706,0.03391590341925621,0.012811603955924511,-0.7366156578063965,9.211761474609375,0.0021067567356041483,-0.04951388159177923,-0.1549241709034112,0.5964054307239117,0.45873089960370345,0.1336332888324772
44774,44,-0.12999297678470612,0.6208782196044922,-0.12987695634365082,0.615910530090332,0.0707830935716629,0.2865256667137146,0.08005090802907944,0.26269468665122986,0.01287600677460432,0.025095852091908455,0.06840022653341293,0.018050003796815872,1.0352630615234375,0.7783585786819458,0.6456125974655151,0.8516654372215271,0.012879570946097374,0.019192492589354515,0.034727487713098526,0.015791278332471848,10.357866287231445,6.780381202697754,-0.01865664985613602,-0.060266214726579746,-0.14967904155403067,0.5972148685281453,0.5935334704735258,0.025660326984948478
44775,44,-0.12739916145801544,0.6236351728439331,-0.12827080488204956,0.6188498735427856,0.36781176924705505,0.23214787244796753,0.19225762784481049,0.2775323688983917,0.012524627149105072,0.023194115608930588,0.06364496797323227,0.017053494229912758,1.034623622894287,0.777969479560852,0.6464501023292542,0.8520708680152893,0.013159086927771568,0.018431492149829865,0.0315873883664608,0.014819742180407047,-3.2146811485290527,9.403595924377441,-0.008405144141898885,-0.034369830584045545,-0.14374370684929488,0.5974714717979945,0.5935334704735258,0.025660326984948478
44776,44,-0.1253376603126526,0.6250747442245483,-0.12659069895744324,0.6205731630325317,0.1370956003665924,0.11073902249336243,0.20687095820903778,0.1267940104007721,0.012216662056744099,0.02154090441763401,0.07000423222780228,0.01618313230574131,1.0338696241378784,0.7775656580924988,0.647029459476471,0.8526743650436401,0.012015077285468578,0.016402436420321465,0.03563463315367699,0.01443983893841505,7.142333984375,12.765483856201172,-0.006578486606150832,-0.07135360761670625,-0.13726596136421812,0.5973265059047701,0.7333343914125989,-0.07784008424065775
44777,44,-0.12225418537855148,0.6272597312927246,-0.1231733113527298,0.6224530935287476,0.37954604625701904,0.24411460757255554,0.3881462812423706,0.18520359694957733,0.011946289800107479,0.02009970135986805,0.0638827458024025,0.015421302057802677,1.0327445268630981,0.7769994139671326,0.6483295559883118,0.8531835079193115,0.011281833983957767,0.015610107220709324,0.03378196433186531,0.013532599434256554,7.453408241271973,9.282663345336914,0.006626363657752016,-0.026294395889858425,-0.12993261745009166,0.5965481050623632,0.7333343914125989,-0.07784008424071062
44778,44,-0.11802753806114197,0.629070520401001,-0.11916421353816986,0.6239440441131592,0.47617173194885254,0.14596793055534363,0.429893434047699,0.13410010933876038,0.011709119193255901,0.018843313679099083,0.06241815537214279,0.019836537539958954,1.0312225818634033,0.7766834497451782,0.6499053835868835,0.8532378077507019,0.010394910350441933,0.014786899089813232,0.033733390271663666,0.016891391947865486,8.512544631958008,9.820528030395508,-0.020512630920214693,-0.053326777471981605,-0.12218226902876798,0.5954845158766563,0.8781336624208899,-0.1768679448443415
44779,44,-0.11244995892047882,0.6302855014801025,-0.11431499570608139,0.6251600384712219,0.6250553131103516,0.09774105250835419,0.5382703542709351,0.10640765726566315,0.011500895954668522,0.017746223136782646,0.06189201772212982,0.019067520275712013,1.0294984579086304,0.7766097784042358,0.6516038775444031,0.8533771634101868,0.0100929643958807,0.0143553102388978,0.03354513645172119,0.01618526130914688,3.3712172508239746,9.663286209106445,-0.01365666016052883,-0.05861871959902504,-0.11340093240455851,0.5937158364282126,0.8781336624208832,-0.1768679448443415
44780,44,-0.10655787587165833,0.6306654810905457,-0.1085900291800499,0.6256882548332214,0.5897966027259827,0.010423114523291588,0.6272078156471252,0.02797219343483448,0.011318311095237732,0.016788823530077934,0.07172123342752457,0.018378684297204018,1.0274577140808105,0.7767079472541809,0.6532360315322876,0.8534607291221619,0.009034073911607265,0.013683950528502464,0.03974048048257828,0.015456813387572765,10.06059455871582,8.578594207763672,-0.013515776700614095,-0.0738182994448412,-0.10433799424643149,0.5917694043549984,1.0279312834984118,-0.27142325482615565
44781,44,-0.09933246672153473,0.630717933177948,-0.10134101659059525,0.6260228753089905,0.8003996014595032,-0.02280416339635849,0.7813680768013,0.009840771555900574,0.011157778091728687,0.0159505195915699,0.06999379396438599,0.017339907586574554,1.0251078605651855,0.7771252989768982,0.6554815769195557,0.8532515168190002,0.008594880811870098,0.013802826404571533,0.03977590799331665,0.014093575067818165,6.809835433959961,6.412239074707031,-0.007438716505939488,-0.05950504942565294,-0.09405868141144665,0.5890551718067372,1.0279312834984118,-0.2714232548261028
44782,44,-0.09138438105583191,0.6294750571250916,-0.09331449866294861,0.6253164410591125,0.8187564611434937,-0.18272924423217773,0.8456194400787354,-0.11912855505943298,0.011016836389899254,0.015217207372188568,0.08187154680490494,0.01643219031393528,1.0223296880722046,0.7780646085739136,0.6577113270759583,0.8527094125747681,0.007351981941610575,0.013949182815849781,0.04774755612015724,0.012719636783003807,13.535516738891602,2.9364919662475586,-0.009035643222827025,-0.08440150214485284,-0.08364316671596467,0.5862616772509915,1.1701872978805388,-0.35420844759397646
44783,44,-0.08172275125980377,0.6267942786216736,-0.08404408395290375,0.6236388683319092,1.0613985061645508,-0.3468376398086548,0.9821358323097229,-0.22813580930233002,0.010893120430409908,0.014575586654245853,0.0814562514424324,0.015638699755072594,1.0193339586257935,0.7795179486274719,0.6604511141777039,0.8518486618995667,0.007649052422493696,0.013638739474117756,0.047455813735723495,0.012118048034608364,1.2096071243286133,10.330513000488281,0.009272181924220305,-0.07900528759822563,-0.07181589416951215,0.5826466171091319,1.1827272546451713,-0.3615060141859945
44784,44,-0.0722147673368454,0.6231536865234375,-0.07399062812328339,0.620280921459198,0.8986817598342896,-0.368656188249588,1.0475168228149414,-0.40581217408180237,0.01078461017459631,0.028780272230505943,0.10490585118532181,0.014945274218916893,1.0162774324417114,0.779244601726532,0.662505030632019,0.8509873747825623,0.006724727340042591,0.023875180631875992,0.06140197068452835,0.011373933404684067,10.733892440795898,7.588629722595215,0.03106462355072029,-0.11063562625780057,-0.05998862162305963,0.5790315569672722,1.2534841709393147,-0.3994142097181926
44785,44,-0.06200791895389557,0.6195207238197327,-0.06274770200252533,0.6160786747932434,1.0762195587158203,-0.3823551535606384,1.1487520933151245,-0.45498257875442505,0.010689334943890572,0.03129684180021286,0.10081739723682404,0.014338362962007523,1.0126208066940308,0.7800335884094238,0.6658368110656738,0.8500803709030151,0.005727147217839956,0.02718401700258255,0.06281200051307678,0.010897514410316944,15.521354675292969,8.694829940795898,0.03172517240643139,-0.07791939632388128,-0.046582600377504634,0.5745706782465901,1.3425215758611548,-0.447116222923858
44786,44,-0.04977203160524368,0.6158850789070129,-0.05075705796480179,0.6115684509277344,1.3195581436157227,-0.3773515522480011,1.214968204498291,-0.46776720881462097,0.01060557086020708,0.031273532658815384,0.1003221794962883,0.01380624808371067,1.0085335969924927,0.781411349773407,0.6695958375930786,0.8490819334983826,0.005227177403867245,0.027935314923524857,0.06368038803339005,0.01035276334732771,11.755779266357422,9.085512161254883,0.031115193995974497,-0.09753632071808879,-0.03315738461889377,0.5700995160173519,1.3425215758611548,-0.44711622292391084
44787,44,-0.036380428820848465,0.6117509007453918,-0.03848593682050705,0.6066192388534546,1.3697726726531982,-0.43439429998397827,1.263581395149231,-0.501355767250061,0.010532020591199398,0.030627356842160225,0.12230648845434189,0.013340170495212078,1.0040912628173828,0.7831531167030334,0.6728641390800476,0.8479102253913879,0.004544765688478947,0.02821672521531582,0.07783277332782745,0.009593190625309944,14.24530029296875,5.436086654663086,0.026233089494897416,-0.12810170934353715,-0.018268829734183978,0.5649078611303084,1.5073142471463747,-0.5282538810399047
44788,44,-0.022105669602751732,0.6067647337913513,-0.025191655382514,0.6015229225158691,1.4684678316116333,-0.5466312766075134,1.3943791389465332,-0.5192690491676331,0.010467413812875748,0.031332772225141525,0.12957561016082764,0.012931624427437782,0.9994252920150757,0.7851654887199402,0.6766124367713928,0.8464818596839905,0.004544765688478947,0.02921268343925476,0.08421581983566284,0.009050367400050163,11.014671325683594,6.5218305587768555,0.03145026878922906,-0.1316071144938568,-0.0031956872627191997,0.5596253223199097,1.5073142471463747,-0.5282538810398518
44789,44,-0.007614521309733391,0.6008681654930115,-0.010647214949131012,0.5959848165512085,1.4448331594467163,-0.6165058016777039,1.5113214254379272,-0.5784977078437805,0.010410638526082039,0.04335770010948181,0.13886719942092896,0.012573267333209515,0.994413435459137,0.786035418510437,0.6806530952453613,0.8450231552124023,0.003587908111512661,0.03801931440830231,0.09361882507801056,0.008712676353752613,19.50301742553711,6.664557456970215,0.045424326651581595,-0.14152930494721275,0.01316738312332144,0.553738671671479,1.671013178378492,-0.6049189885339232
44790,44,0.008518914692103863,0.5950300693511963,0.005601819138973951,0.5904427766799927,1.6991806030273438,-0.5920001864433289,1.6778686046600342,-0.5741721987724304,0.010360749438405037,0.05281941220164299,0.13787679374217987,0.01225888729095459,0.988978922367096,0.7870963215827942,0.6853521466255188,0.8433562517166138,0.0033720002975314856,0.047170788049697876,0.09558238089084625,0.008197552524507046,16.13355827331543,5.285186767578125,0.05453668856397516,-0.13279629641660695,0.029877514907105517,0.5476894817861404,1.6710131783784947,-0.6049189885339232
44791,44,0.025506973266601562,0.5884820818901062,0.02257990837097168,0.5840506553649902,1.7235788106918335,-0.6822987198829651,1.7372545003890991,-0.6703139543533325,0.010316937230527401,0.052216775715351105,0.16025806963443756,0.011983218602836132,0.9833064079284668,0.7894136905670166,0.6895275712013245,0.8415662050247192,0.0029597580432891846,0.04894908517599106,0.1113789901137352,0.007833661511540413,16.490888595581055,4.257247447967529,0.04836757748137077,-0.16711252011378902,0.04753869948100975,0.5411436157813001,1.8092500090681705,-0.6771115454060722
44792,44,0.043030161410570145,0.5813235640525818,0.04037097841501236,0.5769768953323364,1.7698460817337036,-0.7432495951652527,1.812247633934021,-0.7360860705375671,0.010278463363647461,0.0590604692697525,0.1659240871667862,0.011741427704691887,0.9772699475288391,0.7912939190864563,0.6943231225013733,0.8398703336715698,0.0025139322970062494,0.053339213132858276,0.11965051293373108,0.007872027345001698,18.542909622192383,8.7776517868042,0.06038390988011738,-0.16776088370499023,0.06563119957169267,0.5343725003272393,1.8092500090681605,-0.6771115454060722
44793,44,0.06155887618660927,0.5746640563011169,0.059253428131341934,0.5698731541633606,1.8884376287460327,-0.6356221437454224,1.9195549488067627,-0.7122799158096313,0.010244638659060001,0.06688641011714935,0.17012007534503937,0.011529100127518177,0.9710422158241272,0.7928174734115601,0.6994019150733948,0.838097870349884,0.0022659588139504194,0.06065836176276207,0.1254083514213562,0.007423421833664179,19.678897857666016,3.913722038269043,0.06842256764132155,-0.17148137186339943,0.08435098077099266,0.5272031993709616,1.9159326490930595,-0.7448315516562987
44794,44,0.08059512078762054,0.5676649212837219,0.07842991501092911,0.5625029802322388,1.93035089969635,-0.7271019220352173,1.9330757856369019,-0.7368614077568054,0.010214936919510365,0.06447209417819977,0.18284478783607483,0.011342840269207954,0.9646462202072144,0.7953782081604004,0.7043114304542542,0.836262047290802,0.00217309407889843,0.06095661595463753,0.1360946148633957,0.007326836232095957,17.07418441772461,6.250932216644287,0.04960265094921659,-0.1871698518639568,0.10351030726192463,0.5197548838543987,1.9159326490930595,-0.7448315516562987
44795,44,0.0997885912656784,0.5604648590087891,0.09790538996458054,0.555098831653595,1.9083565473556519,-0.7145217657089233,1.960374355316162,-0.7380812764167786,0.010188902728259563,0.06394780427217484,0.1892622411251068,0.011179718188941479,0.9582173824310303,0.7980722188949585,0.7093381285667419,0.8344407081604004,0.002049380913376808,0.06046242266893387,0.1438877284526825,0.007087680511176586,19.820987701416016,4.100527763366699,0.0606956368633622,-0.19162862049431612,0.12303625156129333,0.5119979283516625,1.9910610984531982,-0.8080790072846027
44796,44,0.11903363466262817,0.553175151348114,0.11758805811405182,0.5477754473686218,1.9346476793289185,-0.7439861297607422,1.967763066291809,-0.7305630445480347,0.010165984742343426,0.06283256411552429,0.18868432939052582,0.01103620883077383,0.9518001079559326,0.800973653793335,0.7145599126815796,0.8323939442634583,0.002144088037312031,0.06079535186290741,0.14611582458019257,0.006616631522774696,18.86676788330078,1.311020851135254,0.05591620340399238,-0.18603202120465767,0.1429468625458266,0.5039171382788165,1.9910610984531851,-0.8080790072846027
44797,44,0.13806869089603424,0.5449875593185425,0.13694992661476135,0.5400919914245605,1.8947243690490723,-0.8601875305175781,1.9250026941299438,-0.7887088060379028,0.010145858861505985,0.062045369297266006,0.18845969438552856,0.01091029029339552,0.9454347491264343,0.8042171001434326,0.7197609543800354,0.8301281929016113,0.002121854340657592,0.060974087566137314,0.14817631244659424,0.006279888562858105,19.132108688354492,1.0732603073120117,0.05714627719039843,-0.18742657201114368,0.16302653641995504,0.49560830863459326,2.034635357148537,-0.8668539122909842
44798,44,0.1569860428571701,0.5359931588172913,0.15607115626335144,0.5318793058395386,1.8866478204727173,-0.9328076839447021,1.8976410627365112,-0.8553391695022583,0.010128138586878777,0.07073414325714111,0.18657320737838745,0.010799487121403217,0.9390669465065002,0.8068464398384094,0.7249714732170105,0.8276280164718628,0.002088994486257434,0.06825049966573715,0.1491089016199112,0.005878301337361336,19.73029136657715,0.163726806640625,0.07245363732111007,-0.1779093968110973,0.18337288999144177,0.48693976951168344,2.0346353571485243,-0.8668539122909842
44799,44,0.17581510543823242,0.5262150168418884,0.17483392357826233,0.5228357315063477,1.8776230812072754,-1.0135799646377563,1.8566306829452515,-0.9487832188606262,0.010112589225172997,0.0804339200258255,0.1841297596693039,0.01070229709148407,0.9326942563056946,0.8093852996826172,0.7301908135414124,0.824955403804779,0.002069669310003519,0.07762916386127472,0.14930838346481323,0.005677462555468082,19.510311126708984,1.0532808303833008,0.08252804832249319,-0.1728353222586385,0.2037538599150021,0.47811484613095284,2.046655425179096,-0.9211562666754168
44800,44,0.19457228481769562,0.5159816741943359,0.1932886838912964,0.5129222869873047,1.8665356636047363,-1.0344759225845337,1.8313089609146118,-1.032660961151123,0.010098918341100216,0.09202912449836731,0.1811368316411972,0.010616887360811234,0.92637699842453,0.8118250966072083,0.7353527545928955,0.8222099542617798,0.00213635410182178,0.08854898810386658,0.14856566488742828,0.00554241519421339,19.108848571777344,1.1827373504638672,0.09463081437619456,-0.16723852185279076,0.22422041416679456,0.4689032834641985,2.046655425179109,-0.9211562666754433
44801,44,0.21302436292171478,0.5055668354034424,0.21144485473632812,0.5021916627883911,1.8284770250320435,-1.0413166284561157,1.8066538572311401,-1.098647117614746,0.010086922906339169,0.09723643213510513,0.17763526737689972,0.010541964322328568,0.9201571941375732,0.8147527575492859,0.7404279112815857,0.8194485306739807,0.002207910642027855,0.0954955518245697,0.14738288521766663,0.0054422109387815,19.590835571289062,0.5801033973693848,0.0984937473899364,-0.16122854384003804,0.24465024661447587,0.45959804675193267,2.0271213025449013,-0.9709860704379535
44802,44,0.23113764822483063,0.49509599804878235,0.22937074303627014,0.49105340242385864,1.7969321012496948,-1.049867033958435,1.781614899635315,-1.1187251806259155,0.010076373815536499,0.09931780397891998,0.17295168340206146,0.010476102121174335,0.9140665531158447,0.8182168006896973,0.7454118132591248,0.8165441751480103,0.002335652243345976,0.09998045116662979,0.14487533271312714,0.005062917247414589,19.71854019165039,-2.7500927448272705,0.09981623645658627,-0.15084353627691227,0.26492145963992386,0.44988818604755426,2.027121302544888,-0.9709860704379535
44803,44,0.24876266717910767,0.4839327037334442,0.24685485661029816,0.47964438796043396,1.7484667301177979,-1.1502339839935303,1.7356219291687012,-1.144882321357727,0.010067115537822247,0.10101715475320816,0.16739283502101898,0.010418316349387169,0.9080396294593811,0.8220393657684326,0.7503600716590881,0.8135466575622559,0.002353081712499261,0.10260152071714401,0.1419907510280609,0.005022378638386726,19.467853546142578,-0.7592988014221191,0.1014417810808014,-0.14080564396559192,0.2851477210864079,0.4401384164087285,1.9801716321007252,-1.0126689515059053
44804,44,0.26621195673942566,0.4725215435028076,0.26420727372169495,0.46825283765792847,1.7338861227035522,-1.14289128780365,1.7258819341659546,-1.1438028812408447,0.01005898043513298,0.11400728672742844,0.16068409383296967,0.010367567650973797,0.902112603187561,0.8251118659973145,0.755256712436676,0.8104062080383301,0.002449955092743039,0.11348255723714828,0.13768233358860016,0.004687669686973095,19.698904037475586,-3.341519832611084,0.11741739133396062,-0.1281423087434452,0.3049080509788684,0.4299749831729428,1.9760329892459265,-1.0163433235785675
44805,44,0.28329527378082275,0.4606088697910309,0.28117236495018005,0.4565514624118805,1.6988236904144287,-1.2122206687927246,1.682831048965454,-1.182077169418335,0.010051829740405083,0.11696328967809677,0.15384118258953094,0.010322964750230312,0.8962222337722778,0.8287028074264526,0.7601235508918762,0.8072183132171631,0.002432512352243066,0.11943129450082779,0.1332555115222931,0.00472810585051775,19.303897857666016,-1.4755821228027344,0.11775724102386756,-0.12016400848438519,0.324668380871329,0.4198115499371572,1.9394388932178879,-1.0344470675152517
44806,44,0.3002682030200958,0.4487292170524597,0.29798272252082825,0.44472819566726685,1.688687801361084,-1.1747859716415405,1.6714134216308594,-1.1889911890029907,0.010045542381703854,0.12706860899925232,0.14652368426322937,0.010283753275871277,0.8905547261238098,0.83209627866745,0.7648035883903503,0.8039062023162842,0.0028547169640660286,0.12924787402153015,0.1270493119955063,0.004357748199254274,16.70952796936035,-5.082001686096191,0.1298199634438029,-0.10997727518374209,0.34361221275165504,0.4092441807515622,1.8933904852821848,-1.0572280260972593
44807,44,0.3162999749183655,0.4362626373767853,0.3141191899776459,0.4323517084121704,1.5651185512542725,-1.2693126201629639,1.592694878578186,-1.2489451169967651,0.010040009394288063,0.12686899304389954,0.1393987536430359,0.01024926733225584,0.8849451541900635,0.8360321521759033,0.7694501876831055,0.8007519245147705,0.002512962557375431,0.13122452795505524,0.12273013591766357,0.004817897453904152,19.6993350982666,-0.29503822326660156,0.1258183574950878,-0.10328938230695744,0.3625461176044758,0.398671900490591,1.8933904852821584,-1.0572280260972593
44808,44,0.33258652687072754,0.4246596693992615,0.33037540316581726,0.42042312026023865,1.6391478776931763,-1.115572214126587,1.6122872829437256,-1.1806418895721436,0.010035157203674316,0.13875098526477814,0.12973715364933014,0.010219017043709755,0.8793154358863831,0.8391974568367004,0.7741513252258301,0.7976880073547363,0.002681783400475979,0.14003010094165802,0.11546623706817627,0.004605850670486689,18.768692016601562,-3.191990852355957,0.14216955547903937,-0.07969451485163148,0.38046596952631806,0.38777628469460734,1.7791937906536368,-1.093640177994002
44809,44,0.34859150648117065,0.41321760416030884,0.34600067138671875,0.4085085690021515,1.593217372894287,-1.1379013061523438,1.5461843013763428,-1.1728599071502686,0.010030891746282578,0.13561683893203735,0.12284834682941437,0.01019243337213993,0.8736559748649597,0.8428422212600708,0.7788188457489014,0.7948312163352966,0.0024383263662457466,0.14056387543678284,0.11037024110555649,0.004995689261704683,19.559326171875,0.47626256942749023,0.11948523123905849,-0.08647471429787354,0.3982579074328556,0.3768398829146673,1.7791937906536368,-1.0936401779940284
44810,44,0.364864319562912,0.40277087688446045,0.3616807460784912,0.39743751287460327,1.6323095560073853,-0.9940547347068787,1.5675617456436157,-1.0670503377914429,0.010027144104242325,0.13347646594047546,0.11564810574054718,0.010169078595936298,0.8680562376976013,0.8466561436653137,0.7833673357963562,0.7920692563056946,0.002683725208044052,0.13924540579319,0.10430639982223511,0.0048090144991874695,17.931045532226562,-3.959381580352783,0.12239124545309224,-0.07698202413505181,0.41490134587089567,0.36565180091327015,1.6334429053603086,-1.1255797792688487
44811,44,0.38060104846954346,0.39235228300094604,0.37698501348495483,0.3868193030357361,1.555139183998108,-1.0463440418243408,1.5283633470535278,-1.0313637256622314,0.010023851878941059,0.12781506776809692,0.11033984273672104,0.010148557834327221,0.8626356720924377,0.8507996201515198,0.7877113223075867,0.7892164587974548,0.002775021828711033,0.1360638588666916,0.09981057792901993,0.004652175586670637,17.538143157958984,-5.808889865875244,0.09822862122731463,-0.08139519055105882,0.4312357749245,0.3543960031205816,1.633442905360335,-1.1255797792688487
44812,44,0.3958929479122162,0.38159868121147156,0.39218202233314514,0.3766229748725891,1.519311785697937,-1.086248755455017,1.520877480506897,-1.0069555044174194,0.010020958259701729,0.12387281656265259,0.1041102483868599,0.010130530223250389,0.8572773337364197,0.855055570602417,0.7920011878013611,0.7863695621490479,0.002805144526064396,0.13183268904685974,0.09492040425539017,0.004674851428717375,16.762142181396484,-3.885558843612671,0.10303164850464838,-0.0696556475630207,0.446396542484307,0.3429512353187465,1.4628495935163963,-1.1530468299217465
44813,44,0.4109809994697571,0.37094175815582275,0.4074126183986664,0.3666587471961975,1.4954606294631958,-1.0547585487365723,1.5160555839538574,-0.9965594410896301,0.01001841202378273,0.12111768871545792,0.0980849638581276,0.010114672593772411,0.8520766496658325,0.8592374324798584,0.7961511611938477,0.7833861112594604,0.0029889512807130814,0.1299336552619934,0.08970052003860474,0.004321360029280186,16.82500648498535,-7.80620002746582,0.10646006424592486,-0.06430570302286581,0.4610250384194718,0.33142076701952894,1.4628495935163697,-1.1530468299217729
44814,44,0.4255393445491791,0.35969609022140503,0.422134131193161,0.3562951683998108,1.440874457359314,-1.1601313352584839,1.452152132987976,-1.0548864603042603,0.010016180574893951,0.11760233342647552,0.09275718778371811,0.010100772604346275,0.8472536206245422,0.8636882901191711,0.7999545335769653,0.7801941633224487,0.0036984439939260483,0.1277896612882614,0.08385077118873596,0.004165105056017637,9.786918640136719,-5.407418251037598,0.09869529966818837,-0.062356078156493494,0.4746622531557335,0.31975509382223116,1.2942609115783388,-1.1760413299527748
44815,44,0.43863415718078613,0.3478297293186188,0.43603789806365967,0.3451976180076599,1.2307974100112915,-1.1895031929016113,1.3529791831970215,-1.1366398334503174,0.010014218278229237,0.11679524183273315,0.08735616505146027,0.010088547132909298,0.8429599404335022,0.8680216073989868,0.8033910989761353,0.7770220041275024,0.004045338369905949,0.1261771321296692,0.07881850004196167,0.004139571916311979,11.945905685424805,-5.493053436279297,0.11243769872228418,-0.05615831391374304,0.4876048622715162,0.30799468052270496,1.2942609115783388,-1.1760413299527748
44816,44,0.4505978226661682,0.33608341217041016,0.44913315773010254,0.33372944593429565,1.1544110774993896,-1.1744234561920166,1.2514477968215942,-1.1670591831207275,0.010012494400143623,0.11664634197950363,0.07834549248218536,0.010077809914946556,0.8388004302978516,0.8720768690109253,0.8068953156471252,0.773978054523468,0.0039472514763474464,0.12509265542030334,0.07189486175775528,0.004321360029280186,15.015832901000977,-3.023064136505127,0.11584088585908171,-0.025288815832601036,0.4997673138261391,0.2961438823349199,1.1343886236603054,-1.1945632793618277
44817,44,0.4624427855014801,0.32495445013046265,0.4612366259098053,0.3222200572490692,1.1860039234161377,-1.0874934196472168,1.1460840702056885,-1.1577446460723877,0.01001097820699215,0.11594407260417938,0.06917156279087067,0.010068371891975403,0.8347451686859131,0.8760656118392944,0.8103424906730652,0.7708402872085571,0.004201449453830719,0.12574762105941772,0.06366679817438126,0.0039599984884262085,13.890182495117188,-6.983234882354736,0.11214259080924106,-0.013860156905440374,0.5111112000627431,0.28419824954130163,1.1343886236603318,-1.1945632793618277
44818,44,0.47374555468559265,0.3133435845375061,0.47165122628211975,0.3102338910102844,1.1094385385513306,-1.1931325197219849,0.9859904646873474,-1.2036776542663574,0.010009649209678173,0.11290118098258972,0.062264516949653625,0.01006009615957737,0.8309133648872375,0.8804022669792175,0.813541054725647,0.767593502998352,0.004450238775461912,0.12417697161436081,0.05707087367773056,0.003935486078262329,11.611661911010742,-4.95322322845459,0.09630559699357313,-0.019585653731559627,0.5218686195878874,0.2721981067680047,0.9832327297624018,-1.2086126781489845
44819,44,0.4843860864639282,0.3014700710773468,0.4812423288822174,0.2982536554336548,1.0265352725982666,-1.1835471391677856,0.9441516995429993,-1.1913808584213257,0.010008477605879307,0.11247280240058899,0.055079057812690735,0.010052799247205257,0.8275339603424072,0.8848034739494324,0.8163608312606812,0.7641473412513733,0.005159865599125624,0.12448029220104218,0.04995327442884445,0.003511663991957903,9.231531143188477,-8.759937286376953,0.11013630753670216,-0.009882621930816265,0.531700946885512,0.260111979986515,0.983232729762349,-1.2086126781489845
44820,44,0.4935154318809509,0.28875768184661865,0.49010565876960754,0.28593671321868896,0.8505005240440369,-1.3108201026916504,0.8631725311279297,-1.239707589149475,0.010007449425756931,0.11164910346269608,0.048980992287397385,0.010046392679214478,0.8245397806167603,0.8892706036567688,0.8189113140106201,0.760699987411499,0.005296505056321621,0.12351486086845398,0.04444368556141853,0.0036915938835591078,10.144591331481934,-4.249101638793945,0.10714867750532758,0.0012507812825144349,0.5411230655333389,0.24799827303268007,0.8407932298844696,-1.2181895263141924
44821,44,0.5019370317459106,0.27630752325057983,0.49879297614097595,0.2738274931907654,0.8093669414520264,-1.2212311029434204,0.84166020154953,-1.2161643505096436,0.02489028126001358,0.12304094433784485,0.04379437863826752,0.010040774010121822,0.8200420141220093,0.8926933407783508,0.8211895823478699,0.7572744488716125,0.015931030735373497,0.13185468316078186,0.03956952691078186,0.0035312094260007143,10.908546447753906,-6.294810771942139,0.1262417838875381,0.027333478648318504,0.5495309978321841,0.23581637776953812,0.8407932298844696,-1.2181895263141924
44822,44,0.5096781253814697,0.26394084095954895,0.5066823959350586,0.2614774703979492,0.7552451491355896,-1.2365106344223022,0.7485246062278748,-1.2412843704223633,0.03273779898881912,0.12134300172328949,0.039348334074020386,0.010035832412540913,0.8162499666213989,0.8966254591941833,0.8233674168586731,0.7538515329360962,0.02251066081225872,0.13419675827026367,0.03583693504333496,0.0035683540627360344,11.969764709472656,-6.272106170654297,0.1122671169343864,0.034088424452713276,0.557687546754851,0.22362488704014505,0.7070701240266409,-1.2232938238575042
44823,44,0.5173343420028687,0.2517223358154297,0.5139050483703613,0.24912264943122864,0.768562912940979,-1.215112566947937,0.6969870924949646,-1.2350053787231445,0.040641650557518005,0.12015092372894287,0.035518769174814224,0.010031484998762608,0.8127082586288452,0.900970995426178,0.825380802154541,0.7503473162651062,0.02905900962650776,0.1343890279531479,0.032166801393032074,0.0033280819188803434,8.997335433959961,-8.410306930541992,0.11377555691797098,0.04196751096186643,0.5647582479951174,0.21139194880157008,0.707070124026588,-1.223293823857491
44824,44,0.5243338346481323,0.23901832103729248,0.5203763246536255,0.23645919561386108,0.6730039715766907,-1.288537859916687,0.6334231495857239,-1.2677334547042847,0.04051349684596062,0.11847665160894394,0.032220881432294846,0.010027664713561535,0.8100994229316711,0.9054350852966309,0.8273515701293945,0.7468826770782471,0.02968955785036087,0.13271117210388184,0.029475271701812744,0.0034217932261526585,10.683073997497559,-6.159026622772217,0.10948459126282034,0.039666526174437944,0.5717189583447871,0.19915845470159127,0.5921901535382063,-1.2238743932254816
44825,44,0.5313302874565125,0.22657543420791626,0.5269191265106201,0.22408004105091095,0.6987278461456299,-1.2303669452667236,0.6536378264427185,-1.233500599861145,0.0508219376206398,0.11998122930526733,0.029372161254286766,0.010024309158325195,0.8068923354148865,0.9097110033035278,0.8290163278579712,0.743308961391449,0.03736156225204468,0.13419845700263977,0.026272116228938103,0.003143787384033203,5.135815143585205,-8.05196762084961,0.12038592090795996,0.05270676548870078,0.5775395924666752,0.18691919899380252,0.5820634121888099,-1.2239255707788672
44826,44,0.5370616316795349,0.21365629136562347,0.5328232049942017,0.21126717329025269,0.5150116086006165,-1.3040353059768677,0.5681374073028564,-1.284332513809204,0.05037917196750641,0.11857524514198303,0.026903901249170303,0.01002135593444109,0.8046774864196777,0.914082944393158,0.8306848406791687,0.7397749423980713,0.03762367367744446,0.1335831582546234,0.024748560041189194,0.003209088696166873,12.709465026855469,-8.504853248596191,0.11102963613520239,0.04753714571301672,0.5833602265885632,0.17467994328601377,0.530570066110892,-1.2221639080016775
44827,44,0.5432380437850952,0.20100508630275726,0.5388109087944031,0.19892770051956177,0.6576582789421082,-1.264721393585205,0.5938599109649658,-1.2282521724700928,0.0700579509139061,0.12166225165128708,0.02476440742611885,0.010018764063715935,0.8006729483604431,0.9181602597236633,0.8325043320655823,0.7362744808197021,0.04886486381292343,0.1353892982006073,0.023020777851343155,0.0032071389723569155,11.944921493530273,-6.743379592895508,0.12249475202425619,0.07399469829322805,0.5880319263392185,0.16247999430558743,0.46577309437097664,-1.2199471087084592
44828,44,0.5500624179840088,0.18852290511131287,0.5448378324508667,0.1866045743227005,0.7056297659873962,-1.2358291149139404,0.6177370548248291,-1.2382644414901733,0.06731541454792023,0.12084701657295227,0.022906066849827766,0.010016489773988724,0.7979426383972168,0.9222695231437683,0.8343175053596497,0.7328538298606873,0.05023937299847603,0.13535688817501068,0.021402273327112198,0.003287104656919837,8.486785888671875,-5.337076187133789,0.1164866418553819,0.05054936768826168,0.5926896572829291,0.1502805232185014,0.46577309437097664,-1.2199471087084592
44829,44,0.5568685531616211,0.1763792783021927,0.5511372685432434,0.1741049587726593,0.6669436097145081,-1.189374327659607,0.646996259689331,-1.2490296363830566,0.06323224306106567,0.11943689733743668,0.021289261057972908,0.010014488361775875,0.7961134910583496,0.9265366196632385,0.8358525633811951,0.7293282151222229,0.04885976389050484,0.13536201417446136,0.019471708685159683,0.0029578120447695255,4.101462364196777,-9.509557723999023,0.1118733181753762,0.0380364656124207,0.5963921447051078,0.1381622080579328,0.35819917057324685,-1.2108078041667532
44830,44,0.5623329877853394,0.1636766791343689,0.5570639371871948,0.16122281551361084,0.49617689847946167,-1.287614107131958,0.5806111693382263,-1.2741190195083618,0.059777695685625076,0.11701437830924988,0.019880026578903198,0.010012730956077576,0.7946417927742004,0.9308834671974182,0.8373074531555176,0.7259610295295715,0.04589472711086273,0.13212361931800842,0.01833716407418251,0.0033124699257314205,6.951732635498047,-4.712375640869141,0.10396969465641297,0.03825321377457887,0.5999741364108404,0.12605413001626528,0.35819917057324685,-1.2108078041667598
44831,44,0.5676527619361877,0.15179449319839478,0.5630828142166138,0.14919278025627136,0.5257353186607361,-1.1431405544281006,0.5816439986228943,-1.1767994165420532,0.059719379991292953,0.11868590861558914,0.018650874495506287,0.010011186823248863,0.7929564714431763,0.9347030520439148,0.8386394381523132,0.7228281497955322,0.04537060484290123,0.13152679800987244,0.017075149342417717,0.003395429812371731,6.214253902435303,-4.644008636474609,0.11912990299411766,0.059354246801551755,0.602777142656703,0.11405982014674375,0.25934164079551475,-1.1963699987838148
44832,44,0.5725429654121399,0.14064165949821472,0.5684314370155334,0.1376226842403412,0.4585457444190979,-1.0901410579681396,0.494983047246933,-1.1339738368988037,0.05841708183288574,0.11519987881183624,0.017580652609467506,0.010009834542870522,0.7914202809333801,0.9385311603546143,0.8398762345314026,0.7198023200035095,0.04461623728275299,0.12922604382038116,0.016163881868124008,0.003416910534724593,8.551752090454102,-6.408414840698242,0.09630187452402239,0.050222124231143805,0.6053705590646583,0.10209612015890618,0.25934164079551475,-1.1963699987838148
44833,44,0.5771603584289551,0.12985476851463318,0.5730489492416382,0.1266596019268036,0.45888620615005493,-1.0696886777877808,0.4308069050312042,-1.0631108283996582,0.05797047168016434,0.11067334562540054,0.01664288528263569,0.010008640587329865,0.7901167273521423,0.9427536725997925,0.8407989144325256,0.7165144085884094,0.045316632837057114,0.12675391137599945,0.014754063449800014,0.002879996784031391,3.492004871368408,-11.528592109680176,0.0859943151936797,0.05516268285638301,0.6073438152863649,0.09026820358716237,0.16920050503783327,-1.1766336925598029
44834,44,0.580393373966217,0.11792584508657455,0.5763987302780151,0.11560723930597305,0.26392805576324463,-1.2397900819778442,0.30110108852386475,-1.0972744226455688,0.05686488002538681,0.10595638304948807,0.01582316681742668,0.010007591918110847,0.7892837524414062,0.9473918676376343,0.8415012359619141,0.7129689455032349,0.04501188173890114,0.12289850413799286,0.013884936459362507,0.0026051069144159555,5.447804927825928,-12.15183162689209,0.07994050824552994,0.04989834690202245,0.6090358203367437,0.07850186666156354,0.16920050503788614,-1.1766336925598029
44835,44,0.582895815372467,0.10519716143608093,0.5791473984718323,0.1047217845916748,0.22573208808898926,-1.3091259002685547,0.24169248342514038,-1.0962493419647217,0.07247626781463623,0.1058187410235405,0.015106387436389923,0.010006672702729702,0.7872092723846436,0.9518300294876099,0.8420991897583008,0.7094133496284485,0.05448484793305397,0.1205647736787796,0.0131580401211977,0.0027400495018810034,5.647094249725342,-7.848520278930664,0.10505443292183239,0.07569962675934774,0.6102490576864552,0.06688273139432388,0.08777576330025526,-1.1515988854946375
44836,44,0.5851923823356628,0.09262914210557938,0.5814539790153503,0.09375999122858047,0.20801298320293427,-1.2418900728225708,0.1952497810125351,-1.1400212049484253,0.07763446122407913,0.11461600661277771,0.014478774741292,0.010005864314734936,0.7858297824859619,0.9553320407867432,0.8424388766288757,0.7057554125785828,0.06094584986567497,0.12774115800857544,0.012340879067778587,0.0024092593230307102,3.806908130645752,-11.312110900878906,0.11688358687859796,0.07874427436293122,0.6111268153194579,0.05536674253937679,0.08777576330025526,-1.1515988854946277
44837,44,0.586528480052948,0.07964497059583664,0.5826922059059143,0.08136396110057831,0.09702453762292862,-1.3149722814559937,0.08737270534038544,-1.3007460832595825,0.07825164496898651,0.11362307518720627,0.013928968459367752,0.010005151852965355,0.7852752208709717,0.9591630101203918,0.8426740169525146,0.7022716999053955,0.06284993141889572,0.1282382607460022,0.011721127666532993,0.002877079648897052,2.5301575660705566,-5.009025573730469,0.10822571220024685,0.07838405308147423,0.6116497649493343,0.04399877658337063,0.015067415582674975,-1.121265577588303
44838,44,0.5873245596885681,0.06764072179794312,0.5835269093513489,0.06820075958967209,0.04367141053080559,-1.1383626461029053,0.05455201864242554,-1.3485676050186157,0.09041208773851395,0.120081327855587,0.013447490520775318,0.010004525072872639,0.7842312455177307,0.9624831080436707,0.8427200317382812,0.698948323726654,0.07088778167963028,0.13308246433734894,0.011188759468495846,0.002631307812407613,5.405535697937012,-10.826911926269531,0.1217938979672112,0.09316691197660287,0.6118004391051612,0.032786120807486836,0.015067415582674975,-1.121265577588303
44839,44,0.5875155329704285,0.05581732839345932,0.5835071206092834,0.05434972420334816,0.010993072763085365,-1.2010263204574585,-0.03309477120637894,-1.3770747184753418,0.0981023833155632,0.1163419783115387,0.013025080785155296,0.010003974661231041,0.7832298278808594,0.966271162033081,0.8429012298583984,0.695639967918396,0.07655911147594452,0.1323757916688919,0.011131910607218742,0.002707028528675437,8.456323623657227,-8.485960960388184,0.09624355279138369,0.09987007334316002,0.6117028321673628,0.021711712169446153,-0.048924538114801845,-1.0856337688408215
44840,44,0.5883827209472656,0.0442352257668972,0.5834441184997559,0.041436146944761276,0.11709251254796982,-1.1558773517608643,0.00015379581600427628,-1.2391289472579956,0.10271693021059036,0.11483868956565857,0.012655657716095448,0.01000349223613739,0.7822362780570984,0.9700788855552673,0.8432583212852478,0.692631721496582,0.08001436293125153,0.1285465657711029,0.010970787145197392,0.003138915402814746,6.8288493156433105,-2.4827420711517334,0.10667797629847053,0.10388534775861656,0.6112135867862145,0.010855374481038486,-0.048924538114801845,-1.0856337688408224
44841,44,0.5898662805557251,0.033742934465408325,0.5839626789093018,0.030032670125365257,0.15575525164604187,-0.9892547130584717,0.0810290202498436,-1.0713335275650024,0.10009577870368958,0.11264637857675552,0.012331319972872734,0.01000306848436594,0.7817822098731995,0.9735386967658997,0.8435131907463074,0.6899178624153137,0.08058161288499832,0.12510095536708832,0.01048026978969574,0.0032802761998027563,3.564293384552002,-3.1051695346832275,0.10071054332842677,0.08538283980029669,0.6105651544329017,0.00011691116769110225,-0.10420009779233382,-1.0447034592521818
44842,44,0.5907889008522034,0.02412557601928711,0.5847122669219971,0.019911084324121475,0.06332635134458542,-0.9181079268455505,0.0820985734462738,-0.9403398633003235,0.0963163897395134,0.10684236139059067,0.012046887539327145,0.010002696886658669,0.7819863557815552,0.9773062467575073,0.8434785604476929,0.6869412064552307,0.07981061190366745,0.12237219512462616,0.00992685928940773,0.002531386213377118,3.276348114013672,-14.686760902404785,0.0749261997831958,0.0749254452208052,0.6095231534549783,-0.010330123424831429,-0.10420009779233382,-1.0447034592521813
44843,44,0.5904721617698669,0.013199318200349808,0.5847883224487305,0.010332788340747356,-0.05573289841413498,-1.1635050773620605,-0.005701612681150436,-0.9262017607688904,0.09463197737932205,0.10000976920127869,0.011797231622040272,0.010002369992434978,0.7824179530143738,0.9816707372665405,0.8433564901351929,0.6837153434753418,0.0784243643283844,0.11588376015424728,0.009539017453789711,0.0025507821701467037,1.6196751594543457,-10.322937965393066,0.061872322191129675,0.08503758095945575,0.6083936268383116,-0.020690253406756197,-0.15075926344976232,-0.9984746488223865
44844,44,0.5897623300552368,0.001757269841618836,0.584762692451477,0.0014572908403351903,-0.09502548724412918,-1.1492582559585571,-0.019748304039239883,-0.8775840997695923,0.09963864833116531,0.09996116906404495,0.011578179895877838,0.010002082213759422,0.7824999690055847,0.9856188893318176,0.84309321641922,0.6805663108825684,0.08122839033603668,0.11260237544775009,0.009232774376869202,0.002628396265208721,2.194068431854248,-8.246692657470703,0.0996874310681275,0.10084303876762012,0.6068860342038138,-0.03067499989497955,-0.15075926344976232,-0.9984746488223865
44845,44,0.5886639356613159,-0.009412797167897224,0.5843144059181213,-0.007446984760463238,-0.13223838806152344,-1.0930672883987427,-0.08041779696941376,-0.9351164102554321,0.10424219071865082,0.09992305189371109,0.011385992169380188,0.010001827962696552,0.7824968695640564,0.989029049873352,0.8427900075912476,0.6776678562164307,0.08487378805875778,0.11086147278547287,0.009109444916248322,0.0029159802943468094,3.9900922775268555,-6.171605587005615,0.09970825371990816,0.10538646735407224,0.605345144475953,-0.04061440853875365,-0.1855364080125649,-0.9511215434480318
44846,44,0.5875142812728882,-0.01957826316356659,0.5833043456077576,-0.01728733442723751,-0.11569935828447342,-0.9681506752967834,-0.13211743533611298,-1.0375210046768188,0.10856547951698303,0.09901226311922073,0.011217428371310234,0.010001606307923794,0.7825289964675903,0.9923442602157593,0.8424409031867981,0.6747273206710815,0.08865173161029816,0.11099397391080856,0.008970956318080425,0.0024780624080449343,5.701420307159424,-13.482458114624023,0.09386737415901072,0.10968905433205484,0.6034591241250812,-0.05008388191426863,-0.1886020350871931,-0.9469473375514328
44847,44,0.5862054824829102,-0.030204573646187782,0.5814343690872192,-0.028487782925367355,-0.12078239023685455,-1.1086980104446411,-0.20029805600643158,-1.1562532186508179,0.10817430168390274,0.09552060812711716,0.011069262400269508,0.010001412592828274,0.7828225493431091,0.9959616661071777,0.8421590924263,0.6717454195022583,0.08947493880987167,0.10769367963075638,0.008827521465718746,0.0027109128423035145,2.6372194290161133,-6.7032623291015625,0.07572236559150126,0.10601664439063535,0.6015731037742093,-0.059553355289783616,-0.2014991934301282,-0.9217848711986193
44848,44,0.585028886795044,-0.04061829671263695,0.5797402262687683,-0.0399969182908535,-0.1265210509300232,-1.0017472505569458,-0.15361903607845306,-1.1579322814941406,0.10773522406816483,0.09872113168239594,0.010939107276499271,0.010001243092119694,0.7831841111183167,0.9988552331924438,0.8419805765151978,0.6691712141036987,0.08859216421842575,0.10706965625286102,0.008941443637013435,0.003054173896089196,6.142947673797607,-4.109699726104736,0.0994758680169537,0.10531300255387806,0.5993993183111417,-0.06846139646755427,-0.21772841270457324,-0.8901215254393259
44849,44,0.5843784809112549,-0.049629565328359604,0.5786492824554443,-0.051167719066143036,-0.04534517973661423,-0.8504121899604797,-0.09468952566385269,-1.091233491897583,0.10722757130861282,0.09677360951900482,0.010825035162270069,0.010001091286540031,0.7834697961807251,1.0016777515411377,0.841789186000824,0.6666626930236816,0.08851475268602371,0.10667846351861954,0.008760432712733746,0.0028138915076851845,4.940969944000244,-8.106306076049805,0.08572338335772595,0.10441628772727618,0.5972220341840964,-0.07736261172194707,-0.21772841270457324,-0.8901215254393259
44850,44,0.5835803151130676,-0.05863022059202194,0.5775209665298462,-0.061695396900177,-0.08700773119926453,-0.9219470024108887,-0.10613052546977997,-0.9837077856063843,0.10445188730955124,0.09183908253908157,0.010724788531661034,0.010000960901379585,0.7840098142623901,1.0049855709075928,0.8414893746376038,0.6640036106109619,0.08784118294715881,0.10320159792900085,0.00848834216594696,0.002692463109269738,2.1886634826660156,-8.265087127685547,0.06362489175997708,0.0890333747752248,0.5948635118543563,-0.08571217053969585,-0.23813839630184996,-0.8279972124860627
44851,44,0.5822495818138123,-0.06811618059873581,0.576387882232666,-0.07089325785636902,-0.1534387171268463,-0.9550910592079163,-0.11146749556064606,-0.8594857454299927,0.10260486602783203,0.08936412632465363,0.01063669752329588,0.010000841692090034,0.784579873085022,1.0081853866577148,0.8413599729537964,0.6615424156188965,0.08492232114076614,0.0987563207745552,0.00880007166415453,0.002960731042549014,7.830932140350342,-5.774881839752197,0.07508924146369007,0.09229435742052489,0.5924821278913376,-0.09399214266455702,-0.23813839630184996,-0.8279972124860627
44852,44,0.5817815661430359,-0.07681670039892197,0.5758467316627502,-0.07846453785896301,-0.005037996917963028,-0.8377089500427246,-0.03945881128311157,-0.7157907485961914,0.10222990065813065,0.08840802311897278,0.010559383779764175,0.010000738315284252,0.7849498987197876,1.0111860036849976,0.8410601019859314,0.6589630246162415,0.08549346029758453,0.09780371189117432,0.008268419653177261,0.002553691854700446,0.8769798278808594,-9.782581329345703,0.08286290008434037,0.10012859618033382,0.5900085998470853,-0.10174083111555463,-0.24983198587912894,-0.7605743986916399
44853,44,0.5804187655448914,-0.08618173003196716,0.5747410655021667,-0.08612507581710815,-0.1861262023448944,-0.9632452726364136,-0.1266908049583435,-0.7608190178871155,0.09796066582202911,0.08524107187986374,0.010491427034139633,0.010000650770962238,0.7857363224029541,1.0142204761505127,0.8407424688339233,0.6564809679985046,0.08313080668449402,0.09426134824752808,0.008375803008675575,0.0029597582761198282,4.179701805114746,-6.0234904289245605,0.06679453784202719,0.07392245404987588,0.5875102799882936,-0.10934657510247245,-0.24983198587912894,-0.7605743986916464
44854,44,0.5791134834289551,-0.09485071152448654,0.5738173723220825,-0.09330383688211441,-0.11970464885234833,-0.8175168633460999,-0.09597337990999222,-0.727703869342804,0.09868908673524857,0.08873970806598663,0.01043173111975193,0.010000571608543396,0.7862693071365356,1.0165554285049438,0.8404847383499146,0.6542637348175049,0.08199308812618256,0.09506180882453918,0.008394047617912292,0.0029694882687181234,5.924277305603027,-7.361133098602295,0.08953877983917802,0.09886513508373267,0.5849914773816897,-0.11645200517998869,-0.25280918143635733,-0.6878530840560638
44855,44,0.5780876278877258,-0.10277014225721359,0.57274329662323,-0.10093458741903305,-0.08980906009674072,-0.7683992981910706,-0.11284712702035904,-0.7904689908027649,0.096868596971035,0.08609894663095474,0.010379413142800331,0.010000504553318024,0.7867121696472168,1.0189775228500366,0.8402712345123291,0.6521291136741638,0.0809323713183403,0.09380508214235306,0.008378843776881695,0.0029986838344484568,5.698225498199463,-7.855925559997559,0.07069082325962628,0.086523280705763,0.5824633855673258,-0.12333053602054977,-0.2528091814364102,-0.6878530840560572
44856,44,0.5772110819816589,-0.11035560071468353,0.5715848207473755,-0.10910031944513321,-0.08065527677536011,-0.7450056672096252,-0.10977572202682495,-0.8292877078056335,0.09422822296619415,0.0831446424126625,0.01033344492316246,0.010000444017350674,0.7872673869132996,1.0215098857879639,0.8400160670280457,0.6501255631446838,0.07951606810092926,0.09050413221120834,0.008193504065275192,0.003133069258183241,2.7637720108032227,-5.716145038604736,0.06578287900799823,0.07913958967454489,0.57996903955053,-0.12975031971785722,-0.24706998297358798,-0.6098332685793347
44857,44,0.5760847926139832,-0.1174718514084816,0.5704818367958069,-0.11741354316473007,-0.13674822449684143,-0.6792386174201965,-0.11055122315883636,-0.8241700530052185,0.09131179749965668,0.0804772824048996,0.010292958468198776,0.010000389069318771,0.7879366874694824,1.0238077640533447,0.8397953510284424,0.6484096646308899,0.07691772282123566,0.0866420567035675,0.008338311687111855,0.0033846909645944834,6.342940330505371,-4.734218120574951,0.06473822487035602,0.07458395948378337,0.5774983397207946,-0.1358486524036502,-0.24706998297358798,-0.6098332685793347
44858,44,0.5752067565917969,-0.12358056008815765,0.5696260333061218,-0.12505535781383514,-0.06867516040802002,-0.5759683847427368,-0.08469332754611969,-0.7194370627403259,0.08970371633768082,0.07713117450475693,0.010257380083203316,0.010000340640544891,0.7884673476219177,1.0260279178619385,0.8395719528198242,0.646733820438385,0.07538941502571106,0.08364133536815643,0.008224882185459137,0.0032042143866419792,5.347590446472168,-7.4414849281311035,0.05724079916268994,0.08043043160434309,0.5750981814459677,-0.1415404017140188,-0.2326143904907152,-0.5265149522614327
44859,44,0.5742510557174683,-0.12972822785377502,0.5685878992080688,-0.13179337978363037,-0.10106602311134338,-0.6295760869979858,-0.10643350332975388,-0.6180146932601929,0.08640413731336594,0.07225395739078522,0.010226106271147728,0.010000298731029034,0.7890166640281677,1.0283007621765137,0.8394575119018555,0.6451886892318726,0.0725172609090805,0.07831801474094391,0.008377830497920513,0.0035556452348828316,6.754779815673828,-3.1289541721343994,0.04297288275222407,0.06727456184456318,0.5727720375410604,-0.14680555123663355,-0.2326143904907152,-0.5265149522614327
44860,44,0.5737628936767578,-0.13516387343406677,0.5679531097412109,-0.13695894181728363,-0.031268469989299774,-0.4998405873775482,-0.05016300082206726,-0.4607783257961273,0.08393650501966476,0.06953655928373337,0.010198663920164108,0.010000262409448624,0.7894043922424316,1.0302294492721558,0.8394225835800171,0.6439064145088196,0.06994860619306564,0.07420913875102997,0.008432568982243538,0.0036465879529714584,7.308690547943115,-3.703855276107788,0.05302674678235428,0.06949780908618135,0.5705357981603627,-0.1517268781533339,-0.20944240398784464,-0.43789813510238434
44861,44,0.5735957622528076,-0.1398341804742813,0.5675663948059082,-0.14107950031757355,-0.0069629959762096405,-0.4377557337284088,-0.0279360581189394,-0.3731583058834076,0.07983915507793427,0.0647258386015892,0.010174522176384926,0.010000230744481087,0.7898260354995728,1.0321637392044067,0.839402437210083,0.6426170468330383,0.06704790145158768,0.07025524973869324,0.008431554771959782,0.003437418257817626,7.503407001495361,-7.617672920227051,0.035260910576416754,0.05570922172841327,0.5684413741204842,-0.15610585950435865,-0.2094424039877918,-0.43789813510239756
44862,44,0.5734493732452393,-0.14464034140110016,0.5672404170036316,-0.14468230307102203,-0.006731478031724691,-0.4942973554134369,-0.021954989060759544,-0.336941659450531,0.0753021389245987,0.059451065957546234,0.010153330862522125,0.010000205598771572,0.7902858853340149,1.0343506336212158,0.8394615054130554,0.6411751508712769,0.06311558932065964,0.06559330970048904,0.008526889607310295,0.0032929577864706516,8.43101692199707,-9.598015785217285,0.026664159665941704,0.04824934525619884,0.5664387847860759,-0.16021437602066146,-0.17755402346492352,-0.3439828171021894
44863,44,0.5736044645309448,-0.14996455609798431,0.56723952293396,-0.14800579845905304,0.03526204824447632,-0.552222728729248,0.02129364013671875,-0.3455985188484192,0.07096942514181137,0.056443292647600174,0.010134737007319927,0.010000183247029781,0.7906466722488403,1.0364019870758057,0.839570164680481,0.6397566199302673,0.059402234852313995,0.06150704249739647,0.008469072170555592,0.003438394982367754,6.069397926330566,-5.905601978302002,0.037497791174477706,0.04478059253648882,0.564663244551427,-0.16365420419168358,-0.17755402346487065,-0.3439828171021894
44864,44,0.5739036202430725,-0.15503300726413727,0.5676851868629456,-0.1518937647342682,0.022101901471614838,-0.478865385055542,0.05440709367394447,-0.43970972299575806,0.06585018336772919,0.05556222423911095,0.01011838298290968,0.010000164620578289,0.7911158204078674,1.037992000579834,0.8396062254905701,0.6385257840156555,0.05574271082878113,0.05944632366299629,0.008345403708517551,0.003566398750990629,5.275857448577881,-4.868674278259277,0.04998953102320869,0.03456015618942129,0.5629640364154687,-0.16690752230085934,-0.13694924892189891,-0.2447689982608348
44865,44,0.5739266872406006,-0.15945300459861755,0.5681800246238708,-0.15673139691352844,-0.015843655914068222,-0.4127082824707031,0.03975243493914604,-0.5115994215011597,0.06129111722111702,0.05398504063487053,0.010104050859808922,0.010000145062804222,0.7917116284370422,1.0394047498703003,0.8395677804946899,0.6373865008354187,0.05210477486252785,0.058009177446365356,0.008295766077935696,0.0035468479618430138,6.469447612762451,-6.564164161682129,0.0439410077388557,0.03295070027632109,0.5615945439262499,-0.16935521228346753,-0.13694924892189891,-0.2447689982608348
44866,44,0.573674201965332,-0.1636049747467041,0.568366527557373,-0.16200923919677734,-0.03329869359731674,-0.4139605760574341,0.0008591637015342712,-0.5313148498535156,0.057763583958148956,0.051805511116981506,0.01009142305701971,0.010000129230320454,0.7922297120094299,1.0408258438110352,0.8395690321922302,0.6363064646720886,0.04867102578282356,0.0559019036591053,0.008373776450753212,0.0036162666510790586,8.108711242675781,-5.569896697998047,0.03790081484184633,0.0356710435364269,0.5602684481409016,-0.1717109439787879,-0.09162356755906952,-0.14872317780618385
44867,44,0.5736028552055359,-0.1674875169992447,0.5683903098106384,-0.1670677363872528,0.001961887814104557,-0.3793211579322815,-0.0064682429656386375,-0.4912644624710083,0.054896991699934006,0.05067221075296402,0.010080342181026936,0.010000115260481834,0.7925215363502502,1.042129635810852,0.8396756649017334,0.6352688074111938,0.04566330090165138,0.05455157160758972,0.00853094831109047,0.0035712867975234985,10.228536605834961,-6.288316249847412,0.04339729488410525,0.03675606743971328,0.5593921673373128,-0.17311351076457113,-0.08762808035882373,-0.1402566785783073
44868,44,0.5740076899528503,-0.17127913236618042,0.5684352517127991,-0.1716374009847641,0.06212344393134117,-0.386493444442749,0.011569365859031677,-0.42770737409591675,0.051462337374687195,0.04964285343885422,0.010070598684251308,0.01000010222196579,0.7924390435218811,1.043237328529358,0.8401517868041992,0.6343984603881836,0.04147280007600784,0.05291399359703064,0.009095183573663235,0.003836502321064472,15.358209609985352,-3.082261085510254,0.043020761887824874,0.02955537276697874,0.5585158865337241,-0.17451607755035436,0.22139257817836247,-0.09165460465575853
44869,44,0.5759795308113098,-0.1743115484714508,0.5694085955619812,-0.17501311004161835,0.26377472281455994,-0.27403968572616577,0.14579787850379944,-0.29682862758636475,0.04878802224993706,0.05075883865356445,0.010062039829790592,0.010000091977417469,0.7916927337646484,1.04389488697052,0.8409947156906128,0.6337702870368958,0.038088358938694,0.05287891998887062,0.009459329769015312,0.0040335641242563725,15.91400146484375,-1.7447900772094727,0.05097244720482701,0.03156936162616056,0.5645345636821294,-0.17483422086211475,0.6102506424418167,-0.03049588318328916
44870,44,0.5793710350990295,-0.17650969326496124,0.5717086791992188,-0.17744536697864532,0.39336174726486206,-0.18273016810417175,0.3026086091995239,-0.20322632789611816,0.043625738471746445,0.049252286553382874,0.010054524056613445,0.010000082664191723,0.790719211101532,1.0445151329040527,0.8420965075492859,0.6333219408988953,0.033744052052497864,0.051671527326107025,0.009752761572599411,0.004166087135672569,15.494565963745117,-2.582029104232788,0.03954274531976427,0.009476151711500895,0.5706370701065481,-0.1751391796939478,0.6102506424417637,-0.03049588318328916
44871,44,0.5837511420249939,-0.17810910940170288,0.5754792094230652,-0.17907334864139557,0.48437002301216125,-0.1324285864830017,0.448286771774292,-0.11891992390155792,0.039198145270347595,0.04690474644303322,0.01004791259765625,0.010000074282288551,0.7896689772605896,1.0450712442398071,0.8431538343429565,0.6331261396408081,0.030584177002310753,0.04880746454000473,0.009405209682881832,0.004541810601949692,6.653091907501221,1.84920072555542,0.0317133738154307,-0.006850179410818273,0.5756219267503675,-0.174424646881807,0.4843874781065452,0.08431328740960922
44872,44,0.5877245664596558,-0.17868810892105103,0.5800940990447998,-0.17994245886802673,0.36026668548583984,0.01780296489596367,0.47518569231033325,-0.03944912552833557,0.03539106994867325,0.044539887458086014,0.01841890439391136,0.010000066831707954,0.78874671459198,1.0453033447265625,0.843613862991333,0.6333091855049133,0.027216017246246338,0.04595262184739113,0.01641100086271763,0.004755727481096983,11.427019119262695,-1.7352449893951416,0.02914378650181056,-0.019639591872581824,0.5804658015314331,-0.17358151400771088,0.4843874781065981,0.08431328740960922
44873,44,0.5916538238525391,-0.17810432612895966,0.5848937630653381,-0.17961271107196808,0.4049116373062134,0.09181183576583862,0.47507089376449585,0.0940387099981308,0.0321090929210186,0.040172554552555084,0.017375018447637558,0.010000061243772507,0.7876765727996826,1.0454599857330322,0.8446634411811829,0.633759081363678,0.02454245649278164,0.04153318330645561,0.015860604122281075,0.0051014903001487255,9.96098518371582,0.9901165962219238,0.011479332258081633,-0.0012637061320727797,0.584353132857893,-0.1717943122620907,0.362996864393302,0.20412080807174518
44874,44,0.5956680774688721,-0.17645449936389923,0.5895985960960388,-0.17794205248355865,0.3901931047439575,0.21789655089378357,0.4559427797794342,0.2192855030298233,0.02927369251847267,0.036228056997060776,0.01646294817328453,0.010000056587159634,0.7867304682731628,1.0454264879226685,0.8456054329872131,0.6344249844551086,0.022654181346297264,0.037344664335250854,0.014827159233391285,0.00523410877212882,8.620565414428711,-1.1881911754608154,0.0034598766438039934,-0.008632440850044908,0.5879831015018254,-0.16975310418137338,0.36299686439324913,0.20412080807174518
44875,44,0.5990750193595886,-0.17417976260185242,0.5937153100967407,-0.17536646127700806,0.3133698105812073,0.2511991858482361,0.38436612486839294,0.30354541540145874,0.026820972561836243,0.03283413127064705,0.01566617377102375,0.012411735951900482,0.7861281633377075,1.0452486276626587,0.8462548851966858,0.635042130947113,0.02133931778371334,0.03391353413462639,0.013701828196644783,0.006291864439845085,5.452299118041992,-2.4726009368896484,-0.01276074414295933,-0.008899183161280987,0.5908086879159009,-0.16685324670172053,0.24607880130187548,0.32892667880310555
44876,44,0.6012665033340454,-0.17180708050727844,0.5968561768531799,-0.17212159931659698,0.16433243453502655,0.2480837106704712,0.2691228687763214,0.36016926169395447,0.024689171463251114,0.029897630214691162,0.01496780663728714,0.015142956748604774,0.7858601212501526,1.0448405742645264,0.8466901183128357,0.6358163952827454,0.019880501553416252,0.030493348836898804,0.012913043610751629,0.007870007306337357,6.73914909362793,-0.464557409286499,-0.015514763680394988,0.0006158923391230073,0.5932694759289199,-0.16356397991368923,0.24607880130187548,0.32892667880310555
44877,44,0.6027170419692993,-0.16866478323936462,0.5991605520248413,-0.16799449920654297,0.11203227937221527,0.35116711258888245,0.17990602552890778,0.43196702003479004,0.024357857182621956,0.02735915221273899,0.014357110485434532,0.014687677845358849,0.7856671214103699,1.0441235303878784,0.8469043970108032,0.6369567513465881,0.01977437734603882,0.027458511292934418,0.012092038057744503,0.008021552115678787,5.876951217651367,0.8594965934753418,-0.01144189455224132,0.022063826500501694,0.595069097835587,-0.15951147989944908,0.1336332888324772,0.45873089960370345
44878,44,0.6033176183700562,-0.16458696126937866,0.6002885103225708,-0.16360923647880554,0.013181920163333416,0.45330408215522766,0.05208824202418327,0.4391354024410248,0.0287945419549942,0.025163600221276283,0.0138235567137599,0.022471819072961807,0.7851593494415283,1.0430421829223633,0.8469708561897278,0.6381204128265381,0.022978395223617554,0.024729402735829353,0.011570747010409832,0.011945431120693684,8.747973442077637,0.5166339874267578,-0.02373956913703578,0.02955420605615718,0.5964054307239117,-0.1549241709034112,0.1336332888324772,0.45873089960370345
44879,44,0.6034719347953796,-0.15951226651668549,0.6003187894821167,-0.1590208262205124,0.0019107719417661428,0.541803240776062,-0.050236500799655914,0.4695935845375061,0.04239121824502945,0.023251619189977646,0.013354954309761524,0.03450116142630577,0.7837855815887451,1.0417931079864502,0.8468663096427917,0.6392009854316711,0.03320816904306412,0.022767750546336174,0.010939822532236576,0.01765577681362629,7.913672924041748,-1.8007254600524902,-0.036427341418889994,0.044677427747604755,0.5972148685281453,-0.14967904155402995,0.02566032698489561,0.593533470473539
44880,44,0.6030505895614624,-0.15433698892593384,0.5991977453231812,-0.15432769060134888,-0.06223297491669655,0.5095342397689819,-0.14248643815517426,0.4879114627838135,0.045819636434316635,0.021590804681181908,0.012944793328642845,0.04564584419131279,0.783437967300415,1.040479063987732,0.8466722965240479,0.6403010487556458,0.03731207549571991,0.02095218002796173,0.010515250265598297,0.023248491808772087,7.473430633544922,-0.15726447105407715,-0.04766556411458217,0.04645266440994362,0.5974714717979945,-0.1437437068492942,0.02566032698489561,0.593533470473539
44881,44,0.6022840738296509,-0.14907027781009674,0.597695529460907,-0.1490791141986847,-0.09490106999874115,0.5303699374198914,-0.15796716511249542,0.549993097782135,0.054924774914979935,0.02014038898050785,0.012584271840751171,0.04487768933176994,0.7829251885414124,1.0391076803207397,0.8463233709335327,0.6418152451515198,0.04453244432806969,0.01935821771621704,0.009988357312977314,0.023409416899085045,5.714511871337891,1.0297584533691406,-0.03987885762363701,0.056512503446964776,0.5973265059047701,-0.13726596136421812,-0.07784008424065775,0.7333343914125989
44882,44,0.6008654236793518,-0.1436063051223755,0.595991849899292,-0.14335286617279053,-0.1716906726360321,0.5608174800872803,-0.1788381189107895,0.5915462374687195,0.06028294190764427,0.018876414746046066,0.012268264777958393,0.04402855411171913,0.7828580141067505,1.0376003980636597,0.845879852771759,0.6434875726699829,0.049536969512701035,0.017803702503442764,0.009700573980808258,0.023402711376547813,7.045383453369141,1.4558815956115723,-0.03848819346749634,0.061274228112735224,0.5965481050623633,-0.12993261745009252,-0.07784008424065775,0.7333343914125989
44883,44,0.5991520285606384,-0.13766460120677948,0.5941705107688904,-0.13716764748096466,-0.17897972464561462,0.6132004857063293,-0.19270473718643188,0.6311503052711487,0.07106847316026688,0.017776841297745705,0.011991935782134533,0.04323873296380043,0.7824772000312805,1.0358538627624512,0.8453960418701172,0.6453742980957031,0.05746668204665184,0.01612967997789383,0.00938275083899498,0.023688049986958504,5.811171531677246,4.7072553634643555,-0.03805409267852597,0.07339517228145903,0.5954845158766563,-0.12218226902876798,-0.1768679448443415,0.8781336624208899
44884,44,0.5972707867622375,-0.1308586299419403,0.5922188758850098,-0.13063444197177887,-0.20012739300727844,0.7371112108230591,-0.20341843366622925,0.6665100455284119,0.07367164641618729,0.0168171189725399,0.011749685741961002,0.04277835413813591,0.7827192544937134,1.0337185859680176,0.8448363542556763,0.647610604763031,0.06137773394584656,0.014518069103360176,0.009120652452111244,0.02418040856719017,5.256743431091309,5.795302391052246,-0.03974700472811199,0.07426923758078721,0.5937158364282126,-0.11340093240455851,-0.1768679448443415,0.8781336624208832
44885,44,0.5951055884361267,-0.1228056326508522,0.5900641083717346,-0.12373407930135727,-0.23211358487606049,0.8611021637916565,-0.22968503832817078,0.7189323902130127,0.07657245546579361,0.015975836664438248,0.011536527425050735,0.051646921783685684,0.7833127975463867,1.0314040184020996,0.8441187739372253,0.6496421098709106,0.06483158469200134,0.013609306886792183,0.00872588437050581,0.028607994318008423,4.382185935974121,1.1832070350646973,-0.05328926699513805,0.07720097963726602,0.5917694043549987,-0.10433799424643271,-0.27142325482615565,1.0279312834984118
44886,44,0.5922072529792786,-0.1146770566701889,0.5872588157653809,-0.11635109782218933,-0.31356391310691833,0.7956998348236084,-0.3015007972717285,0.7868102192878723,0.08004309237003326,0.015239189378917217,0.011349253356456757,0.06443409621715546,0.7840250134468079,1.028991460800171,0.8433908820152283,0.6515432596206665,0.06762295216321945,0.012517093680799007,0.008606047369539738,0.03581897169351578,5.503425598144531,3.901796340942383,-0.06686033982784353,0.08077983164069413,0.5890551718067372,-0.09405868141144665,-0.2714232548261028,1.0279312834984118
44887,44,0.5893049240112305,-0.10626905411481857,0.5843358039855957,-0.10765673965215683,-0.2890126407146454,0.8540527820587158,-0.3009456694126129,0.9151106476783752,0.090561144053936,0.01459618378430605,0.011185293085873127,0.06268969923257828,0.784248411655426,1.0262542963027954,0.8425405025482178,0.6542157530784607,0.07547899335622787,0.011007953435182571,0.008153025060892105,0.036767370998859406,0.44286251068115234,11.485301971435547,-0.05185543525391165,0.09308815116296121,0.5862616772509911,-0.08364316671596325,-0.3542084475940293,1.1701872978806314
44888,44,0.5858954191207886,-0.09643293917179108,0.5812544226646423,-0.09790237993001938,-0.38587191700935364,1.0800431966781616,-0.3290731608867645,1.016597867012024,0.0901603251695633,0.014031949453055859,0.011041049845516682,0.06135910749435425,0.7853386998176575,1.0231105089187622,0.8414900898933411,0.6573084592819214,0.07850918918848038,0.01008578296750784,0.0080033577978611,0.03669397160410881,4.046883583068848,5.627634525299072,-0.05308077415810722,0.0878468318184552,0.5826466171091315,-0.07181589416951073,-0.36150601418594164,1.1827272546451713
44889,44,0.5818549990653992,-0.08558931201696396,0.5774579048156738,-0.08740638196468353,-0.4109010100364685,1.0984119176864624,-0.4099821150302887,1.093254566192627,0.09960741549730301,0.013537480495870113,0.010914353653788567,0.07868755608797073,0.7861294746398926,1.0197792053222656,0.8404184579849243,0.6598842740058899,0.0848061665892601,0.009164471179246902,0.007769070565700531,0.04653622955083847,3.101661205291748,6.378130912780762,-0.08226813479319942,0.10182733551675563,0.5790315569672718,-0.05998862162305822,-0.3994142097182454,1.253484170939404
44890,44,0.5776089429855347,-0.0743839219212532,0.5730765461921692,-0.07597309350967407,-0.4331081807613373,1.1357463598251343,-0.45633384585380554,1.1818205118179321,0.10360073298215866,0.013104594312608242,0.010803209617733955,0.07904043048620224,0.787095844745636,1.0160983800888062,0.839322566986084,0.6632319688796997,0.0894629955291748,0.008014475926756859,0.007678291294723749,0.04897205904126167,1.9598102569580078,11.947145462036133,-0.07911852053020568,0.10459509572386302,0.5745706782465906,-0.046582600377506236,-0.447116222923858,1.3425215758611548
44891,44,0.5733479857444763,-0.06189744174480438,0.5686403512954712,-0.06345401704311371,-0.4352571368217468,1.3250446319580078,-0.44893020391464233,1.2919273376464844,0.10656391084194183,0.012725306674838066,0.010705658234655857,0.07937829941511154,0.7883021235466003,1.0120372772216797,0.8381705284118652,0.6669918894767761,0.09296102076768875,0.007169026415795088,0.007551300805062056,0.050410181283950806,2.9092860221862793,9.680728912353516,-0.07945450477915586,0.10732577049448128,0.5700995160173519,-0.03315738461889377,-0.44711622292391084,1.3425215758611548
44892,44,0.568871796131134,-0.04833832010626793,0.5639488697052002,-0.05021236091852188,-0.4537317156791687,1.390068531036377,-0.479678213596344,1.3626189231872559,0.10641935467720032,0.012392450124025345,0.010619918815791607,0.09784271568059921,0.7899121046066284,1.0075974464416504,0.8368503451347351,0.6704211235046387,0.09527937322854996,0.00613027298822999,0.007115794811397791,0.06253178417682648,-2.052222490310669,13.199165344238281,-0.10217252394235257,0.10561791611928918,0.5649078611303084,-0.018268829734183978,-0.5282538810399047,1.5073142471463747
44893,44,0.5635511875152588,-0.033745117485523224,0.5588759183883667,-0.03615713492035866,-0.5824468731880188,1.5150494575500488,-0.5277603268623352,1.452750563621521,0.10655632615089417,0.012100620195269585,0.010544645600020885,0.10595190525054932,0.7918868064880371,1.0027871131896973,0.8354235887527466,0.6743689775466919,0.09600769728422165,0.005693359766155481,0.0071348752826452255,0.06923496723175049,2.864067554473877,10.009989738464355,-0.10799521448138033,0.10659147507756506,0.5596253223199097,-0.0031956872627191997,-0.5282538810398518,1.5073142471463747
44894,44,0.5579785704612732,-0.018456146121025085,0.5534418821334839,-0.02096349373459816,-0.5488238334655762,1.538074016571045,-0.5631425976753235,1.5711086988449097,0.12078219652175903,0.011844541877508163,0.01047851424664259,0.118851438164711,0.7928807735443115,0.9976471066474915,0.8340509533882141,0.6784664988517761,0.10438937693834305,0.00470344815403223,0.007033476606011391,0.07982360571622849,1.1949896812438965,16.559249877929688,-0.12226436791566639,0.12457041432190755,0.5537386716714797,0.013167383123319446,-0.6049189885339232,1.671013178378493
44895,44,0.5526410937309265,-0.001857947907410562,0.5479508638381958,-0.004433723166584969,-0.5366443395614624,1.7286916971206665,-0.5554003119468689,1.6995614767074585,0.12040252238512039,0.011619827710092068,0.010420423932373524,0.12125370651483536,0.794384777545929,0.9921298623085022,0.8326205611228943,0.6831638813018799,0.10817472636699677,0.004360698629170656,0.007013406604528427,0.08364864438772202,2.1428894996643066,13.629959106445312,-0.1219090577096772,0.11836803092733102,0.5476894817861404,0.029877514907105517,-0.6049189885339232,1.6710131783784947
44896,44,0.5472126007080078,0.015481727197766304,0.5421861410140991,0.01288519985973835,-0.5385444164276123,1.7519288063049316,-0.580253005027771,1.7711325883865356,0.1193799078464508,0.011422528885304928,0.010369372554123402,0.14158780872821808,0.7964322566986084,0.9864149689674377,0.8310249447822571,0.6874433159828186,0.11004208028316498,0.0037767570465803146,0.006518619600683451,0.09830885380506516,-4.442201614379883,16.573986053466797,-0.14738780412376823,0.1138943787337326,0.5411436157812993,0.047538699481011915,-0.6771115454060722,1.8092500090681671
44897,44,0.5408179759979248,0.03331625834107399,0.5360597372055054,0.030794255435466766,-0.7022547125816345,1.8151895999908447,-0.6322131752967834,1.8204954862594604,0.11810408532619476,0.011249409057199955,0.01032454427331686,0.1467890441417694,0.7990066409111023,0.9806287288665771,0.8291658163070679,0.692099928855896,0.1108279600739479,0.003999228589236736,0.006342776119709015,0.10369649529457092,-1.1623358726501465,10.398540496826172,-0.14836473108291742,0.11123734339375543,0.5343725003272385,0.06563119957169482,-0.6771115454060722,1.8092500090681671
44898,44,0.5335323214530945,0.05077898129820824,0.5292963981628418,0.049122024327516556,-0.7467097043991089,1.7040772438049316,-0.7082674503326416,1.8486076593399048,0.13049401342868805,0.011097465641796589,0.010285168886184692,0.1530943214893341,0.800719678401947,0.9747857451438904,0.8274954557418823,0.6968340873718262,0.11672675609588623,0.003378833644092083,0.006619633175432682,0.11110097169876099,2.8111934661865234,16.671926498413086,-0.1550626555752257,0.13397223979193176,0.5272031993709616,0.08435098077099266,-0.7448315516562987,1.9159326490930595
44899,44,0.5271762609481812,0.06894250214099884,0.5227162837982178,0.06834676861763,-0.5949893593788147,1.8513717651367188,-0.6593143343925476,1.925070881843567,0.13790671527385712,0.010963966138660908,0.010250551626086235,0.14989319443702698,0.8021541237831116,0.9687907099723816,0.825759768486023,0.7019624710083008,0.12503951787948608,0.0032471155282109976,0.006352761294692755,0.11146371811628342,-1.8205618858337402,16.197891235351562,-0.13394796856047358,0.14003961786911567,0.5197548838543996,0.10351030726192234,-0.7448315516562987,1.915932649093066
44900,44,0.5205599665641785,0.08725032955408096,0.5157257914543152,0.08702562004327774,-0.6841676235198975,1.8389488458633423,-0.704684317111969,1.8417139053344727,0.1340610682964325,0.010846862569451332,0.010220170021057129,0.1516737937927246,0.8045681118965149,0.9627612233161926,0.8237674236297607,0.7069952487945557,0.12803566455841064,0.003047358011826873,0.0059370193630456924,0.11420860141515732,-6.2338972091674805,16.38532257080078,-0.152235424858675,0.11417620946849355,0.5119979283516625,0.12303625156129333,-0.8080790072846027,1.9910610984531982
44901,44,0.5128015875816345,0.1055881530046463,0.508327841758728,0.10499202460050583,-0.828837513923645,1.8458083868026733,-0.7576854228973389,1.7785444259643555,0.13248395919799805,0.010743904858827591,0.010193446651101112,0.15073443949222565,0.8074648380279541,0.9565060138702393,0.8218586444854736,0.7122176289558411,0.12603889405727386,0.002718681935220957,0.0062758964486420155,0.11619478464126587,1.4584112167358398,15.747138977050781,-0.1460524891649314,0.12429110114626209,0.5039171382788165,0.1429468625458266,-0.8080790072846027,1.9910610984531851
44902,44,0.5055274367332458,0.12451043725013733,0.5010616183280945,0.12318961322307587,-0.6890866756439209,1.8939547538757324,-0.7322567701339722,1.8252254724502563,0.14187198877334595,0.010653423145413399,0.010169949382543564,0.14935147762298584,0.8095688223838806,0.9502819180488586,0.8198692798614502,0.7174134254455566,0.13241474330425262,0.002723537851125002,0.0058524333871901035,0.11660504341125488,-4.6520304679870605,16.97681427001953,-0.14244895179040357,0.14454681780452705,0.4956083086345943,0.1630265364199526,-0.8668539122909842,2.0346353571485243
44903,44,0.49777528643608093,0.1431274712085724,0.49329763650894165,0.14114394783973694,-0.8128172755241394,1.8534975051879883,-0.7902317047119141,1.7962915897369385,0.13836252689361572,0.010574020445346832,0.010149323381483555,0.1487346738576889,0.8123051524162292,0.9440908432006836,0.8177064061164856,0.7225217819213867,0.1344383805990219,0.0027147973887622356,0.00576790189370513,0.11754573881626129,-3.772292137145996,15.870302200317383,-0.14564551914453994,0.1204236621690927,0.48693976951168344,0.18337288999144177,-0.8668539122909842,2.0346353571485243
44904,44,0.4895305931568146,0.16150930523872375,0.4852778911590576,0.15928396582603455,-0.8344088792800903,1.8240853548049927,-0.814487099647522,1.8278130292892456,0.13804976642131805,0.010504260659217834,0.010131195187568665,0.14642687141895294,0.8153090476989746,0.9378136396408081,0.8155770897865295,0.7277153134346008,0.13395187258720398,0.0023482399992644787,0.0057599483989179134,0.11835029721260071,-3.428518772125244,19.303436279296875,-0.13483653213699423,0.1364444971778893,0.47811484613095173,0.20375385991500455,-0.9211562666754433,2.046655425179096
44905,44,0.48134645819664,0.18027308583259583,0.4772111475467682,0.17791762948036194,-0.8236335515975952,1.8962482213974,-0.81837397813797,1.8730133771896362,0.13793377578258514,0.010443069972097874,0.010115290060639381,0.14289551973342896,0.8183093667030334,0.931462287902832,0.8133238554000854,0.7329862713813782,0.1351027637720108,0.0023831045255064964,0.005525543354451656,0.11701253056526184,-4.516696929931641,17.297321319580078,-0.1250010469577012,0.13733695277245367,0.4689032834641974,0.22422041416679703,-0.9211562666754433,2.046655425179109
44906,44,0.4726720452308655,0.1989283710718155,0.46864190697669983,0.1965007483959198,-0.8907392621040344,1.8532696962356567,-0.8772367238998413,1.8594731092453003,0.1371387392282486,0.010389309376478195,0.010101314634084702,0.14097867906093597,0.8216713070869446,0.925213098526001,0.8106736540794373,0.738099217414856,0.13803431391716003,0.0023598603438585997,0.004856398794800043,0.11661964654922485,-11.339433670043945,18.60988998413086,-0.13120583002331115,0.13304348188700493,0.45959804675193267,0.24465024661447587,-0.9709860704379535,2.0271213025449013
44907,44,0.4623558223247528,0.21724505722522736,0.4592123329639435,0.21480870246887207,-1.1146695613861084,1.8373970985412598,-0.9805907607078552,1.8317298889160156,0.1398024559020996,0.01034204289317131,0.010089021176099777,0.13758650422096252,0.825340986251831,0.9188359975814819,0.8077390193939209,0.7433103322982788,0.1415521204471588,0.002115088514983654,0.0047172559425234795,0.11596796661615372,-7.224844932556152,18.104124069213867,-0.12020733390523092,0.14058276580209686,0.44988818604755426,0.26492145963992386,-0.9709860704379535,2.027121302544888
44908,44,0.45124369859695435,0.2359127253293991,0.4491328299045563,0.233444944024086,-1.130205750465393,1.87357759475708,-1.0559566020965576,1.8717759847640991,0.16631920635700226,0.010300562717020512,0.010078229941427708,0.1335492730140686,0.827558696269989,0.9123982191085815,0.8047960996627808,0.748573899269104,0.15873654186725616,0.0020870619919151068,0.0047803944908082485,0.11401849240064621,-3.434542417526245,16.608144760131836,-0.1126492403877083,0.17486086911066367,0.4401384164087297,0.2851477210864055,-1.0126689515058789,1.9801716321007776
44909,44,0.44041675329208374,0.2545821964740753,0.4381640553474426,0.25227436423301697,-1.0498671531677246,1.8526169061660767,-1.1399182081222534,1.8798460960388184,0.17552708089351654,0.010264107026159763,0.010068747214972973,0.130487322807312,0.8299047350883484,0.9062567353248596,0.8018805384635925,0.7535281181335449,0.17268088459968567,0.0026448953431099653,0.0048090144991874695,0.11103229969739914,-4.537105560302734,12.283687591552734,-0.11451108473051436,0.17866330414810178,0.429974983172944,0.3049080509788661,-1.0163433235785675,1.9760329892458999
44910,44,0.42983829975128174,0.27198681235313416,0.42622652649879456,0.270505428314209,-1.0353230237960815,1.676864743232727,-1.195715308189392,1.7947797775268555,0.17413224279880524,0.010232069529592991,0.010060411877930164,0.12685902416706085,0.8330198526382446,0.9002835750579834,0.7992490530014038,0.7583640217781067,0.17552238702774048,0.002332747681066394,0.00510445749387145,0.10985425114631653,-4.481980800628662,18.35669708251953,-0.10778354025835024,0.16752743462452288,0.41981154993715836,0.3246683808713266,-1.0344470675152253,1.9394388932179674
44911,44,0.42018190026283264,0.28941795229911804,0.4150986075401306,0.2884853780269623,-0.9379689693450928,1.7612169981002808,-1.0598558187484741,1.7617108821868896,0.172535702586174,0.010203910060226917,0.010053085163235664,0.11896351724863052,0.8364985585212708,0.8942462801933289,0.7965315580368042,0.763358473777771,0.17704162001609802,0.002364702522754669,0.00472810585051775,0.10466349124908447,-9.803640365600586,18.0780029296875,-0.07690977580783795,0.16495610154919368,0.4092441807515622,0.34361221275165504,-1.0572280260972593,1.8933904852821848
44912,44,0.4098972678184509,0.30672895908355713,0.40454909205436707,0.3052477538585663,-1.0675523281097412,1.7333444356918335,-1.0309776067733765,1.6356137990951538,0.1682990938425064,0.010179148055613041,0.0100466413423419,0.11367512494325638,0.8404611349105835,0.8882379531860352,0.7936386466026306,0.7682697176933289,0.1761144995689392,0.002360828686505556,0.004602894186973572,0.10059580951929092,-8.9234619140625,16.35352325439453,-0.08509452091818556,0.14809103184105368,0.3986719004905897,0.3625461176044781,-1.0572280260972593,1.8933904852821848
44913,44,0.3990340828895569,0.3239070773124695,0.39432185888290405,0.3213958442211151,-1.0954288244247437,1.7061463594436646,-1.019365906715393,1.6104718446731567,0.16787947714328766,0.010157415643334389,0.01004098542034626,0.10820717364549637,0.8444321155548096,0.8822582364082336,0.7907714247703552,0.7731151580810547,0.1747683435678482,0.0023308112286031246,0.004631475079804659,0.09676370769739151,-7.487366199493408,16.93050765991211,-0.07822120607325722,0.16586414929007023,0.38777628469460607,0.38046596952632017,-1.0936401779940284,1.7791937906536368
44914,44,0.38831159472465515,0.34098365902900696,0.3842056691646576,0.3376895785331726,-1.063689112663269,1.697303295135498,-1.0168170928955078,1.6382213830947876,0.16906671226024628,0.010138305835425854,0.010036010295152664,0.10259454697370529,0.8481700420379639,0.8763741850852966,0.7878627181053162,0.7778635621070862,0.17604701220989227,0.0024334813933819532,0.0044787866063416,0.09232421964406967,-8.876440048217773,16.637493133544922,-0.07142683867837363,0.16945530603573067,0.37683988291466597,0.39825790743285777,-1.093640177994002,1.7791937906536368
44915,44,0.3774494230747223,0.3576546013355255,0.3738027513027191,0.35403141379356384,-1.0933257341384888,1.6517783403396606,-1.0518006086349487,1.6385633945465088,0.16807299852371216,0.010121519677340984,0.010031639598309994,0.09760042279958725,0.8520459532737732,0.870700478553772,0.7848145365715027,0.7823957800865173,0.1774701476097107,0.0027536486741155386,0.004272202495485544,0.08791247755289078,-10.260315895080566,14.156012535095215,-0.06948831185231008,0.16330996572229362,0.36565180091327015,0.41490134587089567,-1.1255797792688487,1.6334429053603086
44916,44,0.36610716581344604,0.3735504448413849,0.3629080355167389,0.37016579508781433,-1.1535542011260986,1.5517845153808594,-1.108165979385376,1.6019535064697266,0.167803093791008,0.010106774047017097,0.010027800686657429,0.09226959943771362,0.8560231924057007,0.8653190732002258,0.7817900776863098,0.7866987586021423,0.177210733294487,0.0030619637109339237,0.004421697463840246,0.08321120589971542,-6.733431816101074,11.973066329956055,-0.06186097166698348,0.16650713825898245,0.3543960031205816,0.4312357749245,-1.1255797792688487,1.633442905360335
44917,44,0.35499414801597595,0.388587087392807,0.3518088161945343,0.3860407769680023,-1.0826845169067383,1.4591119289398193,-1.1154016256332397,1.5614405870437622,0.1731017529964447,0.010093819350004196,0.010024430230259895,0.08558846265077591,0.8594920039176941,0.8601576089859009,0.7789126634597778,0.7909024953842163,0.18001341819763184,0.0030395686626434326,0.004467957653105259,0.07808390259742737,-7.850295066833496,15.445392608642578,-0.04687512786241321,0.17487326861611496,0.3429512353187479,0.4463965424843052,-1.1530468299217729,1.4628495935163697
44918,44,0.34442219138145447,0.403256893157959,0.340814471244812,0.4013243317604065,-1.0441111326217651,1.4654759168624878,-1.0895617008209229,1.4862929582595825,0.17133739590644836,0.010082442313432693,0.010021466761827469,0.0778793916106224,0.8631316423416138,0.8550161719322205,0.7759016156196594,0.7951341271400452,0.18255117535591125,0.00301133724860847,0.004103244747966528,0.07190608233213425,-12.513134002685547,16.64437484741211,-0.03234177410823863,0.1629364473597871,0.3314207670195303,0.46102503841947,-1.1530468299217465,1.4628495935163697
44919,44,0.3332887291908264,0.41782259941101074,0.32975098490715027,0.4155002534389496,-1.1544833183288574,1.463391900062561,-1.1081411838531494,1.3770641088485718,0.16840891540050507,0.010072415694594383,0.010018855333328247,0.07159219682216644,0.8673643469810486,0.8501814007759094,0.7725687623023987,0.7990135550498962,0.1834203600883484,0.004078704863786697,0.0037395525723695755,0.06451226025819778,-11.603431701660156,7.218925952911377,-0.03393344715446353,0.1544696646403041,0.31975509382223255,0.47466225315573196,-1.1760413299527748,1.2942609115783388
44920,44,0.32100826501846313,0.4307524561882019,0.3180534243583679,0.428407222032547,-1.2500617504119873,1.2047086954116821,-1.1861814260482788,1.260449767112732,0.1690545380115509,0.010063625872135162,0.010016568005084991,0.06650516390800476,0.8715784549713135,0.8457880020141602,0.7693870067596436,0.8025898933410645,0.181971937417984,0.0036788731813430786,0.004086557310074568,0.061031900346279144,-8.675576210021973,13.684167861938477,-0.035471393651796024,0.16926570930520357,0.30799468052270357,0.4876048622715178,-1.1760413299527748,1.2942609115783388
44921,44,0.3094504177570343,0.44345828890800476,0.3067397475242615,0.44124385714530945,-1.127069354057312,1.2709765434265137,-1.1321535110473633,1.252433180809021,0.18021751940250397,0.010055904276669025,0.010014557279646397,0.05866507440805435,0.8749133348464966,0.8415208458900452,0.7662108540534973,0.8060919046401978,0.18959617614746094,0.004246648401021957,0.003926662728190422,0.0538799986243248,-9.23040771484375,9.472177505493164,0.0031765737534575067,0.1839645184331586,0.2961438823349185,0.4997673138261404,-1.1945632793618277,1.1343886236603582
44922,44,0.2979225218296051,0.45510658621788025,0.2949736714363098,0.45290759205818176,-1.146694302558899,1.1072373390197754,-1.1851043701171875,1.1187360286712646,0.17740795016288757,0.010049122385680676,0.0100127924233675,0.05203206092119217,0.8786059021949768,0.8375663757324219,0.7630190849304199,0.809419572353363,0.19246287643909454,0.004144481848925352,0.0038570768665522337,0.048323310911655426,-12.521230697631836,14.758787155151367,-0.008134438192069854,0.16423504455126367,0.2841982495413002,0.5111112000627446,-1.1945632793618277,1.1343886236603318
44923,44,0.28638914227485657,0.46642792224884033,0.28330713510513306,0.4637872576713562,-1.1663731336593628,1.1458439826965332,-1.157470941543579,1.0556923151016235,0.1753610521554947,0.015244563110172749,0.010011239908635616,0.04638536274433136,0.8827692270278931,0.8331102728843689,0.7597416043281555,0.8124817609786987,0.19216829538345337,0.008524860255420208,0.0037679444067180157,0.042410094290971756,-10.405790328979492,7.285749912261963,0.015979927566877994,0.1657198048335342,0.27219810676800327,0.5218686195878885,-1.2086126781489581,0.983232729762349
44924,44,0.27450641989707947,0.4766950309276581,0.27144235372543335,0.47371041774749756,-1.18411123752594,0.9567345380783081,-1.1885591745376587,0.9633346796035767,0.17390850186347961,0.01459953747689724,0.010009873658418655,0.04155990853905678,0.8869284987449646,0.8297445178031921,0.7565803527832031,0.8152009844779968,0.19019794464111328,0.008731979876756668,0.0038913749158382416,0.0380919948220253,-9.671669006347656,9.357285499572754,0.008516374041424357,0.16704059179935749,0.260111979986515,0.531700946885512,-1.2086126781489845,0.983232729762349
44925,44,0.2630605697631836,0.48604828119277954,0.259852796792984,0.4831852316856384,-1.1252795457839966,0.9024564623832703,-1.145530343055725,0.9153722524642944,0.1730043888092041,0.03338216617703438,0.0100086759775877,0.037426963448524475,0.8909897804260254,0.8247683644294739,0.753389835357666,0.8174675107002258,0.18975234031677246,0.022430608049035072,0.003729763440787792,0.03355460241436958,-10.923562049865723,4.895937442779541,0.036481371364288084,0.16870917528994345,0.24799827303268154,0.5411230655333379,-1.2181895263142055,0.8407932298844696
44926,44,0.25144848227500916,0.49377739429473877,0.24818527698516846,0.4914708733558655,-1.1616872549057007,0.7017697691917419,-1.1558228731155396,0.7767595648765564,0.1703794300556183,0.04240333288908005,0.010007623583078384,0.03386884927749634,0.8951627016067505,0.8210103511810303,0.750115156173706,0.8194608688354492,0.18897396326065063,0.030353710055351257,0.0034823513124138117,0.03067038208246231,-15.178068161010742,10.51852035522461,0.044002101118779224,0.15786744743028686,0.23581637776953956,0.5495309978321831,-1.2181895263142055,0.8407932298844696
44927,44,0.2395041584968567,0.5009581446647644,0.23681554198265076,0.4987582564353943,-1.2299724817276,0.7326213717460632,-1.1315484046936035,0.6791912913322449,0.16886401176452637,0.07065162062644958,0.010006699711084366,0.03079688549041748,0.8995853066444397,0.8159363865852356,0.7465560436248779,0.8212766647338867,0.18922430276870728,0.0495113767683506,0.003169124247506261,0.027503157034516335,-14.57612419128418,5.312838554382324,0.07623817978812629,0.16161332541140794,0.2236248870401465,0.5576875467548501,-1.223293823857491,0.707070124026588
44928,44,0.22661127150058746,0.507455050945282,0.2250586599111557,0.5047757029533386,-1.3158986568450928,0.6161566376686096,-1.196264386177063,0.5647865533828735,0.17025792598724365,0.07231898605823517,0.010005886666476727,0.028138713911175728,0.903904139995575,0.8129076361656189,0.7430450916290283,0.8229729533195496,0.1891588270664215,0.05485009029507637,0.0033417437225580215,0.025332169607281685,-10.611571311950684,5.743129253387451,0.0726663432120687,0.1707166363199392,0.21139194880157008,0.5647582479951174,-1.223293823857491,0.707070124026588
44929,44,0.21409061551094055,0.5136949419975281,0.21311867237091064,0.5104135274887085,-1.2250168323516846,0.6072849631309509,-1.2187373638153076,0.5436770915985107,0.18080203235149384,0.08871272951364517,0.010005170479416847,0.025835629552602768,0.907355546951294,0.8094266057014465,0.7397356033325195,0.8246482610702515,0.19520358741283417,0.06476195156574249,0.0035136183723807335,0.023396002128720284,-9.658899307250977,7.225606441497803,0.09234893960998246,0.184375292044161,0.1991584547015898,0.5717189583447878,-1.2238743932254685,0.5921901535381006
44930,44,0.20237545669078827,0.5198514461517334,0.20079642534255981,0.5158121585845947,-1.1338826417922974,0.6156378984451294,-1.2441227436065674,0.5343440175056458,0.17903336882591248,0.09309600293636322,0.010004543699324131,0.023836305364966393,0.9109312295913696,0.8065517544746399,0.7365609407424927,0.8262738585472107,0.19732065498828888,0.06999875605106354,0.0035654210951179266,0.021722940728068352,-10.826961517333984,7.153568267822266,0.09411806993929808,0.17076239060352333,0.18691919899380105,0.5775395924666759,-1.2239255707788805,0.582063412188757
44931,44,0.1911352574825287,0.5258954167366028,0.18833544850349426,0.5210926532745361,-1.1092267036437988,0.6035053730010986,-1.2267436981201172,0.5347470045089722,0.17490021884441376,0.09339549392461777,0.010003992356359959,0.022095900028944016,0.914866030216217,0.8042315244674683,0.7334960103034973,0.8279107809066772,0.1947418749332428,0.0710374116897583,0.003622134681791067,0.020303497090935707,-10.762629508972168,6.977434158325195,0.09346356518627336,0.15549015797624682,0.1746799432860123,0.5833602265885639,-1.2221639080016642,0.530570066110839
44932,44,0.1801806390285492,0.5319237112998962,0.176513209939003,0.5266116857528687,-1.0813618898391724,0.607038140296936,-1.1372016668319702,0.568965494632721,0.17045080661773682,0.09370721131563187,0.010003508999943733,0.020583493635058403,0.9190430045127869,0.802143394947052,0.7302844524383545,0.8294206261634827,0.19220513105392456,0.07184434682130814,0.003229563357308507,0.01878979615867138,-14.975214958190918,5.389838218688965,0.09378163252650074,0.14929916244610264,0.16247999430558743,0.5880319263392185,-1.2199471087084592,0.46577309437097664
44933,44,0.16850319504737854,0.5374007225036621,0.16513755917549133,0.5320304036140442,-1.2033963203430176,0.5308212637901306,-1.1144694089889526,0.5442301630973816,0.16555042564868927,0.0934126004576683,0.01000308245420456,0.019264623522758484,0.9234349131584167,0.8002660274505615,0.7270328402519226,0.830833911895752,0.187257781624794,0.07197767496109009,0.003351503051817417,0.01753171533346176,-10.956184387207031,3.6159396171569824,0.09172590911261888,0.14203173279299758,0.15028052321850285,0.5926896572829286,-1.2199471087084592,0.46577309437097664
44934,44,0.15690314769744873,0.5425392985343933,0.15432898700237274,0.5375783443450928,-1.1401121616363525,0.49112144112586975,-1.0701618194580078,0.5470923185348511,0.16440071165561676,0.0993725061416626,0.010002708062529564,0.01811349019408226,0.927644670009613,0.7981969714164734,0.7237460017204285,0.83203125,0.18506212532520294,0.07596009969711304,0.003069754224270582,0.016272950917482376,-14.145698547363281,3.453369140625,0.10078922146949447,0.1588483352699896,0.13816220805793425,0.5963921447051074,-1.2108078041667532,0.35819917057324685
44935,44,0.14501769840717316,0.5469408631324768,0.14339080452919006,0.5425466895103455,-1.208643913269043,0.414270281791687,-1.1007922887802124,0.4664461016654968,0.16155171394348145,0.10370859503746033,0.010002379305660725,0.017108725383877754,0.9317750334739685,0.7962456345558167,0.720548152923584,0.8331573605537415,0.1815052628517151,0.07940353453159332,0.0033563831821084023,0.01540787611156702,-9.546844482421875,3.4621429443359375,0.10477972297666528,0.14772266972689077,0.12605413001626672,0.59997413641084,-1.2108078041667598,0.35819917057324685
44936,44,0.13372325897216797,0.5511809587478638,0.13258697092533112,0.5471680164337158,-1.0947976112365723,0.4062778353691101,-1.0907946825027466,0.4356521964073181,0.16080521047115326,0.11207892000675201,0.01000208780169487,0.016230806708335876,0.9356836676597595,0.7942562103271484,0.7174230217933655,0.8340212106704712,0.17974695563316345,0.08615874499082565,0.0032246881164610386,0.01422649621963501,-11.893692016601562,0.45197248458862305,0.11422700576283651,0.15716555374809085,0.11405982014674375,0.602777142656703,-1.1963699987838148,0.25934164079551475
44937,44,0.12251175940036774,0.5543755888938904,0.12123265862464905,0.5507515668869019,-1.116446614265442,0.2753284275531769,-1.1430320739746094,0.3183186650276184,0.15695306658744812,0.11298750340938568,0.01000183541327715,0.015462049283087254,0.939605176448822,0.792837917804718,0.7143526673316956,0.834905207157135,0.1766754388809204,0.08774910867214203,0.0032432146836072206,0.01394180953502655,-12.94236946105957,6.573150157928467,0.11321630631769558,0.13811754456129027,0.10209612015890618,0.6053705590646583,-1.1963699987838148,0.25934164079551475
44938,44,0.1115569919347763,0.5578713417053223,0.11012516915798187,0.553892195224762,-1.0984151363372803,0.379636287689209,-1.1036595106124878,0.29513272643089294,0.15401455760002136,0.12745815515518188,0.010001614689826965,0.01479077897965908,0.9435837864875793,0.7907120585441589,0.711268424987793,0.8357304930686951,0.17327502369880676,0.09612670540809631,0.003216888289898634,0.012998850084841251,-10.22067928314209,0.43466806411743164,0.1314753341692953,0.13948718989946662,0.09026820358716096,0.607343815286365,-1.1766336925598029,0.16920050503783327
44939,44,0.10057752579450607,0.5609549283981323,0.098922960460186,0.556500256061554,-1.0850588083267212,0.26185256242752075,-1.1201682090759277,0.24663372337818146,0.15075664222240448,0.12520238757133484,0.010001418180763721,0.014203852042555809,0.9475241899490356,0.7894604206085205,0.7081950902938843,0.8363729119300842,0.17007307708263397,0.09886713325977325,0.0030872842762619257,0.012495186179876328,-12.9698486328125,2.7374887466430664,0.11324494919941297,0.1344982267847633,0.07850186666156214,0.609035820336744,-1.1766336925598029,0.16920050503783327
44940,44,0.08955195546150208,0.5634939074516296,0.08783305436372757,0.5588440299034119,-1.1163551807403564,0.2457321733236313,-1.0955862998962402,0.22336715459823608,0.1473962366580963,0.12750492990016937,0.010001245886087418,0.013688836246728897,0.9514747858047485,0.7885262966156006,0.7051509022712708,0.8368957042694092,0.16593286395072937,0.10096745193004608,0.003223713021725416,0.011692076921463013,-8.861230850219727,-1.377798318862915,0.128157691888235,0.13054154344123978,0.06688273139432388,0.6102490576864552,-1.1515988854946375,0.08777576330025526
44941,44,0.07879485934972763,0.565336287021637,0.07702788710594177,0.5608913898468018,-1.0468389987945557,0.13461051881313324,-1.0700172185897827,0.1825566589832306,0.14511364698410034,0.128047376871109,0.01000109314918518,0.013237964361906052,0.955145537853241,0.7877957820892334,0.7023612856864929,0.8374280333518982,0.16169744729995728,0.10107283294200897,0.0033778573852032423,0.011706600897014141,-10.003070831298828,6.304314136505127,0.1282059655701857,0.13357145800095638,0.05536674253937679,0.6111268153194579,-1.1515988854946277,0.08777576330025526
44942,44,0.06885886192321777,0.5674971342086792,0.06690061837434769,0.5628792643547058,-0.9746301770210266,0.2575150430202484,-0.9863528609275818,0.18947313725948334,0.14118127524852753,0.13980500400066376,0.01000095997005701,0.012841807678341866,0.9588425159454346,0.7864146828651428,0.6994411945343018,0.8378563523292542,0.15902721881866455,0.10803541541099548,0.0030424895230680704,0.010971819050610065,-12.302504539489746,0.3729104995727539,0.14316162342505254,0.12122636936529843,0.04399877658337197,0.6116497649493343,-1.121265577588303,0.015067415582674975
44943,44,0.0583479218184948,0.5690624117851257,0.05667228624224663,0.5641550421714783,-1.073414921760559,0.12104061245918274,-1.0156124830245972,0.11554659903049469,0.13561995327472687,0.1368320733308792,0.010000841692090034,0.012494243681430817,0.9628545641899109,0.785696268081665,0.696349561214447,0.8382500410079956,0.15493758022785187,0.1091897040605545,0.0027089708019047976,0.010952207259833813,-15.226534843444824,4.637055397033691,0.12159166482948404,0.10712027457820661,0.032786120807488175,0.6118004391051611,-1.121265577588303,0.015067415582674975
44944,44,0.047218479216098785,0.5707093477249146,0.04670817777514458,0.5654389262199402,-1.1494449377059937,0.19171878695487976,-0.9901373982429504,0.13613757491111755,0.13310541212558746,0.13896897435188293,0.010000741109251976,0.012189701199531555,0.9669849872589111,0.7849926948547363,0.6930711269378662,0.8387223482131958,0.15157102048397064,0.10962358117103577,0.002650718903169036,0.01054509449750185,-12.217735290527344,1.1501312255859375,0.13958986879279903,0.12007832502952007,0.02171171216944745,0.6117028321673629,-1.0856337688408215,-0.04892453811485471
44945,44,0.03557422384619713,0.5724483728408813,0.03661797195672989,0.5668922662734985,-1.1679956912994385,0.15387402474880219,-1.0404537916183472,0.15172603726387024,0.13281475007534027,0.13678152859210968,0.010000652633607388,0.011922772042453289,0.9708670973777771,0.7845034003257751,0.6898376941680908,0.8390626907348633,0.14959275722503662,0.10982878506183624,0.0027225667145103216,0.010162744671106339,-10.556089401245117,-0.016063451766967773,0.125525864757796,0.1313017751546054,0.01085537448103719,0.6112135867862144,-1.0856337688408215,-0.04892453811485471
44946,44,0.024158595129847527,0.573693573474884,0.02573012374341488,0.5683842301368713,-1.1188132762908936,0.09797359257936478,-1.1348541975021362,0.1403319388628006,0.13466176390647888,0.13522441685199738,0.010000571608543396,0.011688308790326118,0.9742612242698669,0.7843039035797119,0.6868767738342285,0.8392390012741089,0.1487596035003662,0.10972696542739868,0.003054173896089196,0.009724107570946217,-6.842155456542969,-1.879103183746338,0.12718999978198883,0.13518682605316062,0.00011691116768985498,0.6105651544329016,-1.0447034592521818,-0.10420009779233382
44947,44,0.013829397037625313,0.5742452144622803,0.01412525586783886,0.5696009397506714,-0.9742494225502014,0.015466207638382912,-1.1840749979019165,0.09192196279764175,0.13375499844551086,0.13465622067451477,0.0100005017593503,0.011482545174658298,0.9774789214134216,0.7842831015586853,0.6840436458587646,0.8393195867538452,0.1487419605255127,0.1092865988612175,0.002828470431268215,0.009655565023422241,-13.249368667602539,3.4336042404174805,0.13171725298315415,0.12905687767843943,-0.010330123424832676,0.6095231534549782,-1.0447034592521822,-0.10420009779233382
44948,44,0.0036710184067487717,0.5745746493339539,0.0021904821041971445,0.5701041221618652,-1.043475866317749,0.04678092524409294,-1.1743406057357788,0.0221070796251297,0.12939287722110748,0.13987258076667786,0.01000044122338295,0.01130212377756834,0.9809358716011047,0.7837972044944763,0.6812925934791565,0.8395900130271912,0.1447548121213913,0.11039255559444427,0.0030989726074039936,0.009709782898426056,-7.496044635772705,3.9541172981262207,0.14141399376369626,0.10662004282904539,-0.020690253406756197,0.6083936268383116,-0.9984746488223865,-0.15075926344976232
44949,44,-0.005947871133685112,0.5756380558013916,-0.008621634915471077,0.5706245303153992,-0.9304556250572205,0.12852884829044342,-1.0229729413986206,0.05778522789478302,0.1273537576198578,0.1388603001832962,0.010000387206673622,0.01114338543266058,0.9842146039009094,0.783280074596405,0.678766667842865,0.8399102687835693,0.14062264561653137,0.11065404862165451,0.003225663211196661,0.00960954837501049,-6.499016284942627,3.0402183532714844,0.1336889588078943,0.11666435331344936,-0.03067499989497955,0.6068860342038138,-0.9984746488223865,-0.15075926344976232
44950,44,-0.014916077256202698,0.5769206881523132,-0.018153073266148567,0.5712979435920715,-0.864579975605011,0.13220608234405518,-0.8873447179794312,0.0827547088265419,0.12276322394609451,0.1352834850549698,0.010000339709222317,0.01100452896207571,0.987439751625061,0.7830910086631775,0.6762987971305847,0.840114176273346,0.13642464578151703,0.10985901951789856,0.0031525571830570698,0.009260308928787708,-8.2841796875,0.5108547210693359,0.11681231973383627,0.09837694816959058,-0.04061440853875252,0.6053451444759532,-0.9511215434480615,-0.1855364080125649
44951,44,-0.02375946193933487,0.5776082873344421,-0.026735633611679077,0.571908175945282,-0.8736838698387146,0.0412282720208168,-0.8079413175582886,0.061352699995040894,0.11710386723279953,0.13127176463603973,0.010000296868383884,0.010882281698286533,0.9907697439193726,0.7832795977592468,0.6738924980163574,0.840120792388916,0.1304437518119812,0.10854548215866089,0.003211038652807474,0.008886504918336868,-8.109993934631348,-1.373903751373291,0.11045419794166295,0.08678971015260308,-0.050083881914267506,0.6034591241250814,-0.9469473375514328,-0.1886020350871931
44952,44,-0.0323544442653656,0.5774641036987305,-0.03442357853055,0.5723082423210144,-0.8398534655570984,-0.05046174302697182,-0.7346541881561279,0.023087743669748306,0.11229517310857773,0.1293715089559555,0.0100002596154809,0.01077499520033598,0.9938888549804688,0.7835460305213928,0.6717866659164429,0.8402022123336792,0.12337762862443924,0.10558301210403442,0.0035351188853383064,0.009095183573663235,-6.428408622741699,4.364073276519775,0.11943292675294237,0.08618723903588404,-0.059553355289782485,0.6015731037742095,-0.9217848711986492,-0.2014991934301282
44953,44,-0.039842113852500916,0.5778025984764099,-0.0409991592168808,0.5727905035018921,-0.7059102058410645,0.0625552162528038,-0.6301002502441406,0.04019933193922043,0.10729150474071503,0.12952283024787903,0.010000230744481087,0.010680848732590675,0.9968733191490173,0.7835748791694641,0.6696829795837402,0.8401914834976196,0.11828833818435669,0.10566788166761398,0.0032646702602505684,0.008739092387259007,-10.097930908203125,0.7917881011962891,0.12956592964764674,0.07976442164611564,-0.06846139646755427,0.5993993183111417,-0.8901215254393259,-0.21772841270457324
44954,44,-0.047546420246362686,0.5776385068893433,-0.04768693447113037,0.572569727897644,-0.7896344065666199,-0.048314452171325684,-0.6704221367835999,-0.04232054203748703,0.09951009601354599,0.12607906758785248,0.010000203736126423,0.01059807650744915,1.000086784362793,0.7838597893714905,0.6675368547439575,0.8401190638542175,0.11092372983694077,0.10439876466989517,0.0033056403044611216,0.008687281049787998,-9.391898155212402,2.2098684310913086,0.10797021666038413,0.056095431396804535,-0.07736261172194812,0.5972220341840961,-0.8901215254393259,-0.2177284127045204
44955,44,-0.0552547350525856,0.5772858262062073,-0.05425515025854111,0.5721971392631531,-0.7634220123291016,-0.03519109636545181,-0.6648235321044922,-0.04183525964617729,0.09457969665527344,0.12520119547843933,0.010000179521739483,0.010525422170758247,1.0030772686004639,0.7841141223907471,0.6656419038772583,0.8400992155075073,0.10322655737400055,0.10262332111597061,0.003628981299698353,0.008673061616718769,-5.179716110229492,2.4678492546081543,0.1205563055379569,0.06660024165199727,-0.08571217053969685,0.594863511854356,-0.8279972124860627,-0.23813839630184996
44956,44,-0.061989858746528625,0.5771594643592834,-0.06087296083569527,0.5719701647758484,-0.6253997683525085,-0.015132211148738861,-0.6814287900924683,-0.026522565633058548,0.08956785500049591,0.12355810403823853,0.010000157169997692,0.010461626574397087,1.0057286024093628,0.7843379974365234,0.6639179587364197,0.8400118947029114,0.09731927514076233,0.10190308839082718,0.0035859523341059685,0.0085360212251544,-7.667255401611328,2.656536102294922,0.1148343216410128,0.060750319726853616,-0.093992142664558,0.5924821278913373,-0.8279972124860561,-0.23813839630184996
44957,44,-0.06829267740249634,0.5767725706100464,-0.06800611317157745,0.5714694261550903,-0.6281961798667908,-0.0494205579161644,-0.7235373854637146,-0.059988901019096375,0.08190622180700302,0.12100151926279068,0.0100001385435462,0.010405509732663631,1.0083657503128052,0.7846454977989197,0.6624122858047485,0.8399778604507446,0.08897954970598221,0.0998692438006401,0.003931564278900623,0.00857559684664011,-3.2987701892852783,3.1810927391052246,0.10738813917360568,0.03722483416887698,-0.10174083111555463,0.5900085998470853,-0.7605743986916399,-0.24983198587912894
44958,44,-0.07363484799861908,0.5765841603279114,-0.07480818033218384,0.571152925491333,-0.48762696981430054,-0.015612715855240822,-0.6553941369056702,-0.02551509626209736,0.0750473141670227,0.11904024332761765,0.010000122711062431,0.010356270708143711,1.010932445526123,0.7849091291427612,0.6609592437744141,0.8399627804756165,0.08194359391927719,0.0979326069355011,0.0036534355022013187,0.00862635113298893,-8.487868309020996,5.559203624725342,0.10852329315717567,0.0342173672801214,-0.10934657510247155,0.5875102799882939,-0.7605743986916399,-0.24983198587907607
44959,44,-0.07912390679121017,0.5765258073806763,-0.08106063306331635,0.5707465410232544,-0.5823061466217041,0.009973042644560337,-0.5781869888305664,-0.03421289473772049,0.0658622607588768,0.1159009262919426,0.010000108741223812,0.010313021950423717,1.013865351676941,0.7851840257644653,0.6592926979064941,0.8399373888969421,0.07352489978075027,0.09610076248645782,0.003504823660477996,0.00842344295233488,-6.934076309204102,1.7433357238769531,0.09895947854017499,0.008749123665833344,-0.11645200517998787,0.58499147738169,-0.6878530840560638,-0.2528091814364102
44960,44,-0.0852256491780281,0.5762773156166077,-0.08648452162742615,0.5704175233840942,-0.6242998838424683,-0.047561127692461014,-0.5100595355033875,-0.02687307819724083,0.05940544605255127,0.1119280532002449,0.010000095702707767,0.010275030508637428,1.0166624784469604,0.7855880856513977,0.6577267050743103,0.8399420380592346,0.06535647809505463,0.09287643432617188,0.0037033373955637217,0.008542108349502087,-4.145195484161377,4.371628761291504,0.09030088859468029,0.01928792350641717,-0.12333053602054894,0.5824633855673261,-0.6878530840560572,-0.25280918143635733
44961,44,-0.09086970239877701,0.5762622952461243,-0.0909862071275711,0.570503830909729,-0.5418063998222351,0.00819648802280426,-0.43032583594322205,0.01272096112370491,0.05457040295004845,0.10924383997917175,0.010000085458159447,0.010241650976240635,1.0190651416778564,0.7859485745429993,0.6563026905059814,0.8398628830909729,0.059271376579999924,0.09102154523134232,0.0038139724638313055,0.008277533575892448,-2.8059864044189453,1.2010860443115234,0.09451314011845695,0.024060408057754376,-0.12975031971785722,0.57996903955053,-0.6098332685793347,-0.24706998297358798
44962,44,-0.09602567553520203,0.5758110284805298,-0.09538261592388153,0.5703957080841064,-0.4853261709213257,-0.0770016610622406,-0.445491224527359,-0.02657645009458065,0.048553451895713806,0.10496306419372559,0.010000077076256275,0.01021233107894659,1.0214087963104248,0.7865579128265381,0.6549109220504761,0.8396700620651245,0.05358143150806427,0.08858174830675125,0.003658327041193843,0.008243105374276638,-6.890669822692871,3.8232827186584473,0.08126285973215576,0.009878247524532327,-0.13584865240365093,0.5774983397207942,-0.6098332685793215,-0.24706998297353513
44963,44,-0.10119690001010895,0.5749918222427368,-0.10004182159900665,0.5698517560958862,-0.5308607220649719,-0.08325502276420593,-0.4758959114551544,-0.07131385058164597,0.04341200366616249,0.10270605981349945,0.010000069625675678,0.01018653903156519,1.0236458778381348,0.7870780825614929,0.6536319851875305,0.8396027088165283,0.0475204735994339,0.08540212363004684,0.003864915808662772,0.008352496661245823,-2.908294200897217,5.285670757293701,0.09013054213575646,-0.0005756336820673807,-0.14154040171401944,0.5750981814459674,-0.5265149522614461,-0.23261439049066232
44964,44,-0.10576251894235611,0.5746666193008423,-0.10459733754396439,0.5693928599357605,-0.4280533194541931,-0.020135704427957535,-0.4654642939567566,-0.0477367527782917,0.03900717571377754,0.10047955065965652,0.010000060312449932,0.010163872502744198,1.025675654411316,0.7874289751052856,0.6524223685264587,0.8395168781280518,0.042892131954431534,0.08366475254297256,0.0037845908664166927,0.008279560133814812,-4.810329437255859,4.564027786254883,0.08801027536278937,0.005154525869533452,-0.14680555123663416,0.5727720375410602,-0.5265149522614327,-0.2326143904907152
44965,44,-0.11023624986410141,0.5742637515068054,-0.10951899737119675,0.5687628388404846,-0.45573168992996216,-0.050061970949172974,-0.5007175207138062,-0.06663382798433304,0.035228874534368515,0.09659700095653534,0.01165724080055952,0.010143990628421307,1.027482271194458,0.7878889441490173,0.6512826085090637,0.8394405841827393,0.038381773978471756,0.08100344985723495,0.004831716883927584,0.008279560133814812,-0.952904224395752,3.9269328117370605,0.07463768831193658,-0.011897287675208076,-0.1517268781533339,0.5705357981603627,-0.43789813510238434,-0.20944240398784464
44966,44,-0.11405738443136215,0.5738747715950012,-0.1142180785536766,0.5683350563049316,-0.34298598766326904,-0.044626619666814804,-0.45651987195014954,-0.038534197956323624,0.03197049722075462,0.0934685543179512,0.011455333791673183,0.010126516222953796,1.0290403366088867,0.7883820533752441,0.6503521203994751,0.8393475413322449,0.03493598848581314,0.07830939441919327,0.004734024405479431,0.008293738588690758,-3.1187939643859863,5.681095123291016,0.07562706825070971,-0.008473425155205674,-0.15610585950435812,0.5684413741204845,-0.43789813510239756,-0.20944240398784464
44967,44,-0.11751323193311691,0.573466956615448,-0.11855031549930573,0.567887544631958,-0.3460412919521332,-0.035884395241737366,-0.40053650736808777,-0.04622187092900276,0.029149940237402916,0.09019745886325836,0.024993762373924255,0.01011113915592432,1.0303292274475098,0.7887696623802185,0.6491398215293884,0.8393875360488892,0.031387243419885635,0.07493201643228531,0.01133046392351389,0.008446763269603252,1.0211777687072754,6.76349401473999,0.07143582697696922,-0.026883184225079945,-0.16021437602066105,0.5664387847860761,-0.3439828171021762,-0.17755402346492352
44968,44,-0.12015248090028763,0.5735881328582764,-0.1217406764626503,0.5677893757820129,-0.22728124260902405,0.02780500054359436,-0.27237585186958313,0.002274470403790474,0.026714496314525604,0.08681988716125488,0.026989750564098358,0.010097661055624485,1.031473159790039,0.789034366607666,0.6483330130577087,0.8394734859466553,0.02922077476978302,0.07199451327323914,0.012177365832030773,0.008507614023983479,-3.140990734100342,7.878589630126953,0.06721296856173567,-0.027315669365456353,-0.16365420419168317,0.5646632445514271,-0.3439828171021762,-0.17755402346487065
44969,44,-0.12290847301483154,0.5738906860351562,-0.12419095635414124,0.5677596926689148,-0.29448750615119934,0.046189021319150925,-0.2049570381641388,0.011964468285441399,0.024596843868494034,0.08199982345104218,0.044476985931396484,0.01008579507470131,1.032684087753296,0.7893592119216919,0.6469197273254395,0.8395683765411377,0.02720230259001255,0.06862027943134308,0.01994946412742138,0.008431554771959782,-2.651231288909912,5.592799186706543,0.05380630850750652,-0.0472929158789445,-0.16690752230085906,0.5629640364154689,-0.2447689982608348,-0.13694924892189891
44970,44,-0.12608934938907623,0.5741252899169922,-0.12600500881671906,0.5679528117179871,-0.3292996883392334,0.018218092620372772,-0.15736040472984314,0.033829208463430405,0.02275831811130047,0.07701558619737625,0.0435546450316906,0.01007537730038166,1.0339019298553467,0.7897627353668213,0.6460139751434326,0.8397007584571838,0.025496207177639008,0.06430232524871826,0.019768910482525826,0.008528918027877808,-2.4838900566101074,7.432858943939209,0.0474586912167966,-0.037524306869120796,-0.16935521228346784,0.5615945439262496,-0.2447689982608348,-0.13694924892189891
44971,44,-0.12933793663978577,0.5745820999145508,-0.1274806559085846,0.5684996843338013,-0.3216439187526703,0.05970088392496109,-0.1629187911748886,0.064395472407341,0.021159391850233078,0.07291054725646973,0.04196969419717789,0.010066227056086063,1.0350151062011719,0.7900182604789734,0.6452901363372803,0.8398910760879517,0.023551473394036293,0.060508035123348236,0.019364764913916588,0.008515729568898678,0.284726619720459,6.482522487640381,0.04825579435172335,-0.03156462207486096,-0.17171094397878806,0.5602684481409015,-0.1487231778061178,-0.09162356755901664
44972,44,-0.13200901448726654,0.5752324461936951,-0.129456028342247,0.5692969560623169,-0.23110121488571167,0.062054164707660675,-0.23698633909225464,0.08290540426969528,0.019765956327319145,0.06812629848718643,0.04037950560450554,0.010058185085654259,1.035870909690857,0.7902231812477112,0.6447930932044983,0.8401560187339783,0.021959971636533737,0.056312885135412216,0.018713723868131638,0.008703533560037613,-0.6573367118835449,9.31678295135498,0.03906339540219576,-0.029896458065488525,-0.1731135107645713,0.5593921673373128,-0.1402566785783205,-0.08762808035882373
44973,44,-0.13399840891361237,0.5762608647346497,-0.1320469230413437,0.5702758431434631,-0.18067939579486847,0.12361184507608414,-0.27722853422164917,0.10554658621549606,0.018551679328083992,0.06354384124279022,0.04157940298318863,0.010051126591861248,1.036483645439148,0.7901302576065063,0.6444098353385925,0.8407174944877625,0.020401183515787125,0.05120300501585007,0.019482627511024475,0.009163452312350273,0.4740309715270996,13.387722969055176,0.03532281792612521,-0.04179098278339899,-0.17451607755035453,0.558515886533724,-0.09165460465569245,0.22139257817873254
44974,44,-0.13521438837051392,0.5785161256790161,-0.13456577062606812,0.5719195604324341,-0.0926123633980751,0.2853204607963562,-0.2430068552494049,0.20522165298461914,0.017491914331912994,0.05971250683069229,0.04602096974849701,0.010044926777482033,1.036760687828064,0.7893282771110535,0.6442158818244934,0.8417759537696838,0.018831107765436172,0.04600801691412926,0.02195221371948719,0.009796778671443462,2.672741413116455,17.969112396240234,0.035835157064712964,-0.04682846965682429,-0.17483422086211475,0.5645345636821294,-0.03049588318328916,0.6102506424418167
44975,44,-0.13533295691013336,0.5828031897544861,-0.13644996285438538,0.5750536322593689,0.023574359714984894,0.5150752067565918,-0.15526388585567474,0.39335545897483826,0.01656588725745678,0.054160408675670624,0.056930750608444214,0.010039479471743107,1.0368764400482178,0.7879763841629028,0.6439185738563538,0.8431879281997681,0.017905278131365776,0.04095720499753952,0.026848342269659042,0.010129903443157673,1.0938549041748047,16.716615676879883,0.019115774555325676,-0.05901497909267488,-0.17513917969394777,0.5706370701065473,-0.030495883183302375,0.6102506424417637
44976,44,-0.13531573116779327,0.5884244441986084,-0.13754945993423462,0.5797845125198364,-0.005663532763719559,0.6174901127815247,-0.04826441407203674,0.5568587183952332,0.0157557912170887,0.0482003316283226,0.07241013646125793,0.01358821615576744,1.0370234251022339,0.7865832448005676,0.6433879137039185,0.8443081974983215,0.017113862559199333,0.03698049113154411,0.03388744965195656,0.012682029977440834,3.09492826461792,7.130231857299805,-0.014095477462092693,-0.0755586186555471,-0.1744246468818071,0.5756219267503669,0.08431328740960922,0.4843874781065452
44977,44,-0.13558651506900787,0.5935430526733398,-0.13772596418857574,0.5854172706604004,-0.0198134183883667,0.4702717363834381,0.035637978464365005,0.5839743614196777,0.015047629363834858,0.04311847686767578,0.07210925966501236,0.02875681407749653,1.0371432304382324,0.7852984070777893,0.6433116793632507,0.8447004556655884,0.01660812459886074,0.032301947474479675,0.03407248482108116,0.025568660348653793,-0.19051074981689453,12.839431762695312,-0.03117164554528952,-0.07028643617702769,-0.17358151400771096,0.5804658015314326,0.08431328740960922,0.4843874781065981
44978,44,-0.13582606613636017,0.5988590717315674,-0.13665059208869934,0.5915225148200989,-0.03359657898545265,0.5547714829444885,0.15216071903705597,0.6188921928405762,0.014427775517106056,0.0387645959854126,0.07107134908437729,0.02659359574317932,1.0374609231948853,0.7839328050613403,0.6431400179862976,0.8459680676460266,0.0162440724670887,0.029520424082875252,0.033248335123062134,0.02407037280499935,-0.5159437656402588,7.393450736999512,-0.011735241778427469,-0.06477213798352262,-0.1717943122620907,0.584353132857893,0.20412080807174518,0.362996864393302
44979,44,-0.13663803040981293,0.6035551428794861,-0.135244682431221,0.5972514748573303,-0.09579053521156311,0.4227958619594574,0.13474804162979126,0.5466026067733765,0.013884051702916622,0.03501491621136665,0.06934089213609695,0.027811462059617043,1.0377461910247803,0.7829269766807556,0.6430066227912903,0.846925675868988,0.015519602224230766,0.02687685936689377,0.03278927505016327,0.024632524698972702,1.0787057876586914,7.492566108703613,-0.027999823995770154,-0.05882168635872077,-0.16975310418137338,0.5879831015018254,0.20412080807174518,0.36299686439324913
44980,44,-0.1371915489435196,0.6074599623680115,-0.13425110280513763,0.6023953557014465,-0.025538410991430283,0.35755717754364014,0.05309458449482918,0.47685351967811584,0.013407730497419834,0.03178275749087334,0.06559673696756363,0.025828387588262558,1.0377919673919678,0.7821146249771118,0.6431809067726135,0.8478609323501587,0.014657716266810894,0.024630272760987282,0.03166235238313675,0.022907035425305367,2.9603075981140137,7.550539970397949,-0.012199379414972941,-0.04267325374443034,-0.16685324670172014,0.5908086879159012,0.32892667880310555,0.24607880130192833
44981,44,-0.13681547343730927,0.6106884479522705,-0.13412630558013916,0.6066538095474243,0.0777704268693924,0.2865423858165741,-0.020910894498229027,0.37369439005851746,0.012990521267056465,0.028991395607590675,0.06287506967782974,0.023829247802495956,1.037428855895996,0.7813025116920471,0.6437237858772278,0.848876416683197,0.013630329631268978,0.021865783259272575,0.031223544850945473,0.021580222994089127,4.698197841644287,13.12685489654541,-0.005585449432395244,-0.046052950353377725,-0.16356397991368885,0.5932694759289201,0.32892667880310555,0.24607880130187548
44982,44,-0.13498975336551666,0.6143165230751038,-0.13401737809181213,0.6102921366691589,0.23841342329978943,0.3888815939426422,0.017439179122447968,0.33067086338996887,0.01262502558529377,0.026575880125164986,0.061735834926366806,0.022092407569289207,1.0369287729263306,0.7803309559822083,0.6443402171134949,0.8498620986938477,0.013347824104130268,0.020105011761188507,0.030359527096152306,0.019892539829015732,0.8875155448913574,11.838235855102539,0.001896654969146809,-0.05465034714568504,-0.15951147989944908,0.595069097835587,0.45873089960370345,0.1336332888324772
44983,44,-0.13308382034301758,0.617761492729187,-0.1340697705745697,0.6129961013793945,0.17665806412696838,0.3311537504196167,0.016838116571307182,0.25209254026412964,0.012304333969950676,0.024478819221258163,0.07160873711109161,0.021629292517900467,1.0363948345184326,0.7794162631034851,0.644596517086029,0.8507437705993652,0.012883754447102547,0.018413055688142776,0.034976527094841,0.019348401576280594,2.3885250091552734,11.537353515625,-0.01839593256580481,-0.073622307112513,-0.15492417090341173,0.5964054307239115,0.45873089960370345,0.1336332888324243
44984,44,-0.13114672899246216,0.6210593581199646,-0.13313212990760803,0.6156497001647949,0.1951027363538742,0.3212704360485077,0.15821927785873413,0.27277860045433044,0.012023191899061203,0.022657442837953568,0.06968843191862106,0.020852860063314438,1.0357377529144287,0.7784169912338257,0.64527428150177,0.851675808429718,0.012361722066998482,0.016685327515006065,0.034883543848991394,0.018880043178796768,4.317150115966797,13.558969497680664,-0.015418752221070683,-0.05801251500704613,-0.14967904155403067,0.5972148685281453,0.5935334704735258,0.025660326984948478
44985,44,-0.12869605422019958,0.6246489882469177,-0.13060727715492249,0.6187412738800049,0.2688165605068207,0.36964255571365356,0.3116455078125,0.32427287101745605,0.011776565574109554,0.021072592586278915,0.06734821200370789,0.020807623863220215,1.0351183414459229,0.7773785591125488,0.6459860801696777,0.8525141477584839,0.012255454435944557,0.015584548003971577,0.03356170654296875,0.01865832507610321,0.9720492362976074,12.443227767944336,-0.02049053703370047,-0.05303466868985793,-0.14374370684929488,0.5974714717979945,0.5935334704735258,0.025660326984948478
44986,44,-0.12651094794273376,0.6279725432395935,-0.12731391191482544,0.6218239665031433,0.20375381410121918,0.3227002024650574,0.3607043921947479,0.3136230409145355,0.011560160666704178,0.019691774621605873,0.06579020619392395,0.033645763993263245,1.0345127582550049,0.7764474153518677,0.6466455459594727,0.85246342420578,0.011834274977445602,0.01471805851906538,0.03310896456241608,0.02872208133339882,3.7467384338378906,9.150104522705078,-0.03576199667067051,-0.056208999030051915,-0.13726596136421812,0.5973265059047701,0.7333343914125989,-0.07784008424065775
44987,44,-0.12422853708267212,0.6306726932525635,-0.123506560921669,0.6248742938041687,0.2581161856651306,0.22644345462322235,0.3907657861709595,0.2934758961200714,0.01137034222483635,0.018488090485334396,0.06168452277779579,0.036966945976018906,1.0337190628051758,0.7759593725204468,0.6475659608840942,0.8525418639183044,0.011254940181970596,0.014742414467036724,0.03179243952035904,0.031044811010360718,5.367062091827393,4.353704452514648,-0.037553044117091004,-0.03622154518603756,-0.12993261745009166,0.5965481050623632,0.7333343914125989,-0.07784008424071062
44988,44,-0.1212175115942955,0.6317494511604309,-0.11986224353313446,0.62718665599823,0.35324040055274963,0.012549472972750664,0.34798580408096313,0.17491166293621063,0.0112038254737854,0.017437903210520744,0.05779740586876869,0.03623698651790619,1.03262197971344,0.7761781215667725,0.6487849354743958,0.8524866700172424,0.010706770233809948,0.014582587406039238,0.030425846576690674,0.03015606850385666,3.7548089027404785,6.80919885635376,-0.03134577388568812,-0.03339910043702004,-0.12218226902876694,0.5954845158766561,0.8781336624208899,-0.1768679448443415
44989,44,-0.11722926050424576,0.6312992572784424,-0.1163976639509201,0.6282287836074829,0.4343934953212738,-0.10118477046489716,0.34668290615081787,0.02811121940612793,0.011057140305638313,0.016517048701643944,0.05481117218732834,0.032835282385349274,1.0311987400054932,0.7768922448158264,0.650300145149231,0.8522270917892456,0.00982749555259943,0.014784780330955982,0.029904095456004143,0.026692140847444534,8.046813011169434,3.030545711517334,-0.005713223645384033,-0.035970778814702384,-0.11340093240455745,0.5937158364282124,0.8781336624208899,-0.1768679448443415
44990,44,-0.11193574219942093,0.6292371153831482,-0.11275602877140045,0.627560555934906,0.6000454425811768,-0.29336851835250854,0.3809601664543152,-0.1524248868227005,0.01092859823256731,0.015713509172201157,0.052494704723358154,0.029904285445809364,1.0292412042617798,0.7780748009681702,0.6522945165634155,0.851736307144165,0.00904833059757948,0.014177955687046051,0.029520422220230103,0.024291640147566795,7.8800177574157715,9.019201278686523,0.007563839429344021,-0.03773654356867476,-0.10433799424643271,0.5917694043549987,1.0279312834984118,-0.27142325482615565
44991,44,-0.10497788339853287,0.6265144348144531,-0.10790949314832687,0.6253012418746948,0.7477022409439087,-0.2874409258365631,0.5706729888916016,-0.32057246565818787,0.01081579364836216,0.03165324404835701,0.05246232450008392,0.027369234710931778,1.0270782709121704,0.7774195075035095,0.6543853282928467,0.8511500358581543,0.008729947730898857,0.02547244168817997,0.029635092243552208,0.022086383774876595,4.43394660949707,11.142778396606445,0.03428358143502352,-0.05225520538158075,-0.09405868141144788,0.5890551718067375,1.0279312834984118,-0.2714232548261028
44992,44,-0.09761977195739746,0.6236522197723389,-0.10121999680995941,0.6210997104644775,0.7385299205780029,-0.27897751331329346,0.7615830302238464,-0.48676255345344543,0.010716589167714119,0.03233665972948074,0.0646897405385971,0.025167420506477356,1.024436593055725,0.7780023217201233,0.6564727425575256,0.8506214022636414,0.007407319266349077,0.027519185096025467,0.037620045244693756,0.02028045617043972,14.217705726623535,9.149622917175293,0.03244775943226071,-0.06706171901314889,-0.08364316671596467,0.5862616772509915,1.1701872978805388,-0.35420844759397646
44993,44,-0.08832070976495743,0.6210652589797974,-0.09212459623813629,0.616509735584259,1.037363052368164,-0.2775832712650299,0.9971922636032104,-0.4500028192996979,0.0106295021250844,0.031888481229543686,0.06351297348737717,0.023255852982401848,1.021216630935669,0.7791188955307007,0.6594904661178589,0.849939227104187,0.006686683744192123,0.02797778695821762,0.03847643360495567,0.018468370661139488,10.882413864135742,9.547276496887207,0.028852445301015377,-0.05623147119187109,-0.07181589416951215,0.5826466171091319,1.1827272546451713,-0.3615060141859945
44994,44,-0.07745934277772903,0.617807924747467,-0.08137711137533188,0.6120672821998596,1.1438863277435303,-0.3516123592853546,1.1565184593200684,-0.4252976179122925,0.010552942752838135,0.031098851934075356,0.08984338492155075,0.02159135416150093,1.0174938440322876,0.7805208563804626,0.6620531678199768,0.8491601943969727,0.005721183959394693,0.02761653997004032,0.05405097454786301,0.016953695565462112,12.386190414428711,9.82339096069336,0.025746436254888046,-0.0954333784895294,-0.05998862162305822,0.5790315569672718,1.253484170939404,-0.3994142097182454
44995,44,-0.06512798368930817,0.6141631603240967,-0.06882894039154053,0.6080883145332336,1.2943559885025024,-0.37799474596977234,1.328515887260437,-0.38350600004196167,0.010485622100532055,0.033256568014621735,0.10279951989650726,0.020139936357736588,1.013321876525879,0.7817772626876831,0.66530442237854,0.848217785358429,0.005047095939517021,0.029547056183218956,0.06374835968017578,0.015436598099768162,12.9051513671875,7.793519496917725,0.03357896555121651,-0.10570502643117946,-0.046582600377504634,0.5745706782465901,1.3425215758611548,-0.447116222923858
44996,44,-0.05160094425082207,0.6099158525466919,-0.05486534908413887,0.6041135787963867,1.4024995565414429,-0.45107677578926086,1.4544737339019775,-0.40540456771850586,0.010426652617752552,0.034749481827020645,0.12073757499456406,0.018878089264035225,1.0090434551239014,0.7833836078643799,0.6685118675231934,0.8469986319541931,0.005096544045954943,0.031637754291296005,0.07460151612758636,0.014088302850723267,7.579936981201172,6.576752662658691,0.035002255056007354,-0.12544835022323378,-0.03315738461889216,0.5700995160173513,1.3425215758611548,-0.447116222923858
44997,44,-0.03820145130157471,0.6046350002288818,-0.040227629244327545,0.5994354486465454,1.3220195770263672,-0.5598919987678528,1.4970391988754272,-0.4959462285041809,0.010374889709055424,0.041892558336257935,0.1343715637922287,0.017777567729353905,1.0044389963150024,0.784540593624115,0.6720685362815857,0.8457688093185425,0.004116988740861416,0.0368431955575943,0.08633158355951309,0.013191575184464455,16.93354606628418,7.093243598937988,0.04317570548132546,-0.13828021224629428,-0.01826882973418218,0.5649078611303078,1.5073142471463765,-0.5282538810398518
44998,44,-0.023254962638020515,0.5994580984115601,-0.024352258071303368,0.5947679281234741,1.5817067623138428,-0.5232170820236206,1.6126540899276733,-0.48756206035614014,0.010329300537705421,0.05611654743552208,0.13239602744579315,0.01681371219456196,0.9994312524795532,0.7850091457366943,0.6764646172523499,0.8443306684494019,0.003856097115203738,0.04855378717184067,0.08794219046831131,0.012104522436857224,13.823034286499023,5.863549709320068,0.058594422384757414,-0.12216080099382097,-0.0031956872627174025,0.559625322319909,1.5073142471463747,-0.5282538810399047
44999,44,-0.00737446965649724,0.5936431884765625,-0.008382264524698257,0.5892230272293091,1.6135934591293335,-0.6060345768928528,1.6024373769760132,-0.5912157297134399,0.010289342142641544,0.055386338382959366,0.15170037746429443,0.015973206609487534,0.9941309094429016,0.7869835495948792,0.6805087327957153,0.8427197933197021,0.0032783253118395805,0.051142413169145584,0.10168251395225525,0.01116601750254631,16.922473907470703,2.526836395263672,0.05075929867610594,-0.15755226842675024,0.013167383123319446,0.5537386716714797,1.671013178378493,-0.6049189885339232
45000,45,0.0,0.0,-0.0,-0.0,0.0,0.0,0.0,0.0,0.009999999776482582,0.009999999776482582,0.009999999776482582,0.009999999776482582,1.0819710493087769,1.0819710493087769,0.729764461517334,0.729764461517334,0.018508514389395714,0.018508514389395714,0.006624635774642229,0.006624635774642229,0.0,0.0,0.06179428887199884,-0.1599309556532762,0.029877514907105517,0.5476894817861404,1.6710131783784947,-0.6049189885339232
