time_s,hip_pos_target_r,hip_pos_target_l,hip_pos_r,hip_pos_l,hip_vel_target_r,hip_vel_target_l,hip_vel_r,hip_vel_l,pid_output_r,pid_output_l,agent_torque_r,agent_torque_l,combined_torque_r,combined_torque_l
4.76837158203125e-07,0.5585056516283676,-0.17517329854257385,0.45891132950782776,-0.1485816091299057,0.2134034033291304,0.5226166486096241,-0.027074579149484634,0.025722214952111244,0.31910020807420975,-0.08519977287818875,0.06168210506439209,-0.08029168844223022,0.38078231313860184,-0.16549146132041898
0.16267633438110352,0.5932212332677304,-0.09015618706326052,0.3639333248138428,-0.14824073016643524,-0.17246416656291785,1.022229369625414,-1.0892785787582397,-0.013097832910716534,0.5358481917336582,0.23917988817025743,-0.20668566226959229,-0.20670866966247559,0.3291625294640659,0.03247121850778184
0.16453289985656738,0.5928928663476161,-0.088247765331168,0.36141932010650635,-0.14815551042556763,-0.17686794484433221,1.0279312834984822,-1.1546560525894165,0.023227578029036522,0.2843809541710381,0.07590130049086898,-0.42369478940963745,-0.14657354354858398,-0.13931383523859936,-0.07067224305771501
0.16566705703735352,0.5926922702979199,-0.08708192968463349,0.36141932010650635,-0.14815551042556763,-0.17686794484438906,1.0279312834984822,-1.1546560525894165,0.023227578029036522,0.28029286303833184,0.07622986490029335,-0.6001347899436951,-0.2430667281150818,-0.3198419269053632,-0.16683686321478844
0.16712188720703125,0.5924349574757114,-0.08558646424104437,0.3589053153991699,-0.14828333258628845,-0.19606116760132863,1.059352401537005,-1.2306761741638184,-0.02933824248611927,0.28884958773843955,0.07934350141439714,-0.7205381989479065,-0.20188534259796143,-0.43168861120946694,-0.12254184118356429
0.16861271858215332,0.592113341398817,-0.08395914566417124,0.35664698481559753,-0.14819811284542084,-0.2413607590166862,1.133512110251857,-1.2026094198226929,0.016097810119390488,0.29147555581588613,0.08128859834971987,-0.7931812405586243,-0.24469506740570068,-0.5017056847427381,-0.16340646905598083
0.17036128044128418,0.5916387410477469,-0.08189107389694403,0.35426080226898193,-0.14824073016643524,-0.2714232548260611,1.1827272546452363,-1.188044786453247,0.010572139173746109,0.29466870158339104,0.08522400438516,-0.825255274772644,-0.2080322504043579,-0.530586573189253,-0.12280824601919792
0.1721196174621582,0.59116148749046,-0.07981144077950461,0.3517467975616455,-0.14841116964817047,-0.2714232548261464,1.1827272546452399,-1.224744439125061,-0.061102356761693954,0.2983207996321736,0.08847725744151029,-0.8387293219566345,-0.2597845196723938,-0.5404085223244609,-0.1713072622308835
0.17406725883483887,0.5906328523298531,-0.07750791224576052,0.34897714853286743,-0.14845378696918488,-0.27142325482611795,1.1827272546452399,-1.3269373178482056,-0.04238533973693848,0.30238516452541003,0.09176856247728188,-0.8431621789932251,-0.24194562435150146,-0.540777014467815,-0.1501770618742196
0.17641448974609375,0.5899957592760917,-0.0747317782740736,0.34620749950408936,-0.14849638938903809,-0.2714232548261464,1.1827272546452416,-1.3521023988723755,-0.03175109252333641,0.30570246894820935,0.09639128566515318,-0.8445693254470825,-0.26445871591567993,-0.5388668564988732,-0.16806743025052676
0.17900609970092773,0.5892923360669109,-0.07166661054708152,0.34322479367256165,-0.1485816091299057,-0.27142325482613217,1.182727254645238,-1.4152709245681763,-0.039141759276390076,0.3097153315592634,0.10114271277355519,-0.8442094922065735,-0.26179420948028564,-0.5344941606473101,-0.16065149670673046
0.1819922924041748,0.5884818139238576,-0.06813475904932847,0.3401568531990051,-0.1486242115497589,-0.27142325482610374,1.1827272546452399,-1.4500025510787964,-0.04033279791474342,0.31337380481507926,0.10660214818417758,-0.8432886004447937,-0.27396833896636963,-0.5299147956297144,-0.16736619078219206
0.18525481224060059,0.5875962901709202,-0.06427608791996697,0.33376532793045044,-0.14849638938903809,-0.27142325482611795,1.1827272546452399,-1.5020173788070679,0.04666619375348091,0.3274934968530101,0.11172883825449151,-0.8433708548545837,-0.27112603187561035,-0.5158773580015736,-0.15939719362111884
0.18860793113708496,0.5866861757262174,-0.06031026281302894,0.33027127385139465,-0.1486242115497589,-0.31113056846872666,1.253162521903068,-1.6153185367584229,-0.024579858407378197,0.32577576025920435,0.11772006736866542,-0.8413572907447815,-0.312414288520813,-0.5155815304855771,-0.19469422115214757
0.19197654724121094,0.5855037193901227,-0.055850473390265644,0.32336845993995667,-0.14836855232715607,-0.35625186018815214,1.3332014353858632,-1.6662925481796265,0.07638224214315414,0.33996156626939755,0.12335606178960873,-0.8414807915687561,-0.28317058086395264,-0.5015192252993586,-0.1598145190743439
0.19536042213439941,0.5842804282649822,-0.051307548336144995,0.31578385829925537,-0.14845378696918488,-0.36150601418597716,1.342521575861233,-1.7804927825927734,0.026492951437830925,0.3499510310483684,0.1301464973714982,-0.8410539627075195,-0.34462136030197144,-0.49110293165915114,-0.21447486293047324
0.1987314224243164,0.5830617913863545,-0.046781907714696966,0.3118636906147003,-0.14845378696918488,-0.36150601418596295,1.3425215758612303,-1.8322473764419556,0.0363420769572258,0.3469581009993011,0.13577891548485096,-0.8403170108795166,-0.30312860012054443,-0.4933589098802155,-0.16734968463569347
0.20191216468811035,0.5819119339284176,-0.0425116925982999,0.30398082733154297,-0.1485390067100525,-0.36150601418596295,1.3425215758612303,-1.8976550102233887,-0.019556472077965736,0.3642123824545391,0.14108913504164888,-0.8399081230163574,-0.3588593006134033,-0.47569574056181835,-0.21777016557175444
0.2050306797027588,0.5807845719952929,-0.03832501890648717,0.3000181019306183,-0.14849638938903809,-0.36150601418596295,1.3425215758612294,-1.899060845375061,0.0009919303702190518,0.360942599781317,0.14607993119560436,-0.8391484022140503,-0.3055899739265442,-0.4782058024327333,-0.15951004273093983
0.20822453498840332,0.5796299741010927,-0.03403719927533096,0.29226306080818176,-0.14849638938903809,-0.37951817539688193,1.3771935175061394,-1.87080979347229,-0.00352467130869627,0.3775427588292451,0.15197067803416248,-0.840343177318573,-0.33954888582229614,-0.4628004184893279,-0.18757820778813367
0.21122336387634277,0.578441146985772,-0.029809605389819922,0.2883429229259491,-0.14841116964817047,-0.42117335859647653,1.4573763486606919,-1.8932664394378662,0.029664842411875725,0.3742424597231297,0.15712504229174237,-0.8401278257369995,-0.3115546703338623,-0.4658853660138698,-0.15442962804211993
0.21436762809753418,0.5770352954433182,-0.025070211132425243,0.2801191508769989,-0.14841116964817047,-0.4471162229238814,1.5073142471464618,-1.9379066228866577,0.01377557497471571,0.39178484838835975,0.16449971946018144,-0.8404135704040527,-0.3470054864883423,-0.448628722015693,-0.18250576702816085
0.22008919715881348,0.5744770890954409,-0.016446008570326555,0.2716823220252991,-0.14841116964817047,-0.44711622292387077,1.5073142471464616,-1.965132236480713,0.01727117970585823,0.39817177845587953,0.18314623978841932,-0.8388832807540894,-0.31742262840270996,-0.4407115022982098,-0.13427638861429064
0.23015260696411133,0.5699775753135611,-0.001277287595927705,0.2502067983150482,-0.1486242115497589,-0.4843650040747818,1.5824653644659519,-2.107557773590088,-0.048963285982608795,0.44201684832701577,0.21570886356319655,-0.8360480070114136,-0.38101726770401,-0.3940311586843978,-0.16530840414081346
0.24015235900878906,0.5647639229729596,0.015293712516938502,0.2266007959842682,-0.14875203371047974,-0.5248168823434476,1.664078876522773,-2.3290481567382812,-0.030460000038146973,0.46827300094679997,0.23903775207161018,-0.8344303965568542,-0.3830680251121521,-0.3661573956100543,-0.14403027304054192
0.25014710426330566,0.5594841600022564,0.031995063551772604,0.202057346701622,-0.14930596947669983,-0.5594758159346362,1.7273102536574254,-2.3337481021881104,-0.09051251411437988,0.49456180441786285,0.26158222941992343,-0.8358601331710815,-0.3752850294113159,-0.3412983287532187,-0.11370279999139249
0.2601468563079834,0.5535771725606289,0.04983097659504719,0.17695996165275574,-0.14960424602031708,-0.5978130583159462,1.7964371231995484,-2.4549691677093506,-0.0021689196582883596,0.5189501729807724,0.28589880338633034,-0.8370050191879272,-0.40564781427383423,-0.31805484620715485,-0.11974901088750389
0.2701554298400879,0.5475227963829209,0.06793898834876767,0.15637926757335663,-0.1496468484401703,-0.6307610085559148,1.84743808605251,-2.478020191192627,-0.014079740270972252,0.5286181691669447,0.3085827329151382,-0.8370739817619324,-0.37290143966674805,-0.30845581259498767,-0.06431870675160983
0.28014588356018066,0.5409635016182472,0.08677655855595227,0.12932181358337402,-0.14951902627944946,-0.6668207890773594,1.900725471226549,-2.5808908939361572,0.02260422706604004,0.5668062096366906,0.33309788065601664,-0.8386430144309998,-0.42085134983062744,-0.27183680479430916,-0.0877534691746108
0.2901618480682373,0.5341815764114646,0.10596647196909642,0.1009860634803772,-0.14930596947669983,-0.6979970016223831,1.9391029354914426,-2.6979029178619385,0.06981585174798965,0.5965149129056824,0.35742541548213463,-0.8403542637825012,-0.3982362747192383,-0.24383935087681885,-0.04081085923710365
0.30018067359924316,0.5269791587182401,0.12562621133303103,0.07226681709289551,-0.149178147315979,-0.7319419957415789,1.9767614490227547,-2.7875137329101562,0.005842212121933699,0.6240799643013785,0.38307305474622577,-0.8433701992034912,-0.4337354898452759,-0.21929023490211275,-0.05066243509905011
0.3100736141204834,0.5196105844793614,0.14532366035418487,0.04955560714006424,-0.14875203371047974,-0.7607825313024819,2.00205050674875,-2.71075439453125,0.04393550753593445,0.6320229611068694,0.4068537964461515,-0.8449385762214661,-0.3480139970779419,-0.21291561511459667,0.0588397993682096
0.32006382942199707,0.5118492825882774,0.1654354420194249,0.016873620450496674,-0.14836855232715607,-0.7924659085377783,2.0238787314935713,-2.7241876125335693,0.041321225464344025,0.6830637836826631,0.432696902494361,-0.8506491184234619,-0.4027419686317444,-0.16758533474079884,0.029954933862616606
0.330078125,0.5037569405589504,0.18581088187936703,-0.005283658858388662,-0.14764419198036194,-0.8201608480910672,2.0371062169214156,-2.7776670455932617,0.07072608172893524,0.6802663757779517,0.4574575766680407,-0.8521860837936401,-0.33833205699920654,-0.17191970801568845,0.11912551966883417
0.34015703201293945,0.4953680582237515,0.2063677502569079,-0.03421595320105553,-0.14589716494083405,-0.8497137934860106,2.0431500959223676,-2.732408046722412,0.2073768675327301,0.7199937556884319,0.4797559695841773,-0.8565971255302429,-0.3418659567832947,-0.13660336984181098,0.13789001280088264
0.35008931159973145,0.48675822280597314,0.2266957041576126,-0.06374479085206985,-0.14308489859104156,-0.875307582364016,2.0436143962995743,-2.797624349594116,0.3177545368671417,0.7480497508744831,0.499665609482065,-0.8594921827316284,-0.31975293159484863,-0.11144243185714531,0.17991267788721638
0.3601551055908203,0.4778613202425698,0.24723528381867607,-0.09191010147333145,-0.14044305682182312,-0.9025773754151665,2.0338046654378292,-2.6255345344543457,0.2754632532596588,0.7701497378800212,0.5234577089967067,-0.8671737909317017,-0.2106141448020935,-0.09702405305168049,0.31284356419461323
0.37015438079833984,0.468650425222951,0.2675050276018492,-0.11470653861761093,-0.13771602511405945,-0.9265297017239824,2.0216121551568236,-2.6191744804382324,0.32909637689590454,0.7774200844185811,0.5454197960651904,-0.8737491369247437,-0.25945842266082764,-0.09632905250616253,0.2859613734043628
0.3801579475402832,0.4593280469270419,0.2876732249458527,-0.14282923936843872,-0.1326454132795334,-0.9515111745593856,1.9959997462264614,-2.657421588897705,0.5341760516166687,0.8128186611701815,0.5603279200976009,-0.8756794333457947,-0.19210118055343628,-0.06286077217561314,0.3682267395441646
0.3900947570800781,0.44967954327930615,0.3073086884043421,-0.17078149318695068,-0.12672258913516998,-0.9735760292759323,1.971313993523987,-2.585423707962036,0.5443727970123291,0.8362718609526931,0.5757493199940075,-0.8830928802490234,-0.18053650856018066,-0.04682101929633031,0.3952128114338268
0.40015625953674316,0.4398575197897029,0.32709499299674377,-0.19238483905792236,-0.12122587859630585,-0.9963362807037299,1.9298440181926537,-2.4697861671447754,0.6706647872924805,0.8398935616669101,0.5958440258234476,-0.8879380226135254,-0.11948239803314209,-0.0480444609466153,0.47636162779030555
0.4101524353027344,0.42969797328862,0.3460216570812808,-0.21761006116867065,-0.11232036352157593,-1.016507540290764,1.8929318050282262,-2.2452242374420166,0.8923677802085876,0.8671303109929318,0.6011658826301668,-0.8956170678138733,-0.07716542482376099,-0.028486756820941483,0.5240004578064058
0.42007946968078613,0.41960544908129416,0.3648083343448851,-0.2407047599554062,-0.10188087821006775,-1.036865173593167,1.836070086821259,-2.1555519104003906,0.954616129398346,0.8812471592638587,0.6097013557074799,-0.9059759974479675,-0.0706249475479126,-0.02472883818410887,0.5390764081595673
0.43008923530578613,0.40902284432787933,0.38261764719078434,-0.2623080909252167,-0.09254925698041916,-1.057228026097242,1.7791937906537463,-1.959154725074768,0.767205536365509,0.893194457738518,0.6220362525919746,-0.9219620227813721,0.02937138080596924,-0.02876756504285405,0.6514076333979438
0.4400818347930908,0.3984583880963359,0.4003964181510866,-0.27854257822036743,-0.08718037605285645,-1.0737661234214535,1.7129949476711417,-1.8694932460784912,0.6306271553039551,0.8920051085745367,0.6467428246410556,-0.9341094493865967,-0.003963768482208252,-0.04210434081205994,0.6427790561588473
0.45006704330444336,0.3875715952536535,0.41684050954425234,-0.2982284724712372,-0.07853051275014877,-1.0919651044520826,1.6401479046243104,-1.7959460020065308,0.9415434002876282,0.911565371224421,0.6488460585542198,-0.9419384002685547,0.054236650466918945,-0.030373029044133637,0.7030827090211388
0.4600639343261719,0.37663859357726376,0.433169860259356,-0.31625252962112427,-0.06651444733142853,-1.1065177173003242,1.5646623949287566,-1.6669068336486816,1.201125979423523,0.9194301104160317,0.6490588525520938,-0.9494219422340393,-0.02278316020965576,-0.029991831818007575,0.6262756923424381
0.4700591564178467,0.3654500108672374,0.44812164668851495,-0.3330835700035095,-0.05326269194483757,-1.1224671946798601,1.47947428800963,-1.577046275138855,1.2501411437988281,0.9260979983440681,0.6478779186500779,-0.9537079334259033,0.08514952659606934,-0.02760993508183518,0.7330274452461473
0.4801795482635498,0.3540587024474367,0.4629262577862291,-0.3480397164821625,-0.040479645133018494,-1.1355107914556797,1.4018945140633825,-1.4088165760040283,1.2618992328643799,0.9290289584633961,0.6529604858914831,-0.9587591886520386,-0.024789631366729736,-0.029730230188642515,0.6281708545247534
0.49005889892578125,0.34274481797537454,0.47618821142084955,-0.3592888116836548,-0.028634024783968925,-1.1491023512888354,1.3184715362304402,-1.235060453414917,1.4118598699569702,0.9245000911985042,0.6554689127783392,-0.9635686874389648,0.16369211673736572,-0.03906859624046066,0.8191610295157049
0.5000584125518799,0.3312149104880422,0.48913019104190475,-0.3711770474910736,-0.012783045880496502,-1.1600120177579054,1.2458345264148427,-1.0740931034088135,1.5591728687286377,0.9285858881958372,0.6453351014511521,-0.9678868651390076,-0.07743489742279053,-0.03930097694317036,0.5679002040283616
0.5100569725036621,0.3195468255774339,0.5011025943075529,-0.3817443549633026,0.006008031312376261,-1.1715159714936192,1.165851773958689,-0.9329801201820374,1.7913544178009033,0.9271519084750133,0.6313137217008481,-0.9716545343399048,0.2834615707397461,-0.04450262586489151,0.9147752924405942
0.5200245380401611,0.30782455654749846,0.5124096872577468,-0.3892437517642975,0.020538093522191048,-1.1806945068676633,1.0964144827907738,-0.8250027894973755,1.7637581825256348,0.9186285454524092,0.636605054299453,-0.9732340574264526,-0.12125188112258911,-0.0546055119740434,0.5153531731768639
0.5300579071044922,0.29593121754967067,0.5230268945116777,-0.39610397815704346,0.040437035262584686,-1.1899773434789545,1.0206581228689018,-0.5531927347183228,1.9220691919326782,0.9137364703568556,0.6152798018990103,-0.976097047328949,0.4402170181274414,-0.06236057697209341,1.0554968200264518
0.5400629043579102,0.28397961522062176,0.5328641352724216,-0.40027979016304016,0.05901506170630455,-1.1974183195689605,0.9542869716272442,-0.3541402518749237,1.9444841146469116,0.9016572041547868,0.6077681529806772,-0.9775941967964172,-0.14442026615142822,-0.07593699264163045,0.463347886829249
0.5500638484954834,0.2719757599668044,0.5421185383297331,-0.40300682187080383,0.0804479718208313,-1.2044399070722882,0.8830987715144865,-0.2695690393447876,2.123988151550293,0.8902228797808699,0.5881251840295759,-0.9782968759536743,0.5763530731201172,-0.08807399617280443,1.164478257149693
0.5600769519805908,0.25987379614708606,0.5505374879501445,-0.40552082657814026,0.10136955231428146,-1.2100837472835693,0.8202524496384456,-0.21826554834842682,1.9180623292922974,0.8807566362042558,0.5742704510928257,-0.9791746735572815,-0.2459927201271057,-0.09841803735302568,0.32827773096572
0.5700643062591553,0.24777360674907212,0.5585250192617455,-0.40607476234436035,0.11952148377895355,-1.214867548467593,0.7534554470027324,-0.018438557162880898,2.161778211593628,0.8655999362836531,0.5685056464910071,-0.9799150824546814,0.7622365951538086,-0.11431514617102834,1.3307422416448156
0.5800681114196777,0.2355870760792359,0.5655984110173344,-0.4064582288265228,0.1415083259344101,-1.2187204101980615,0.6940685213323263,0.005274731665849686,1.9562315940856934,0.8534908193663079,0.5428077658579047,-0.9802915453910828,-0.39771753549575806,-0.12680072602477488,0.14509023036214663
0.5900850296020508,0.2233739286520475,0.5724204319042728,-0.4057764708995819,0.16571088135242462,-1.2212756282801465,0.6314899965187522,0.10326921194791794,2.345345973968506,0.8383498522066483,0.5186437943604035,-0.980491042137146,0.8669265508651733,-0.14214118993049774,1.385570345225577
0.6000750064849854,0.21115325163067455,0.5782352319364409,-0.40317726135253906,0.18769772350788116,-1.2233310804540931,0.5752053155148467,0.26489999890327454,1.99386465549469,0.819173347947909,0.5032164786617469,-0.9802181720733643,-0.48039865493774414,-0.1610448241254553,0.02281782372400276
0.6102027893066406,0.19876323759713216,0.5839903710127836,-0.4021120071411133,0.20717056095600128,-1.2236505599009444,0.5163963761223513,0.09361667186021805,2.427257776260376,0.8081597636797957,0.49317120735886333,-0.9790288209915161,0.9007201194763184,-0.17086905731172042,1.3938913268351816
0.6200897693634033,0.18666230988787968,0.5885954603078064,-0.4016006886959076,0.23111748695373535,-1.2238968846552964,0.46499744820033584,0.012490370310842991,2.1312267780303955,0.7970641644698008,0.4601426385471583,-0.9772670269012451,-0.5345475077629089,-0.18020286243144434,-0.07440486921575062
0.6301462650299072,0.17435448959909247,0.5932637711097409,-0.40083369612693787,0.25387129187583923,-1.2219019316824884,0.411055770416624,0.07985302060842514,2.231649875640869,0.7827500083767992,0.44231030068497457,-0.9755615592002869,0.9124752283096313,-0.19281155082348767,1.354785528994606
0.6401467323303223,0.16215444843021784,0.5968459302020946,-0.3985327482223511,0.2758581340312958,-1.2199471087084408,0.3581991705732577,0.28675803542137146,2.0409629344940186,0.7647392178438468,0.4208702543080674,-0.9759148955345154,-0.5318118333816528,-0.21117567769066858,-0.11094157907358543
0.6501522064208984,0.14994829924216221,0.6004298827225312,-0.3976379632949829,0.2947770357131958,-1.2157503311287172,0.3128036962606693,0.02032463625073433,2.4012515544891357,0.754008551871562,0.40983039450562725,-0.9725426435470581,0.9023504257202148,-0.2185340916754961,1.312180820225842
0.6600737571716309,0.13792745992003114,0.6030867647524539,-0.3969135582447052,0.31501686573028564,-1.211199705326674,0.26358073583955743,0.08688344806432724,1.737138032913208,0.7415650021833602,0.38538713886570825,-0.9714241027832031,-0.5270594358444214,-0.22985910059984294,-0.14167229697871314
0.6700680255889893,0.12582632172335642,0.6056786947223629,-0.39482566714286804,0.3346175253391266,-1.2049844833454273,0.22298426245481906,0.22016935050487518,1.9774892330169678,0.7237332051284049,0.36720934467299304,-0.9694570899009705,0.8976485729217529,-0.24572388477256557,1.264857917594746
0.680063009262085,0.11384072964797916,0.6075440013753594,-0.3912464380264282,0.35136333107948303,-1.1977769419353628,0.17798462771148493,0.35393160581588745,1.6739801168441772,0.7043241845823118,0.3546339295524885,-0.9700536131858826,-0.5120036005973816,-0.26572942860357074,-0.15736967104489308
0.6902251243591309,0.10168308002168466,0.6092634363820325,-0.3893289566040039,0.37075093388557434,-1.1891710616715692,0.13950033781802418,0.07921317219734192,2.037602663040161,0.6923774557565483,0.32881084077905626,-0.965787947177887,0.866142749786377,-0.27341049142133866,1.1949535905654332
0.7000720500946045,0.09004208963780977,0.6103537013370366,-0.38660192489624023,0.38719844818115234,-1.1794342388306975,0.09932978735311693,0.3050224184989929,1.536657452583313,0.6764566232188788,0.3158965995006795,-0.9662608504295349,-0.4970759153366089,-0.28980422721065613,-0.1811793158359294
0.710059404373169,0.07829063209411889,0.6112303489821878,-0.38417312502861023,0.405052125453949,-1.1690536643646068,0.0657611608191857,0.1667536348104477,1.639147162437439,0.6616656987144199,0.29310931626747483,-0.960393488407135,0.83453369140625,-0.2987277896927151,1.1276430076737247
0.7200596332550049,0.06667572760786514,0.6116675407837223,-0.38242611289024353,0.41902825236320496,-1.1565325508509123,0.02939621209818455,0.2304302603006363,1.2981358766555786,0.6490644877002685,0.2845093403317393,-0.9612790942192078,-0.47500693798065186,-0.3122146065189393,-0.19049759764891255
0.7300646305084229,0.05515398392145146,0.6118182902352433,-0.38084957003593445,0.43496444821357727,-1.1439182332965303,-0.0011358927195139756,0.06951204687356949,1.6401110887527466,0.6356178182350263,0.2617811974389444,-0.9571453928947449,0.7656526565551758,-0.3215275746597186,1.0274338539941201
0.7400574684143066,0.043799652672744216,0.6116452191922267,-0.38029560446739197,0.44830140471458435,-1.1287607119202065,-0.033112603241097105,0.04176803305745125,1.225180745124817,0.6254042225298333,0.2507733773536821,-0.956231415271759,-0.4537951350212097,-0.33082719274192574,-0.2030217576675276
0.7500622272491455,0.0325816609791663,0.6111557409872819,-0.3799121379852295,0.46065834164619446,-1.1139785177977917,-0.060228940627272465,0.03283949941396713,1.3962726593017578,0.613746125197821,0.2372868936021179,-0.9516404271125793,0.6797322034835815,-0.33789430191475833,0.9170190970856995
0.7601323127746582,0.021437662494509468,0.6104346508027875,-0.3798695206642151,0.47067177295684814,-1.0960651874594416,-0.08801785718656063,0.03395361453294754,0.9081168174743652,0.6027570997037887,0.22918830660213768,-0.9516534805297852,-0.40086090564727783,-0.3488963808259965,-0.17167259904514015
0.7700622081756592,0.010657432726125026,0.6093999547309354,-0.3799547255039215,0.481366902589798,-1.0793858171474464,-0.11130728610432428,0.010091233067214489,1.0484671592712402,0.5924687001762817,0.21363403954563243,-0.9465273022651672,0.5297907590866089,-0.3540586020888855,0.7434247986322413
0.7800650596618652,-7.654679113267959e-05,0.6082149500073238,-0.38016778230667114,0.48950543999671936,-1.0589338183840633,-0.13457190364620075,-0.035812847316265106,0.7544629573822021,0.5817121622892741,0.20773319417757302,-0.9479192495346069,-0.32685840129852295,-0.3662070872453328,-0.11912520712094993
0.790118932723999,-0.010579862758026764,0.6066992355096589,-0.3800399601459503,0.4979422390460968,-1.0398781348866377,-0.15470926013683695,0.060369789600372314,0.8282352089881897,0.5702122060994743,0.19496726307395754,-0.9442506432533264,0.4122123718261719,-0.3740384371538521,0.6071796349001294
0.800065279006958,-0.020875369735057374,0.6051215757881956,-0.3800825774669647,0.5011806488037109,-1.016936728192145,-0.17348902986287484,0.02134486846625805,0.16990099847316742,0.5601020642863798,0.19987663154293253,-0.9414756298065186,-0.27365148067474365,-0.3813735655201388,-0.07377484913181112
0.8101727962493896,-0.030967469464161086,0.6032152774665942,-0.3799973428249359,0.5036094188690186,-0.9956815513552373,-0.19018086405274914,0.06016157940030098,0.23031973838806152,0.5494364931042314,0.1960349750973689,-0.9344624280929565,0.2955014705657959,-0.38502593498872517,0.4915364456631648
0.8200602531433105,-0.040785212520324424,0.6013196016411417,-0.38029560446739197,0.5042911767959595,-0.9700814684094865,-0.20465159160523072,-0.07916752249002457,0.042219020426273346,0.5406868628904213,0.1968454375629088,-0.9339694380760193,-0.24162685871124268,-0.39328257518559795,-0.04478142114833389
0.8300628662109375,-0.050257160333271475,0.5991417485750294,-0.38025301694869995,0.5048024654388428,-0.9464520512574222,-0.21790630343347317,-0.04926374554634094,0.04908709228038788,0.5305992960830525,0.1937724087314544,-0.9258381128311157,0.19387245178222656,-0.39523881674806327,0.38764486051368097
0.8401772975921631,-0.05982491912091007,0.5969359308440382,-0.38029560446739197,0.5031833052635193,-0.9177132135339261,-0.22822835928698026,0.02233436517417431,-0.20229004323482513,0.5204297014270876,0.19764839847363075,-0.9269968867301941,-0.15063047409057617,-0.40656718530310654,0.04701792438305458
0.850060224533081,-0.06862192512536591,0.5945824264715595,-0.380551278591156,0.5021180510520935,-0.8901215254393797,-0.23813839630186706,-0.0035006171092391014,-0.08923168480396271,0.5133954993606301,0.19506917057127476,-0.9209607839584351,0.10785174369812012,-0.40756528459780494,0.3029209142693949
0.8601696491241455,-0.07762054156367858,0.5921749843119086,-0.38072171807289124,0.4990074932575226,-0.8613680588197044,-0.24355062899452662,-0.03130703419446945,-0.4346707761287689,0.5034404015670026,0.2002683108893425,-0.9147215485572815,-0.10054302215576172,-0.41128114699027885,0.09972528873358077
0.8700706958770752,-0.08587016565347158,0.5897110959216894,-0.3809773623943329,0.4943629801273346,-0.8306144761585941,-0.24933934128080537,-0.034256644546985626,-0.4114856719970703,0.4966964490083967,0.20622147125057963,-0.9090925455093384,0.059422850608825684,-0.41239609650094167,0.26564432185940534
0.8800652027130127,-0.09414558945380117,0.5872141484309845,-0.38089215755462646,0.4890367090702057,-0.8008113586143608,-0.2510324341964356,0.01498477254062891,-0.5182226896286011,0.48707738316938765,0.21130676694064232,-0.9064264297485352,-0.03286552429199219,-0.4193490465791475,0.17844124264865013
0.8900589942932129,-0.10187706095277244,0.5846933864320352,-0.38089215755462646,0.4845200479030609,-0.7671383878877975,-0.2525193347454433,-0.005441035609692335,-0.46832025051116943,0.48017399203915884,0.21243569050013544,-0.9032753109931946,0.03972947597503662,-0.42310131895403574,0.25216516647517206
0.9001681804656982,-0.10956584914717275,0.5821376913507811,-0.38072171807289124,0.47885289788246155,-0.7343690937579694,-0.2507410471273914,0.0579567514359951,-0.5857000350952148,0.4715720299491706,0.21881368714352278,-0.9001082181930542,0.01613783836364746,-0.4285361882438836,0.23495152550717024
0.9101688861846924,-0.1166507990580655,0.5796505647847473,-0.38084957003593445,0.4708847999572754,-0.6981630115025013,-0.2478836470285799,-0.015543892048299313,-0.8039708733558655,0.4660845669522346,0.2305649486734297,-0.8885899782180786,0.03404247760772705,-0.422505411265844,0.26460742628115674
0.9201967716217041,-0.12354851098247525,0.5771729753005639,-0.38080692291259766,0.461723655462265,-0.663638534095881,-0.24258348599531132,-0.024817971512675285,-0.8542158603668213,0.4588186475428653,0.24145217926912443,-0.8811379075050354,0.036009788513183594,-0.4223192599621701,0.277461967782308
0.9302237033843994,-0.1299599947294325,0.5747855887605366,-0.380551278591156,0.4532441794872284,-0.6246066970573745,-0.23535162667037213,0.0007094651227816939,-0.8317132592201233,0.45236692095492864,0.24806592107659375,-0.876510500907898,0.05755913257598877,-0.4241435799529693,0.3056250536525825
0.9402194023132324,-0.136055704478938,0.5724604453466774,-0.3804660439491272,0.44433867931365967,-0.5881825947517454,-0.22659303595688485,-0.04176221787929535,-0.8963260054588318,0.44689979639669764,0.2574513709017774,-0.8687474727630615,0.04635512828826904,-0.4218476763663639,0.30380649919004643
0.9501242637634277,-0.14166907348279875,0.5702751714083086,-0.38033822178840637,0.4356035888195038,-0.5467795567791596,-0.21507827330350793,0.024829111993312836,-1.1204297542572021,0.44184455004632756,0.2657887566912324,-0.8549548387527466,0.10313224792480469,-0.413110288706419,0.3689210046160371
0.9601857662200928,-0.14696660496844838,0.5681678661460553,-0.38033822178840637,0.42115873098373413,-0.5078852675525836,-0.2027385920696787,0.0277367252856493,-1.1222360134124756,0.4373083180886917,0.2927573283555597,-0.8432287573814392,0.0768054723739624,-0.4059204392927475,0.3695628007295221
0.9702017307281494,-0.1518678160395724,0.5662040848495453,-0.3804234564304352,0.41071927547454834,-0.4635966507845417,-0.18680152380644444,0.01070313435047865,-0.9885404109954834,0.4334064790484498,0.29582631992658964,-0.8351837396621704,0.11213064193725586,-0.4017772606137206,0.4079569618638455
0.9802002906799316,-0.15624616679616757,0.5644288003012515,-0.3805938959121704,0.3992997407913208,-0.42295694371407233,-0.17109412192118256,-0.04364866018295288,-1.2170186042785645,0.43047050674355236,0.31039708817106576,-0.8202950954437256,0.07796001434326172,-0.3898245887001732,0.3883571025143275
0.9901654720306396,-0.1603126148132217,0.5627879755360022,-0.380508691072464,0.3864741027355194,-0.3759157682226917,-0.15075562586178037,0.029948024079203606,-1.2740193605422974,0.4264818244566755,0.3276052459221669,-0.8086152672767639,0.13661503791809082,-0.38213344282008843,0.4642202838402577
1.000063419342041,-0.16371733861292678,0.5614324590858373,-0.3805938959121704,0.37484151124954224,-0.33315771284769813,-0.13156787364692235,-0.017307059839367867,-1.0738643407821655,0.4250301757273979,0.33886862324700695,-0.7986509799957275,0.09979534149169922,-0.37362080426832966,0.43866396473870617
1.0102579593658447,-0.1670000644379019,0.5601476896809644,-0.380551278591156,0.36431679129600525,-0.282909933997459,-0.10658870038727386,0.011892832815647125,-1.0750194787979126,0.4218823204368417,0.3486656385246475,-0.7882670164108276,0.150299072265625,-0.36638469597398593,0.4989647107902725
1.020202875137329,-0.16943427150907664,0.5592762358025786,-0.3805938959121704,0.35268422961235046,-0.23848435633002296,-0.08235873881316635,-0.013253767974674702,-1.1517879962921143,0.42172455802592007,0.3654476504289409,-0.774349570274353,0.11867320537567139,-0.35262501224843296,0.4841208558046123
1.0302066802978516,-0.17175677991997074,0.5585053606381855,-0.380508691072464,0.34373611211776733,-0.18620192147360015,-0.03852266841617791,0.019498193636536598,-1.0495309829711914,0.41963806276892907,0.37095168726909267,-0.7625560164451599,0.1591043472290039,-0.34291795367623085,0.5300560344980966
1.0402071475982666,-0.17315941224775805,0.5585053606381855,-0.380551278591156,0.33265745639801025,-0.1399423558783095,0.0017475787135659004,-0.0049546025693416595,-1.079416275024414,0.42093091334639876,0.390952292528896,-0.7513682842254639,0.10980021953582764,-0.3304373708790651,0.5007525120647236
1.050055980682373,-0.1745346323797831,0.558539522885568,-0.380508691072464,0.32209014892578125,-0.08581155088273462,0.3027052968637953,0.0036697215400636196,-0.9375274181365967,0.4199379147170655,0.40366548168797783,-0.742169976234436,0.13823390007019043,-0.32223206151737055,0.5418993817581683
1.060178279876709,-0.17484332083355997,0.5647166624718993,-0.3804234564304352,0.3130567967891693,-0.030495883183297323,0.6102506424417733,-0.001443968154489994,-0.8742824196815491,0.4223352966543089,0.4321427552249043,-0.7304880619049072,0.11145031452178955,-0.3081527652505983,0.5435930697466939
1.070206642150879,-0.17514914459799286,0.5708364769923504,-0.3803808391094208,0.304279088973999,0.022620077685463258,0.5520205996923799,-0.0035119152162224054,-0.9329588413238525,0.4228290581505346,0.4504600728050795,-0.7155214548110962,0.12676537036895752,-0.29269239666056157,0.577225443174037
1.0801196098327637,-0.1744044344613889,0.575738048937671,-0.38033822178840637,0.29401007294654846,0.07971194901132428,0.48943184005077356,-0.004751154221594334,-0.9686272740364075,0.4265963724806239,0.47033782155066894,-0.7067751884460449,0.15860629081726074,-0.28017881596542105,0.6289441123679297
1.0900633335113525,-0.17356604642895426,0.5805546641733311,-0.38016778230667114,0.2854028046131134,0.1324661964305509,0.43559829404009776,0.044606227427721024,-0.7853783369064331,0.4281560291551937,0.4841336804644721,-0.701261043548584,0.18857860565185547,-0.2731050143933903,0.6727122861163275
1.1000738143920898,-0.17175472619274565,0.5844235304777224,-0.38025301694869995,0.2783295214176178,0.1924762418631598,0.37479529766919484,-0.015276112593710423,-0.7112528085708618,0.43372310082717846,0.4935251677621603,-0.6979662179946899,0.1897735595703125,-0.2642431171675115,0.6832987273324729
1.110180377960205,-0.16969176627039342,0.5880921813627396,-0.38025301694869995,0.2695944309234619,0.2491688733130868,0.32079586452711695,-0.014999045990407467,-0.9173641800880432,0.437373707824944,0.5126068321774971,-0.687973141670227,0.22671985626220703,-0.25059943384528305,0.7393266884397042
1.1201741695404053,-0.16675644698107753,0.5908811063627988,-0.3800825774669647,0.26209506392478943,0.3114184671506468,0.2624804832308385,0.07326489686965942,-0.6575402617454529,0.44294870788644114,0.5220370279848446,-0.6878733038902283,0.22759735584259033,-0.24492459600378713,0.749634383827435
1.1300573348999023,-0.16350561022331606,0.5933131438475322,-0.38016778230667114,0.2570670545101166,0.3680083576823385,0.2122235122932956,0.037143561989068985,-0.4240870177745819,0.44896093007151056,0.526677578422831,-0.6896644830703735,0.21846818923950195,-0.24070355299886298,0.745145767662333
1.1400561332702637,-0.15943062702311983,0.5950926511558119,-0.38029560446739197,0.25272083282470703,0.4331351299800259,0.15580613817921574,-0.025430841371417046,-0.4175770580768585,0.45662128394128637,0.5327293046771484,-0.6856594085693359,0.2338407039642334,-0.22903812462804957,0.7665700086413818
1.1500580310821533,-0.15484244744212713,0.5964292376549808,-0.38025301694869995,0.24811892211437225,0.4930074411368732,0.10617877006962217,0.005582248326390982,-0.4190567135810852,0.46366321009684075,0.5408742790223441,-0.6777853965759277,0.23192906379699707,-0.21412218647908698,0.7728033428193412
1.160172939300537,-0.14950510097903277,0.5972223885287054,-0.38029560446739197,0.24590317904949188,0.5607818736852046,0.051893409096468446,-0.00931805931031704,-0.18827281892299652,0.47271097672790924,0.5400310220447894,-0.6737934350967407,0.2275388240814209,-0.20108245836883148,0.7675698461262103
1.1701781749725342,-0.1435666587277264,0.59747912614761,-0.38033822178840637,0.24556230008602142,0.6224811807797321,0.004229138258825316,-0.023445257917046547,-0.0019685947336256504,0.4820375856480057,0.5373332745354262,-0.6690160632133484,0.23122954368591309,-0.1869784775653427,0.7685628182213393
1.1800785064697266,-0.13712030165483524,0.5973110447942841,-0.38016778230667114,0.2454770803451538,0.6918318864959963,-0.047114061143613384,0.03631202131509781,0.012044193223118782,0.49113059271767046,0.537280220068606,-0.6613117456436157,0.23312973976135254,-0.17018115292594527,0.7704099598299585
1.1901724338531494,-0.12971807756014933,0.596525332636439,-0.3800825774669647,0.2460736185312271,0.7559639844430599,-0.09331640652138162,0.020110251381993294,0.04641655087471008,0.5029946771509203,0.5344245490494046,-0.6512464284896851,0.23562991619110107,-0.14825175133876478,0.7700544652405057
1.2000579833984375,-0.1220258703337267,0.5954530150733593,-0.3799121379852295,0.24765022099018097,0.8278220105561065,-0.14245993151033431,0.02162187173962593,0.15445616841316223,0.513461840494567,0.5301037168430668,-0.641511857509613,0.23841261863708496,-0.12805001701504604,0.7685163354801517
1.2100660800933838,-0.11323742372913068,0.5936829035791206,-0.3799547255039215,0.2501642107963562,0.8936367456561927,-0.18665380679890475,8.337401959579438e-05,0.26486656069755554,0.5277444834068129,0.5230665074969401,-0.6328169107437134,0.24146580696105957,-0.10507242733690048,0.7645323144579996
1.2200703620910645,-0.10414219162260496,0.5917177030532522,-0.3799973428249359,0.2525929808616638,0.9685361407415689,-0.23393183076751,-0.038402408361434937,0.2801918685436249,0.5404269539331747,0.5189305030947714,-0.6241843700408936,0.2433861494064331,-0.08375741610771881,0.7623166525012045
1.2300734519958496,-0.09385970257782851,0.5890026318329771,-0.3799121379852295,0.2548513114452362,1.0368089211073181,-0.2765895526727462,0.007700838148593903,0.23491902649402618,0.5559267742759482,0.5131401637863622,-0.6141607761383057,0.24208414554595947,-0.0582340018623575,0.7552243093323217
1.2401621341705322,-0.08330933687366843,0.5861596406273906,-0.3798695206642151,0.2576635777950287,1.1145398917681408,-0.32182471139794444,0.02896229922771454,0.2598283290863037,0.5703432414270364,0.5063041274681739,-0.6050072908401489,0.2407066822052002,-0.03466404941311252,0.7470108096733741
1.250164270401001,-0.07147953774921852,0.5825438082253688,-0.3799121379852295,0.2612854540348053,1.1833983154571444,-0.36186553670056654,-0.026264818385243416,0.31396859884262085,0.5885532076871749,0.4957390083419393,-0.5992131233215332,0.24564027786254883,-0.010659915634358308,0.7413792862044881
1.2600829601287842,-0.05973517652033257,0.5789510400019886,-0.3798695206642151,0.2637568414211273,1.2626925938713276,-0.4043476454207102,-0.02327454462647438,0.266780823469162,0.6035344926780107,0.4920699044688125,-0.5918146371841431,0.24256634712219238,0.01171985549386767,0.7346362515910049
1.2701530456542969,-0.046215869431563826,0.574448541397301,-0.3797842860221863,0.2666969299316406,1.3425215758612379,-0.4471162229238743,-0.00916135311126709,0.25563085079193115,0.624454310358198,0.4816129433654365,-0.5853499174118042,0.24241149425506592,0.039104392946393784,0.7240244376205024
1.2801594734191895,-0.032782024259898596,0.5699745052101016,-0.37974169850349426,0.2699779272079468,1.4180011349124613,-0.4842794936523589,-0.006569417659193277,0.3863520622253418,0.6418260286512066,0.4728819968246295,-0.585651159286499,0.2299877405166626,0.056174869364707614,0.7028697373412921
1.2901644706726074,-0.01783986197769856,0.5647575249395417,-0.3797842860221863,0.27389806509017944,1.500397275290244,-0.5248482265693646,-0.025484848767518997,0.35047799348831177,0.6644424904042929,0.4603167235021015,-0.5856876969337463,0.238106369972229,0.07875479347054659,0.6984230934743305
1.300154447555542,-0.002781827493387585,0.559480280879633,-0.37974169850349426,0.27739211916923523,1.5740227735122017,-0.5594954799074117,-0.0005934347282163799,0.3206855058670044,0.6840302605765298,0.45165115840984194,-0.5837599039077759,0.22345173358917236,0.10027035666875395,0.6751028919990143
1.3101553916931152,0.013627766994034661,0.5535720093440882,-0.37961384654045105,0.27986347675323486,1.6559137189597255,-0.5978474599006169,0.05189245939254761,0.29346033930778503,0.7076739091774428,0.44347377563559237,-0.5803408622741699,0.2311232089996338,0.12733304690327285,0.6745969846352262
1.3201498985290527,0.030328719628281008,0.5475261423779977,-0.37969908118247986,0.28399667143821716,1.7204492232991586,-0.6307363808067095,-0.00033226681989617646,0.4008628726005554,0.7304663346160082,0.42871415447500705,-0.5871938467025757,0.21671223640441895,0.1432724879134325,0.645426390879426
1.330087423324585,0.0479141974602261,0.5410030857187164,-0.37952864170074463,0.28864115476608276,1.7892960773385145,-0.6666908395490658,0.02470126375555992,0.3838818073272705,0.7543318541407734,0.41434559754209316,-0.5915655493736267,0.22651779651641846,0.1627663047671467,0.6408633940585116
1.3401567935943604,0.06613220571212908,0.5341849988540827,-0.37957125902175903,0.2931152284145355,1.842203680194947,-0.6980298767685653,-0.03308112919330597,0.37767931818962097,0.7797185931326249,0.4015100429562686,-0.601537823677063,0.21536469459533691,0.17818076945556194,0.6168747375516055
1.3501543998718262,0.08487694258639039,0.5269987282194,-0.3794008195400238,0.29618316888809204,1.895419016606477,-0.731809908023461,0.0009272018214687705,0.349476158618927,0.8044922046913793,0.39220415067340125,-0.6086713075637817,0.22056829929351807,0.19582089712759754,0.6127724499669194
1.3601603507995605,0.1040476706540607,0.5195459802640989,-0.3788895010948181,0.29980504512786865,1.9352546405391156,-0.7610979168885841,0.09448403865098953,0.3382952809333801,0.8289854693852096,0.3781527392061761,-0.6099570393562317,0.20490515232086182,0.21902843002897787,0.5830578915270379
1.3700816631317139,0.12343801434434017,0.5118348715418335,-0.37735551595687866,0.30321386456489563,1.9726632461339646,-0.7925906355940526,0.22981101274490356,0.3674580752849579,0.8508101716289731,0.3655527015145035,-0.6033422946929932,0.2042560577392578,0.24746787693597994,0.5698087592537613
1.3800833225250244,0.14335192928234095,0.5037527405480884,-0.373435378074646,0.30560001730918884,2.0000183286227715,-0.8201609191310197,0.33731886744499207,0.2789745628833771,0.8683446903321789,0.3550866607643212,-0.5860570669174194,0.2007749080657959,0.28228762341475944,0.5558615688301172
1.390155553817749,0.163587432360986,0.4953693396030356,-0.3704100549221039,0.3065374493598938,2.021925213896524,-0.8497099037724567,0.37673521041870117,0.05162717029452324,0.8935657019333045,0.3469518902149456,-0.5616421699523926,0.22303831577301025,0.33192353198091196,0.5699902059879558
1.400089979171753,0.1838003654391962,0.48675764411855477,-0.36563771963119507,0.3064095973968506,2.03648900842426,-0.8752280436367954,0.5020943880081177,-0.02126871980726719,0.9107530073407445,0.3391666491247476,-0.5312193632125854,0.1946866512298584,0.37953364412815904,0.533853300354606
1.4100983142852783,0.2042009198758564,0.47791363390956265,-0.35796791315078735,0.30670785903930664,2.0425098460184774,-0.9024280275221095,0.8378964066505432,0.033444102853536606,0.9228588805582565,0.3275638893424697,-0.4846915006637573,0.21976184844970703,0.43816737989449916,0.5473257377921767
1.4200878143310547,0.22464598433937277,0.4687117433414413,-0.3470596969127655,0.3065374493598938,2.0445685264970397,-0.9264797589946525,1.1271792650222778,-0.04685638099908829,0.9302021216923424,0.3175963913774249,-0.3985283374786377,0.21488940715789795,0.5316737842137047,0.5324857985353229
1.430161476135254,0.24522107638246102,0.45932462071047725,-0.3357253968715668,0.3064948320388794,2.0347615007748754,-0.9514966065071349,1.0912928581237793,-0.045198239386081696,0.943022745540416,0.3063682553176896,-0.32316136360168457,0.2190110683441162,0.6198613819387314,0.5253793236618058
1.4401535987854004,0.2654763210642158,0.44962240880307736,-0.32686248421669006,0.30619657039642334,2.0241400646200436,-0.973632874658044,1.0893300771713257,-0.04719308391213417,0.9633659792437703,0.29553832844339517,-0.25829148292541504,0.2186908721923828,0.7050744963183553,0.514229200635778
1.4501705169677734,0.2857220295599836,0.43984302934486375,-0.31373855471611023,0.3061113655567169,1.9985550988157161,-0.9963477324335948,1.3483047485351562,0.01355683896690607,0.96576885031172,0.2838597968492124,-0.18297553062438965,0.25355827808380127,0.7827933196873303,0.5374180749330137
1.4601545333862305,0.30545077536802856,0.4296958409154663,-0.2987823784351349,0.3060687184333801,1.975435433976429,-1.0166389446967834,1.4890103340148926,-0.00486472062766552,0.9692144474231795,0.27140812239676104,-0.09258562326431274,0.2322704792022705,0.8766288241588668,0.5036786015990316
1.470144510269165,0.32517935656002017,0.41953668634842606,-0.2808009088039398,0.30615395307540894,1.9341688419435155,-1.0370542547165122,1.7690720558166504,0.04059317335486412,0.9676839864250452,0.25928869047295344,0.0017993450164794922,0.2567676305770874,0.9694833314415247,0.5160563210500408
1.480161428451538,0.3441452941383764,0.4089465197108982,-0.26039063930511475,0.3060261309146881,1.893390485282282,-1.0572280260972455,1.9509743452072144,0.019965779036283493,0.9619860448917259,0.24670964812049384,0.10750281810760498,0.2361466884613037,1.0694888629993309,0.48285633658179755
1.4900767803192139,0.36291892702285966,0.39846373182777567,-0.24206829071044922,0.30564263463020325,1.8419451151344859,-1.0736316237521386,2.2402262687683105,-0.08523730933666229,0.9687387673310133,0.23568788834725773,0.24184119701385498,0.2758352756500244,1.2105799643448683,0.5115231639972821
1.500154972076416,0.3809554118542531,0.3874754328158224,-0.2160760909318924,0.30500349402427673,1.7844037024859567,-1.0919789731612113,2.560239791870117,-0.0717659667134285,0.9447660369315997,0.22309905240041367,0.40718674659729004,0.234155535697937,1.3519527835288896,0.4572545880983507
1.5101540088653564,0.3987456360216541,0.37654008444219716,-0.18739944696426392,0.3041086494922638,1.719796818448259,-1.1066563295278797,2.77382755279541,-0.0787561759352684,0.9281855037971423,0.21195748265910747,0.561274528503418,0.2647414207458496,1.4894600323005602,0.4766989034049571
1.5201680660247803,0.41537208148470656,0.3653274244159047,-0.15493051707744598,0.3025320768356323,1.64686011105848,-1.1226395556169884,3.079918146133423,-0.19964337348937988,0.9015436036357963,0.20145419214973803,0.6964014768600464,0.22586584091186523,1.5979450804958426,0.42732003306160327
1.5301573276519775,0.43168897001944095,0.35408371351850526,-0.12642432749271393,0.3019355535507202,1.5724224915609248,-1.135404612250717,3.357478141784668,-0.020576169714331627,0.8964552623133832,0.18686395916897167,0.7629208564758301,0.2471446990966797,1.6593761187892133,0.4340086582656514
1.540151596069336,0.44679402240160443,0.34263793382785596,-0.0881178006529808,0.30104073882102966,1.4871206674328903,-1.1491389697046124,3.618642807006836,-0.1531314104795456,0.8487287934413743,0.17456163529890562,0.8029592037200928,0.23553681373596191,1.651687997161467,0.41009844903486753
1.550154209136963,0.4614263408616849,0.33110445253929494,-0.04768076166510582,0.299591988325119,1.4109641621450777,-1.1601236961713735,3.825458526611328,-0.12122076749801636,0.814593065077678,0.16351847654119864,0.8227514028549194,0.23806977272033691,1.6373444679325975,0.4015882492615356
1.5601575374603271,0.47502161450890923,0.31942855703205103,-0.013422197662293911,0.298356294631958,1.3266864927911683,-1.1716186722770825,3.9872686862945557,-0.09780976921319962,0.8020337522440717,0.1503635813710345,0.8335796594619751,0.22976326942443848,1.6356134117060468,0.380126850795473
1.5701723098754883,0.4879833429842059,0.30765077076175096,0.03029581718146801,0.2978875935077667,1.2530407535876762,-1.1808168773029468,4.182095527648926,0.0003886315389536321,0.746770966679369,0.1350939652406681,0.8402532339096069,0.22262322902679443,1.587024200588976,0.3577171942674625
1.580087423324585,0.5000027487487283,0.29589595855700246,0.07392861694097519,0.29737624526023865,1.1735916908930513,-1.19002142137367,4.413682460784912,-0.04797578603029251,0.7088249751595792,0.12172712972296737,0.8496768474578857,0.22677302360534668,1.558501822617465,0.3485001533283141
1.5901472568511963,0.5114145094572337,0.28387885082961967,0.1185840591788292,0.2964814603328705,1.1029414723347237,-1.1974861794109053,4.534121990203857,-0.10481201857328415,0.6672433040567467,0.10857221423934843,0.8548386096954346,0.21275246143341064,1.5220819137521813,0.3213246756727591
1.6001505851745605,0.5221347858937376,0.2718709289168113,0.16481606662273407,0.29631102085113525,1.0274539510618048,-1.2045024740618544,4.640365123748779,0.014456399716436863,0.6215224027688451,0.09283915569220635,0.8538273572921753,0.19553494453430176,1.4753497600610204,0.2883741002265081
1.6101548671722412,0.5319713233916304,0.2597796268586371,0.21224117279052734,0.2960553467273712,0.9607796696034931,-1.2101222983608455,4.766025066375732,-0.027598904445767403,0.5735413656423699,0.07849500828476513,0.857964277267456,0.20340418815612793,1.4315056429098258,0.28189919644089306
1.6201493740081787,0.5413496543719051,0.2476699781081848,0.26090195775032043,0.295884907245636,0.8895912433959801,-1.2149086164081204,4.922544479370117,-0.02458711341023445,0.5241364410341982,0.0637679347771411,0.8641663789749146,0.1851407289505005,1.3883028200091128,0.2489086637276416
1.6301522254943848,0.5497599841810473,0.2354846091944123,0.31092628836631775,0.2957570552825928,0.8263957106149711,-1.218739088947851,5.0728278160095215,-0.03384716436266899,0.47049188119455776,0.04882120928788873,0.8631854057312012,0.18893218040466309,1.333677286925759,0.23775338969255183
1.640153408050537,0.5578809503524021,0.22329028171832932,0.36205846071243286,0.29499009251594543,0.759509706454164,-1.221292171038849,5.163794994354248,-0.11474836617708206,0.41686731300759483,0.0360818768759628,0.8547178506851196,0.17437684535980225,1.2715851636927145,0.21045872223576506
1.6501448154449463,0.5649455760179677,0.21106785476110465,0.4140854775905609,0.29392483830451965,0.6998402259164855,-1.2233303616225761,5.170710563659668,-0.08353934437036514,0.359613513870625,0.022902225574103974,0.8372653722763062,0.16783440113067627,1.1968788861469313,0.19073662670478025
1.6601598262786865,0.5718819049009068,0.1988158211456436,0.4680299162864685,0.2930300235748291,0.6372618101723688,-1.223646614413413,5.356175422668457,-0.08398950099945068,0.2995277528487088,0.008496613821519453,0.8245134353637695,0.16551613807678223,1.1240411882124783,0.17401275189830168
1.6701507568359375,0.5776972600320017,0.18658766576074817,0.5247440338134766,0.29094213247299194,0.5811372426215122,-1.223893885161667,5.345316410064697,-0.2579507529735565,0.23087974571259756,-0.0016552119795750185,0.811388373374939,0.16199421882629395,1.0422681190875365,0.16033900684671892
1.680159568786621,0.5835044669630627,0.17433825971955463,0.5701238512992859,0.2893655598163605,0.5227311101173449,-1.2218957258375838,5.38260555267334,-0.1446722447872162,0.20609843919188425,-0.015987859444444304,0.8027784824371338,0.14933037757873535,1.008876921629018,0.13334251813429104
1.690077781677246,0.5881241036717595,0.16223856458008193,0.6267527341842651,0.28736287355422974,0.46577309437100567,-1.2199471087084337,5.350799560546875,-0.1505710631608963,0.11865955801522718,-0.027453118318711053,0.7950770854949951,0.15214741230010986,0.9137366435102223,0.12469429398139881
1.7001502513885498,0.5928155890571516,0.1499506842782237,0.683765172958374,0.2852749824523926,0.4164085448237991,-1.2157531773545607,5.441771030426025,-0.18448564410209656,0.05488720118829346,-0.04044036319679126,0.798112154006958,0.152990460395813,0.8529993551952515,0.11255009719902173
1.710165023803711,0.5964942830221177,0.1378169535696487,0.7377095818519592,0.28276097774505615,0.3627562221700984,-1.2111949638136803,5.304708957672119,-0.22011812031269073,-0.0018860410011734552,-0.051403284097414126,0.7993144989013672,0.15485048294067383,0.7974284579001938,0.1034471988432597
1.7201502323150635,0.6000709764288853,0.12572678517787073,0.7908870577812195,0.2802043557167053,0.31794390946557627,-1.2049286604453222,5.302490234375,-0.22466260194778442,-0.0608403795413211,-0.06328909074005926,0.8075916767120361,0.15948832035064697,0.7467512971707151,0.09619922961058772
1.7301506996154785,0.6028473774912927,0.11373581953999622,0.84329754114151,0.2778608202934265,0.26848220653600663,-1.1977049472652723,5.187748908996582,-0.23853382468223572,-0.1214296785041627,-0.07575027470292484,0.8159239292144775,0.16284334659576416,0.6944942507103149,0.08709307189283932
1.7401463985443115,0.6054396784523947,0.10177726522466414,0.89498370885849,0.2748354971408844,0.22714213617016554,-1.189319951342097,5.063714027404785,-0.2866159975528717,-0.18042006364883045,-0.08573398692232631,0.8347203731536865,0.17593622207641602,0.6543003095048561,0.0902022351540897
1.750154972076416,0.607390361024951,0.08994452084015633,0.9468402862548828,0.27155449986457825,0.18204685087543737,-1.1794463863780478,4.908481121063232,-0.39204034209251404,-0.24328899327427078,-0.09595955525908928,0.8620593547821045,0.18114519119262695,0.6187703615078337,0.08518563593353767
1.7601573467254639,0.609082767867148,0.07817538982248001,0.9876181483268738,0.2683587670326233,0.14413174847879162,-1.1689260662238459,4.810495853424072,-0.3986246883869171,-0.27006480188377757,-0.10705166874583494,0.8838348388671875,0.1801621913909912,0.6137700369834099,0.07311052264515627
1.7701501846313477,0.6102727838923391,0.06657144874378872,1.0368754863739014,0.2637568414211273,0.10344700084370828,-1.156417155715768,4.628111362457275,-0.4394533634185791,-0.34741573270399256,-0.11310006344012657,0.9045127630233765,0.19319820404052734,0.5570970303193838,0.08009814060040077
1.780163049697876,0.6111516707663761,0.05504064449256588,1.0843857526779175,0.2585158050060272,0.06905717218434404,-1.1437896475500104,4.397313594818115,-0.5021199584007263,-0.4023944391638988,-0.1200371902233826,0.9218592643737793,0.1872115135192871,0.5194648252098806,0.0671743232959045
1.7900874614715576,0.6116528926674434,0.04376602249008202,1.12989342212677,0.2529338598251343,0.03291434833002427,-1.128711167031698,4.205440044403076,-0.5718059539794922,-0.45522527457469086,-0.1265108917295682,0.9339871406555176,0.1835082769393921,0.4787618660808267,0.05699738520982389
1.800157070159912,0.611804615646306,0.03247531688804545,1.1647059917449951,0.24811892211437225,0.001705942053497722,-1.1138256817597862,4.067610263824463,-0.5814163684844971,-0.4783386942294751,-0.13671056975937024,0.9429206848144531,0.17186343669891357,0.464581990584978,0.03515286693954334
1.810168981552124,0.61168868800158,0.021397853631430486,1.205696940422058,0.24096041917800903,-0.030343807601063588,-1.0959798357727504,3.7835519313812256,-0.7161661386489868,-0.5429350381901564,-0.13717795726381304,0.9541900157928467,0.14153623580932617,0.41125497760269025,0.004358278545513128
1.820082664489746,0.61120366564284,0.010635224660766223,1.2442164421081543,0.23265142738819122,-0.05750107605705779,-1.079283035257691,3.5859339237213135,-0.8137674927711487,-0.5880678135959159,-0.13807974041292795,0.9615168571472168,0.13763248920440674,0.37344904355130093,-0.0004472512085212099
1.8301467895507812,0.6105373424190921,-0.0001619302888075944,1.2800941467285156,0.22417202591896057,-0.08523458184643928,-1.0587469975484263,3.3106889724731445,-0.7828449606895447,-0.6296778818246307,-0.14148661301316418,0.9679938554763794,0.11234581470489502,0.3383159736517487,-0.029140798308269156
1.8401784896850586,0.6094920382840769,-0.010642082121268244,1.3060864210128784,0.2179083228111267,-0.10922494803353544,-1.039714262260442,3.0477588176727295,-0.7466377019882202,-0.6458964546093368,-0.15125794359101316,0.9729052782058716,0.0805056095123291,0.3270088235965348,-0.07075233407868406
1.8501439094543457,0.6083538219341361,-0.0209538802433995,1.3358708620071411,0.20989762246608734,-0.13244388691877518,-1.0166600706968771,2.7708561420440674,-0.7643040418624878,-0.6936838694323241,-0.1511119650392916,0.9780693054199219,0.04525434970855713,0.2843854359875978,-0.10585761533073448
1.8601574897766113,0.606844181940256,-0.030952186339128933,1.3628431558609009,0.20056597888469696,-0.15296204519036039,-0.9954753066628339,2.448896646499634,-0.9799870252609253,-0.7260047389520472,-0.14956916219188807,0.982928991317749,0.004059553146362305,0.2569242523657018,-0.14550960904552576
1.8701646327972412,0.6052914394962418,-0.04088405455570847,1.3867473602294922,0.18948735296726227,-0.17190446045099605,-0.9696830170094606,2.126547336578369,-0.9847511053085327,-0.7536289247400383,-0.1454876981505654,0.9871480464935303,-0.025397956371307373,0.233519121753492,-0.17088565452187277
1.880145788192749,0.6034089732761275,-0.0503356830831723,1.4030245542526245,0.18066705763339996,-0.18883917682726548,-0.9464846719861857,1.8159458637237549,-0.942984402179718,-0.7640244062171222,-0.15072549073466682,0.9894684553146362,-0.06394946575164795,0.22544404909751403,-0.21467495648631477
1.8901634216308594,0.6015148673428112,-0.05981256782906743,1.4211337566375732,0.16954579949378967,-0.2034733803163995,-0.917933215680542,1.5104649066925049,-1.0482454299926758,-0.7949941479062562,-0.14511826295686675,0.9914579391479492,-0.11359089612960815,0.196463791241693,-0.2587091590864749
1.9000828266143799,0.5993551310407756,-0.0686420437244496,1.434683918952942,0.1579132378101349,-0.217728412704556,-0.8901215254393704,1.1186866760253906,-1.1168866157531738,-0.8086005219970684,-0.140343356347963,0.9932205677032471,-0.1460370421409607,0.18462004570617863,-0.2863803984889237
1.9101450443267822,0.5971643003499666,-0.07759864030391622,1.4402657747268677,0.14828333258628845,-0.2270858027306346,-0.8616393160522833,0.41481101512908936,-1.1176085472106934,-0.8054257273469191,-0.14469846815405366,0.9950559139251709,-0.1751483678817749,0.1896301865782518,-0.31984683603582853
1.9201557636260986,0.594797813341466,-0.08594060151253527,1.4363882541656494,0.13554289937019348,-0.23727022464364467,-0.8306397706016324,-0.6640782356262207,-1.2370446920394897,-0.7884114088120497,-0.13285590902242123,0.9963840246200562,-0.27905285358428955,0.2079726158080064,-0.4119087626067108
1.9300892353057861,0.5924322723259552,-0.09416548837362625,1.4282922744750977,0.12088499963283539,-0.2428444171078361,-0.800863271926886,-0.6824324727058411,-1.4222195148468018,-0.7764395121659504,-0.12192741378534422,0.9964665174484253,-0.19226938486099243,0.22002700528247487,-0.31419679864633665
1.9401514530181885,0.5899407521906304,-0.10194738269192438,1.4236478805541992,0.10443748533725739,-0.24872472925342137,-0.7669586108965882,-0.37466737627983093,-1.6442352533340454,-0.7843460219156511,-0.10788899508269956,0.9962756633758545,-0.22411257028579712,0.21192964146020343,-0.3320015653684967
1.9501590728759766,0.5874405286476356,-0.10955892214759647,1.4177676439285278,0.08611511439085007,-0.2508980374162384,-0.734534903550677,-0.8110722303390503,-1.8094158172607422,-0.7811570360833566,-0.09172827041306032,0.9964272975921631,-0.3253256678581238,0.21527026150880646,-0.4170539382711841
1.9601638317108154,0.5849196917517436,-0.11664732232262084,1.4066463708877563,0.07000847905874252,-0.25238650295829856,-0.6981774762582074,-1.4059510231018066,-1.9157530069351196,-0.7636825733016395,-0.08503820409739014,0.9962390661239624,-0.40134018659591675,0.23255649282232294,-0.4863783906933069
1.970167636871338,0.5823906379578627,-0.12352847055458266,1.3933947086334229,0.04844774305820465,-0.251039083173314,-0.6637900130966461,-1.107072353363037,-1.987337589263916,-0.7498151148006524,-0.05678789840656423,0.996650218963623,-0.26213979721069336,0.2468351041629706,-0.3189276956172576
1.9801628589630127,0.5798991239132786,-0.1299228897770635,1.3818047046661377,0.026205245405435562,-0.2481702695408785,-0.6247907849484395,-1.1439716815948486,-2.0444893836975098,-0.7453527862919259,-0.03605773550752399,0.9963635206222534,-0.3874189853668213,0.2510107343303275,-0.4234767208743453
1.9901585578918457,0.5774294867491229,-0.13601859952656903,1.3691920042037964,0.01009860634803772,-0.24334259787299573,-0.5883495797428742,-1.5791760683059692,-1.8024307489395142,-0.7342590136529527,-0.03630338740634345,0.9955810308456421,-0.37068790197372437,0.26132201719268944,-0.4069912893800678
2.0001566410064697,0.5750338028251942,-0.14168612058537344,1.3502731323242188,-0.008948132395744324,-0.2361142736377424,-0.5466873783633677,-1.8324261903762817,-1.8281832933425903,-0.7047718961092432,-0.014042701382958225,0.9944536685943604,-0.46320223808288574,0.2896817724851172,-0.47724493946584395
2.0101542472839355,0.5727082157345954,-0.14695000977728226,1.3306723833084106,-0.028676634654402733,-0.227831301287587,-0.5082229451728377,-1.873362421989441,-1.9161938428878784,-0.6855696105301667,0.005012531560193698,0.9940190315246582,-0.40903449058532715,0.30844942099449146,-0.40402195902513344
2.020087718963623,0.5704922678430209,-0.1518178905005066,1.3137987852096558,-0.04542241990566254,-0.21628055659422785,-0.4640493379417592,-2.1809375286102295,-2.035090923309326,-0.6761886797870748,0.013667018034028658,0.9920637607574463,-0.5309625864028931,0.31587508097037154,-0.5172955683688644
2.0300793647766113,0.5683995935241537,-0.15619321356861807,1.2892128229141235,-0.06544919312000275,-0.2044685371451962,-0.42324946751390424,-2.4077537059783936,-1.8736649751663208,-0.6364087115936672,0.0396328733640952,0.9901790618896484,-0.47897112369537354,0.35377035029598125,-0.4393382503312783
2.0401575565338135,0.5663894821789479,-0.1603098920183247,1.2630927562713623,-0.08470898121595383,-0.1884142898644754,-0.3759676766578872,-2.48002290725708,-1.7869309186935425,-0.6070302436911895,0.05648552029641045,0.9885103702545166,-0.5185720324516296,0.3814801265633271,-0.4620865121552192
2.0500741004943848,0.564628759899882,-0.16372101274579992,1.2369301319122314,-0.10418182611465454,-0.17322527261942255,-0.3334059352693295,-2.581815481185913,-1.9494396448135376,-0.5798532731181418,0.07735866160531861,0.9865202903747559,-0.5019831657409668,0.406667017256614,-0.4246245041356482
2.0601730346679688,0.5629238890874221,-0.16697927750467523,1.208210825920105,-0.1251033991575241,-0.15279171095452782,-0.2834785139716498,-2.8397955894470215,-2.064269781112671,-0.5447920324506698,0.10159029625826063,0.9824774265289307,-0.5722379684448242,0.4376853940782609,-0.47064767218656356
2.0701568126678467,0.5615566181889358,-0.169422996844564,1.1847326755523682,-0.14248836040496826,-0.13409638937233126,-0.2387237447127042,-2.817711591720581,-2.089986801147461,-0.5305587927378548,0.11396791524869095,0.9811577796936035,-0.49918705224990845,0.45059898695574874,-0.3852191370012175
2.080157995223999,0.560244077427178,-0.1717499515132158,1.1556299924850464,-0.16481606662273407,-0.10942369758175019,-0.1864419288723127,-2.7134602069854736,-2.1357929706573486,-0.48823363995878255,0.1480601008511831,0.9795627593994141,-0.497644305229187,0.4913291194406315,-0.3495842043780039
2.0901503562927246,0.5593684660084729,-0.1731514468878706,1.1261011362075806,-0.18688812851905823,-0.08192150362137696,-0.17036369736191048,-2.8686530590057373,-2.041720151901245,-0.45439047170267255,0.17425935734882175,0.9746007919311523,-0.5163771510124207,0.5202103202284798,-0.3421177936635989
2.1001639366149902,0.5586054030628029,-0.17515951671134558,1.0947827100753784,-0.20921584963798523,0.2671669876208398,-0.058051313153491435,-3.005855083465576,-2.20540714263916,-0.41606450845134135,0.19807733378263606,0.9760837554931641,-0.5625964403152466,0.5600192470418227,-0.36451910653261055
2.1101691722869873,0.5647111045594205,-0.1743159424005316,1.0632085800170898,-0.23175662755966187,0.6102506424417804,0.08431328740961064,-2.9436912536621094,-2.1756649017333984,-0.3585937637505367,0.23249772107633848,0.974459171295166,-0.4637359380722046,0.6158654075446293,-0.2312382169958661
2.1201491355895996,0.5708013835763851,-0.17347449888626107,1.038025975227356,-0.2502067983150482,0.5527721782838029,0.13902629513198228,-2.945679187774658,-2.224250316619873,-0.3357490970455179,0.2477691114719745,0.9711277484893799,-0.5268625617027283,0.635378651443862,-0.27909345023075377
2.130166530609131,0.5757607767742062,-0.17153168007553013,1.0044491291046143,-0.2716823220252991,0.48970505393338115,0.1990590763164075,-3.174086570739746,-2.0110890865325928,-0.27669365224243536,0.28452518156760154,0.9663622379302979,-0.4990806579589844,0.6896685856878625,-0.21455547639138284
2.140080451965332,0.5805629561380834,-0.16950804243714251,0.971042811870575,-0.2913256287574768,0.4355613822284994,0.2543205988469168,-3.156275510787964,-1.8409793376922607,-0.23306086119315828,0.30750998885672837,0.9600608348846436,-0.48672187328338623,0.7269999736914853,-0.17921188442665786
2.15008544921875,0.5844277538833179,-0.1664567027830188,0.9380625486373901,-0.31028711795806885,0.37468176171667267,0.3169130334293708,-3.1286280155181885,-1.7699344158172607,-0.1929881984370656,0.3351924741113883,0.9526393413543701,-0.4542200565338135,0.7596511429173045,-0.11902758242242517
2.1601593494415283,0.5880845480763971,-0.16314312824014626,0.91147381067276,-0.324092835187912,0.3209866786250011,0.3755670291917319,-3.217068910598755,-1.6115342378616333,-0.17118617453961993,0.346592348902438,0.9422149658203125,-0.4881400465965271,0.7710287912806926,-0.1415476976940891
2.170151710510254,0.5908755796715808,-0.1589280518902337,0.8781526684761047,-0.3399864137172699,0.2627049969196591,0.4402722430883861,-3.1962294578552246,-1.496171236038208,-0.11726739107637202,0.3774256944179803,0.9301259517669678,-0.4128314256668091,0.8128585606905958,-0.03540573124882879
2.1801528930664062,0.5933366586866,-0.1543402004191488,0.8462376594543457,-0.3541329801082611,0.21148567543900754,0.5002020281381618,-3.0231785774230957,-1.338136911392212,-0.08049986094543043,0.39795769293683936,0.9178009033203125,-0.38584399223327637,0.8373010423748821,0.01211370070356299
2.190147876739502,0.5951049111373352,-0.1489264429773893,0.8142800331115723,-0.3669160306453705,0.15528163809574735,0.5675808728848191,-3.114292621612549,-1.1992571353912354,-0.04220592536765627,0.41959060109573953,0.8936505317687988,-0.40415310859680176,0.8514446064011425,0.015437492498937777
2.20015025138855,0.5964415613578218,-0.14298969883896306,0.7829189300537109,-0.37854859232902527,0.10579188047529797,0.629581889095884,-3.0106313228607178,-1.0601106882095337,-0.005770781938743835,0.44036099934262124,0.8695991039276123,-0.30572986602783203,0.8638283219888685,0.1346311333147892
2.2101778984069824,0.5972225157809984,-0.13631407973760373,0.753006637096405,-0.38843417167663574,0.051600272387641866,0.699747943524593,-2.7735135555267334,-0.8871477246284485,0.02642896663684277,0.45922670310291874,0.8407955169677734,-0.2612948417663574,0.8672244836046162,0.19793186133656132
2.220075845718384,0.5974765003454884,-0.12905557456976285,0.7292727828025818,-0.39422914385795593,0.004653157324931101,0.7627238674223777,-2.7381997108459473,-0.5998207330703735,0.041276371092651754,0.4689361279994473,0.7989227771759033,-0.24115419387817383,0.8401991482685551,0.22778193412127345
2.2300872802734375,0.5973103618406641,-0.12112201009916472,0.7003405094146729,-0.3993849754333496,-0.04713202997388066,0.8351724430473713,-2.671186685562134,-0.432637482881546,0.08494020441160018,0.48582829250963566,0.733993411064148,-0.18966758251190186,0.8189336154757482,0.2961607099977338
2.24015474319458,0.5965267096787923,-0.1122814320129348,0.6733682751655579,-0.4020693898200989,-0.09350231950881138,0.9018256372815294,-2.4317920207977295,-0.20181120932102203,0.11090403106266193,0.4976886281624141,0.6638232469558716,-0.10339903831481934,0.7747272780185335,0.39428958984759477
2.250150680541992,0.595436619920086,-0.10303169849075589,0.6533414721488953,-0.40258070826530457,-0.1429541439325277,0.9766305014021777,-2.3846263885498047,-0.0060382429510355,0.11889272990472056,0.5070722055511847,0.5817307233810425,-0.14826083183288574,0.700623453285763,0.35881137371829896
2.26015043258667,0.5936679843269905,-0.09275264053680383,0.6290536522865295,-0.40321987867355347,-0.18705283796599304,1.0446049152817274,-2.4049549102783203,-0.06243552640080452,0.15293915037863454,0.5237303013280056,0.499798059463501,-0.10095679759979248,0.6527372098421356,0.4227735037282131
2.270156145095825,0.5916944195508913,-0.08213369306090955,0.6052772402763367,-0.4027937948703766,-0.23434590545952005,1.1220281325773374,-2.368992805480957,0.1017124131321907,0.17761556170629195,0.5357936487635372,0.400260329246521,-0.12277746200561523,0.577875890952813,0.41301618675792195
2.2801551818847656,0.588980448440511,-0.07030755973042929,0.582480788230896,-0.40019455552101135,-0.27660740989961496,1.1919232267372752,-2.2777981758117676,0.27192896604537964,0.19829980487113633,0.5462535301408328,0.28263187408447266,-0.05014830827713013,0.48093167895560895,0.49610522186370265
2.2901501655578613,0.5861639673528526,-0.058302430205920366,0.5598548054695129,-0.3956352770328522,-0.321649165088715,1.2718210534464842,-2.24063777923584,0.49107983708381653,0.2216304850044678,0.5529757968822298,0.13098561763763428,-0.10845541954040527,0.3526161026421021,0.4445203773418245
2.3001444339752197,0.5825509792125888,-0.04488490922066824,0.5376123189926147,-0.3891585171222687,-0.3621410064815471,1.3437438842538596,-2.164231300354004,0.6773987412452698,0.2418056309751285,0.5616716246800761,-0.020490705966949463,-0.013598740100860596,0.22131492500817904,0.5480728845792155
2.3101484775543213,0.5789217460981467,-0.0314297968570659,0.5162646174430847,-0.3799121379852295,-0.4049434066015465,1.4261350144377336,-2.1165521144866943,0.9345214366912842,0.2614963618087614,0.5626519782202536,-0.18076997995376587,-0.1148533821105957,0.08072638185499553,0.4477985961096579
2.3201539516448975,0.5744481363142057,-0.01634840321088565,0.4943629801273346,-0.3668734133243561,-0.44711622292387077,1.5073142471464616,-2.2158689498901367,1.4351296424865723,0.28214945366512195,0.5621731525605632,-0.287738561630249,-0.10602760314941406,-0.005589107965127071,0.45614554941114915
2.3301565647125244,0.5699758057400394,-0.0012713220253581722,0.4720779061317444,-0.35153377056121826,-0.4842580881947711,1.582249656794624,-2.2761337757110596,1.5947840213775635,0.30468576914849355,0.5586486673357398,-0.3751431107521057,-0.18769830465316772,-0.07045734160361217,0.3709503626825721
2.340163230895996,0.5647581798563484,0.01531187958373515,0.44957974553108215,-0.33500102162361145,-0.5248372145760385,1.664119897730725,-2.2848031520843506,1.6757962703704834,0.3248187071372547,0.5607364906445467,-0.4424372911453247,-0.15838336944580078,-0.11761858400807002,0.4023531211987459
2.350153684616089,0.5594806839053602,0.03200605940799157,0.4267406761646271,-0.31910744309425354,-0.5594990123919921,1.7273520797873607,-2.3095345497131348,1.5626996755599976,0.34698563266376936,0.5646019634552578,-0.4918951988220215,-0.2202749252319336,-0.14490956615825212,0.3443270382233242
2.3601479530334473,0.5535765091305707,0.04983296084560247,0.4021120071411133,-0.30278775095939636,-0.5978339855754555,1.7964748576803677,-2.5062034130096436,1.6603407859802246,0.3723867254367109,0.5692343134814928,-0.5344268083572388,-0.26168447732925415,-0.16204008292052785,0.30754983615223863
2.370152235031128,0.5475247289835256,0.06793320814062773,0.3713048994541168,-0.28088611364364624,-0.6307649448482131,1.8474439029133038,-2.5816609859466553,1.8793723583221436,0.41485966438522437,0.555450724096803,-0.5659685730934143,-0.30725646018981934,-0.15110890870818994,0.24819426390698363
2.3800597190856934,0.5410218445787265,0.08661147322608992,0.3465057611465454,-0.26166895031929016,-0.6666863650374459,1.900526825935656,-2.5989482402801514,2.04579496383667,0.42467508612792193,0.5627221514679736,-0.5909870862960815,-0.3147115111351013,-0.1663120001681596,0.24801064033287223
2.3900628089904785,0.5342486369144616,0.10577671976648212,0.32076922059059143,-0.24168477952480316,-0.6976591481009571,1.9387281214212582,-2.674607992172241,2.1032638549804688,0.4496191612410777,0.5625692363298233,-0.6154743432998657,-0.3566402196884155,-0.16585518205878802,0.20592901664140772
2.400115489959717,0.5270277095496112,0.12549642672411432,0.2934987246990204,-0.22042231261730194,-0.73164711510627,1.9764343089927348,-2.809278726577759,2.1928303241729736,0.47678523068260814,0.5606539279557976,-0.6403295397758484,-0.389739990234375,-0.16354430909324025,0.1709139377214226
2.4100520610809326,0.5196266378632529,0.1452807469355817,0.26166895031929016,-0.19536755979061127,-0.7607631899321099,2.002037181534835,-2.8548450469970703,2.2450270652770996,0.5158897729981328,0.5482366567137258,-0.667033314704895,-0.4107853174209595,-0.15114354170676225,0.13745133929276632
2.4200599193573,0.5118524422294766,0.16542748646354294,0.23525066673755646,-0.17423291504383087,-0.7923682647853383,2.0238114599474457,-2.821556568145752,2.31107234954834,0.5277998561468201,0.5569748668499807,-0.6851804852485657,-0.4072970151901245,-0.15738062910174555,0.14967785165985614
2.4301652908325195,0.5036865036795389,0.18598823256414637,0.20802277326583862,-0.15309828519821167,-0.820398152815649,2.0371547481599244,-2.941763162612915,2.2447562217712402,0.5526925909222569,0.558470595374618,-0.7045234441757202,-0.45056474208831787,-0.15183085325346335,0.10790585328630009
2.440178155899048,0.49534974690043576,0.20641098357301235,0.1743181347846985,-0.12761740386486053,-0.8497498361354552,2.043157467012092,-3.0454952716827393,2.211118221282959,0.5970300289736776,0.5447684593760485,-0.7253708243370056,-0.4650534391403198,-0.128340795363328,0.07971502023572863
2.450166940689087,0.48669092972615785,0.2268545841544935,0.14547106623649597,-0.10520446300506592,-0.8754527813926316,2.0435621640222923,-3.030221462249756,2.3791720867156982,0.6122615494201211,0.549911067323054,-0.7325711250305176,-0.4697253704071045,-0.12030957561039646,0.08018569691594946
2.4601705074310303,0.4778471327409421,0.2472665052170639,0.11653876304626465,-0.08210976421833038,-0.9026140789885595,2.0337914621041655,-3.0710370540618896,2.4109106063842773,0.6376135000071004,0.546582364240094,-0.7370686531066895,-0.4860856533050537,-0.09945515309958908,0.060496710935040277
2.470170021057129,0.46863601810055505,0.26753673230361763,0.08168365806341171,-0.05245310068130493,-0.9265502698363548,2.0215910675728974,-3.114945888519287,2.6295971870422363,0.6810450661331088,0.5231912823788545,-0.7377912402153015,-0.5167380571365356,-0.056746174082192735,0.0064532252423188385
2.4801626205444336,0.45932350950510487,0.2876824589562126,0.05249570682644844,-0.027867039665579796,-0.9514505056809099,1.9960619473678864,-3.081472396850586,2.5783467292785645,0.6949858131117335,0.5290172833122686,-0.7386016845703125,-0.47577476501464844,-0.043615871458579036,0.05324251829762017
2.490168333053589,0.4496081020339084,0.30745407695521504,0.02347819320857525,-0.004729726817458868,-0.973649795474909,1.9711795889256205,-3.100755453109741,2.425929069519043,0.7187061871333742,0.5283764637364404,-0.7442047595977783,-0.4963051676750183,-0.025498572464404123,0.032071296061422117
2.5001754760742188,0.4398379891901374,0.32713137740596,-0.005794981028884649,0.01849280670285225,-0.9963445996048215,1.9298288608634824,-3.0429840087890625,2.462916374206543,0.7442943031807013,0.5249976618948781,-0.7451568841934204,-0.4628651738166809,-0.0008625810127190769,0.06213248807819716
2.510166645050049,0.4296835313068073,0.3460485616816441,-0.03979788348078728,0.04623201861977577,-1.016688089286692,1.89242750642061,-2.958848476409912,2.4384381771087646,0.783481128671906,0.5050569057542919,-0.7444146275520325,-0.45826447010040283,0.03906650111987353,0.04679243565388902
2.5201687812805176,0.4195110263550026,0.3649672369885605,-0.06672750413417816,0.06915628165006638,-1.0371076613168597,1.83539278468065,-2.8578507900238037,2.446976900100708,0.7913519639017934,0.5110663241433271,-0.740332841873169,-0.42377567291259766,0.051019122028624464,0.08729065123072943
2.53019380569458,0.4089122895821466,0.38280369817721266,-0.09310318529605865,0.09135616570711136,-1.0572280260972455,1.7791937906537392,-2.790127992630005,2.280437707901001,0.8103320164430123,0.5062803365410989,-0.7374428510665894,-0.40826529264450073,0.07288916537642298,0.09801504389659821
2.540180206298828,0.3983543869835011,0.4005714401232715,-0.12344161421060562,0.1174335777759552,-1.0739402021466233,1.7122981438025882,-2.7041680812835693,2.281331777572632,0.8441629958806243,0.48954878933436186,-0.7366653680801392,-0.37792396545410156,0.10749762780048511,0.1116248238802603
2.5501656532287598,0.3874637514784722,0.41700158322552494,-0.14751635491847992,0.13822734355926514,-1.0921443924097254,1.6394302491937047,-2.5836904048919678,2.2067244052886963,0.8489310003235147,0.4933196339592161,-0.7436096668243408,-0.33783018589019775,0.10532133349917383,0.15548944806901832
2.5601656436920166,0.37652736012829774,0.4333359967014036,-0.1702275574207306,0.15876542031764984,-1.1066802029327505,1.5637945393182484,-2.319237232208252,2.1564409732818604,0.8624292052746635,0.48969343912284474,-0.7603577375411987,-0.24934637546539307,0.10207146773346476,0.24034706365745168
2.57016658782959,0.3653290882425211,0.4482788026855142,-0.19651801884174347,0.18369236588478088,-1.1226669159994032,1.4784075520459155,-2.2535386085510254,2.169337511062622,0.8894219779116044,0.4672098647693943,-0.7782996296882629,-0.30604642629623413,0.11112234822334144,0.16116343847316017
2.58005690574646,0.35419674638475174,0.4627468502299562,-0.21709872782230377,0.20474179089069366,-1.1352180155637974,1.403691529051951,-2.1907379627227783,2.185124158859253,0.8917575555308911,0.46714975629608585,-0.7949565649032593,-0.23090094327926636,0.09680099062763181,0.2362488130168195
2.5900561809539795,0.3427479519241445,0.47618469365618765,-0.23644372820854187,0.2260468751192093,-1.149005257569769,1.3190674830733755,-2.0130176544189453,2.202085018157959,0.9004454469678588,0.45613789192586585,-0.8177076578140259,-0.22154927253723145,0.0827377891538329,0.2345886193886344
2.6000523567199707,0.33122189314582773,0.4891223532153775,-0.25745055079460144,0.24943985044956207,-1.1600054233534784,1.245880374879519,-1.7940617799758911,1.9916390180587769,0.9173461690771355,0.4393740930737761,-0.8465037941932678,-0.1335456371307373,0.07084237488386769,0.3058284559430388
2.610065460205078,0.31953684368977253,0.5011122226594801,-0.2736423909664154,0.2665264904499054,-1.1715135354146415,1.1658687111184207,-1.6718366146087646,1.7743281126022339,0.9151790886907027,0.44491340176496985,-0.8716696500778198,-0.16099286079406738,0.04350943861288292,0.28392054097090247
2.620056629180908,0.3077868160396547,0.5124460910827304,-0.28932294249534607,0.2825053036212921,-1.1807218708738478,1.0961911676999208,-1.5711849927902222,1.5954304933547974,0.9211316227055262,0.4411628828332607,-0.8875818252563477,-0.09430283308029175,0.03354979744917852,0.34686004975296897
2.6300551891326904,0.2959344643389795,0.5230242221128436,-0.3053017556667328,0.30146685242652893,-1.189949527274539,1.0208851283071638,-1.3531296253204346,1.712774395942688,0.9288801965342006,0.4245120649278831,-0.9056839346885681,-0.09532958269119263,0.023196261845632504,0.3291824822366905
2.6402080059051514,0.28380628224050897,0.5330068038628083,-0.317232608795166,0.3177012801170349,-1.1975328150482714,0.9531261618973375,-1.1870847940444946,1.7075629234313965,0.9223999764528007,0.4221342155633813,-0.9194744825363159,-0.06262314319610596,0.002925493916484778,0.35951107236727536
2.650174379348755,0.271842170976214,0.5422114719228571,-0.32792773842811584,0.33321139216423035,-1.2045241538970064,0.88224463705928,-1.0529977083206177,1.5896353721618652,0.9211329728101881,0.4152964870046293,-0.9286922216415405,-0.062161266803741455,-0.007559248831352394,0.35313522020088783
2.660170555114746,0.2597606662124316,0.5506161888316381,-0.3383246064186096,0.3489345610141754,-1.2101302823082385,0.8196026734362576,-0.9459520578384399,1.324228048324585,0.9206724394888792,0.40529505527846726,-0.9333536624908447,-0.043689191341400146,-0.012681223001965503,0.3616058639370671
2.6701693534851074,0.24764563931864897,0.5585992950168281,-0.3457813858985901,0.36099323630332947,-1.21491843761539,0.75274487346325,-0.7697023749351501,1.2088496685028076,0.9115090294121584,0.4076805622629647,-0.9404983520507812,-0.02339160442352295,-0.02898932263862286,0.3842889578394417
2.680171012878418,0.2354617225999562,0.5656711695645283,-0.35259902477264404,0.3723701238632202,-1.218742782935685,0.6935206021835469,-0.6568085551261902,1.1915082931518555,0.9060056781264089,0.4028288630146881,-0.9456545114517212,-0.01227039098739624,-0.03964883332531233,0.3905584720272919
2.6901659965515137,0.22327488228283307,0.5724675598031516,-0.3574991822242737,0.38306525349617004,-1.2212942941578504,0.6310328601594932,-0.41708171367645264,1.0945043563842773,0.8957439449041358,0.39972053220245196,-0.9528945088386536,0.03369557857513428,-0.057150563934517784,0.43341611077758624
2.7001655101776123,0.21104253902244782,0.578287910824587,-0.360694944858551,0.39559265971183777,-1.2233306007930622,0.5752936102606867,-0.25895264744758606,1.0433688163757324,0.8836872025671014,0.3867862153740128,-0.9563355445861816,0.03435325622558594,-0.07264834201908021,0.42113947159959875
2.7101640701293945,0.19881062698824328,0.5839723366617862,-0.3604818880558014,0.4046260118484497,-1.2236464159424347,0.5171591851452781,0.06679202616214752,0.8751698136329651,0.86417363360124,0.39020114690360996,-0.9612374305725098,0.10557174682617188,-0.09706379697126977,0.49577289372978184
2.7201666831970215,0.1865681730801679,0.5886312847020906,-0.3598427474498749,0.41246628761291504,-1.2238919950664844,0.46486523825463166,-0.0049674781039357185,0.7681247591972351,0.8500281125124627,0.38742341077347725,-0.9595832824707031,0.01974022388458252,-0.10955516995824044,0.40716363465805977
2.7301688194274902,0.17432697442697254,0.5932718500762479,-0.3600558042526245,0.4206048250198364,-1.2219038131409725,0.4111066433087096,-0.02539738081395626,0.8758194446563721,0.8394387787337583,0.38328322381717983,-0.9579071402549744,0.10163021087646484,-0.11846836152121609,0.4849134346936447
2.7401816844940186,0.16211180863917357,0.5968584500381403,-0.3599705696105957,0.4297233819961548,-1.2199471087084408,0.3581991705732577,0.0503702238202095,0.7760986089706421,0.8262221105721999,0.37324544570871265,-0.9578449726104736,0.041825056076049805,-0.13162286203827378,0.41507050178476246
2.7501718997955322,0.14992427436671713,0.6004369368729908,-0.3592461943626404,0.4356887936592102,-1.2157600477454054,0.3129087984289143,0.09787018597126007,0.5428395867347717,0.8115414828414552,0.377330192860164,-0.9558619260787964,0.09705042839050293,-0.14432044323734117,0.47438062125066693
2.7601842880249023,0.13779362830028893,0.6031154300052999,-0.356987863779068,0.4399498403072357,-1.2111853841160372,0.26342582695118466,0.3044089376926422,0.4269452393054962,0.7932997025705946,0.3776925336250735,-0.9576846957206726,0.09107422828674316,-0.16438499315007804,0.46876676191181665
2.7701773643493652,0.12569393349899538,0.6057070508158813,-0.3535790741443634,0.443869948387146,-1.2049185723688982,0.22257275321738845,0.3981708586215973,0.42361757159233093,0.7743675977059749,0.37725382980436895,-0.957754373550415,0.11631369590759277,-0.1833867758444402,0.4935675257119617
2.780249834060669,0.11361721806392454,0.6075756122256333,-0.3505111336708069,0.4492388367652893,-1.1976693121825983,0.17731265105728156,0.24359089136123657,0.46428030729293823,0.7587781810773025,0.36934310514601587,-0.9550976157188416,0.06961953639984131,-0.196319434641539,0.4389626415458572
2.790215492248535,0.10169460358982645,0.6092618066240552,-0.3475283980369568,0.4523067772388458,-1.1892497466921172,0.13982496327751903,0.3601624369621277,0.25063031911849976,0.7431672645556302,0.37254999175990844,-0.9537140727043152,0.11986076831817627,-0.21054680814868498,0.4924107600780847
2.8000597953796387,0.09005650894833138,0.6103526256700764,-0.3442900478839874,0.4526902735233307,-1.1794621977925988,0.09944513574840741,0.2870565354824066,-0.020905546844005585,0.7271107276565697,0.3782075661556812,-0.9497648477554321,0.049447059631347656,-0.22265412009886243,0.42765462578702884
2.8101704120635986,0.07816001670542616,0.6112400927669474,-0.34096646308898926,0.4526902735233307,-1.1688689769037426,0.06522477481515665,0.31865403056144714,0.015354115515947342,0.7098358766433854,0.38026701461956985,-0.9481320381164551,0.12154614925384521,-0.23829616147306965,0.5018131638734151
2.8201546669006348,0.06656628696747338,0.6116689726951554,-0.3388359248638153,0.45251983404159546,-1.1564079355514596,0.029034293090791863,0.19458672404289246,-0.049540843814611435,0.6979799820845117,0.38104649909226074,-0.9442254900932312,0.031073689460754395,-0.24624550800871947,0.41212018855301513
2.830171585083008,0.05503081515256096,0.611819901764267,-0.3358532190322876,0.45239198207855225,-1.1437892372572405,-0.0014080261973070662,0.31873732805252075,-0.005880649667233229,0.6805338856788964,0.3813776712540125,-0.9444721937179565,0.1375887393951416,-0.26393830803906015,0.518966410649154
2.8400561809539795,0.04380109625769166,0.6116452821806285,-0.3342340588569641,0.4510711133480072,-1.1287172475370917,-0.03320429686055704,0.08994613587856293,-0.15620940923690796,0.6699659685676183,0.38513040313513425,-0.9385058283805847,-0.023284316062927246,-0.26853985981296646,0.361846087072207
2.8500564098358154,0.032588183844484024,0.611156025601542,-0.3340636193752289,0.44902580976486206,-1.114037975431094,-0.060136704109581274,0.01577283814549446,-0.23188957571983337,0.6607036078570654,0.38846577611765554,-0.9326444268226624,0.0880885124206543,-0.27194081896559696,0.47655428853830983
2.8600573539733887,0.0215190403004396,0.6104424615172102,-0.3318052589893341,0.44663962721824646,-1.0962263541017039,-0.08776783966947121,0.25621095299720764,-0.19464848935604095,0.6422355962683048,0.391361272526042,-0.9357621669769287,0.07486212253570557,-0.29352657070862387,0.4662233950617476
2.8700668811798096,0.010652359555017525,0.609399467803446,-0.3305695652961731,0.4461708962917328,-1.079338593829374,-0.11136100371142987,0.12171010673046112,-0.02604765072464943,0.6315278936241221,0.38683130896831996,-0.934503436088562,0.04579746723175049,-0.3029755424644399,0.43262877620007045
2.8800811767578125,-9.338437702179547e-05,0.6082125202058098,-0.3305269479751587,0.44467952847480774,-1.058852347924562,-0.13466457816193866,0.027031896635890007,-0.23870515823364258,0.6225316207459088,0.3896081112114693,-0.9268537759780884,0.03646492958068848,-0.30432215523217954,0.4260730407921578
2.8900678157806396,-0.010526460710472732,0.6067069418623896,-0.32980257272720337,0.4414837956428528,-1.039897875137628,-0.15469310082398735,0.07281426340341568,-0.3047274947166443,0.6096816026395832,0.3950686577210808,-0.9235166907310486,0.06294810771942139,-0.31383508809146543,0.4580167654405022
2.9000861644744873,-0.020896223344914092,0.6051176367465159,-0.3294616937637329,0.4392680823802948,-1.0167490158756354,-0.17364269062683135,0.021397752687335014,-0.2012322098016739,0.5989567145707533,0.3943562530308658,-0.9221649765968323,0.025254368782043457,-0.323208262026079,0.41961062181290926
2.9100751876831055,-0.03087000978521834,0.6032336866408373,-0.3295895457267761,0.43726539611816406,-0.995700967096603,-0.190169889092072,0.01878916658461094,-0.18765616416931152,0.5900658855831077,0.39414726560023505,-0.9200538992881775,0.05521059036254883,-0.3299880137050698,0.4493578559627839
2.9200775623321533,-0.04080160341061418,0.6013158329389299,-0.32984521985054016,0.43479400873184204,-0.9700143646976949,-0.20468952271401264,0.005272786132991314,-0.3299841284751892,0.5799509865981678,0.3963471883742856,-0.9157119989395142,0.028045177459716797,-0.33576101234134637,0.4243923658340024
2.9301488399505615,-0.05033857293710771,0.5991230296491669,-0.3300582468509674,0.43066081404685974,-0.9465249589881575,-0.21788011734772894,-0.03686969354748726,-0.4198249280452728,0.5705850882136747,0.4021232223325674,-0.9103882908821106,0.04742431640625,-0.3398032026684359,0.4495475387388174
2.940148115158081,-0.05979894320816886,0.5969428803020908,-0.3299730122089386,0.4263997972011566,-0.9181088899902066,-0.22808624517224274,0.03135645389556885,-0.4040318429470062,0.5597677338199224,0.40558338787013903,-0.9105640649795532,0.05619001388549805,-0.3507963311596308,0.4617734017556371
2.950144052505493,-0.06869654220804379,0.594562463812644,-0.3299304246902466,0.4229483902454376,-0.8901215254393797,-0.23813839630187417,0.03621632605791092,-0.3448984920978546,0.551295282316617,0.405535278659225,-0.9103333353996277,0.05854189395904541,-0.35903805308301073,0.4640771726182704
2.9601430892944336,-0.07759690008753992,0.5921813092271623,-0.3299730122089386,0.4188578128814697,-0.8617376004753905,-0.24348107058417412,-0.020839834585785866,-0.42075908184051514,0.5418402946476631,0.4095567446032191,-0.9051272869110107,0.05192232131958008,-0.3632869922633476,0.4614790659227992
2.970156192779541,-0.0859409568503894,0.5896897360607598,-0.3300582468509674,0.41421329975128174,-0.8306572181485699,-0.24933129600408677,-0.026760103181004524,-0.4115593135356903,0.5341040737426478,0.41372921267559826,-0.9013546705245972,0.06600582599639893,-0.3672505967819494,0.4797350386719972
2.980182409286499,-0.09424263616993282,0.5871848664799724,-0.3299730122089386,0.4105914235115051,-0.8003026062790335,-0.25105489922136215,0.0270218625664711,-0.34261447191238403,0.5247265148114137,0.4137041278286665,-0.9012364745140076,0.07722997665405273,-0.3765099597025938,0.49093410448271924
2.9900848865509033,-0.10189675394109603,0.584686840631563,-0.3300582468509674,0.4082905054092407,-0.7668123384426773,-0.2525337321415897,4.137231007916853e-05,-0.30101287364959717,0.5181925626929678,0.41154495506391336,-0.8985252380371094,0.0646599531173706,-0.3803326753441416,0.47620490818128397
3.0001494884490967,-0.10955163247788562,0.5821424168641975,-0.3301434814929962,0.4046686291694641,-0.7344943772447454,-0.25075093455583897,0.004101200494915247,-0.36264824867248535,0.5099898358840624,0.41609691361869816,-0.8938467502593994,0.08622467517852783,-0.383856914375337,0.502321588797226
3.010148286819458,-0.11663662972115937,0.579655654269565,-0.3301434814929962,0.40019455552101135,-0.6982263868756657,-0.2478886486411902,-0.0171927809715271,-0.4141894280910492,0.5033111599021953,0.42101924844109473,-0.8870341777801514,0.07437741756439209,-0.38372301787795604,0.4953966660054868
3.0201613903045654,-0.12352417383436338,0.577181716961987,-0.3300156593322754,0.3962744176387787,-0.6638063159650809,-0.24261457279438048,0.01753080263733864,-0.36818769574165344,0.4958579482541751,0.42239609736964184,-0.8829953074455261,0.10080993175506592,-0.387137359191351,0.5232060291247078
3.030146360397339,-0.12991282840283164,0.5748035798523304,-0.3299730122089386,0.3929934501647949,-0.6248439637248469,-0.23539558768506552,0.03633734583854675,-0.33680102229118347,0.49010875612347293,0.42311999390493,-0.8784080147743225,0.09254968166351318,-0.3882992586508496,0.5156696755684431
3.040149688720703,-0.1360131908109414,0.5724766617315126,-0.3300582468509674,0.3895420432090759,-0.5883596613719,-0.22664228065496417,-0.008921811357140541,-0.3953138589859009,0.4844991308797842,0.4256444359220488,-0.8686178922653198,0.09447968006134033,-0.38411876138553563,0.5201241159833891
3.0501675605773926,-0.14169186990273647,0.5702661032195069,-0.3301008641719818,0.38498273491859436,-0.5465697523614814,-0.2150199237670556,0.006615893449634314,-0.3520050048828125,0.47924762472252497,0.43165259101657305,-0.8604863882064819,0.10491478443145752,-0.38123876348395697,0.5365673754480306
3.0600717067718506,-0.14690655096350214,0.5681917550310928,-0.3301008641719818,0.3816591501235962,-0.5084266127567458,-0.20293339281312583,0.02041727863252163,-0.30975618958473206,0.47456554612247004,0.4316987790203202,-0.8521132469177246,0.10678529739379883,-0.37754770079525457,0.538484076414119
3.0701513290405273,-0.15184574523455663,0.5662130338719721,-0.3300582468509674,0.37914514541625977,-0.4638552377988203,-0.18689457523137776,0.024887315928936005,-0.2284308820962906,0.46976596115584657,0.4316614847152654,-0.8440672755241394,0.11259078979492188,-0.37430131436829284,0.5442522745101872
3.0801517963409424,-0.1562249312155611,0.5644374106662543,-0.3301434814929962,0.3769294023513794,-0.423121367090598,-0.17116521122030193,-0.02825443260371685,-0.27442917227745056,0.4666846142563719,0.4327493332014137,-0.8302202224731445,0.0994635820388794,-0.3635356082167726,0.532212915240293
3.090142250061035,-0.16030462685469848,0.5627911557672981,-0.3301434814929962,0.37313711643218994,-0.3762025700154794,-0.1508796261035137,-0.02814674749970436,-0.4049317538738251,0.4628968463076368,0.43949500890517534,-0.8105155229568481,0.12185883522033691,-0.34761867664921137,0.5613538441255123
3.1001522541046143,-0.1637478962448133,0.5614202932318247,-0.3301008641719818,0.3706231117248535,-0.3332784306333476,-0.13162788486636856,-0.01347885001450777,-0.23203133046627045,0.46056681198200666,0.4396241905406985,-0.7986389994621277,0.10923147201538086,-0.338072187480121,0.5488556625560794
3.110158920288086,-0.1669758227420502,0.560156368285229,-0.3300156593322754,0.36857783794403076,-0.28363944340915204,-0.10695135406880851,0.015615804120898247,-0.18833233416080475,0.45758872447240745,0.4406045365878635,-0.7861709594726562,0.1309109926223755,-0.3285822350002488,0.571515529210239
3.120148181915283,-0.16942088430390478,0.5592810284646351,-0.3301434814929962,0.3664472997188568,-0.23876200160255756,-0.0825915297638069,-0.039218880236148834,-0.3017600178718567,0.45744271145142246,0.443829808729049,-0.7600763440132141,0.10368311405181885,-0.30263363256179165,0.5475129227808678
3.130150556564331,-0.17174890819151772,0.5585053606381855,-0.3300156593322754,0.36367765069007874,-0.18649142471463342,-0.038765401649410336,0.021342776715755463,-0.2516734302043915,0.4548515499035849,0.4484794626071321,-0.7395114898681641,0.14068710803985596,-0.28465993996457917,0.5891665706469881
3.140148401260376,-0.17315117268152685,0.5585053606381855,-0.3300156593322754,0.36193063855171204,-0.1394423855038731,0.004527325717987196,0.011589301750063896,-0.18183867633342743,0.4559034535788262,0.45086823793359465,-0.7119085788726807,0.08412456512451172,-0.25600512529385444,0.5349928030581064
3.150148391723633,-0.1745374505361022,0.5585959167828654,-0.3301860988140106,0.360652357339859,-0.08456190042335798,0.3096531327729437,-0.06482724845409393,-0.17572236061096191,0.4554398943588678,0.4525462674355386,-0.6763739585876465,0.08647608757019043,-0.2209340642287787,0.539022355005729
3.1601483821868896,-0.17484240907710377,0.5646984173874795,-0.3300156593322754,0.35950183868408203,-0.0304958831832991,0.6102506424417768,0.009612713009119034,-0.08284266293048859,0.4569709904328109,0.47383904067053795,-0.6471431255340576,0.08636760711669922,-0.1901721351012467,0.5602066477872372
3.170149087905884,-0.1751473894304608,0.5708013544773668,-0.3300156593322754,0.35899052023887634,0.02202085414746513,0.5526775173431808,0.001956275664269924,-0.0426267646253109,0.4575653224271493,0.4813458631990072,-0.6117491722106934,0.06174612045288086,-0.15418384978354405,0.543091983651888
3.1801514625549316,-0.17440174885367,0.5757534779974327,-0.3300156593322754,0.3587774932384491,0.07943261675005076,0.4897380668279858,-0.01292266882956028,0.041838910430669785,0.4611837886215084,0.4855137377334353,-0.5891827940940857,0.09693360328674316,-0.1279990054725773,0.5824473410201785
3.1901423931121826,-0.173559380654107,0.5805929596539973,-0.3298878073692322,0.3586496412754059,0.13304659983153222,0.43501022139943757,-0.0011051070177927613,-0.00844036415219307,0.4626042731316505,0.49196667754870815,-0.5710375308990479,0.09252595901489258,-0.10843325776739737,0.5844926365636007
3.200157880783081,-0.17173756649308486,0.5844540463140531,-0.32975998520851135,0.3587774932384491,0.19301329438531667,0.3742511487301279,0.02689218893647194,0.009313296526670456,0.46722810473443693,0.4948810675522354,-0.5604709386825562,0.12652885913848877,-0.09324283394811922,0.6214099266907241
3.21016788482666,-0.16969431637890797,0.5880876463944363,-0.32967478036880493,0.3589053153991699,0.24888669935407925,0.32106020491870524,-0.01982860453426838,0.026280850172042847,0.47074578746809936,0.4995498168251111,-0.548336386680603,0.11332130432128906,-0.07759059921250366,0.6128711211464002
3.2201380729675293,-0.16676832010690984,0.5908722237614144,-0.3294616937637329,0.3592461943626404,0.31116718019727685,0.26271588869450824,0.036461662501096725,0.010524210520088673,0.4761617813479493,0.5012845999946055,-0.5408322215080261,0.15605640411376953,-0.06467044016007684,0.657341004108375
3.2301459312438965,-0.163476468522132,0.5933349455296619,-0.32963213324546814,0.3593740463256836,0.36887418803138683,0.21147346936934852,-0.043979935348033905,0.0025225882418453693,0.48247991608583224,0.5048046301610603,-0.5268839001655579,0.12358570098876953,-0.04440398407972562,0.6283903311498298
3.2402358055114746,-0.15934820581427536,0.5951166613483169,-0.3295469284057617,0.35945925116539,0.43413243872875906,0.1549421994517317,0.0012028460623696446,0.033844608813524246,0.4891739140212527,0.5065063553240186,-0.5152629017829895,0.16521227359771729,-0.026088987761736793,0.6717186289217358
3.2501702308654785,-0.15479097793458707,0.5964442312810329,-0.32967478036880493,0.3593740463256836,0.4934970318903833,0.10578662203113609,-0.039488665759563446,0.018166260793805122,0.49677958899142993,0.5085824933776946,-0.4983334541320801,0.13796257972717285,-0.0015538651406501458,0.6465450731048674
3.2601921558380127,-0.14949369532085446,0.5972228816313405,-0.32967478036880493,0.3593740463256836,0.5611110325038968,0.05162976239935446,-0.02383064292371273,-0.023935550823807716,0.5050814580101031,0.5092000202950568,-0.4804126024246216,0.1688326597213745,0.024668855585481486,0.6780326800164314
3.2701773643493652,-0.14356713985970915,0.5974791053467545,-0.32963213324546814,0.3593313992023468,0.6226285922840926,0.004120003417522611,-0.01582854427397251,-0.019803982228040695,0.5140596594371682,0.5095516971030217,-0.46126508712768555,0.15226030349731445,0.0527945723094827,0.6618120006003362
3.2801456451416016,-0.13707106655775558,0.5973058187144096,-0.3295469284057617,0.35950183868408203,0.6924171750904184,-0.04754737452812563,0.01680833101272583,0.036409102380275726,0.5235765252881339,0.5088052477805849,-0.44976627826690674,0.17687451839447021,0.07381024702122718,0.6856797661750551
3.290156602859497,-0.1297296869722449,0.5965265649223185,-0.32971736788749695,0.35958707332611084,0.7561531604080196,-0.09344578349239896,-0.07387524843215942,0.011335375718772411,0.5355925601024877,0.5076740949859464,-0.43831562995910645,0.1606980562210083,0.09727693014338124,0.6683721512069547
3.3001441955566406,-0.12195016453549865,0.5954377669061174,-0.3295895457267761,0.3600558042526245,0.8284853456172785,-0.1429135847056422,-0.02744845114648342,0.020027410238981247,0.5458849203760423,0.5053605070881129,-0.4294711947441101,0.17995166778564453,0.1164137256319322,0.6853121748737574
3.310148239135742,-0.11316527710836358,0.5936683722781483,-0.3294616937637329,0.36022624373435974,0.8939113804174932,-0.1868271618548789,0.018162595108151436,-0.008883649483323097,0.5591492189757069,0.5032018643366638,-0.4179195761680603,0.17220640182495117,0.1412296428076466,0.675408266161615
3.320086717605591,-0.10412537927756568,0.5917132637862651,-0.3294616937637329,0.36035406589508057,0.9685752296278016,-0.23395650446878236,-0.01693275012075901,-0.013280432671308517,0.5716641663640211,0.5013415912593043,-0.41064953804016113,0.18219423294067383,0.16101462832385993,0.6835358241999782
3.3300869464874268,-0.09384583116778154,0.5889989691141511,-0.32907822728157043,0.3604818880558014,1.0367478188161758,-0.276553994492847,0.047568242996931076,-0.021377291530370712,0.5861927614952698,0.4973267470236742,-0.39869338274002075,0.1808624267578125,0.18749937875524902,0.6781891737814867
3.3401498794555664,-0.08332383085905651,0.5861640707805529,-0.3283964693546295,0.360439270734787,1.1143893333981256,-0.32173709468987255,0.12040035426616669,-0.028891433030366898,0.5988696644157181,0.49497858064925904,-0.383573055267334,0.18747735023498535,0.2152966091483841,0.6824559308842444
3.350149631500244,-0.07149685157612178,0.5825491002760336,-0.3257546126842499,0.36039668321609497,1.1839561750944356,-0.36216441140169664,0.3196070194244385,0.006657262332737446,0.6095986030567584,0.4900201267880189,-0.3570876121520996,0.19419360160827637,0.2525109909046588,0.6842137283962952
3.360153913497925,-0.05963992009138135,0.5789193155995747,-0.32200491428375244,0.36026883125305176,1.2639089592001618,-0.40499931619918783,0.38399261236190796,-0.006318770814687014,0.6182209636779954,0.4868333100141294,-0.3263518810272217,0.1832181215286255,0.2918690826507737,0.6700514315427548
3.3701441287994385,-0.04622784050160017,0.5744525282677657,-0.3182978332042694,0.36009839177131653,1.342521575861238,-0.44711622292387077,0.43184059858322144,-0.02343904599547386,0.6341507727132741,0.4809462788667107,-0.29466813802719116,0.18588876724243164,0.339482634686083,0.6668350461091423
3.380143404006958,-0.032803597792530836,0.5699816901050032,-0.3128011226654053,0.3600131869316101,1.4178323643961626,-0.4841963974543084,0.5881213545799255,-0.05206173285841942,0.641228868736826,0.47634482194577227,-0.24008244276046753,0.1835569143295288,0.4011464259763585,0.659901736275301
3.3901515007019043,-0.017859411799324584,0.5647643763769026,-0.3066652715206146,0.36026883125305176,1.5002678051714398,-0.5247844803957413,0.574381947517395,0.03224358335137367,0.6547156993502306,0.4684206050138445,-0.19173920154571533,0.18231487274169922,0.4629764978045152,0.6507354777555437
3.4001429080963135,-0.002799221084687227,0.5594863766437557,-0.29920849204063416,0.3605671226978302,1.5739089361977463,-0.5594421664869422,0.7616002559661865,0.07313015311956406,0.6626155826881253,0.4623180663593517,-0.12240862846374512,0.17975890636444092,0.5402069542243801,0.6420769727237926
3.4101572036743164,0.013630794838500646,0.5535709132422529,-0.2881724536418915,0.360694944858551,1.6558565731705186,-0.5978206968176849,1.15749990940094,0.018578702583909035,0.6658767012909578,0.4549036387896218,-0.022620975971221924,0.18549954891204834,0.6432557253197358,0.6404031877016702
3.420142650604248,0.03031660825041633,0.5475305267853395,-0.27756255865097046,0.36090800166130066,1.7203448034497755,-0.6306818487700809,1.362128734588623,0.051740046590566635,0.6757632018568557,0.44772568158364334,0.08379852771759033,0.1659984588623047,0.759561729574446,0.613724140445948
3.430145263671875,0.048018845109084954,0.5409639213517761,-0.26341596245765686,0.36082279682159424,1.7895018579366617,-0.6667983060430558,1.380615472793579,0.019956639036536217,0.6762351543742694,0.4402126507007476,0.19443297386169434,0.168745756149292,0.8706681282359637,0.6089584068500395
3.4401516914367676,0.06612297463345793,0.5341884535838953,-0.24875807762145996,0.3605245053768158,1.8420795638704246,-0.6979510902080683,1.4723491668701172,-0.05192235857248306,0.6814113802547426,0.4331431434473627,0.31161952018737793,0.16127562522888184,0.9930309004421205,0.5944187686762445
3.4501640796661377,0.08489548842034818,0.5269915184031833,-0.2320122867822647,0.36031144857406616,1.895435544737352,-0.7318203997503829,1.7265243530273438,-0.030606113374233246,0.6822720354118247,0.42441580556340397,0.42895078659057617,0.16580867767333984,1.111222822002401,0.5902244832367438
3.460171699523926,0.10406941404559744,0.5195375273761207,-0.21109069883823395,0.36026883125305176,1.9353655192940789,-0.761191261010481,2.1125199794769287,0.00026560318656265736,0.6738867105478694,0.41530424124446697,0.5427500009536743,0.18354475498199463,1.2166367115015437,0.5988489962264616
3.47016978263855,0.12361346566641591,0.5117636640182271,-0.18859253823757172,0.36031144857406616,1.9730233722324915,-0.7928938104849372,2.2038538455963135,-0.007435156498104334,0.6691777104655482,0.40572005934583455,0.6220377683639526,0.1714611053466797,1.2912154788295007,0.5771811646925142
3.480055093765259,0.14329572409691385,0.5037755516162568,-0.16426213085651398,0.3604818880558014,1.9999355807125951,-0.8200493050564326,2.4483718872070312,0.04894080385565758,0.6614420832032581,0.3958188293300342,0.6839263439178467,0.1897268295288086,1.3453684271211048,0.5855456588588428
3.4901645183563232,0.16360567192812944,0.49536156865770076,-0.1356707215309143,0.360439270734787,2.021875490987256,-0.8496428352931176,2.8661603927612305,-0.018806541338562965,0.6454348098961851,0.385887252249004,0.7450817823410034,0.20327794551849365,1.3905165922371885,0.5891651977674977
3.5001919269561768,0.18400779200596773,0.4866692702827776,-0.1050766333937645,0.36039668321609497,2.0365513864313893,-0.8755098450908676,3.0667669773101807,-0.04794822260737419,0.6305397727967551,0.37545599913241434,0.784613847732544,0.20001566410064697,1.4151536205292992,0.5754716632330613
3.510176181793213,0.2043602878334157,0.47784190576665836,-0.07307641208171844,0.3604818880558014,2.042540874047692,-0.9025682010247849,3.1977574825286865,0.016428662464022636,0.6147607341643249,0.3647046389770778,0.8054184913635254,0.2017838954925537,1.4201792255278503,0.5664885344696315
3.5202407836914062,0.22495905991062232,0.4685708346565442,-0.0375821553170681,0.3604818880558014,2.044476002970745,-0.9267157782541346,3.484909772872925,0.06037238612771034,0.5914407989946119,0.3532947059227668,0.8250012397766113,0.20184600353240967,1.416442038771223,0.5551407094551765
3.5302159786224365,0.24533155953527042,0.4592716995546188,-0.007669827435165644,0.36026883125305176,2.0347280525737226,-0.9515819298836199,3.668966770172119,-0.031044695526361465,0.591716323494167,0.34315740905883885,0.8397477865219116,0.20830202102661133,1.4314641100160785,0.5514594300854502
3.5402159690856934,0.2656027532285857,0.44956184811028393,0.03157412260770798,0.36031144857406616,2.0240908502265285,-0.9736765682067343,3.7730178833007812,-0.001079609151929617,0.5510192742125726,0.33047866720621777,0.8470742702484131,0.19764649868011475,1.3980935444609857,0.5281251658863325
3.550179958343506,0.28574068602989455,0.4398334336656728,0.0722242072224617,0.36039668321609497,1.9986265312734446,-0.996284313231456,4.00847053527832,0.012011178769171238,0.5241799670238955,0.3188976746614667,0.8573684692382812,0.2050532102584839,1.3815484362621766,0.5239508849199506
3.5602099895477295,0.30556035857260744,0.4296394784159756,0.11547352373600006,0.36035406589508057,1.975205177592299,-1.0167528565861481,4.206273555755615,-0.014177169650793076,0.49098975728349015,0.3063178331130453,0.858588457107544,0.19543254375457764,1.349578214391034,0.5017503768676229
3.570199728012085,0.3252839053090833,0.41947830860307334,0.15995851159095764,0.36026883125305176,1.933628822404165,-1.0373214118954692,4.315464019775391,-0.047762759029865265,0.4592737352208721,0.29461435433301586,0.8526003360748291,0.20175385475158691,1.3118740712957013,0.4963682090846028
3.580063581466675,0.3439600315882225,0.40904996628556484,0.2054661512374878,0.36018362641334534,1.8933904852822891,-1.057228026097242,4.603362083435059,-0.08019467443227768,0.4234897502035875,0.281863650105285,0.8490256071090698,0.19669115543365479,1.2725153573126573,0.4785548055389398
3.5900540351867676,0.36287586160549923,0.3984877786192553,0.25220951437950134,0.36022624373435974,1.8418539236881202,-1.0736607005726881,4.698771953582764,-0.020124288275837898,0.38854733632811544,0.26876759524099203,0.8393476009368896,0.19270384311676025,1.2278949372650052,0.4614714383577523
3.6001205444335938,0.3808941584059167,0.3875130842692466,0.30082768201828003,0.36009839177131653,1.7845554646808708,-1.0919305830732924,4.71441650390625,-0.019616112112998962,0.34660308180038385,0.2553769683473422,0.8251931667327881,0.1897587776184082,1.1717962485331719,0.4451357459657504
3.6101722717285156,0.39877812919438627,0.37652011144128117,0.35038328170776367,0.36009839177131653,1.719410056345108,-1.1067410839178002,4.911003589630127,-0.02020331658422947,0.30664719038380756,0.24195882695046367,0.8189513683319092,0.18488681316375732,1.1255985587157167,0.426845640114221
3.620126962661743,0.415304941487967,0.36537368953019933,0.3915872871875763,0.36014100909233093,1.6468052108140228,-1.1226515863632471,4.9577178955078125,0.020810669288039207,0.29111830060709526,0.22816077778543803,0.8132766485214233,0.18011462688446045,1.1043949491285185,0.4082754046698985
3.6300549507141113,0.43152174313661074,0.35419894692963105,0.44254904985427856,0.36009839177131653,1.5735155596943748,-1.135228618494196,4.978142261505127,-0.009694457054138184,0.22924470249490114,0.2148924575756914,0.806998610496521,0.18019616603851318,1.0362433129914221,0.3950886236142046
3.640115737915039,0.4467415673151669,0.3426792799589949,0.49355342984199524,0.36009839177131653,1.487746301050965,-1.1490382370903482,5.046280860900879,0.024052582681179047,0.18403679849159726,0.20022409738151412,0.8002121448516846,0.1709204912185669,0.9842489433432818,0.37114458860008104
3.650118827819824,0.4613745833162904,0.33114524885486024,0.5457082390785217,0.3599279522895813,1.4112691867121114,-1.1600820926228081,5.073526859283447,-0.02893647737801075,0.13519883713357972,0.1867848073173694,0.7993819713592529,0.1775578260421753,0.9345808084928326,0.3643426333595447
3.6601104736328125,0.47496070163660764,0.31948390603835414,0.5974795818328857,0.35975751280784607,1.3270312844414427,-1.171571644733353,5.051027774810791,-0.060153599828481674,0.08755962989465096,0.17258000546382346,0.8016520738601685,0.17506396770477295,0.8892117037548194,0.3476439731685964
3.670118570327759,0.48791378998817364,0.30771397069093387,0.6495065689086914,0.35958707332611084,1.2532696316835725,-1.1807903607091816,5.082878589630127,-0.014187063090503216,0.038247231729495484,0.15823593295263239,0.8082337379455566,0.18011009693145752,0.8464809696750522,0.3383460298840899
3.6801505088806152,0.5000743122858062,0.2958205988683107,0.7007665634155273,0.3592461943626404,1.1730343979165845,-1.1900859863614492,5.088488578796387,-0.004411803558468819,-0.009526050895994731,0.14421324515273645,0.8170337677001953,0.1813136339187622,0.8075077168042006,0.3255268790714987
3.690054178237915,0.5113089221372212,0.28399003912313947,0.7512170076370239,0.35899052023887634,1.1036686340850466,-1.1974185923314362,5.009082794189453,-0.053432170301675797,-0.05777740880384835,0.12997859495807595,0.8261089324951172,0.19088757038116455,0.7683315236912689,0.3208661653392405
3.7001328468322754,0.522117344975031,0.2718923677021866,0.8006873726844788,0.3587348759174347,1.0276482819225876,-1.2044844117045788,4.897587299346924,0.006473277695477009,-0.10417823524538705,0.11488650944959344,0.838604211807251,0.19410979747772217,0.7344259765618639,0.3089963069273156
3.710134506225586,0.5319513038424699,0.2598042353569039,0.8496464490890503,0.3580531179904938,0.9612118936975271,-1.210093237991174,4.850759983062744,-0.06962081789970398,-0.15332550752590784,0.10167716997938776,0.859567403793335,0.20492804050445557,0.7062418962674271,0.3066052104838433
3.720054864883423,0.541270191739648,0.24778510813410362,0.8967732787132263,0.3577974736690521,0.8902780878095946,-1.2148624367692733,4.6994123458862305,-0.07295367866754532,-0.19748269832593035,0.086406724069584,0.8808884620666504,0.2024979591369629,0.68340576374072,0.2889046832065469
3.7300546169281006,0.5496779155593369,0.23560351492753834,0.9427070617675781,0.35732874274253845,0.8264993433445085,-1.2187351332194574,4.554383754730225,-0.07066607475280762,-0.2435223210076886,0.07196562966487607,0.8965179920196533,0.22416973114013672,0.6529956710119647,0.2961353608050128
3.7401773929595947,0.5578979093650243,0.22326094112721345,0.9877033233642578,0.35609304904937744,0.7592014752621594,-1.2213039364230447,4.418358325958252,-0.14303499460220337,-0.2878734811255351,0.05931800945036625,0.9096293449401855,0.21595418453216553,0.6217558638146504,0.2752721939825318
3.750166654586792,0.5649610178227011,0.21104113907376656,1.0315066576004028,0.3546016812324524,0.6997833365495261,-1.2233306491245983,4.282743453979492,-0.1369449943304062,-0.3337558505937594,0.04662653793918939,0.9209303855895996,0.21841049194335938,0.5871745349958402,0.26503702988254874
3.7601664066314697,0.5718857350835012,0.1988077672836076,1.0731793642044067,0.35379210114479065,0.6369683837362636,-1.2236480973037693,4.03408670425415,-0.04177336022257805,-0.3734741394515591,0.030907335628797248,0.9304018020629883,0.2133246660232544,0.5569276626114292,0.24423200165205164
3.7700552940368652,0.5776416946294366,0.18670450512159095,1.1134885549545288,0.352300763130188,0.5810815436991241,-1.2238919796199657,3.955962657928467,-0.12308324873447418,-0.41669188805984897,0.01913437673003249,0.9427483081817627,0.19615530967712402,0.5260564201219138,0.2152896864071565
3.780172824859619,0.5835106412852022,0.17432208801162793,1.1515820026397705,0.3498293459415436,0.5226020113819949,-1.2218913091807906,3.728027820587158,-0.27636274695396423,-0.4529761143912173,0.007940996244921256,0.9529322385787964,0.1714082956314087,0.49995612418757907,0.17934929187632995
3.7901766300201416,0.5881701445703034,0.16211797482996604,1.1872893571853638,0.3470170795917511,0.465773094370995,-1.2199471087084346,3.532304048538208,-0.2835337817668915,-0.49027671321630034,-0.0030305101934707535,0.961026668548584,0.16949069499969482,0.47074995533228364,0.16646018480622407
3.800055742263794,0.5927715692496677,0.15006598041171626,1.2205678224563599,0.3453978896141052,0.41767887346181,-1.2158611023969943,3.323819637298584,-0.17634746432304382,-0.5224587256013646,-0.018413118376473997,0.9671294689178467,0.1391366720199585,0.44467074331648204,0.1207235536434845
3.810220956802368,0.5965143181758443,0.1377492294583642,1.2515454292297363,0.3428412973880768,0.36314112585326797,-1.2112276646007807,2.9539268016815186,-0.3351683020591736,-0.5548763139733559,-0.029600385694420583,0.9742398262023926,0.08667373657226562,0.4193635122290367,0.05707335087784504
3.820167303085327,0.6000770911646347,0.12570611575601243,1.2800090312957764,0.3388359248638153,0.3179375149615993,-1.2049277265498048,2.760441303253174,-0.41132673621177673,-0.5828089790866798,-0.036653359246093586,0.9787353277206421,0.08216392993927002,0.39592634863396226,0.04551057069317643
3.830167055130005,0.6028516191572659,0.11371625229310231,1.3057881593704224,0.3337227404117584,0.268403358970172,-1.1976934318469414,2.528927803039551,-0.5333496928215027,-0.6094337873554805,-0.043463275677117885,0.9822825193405151,0.037075161933898926,0.37284873198503465,-0.006388113743218959
3.84017276763916,0.6054465170567189,0.10174571803069225,1.3293516635894775,0.3283112347126007,0.22701594930986957,-1.189292322862654,2.261441230773926,-0.5463153123855591,-0.6334197480003088,-0.051605071124546514,0.9854061603546143,0.021161675453186035,0.3519864123543055,-0.03044339567136048
3.8502063751220703,0.6073990584462362,0.0898840382847394,1.350486159324646,0.32336845993995667,0.18185671643790968,-1.1794047566442831,2.061990261077881,-0.46821343898773193,-0.655837137670702,-0.061561447599251,0.9872704744338989,-0.01693260669708252,0.331433336763197,-0.07849405429633352
3.860171318054199,0.609085131823026,0.07815895068636028,1.3678711652755737,0.31731781363487244,0.14415630390189804,-1.1689336160209551,1.623344898223877,-0.6375271081924438,-0.6707449573504511,-0.06683848524297101,0.9903340339660645,-0.07350015640258789,0.3195890766156133,-0.1403386416455589
3.8700568675994873,0.6102645929186385,0.06667891253367687,1.383423924446106,0.3093070983886719,0.10372842250218639,-1.1565036814667078,1.4839110374450684,-0.8670101761817932,-0.6884342833680281,-0.06756194870054638,0.9917577505111694,-0.06097763776779175,0.3033234671431413,-0.12853958646833813
3.8801767826080322,0.6111528761830475,0.05502482968853545,1.3950564861297607,0.2999754846096039,0.06884835879378315,-1.1437025323690158,1.0602188110351562,-1.0235443115234375,-0.6972049925995623,-0.06903500651869987,0.993415117263794,-0.1663450002670288,0.2962101246642317,-0.23538000678572868
3.8901712894439697,0.6116541557383411,0.04367202907017739,1.4040472507476807,0.28966382145881653,0.032639248181126845,-1.128596397575599,0.8513863682746887,-1.0394113063812256,-0.7060523603415121,-0.06870567545233386,0.9941850900650024,-0.08714455366134644,0.28813272972349036,-0.1558502291136803
3.9001975059509277,0.6118052249091736,0.032429977627477166,1.4109073877334595,0.27926692366600037,0.0016545500156546211,-1.1137970657985934,0.5856848359107971,-1.0511407852172852,-0.713738815875385,-0.0703152399809755,0.994897723197937,-0.21233147382736206,0.281158907322552,-0.28264671380833756
3.910168170928955,0.6116887276609442,0.021398733671316596,1.4138901233673096,0.2688274681568146,-0.030249442776181468,-1.0960323797130145,0.11902797967195511,-1.0226366519927979,-0.7134470310509721,-0.07150837064946874,0.9958672523498535,-0.12340188026428223,0.28242022129888145,-0.19491025091375097
3.9201977252960205,0.6111980363460379,0.010510310764004757,1.4142735004425049,0.256172239780426,-0.05757755184658819,-1.0792264066543835,-0.02248244918882847,-1.355022668838501,-0.7132578859915242,-0.06565366397053926,0.9961178302764893,-0.23784005641937256,0.2828599442849651,-0.30349372038991185
3.9300637245178223,0.6105459978036496,-7.51519615323497e-05,1.4135491847991943,0.24275004863739014,-0.08502420797065824,-1.0589027746751585,-0.09115191549062729,-1.4185442924499512,-0.7144904752363519,-0.061081044775092325,0.99626624584198,-0.11597120761871338,0.2817757706056281,-0.1770522523938057
3.9400553703308105,0.6095048673328297,-0.010513458905984317,1.4101403951644897,0.22758081555366516,-0.10923007421490283,-1.0397091724513123,-0.45200178027153015,-1.548729658126831,-0.710261062225092,-0.052567915062254916,0.9963648319244385,-0.30832231044769287,0.2861037696993465,-0.36089022550994776
3.9502129554748535,0.6083434126069402,-0.021022820944478535,1.4040898084640503,0.21181507408618927,-0.13275780965131645,-1.0163483753671287,-0.6581556797027588,-1.51958167552948,-0.7025341438177299,-0.04614070474818227,0.996584415435791,-0.16167879104614258,0.2940502716180611,-0.20781949579432485
3.9601428508758545,0.6068463888901519,-0.030937569767836518,1.397826075553894,0.19477102160453796,-0.15294044328124912,-0.9955047201610097,-0.6305989027023315,-1.7899688482284546,-0.7002228570947077,-0.034742526265096385,0.9963748455047607,-0.30620044469833374,0.2961519884100531,-0.3409429709634301
3.9701597690582275,0.605292356807318,-0.04087944885099885,1.389943242073059,0.17661909759044647,-0.17187477224124947,-0.9697234409413811,-0.9061988592147827,-1.8697850704193115,-0.6926427145489029,-0.023598983988475486,0.9965968132019043,-0.26360148191452026,0.3039540986530014,-0.28720046590299575
3.980172634124756,0.6034039100787173,-0.05036110476701018,1.3790349960327148,0.15633665025234222,-0.18881246311808297,-0.9465367906615376,-1.1381560564041138,-1.9842286109924316,-0.6795394838911416,-0.0062833323197138725,0.9963943958282471,-0.3627808094024658,0.31685491193710547,-0.3690641417221797
3.9901437759399414,0.6015191447679112,-0.059795080776699136,1.3665928840637207,0.13469068706035614,-0.2033536245924168,-0.9181668601233794,-1.209391474723816,-2.0976486206054688,-0.66685586816561,0.01041550074810274,0.9963169097900391,-0.30718666315078735,0.329461041624429,-0.29677116240268464
4.000144958496094,0.5993416031647918,-0.06869734864977908,1.3566220998764038,0.11611266434192657,-0.2177284127045489,-0.8901215254393704,-1.2556884288787842,-2.3166937828063965,-0.6660613071994009,0.016214701836660544,0.9961175918579102,-0.39063072204589844,0.3300562846585092,-0.3744160202092379
4.010083913803101,0.5971776102018557,-0.07754422670892573,1.3403449058532715,0.09225098043680191,-0.22697007330801,-0.861991575564633,-1.6389992237091064,-2.4065403938293457,-0.6394582181577736,0.04423139002450796,0.9949678182601929,-0.4513699412345886,0.3555096001024193,-0.4071385512100807
4.0200841426849365,0.594814869037536,-0.08588129957289733,1.323556661605835,0.0687301754951477,-0.2372040765454706,-0.830841113495068,-1.6315066814422607,-2.3142642974853516,-0.6244379775824653,0.06217127508086415,0.9947830438613892,-0.37370049953460693,0.37034506627892383,-0.31152922445374276
4.030073165893555,0.5924360990700135,-0.09415218294509226,1.3060864210128784,0.04546503350138664,-0.24285690231095813,-0.8007912848334975,-1.7966885566711426,-2.242356777191162,-0.6078508790350815,0.07922696964872467,0.9938172101974487,-0.4688788652420044,0.3859663311623672,-0.38965189559327973
4.0400660037994385,0.5899621001386425,-0.10188239220375486,1.2872953414916992,0.02373385615646839,-0.2486994971333587,-0.7671040940710645,-1.9271751642227173,-2.22169828414917,-0.5886084953639756,0.09353908528816954,0.9929205179214478,-0.4131096601486206,0.4043120225574721,-0.31957057486045104
4.05014967918396,0.5874428754923668,-0.10955177754593938,1.2654364109039307,0.0005113218212500215,-0.25090071733853847,-0.7344694434660655,-2.0878303050994873,-2.2682836055755615,-0.5620675716724608,0.11486697349589783,0.9910784959793091,-0.4891728162765503,0.4290109243068483,-0.3743058427806525
4.060149908065796,0.5849232117770437,-0.1166377449004528,1.2428103685379028,-0.025523481890559196,-0.25238468575572526,-0.6982218634532185,-2.1133344173431396,-2.4610366821289062,-0.5390381205002354,0.1440324948011371,0.9899613857269287,-0.43030357360839844,0.45092326522669335,-0.2862710788072613
4.070159912109375,0.5823925908486114,-0.12352315705324282,1.2236357927322388,-0.04721204936504364,-0.25104090185015693,-0.6638147365545821,-2.24249529838562,-2.5686545372009277,-0.5285551950020373,0.15319967468521484,0.9876821041107178,-0.503372848033905,0.4591269091086805,-0.3501731733486902
4.080148458480835,0.5799026818401651,-0.1299141078839479,1.197771430015564,-0.07380078732967377,-0.2481703068772596,-0.6247912925066839,-2.342150926589966,-2.362377405166626,-0.48951632788287114,0.1880018295881691,0.9857382774353027,-0.44294631481170654,0.4962219495524316,-0.2549444852235374
4.090084791183472,0.5774477122885049,-0.13597361413368889,1.1719070672988892,-0.09932427108287811,-0.24339496657310278,-0.5886514194582695,-2.4161767959594727,-2.3696413040161133,-0.4637330145913232,0.20974438595919845,0.9829823970794678,-0.49014973640441895,0.5192493824881446,-0.2804053504452205
4.100153923034668,0.5750344350645483,-0.14168468953257995,1.1506872177124023,-0.11956409364938736,-0.23612915241040255,-0.5467731357813381,-2.453822135925293,-2.3358466625213623,-0.452673380491847,0.21721993950511717,0.9808459281921387,-0.4480634927749634,0.5281725477002917,-0.2308435532698462
4.110146522521973,0.5727100126253911,-0.1469459425746061,1.1215418577194214,-0.1456841081380844,-0.22780297377576275,-0.508114612038078,-2.6773576736450195,-2.3487350940704346,-0.4066548524250475,0.2549054344614816,0.9749202728271484,-0.527301549911499,0.5682654204021009,-0.2723961154500174
4.120167255401611,0.5704756095402439,-0.15185271935837433,1.0923112630844116,-0.16698919236660004,-0.21619940166091212,-0.4637389764677504,-2.6636736392974854,-2.407172918319702,-0.37599625718731156,0.26572304128336444,0.9718635082244873,-0.4500802755355835,0.5958672510371757,-0.18435723425221906
4.13015604019165,0.5683835344409012,-0.15622678958987182,1.069344401359558,-0.19247005879878998,-0.20445414755590718,-0.42320708835161724,-2.6702253818511963,-2.3736202716827393,-0.36519316655307676,0.3006131473129211,0.9681811332702637,-0.4885059595108032,0.6029879667171869,-0.18789281219788212
4.14010763168335,0.5663983465370187,-0.16029271872761872,1.0391337871551514,-0.21688568592071533,-0.18853314979438096,-0.37631773420019154,-2.8411924839019775,-2.227147340774536,-0.3185123174048933,0.32374496032967964,0.963927149772644,-0.47888171672821045,0.6454148323677508,-0.1551367563985308
4.150084495544434,0.5646269142169217,-0.1637245884643996,1.0090084075927734,-0.24040649831295013,-0.1732371768659995,-0.33343502213845966,-2.721879720687866,-2.2163820266723633,-0.28600806480414626,0.3476369084981694,0.9617143869400024,-0.4194710850715637,0.6757063221358561,-0.0718341765733943
4.160149574279785,0.5629271019699632,-0.1669735351289607,0.9846780896186829,-0.2589845359325409,-0.15286866890665607,-0.2836665532455509,-2.804945707321167,-2.1463801860809326,-0.2719853449124803,0.3568801582465708,0.9573960304260254,-0.47114384174346924,0.6854106855135451,-0.11426368349689842
4.1701555252075195,0.5615567945056607,-0.1694226817141894,0.9539986848831177,-0.28152528405189514,-0.134078439680831,-0.23868570903855613,-2.856001138687134,-2.06292986869812,-0.22502701266021385,0.3909635116550642,0.9545260667800903,-0.40891075134277344,0.7294990541198765,-0.017947239687709227
4.180165529251099,0.5602434172348459,-0.1717510082108331,0.9289866089820862,-0.2989528179168701,-0.10939285476661098,-0.18637657246957495,-2.86074161529541,-1.964898943901062,-0.2092843443530344,0.3996065794042972,0.9500665664672852,-0.44429659843444824,0.7407822221142508,-0.04469001903015102
4.190153121948242,0.5593682236593889,-0.17315183478952756,0.899287223815918,-0.3190222382545471,-0.08198853482987545,-0.17040046946860699,-2.7323501110076904,-1.7955708503723145,-0.16580400452381844,0.4297311463102389,0.9474607706069946,-0.3202689290046692,0.7816567660831761,0.10946221730556971
4.200161933898926,0.558604180904038,-0.17515968556692074,0.8703976273536682,-0.33666282892227173,0.26707952454424344,-0.058096586351567225,-2.769270420074463,-1.6073158979415894,-0.13469778962896295,0.4430647390147558,0.9529929161071777,-0.47108352184295654,0.8182951264782148,-0.02801878282820075
4.210163593292236,0.5647076999742895,-0.17431641278391952,0.8422749042510986,-0.3523859679698944,0.6102506424417768,0.08431328740961241,-2.7428994178771973,-1.4626905918121338,-0.08253519090684028,0.46552405531283336,0.9503879547119141,-0.28985679149627686,0.8678527638050738,0.1756672638165565
4.220162391662598,0.5708094731034483,-0.17347338122316847,0.8145782947540283,-0.36614906787872314,0.5525549293638115,0.13923309157324937,-2.5795705318450928,-1.3308517932891846,-0.043807926135151554,0.4799015551008631,0.9433615207672119,-0.38596153259277344,0.8995535946320603,0.09394002250808964
4.2301459312438965,0.5757507986996298,-0.17153588483460755,0.7874782681465149,-0.3776537775993347,0.4896753025586733,0.19908739626576732,-2.521909236907959,-0.9859379529953003,-0.00971927421357388,0.49452882328211434,0.9353207349777222,-0.22436833381652832,0.9256014607641483,0.270160489465586
4.240159511566162,0.5806012516187495,-0.16949190472753528,0.7661305069923401,-0.38481229543685913,0.4348077668634396,0.2550954167587438,-2.4998011589050293,-0.7958641052246094,0.00929018939208473,0.49795368604931606,0.9233214855194092,-0.3417614698410034,0.9326116749114939,0.15619221620831264
4.250143527984619,0.5844488362932162,-0.16643759912745248,0.7409905791282654,-0.3905220627784729,0.3742105755716665,0.3173974761330136,-2.3526113033294678,-0.4650207757949829,0.04902763439748775,0.5084900614281558,0.912029504776001,-0.13165688514709473,0.9610571391734888,0.37683317628106106
4.260172128677368,0.5880891868989363,-0.16313892480854383,0.7172141075134277,-0.39503875374794006,0.3210038703921825,0.37554794262902114,-2.2248921394348145,-0.49317461252212524,0.07826994074373184,0.5168986837833229,0.8900256156921387,-0.26638537645339966,0.9682955564358705,0.2505133073299233
4.270159482955933,0.5908774923056965,-0.15892448642923543,0.6935654282569885,-0.40023717284202576,0.26257986563761904,0.44041116575040373,-2.1774725914001465,-0.46822264790534973,0.10762389548104939,0.5323543478670835,0.8580425977706909,-0.08881223201751709,0.9656664932517403,0.4435421158495664
4.28008508682251,0.5933199730073812,-0.15437130523841025,0.6763083338737488,-0.4033477008342743,0.21195499102207194,0.4996394005529723,-2.0055105686187744,-0.3291742503643036,0.117456612982943,0.5390484078885147,0.8143486976623535,-0.1669439673423767,0.9318053106452965,0.372104440546138
4.290170669555664,0.5951079570163207,-0.14891291467811077,0.656281590461731,-0.402921587228775,0.1553457475868818,0.5675040167788534,-1.8118836879730225,0.15540435910224915,0.1476198960263762,0.5408403104679307,0.751132607460022,-0.009491562843322754,0.8987525034863981,0.5313487476246079
4.300153732299805,0.5964420265234409,-0.1429876328016256,0.6373626589775085,-0.40019455552101135,0.10584509524180419,0.6295129878335839,-1.7739180326461792,0.2846575081348419,0.16863636182694167,0.5420389847891163,0.65959632396698,-0.12076252698898315,0.8282326857939216,0.4212764578001331
4.310144424438477,0.597221656828021,-0.13633862734992622,0.6208725571632385,-0.3969561755657196,0.05187421736107467,0.699393245839941,-1.5271230936050415,0.3239334523677826,0.18329889902323573,0.5475989562330412,0.5717816352844238,0.05434525012969971,0.7550805343076595,0.6019442063627409
4.320155143737793,0.5974785351585957,-0.12899742260495925,0.608174741268158,-0.3935900032520294,0.004171060090197187,0.7633983316812092,-1.4548619985580444,0.42799073457717896,0.19017167148319436,0.5545561793428997,0.46414947509765625,-0.04930830001831055,0.6543211465808506,0.5052478793245891
4.330142259597778,0.5973060822454259,-0.12107373090372396,0.5937298536300659,-0.3864741027355194,-0.04752997101588363,0.8357291710072339,-1.2885708808898926,0.7985120415687561,0.20994837906609629,0.5502526477587943,0.3597679138183594,0.07651805877685547,0.5697162928844557,0.6267707065356498
4.340145111083984,0.5965274594430925,-0.11228989029348913,0.5794980525970459,-0.37552329897880554,-0.0934348913663996,0.9017236399722375,-1.3772294521331787,1.1440131664276123,0.22452179758183313,0.5427557169553521,0.22885823249816895,-0.04529857635498047,0.45338003008000205,0.4974571406003716
4.3501527309417725,0.5954362572700908,-0.10302959082067815,0.5663741827011108,-0.36197325587272644,-0.14294123060306418,0.9766109676465078,-1.1721755266189575,1.3420801162719727,0.23623622613212247,0.5343982382820603,0.10248827934265137,0.08538961410522461,0.33872450547477384,0.619787852387285
4.360167026519775,0.5936650493921453,-0.09273558311384852,0.5558920502662659,-0.3506389558315277,-0.18685254647806815,1.0442770192028012,-1.2472412586212158,1.358284831047058,0.24019694126483768,0.5406804035694861,-0.027104437351226807,-0.047268450260162354,0.21309250391361087,0.49341195330932375
4.370084285736084,0.591713923852202,-0.08221868308417694,0.5408080220222473,-0.33393576741218567,-0.23377687015601012,1.1210965680524052,-1.3891319036483765,1.6245537996292114,0.2650040044113995,0.523971733728591,-0.1346050500869751,-0.005179703235626221,0.1303989543244244,0.5187920304929647
4.380164861679077,0.5889778211192329,-0.0702961111738778,0.5269171595573425,-0.31446292996406555,-0.2766132836314341,1.191933645922893,-1.2533360719680786,1.837641716003418,0.2746816727916907,0.5131601280620656,-0.2019026279449463,-0.05054742097854614,0.07277904484674441,0.4626127070835194
4.390144109725952,0.5861661565725087,-0.05831056029091835,0.5151141285896301,-0.29669448733329773,-0.32156817209119026,1.2716773831020736,-1.3852931261062622,2.12178635597229,0.28142873398691304,0.5107089412528901,-0.24428826570510864,-0.0693621039390564,0.037140468281804395,0.44134683731383373
4.400153636932373,0.5825476522882296,-0.0448725540521283,0.49951881170272827,-0.2732163071632385,-0.36218585989870533,1.3438302234246084,-1.360047459602356,2.268866539001465,0.3021039168356714,0.49105954318089007,-0.2739553451538086,-0.08455139398574829,0.0281485716818628,0.4065081491951418
4.41015887260437,0.5789170983026318,-0.03141412825002763,0.4839661419391632,-0.24892853200435638,-0.4050335242269334,1.4263084835185493,-1.4558100700378418,2.242467164993286,0.31668086594537526,0.4773560307167451,-0.31141817569732666,-0.13337332010269165,0.005262690248048596,0.34398271061405344
4.4201438426971436,0.5744526561887432,-0.016363640571858906,0.4708847999572754,-0.22851824760437012,-0.4471162229238672,1.5073142471464611,-1.4777662754058838,2.379819631576538,0.32082498539196386,0.4827119983486219,-0.3365625739097595,-0.1333215832710266,-0.015737588517795664,0.3493904150775953
4.430156946182251,0.5699756351787362,-0.0012707470306046048,0.4543094336986542,-0.20269650220870972,-0.4843905531650279,1.5825169109224793,-1.5703226327896118,2.3789303302764893,0.3427685552574512,0.45990496887886995,-0.3675768971443176,-0.2042992115020752,-0.024808341886866425,0.25560575737679475
4.440090179443359,0.5647967695697192,0.015189809643679344,0.43662622570991516,-0.1755964457988739,-0.5247883884452413,1.6640213887816926,-1.6431565284729004,2.5091891288757324,0.3590984425507727,0.4480794184556863,-0.39626383781433105,-0.21590447425842285,-0.03716539526355833,0.23217494419726342
4.450153112411499,0.5594809861746556,0.03200510324658106,0.42307621240615845,-0.15369482338428497,-0.5596780377151234,1.7276748849603065,-1.545498013496399,2.5505950450897217,0.3609849125942203,0.45382496543591455,-0.4043843150138855,-0.20132744312286377,-0.04339940241966522,0.2524975223130508
4.4600670337677,0.5536254587309594,0.04968655766331563,0.4045834243297577,-0.1256999522447586,-0.5977129221042112,1.796256565016032,-1.7333080768585205,2.660140037536621,0.38555185493909355,0.43169623558598746,-0.42323923110961914,-0.29722750186920166,-0.03768737617052559,0.1344687337167858
4.470163106918335,0.5475181523725129,0.06795287810265549,0.3851531744003296,-0.09715115278959274,-0.6309028813823865,1.847647738796931,-1.8341951370239258,2.7272777557373047,0.4035602130127144,0.4200795523044968,-0.4492143392562866,-0.29867517948150635,-0.045654126243572235,0.12140437282299044
4.480147361755371,0.5409625007152176,0.086779390678379,0.36896130442619324,-0.07431210577487946,-0.6668469481424388,1.9007641278172644,-1.8355591297149658,2.6413333415985107,0.40843822926979856,0.42844876611719457,-0.46819305419921875,-0.3206017017364502,-0.05975482492942019,0.10784706438074437
4.490147829055786,0.5341910688466506,0.10593961248543284,0.3477414846420288,-0.04555025324225426,-0.6979311429128003,1.939029871961159,-2.066913366317749,2.690680503845215,0.4361464323028468,0.4063545761362564,-0.4992436170578003,-0.395693838596344,-0.06309718475495352,0.010660737539912424
4.500157594680786,0.5269963486248852,0.12558025979629653,0.32490241527557373,-0.017640603706240654,-0.7318151178016379,1.9766206908714539,-2.184588670730591,2.5223212242126465,0.45811994946805623,0.39966991392092965,-0.5372657775878906,-0.40057337284088135,-0.0791458281198344,-0.000903458919951694
4.510145425796509,0.5195570968772805,0.1454666417887334,0.3064522445201874,0.003792303614318371,-0.7611017863057903,2.002270457100356,-2.188400983810425,2.449160099029541,0.46291861141300633,0.4118257346739362,-0.5622007846832275,-0.4123110771179199,-0.09928217327022121,-0.0004853424439837384
4.520157098770142,0.5117739135860189,0.1656252111328976,0.2825905382633209,0.030210597440600395,-0.7927489512667378,2.0240737334422034,-2.2584357261657715,2.422361135482788,0.4932647803886695,0.3954293254421727,-0.5852127075195312,-0.43278253078460693,-0.09194792713086175,-0.03735320534243425
4.530163526535034,0.5036879293712995,0.18598464286210198,0.25817492604255676,0.058162856847047806,-0.820300248922198,2.0371347258143455,-2.2828640937805176,2.708458185195923,0.5143445960901178,0.38416301298329086,-0.59569251537323,-0.45975828170776367,-0.08134791928311214,-0.07559526872447281
4.540147066116333,0.4953766972002145,0.2063473535005512,0.2383185774087906,0.08287674933671951,-0.849655690807996,2.04313821333162,-2.2779862880706787,2.8673484325408936,0.5196579452377739,0.3859187688305203,-0.5962072014808655,-0.45671141147613525,-0.07654925624309161,-0.07079264264561497
4.550151586532593,0.4867042395367848,0.22682315948680554,0.2137751430273056,0.1121073067188263,-0.8754396413983407,2.043566890857118,-2.3050386905670166,2.6432433128356934,0.5484465541962265,0.36706479147730936,-0.602685809135437,-0.46787941455841064,-0.05423925493921056,-0.10081462308110128
4.560170412063599,0.47784722058924944,0.24726631189571147,0.18880559504032135,0.13890910148620605,-0.9026316917685513,2.0337851262793514,-2.3278286457061768,2.389760732650757,0.569420860188548,0.364660067563536,-0.6149802207946777,-0.46089422702789307,-0.04555936060612975,-0.0962341594643571
4.5701518058776855,0.468652797127248,0.2674998079253381,0.16869358718395233,0.15833932161331177,-0.9264987802042377,2.021643857635441,-2.374364137649536,2.226212739944458,0.5733319090113996,0.38038447711379875,-0.6281108260154724,-0.46871840953826904,-0.05477891700407278,-0.0883339324244703
4.580143690109253,0.4593418906939727,0.2876450517917946,0.14355361461639404,0.18011312186717987,-0.9513945673099684,1.9961192985273222,-2.36433482170105,1.9381284713745117,0.6034129049566803,0.3739966725887382,-0.6396902799606323,-0.43946373462677,-0.036277375003952006,-0.06546706203803182
4.590157985687256,0.44961814918248355,0.30743363021798903,0.11837100982666016,0.2008642554283142,-0.9735997556812883,1.971270763182357,-2.3374714851379395,1.9171513319015503,0.6225481237359208,0.37459988643091235,-0.6438611745834351,-0.4512213468551636,-0.021313050847514226,-0.07662146042425122
4.6001503467559814,0.43986352920495403,0.32708379779390767,0.09796074032783508,0.2178657203912735,-0.99627432287107,1.9299569075339758,-2.313723564147949,1.9454327821731567,0.6270960868030856,0.3854377173718727,-0.6427034735679626,-0.4341038465499878,-0.015607386764877051,-0.04866612917811508
4.6101438999176025,0.4297066481703131,0.3460054962642836,0.07316163182258606,0.23917078971862793,-1.0166368981969178,1.8925704902968974,-2.2585642337799072,1.8959378004074097,0.6540660957318314,0.3729408642298055,-0.6367911696434021,-0.4248570203781128,0.017274926088429288,-0.0519161561483073
4.62014365196228,0.4195375937745199,0.3649225270615892,0.048405133187770844,0.25817492604255676,-1.037077899427743,1.835475913801183,-2.2669899463653564,1.664107084274292,0.6729459921978324,0.3778558586626441,-0.6357358694076538,-0.40824711322784424,0.037210122790178546,-0.030391254565200143
4.630144834518433,0.4089640632820407,0.3827165689646899,0.028463583439588547,0.27215105295181274,-1.0572280260972384,1.7791937906537392,-2.2644479274749756,1.5346544981002808,0.6752707672574083,0.3906896597602454,-0.6351487636566162,-0.39745044708251953,0.0401220036007921,-0.006760787322274142
4.640157699584961,0.398378181712177,0.40053139631771084,0.0038775240536779165,0.2872776687145233,-1.073913598351055,1.7124046337119836,-2.259314775466919,1.363204836845398,0.7029133003879862,0.3921091217719617,-0.6362390518188477,-0.37807488441467285,0.0666742485691385,0.01403423735728887
4.65015435218811,0.38747611075057964,0.4169831236208528,-0.014657892286777496,0.2982284724712372,-1.0921060562165579,1.6395837016485046,-2.1390891075134277,1.2670437097549438,0.7009481859803877,0.4048106725445094,-0.6306370496749878,-0.33829736709594727,0.07031113630539987,0.06651330544856215
4.660152435302734,0.37654180535350346,0.4333144215516392,-0.03732649236917496,0.3100740909576416,-1.1066586343915468,1.563909739531443,-2.057798147201538,1.0952579975128174,0.7248867114065902,0.4086559609960514,-0.6244833469390869,-0.316459059715271,0.10040336446750331,0.0921969012807804
4.670151233673096,0.3653463705705987,0.4482563418639278,-0.0593133345246315,0.32145100831985474,-1.12262953409639,1.4786072133561348,-2.0139126777648926,1.045851230621338,0.7376492644484943,0.41159983288170543,-0.6174957752227783,-0.30985164642333984,0.120153489225716,0.10174818645836559
4.680145740509033,0.35409675577230326,0.4628768021262765,-0.07550518959760666,0.33031392097473145,-1.1353899728256067,1.4026360808902893,-1.8576135635375977,1.03992760181427,0.7336000263638455,0.42342423085007097,-0.6020830273628235,-0.2522730827331543,0.13151699900102198,0.17115114811691667
4.690153121948242,0.3426361744180205,0.4763101605957913,-0.09506325423717499,0.3406681716442108,-1.1491311703479035,1.3182946491214231,-1.7426739931106567,0.8875876665115356,0.7513782900420207,0.42230484855104666,-0.5935640931129456,-0.24118101596832275,0.15781419692907517,0.1811238325827239
4.700153589248657,0.33110516729954087,0.4892533745202366,-0.11291690170764923,0.35012760758399963,-1.1601216762010669,1.2450721116558938,-1.6077091693878174,0.7931161522865295,0.757191860873861,0.4278512255696215,-0.6034299731254578,-0.1745656132698059,0.15376188774840327,0.2532856122998156
4.710150718688965,0.31943657618899274,0.5012089389136717,-0.12595561146736145,0.35737136006355286,-1.171618747975666,1.1651372069401873,-1.4820455312728882,0.7907742261886597,0.7507125285978223,0.436536818040131,-0.6244603395462036,-0.17281371355056763,0.12625218905161872,0.2637231044895634
4.7201433181762695,0.3076848661982578,0.5125444300928648,-0.1403578370809555,0.3633793592453003,-1.1808048905351036,1.0955136520221025,-1.3604038953781128,0.5082894563674927,0.7582461121057602,0.4447578288875836,-0.6585928201675415,-0.11188560724258423,0.0996532919382187,0.33287222164499936
4.730153322219849,0.29581723815657,0.5231207097760101,-0.15420614182949066,0.36495596170425415,-1.1900718337821203,1.0198869963570836,-1.2731059789657593,0.0840865895152092,0.7610833398418978,0.4635344710023921,-0.7032181024551392,-0.12279725074768066,0.05786523738675864,0.3407372202547114
4.740155220031738,0.28386933830655736,0.5329549030643994,-0.16626481711864471,0.36487075686454773,-1.197481650094641,0.9536448965789504,-1.0482914447784424,-0.03589958697557449,0.7592770044551563,0.4779495271487148,-0.7467628121376038,-0.02254164218902588,0.012514192317552575,0.4554078849596889
4.750152111053467,0.27186908472022003,0.5421927488909377,-0.1744459718465805,0.3656803369522095,-1.2045196245694605,0.8822905575403119,-0.992203950881958,0.08553433418273926,0.7486195974562558,0.48578723090468323,-0.7878177165985107,-0.09006929397583008,-0.039198119142254906,0.39571793692885315
4.760081052780151,0.2598688398687468,0.5505409358746519,-0.1843315213918686,0.36725690960884094,-1.2101029398664647,0.8199844604472446,-0.8777738213539124,0.11213614791631699,0.7512675716383089,0.4913330013786581,-0.8151624202728271,-0.00975954532623291,-0.06389484863451822,0.4815734560524252
4.770160913467407,0.24765592085981336,0.5585933273324659,-0.19251267611980438,0.3670864701271057,-1.214932064984378,0.7525545922690036,-0.6901818513870239,-0.09118448942899704,0.7443559909394052,0.5048688591598716,-0.8447363972663879,-0.029332518577575684,-0.10038040632698275,0.4755363405822959
4.780062198638916,0.23559427896683144,0.5655942302667079,-0.1990746408700943,0.36606383323669434,-1.2187164671895179,0.6941650875157492,-0.5651842951774597,-0.038549311459064484,0.7365592283241337,0.5148966463077838,-0.8651103973388672,0.007895946502685547,-0.1285511690147335,0.5227925928104693
4.790080785751343,0.22337912012840822,0.5724179617140488,-0.2037617564201355,0.36495596170425415,-1.2212735675807842,0.63154046404129,-0.577591061592102,-0.11444422602653503,0.7251774075928894,0.525060544193816,-0.8738465905189514,-0.015469193458557129,-0.14866918292606202,0.5095913507352589
4.800081253051758,0.2111456102441217,0.5782388678344109,-0.21006804704666138,0.3635498285293579,-1.22332963399462,0.5754715759849987,-0.6315389275550842,-0.150907963514328,0.7229512471739827,0.5331826201363007,-0.8740524053573608,0.0019252300262451172,-0.1511011581833781,0.5351078501625458
4.810144424438477,0.19883467185171352,0.5839631862275362,-0.21641696989536285,0.36252719163894653,-1.2236462479144166,0.5171901153029239,-0.6054751873016357,-0.07575064897537231,0.7173882425166308,0.5412045424314555,-0.8773266673088074,-0.012862145900726318,-0.15993842479217657,0.5283423965307292
4.820162534713745,0.1865732505149299,0.588629352450198,-0.22123190760612488,0.3612488806247711,-1.2238953918662272,0.46495708456867746,-0.3821422755718231,-0.14451472461223602,0.7071147466332591,0.547642480909563,-0.8913090229034424,0.052921175956726074,-0.18419427627018325,0.6005636568662891
4.830151319503784,0.17434832340830048,0.5932655816180913,-0.22242498397827148,0.36026883125305176,-1.221907209846112,0.41119848706478734,0.004796876572072506,-0.021160690113902092,0.6882928847645037,0.5546576047641094,-0.915425181388855,0.059136390686035156,-0.2271322966243513,0.6137939954501446
4.840150356292725,0.16215002738776324,0.5968472283024213,-0.22174324095249176,0.36026883125305176,-1.2199471087084417,0.3581991705732612,0.049038078635931015,0.0018601539777591825,0.670676034358616,0.5558326306629375,-0.9235620498657227,0.06733179092407227,-0.25288601550710665,0.6231644215870098
4.850152969360352,0.1499473684963825,0.6004301560068105,-0.22170062363147736,0.35971492528915405,-1.2157653937187183,0.3129666244607954,-0.024480102583765984,-0.08531884849071503,0.6587378205400968,0.5628700659556661,-0.9209032654762268,0.051267027854919434,-0.26216544493613003,0.6141370938105856
4.860161304473877,0.13782145696323803,0.6031094694134657,-0.22165802121162415,0.3592461943626404,-1.2111941949528715,0.26352113152941925,0.030651303008198738,-0.01166616939008236,0.645727046227994,0.565645593585436,-0.9217066168785095,0.0915369987487793,-0.2759795706505155,0.6571825923342153
4.870151519775391,0.1257252263108593,0.6057003482416611,-0.22165802121162415,0.3592461943626404,-1.204925604963865,0.22261666058980367,0.03523145988583565,-0.0015328795416280627,0.6327456690364676,0.5686261337848397,-0.9210535883903503,0.06822061538696289,-0.2883079193538828,0.6368467491718026
4.880147933959961,0.11373912828728477,0.6075583706771301,-0.2214023619890213,0.3593313992023468,-1.197705386537642,0.1775378780394341,0.08546409755945206,-0.020269066095352173,0.6191050731145625,0.5701103003207886,-0.9204623103141785,0.1119699478149414,-0.30135723719961593,0.68208024813573
4.8901519775390625,0.10177059068272111,0.609251059903135,-0.22042231261730194,0.35967230796813965,-1.1893112677050404,0.14007877635336996,0.10428744554519653,0.030830273404717445,0.6034418808960117,0.5718886776096817,-0.9206519722938538,0.07858443260192871,-0.31721009139784206,0.6504731102116104
4.90015721321106,0.08994188384562554,0.6103611765945884,-0.2184196561574936,0.3606097102165222,-1.1794401145979116,0.09935402860790532,0.16664139926433563,0.09307795017957687,0.5863121384584976,0.5707368087725967,-0.9211366176605225,0.1267164945602417,-0.33482447920202485,0.6974533033328384
4.910144090652466,0.07819098736460087,0.611237782384994,-0.2190161943435669,0.36090800166130066,-1.16894740203192,0.065452544155427,-0.0736239030957222,0.021730003878474236,0.5794697472352938,0.5732433049153567,-0.9103445410728455,0.0113753080368042,-0.3308747938375517,0.5846186129521609
4.920149564743042,0.06657216260647093,0.6116688958188266,-0.2189735770225525,0.3612062633037567,-1.1564260011778953,0.029086760914690757,0.0362359844148159,0.026869311928749084,0.5656040321304507,0.5735136524865672,-0.9085913896560669,0.14885950088500977,-0.34298735752561615,0.7223731533715769
4.930168151855469,0.0550347688535687,0.6118198500344009,-0.21922925114631653,0.3611636757850647,-1.143761037371207,-0.0014675174274358938,-0.02012343890964985,-0.009952816180884838,0.5539224695554968,0.5748699071504639,-0.9056739211082458,0.01059579849243164,-0.351751451552749,0.5854657056428956
4.940145492553711,0.04370095423523354,0.6116409126518634,-0.21939967572689056,0.3612488806247711,-1.1286197205630697,-0.03341004236068201,-0.04159528762102127,0.0030430681072175503,0.5418154632127861,0.574639136698859,-0.9015892744064331,0.12386834621429443,-0.35977381119364704,0.6985074829131535
4.950147867202759,0.03248563584711367,0.6111515510921072,-0.21939967572689056,0.360652357339859,-1.1138492655782277,-0.060429449358853304,-0.02196592278778553,-0.05407031998038292,0.5292607656926206,0.5765123354388548,-0.9000038504600525,0.03126120567321777,-0.3707430847674319,0.6077735411120726
4.960186243057251,0.021379113958563813,0.6104290312620674,-0.21931447088718414,0.3605671226978302,-1.0959772870838014,-0.08815421687835823,-0.00022583628015127033,-0.04691002517938614,0.5168406512778235,0.5752581470211648,-0.8982975482940674,0.11661744117736816,-0.38145689701624386,0.691875588198533
4.970142364501953,0.010570412311514284,0.609391602433897,-0.2195274978876114,0.36035406589508057,-1.0792116250164023,-0.11150543364748344,-0.09560427814722061,-0.009372692555189133,0.5062383375059412,0.5748908770619957,-0.8935815095901489,0.013355851173400879,-0.38734317208420777,0.5882467282353966
4.980147361755371,-0.0001625280729217666,0.6082025422043266,-0.21935705840587616,0.3606097102165222,-1.0586857711996374,-0.1348540630060171,-0.006745793391019106,0.059567056596279144,0.49341564934876936,0.5729069378775498,-0.8952935934066772,0.12642014026641846,-0.4018779440579079,0.6993270781439682
4.99008846282959,-0.010548030753934259,0.6067038291284974,-0.21944227814674377,0.3605671226978302,-1.0398847209031086,-0.15470386884264187,-0.031781695783138275,0.038270652294158936,0.4830970806622196,0.5721212920224577,-0.894112765789032,0.019376754760742188,-0.41101568512681236,0.5914980467831998
5.000092029571533,-0.020902079495627217,0.605116530577277,-0.21939967572689056,0.3609505891799927,-1.0168018928225404,-0.1735994057097372,-0.023288920521736145,0.08412328362464905,0.47122235321048667,0.5697037587954958,-0.891264021396637,0.11073291301727295,-0.4200416681861503,0.6804366718127688
5.010146856307983,-0.030941569090274828,0.6032201697923335,-0.21927185356616974,0.360694944858551,-0.9954782884707118,-0.19029576062670017,0.0337548702955246,0.0059599196538329124,0.4602335790543036,0.5693650970787909,-0.8913107514381409,0.04920029640197754,-0.43107717238383725,0.6185653934807684
5.020162582397461,-0.040882112935095596,0.6012973216550624,-0.21935705840587616,0.36082279682159424,-0.9697001119234812,-0.2048671575399581,-0.030508480966091156,-0.020457414910197258,0.4497450175305577,0.5670461877841229,-0.8842625617980957,0.08571064472198486,-0.434517544267538,0.6527568325061077
5.030160427093506,-0.05034954535126859,0.5991205067989259,-0.21931447088718414,0.36073756217956543,-0.9465313415544476,-0.2178778249374922,-0.008621135726571083,0.02756667137145996,0.43969949145136195,0.5654080630780842,-0.8818215727806091,0.06055259704589844,-0.4421220813292472,0.6259606601239827
5.040146112442017,-0.059797160547490465,0.5969433572256826,-0.21935705840587616,0.36078014969825745,-0.9181723963687696,-0.22806343574645283,0.014067010954022408,0.02878887765109539,0.4292616823444301,0.5634327176422161,-0.8789230585098267,0.09597814083099365,-0.4496613761653966,0.6594108584732098
5.050170183181763,-0.06871980168546551,0.5945562410953029,-0.21944227814674377,0.360652357339859,-0.8901215254393793,-0.23813839630187417,-0.0009656401234678924,-0.006143879145383835,0.420394879134591,0.5615779712907687,-0.8736129999160767,0.0682516098022461,-0.45321812078148566,0.6298295810930148
5.060144901275635,-0.0775985129710107,0.5921808777248649,-0.2195701152086258,0.3605671226978302,-0.8617605179465424,-0.24347675685434567,-0.03318111225962639,-0.05685345456004143,0.41063481082203424,0.55969466192393,-0.8658766746520996,0.08916282653808594,-0.4552418638300654,0.648857488462016
5.070152759552002,-0.08593811414755716,0.5896905937908139,-0.2195274978876114,0.36082279682159424,-0.8306493497295366,-0.24933277706776025,-0.011484530754387379,0.0640215277671814,0.40184781761212607,0.556403324783617,-0.8621121644973755,0.07781851291656494,-0.4602643468852494,0.6342218377001819
5.080146312713623,-0.09421274830821114,0.5871938845584573,-0.21948489546775818,0.36073756217956543,-0.8005025526890845,-0.2510460701688473,0.007329882588237524,-0.00020610739011317492,0.39249818613826293,0.5550843474997138,-0.8560874462127686,0.10336363315582275,-0.4635892600745056,0.6584479806555366
5.090091228485107,-0.1019015774538898,0.5846852373323681,-0.2195701152086258,0.36078014969825745,-0.7668940000256033,-0.25253012620335724,-0.02510918490588665,0.01952027902007103,0.385271783354901,0.5526389658476059,-0.8474817872047424,0.07794570922851562,-0.46221000384984146,0.6305846750761215
5.1001505851745605,-0.10955246661919577,0.5821421396019308,-0.21944227814674377,0.360694944858551,-0.7344972144424258,-0.2507511584687343,0.024131828919053078,-0.034335628151893616,0.37602663748363163,0.5507619668658031,-0.8407350182533264,0.12355625629425049,-0.4647083807696948,0.6743182231600536
5.110149621963501,-0.11663754810410693,0.5796553243955491,-0.2195701152086258,0.36073756217956543,-0.6982148652358386,-0.2478877393482577,-0.0421406514942646,0.0065756249241530895,0.3697326380527325,0.5484592396084611,-0.8299240469932556,0.07133853435516357,-0.46019140894052313,0.6197977739636247
5.1201488971710205,-0.12351558039392493,0.5771848036402791,-0.21948489546775818,0.36078014969825745,-0.6638691219670694,-0.24262620955569858,-0.0050203329883515835,0.012057614512741566,0.36174859766089207,0.5463417768023431,-0.821483850479126,0.12823009490966797,-0.4597352528182339,0.674571871712011
5.130142450332642,-0.1299104439152969,0.5748044893896468,-0.2195701152086258,0.360652357339859,-0.6248768281360988,-0.23540167683731994,-0.03492574766278267,-0.01155969500541687,0.35584288030982264,0.5450165318233178,-0.8085457682609558,0.08167171478271484,-0.45270288795113317,0.6266882466060326
5.140150308609009,-0.13601356883945295,0.5724765175365722,-0.21948489546775818,0.360694944858551,-0.5883650332920407,-0.22664377466092844,0.00024480035062879324,-0.010402007959783077,0.3489933502492689,0.5427829119088446,-0.796876072883606,0.13527345657348633,-0.44788272263433704,0.678056368482331
5.1501545906066895,-0.14168504101923085,0.5702688196813506,-0.21944227814674377,0.360652357339859,-0.546708026337213,-0.21505837968936703,0.03226945549249649,-0.03212422505021095,0.34339598212529093,0.5414341434248489,-0.7818063497543335,0.10922408103942871,-0.43841036762904256,0.6506582244642776
5.160157203674316,-0.14695156636102236,0.5681738483543068,-0.219612717628479,0.360694944858551,-0.5081026093808596,-0.20281680159181548,-0.041262488812208176,-0.037385277450084686,0.3388073309797653,0.5397540914055368,-0.7603580355644226,0.11278271675109863,-0.4215507045846573,0.6525368081566354
5.170151233673096,-0.15184570347333615,0.5662130508048433,-0.21948489546775818,0.36082279682159424,-0.4638070432548096,-0.18687723263200695,5.725215305574238e-05,0.04032478109002113,0.3331997897941447,0.5381670916729197,-0.7451591491699219,0.12417793273925781,-0.41195935937577716,0.6623450244121775
5.180149078369141,-0.15622374102077782,0.5644378932530834,-0.21944227814674377,0.360652357339859,-0.4231135990206525,-0.17116185265499695,0.023306749761104584,-0.027316898107528687,0.32935048690965835,0.538024435017507,-0.7219035029411316,0.12834692001342773,-0.39255301603147325,0.6663713550309347
5.190148591995239,-0.16030680837109185,0.5627902872441721,-0.21948489546775818,0.360694944858551,-0.37616390830279567,-0.15086291051163414,-0.001772983348928392,-0.019559253007173538,0.3254990689011984,0.5366336332387684,-0.6986888647079468,0.11957979202270508,-0.3731897958067484,0.6562134252614735
5.200153827667236,-0.1637484375233169,0.5614200777336056,-0.2195274978876114,0.36073756217956543,-0.3333292715007534,-0.13165315887577123,-0.02325124852359295,0.020741011947393417,0.32292619965766495,0.5362957044951321,-0.677991509437561,0.12107229232788086,-0.3550653097798961,0.657367996823013
5.210143804550171,-0.16697212287802274,0.5601576928483257,-0.2195274978876114,0.360652357339859,-0.2837620749767975,-0.10701231666746125,-0.021704088896512985,-0.029163794592022896,0.31961868148738826,0.5361524033544929,-0.651858925819397,0.12141072750091553,-0.3322402443320087,0.6575631308554084
5.220149993896484,-0.16942132782072825,0.5592808696842009,-0.2195274978876114,0.360652357339859,-0.23878149453528685,-0.08260787356213939,-0.03220653161406517,-0.030506610870361328,0.31842902106040993,0.5364954433698176,-0.6233446598052979,0.1164095401763916,-0.3049156387448879,0.6529049835462092
5.230144500732422,-0.1717480588206481,0.5585053606381855,-0.21944227814674377,0.36073756217956543,-0.18654041719631564,-0.0388064792671976,-0.005158413201570511,0.002701283199712634,0.31579996545260547,0.5362858764575918,-0.5948399305343628,0.1250554323196411,-0.2790399650817573,0.661341308777233
5.2401440143585205,-0.17315055738924334,0.5585053606381855,-0.2195274978876114,0.3605671226978302,-0.13945359550180392,0.004465000108776707,-0.05450958013534546,-0.08070878684520721,0.31659408244744536,0.5393444635223497,-0.5397210121154785,0.0668497085571289,-0.22312692966803316,0.6061941720794786
5.250146389007568,-0.17453738946150704,0.5585946946241003,-0.21939967572689056,0.36078014969825745,-0.0845614794741234,0.3096554731763739,0.004786401055753231,0.02097178064286709,0.3145611957024117,0.5393990250921429,-0.4941011667251587,0.1073077917098999,-0.179539971022747,0.6467068168020428
5.260144472122192,-0.17484228983622754,0.564696031267986,-0.21939967572689056,0.3606097102165222,-0.030495883183297323,0.6102506424417804,-0.008593002334237099,-0.0335286483168602,0.3167930525128378,0.5605324400073606,-0.4316321015357971,0.06000828742980957,-0.11483904902295933,0.6205407274371701
5.270143985748291,-0.17514723383565883,0.5707982408824179,-0.21927185356616974,0.36073756217956543,0.021941690105874656,0.5527643034137135,0.017010563984513283,0.01032526046037674,0.3161945000287141,0.5679470749553741,-0.3697357177734375,0.07273733615875244,-0.053541217744723424,0.6406844111141266
5.280168294906616,-0.1744003296627646,0.5757616313778158,-0.2191014140844345,0.36073756217956543,0.07942256619270971,0.4897490850675865,0.04487147927284241,0.019774170592427254,0.31908352369841375,0.5727413055146627,-0.33396220207214355,0.09457015991210938,-0.014878678373729803,0.6673114654267721
5.290146589279175,-0.17355902686147337,0.5805949922247443,-0.2190587967634201,0.36078014969825745,0.13314564215674984,0.43490987036492257,0.007669834885746241,0.028632745146751404,0.3206683869325895,0.5790242585443298,-0.30892956256866455,0.09671497344970703,0.011738824363924927,0.6757392319940368
5.300083160400391,-0.17175281847797907,0.5844269230494302,-0.21880313754081726,0.36082279682159424,0.19287446203721892,0.37439181555843604,0.07726088166236877,0.0380847193300724,0.3242209745631398,0.5824628362370854,-0.2940713167190552,0.12883996963500977,0.030149657844084632,0.7113028058720952
5.310150146484375,-0.1696979371436691,0.5880812074318073,-0.21893097460269928,0.36073756217956543,0.24888395963170495,0.32106277148894335,-0.0061563365161418915,-0.0027080110739916563,0.3283015072590074,0.5877601042934948,-0.2730214595794678,0.09812784194946289,0.055280047679539646,0.6858879462429577
5.320160865783691,-0.1667608229415891,0.5908778325902938,-0.21888835728168488,0.36073756217956543,0.31124148504325255,0.26264627996041057,0.012997841462492943,-0.02139408513903618,0.3334069706233937,0.590150827833483,-0.25154221057891846,0.13408660888671875,0.08186476004447524,0.7242374367202018
5.330082178115845,-0.16349743862680538,0.5933192572363317,-0.21884575486183167,0.36073756217956543,0.36827694686256063,0.21199084152321035,0.03237024322152138,-0.01177988015115261,0.3381458721899802,0.5933004631640583,-0.2287064790725708,0.12182486057281494,0.10943939311740941,0.7151253237368732
5.340140342712402,-0.15939199754997252,0.5951039043405156,-0.21888835728168488,0.36078014969825745,0.4334900637623482,0.15549866966394532,-0.0032370404805988073,0.013939829543232918,0.3452160330284415,0.5949294995641254,-0.20127266645431519,0.1349731683731079,0.14394336657412632,0.7299026679372334
5.3501670360565186,-0.15479244349217539,0.5964438043482043,-0.21884575486183167,0.36073756217956543,0.493578303666391,0.10572152568828841,-0.011952384375035763,-0.011868187226355076,0.35175840452196855,0.5968121654462346,-0.17013490200042725,0.12197721004486084,0.1816235025215413,0.7187893754910955
5.360150337219238,-0.14951851607078612,0.5972218085519088,-0.21871791779994965,0.36073756217956543,0.5608574973929645,0.05183283669299499,-0.008772341534495354,-0.009965527802705765,0.3593887880034205,0.5974827408308168,-0.13809823989868164,0.12506365776062012,0.22129054810473886,0.7225463985914369
5.37016224861145,-0.14357611155609268,0.597478717471977,-0.21871791779994965,0.36082279682159424,0.6226438188210368,0.0041087305816560615,-0.04627081751823425,0.027035318315029144,0.36841286895640046,0.5974227137957356,-0.10511785745620728,0.11726951599121094,0.2632950115001932,0.7146922297869466
5.380161762237549,-0.13705924733700783,0.5973045641583034,-0.2184622585773468,0.36086538434028625,0.6926923369212883,-0.04775108822654772,-0.0012086479691788554,0.03277602046728134,0.3768895279607174,0.5973315512953588,-0.07501918077468872,0.12411224842071533,0.3018703471860287,0.7214437997160741
5.390080213546753,-0.1297857058824166,0.5965325110728577,-0.21812137961387634,0.36082279682159424,0.7555436866185969,-0.09302896588661369,0.028167515993118286,-0.009169823490083218,0.38690498063426565,0.5963735820034832,-0.04150593280792236,0.11869215965270996,0.3453990478263433,0.7150657416561932
5.40008020401001,-0.12200635766670566,0.5954490849594575,-0.21709872782230377,0.36078014969825745,0.8278436336331154,-0.14247471947881962,0.18821214139461517,-0.022526850923895836,0.3950414536898894,0.5954406961098326,-0.01701641082763672,0.1426396369934082,0.3780250428622527,0.7380803331032408
5.410156726837158,-0.11315782377203368,0.5936668710758424,-0.21381776034832,0.36082279682159424,0.8943208788932591,-0.1870856456347596,0.34062638878822327,0.0177170317620039,0.39974691313412,0.5926140751647303,0.00851285457611084,0.14873766899108887,0.4082597677102308,0.7413517441558192
5.420151233673096,-0.1040590611934892,0.5916957526252343,-0.21151679754257202,0.36078014969825745,0.9691369922101956,-0.2343111004545726,0.21884754300117493,0.007924634031951427,0.4107945705110887,0.591016351343074,0.0555117130279541,0.12410593032836914,0.4663062835390428,0.7151222816714431
5.430151462554932,-0.09377951308370507,0.5889814579531203,-0.207809716463089,0.36086538434028625,1.0368861130811826,-0.2766344741649114,0.3613075911998749,0.05525319278240204,0.4186869862759768,0.5868272644868107,0.09364235401153564,0.16306889057159424,0.5123293402875124,0.7498961550584049
5.440158128738403,-0.08331407420741412,0.5861610886151947,-0.2037191390991211,0.36078014969825745,1.1143024755771842,-0.32168654820520004,0.4077775776386261,0.0007394651183858514,0.42642322931437515,0.5845754158438944,0.14056575298309326,0.1278984546661377,0.5669889822974684,0.7124738705100321
5.450160264968872,-0.07148427508296422,0.5825452562131729,-0.19685889780521393,0.36090800166130066,1.184026375030057,-0.36220202119342915,0.765486478805542,0.011794532649219036,0.43007758983835476,0.5789524442856875,0.16982102394104004,0.18562519550323486,0.5998986137793948,0.7645776397889223
5.46016263961792,-0.059628205087014476,0.5789154140097618,-0.18829426169395447,0.36099323630332947,1.2639891776033179,-0.40504229341006237,0.8710595965385437,0.036285895854234695,0.4311857268347061,0.5754232558212354,0.20625686645507812,0.14340221881866455,0.6374425932897843,0.7188254746399
5.470148324966431,-0.04622220705687736,0.5744506520934294,-0.18134881556034088,0.3609505891799927,1.3425215758612383,-0.4471162229238743,0.8456683158874512,-0.009906728751957417,0.4458171315682146,0.5695566424261832,0.2537580728530884,0.16871142387390137,0.699575204421303,0.7382680663000846
5.480161190032959,-0.032779719668875815,0.5699737376842369,-0.17193196713924408,0.36090800166130066,1.418300254411816,-0.48442676874345025,0.9909827709197998,0.028427915647625923,0.4463346814591441,0.5650472889066646,0.31225907802581787,0.15249359607696533,0.758593759484962,0.7175408849836299
5.490081787109375,-0.017964492090563892,0.5648012028527175,-0.15940457582473755,0.36090800166130066,1.5002918828729954,-0.5247963353423337,1.3700273036956787,0.014761922881007195,0.4461702399044487,0.5581794040315693,0.3936738967895508,0.18500185012817383,0.8398441366939995,0.7431812541597431
5.50016188621521,-0.0027706150956906504,0.5594763513787938,-0.14432057738304138,0.3610358238220215,1.5744027931059292,-0.5596734544536339,1.5073825120925903,0.06273919343948364,0.4425123785961539,0.5518696801739726,0.47649407386779785,0.1517479419708252,0.9190064524639517,0.7036176221447978
5.510152339935303,0.013622667466512457,0.5535738554103375,-0.12962009012699127,0.36086538434028625,1.6559476527222285,-0.5978633520969261,1.4592419862747192,-0.03464004397392273,0.44828253749986335,0.5452032805700345,0.544521689414978,0.17754006385803223,0.9928042269148414,0.7227433444280668
5.520151138305664,0.030330791311336484,0.547525392413584,-0.11082901060581207,0.3609505891799927,1.720440139810611,-0.630731637061789,1.9402750730514526,0.014322064816951752,0.43879612793088946,0.5377859556797391,0.6147798299789429,0.17093729972839355,1.0535759579098323,0.7087232554081326
5.530146360397339,0.048020829359640235,0.5409631787463024,-0.08871433883905411,0.36090800166130066,1.7895346900175455,-0.6668154522106455,2.186784505844116,-0.0018528479849919677,0.4293501520573412,0.5299107083855124,0.6716568470001221,0.1856616735458374,1.1010069990574634,0.7155723819313498
5.540156841278076,0.06613229198389203,0.5341849665668883,-0.06689794361591339,0.3609505891799927,1.8421080250428186,-0.697969156791082,2.140488386154175,0.05048941820859909,0.42687575612020423,0.5218163391582996,0.7038345336914062,0.16387939453125,1.1307102898116104,0.6856957336895496
5.550155401229858,0.08487886112093743,0.5269979823763432,-0.04269537329673767,0.36078014969825745,1.895433692578055,-0.7318192240367019,2.5448601245880127,-0.025814587250351906,0.41733671447283566,0.5136698668170325,0.7344710826873779,0.2058861255645752,1.1518077971602136,0.7195559923816077
5.560150146484375,0.10402811987343474,0.5195535807600123,-0.015041382983326912,0.36086538434028625,1.9352708294957335,-0.7611115456846598,2.85636568069458,-0.0044694459065794945,0.40150985385360033,0.5042428729935803,0.7545969486236572,0.17856943607330322,1.1561068024772576,0.6828123090668835
5.570146799087524,0.12356770401206477,0.5117822365433237,0.013677859678864479,0.3609505891799927,1.9728221334468703,-0.7927243960850348,2.9122960567474365,0.016611440107226372,0.38958396907736365,0.49476451511928865,0.7618255615234375,0.20232045650482178,1.1514095306008012,0.6970849716241104
5.580159664154053,0.14350393013009144,0.5036910504802888,0.04363279789686203,0.36082279682159424,2.0001235598592757,-0.8203028597196713,3.1149041652679443,-0.06033974885940552,0.3762828919335125,0.4855662263918771,0.7709872722625732,0.1888868808746338,1.1472701641960859,0.6744531072665109
5.590152263641357,0.163580738051768,0.49537219170531294,0.07678349316120148,0.36090800166130066,2.021897114290865,-0.8496720017701591,3.4346420764923096,-0.023802975192666054,0.3548310656164953,0.4751378669943426,0.7797958850860596,0.2096710205078125,1.1346269507025548,0.6848088875021551
5.600151777267456,0.18392610202971788,0.48670407419752254,0.11121249198913574,0.36086538434028625,2.036529914564884,-0.8754128429024064,3.450172185897827,-0.00916110910475254,0.33620206322203333,0.46484774838545295,0.7772927284240723,0.18635797500610352,1.1134947916461055,0.6512057233915565
5.610152959823608,0.20431276046334113,0.4778632968294842,0.1462806612253189,0.36078014969825745,2.0425392239243223,-0.9025607463594802,3.5323941707611084,-0.015769489109516144,0.3176206267507625,0.4545493446242993,0.7729085683822632,0.20760607719421387,1.0905291951330258,0.6621554218185132
5.620158433914185,0.2247905182923091,0.46864669166989137,0.18416108191013336,0.360694944858551,2.0445478019456296,-0.9265326254759998,3.8161494731903076,-0.03245456889271736,0.29145764496270227,0.44327175603992724,0.7783122062683105,0.19518983364105225,1.0697698512310128,0.6384615896809795
5.630156755447388,0.2452115069755244,0.45932920443263836,0.22285109758377075,0.36078014969825745,2.0347783874161003,-0.9514535301922074,3.832343578338623,0.0036650728434324265,0.2678915259426117,0.4318401382523674,0.7756104469299316,0.20095813274383545,1.0435019728725434,0.6327982709962028
5.640146970748901,0.26546288523023426,0.44962884453419244,0.2623080909252167,0.36086538434028625,2.024176808719634,-0.9736002524922469,3.9868741035461426,0.04251981899142265,0.24298423082312043,0.41968667371754276,0.7770228385925293,0.19433128833770752,1.0200070694156498,0.6140179620552503
5.6501545906066895,0.28569055854508263,0.4398592159956205,0.3035973310470581,0.36082279682159424,1.9986257795863622,-0.9962849805946803,4.188015937805176,0.012750443071126938,0.21392682012420688,0.40844747721157254,0.7818925380706787,0.20153772830963135,0.9958193581948855,0.6099852055212038
5.660158395767212,0.3054584075602646,0.4296919154103429,0.34616488218307495,0.36082279682159424,1.9753937922265,-1.0166595456040284,4.268155097961426,0.033758826553821564,0.1829280810530302,0.3956416738527991,0.7818841934204102,0.19057512283325195,0.9648122744734404,0.586216796686051
5.670154571533203,0.32519840646161946,0.4195260492981072,0.3887750506401062,0.36073756217956543,1.9340742394031114,-1.0371010562597434,4.297876834869385,0.004868865944445133,0.15508863613982157,0.38395340826716645,0.781221866607666,0.19719243049621582,0.9363105027474876,0.5811458387633823
5.680151462554932,0.3441264248045641,0.4089570559360959,0.43253567814826965,0.3605671226978302,1.893390485282282,-1.0572280260972526,4.376617431640625,-0.031187718734145164,0.12101098890909939,0.3710328585236497,0.7843737602233887,0.19102692604064941,0.905384749132488,0.5620597845642992
5.690147876739502,0.3630535403085704,0.3983885666996921,0.4768928587436676,0.360652357339859,1.841187229321683,-1.0738732791995744,4.3779120445251465,0.014691079966723919,0.08884464167334322,0.3578889947106569,0.789280891418457,0.19034337997436523,0.8781255330918003,0.5482323746850222
5.700157403945923,0.380959738621379,0.3874727732256223,0.5208665132522583,0.3606097102165222,1.7840518043064968,-1.0920911775468483,4.3595662117004395,-0.00912465900182724,0.055729284931100326,0.34450982639721295,0.7945332527160645,0.18886899948120117,0.8502625376471648,0.5333788258784141
5.710155248641968,0.39874784182450246,0.3765387285726835,0.5650106072425842,0.36073756217956543,1.719766505140555,-1.106662972334604,4.45224142074585,0.05268492549657822,0.022859975741944316,0.330921254593109,0.8002209663391113,0.18511724472045898,0.8230809420810556,0.516038499313568
5.720154047012329,0.4153491822282777,0.3653432039328453,0.6093252301216125,0.36073756217956543,1.6468895104469183,-1.122633113084973,4.374377727508545,0.017867734655737877,-0.013886450796033845,0.31723779154460385,0.8064032793045044,0.18873798847198486,0.7925168285084705,0.5059757800165887
5.730154752731323,0.43168476403356604,0.3540866117971272,0.6532988548278809,0.3606097102165222,1.5724147368571835,-1.1354058608274507,4.380373001098633,-0.01937863603234291,-0.047788079491840996,0.30399077987804296,0.8165674209594727,0.1917121410369873,0.7687793414676316,0.49570292091503027
5.74015736579895,0.4468024626482251,0.3426312810594149,0.6963351368904114,0.360652357339859,1.487105898102314,-1.149141347699075,4.310936450958252,0.047036778181791306,-0.0828495914200384,0.28938264676291403,0.829150915145874,0.19609308242797852,0.7463013237258356,0.48547572919089255
5.750154733657837,0.46142710815683197,0.3311038477421641,0.7392435669898987,0.3604818880558014,1.4109790646805003,-1.160121663553598,4.265585422515869,-0.007834894582629204,-0.11863180105044513,0.2759188054175394,0.8455137014389038,0.20056414604187012,0.7268819003884587,0.4764829514594095
5.760149240493774,0.4750108760694151,0.3194383146076305,0.780958890914917,0.36035406589508057,1.3267338689334949,-1.1716122104512134,4.095613956451416,-0.03832634910941124,-0.15330900316785878,0.26154839536257507,0.8622667789459229,0.2036818265914917,0.7089577757780641,0.46523022195406677
5.770169496536255,0.4879797017892049,0.3076540793649648,0.8216089606285095,0.36039668321609497,1.2529077581957075,-1.1808322854387416,4.042205810546875,0.013641721569001675,-0.1869603889585144,0.24656691869101977,0.8752012252807617,0.21418726444244385,0.6882408363222473,0.4607541831334636
5.780163049697876,0.5000885384462381,0.2958056180685179,0.8617903590202332,0.36035406589508057,1.1730225665036116,-1.190087357085769,3.994929790496826,-0.011696236208081245,-0.22287690580421426,0.23218372930568976,0.8871304988861084,0.21428370475769043,0.6642535930818941,0.4464674340633802
5.790154457092285,0.5114226773288123,0.28387024968601254,0.9002246856689453,0.36039668321609497,1.1030076852026198,-1.1974800251620525,3.7932181358337402,0.007358991540968418,-0.25500759121983546,0.21715975727117115,0.8975212574005127,0.21986782550811768,0.6425136661806772,0.4370275827792888
5.800153017044067,0.5221371769874311,0.27186798972849396,0.9371676445007324,0.36035406589508057,1.0274243000690646,-1.2045052300153927,3.707702398300171,0.01907487027347088,-0.2863984069117513,0.20249092793673107,0.9089111089706421,0.21922338008880615,0.6225127020588908,0.4217143080255372
5.81015419960022,0.5319706670129692,0.2597804336946461,0.9729601740837097,0.36026883125305176,0.9607538947821013,-1.2101240313180028,3.5302445888519287,0.00446704588830471,-0.31877437317750296,0.18760083116568477,0.9235550165176392,0.20975255966186523,0.6047806433401361,0.39735339082755
5.820157766342163,0.541356710589502,0.24765975465482393,1.0072613954544067,0.36026883125305176,0.8895128728516255,-1.2149138856122725,3.394292116165161,0.025320157408714294,-0.34844848174341,0.17236886471549903,0.9342261552810669,0.20160937309265137,0.585777673537657,0.3739782378081504
5.830153703689575,0.5497612270375558,0.23548280847251368,1.0392615795135498,0.3600558042526245,0.8263703331318233,-1.2187400576228153,3.1095693111419678,-0.05110996589064598,-0.3760822639204709,0.15782738942999733,0.9456952810287476,0.16616129875183105,0.5696130171082767,0.32398868818182835
5.8401594161987305,0.5578851985344903,0.22328293198775176,1.0700688362121582,0.3600558042526245,0.7594517062267947,-1.221294384945086,3.000447988510132,0.02403566613793373,-0.40352617589435974,0.1421685315534657,0.9531421661376953,0.17989397048950195,0.5496159902433355,0.32206250204296766
5.850146055221558,0.56494645262697,0.21106633815003326,1.098745346069336,0.35971492528915405,0.6998575632313475,-1.2233302740049172,2.723257541656494,-0.0462823286652565,-0.429463619511815,0.12797140257683934,0.9610922336578369,0.11647558212280273,0.5316286141460219,0.24444698469964207
5.860156536102295,0.5718799898096095,0.19881984807666186,1.1253341436386108,0.35962969064712524,0.6373152982178922,-1.2236463441006613,2.5476033687591553,-0.012777202762663364,-0.451343757834968,0.11216357557475728,0.9672346115112305,0.12459611892700195,0.5158908536762625,0.23675969450175924
5.8701560497283936,0.5777003408310449,0.18658118765432805,1.1500054597854614,0.3589479327201843,0.5811845862661471,-1.2238955048570812,2.455244779586792,-0.042458031326532364,-0.4746455459388436,0.09881453147192176,0.9708989858627319,0.08230650424957275,0.4962534399238883,0.18112103572149452
5.880151033401489,0.5835004914103181,0.17434867243796814,1.172290563583374,0.3582661747932434,0.5230444071099711,-1.221906444186498,2.1647534370422363,-0.013605378568172455,-0.4920506262763516,0.08423024312714567,0.9752192497253418,0.04988372325897217,0.4831686234489902,0.13411396638611783
5.890147686004639,0.588156663226639,0.16215328499799336,1.1921043395996094,0.3574139475822449,0.4657730943710021,-1.2199471087084355,1.8927260637283325,-0.09169948101043701,-0.510000843984291,0.07025260232292263,0.9787040948867798,0.021135926246643066,0.46870325090248877,0.0913885285695657
5.900156736373901,0.5928186095888457,0.14994277293909425,1.2094892263412476,0.3553686738014221,0.41649087329980716,-1.2157601718471671,1.7156883478164673,-0.2719235420227051,-0.5228657272656523,0.059588456687581476,0.9821693897247314,0.009788870811462402,0.45930366245907917,0.06937732749904388
5.910152435302734,0.596489773831509,0.1378321958248741,1.2249566316604614,0.35264164209365845,0.3627372139697691,-1.2111933489080826,1.4745770692825317,-0.28314489126205444,-0.5376816853830668,0.04903235015799834,0.9848967790603638,-0.03981906175613403,0.44721509367729695,0.009213288401864306
5.9201500415802,0.6000709081078154,0.12572701612113193,1.2373988628387451,0.3504684865474701,0.31792510362490134,-1.2049259139163677,1.1962608098983765,-0.20612239837646484,-0.544994025135217,0.03511799778503377,0.9869505167007446,-0.05196356773376465,0.44195649156552763,-0.016845569948730876
5.930155277252197,0.6028485646631102,0.11373034299276079,1.2483071088790894,0.3468892574310303,0.2684786844096507,-1.1977044328707196,1.0076584815979004,-0.42011064291000366,-0.5558715518602844,0.027113589604208066,0.9889262914657593,-0.10128098726272583,0.4330547396054749,-0.07416739765851776
5.940155506134033,0.6054420404296567,0.1017663691775601,1.255934238433838,0.3423299789428711,0.22708824623451562,-1.1893081521977509,0.6830301880836487,-0.5099702477455139,-0.558320033804449,0.019291198142476595,0.9910571575164795,-0.12032866477966309,0.43273712371203055,-0.10103746663718649
5.9501471519470215,0.6073890378551079,0.08995372226788233,1.2610900402069092,0.3363645374774933,0.18204299084244724,-1.17944554122791,0.44036993384361267,-0.6454566717147827,-0.5611357041498363,0.014403888113961372,0.9921770095825195,-0.1417752504348755,0.43104130543268326,-0.12737136232091412
5.960156679153442,0.6090826549136248,0.07817617531021291,1.2642858028411865,0.3289929926395416,0.14412439176750524,-1.1689238043333718,0.24055688083171844,-0.728540301322937,-0.5621457738887398,0.010995824950147115,0.9930315017700195,-0.1594679355621338,0.43088572788127977,-0.14847211061198667
5.970153093338013,0.6102730392062867,0.06656809908043523,1.2649675607681274,0.32140836119651794,0.10346271694124098,-1.1564219877786188,-0.006621192209422588,-0.7449502348899841,-0.560132656453159,0.005913444823505587,0.9936680793762207,-0.18074047565460205,0.4335354229230617,-0.17482703083109646
5.980193376541138,0.6111543327281919,0.05500572013366531,1.2640302181243896,0.3136959671974182,0.06888040585613453,-1.1437159021324663,-0.1435583531856537,-0.8308420181274414,-0.5579417769961283,0.0006056215762139106,0.9937863349914551,-0.1876767873764038,0.43584455799532673,-0.1870711658001899
5.99016547203064,0.6116540680849569,0.04367855193549511,1.2618144750595093,0.3041086494922638,0.03263906713075215,-1.1285963220429134,-0.2327917218208313,-0.9919360876083374,-0.5554901600060471,0.0016963495036765308,0.9939091205596924,-0.19305109977722168,0.43841896055364526,-0.19135475027354515
6.000193119049072,0.6118051588099002,0.032434896509520056,1.2577238082885742,0.29213520884513855,0.001752761467702868,-1.1138517516063244,-0.46817031502723694,-1.254926085472107,-0.5499311674604421,0.006472561948046351,0.9943031072616577,-0.21665793657302856,0.4443719398012156,-0.2101853746249822
6.010094165802002,0.6116923483275986,0.02147907613620436,1.2535480260849,0.28207921981811523,-0.029989233016426198,-1.0961772689351452,-0.5623959302902222,-1.1750696897506714,-0.5479805956548353,0.0010911306228827966,0.994228720664978,-0.21150726079940796,0.44624812501014277,-0.21041613017652516
6.02017617225647,0.6111990908185428,0.010533709471562345,1.24749755859375,0.26857179403305054,-0.05767533746229958,-1.0791539986037417,-0.6711021065711975,-1.3143864870071411,-0.5408686610259801,0.010057230162574093,0.9941563606262207,-0.2402796745300293,0.4532876996002406,-0.2302224443674552
6.030133008956909,0.6105387783583213,-0.0001475336547187068,1.2399128675460815,0.2542547881603241,-0.08519528540103494,-1.058776095683032,-0.7968467473983765,-1.4041393995285034,-0.5323425658670895,0.015549943423093904,0.994124174118042,-0.24103063344955444,0.4617816082509525,-0.22548069002646054
6.040156841278076,0.6094942940502016,-0.010619465955606222,1.2308794260025024,0.23912818729877472,-0.10921542556644681,-1.0397237171619602,-0.8067421913146973,-1.4074645042419434,-0.5231122004163222,0.02217436671130346,0.9938448667526245,-0.23635131120681763,0.4707326663363023,-0.21417694449551417
6.050149440765381,0.6083529880377586,-0.020959403117242675,1.2227410078048706,0.22591903805732727,-0.13248850285337,-1.0166157713295352,-0.9338023662567139,-1.5353738069534302,-0.5191569079737053,0.021058994480676718,0.9935559034347534,-0.26643091440200806,0.47439899546104813,-0.24537191992133134
6.060140609741211,0.60684672676196,-0.030935332051710243,1.2108100652694702,0.20815059542655945,-0.15293439525851582,-0.9955129552436015,-1.116082787513733,-1.6276681423187256,-0.5022080056673871,0.039300270439302454,0.9928033351898193,-0.2927922010421753,0.49059532952243223,-0.25349193060287284
6.070152044296265,0.6052938137131447,-0.04087213390822478,1.198751449584961,0.18876297771930695,-0.17186676421083646,-0.9697343448011762,-1.1407630443572998,-1.869200348854065,-0.4918129502958575,0.05303931332255324,0.9922418594360352,-0.3105006217956543,0.5004289091401777,-0.25746130847310106
6.080152988433838,0.6034076152960051,-0.05034250133230096,1.1883546113967896,0.17286938428878784,-0.18882822338583694,-0.9465060422441942,-1.2157827615737915,-1.8683518171310425,-0.4879300962843469,0.053799157299210365,0.9915475845336914,-0.3180124759674072,0.5036174882493445,-0.26421331866819686
6.090155363082886,0.6015166219176703,-0.059805394742052154,1.173142671585083,0.15224608778953552,-0.20340100345917023,-0.9180744235486857,-1.4591761827468872,-1.9220277070999146,-0.4646108514382903,0.0758177892426018,0.989617109298706,-0.3918308615684509,0.5250062578604158,-0.31601307232584913
6.100144386291504,0.5993417277499888,-0.06869683931815662,1.1618937253952026,0.13469068706035614,-0.21772841270455956,-0.8901215254393704,-1.2682983875274658,-2.0222256183624268,-0.4644659858245782,0.08040809264792517,0.990250825881958,-0.279110312461853,0.5257848400573798,-0.19870221981392786
6.110151290893555,0.5971629402948984,-0.07760420050746032,1.1462557315826416,0.11108466982841492,-0.2270721564118503,-0.8616808529880982,-1.5307304859161377,-2.1448633670806885,-0.44174100069022126,0.10936112419687194,0.9875396490097046,-0.4619203805923462,0.5457986483194833,-0.35255925639547425
6.120146989822388,0.5947999027210112,-0.08593333682751957,1.1296378374099731,0.08730820566415787,-0.2372712764605609,-0.8306365690604514,-1.5370315313339233,-2.2520339488983154,-0.42518322402781794,0.1287022950430631,0.9869703054428101,-0.31046950817108154,0.5617870814149921,-0.18176721312801844
6.130157470703125,0.5924160228578619,-0.09422198709241557,1.1165990829467773,0.0675370916724205,-0.24292028492934037,-0.8004258337930912,-1.5820993185043335,-2.411473274230957,-0.4216940707455876,0.13390448696550053,0.985144853591919,-0.4522380828857422,0.5634507828463313,-0.3183335959202417
6.1400816440582275,0.5899581927017296,-0.10189428778417867,1.0995548963546753,0.041885778307914734,-0.24873851817136838,-0.7668791068536667,-1.5991108417510986,-2.4217212200164795,-0.39836586616518926,0.16789727980022606,0.9844462871551514,-0.31979531049728394,0.5860804209899622,-0.15189803069705787
6.150152206420898,0.5874422441077438,-0.10955369969765413,1.081275224685669,0.01521182432770729,-0.2509004074851866,-0.7344770119790214,-1.8019474744796753,-2.4996447563171387,-0.37906999711937445,0.19228672697218155,0.9809120893478394,-0.4855388402938843,0.6018420922284649,-0.29325211332170276
6.160151958465576,0.5849226934171535,-0.11663915527426515,1.0622285604476929,-0.011291691102087498,-0.25238524395145134,-0.6982082289015921,-1.7793611288070679,-2.475325345993042,-0.3596199033859033,0.21597404451221697,0.9802999496459961,-0.3161407709121704,0.6206800462600928,-0.10016672639995344
6.170151948928833,0.5823946040137659,-0.12351767955494805,1.047783613204956,-0.031148023903369904,-0.25104381441604673,-0.6638543305598192,-1.7767943143844604,-2.33072566986084,-0.35640174143152237,0.2182974334491615,0.9787578582763672,-0.4491152763366699,0.6223561168448448,-0.23081784288750842
6.180152177810669,0.5799017629054064,-0.1299163760550174,1.0281404256820679,-0.05479665845632553,-0.248174101991669,-0.6248428840534279,-1.8108954429626465,-2.186955451965332,-0.32714730323483543,0.2472411393068038,0.9770376682281494,-0.3241915702819824,0.649890364993314,-0.07695043097517862
6.190150737762451,0.5774314188683592,-0.13601383055149951,1.0078153610229492,-0.07780613750219345,-0.2433380659741644,-0.5883234590438287,-1.8824102878570557,-2.1212234497070312,-0.30603442584188234,0.26662691098686864,0.9725863933563232,-0.43963366746902466,0.6665519675144409,-0.17300675648215602
6.200208425521851,0.5750217570017121,-0.141713385907017,0.9920921921730042,-0.09638416767120361,-0.23606722202217512,-0.5464161849554419,-1.7848542928695679,-2.1064305305480957,-0.30080892648015717,0.2738326644183304,0.9731128215789795,-0.30185484886169434,0.6723038950988223,-0.028022184443363962
6.2100830078125,0.5727247870608223,-0.14691250113038015,0.9715114831924438,-0.11913799494504929,-0.22788397715309117,-0.5084243939153046,-1.9233934879302979,-2.1408419609069824,-0.2705231223043339,0.30413969532814766,0.9657330513000488,-0.4488108158111572,0.695209928995715,-0.14467112048300956
6.220150709152222,0.5704790750264931,-0.1518454737866236,0.9513143301010132,-0.14112482964992523,-0.2162279397915725,-0.46384811507379364,-1.878711223602295,-2.1261985301971436,-0.25116933002124836,0.32355974720625985,0.9650406837463379,-0.30310332775115967,0.7138713537250896,0.020456419455100183
6.2301483154296875,0.5683851523336169,-0.15622340693101414,0.9314579963684082,-0.16196119785308838,-0.20442107341625615,-0.4231096808228658,-1.8740856647491455,-1.9866359233856201,-0.23168478818445842,0.34214196646075556,0.9605478048324585,-0.39578700065612793,0.7288630166480001,-0.053645034195372365
6.2401509284973145,0.5663906590134961,-0.16030761208765787,0.9117293953895569,-0.18190273642539978,-0.18847367304280027,-0.37614256763651266,-1.8710891008377075,-1.8181545734405518,-0.2118418207014825,0.3600549437706978,0.9584028720855713,-0.29352080821990967,0.7465610513840888,0.06653413555078813
6.250149965286255,0.5646152898008462,-0.16374710893062622,0.8959211111068726,-0.19694411754608154,-0.17319160014747936,-0.333323659857907,-1.8962007761001587,-1.799675464630127,-0.20372993108005738,0.36559909466250723,0.9540736675262451,-0.3731604814529419,0.7503437364461878,-0.0075613867904346654
6.260148286819458,0.5629272782866881,-0.1669732199985861,0.8771300315856934,-0.2149256020784378,-0.15288727804689728,-0.2837120228704535,-1.7899279594421387,-1.6999107599258423,-0.17832275461085478,0.3898043307214682,0.9545789957046509,-0.24716055393218994,0.7762562410937961,0.14264377678927825
6.270143985748291,0.561558374825935,-0.16941985721231353,0.858722448348999,-0.23290708661079407,-0.13410540775403135,-0.2387428548031405,-1.7001056671142578,-1.7387666702270508,-0.15919377163597742,0.4102590441298817,0.9521760940551758,-0.3287235498428345,0.7929823224191983,0.0815354942870472
6.280155420303345,0.560244303062532,-0.1717495903633972,0.8401870131492615,-0.25050508975982666,-0.10942412702159388,-0.1864428388619821,-1.7373719215393066,-1.6106094121932983,-0.13928253903193594,0.42836283548364623,0.9506726264953613,-0.22083371877670288,0.8113900874634254,0.20752911670694335
6.290149927139282,0.5593685036143652,-0.17315138669623414,0.8260830640792847,-0.26337337493896484,-0.08238203590762083,-0.17057819338002922,-1.6673158407211304,-1.5094149112701416,-0.13246204535667297,0.4348799477488834,0.947480320930481,-0.2792966365814209,0.815018275573808,0.1555833111674625
6.300150394439697,0.5585971389416302,-0.17516065849666324,0.8090389966964722,-0.2777329981327057,0.26651382943490987,-0.05832094974950763,-1.6639190912246704,-1.3189047574996948,-0.1078474633590642,0.4518783838734226,0.9553824663162231,-0.24193406105041504,0.8475350029571589,0.20994432282300757
6.310153484344482,0.5647015309824283,-0.1743172651025369,0.7926766872406006,-0.2894507646560669,0.610250642441784,0.08431328740961064,-1.5102375745773315,-1.049224853515625,-0.06941132461490909,0.4678339268209734,0.9542853832244873,-0.1879044771194458,0.8848740586095782,0.2799294497015276
6.3200554847717285,0.570744233104614,-0.1734823948945844,0.7768683433532715,-0.2996346056461334,0.5535420205628583,0.13829349220873333,-1.5371291637420654,-0.9186749458312988,-0.04524587681879558,0.4784760916626654,0.9481039047241211,-0.21801841259002686,0.9028580279053255,0.26045767907263856
6.330054759979248,0.5757066364806709,-0.17155449478682053,0.7633183002471924,-0.30802878737449646,0.4903318927229172,0.19846239656799902,-1.2658438682556152,-0.745289146900177,-0.030458586750056083,0.49001522831258415,0.943594217300415,-0.08596634864807129,0.913135630550359,0.40404887966451286
6.340054035186768,0.5805501601813348,-0.1695134346513298,0.7497682571411133,-0.31378117203712463,0.43550592745897987,0.25437761380535306,-1.3354161977767944,-0.4610680639743805,-0.009300938320589675,0.49488715894385404,0.9317607879638672,-0.1765204668045044,0.9224598496432775,0.31836669213934965
6.350054740905762,0.5844166068619923,-0.16646680356642174,0.7394139766693115,-0.315996915102005,0.3748663749704271,0.3167232261849833,-1.1491104364395142,-0.23970507085323334,-0.0012017345254352885,0.4967379870730815,0.9250311851501465,-0.06454956531524658,0.9238294506247112,0.4321884217578349
6.360156297683716,0.5880834402978803,-0.1631441320447081,0.7282501459121704,-0.3177439272403717,0.3209491757741034,0.3756086654300477,-0.9928026795387268,-0.1633397787809372,0.017254269764882285,0.5030546256665445,0.9136810302734375,-0.10980206727981567,0.9309353000383198,0.3932525583867288
6.370153188705444,0.5908759434240812,-0.1589273737964243,0.7172141075134277,-0.3171047568321228,0.26269607328578815,0.4402821502431067,-1.065700888633728,0.13560321927070618,0.03133892160228621,0.5049962489666382,0.8980352878570557,-0.06997531652450562,0.9293742094593419,0.4350209324421326
6.380135774612427,0.5933324461979645,-0.15434805318294273,0.7092885971069336,-0.31557080149650574,0.21163635052304386,0.5000213949741719,-0.8401055932044983,0.2147408276796341,0.03644045612597094,0.508231133168989,0.8773605823516846,-0.04238992929458618,0.9138010384776555,0.46584120387440286
6.390082359313965,0.5950961558282848,-0.14896532976234492,0.7028544545173645,-0.3122045695781708,0.1555326202870262,0.5672799889821745,-0.5671305060386658,0.3721153140068054,0.041478523674105566,0.5092461323797645,0.8331809043884277,0.017189621925354004,0.8746594280625333,0.5264357543051185
6.400080919265747,0.5964322962782299,-0.1430308497744256,0.6968464851379395,-0.30564263463020325,0.10622022597011238,0.6290272771483059,-0.5421860814094543,0.7033487558364868,0.0481823139328726,0.5038557406425075,0.7726659774780273,0.0023227930068969727,0.8208482914109,0.5061785336494045
6.410069227218628,0.5972197272427713,-0.1363937720573799,0.6923297643661499,-0.2989954650402069,0.052279493015792156,0.6988685041935705,-0.4588993787765503,0.8103899955749512,0.0500869396818977,0.5057287633410932,0.7008980512619019,0.03890275955200195,0.7509849909437996,0.5446315228930951
6.420081377029419,0.5974766422807383,-0.1290515182691513,0.6890913844108582,-0.2905160188674927,0.004526791886622306,0.7629006553513626,-0.26861876249313354,0.8402288556098938,0.05029712121914334,0.5027557894590339,0.6231460571289062,0.05365896224975586,0.6734431783480496,0.5564147517087897
6.430081129074097,0.5973108406505391,-0.12112741167437031,0.6858956217765808,-0.27969303727149963,-0.04710262656119113,0.8351313070492417,-0.33864814043045044,1.1254533529281616,0.05264806732117176,0.4963880367265151,0.5532538890838623,0.058924078941345215,0.6059019564050341,0.5553121156678603
6.4401514530181885,0.5965269657863999,-0.11228432122757973,0.6822311878204346,-0.26567429304122925,-0.09331585112642315,0.9015435699934162,-0.3712691068649292,1.486057996749878,0.0554631175193018,0.48623725450905836,0.49830400943756104,0.10573220252990723,0.5537671269568628,0.5919694570389655
6.450082540512085,0.5954486717071373,-0.10310174175915623,0.6787797808647156,-0.25327473878860474,-0.14250693832778083,0.9759540217194411,-0.2880827486515045,1.5526727437973022,0.05696263610331814,0.4868949347546926,0.43853461742401123,0.09103035926818848,0.4954972535273294,0.5779252940228811
6.460139989852905,0.5936698313118501,-0.09276337494952594,0.6763935685157776,-0.23576198518276215,-0.1870227061602101,1.044555586670362,-0.2816886603832245,1.7606340646743774,0.053829105653272036,0.47094284101614814,0.39830565452575684,0.11420059204101562,0.45213476017902887,0.5851434330571638
6.470142602920532,0.5916980952121867,-0.08214970976071594,0.6731126308441162,-0.21680046617984772,-0.2342802060653355,1.1219205764651567,-0.3413228690624237,1.8343665599822998,0.056478148633836295,0.45911708542911506,0.37130963802337646,0.08551299571990967,0.42778778665721273,0.5446300811490248
6.4801411628723145,0.5889842535265,-0.07032414039853871,0.6693629026412964,-0.196177139878273,-0.276621398414175,1.1919480404220035,-0.2674672305583954,2.0039055347442627,0.05685306774820685,0.448163382849171,0.3432966470718384,0.10037219524383545,0.40014971482004524,0.5485355780930065
6.490156888961792,0.586161536801896,-0.05829340389108046,0.6677010655403137,-0.17470163106918335,-0.32172802664323186,1.2719609429066132,-0.2212747037410736,2.1450650691986084,0.050740321803398866,0.4360012582714579,0.31781089305877686,0.07840168476104736,0.36855121486217574,0.5144029430325052
6.5001420974731445,0.5825518238721411,-0.04488804602511647,0.6646331548690796,-0.15181997418403625,-0.3621077841572138,1.3436799339884173,-0.27922606468200684,2.219902515411377,0.0509999884993874,0.4249943737259704,0.30786776542663574,0.07405304908752441,0.35886775392602316,0.4990474228134948
6.510140657424927,0.5789252426048644,-0.03144158424951707,0.6627582907676697,-0.12817133963108063,-0.4050374349280723,1.4263160112993658,-0.16409198939800262,2.3040366172790527,0.046142765893004034,0.41168693789832295,0.298498272895813,0.07926070690155029,0.344641038788817,0.49094764479987324
6.52008056640625,0.5744809480449282,-0.01645901782662948,0.6605425477027893,-0.10882633179426193,-0.44711622292387077,1.5073142471464611,-0.29271405935287476,2.406188726425171,0.04217058904192739,0.4185009401843264,0.30053234100341797,0.057361602783203125,0.34270293004534536,0.4758625429675295
6.530147314071655,0.5699799418516445,-0.0012852656481357333,0.6570059657096863,-0.08402722328901291,-0.48434314335192497,1.5824212594590907,-0.3013875186443329,2.4634480476379395,0.0431934304960286,0.39675565059713525,0.3069063425064087,0.06778371334075928,0.3500997730024373,0.4645393639378945
6.540151357650757,0.5647644519442265,0.015292039234469932,0.6534692645072937,-0.058120246976614,-0.5248086868815882,1.6640623418041547,-0.3875899612903595,2.507023572921753,0.03939533579005662,0.3864450638201517,0.32310402393341064,0.04126250743865967,0.36249935972346725,0.42770757125881137
6.550082445144653,0.5595183164326293,0.03188701731240175,0.6490378975868225,-0.031148023903369904,-0.5590736026043821,1.7265850124381479,-0.4938785135746002,2.654451847076416,0.03978757538388719,0.37214936285960204,0.35187816619873047,0.03676724433898926,0.3916657415826177,0.4089166071985913
6.560149908065796,0.5535753264943799,0.04983649798789665,0.6438820362091064,-0.003962744027376175,-0.5976423160223341,1.796129253370563,-0.47378426790237427,2.6373422145843506,0.0385370743335738,0.3635644923766914,0.37291789054870605,0.039988160133361816,0.41145496488227984,0.40355265251005323
6.570149898529053,0.5475261423779977,0.06792898082422669,0.6388540267944336,0.024415617808699608,-0.6307287592651392,1.8473904296232555,-0.4862087368965149,2.7022016048431396,0.03647826087150467,0.3492953314305648,0.3919488191604614,0.02275538444519043,0.4284270800319661,0.3720507158757552
6.580144882202148,0.5409641796493322,0.08677464002140439,0.6336981654167175,0.05292180925607681,-0.6668043556179697,1.9007011866616623,-0.5195208191871643,2.7469358444213867,0.033650150008815716,0.33908879755247917,0.41016435623168945,0.009594559669494629,0.44381450624050517,0.3486833572219738
6.59016752243042,0.5341777342353181,0.10597734366486436,0.6279883980751038,0.08210976421833038,-0.6979953062437829,1.9391010546415623,-0.5805888772010803,2.799795389175415,0.03264174022367447,0.32655252815052477,0.43117356300354004,-0.02041339874267578,0.46381530322721454,0.306139129407849
6.600081205368042,0.5270532457952264,0.1254281640073539,0.6233439445495605,0.10520446300506592,-0.7316841261986191,1.9764753690299637,-0.509771466255188,2.778001070022583,0.0264738218469025,0.33494351457053395,0.43972671031951904,0.01843881607055664,0.46620053216642154,0.3533823306410906
6.610082626342773,0.5196038718918494,0.14534160423939665,0.6175063252449036,0.13439242541790009,-0.7609520420263216,2.0021672909586297,-0.5329591631889343,2.8467631340026855,0.02588466714668336,0.31259659719577937,0.4504575729370117,-0.05559718608856201,0.4763422400836951,0.25699941110721736
6.620145082473755,0.5117836237028744,0.16560076235140703,0.612009584903717,0.16362299025058746,-0.7926752868343456,2.0240229824198614,-0.5434871315956116,2.854121208190918,0.021272047386396875,0.3024450511395991,0.46580469608306885,-0.0042997002601623535,0.4870767434694657,0.2981453508794367
6.6301422119140625,0.5037051532690551,0.18594127538064859,0.6059589982032776,0.19251267611980438,-0.8202578364209145,2.0371260520248953,-0.5563614964485168,2.7613837718963623,0.019020819755421137,0.29300422589007535,0.47520768642425537,-0.08140820264816284,0.4942285061796765,0.2115960232419125
6.640149116516113,0.49537491980314324,0.20635154996238508,0.6006327271461487,0.22042231261730194,-0.8497137683787059,2.043150090787666,-0.5033004879951477,2.6475179195404053,0.01304287628470363,0.286048330388971,0.4783601760864258,-0.00034111738204956055,0.4914030523711294,0.2857072130069214
6.650083541870117,0.48676322431866237,0.22668389550919518,0.5964569449424744,0.24696844816207886,-0.8752964230948841,2.0436184106104474,-0.38449734449386597,2.5880143642425537,0.004417103721193222,0.2810817880163877,0.4695911407470703,-0.07830256223678589,0.4740082444682635,0.20277922577960183
6.660151720046997,0.47786443885747887,0.24722842091067074,0.5918124318122864,0.2734719514846802,-0.9025729240626745,2.033806266717674,-0.43994757533073425,2.5556082725524902,-0.0007805331481985089,0.27433566454242286,0.47428321838378906,-0.01322638988494873,0.4735026852355906,0.26110927465747413
6.670146226882935,0.4686579362532247,0.2674884986262315,0.5882331728935242,0.29388222098350525,-0.9264964443968218,2.0216462524363834,-0.4212754964828491,2.438589572906494,-0.010757469226342908,0.28566743178879944,0.47344446182250977,-0.08068668842315674,0.46268699259616686,0.2049807433656427
6.680142879486084,0.4593426777977782,0.28764344997367075,0.5841852426528931,0.3184256851673126,-0.9514042196954406,1.9961094023596502,-0.38653573393821716,2.350909948348999,-0.01685780240218876,0.2718014453381757,0.47535240650177,0.004925370216369629,0.45849460409958126,0.2767268155545453
6.690147399902344,0.44962842783217793,0.3074127123577855,0.5798389315605164,0.34262824058532715,-0.9735981812950314,1.9712736317692663,-0.3913055956363678,2.3222291469573975,-0.024021392381786744,0.2662510711895224,0.4730263948440552,-0.10025674104690552,0.44900500246226843,0.16599433014261689
6.700152397155762,0.4398614452948268,0.3270876800013425,0.5752370953559875,0.36546728014945984,-0.9962847632307437,1.9299378848329578,-0.4657505452632904,2.162341594696045,-0.030355485500615703,0.26483910871088717,0.4824090003967285,0.010298013687133789,0.4520535148961128,0.27513712239802096
6.710149526596069,0.42970092953321953,0.3460161497637562,0.5715726017951965,0.3869001865386963,-1.0166408246760632,1.892559523091247,-0.35338079929351807,2.002511978149414,-0.041379950566630935,0.26298951919910624,0.47371625900268555,-0.082427978515625,0.43233630843605464,0.18056154068348124
6.7201454639434814,0.4195356780972113,0.3649257509272909,0.5688029527664185,0.4033903181552887,-1.0370805158699454,1.8354686057120162,-0.30561086535453796,1.9094293117523193,-0.05265090296681174,0.2755868367340549,0.47859394550323486,0.05708754062652588,0.4259430425364231,0.33267437736058075
6.730144023895264,0.40896492029557363,0.382715126708981,0.5652236938476562,0.42243704199790955,-1.057228026097242,1.7791937906537427,-0.38490352034568787,1.7543740272521973,-0.06085752967176131,0.26656549618403624,0.47922396659851074,-0.10883182287216187,0.41836643692674946,0.15773367331187438
6.7401442527771,0.3983923980543096,0.4005074718406597,0.562326192855835,0.44067418575286865,-1.0739181692200503,1.7123863373969357,-0.2795446217060089,1.709663987159729,-0.07209033508343324,0.2674961698557517,0.49208056926727295,0.1231241226196289,0.41999023418383974,0.3906202924753806
6.750082492828369,0.38755469903355766,0.41686574545949967,0.5591304302215576,0.456866055727005,-1.0920625573052511,1.63975781947736,-0.2607731521129608,1.4790459871292114,-0.08188079194601844,0.26875825752429394,0.48993730545043945,-0.12997537851333618,0.408056513504421,0.13878287901095776
6.7601478099823,0.37654686378976693,0.43330686635479015,0.5559772849082947,0.4721204936504364,-1.1066951873127202,1.5637145059145112,-0.37923046946525574,1.4441572427749634,-0.09244964863523228,0.2720675812356533,0.5163315534591675,0.15228557586669922,0.4238819048239352,0.4243531571023525
6.770145654678345,0.36535265017427915,0.448248180633724,0.5523554086685181,0.485287070274353,-1.1226341631905434,1.478582488798832,-0.31736359000205994,1.2059473991394043,-0.1017197594104294,0.27522522022942775,0.5156011581420898,-0.1443437933921814,0.4138813987316604,0.13088142683724635
6.780056476593018,0.35419722943118886,0.4627462224430172,0.5495005249977112,0.49785706400871277,-1.1352273463965297,1.4036342577849545,-0.2900831699371338,1.185675024986267,-0.11391801647258001,0.2777050553929175,0.5388582944869995,0.22456049919128418,0.42494027801441947,0.5022655545842016
6.790057182312012,0.34274679731144003,0.47618598967474707,0.5466456413269043,0.5072738528251648,-1.149004764417974,1.3190705099659397,-0.23946020007133484,0.865975558757782,-0.12563829274068933,0.286598138719338,0.5301392078399658,-0.1601262092590332,0.4045009150992765,0.12647192946030478
6.8000571727752686,0.331216340008534,0.4891285864474973,0.5437055230140686,0.515497624874115,-1.1600106325583308,1.2458441571971726,-0.3095451593399048,0.8269416093826294,-0.13678623734305262,0.29354694485123595,0.5584851503372192,0.2437986135482788,0.4216989129941666,0.5373455583995148
6.810054540634155,0.31954968555648333,0.5010998356224498,0.5416176319122314,0.5218039155006409,-1.1715061585327131,1.1659199998609537,-0.08791489899158478,0.5604714751243591,-0.1511458738690182,0.30215434643908823,0.5417265892028809,-0.10680180788040161,0.3905807153338626,0.19535253855868662
6.8200554847717285,0.3077881619121486,0.512444792877976,0.5401689410209656,0.5283659100532532,-1.1807231535647968,1.0961806997792358,-0.20078594982624054,0.6340163350105286,-0.16591893509484684,0.30606622552285845,0.5635515451431274,0.2142728567123413,0.3976326100482806,0.5203390822351998
6.83005428314209,0.29593554660208266,0.5230233313132321,0.537910521030426,0.5318599343299866,-1.1899643787447314,1.020763926850293,-0.17635762691497803,0.20461611449718475,-0.17696259450890686,0.31913539901223636,0.5617262125015259,-0.09345501661300659,0.38476361799261904,0.22568038239922977
6.840137481689453,0.2838905278788881,0.5329374621456928,0.5372288227081299,0.5330955982208252,-1.1974917371809486,0.9535426288911815,-0.02072245068848133,0.06677514314651489,-0.19515018233204606,0.3327368323640811,0.5773983001708984,0.16699862480163574,0.3822481178388524,0.4997354571657168
6.850174903869629,0.2718415370336359,0.5422119129364568,0.5371435880661011,0.5327547788619995,-1.2045358278965033,0.8821262804893877,-0.0069931261241436005,-0.03647473454475403,-0.2117687695846939,0.3461865914958215,0.5806512832641602,-0.06253373622894287,0.36888251367946623,0.2836528552668786
6.860085725784302,0.25986319201668573,0.5505448649049046,0.5370157361030579,0.5329678058624268,-1.2100816804971508,0.8202813085170604,-0.0016770783113315701,0.03480977937579155,-0.22687144512709484,0.35301011933047804,0.5989110469818115,0.15102744102478027,0.3720396018547167,0.5040375603552583
6.870078086853027,0.2477568193739511,0.5585347631079636,0.5371009707450867,0.5319877862930298,-1.2148733039027313,0.7533750829153973,-0.013936443254351616,-0.14360550045967102,-0.24334097893600848,0.36558019417355553,0.6083409786224365,-0.0800013542175293,0.36499999968642804,0.28557883995602623
6.880087614059448,0.23556331816773232,0.5656122007512556,0.5373566150665283,0.5297720432281494,-1.218722819329022,0.6940095205517061,-0.0045368121936917305,-0.2854219973087311,-0.26000220324259016,0.37752189752488785,0.6360342502593994,0.13382494449615479,0.37603204701680926,0.5113468420210426
6.89008903503418,0.22336902883166265,0.5724227633197648,0.5373566150665283,0.5261501669883728,-1.2212743912342425,0.6315202923703147,0.0005485431756824255,-0.3903799057006836,-0.27538158840763177,0.39250443068038315,0.652296781539917,-0.08155536651611328,0.3769151931322852,0.3109490641642699
6.900094032287598,0.21112997748384532,0.5782463061600289,0.5371862053871155,0.5232953429222107,-1.2233280490995195,0.575763319321517,0.00012215753667987883,-0.2419450730085373,-0.2909168879859998,0.39963013101732664,0.6704187393188477,0.1381288766860962,0.37950185133284786,0.5377590077034229
6.910081148147583,0.1989121173221623,0.5839337138337264,0.5372288227081299,0.5199716687202454,-1.223643589702018,0.5176794320753011,0.01361286360770464,-0.3768516182899475,-0.3073663994153665,0.4113647073870491,0.6811407804489136,-0.09211629629135132,0.3737743810335471,0.3192484110956978
6.9200897216796875,0.18666236824919913,0.5885954380980144,0.5372288227081299,0.5156680941581726,-1.2238963951814004,0.4649842132801787,-0.01642289012670517,-0.450767457485199,-0.32344690730128944,0.4223232092558374,0.7039926052093506,0.11489224433898926,0.38054569790806114,0.5372154535948266
6.930147886276245,0.17435251176431038,0.5932643518388344,0.5374844670295715,0.5112366080284119,-1.2219008932220685,0.4110276914101796,0.005011314991861582,-0.5377321839332581,-0.3406095395566815,0.4338420021642159,0.7169382572174072,-0.09222006797790527,0.37632871766072573,0.34162193418631065
6.940142631530762,0.16215945118878544,0.5968444612990933,0.5377827286720276,0.5060807466506958,-1.2199471087084408,0.3581991705732577,0.02624395303428173,-0.39955082535743713,-0.3569532621514928,0.4439593639631679,0.7288496494293213,0.10276246070861816,0.3718963872778285,0.546721824671786
6.950141429901123,0.14996144602630448,0.6004260225820859,0.537740170955658,0.5000301599502563,-1.2157698807141566,0.3130151591477919,0.01066651102155447,-0.6146159172058105,-0.3724191644428046,0.4577118792847278,0.744746208190918,-0.08476722240447998,0.3723270437481134,0.3729446568802478
6.9601404666900635,0.13784668751450105,0.6031040653084209,0.5376549363136292,0.49282902479171753,-1.2112003469737127,0.2635876763721683,0.0005680496688000858,-0.6813823580741882,-0.38820197892905717,0.47050205271152673,0.7601826190948486,0.08326601982116699,0.37198064016579147,0.5537680725326937
6.970148086547852,0.1257293832895572,0.6056994578627978,0.5374844670295715,0.48481833934783936,-1.2049146846204382,0.2225484804105271,-0.03538309410214424,-0.7852216362953186,-0.40401982333530384,0.48516667101025523,0.7774491310119629,-0.07580292224884033,0.37342930767665905,0.4093637487614149
6.980092763900757,0.1138051320909478,0.6075490358752498,0.5374418497085571,0.4772763252258301,-1.1977213674325888,0.1776376533157098,-0.0319969616830349,-0.7073596119880676,-0.41984192873230586,0.4945287006866188,0.7855790853500366,0.07023358345031738,0.36573715661773076,0.5647622841369362
6.990142345428467,0.10178211425086288,0.6092494301451576,0.5375270843505859,0.4679873287677765,-1.1893055796698313,0.14005530961179957,0.017538925632834435,-0.9728881120681763,-0.4365680488002787,0.5114766151526825,0.8015091419219971,-0.06504398584365845,0.36494109312171835,0.44643262930902405
7.00015926361084,0.08993947127616096,0.6103613565699942,0.5373566150665283,0.46074360609054565,-1.1794352386364637,0.09933391218403642,-0.02081502415239811,-0.9035423994064331,-0.4514921682212744,0.5168343818252932,0.810833215713501,0.05462825298309326,0.35934104749222656,0.5714626348083864
7.010079383850098,0.07826712356840515,0.6112321026960255,0.5372288227081299,0.45298856496810913,-1.169055985566993,0.06576790226480611,-0.08381705731153488,-0.7164937257766724,-0.46692624475448835,0.5283585769671667,0.8147965669631958,-0.05127185583114624,0.34787032220870745,0.47708672113602046
7.020064830780029,0.06666974214384,0.611667619096992,0.5373992919921875,0.4451482594013214,-1.1565189063709118,0.02935658456706136,0.020634405314922333,-0.7360228896141052,-0.48337717452275974,0.5382557102058274,0.8185968399047852,0.05408072471618652,0.3352196653820254,0.5923364349220139
7.03007173538208,0.055145801956866525,0.6118183972873273,0.5371435880661011,0.4367966651916504,-1.1438820382880786,-0.0012122506727010318,-0.02072533778846264,-0.8024966716766357,-0.49782782028478983,0.5496117448787222,0.8253992795944214,-0.03431910276412964,0.32757145930963155,0.5152926421145926
7.040133476257324,0.04371442769474217,0.611641500543614,0.5372288227081299,0.4285729229450226,-1.1286772153049398,-0.03328874992298125,0.022289102897047997,-0.7576143741607666,-0.5141185538363595,0.55908917999843,0.8300704956054688,0.048392295837402344,0.31595194176910923,0.6074814758358323
7.050149202346802,0.032484138796057264,0.6111514857708016,0.5371862053871155,0.4221813976764679,-1.113872743939035,-0.06039302742071584,-0.023356638848781586,-0.598717987537384,-0.5289046933429628,0.5626362029313536,0.8334817886352539,-0.007201492786407471,0.30457709529229116,0.5554347101449462
7.060141563415527,0.021427619686398797,0.6104336868851044,0.5372714400291443,0.4162159860134125,-1.0960739184676584,-0.08800431278949716,0.021024350076913834,-0.6593148708343506,-0.544246337474392,0.568402413630902,0.8403589725494385,0.049804091453552246,0.2961126350750465,0.6182065050844543
7.070150136947632,0.01056197428201909,0.6093907925442972,0.5372714400291443,0.40846094489097595,-1.0792571897987073,-0.11145360266284499,0.007379518821835518,-0.8225462436676025,-0.5588397331280212,0.5801897771680129,0.8528745174407959,0.009714126586914062,0.29403478431277474,0.589903903754927
7.08008337020874,-9.5675882793514e-05,0.6082121895227637,0.5372288227081299,0.4015580713748932,-1.0589140893094688,-0.13459434592092734,-0.008582637645304203,-0.6380376815795898,-0.5732258454137795,0.5859097656599034,0.8575940132141113,0.049436211585998535,0.2843681678003318,0.6353459772459019
7.090155601501465,-0.010618170756691579,0.6066937073517765,0.5372714400291443,0.3964022397994995,-1.0397059961584132,-0.15485017240608911,0.0015332559123635292,-0.6437996625900269,-0.5879956971930466,0.5869419086351149,0.8633991479873657,0.024754047393798828,0.27540345079431916,0.6116959560289137
7.100153684616089,-0.020963640494587977,0.6051049023104005,0.5372714400291443,0.3899255096912384,-1.0166143093140907,-0.17375296103177718,-0.06669429689645767,-0.582475483417511,-0.6022039162865851,0.5961692876108107,0.8686003684997559,0.03477299213409424,0.26639645221317076,0.6309422797449049
7.110156536102295,-0.030951234119500612,0.6032183441634271,0.5375697016716003,0.38306525349617004,-0.9955240993658729,-0.19026986551596536,0.0654166042804718,-0.6330478191375732,-0.6167017974095365,0.6031898835936135,0.8744018077850342,0.05680263042449951,0.2577000103754977,0.659992514018113
7.120142698287964,-0.04086328373054768,0.6013016509906612,0.5373140573501587,0.3762902617454529,-0.9697958131427913,-0.20481306137651956,-0.03779304772615433,-0.6177947521209717,-0.6293432931658592,0.6096890885038484,0.8803360462188721,0.023467540740966797,0.25099275305301283,0.6331566292448152
7.130157709121704,-0.05034697157510729,0.5991210985786121,0.5372714400291443,0.3698135018348694,-0.9465480411716034,-0.21787182697812568,0.010612034238874912,-0.5654581189155579,-0.64259238190841,0.6146375857302306,0.885178804397583,0.06034564971923828,0.24258642248917306,0.6749832354494689
7.140140056610107,-0.05979177012115358,0.5969447993517817,0.5373566150665283,0.3639333248138428,-0.9181618566045766,-0.22806722128697032,0.0430789589881897,-0.556629478931427,-0.6565947498690474,0.6188296255727417,0.8899939060211182,0.03787243366241455,0.23339915615207074,0.6567020592351562
7.150141000747681,-0.0686938257727243,0.5945631905533554,0.5373140573501587,0.35958707332611084,-0.8901215254393793,-0.23813839630187061,0.02689189836382866,-0.49479907751083374,-0.6683092276273218,0.6186486310590362,0.8955862522125244,0.050678372383117676,0.2272770245852026,0.6693270034421539
7.160155296325684,-0.0776077658288171,0.5921784022643168,0.5371862053871155,0.3546442985534668,-0.8616675755231262,-0.2434942513021987,-0.034005939960479736,-0.4856701195240021,-0.681164889539542,0.623855038842806,0.9012341499328613,0.028693199157714844,0.2200692603933193,0.6525482380005209
7.170159339904785,-0.08594356266131875,0.5896889498082103,0.5370157361030579,0.35089460015296936,-0.8306081165437096,-0.24934053834396153,-0.042342156171798706,-0.34026941657066345,-0.6922135987035213,0.6237270302962667,0.904937744140625,0.039769768714904785,0.21272414543710372,0.6634967990111715
7.180073261260986,-0.0941522619090598,0.587212135147941,0.537058413028717,0.3481249511241913,-0.8009508225485131,-0.2510262758743167,0.01289456244558096,-0.29031723737716675,-0.7048121900612649,0.6230999571228082,0.9075140953063965,0.03750407695770264,0.20270190524513154,0.6606040340805108
7.190145969390869,-0.10194321198537329,0.5846713983287914,0.5371435880661011,0.34667620062828064,-0.7670028405106937,-0.25252532012378026,0.06040504202246666,-0.05236518383026123,-0.7160693852785025,0.6199719129422281,0.9063082933425903,0.05233180522918701,0.19023890806408783,0.6723037181714151
7.2001564502716064,-0.10955692746185464,0.5821406568515476,0.5369731783866882,0.3463779389858246,-0.7345397613054692,-0.25075451628607226,-0.012488494627177715,0.005084862466901541,-0.7267218340251209,0.6159550009888478,0.9103751182556152,0.0175478458404541,0.18365328423049432,0.6335028468293019
7.210157632827759,-0.11664305840179255,0.5796533451514533,0.5370157361030579,0.3465057611465454,-0.6981871272048297,-0.24788555025052617,-0.005926789715886116,0.03912462294101715,-0.7372616613091875,0.6129841226398347,0.9157592058181763,0.04298090934753418,0.1784975445089888,0.6559650319873689
7.220150947570801,-0.12351699076773728,0.5771842970480404,0.537058413028717,0.3468892574310303,-0.6638696444948939,-0.242626306370191,0.024821074679493904,0.08649099618196487,-0.7477797353448905,0.6100074284786603,0.9190987348556519,0.02206587791442871,0.17131899951076135,0.632073306393089
7.230139970779419,-0.12990893180125046,0.5748050661694084,0.537058413028717,0.3477840721607208,-0.6248883496023083,-0.23540381154656487,-0.01923225075006485,0.0544147714972496,-0.7570685974482451,0.6061436552838583,0.9256980419158936,0.020376205444335938,0.1686294444676485,0.6265198607281942
7.240160226821899,-0.13601961729563844,0.5724742104175259,0.5371009707450867,0.34855106472969055,-0.5883221205987699,-0.22663184004206727,-0.022290952503681183,0.04566306620836258,-0.7666675760078058,0.6036743244565275,0.9309450387954712,0.013512372970581055,0.16427746278766542,0.6171866974271085
7.250152111053467,-0.14168373549738414,0.5702693390049384,0.5371862053871155,0.34855106472969055,-0.546717461717475,-0.21506100380029736,0.011660711839795113,-0.0178127009421587,-0.7754744984499068,0.603701305675053,0.9351438283920288,0.01772928237915039,0.15966932994212202,0.6214305880542034
7.260167837142944,-0.14695716504124934,0.5681716212550747,0.5371435880661011,0.34846583008766174,-0.5080800869939504,-0.20280869700775384,-0.014754746109247208,-0.03653092309832573,-0.7834507948879099,0.6025499257198261,0.9395411014556885,0.0012611150741577148,0.15609030656777856,0.6038110407939838
7.270139932632446,-0.151840754768711,0.5662150573500799,0.5370157361030579,0.3483806252479553,-0.46385667182100576,-0.18689509125809778,-0.05493500828742981,-0.03528837859630585,-0.7909629572518346,0.6014578806549815,0.9433571100234985,0.0018780231475830078,0.1523941527716639,0.6033359038025645
7.280146598815918,-0.1562226552290457,0.5644383335077345,0.5370157361030579,0.3482953906059265,-0.42311872699752584,-0.17116406976237997,-0.014870756305754185,-0.024147067219018936,-0.7982465167613967,0.6006524051161525,0.9455115795135498,0.0007224082946777344,0.14726506275215312,0.6013748134108302
7.290146112442017,-0.16030595544738913,0.5627906268171237,0.5371009707450867,0.3483380079269409,-0.3761644315088519,-0.15086313672248508,0.052849311381578445,0.003759517567232251,-0.8056116550986887,0.5994841571551455,0.9468789100646973,0.005181670188903809,0.14126725496600856,0.6046658273440493
7.30014443397522,-0.163745206254674,0.5614213641926719,0.5368879437446594,0.34850844740867615,-0.33334506566079725,-0.13166101046781264,-0.009569511748850346,0.025114763528108597,-0.8104010341598861,0.5987894101057335,0.9494118690490723,-0.013750076293945312,0.1390108348891862,0.5850393338117882
7.310144662857056,-0.1669723329649391,0.560157617636541,0.5369305610656738,0.3488067090511322,-0.28376406545813104,-0.10701330617543903,-0.0045738257467746735,0.039586421102285385,-0.8172273790223874,0.5977157917169712,0.9517428874969482,-0.005824863910675049,0.13451550847456084,0.5918909278062962
7.3201587200164795,-0.16942346370437814,0.5592801050310567,0.5369731783866882,0.34961628913879395,-0.238664510227105,-0.08250978837573442,0.02124851942062378,0.0838644802570343,-0.8214934713216437,0.5962797667596467,0.9535040855407715,-0.015279710292816162,0.13201061421912774,0.5810000564668305
7.330169200897217,-0.17175152318372255,0.5585053606381855,0.5369305610656738,0.3500850200653076,-0.18633732931101754,-0.038636200762358186,0.009811720810830593,0.0013308805646374822,-0.8266541184443905,0.5965085124861984,0.9564228057861328,-0.015026688575744629,0.1297686873417423,0.5814818239104538
7.340148448944092,-0.17315117936948643,0.5585053606381855,0.5369305610656738,0.35029804706573486,-0.13949023041342734,0.0042613164686144955,-0.006732278037816286,0.013654294423758984,-0.8294024608839154,0.5991466059778909,0.9597418308258057,-0.029630661010742188,0.13033936994189022,0.5695159449671487
7.350139617919922,-0.17453718297120915,0.558590562563514,0.5369305610656738,0.35029804706573486,-0.08468287941996344,0.308980510912523,0.004164265468716621,0.010051073506474495,-0.833884231014048,0.6006784762017879,0.9625871181488037,-0.0271722674369812,0.12870288713475575,0.5735062087648067
7.3601579666137695,-0.17484270136266628,0.5647042662901403,0.537058413028717,0.3499998152256012,-0.030495883183300876,0.6102506424417768,0.051809899508953094,-0.05900413542985916,-0.8353466134025694,0.6218850839690206,0.9644441604614258,-0.02074885368347168,0.12909754705885634,0.601136230285549
7.370157957077026,-0.17514765990366787,0.5708067668947544,0.5370157361030579,0.3499571681022644,0.022082657516506288,0.5526097634559832,0.036223746836185455,-0.015031886287033558,-0.838167827446691,0.6296090839601138,0.9658432006835938,-0.033824026584625244,0.1276753732369027,0.5957850573754886
7.380154371261597,-0.17440150361104895,0.5757548869385186,0.5369731783866882,0.34957370162010193,0.0794788791975396,0.48968735016483933,0.00830861460417509,-0.04417409747838974,-0.8379648781152337,0.635284590128451,0.9668245315551758,-0.01713716983795166,0.1288596534399421,0.6181474202904993
7.390146493911743,-0.17355903490221505,0.5805949460299545,0.5368879437446594,0.34914758801460266,0.13308702084817092,0.43496926627417665,-0.02201872691512108,-0.05193304643034935,-0.8394154433250378,0.6423989591388516,0.9672613143920898,-0.021949946880340576,0.12784587106705203,0.620449012258511
7.400152206420898,-0.1717387247484789,0.5844519865383734,0.5370157361030579,0.34919020533561707,0.19307708568559434,0.37418651451478624,0.030282843858003616,0.006726222578436136,-0.838689810925089,0.6450138150694864,0.9669899940490723,-0.0032117366790771484,0.12830018312398328,0.6418020783904093
7.410062551498413,-0.1697158171029867,0.5880494107265665,0.5368879437446594,0.34914758801460266,0.24799157908635294,0.3218987530360522,-0.036839742213487625,-0.01748865656554699,-0.8380190215467045,0.6499887088149894,0.9678405523300171,-0.0171353816986084,0.1298215307833126,0.632853327116381
7.4200708866119385,-0.16679041949171527,0.5908556906235667,0.537058413028717,0.3493606448173523,0.3105518243462626,0.2632923536780112,0.0462949313223362,0.01664559729397297,-0.8363200462374835,0.6519729198814012,0.9671084880828857,0.007892131805419922,0.13078844184540228,0.6598650516868211
7.430144548416138,-0.1634769233710741,0.5933346052450647,0.5369305610656738,0.3494032621383667,0.3689671303474533,0.2113929562219674,-0.019142307341098785,0.008693995885550976,-0.8336192189618682,0.6555583504268742,0.9676015377044678,-0.013030707836151123,0.13398231874259958,0.642527642590723
7.440173387527466,-0.15937683887223125,0.5951083202278314,0.5369731783866882,0.34974414110183716,0.43384528157065816,0.15519095510546066,0.011227407492697239,0.06610450893640518,-0.8303034202292213,0.6562522878041593,0.9672749042510986,0.01034843921661377,0.1369714840218773,0.6666007270207731
7.450150012969971,-0.15480025250798155,0.5964415294971629,0.536845326423645,0.34970152378082275,0.4934031121909159,0.1058618489950014,-0.07138185948133469,0.04858813062310219,-0.8261307342532678,0.6587762208775387,0.9681885242462158,-0.012035667896270752,0.14205778999294805,0.646740552981268
7.460150718688965,-0.14951828965573546,0.5972218183405467,0.537058413028717,0.34974414110183716,0.5608100453608529,0.051870844398770544,0.04218747094273567,0.025990918278694153,-0.822065513727634,0.6593750272773838,0.9673395156860352,0.027168989181518555,0.14527400195840112,0.6865440164589024
7.470173597335815,-0.14356937570833478,0.597479008683955,0.5369731783866882,0.34957370162010193,0.6227009625326687,0.004066424725493789,0.012745833024382591,-0.04502886161208153,-0.8156161609521879,0.6602597209013599,0.9681241512298584,0.002489924430847168,0.15250799027767048,0.662749645332207
7.480158567428589,-0.1370615902002922,0.5973048128425019,0.5369305610656738,0.34974414110183716,0.6925525958434644,-0.04764763211965928,-0.013293647207319736,-0.03595231845974922,-0.8094191376831286,0.6592918709038329,0.9692962169647217,0.022520065307617188,0.15987707928159312,0.6818119362114501
7.490140438079834,-0.1297415411611016,0.5965278231901292,0.5368879437446594,0.3499145805835724,0.7560949750040225,-0.09340599063960653,-0.01550984475761652,0.013401921838521957,-0.8016259289282095,0.6579358212914903,0.9696108102798462,0.005730748176574707,0.1679848813516367,0.663666569468065
7.500152111053467,-0.12194321367128096,0.5954363669084614,0.5371009707450867,0.3499145805835724,0.8285575467215969,-0.14296296286096677,0.07621940225362778,-0.0275263749063015,-0.794714476820226,0.6573201066036687,0.9692025184631348,0.03759300708770752,0.17448804164290876,0.6949131136913762
7.510152101516724,-0.11316188542160684,0.5936676891467618,0.5368879437446594,0.3500850200653076,0.8942441235050689,-0.1870371960701327,-0.02965320087969303,0.017344167456030846,-0.7837033403153538,0.6542721746643388,0.9708521366119385,-0.0034626126289367676,0.18714879629658465,0.6508095620354021
7.520150423049927,-0.10405989445840379,0.5916959726472133,0.5369305610656738,0.3500850200653076,0.9691394869198939,-0.23431267516614795,-0.011657033115625381,0.0073154401034116745,-0.775266016982649,0.6528073601629807,0.9714336395263672,0.032555580139160156,0.19616762254371822,0.6853629403021408
7.530149459838867,-0.09378157173819977,0.588982001536833,0.5369731783866882,0.3500424027442932,1.0363671970576211,-0.2763324935194724,-0.0009218394407071173,0.04288281500339508,-0.7631535259901191,0.649158219431277,0.9715485572814941,0.002150893211364746,0.20839503129137504,0.6513091126426418
7.540078401565552,-0.08340836970768158,0.5861899104676745,0.5368879437446594,0.3499571681022644,1.1135299744846225,-0.321236994967407,-0.029074816033244133,-0.029030917212367058,-0.7526391246901574,0.6467839174126557,0.972724199295044,0.026657462120056152,0.22008507460488658,0.6734413795327119
7.550066709518433,-0.07159492566401968,0.5825790770711666,0.5369731783866882,0.3498293459415436,1.1833614365072744,-0.3618457787105953,0.002635249402374029,0.019021958112716675,-0.7384600003662283,0.6419829932369148,0.9725689888000488,0.00711977481842041,0.23410898843382055,0.6491027680553352
7.560079574584961,-0.05973972168596166,0.5789525537335555,0.5369731783866882,0.3497867286205292,1.2633160370859895,-0.4046816566880551,-0.0013784116599708796,0.012111426331102848,-0.7263666180399992,0.6383971797558314,0.9731494188308716,0.021506786346435547,0.24678280079087234,0.659903966102267
7.570078134536743,-0.046316439223151915,0.5744820353732367,0.5370157361030579,0.34970152378082275,1.342521575861238,-0.44711622292387077,0.011233072727918625,0.003052786458283663,-0.7095920355088117,0.6324311105694351,0.9735708236694336,0.010349392890930176,0.2639787881606219,0.6427805034603653
7.580151557922363,-0.032792650985171756,0.5699780443571453,0.5371009707450867,0.34974414110183716,1.4182021710822927,-0.48437847623386787,0.03980162367224693,0.0027705738320946693,-0.6956296879815687,0.6275335265449423,0.9737739562988281,0.02066051959991455,0.27814426831725947,0.6481940461448569
7.590151786804199,-0.017858980553259577,0.564764225242255,0.5371435880661011,0.34974414110183716,1.5003276410650117,-0.5248139413192021,0.048515528440475464,-0.007716407533735037,-0.6770754354930764,0.6208026023880668,0.9742717742919922,0.011014461517333984,0.2971963387989158,0.6318170639054008
7.600140333175659,-0.0028031022992749885,0.5594877368555847,0.5370157361030579,0.34970152378082275,1.5740093699025008,-0.5594892025959375,-0.013499116525053978,-0.036530736833810806,-0.6604288803739917,0.6153209980600476,0.9761486053466797,0.007627964019775391,0.31571972497268797,0.622948962079823
7.610082149505615,0.013505378333508442,0.5536163149340689,0.537058413028717,0.3498293459415436,1.6556026962550958,-0.5977017986620048,0.014115548692643642,0.029204269871115685,-0.6408399810840311,0.6074063070041722,0.9762678146362305,0.005983948707580566,0.3354278335521994,0.6133902557117528
7.620154857635498,0.03033700636050366,0.5475231425203428,0.537058413028717,0.3499998152256012,1.7206524237911334,-0.6308424998706421,0.012077568098902702,0.10667746514081955,-0.6215372644385675,0.6001512350449166,0.9765704870223999,0.0006576776504516602,0.3550332225838324,0.6008089126953683
7.630141019821167,0.04801116692215268,0.5409667949120875,0.537058413028717,0.3497867286205292,1.789537624578409,-0.666816984750497,0.01731123961508274,-0.004522721748799086,-0.6005993956797072,0.5931448034954638,0.977232813835144,0.008518695831298828,0.3766334181554368,0.6016634993267627
7.64014744758606,0.06611529644652565,0.5341913271442068,0.5370157361030579,0.3497867286205292,1.8420160616601935,-0.6979107802750413,-0.014815262518823147,0.0019500931957736611,-0.5797615379215286,0.5848874470387068,0.9781540632247925,-0.007715284824371338,0.39839252530326386,0.5771721622143354
7.650065183639526,0.0847060102940976,0.527065179284137,0.5371009707450867,0.3497867286205292,1.8950375721701977,-0.731567774724148,0.0227670855820179,-0.02142411470413208,-0.5586471972056587,0.5763438232248992,0.9779876470565796,0.006365656852722168,0.4193404498509209,0.5827094800776214
7.660151481628418,0.10403067791949773,0.5195525863026031,0.5371009707450867,0.3499145805835724,1.9353015685834851,-0.7611374236191146,0.010535809211432934,0.04587308317422867,-0.535551500386767,0.5668252471452684,0.9780783653259277,-0.0147935152053833,0.4425268649391607,0.5520317319398851
7.670077085494995,0.12342889998994608,0.5118385706339691,0.5372714400291443,0.3500424027442932,1.9726401549458705,-0.7925711961019992,0.0871911272406578,0.0882783755660057,-0.5143273968812736,0.5576594406520455,0.9766955375671387,0.008839726448059082,0.46236814068586507,0.5664991671001046
7.68008017539978,0.14334566316369485,0.5037552836739317,0.5371009707450867,0.34974414110183716,1.9999469489106412,-0.8200646389893613,-0.02679140865802765,-0.0214103851467371,-0.4900787798194004,0.5490470798647836,0.9788920879364014,-0.028880596160888672,0.48881330811700097,0.520166483703895
7.69007420539856,0.16342191799105443,0.4954398567984689,0.5371435880661011,0.34974414110183716,2.021721285914171,-0.8494348366078164,-0.026419226080179214,-0.011470239609479904,-0.46764049139500863,0.5385905473612517,0.9791343212127686,-0.0007176399230957031,0.5114938298177599,0.537872907438156
7.700081825256348,0.1837837751946129,0.4867647123720245,0.5373140573501587,0.34961628913879395,2.036510028067479,-0.8753230028427055,0.026924291625618935,-0.005428110249340534,-0.44450944619391863,0.5284186589222265,0.9778165817260742,-0.015902698040008545,0.5333071355321556,0.512515960882218
7.7101500034332275,0.20430670975092902,0.47786602012701035,0.5373992919921875,0.34957370162010193,2.0425457313021127,-0.9025901443573865,0.04446292668581009,-0.004791873041540384,-0.4208239526361658,0.5176868779988256,0.9773571491241455,0.0021725893020629883,0.5565331964879797,0.5198594673008886
7.720121145248413,0.22471420124221,0.4686810403580428,0.5375270843505859,0.3495310842990875,2.04456917195324,-0.9264781124934807,0.0449676476418972,0.022733241319656372,-0.39805556677195,0.5066201274422557,0.9769394397735596,-0.0035541653633117676,0.5788838730016096,0.5030659620789439
7.73014760017395,0.24519294812570844,0.4593380940756173,0.5374844670295715,0.3494458496570587,2.0347571606588986,-0.9515076777557105,0.0214572474360466,-0.0012882177252322435,-0.37411576565888915,0.4957197440665668,0.9773322343826294,0.0025017261505126953,0.6032164687237402,0.4982214702170795
7.740072250366211,0.265311417950748,0.4497013969849627,0.5375697016716003,0.3494032621383667,2.0243789783554362,-0.9734207621400266,0.029725898057222366,-0.001914834720082581,-0.35214117461716415,0.48393520925646627,0.976935625076294,0.005706071853637695,0.6247944504591298,0.48964128111010397
7.7500786781311035,0.2855405529890293,0.4399363691333587,0.5376549363136292,0.3494458496570587,1.998805861728755,-0.9961250999724562,0.04635708034038544,0.02573115937411785,-0.32875562124847585,0.47210102129334947,0.9761276245117188,0.014690279960632324,0.6473720032632428,0.4867913012539818
7.7600696086883545,0.30528296136342337,0.42978215356515975,0.5375697016716003,0.3493606448173523,1.9757806523462609,-1.0164681590879567,0.004590979777276516,-0.0186853539198637,-0.3065241113496604,0.4598171037377566,0.9765360355377197,0.004673600196838379,0.6700119241880593,0.46449070393459496
7.770061016082764,0.3250212694619109,0.41962495874230604,0.5376974940299988,0.3494458496570587,1.9344848585746348,-1.036897915722232,0.051028911024332047,0.02021636627614498,-0.2842764519124934,0.4474601627108902,0.974694013595581,0.0280531644821167,0.6904175616830877,0.4755133271930069
7.780064821243286,0.34396237896946197,0.40904865555898545,0.5376123189926147,0.3494884669780731,1.8933904852822856,-1.0572280260972455,0.004224489908665419,0.04066001996397972,-0.2633879726089719,0.4342026571764621,0.9743862152099609,0.011867761611938477,0.7109982426009891,0.4460704187884006
7.7900707721710205,0.36290755125223567,0.3984700838104309,0.5376123189926147,0.3493606448173523,1.841809604156392,-1.073674832063329,-0.010414745658636093,-0.034427858889102936,-0.24151480946492776,0.42219453726003653,0.9742715358734131,0.02062511444091797,0.7327567264084853,0.4428196517009545
7.8001813888549805,0.38100241242264354,0.38744654236541143,0.5375270843505859,0.3494458496570587,1.7843863344105912,-1.091984511053539,-0.051779549568891525,0.007023594807833433,-0.22185494611838957,0.4077000510954144,0.9739353656768799,0.019266366958618164,0.7520804195584903,0.42696641805403257
7.810081720352173,0.39861702074786176,0.3766191420646225,0.5375697016716003,0.3494884669780731,1.720701687234346,-1.1064580381200741,-0.040405843406915665,0.02398420125246048,-0.2025405772535057,0.3952420099754418,0.9725655317306519,0.0326685905456543,0.7700249544771461,0.4279106005210961
7.8201515674591064,0.41534513201965756,0.36534599486781444,0.5376549363136292,0.3494458496570587,1.6472793176442515,-1.1225476913982924,-0.01213983166962862,0.002687491476535797,-0.18491659326383483,0.38110795019735183,0.9708206653594971,0.03342270851135254,0.7859040720956623,0.41453065870870437
7.830154657363892,0.4316846082563113,0.35408671914077994,0.537740170955658,0.3494032621383667,1.5723622541916455,-1.135414311006521,0.002476271241903305,-0.005628042854368687,-0.16661299567136648,0.36769434151025276,0.9689027070999146,0.043341755867004395,0.8022897114285481,0.41103609737725716
7.840081691741943,0.44669176288469276,0.34271853679095404,0.5378679633140564,0.3493180274963379,1.4875157394332277,-1.1490753595751926,0.03097444958984852,-0.04474944621324539,-0.15187222439838802,0.3539958872991656,0.9665071964263916,0.041655659675598145,0.8146349720280036,0.39565154697476373
7.850187301635742,0.4614747502100722,0.3310662953384836,0.5378679633140564,0.3494032621383667,1.4105014457637282,-1.1601868079516109,-0.006939451675862074,0.01510627381503582,-0.13463096234955574,0.33892851134516255,0.9642376899719238,0.05006051063537598,0.8296067276223681,0.38898902198053853
7.860065460205078,0.47490244251659464,0.3195368436897728,0.5379531979560852,0.34919020533561707,1.327109631241207,-1.1715609586928082,-0.004624307155609131,-0.045468494296073914,-0.12175327549569309,0.3260723865805021,0.9616824388504028,0.04287457466125488,0.8399291633547097,0.36894696124175697
7.87013578414917,0.4879360691643647,0.3076937265255082,0.5382514595985413,0.34914758801460266,1.2529662102490526,-1.1808255134960266,0.016753649339079857,-0.016553860157728195,-0.10788628436941214,0.3107777613280673,0.957229733467102,0.06017422676086426,0.8493434490976899,0.37095198808893154
7.8801891803741455,0.5001181807881268,0.2957744033221815,0.5388479828834534,0.34910497069358826,1.1729456283883444,-1.1900962707248794,0.0771169438958168,0.03561507165431976,-0.09643805090410174,0.29615997992168286,0.9511203765869141,0.06286060810089111,0.8546823256828123,0.35902058802257397
7.890180826187134,0.5114525901300248,0.2838387501335965,0.5401262640953064,0.3486788868904114,1.102869471457396,-1.1974928716344895,0.13249221444129944,-0.04768197238445282,-0.08754431226151882,0.28282340910597403,0.9457926750183105,0.06315875053405762,0.8582483627567917,0.34598215964003165
7.900157690048218,0.522141771638058,0.2718623418764329,0.540509819984436,0.3482101559638977,1.0273763797279543,-1.204509684039417,0.022123726084828377,-0.06672392040491104,-0.07475203873450281,0.2687125891623607,0.9451022148132324,0.05682229995727539,0.8703501760787296,0.3255348891196361
7.910162448883057,0.5319787779778515,0.25977046350682387,0.541489839553833,0.347698837518692,0.9606751047401936,-1.2101293287268575,0.1099584549665451,-0.03343956917524338,-0.06705897655334482,0.25431843856952246,0.9373798370361328,0.07725751399993896,0.870320860482788,0.33157595256946143
7.920170307159424,0.5413672548237519,0.2476444775625856,0.5442168712615967,0.3475283980369568,0.8891438946444588,-1.214938693676535,0.17570996284484863,0.007606552913784981,-0.0634677241178519,0.23882227405642187,0.9281468391418457,0.06927406787872314,0.8646791150239939,0.308096341935145
7.930052280426025,0.5496759510442102,0.23560636122989476,0.5448134541511536,0.3471023142337799,0.826673649569571,-1.2187284798379725,0.041465919464826584,-0.04079505801200867,-0.05209240174766866,0.22512887907496773,0.9277040958404541,0.060530662536621094,0.8756116940927854,0.2856595416115888
7.940158367156982,0.5578844567884114,0.22328421527404324,0.5460917353630066,0.34680405259132385,0.7592387840295345,-1.2213025123232342,0.08724920451641083,-0.009317982010543346,-0.04529273902025572,0.20938243498186107,0.9185116291046143,0.07072567939758301,0.8732188900843585,0.28010811437944405
7.950106859207153,0.5649187382962036,0.21111428639237398,0.5479239821434021,0.34680405259132385,0.6998397337791396,-1.2233303641096942,0.1832900494337082,-0.01438508927822113,-0.042438697932671146,0.1939436721225146,0.9049227237701416,0.06199288368225098,0.8624840258374704,0.2559365558047656
7.9601709842681885,0.5718883995583494,0.198802164596974,0.549372673034668,0.3468892574310303,0.6372229568605512,-1.2236468107665477,0.06634005904197693,0.031031470745801926,-0.03508559929455447,0.17801973628217638,0.9007413387298584,0.053273797035217285,0.8656557394353039,0.23129353331739366
7.970209121704102,0.577731232086317,0.18651623150616736,0.5495431423187256,0.3468892574310303,0.5811107775079911,-1.223892979751378,0.07315905392169952,0.015224102884531021,-0.02786322529673156,0.16285791155810847,0.8903160095214844,0.04728245735168457,0.8624527842247528,0.21014036890979304
7.9801623821258545,0.5835057773407829,0.17433482759449134,0.5512475371360779,0.34671881794929504,0.5233229843755645,-1.2219159747227089,0.20494630932807922,-0.017852112650871277,-0.026054437424969476,0.14830515560249197,0.8696320056915283,0.05905604362487793,0.8435775682665588,0.2073611992273699
7.990239381790161,0.5881993726564025,0.1620414209895646,0.5514605641365051,0.34676143527030945,0.46577309437099856,-1.2199471087084337,-0.10900185257196426,0.020009931176900864,-0.01970996445650136,0.13211292784223888,0.8705809116363525,-0.005616128444671631,0.8508709471798512,0.12649679939756725
8.000064849853516,0.5927758113199145,0.15005486963396822,0.5515458583831787,0.3464631736278534,0.4174692647325706,-1.2158432943823465,0.06862734258174896,-0.03830259293317795,-0.014134519141256331,0.11859681539609662,0.8447105884552002,0.048140883445739746,0.8305760693139439,0.16673769884183637
8.010077238082886,0.5964628382497299,0.13792324520551857,0.5515032410621643,0.3458666205406189,0.3632130672507756,-1.2112337766241943,0.00015620594786014408,-0.10779784619808197,-0.011002107983527569,0.10422939302914838,0.8264927864074707,-0.008511126041412354,0.8154906784239432,0.09571826698773603
8.020050764083862,0.6000353469909705,0.1258472220884761,0.5513753890991211,0.34505701065063477,0.31853119672326,-1.2050144317482196,-0.03335903584957123,-0.11811578273773193,-0.006425602399911537,0.09037017423074334,0.8051347732543945,0.007027745246887207,0.798709170854483,0.09739791947763055
8.030121803283691,0.6028398834691939,0.11377039024442154,0.5512901544570923,0.34313955903053284,0.2688407691361192,-1.197757314111274,0.014528571628034115,-0.18951137363910675,-0.004372857307623587,0.07947550729306718,0.7789286375045776,-0.011088967323303223,0.774555780196954,0.06838653996976396
8.040051221847534,0.6054149951716868,0.10189113176927223,0.5511196851730347,0.3406681716442108,0.22770665738407203,-1.1894435526641134,-0.05575336888432503,-0.2506181001663208,-0.0011493591511717444,0.06873397209722537,0.7538485527038574,-0.0244256854057312,0.7526991935526857,0.04430828669149417
8.050168752670288,0.6073926927083938,0.08992830612910328,0.5512049794197083,0.33747240900993347,0.1822579562850848,-1.1794926076839518,-0.01617066189646721,-0.3439783751964569,-0.00036007974301127676,0.05850493624450359,0.7238222360610962,-0.025833606719970703,0.723462156318085,0.03267132952453289
8.060166120529175,0.6090842523991669,0.07816506626942213,0.5512901544570923,0.33252963423728943,0.14408866872010861,-1.1689128209445352,0.031888674944639206,-0.5305699110031128,0.0012267209595351602,0.053196115705896385,0.6904807090759277,-0.03746676445007324,0.6917074300354629,0.015729351255823143
8.070204257965088,0.6102775302204823,0.06650917795291879,0.5509918928146362,0.3271181583404541,0.10323240067061334,-1.1563511748625879,-0.0611831396818161,-0.5751386880874634,0.0030240204864491332,0.04581249021548295,0.6606326103210449,-0.06445127725601196,0.663656630807494,-0.018638787040529015
8.08012342453003,0.6111481926370225,0.05508627679169596,0.5507362484931946,0.32213276624679565,0.06918705322084406,-1.143843832820267,-0.041619446128606796,-0.5179645419120789,0.0038867708970235088,0.036633100080792624,0.6298311948776245,-0.054050445556640625,0.633717965774648,-0.017417345475848
8.09017014503479,0.6116541384950525,0.04367331225679745,0.5506510138511658,0.3164229989051819,0.03256641962818918,-1.1285660141190892,0.02398856356739998,-0.6022734642028809,0.0037699475198234855,0.030166888450816498,0.5965027809143066,-0.0596657395362854,0.6002727284341302,-0.029498851085468902
8.100050926208496,0.6118030163312783,0.03259433244703773,0.5506510138511658,0.30969059467315674,0.001994457044713016,-1.1139863318164513,0.04929667338728905,-0.6696393489837646,0.0033086036055490903,0.026555855939731032,0.564557671546936,-0.06311869621276855,0.5678662751524851,-0.03656284027303752
8.11020803451538,0.6116867773533907,0.021355456415745853,0.5503527522087097,0.30210599303245544,-0.030363288666922728,-1.0959689883837773,-0.04197986051440239,-0.8095420598983765,0.0038386565602951672,0.022432326898843447,0.5444828271865845,-0.10497790575027466,0.5483214837468796,-0.08254557885143121
8.12017297744751,0.6111992471230956,0.01053717786405437,0.5505231618881226,0.2936265468597412,-0.05750394494366873,-1.07928091091164,0.03603171557188034,-0.866118311882019,0.0016119078610326298,0.021124254591314673,0.527380108833313,-0.07074201107025146,0.5289920166943456,-0.04961775647893679
8.130054712295532,0.6105469368780935,-6.573686173021046e-05,0.550565779209137,0.28463584184646606,-0.08488888195841682,-1.0590029805456829,0.04919091612100601,-0.8927415013313293,0.0009439440998715298,0.01950404195440608,0.5077476501464844,-0.09593367576599121,0.5086915942463559,-0.07642963381158513
8.140163660049438,0.6094935835335589,-0.010626589549636179,0.5504806041717529,0.2759007215499878,-0.10927784423666864,-1.0396617413762586,0.0023734774440526962,-0.9010387063026428,-0.0005283194335300306,0.015740008482457934,0.4943218231201172,-0.09405666589736938,0.49379350368658714,-0.07831665741491145
8.150172233581543,0.6083495518095821,-0.020982161166355724,0.5505231618881226,0.2658447325229645,-0.13253916772921315,-1.0165654659405172,0.029740983620285988,-1.023362636566162,-0.0021577434686516628,0.017285501403528192,0.4776949882507324,-0.10488593578338623,0.47553724478208076,-0.08760043437985804
8.160173177719116,0.606841816837599,-0.03096785035201198,0.5503953695297241,0.2537860572338104,-0.15278435346378316,-0.9957172545041126,-0.0329267680644989,-1.2249947786331177,-0.003974595162198169,0.02337920648377012,0.466402530670166,-0.13352876901626587,0.46242793550796785,-0.11014956253249575
8.170050621032715,0.6053129423470553,-0.04077609141884043,0.5504379272460938,0.24206829071044922,-0.17147309134080757,-0.9702703759541422,-0.010702523402869701,-1.1941109895706177,-0.006023792936747416,0.024212338209162354,0.4535893201828003,-0.10969173908233643,0.44756552724605286,-0.08547940087317407
8.180188655853271,0.6034008883481137,-0.050376276500170854,0.5504806041717529,0.22856086492538452,-0.1889611528545032,-0.9462466957126869,0.013318429701030254,-1.390724778175354,-0.00892438634493821,0.03178070898234425,0.43801283836364746,-0.141393780708313,0.42908845201870927,-0.10961307172596874
8.190247058868408,0.6014966571398368,-0.05988701513453769,0.5504379272460938,0.21501082181930542,-0.20369537917738256,-0.9175000940020026,-0.012981991283595562,-1.370169997215271,-0.010767663280538145,0.03579241053653953,0.4254690408706665,-0.12483072280883789,0.4147013775901284,-0.08903831227229836
8.200064182281494,0.5993591904417809,-0.0686254480024203,0.5503527522087097,0.2007790356874466,-0.21772841270455956,-0.8901215254393704,0.007219050545245409,-1.4642529487609863,-0.01341586227652053,0.04421491410307943,0.41223394870758057,-0.13930660486221313,0.39881808643106004,-0.0950916907591337
8.2101571559906,0.5971616632966282,-0.07760942115658959,0.5499692559242249,0.1855246126651764,-0.2271158913268323,-0.8615477317862963,-0.044295784085989,-1.4875555038452148,-0.014927408079824026,0.05224111101776291,0.4015089273452759,-0.13791155815124512,0.38658151926545187,-0.08567044713348221
8.220158815383911,0.5947970866007547,-0.08594312835949698,0.5490744113922119,0.1697162389755249,-0.23727829440287707,-0.830615207708393,-0.1468823105096817,-1.5734748840332031,-0.01581959858200819,0.06259650656980209,0.39366018772125244,-0.16461819410324097,0.37784058913924423,-0.10202168753343888
8.230163335800171,0.5924146261530573,-0.09422684337642045,0.5481370091438293,0.15339654684066772,-0.2429121293917227,-0.8004728569326014,-0.09759413450956345,-1.657218337059021,-0.017327210024057585,0.07237180681283328,0.38619136810302734,-0.1297907829284668,0.3688641580789698,-0.05741897611563351
8.24016547203064,0.5899372497929096,-0.10195804519388948,0.5479665994644165,0.13771602511405945,-0.2487584065503512,-0.7667644345826945,-0.06090428680181503,-1.583727240562439,-0.02165150440246536,0.08077898000497974,0.3720601797103882,-0.1523023247718811,0.3504086753079228,-0.07152334476690136
8.250166654586792,0.5874386344937663,-0.10956468860274077,0.5470717549324036,0.12114065885543823,-0.25089883837399896,-0.7345153392658732,-0.16052845120429993,-1.598398208618164,-0.02200816997756743,0.0926574319161323,0.36205947399139404,-0.15335088968276978,0.3400513040138266,-0.06069345776663748
8.260169982910156,0.5849181366720735,-0.11665155344405789,0.5458787083625793,0.10443748533725739,-0.2523876661964941,-0.6981490628708071,-0.18937534093856812,-1.6516287326812744,-0.02289231473604829,0.10460781782743106,0.35258007049560547,-0.15605652332305908,0.32968775575955717,-0.05144870549562802
8.270167827606201,0.5823905897383381,-0.12352860175214642,0.5446856021881104,0.08722298592329025,-0.2510421508782166,-0.6638317160926821,-0.06678083539009094,-1.714596152305603,-0.02435680271176252,0.11761203766181344,0.34066247940063477,-0.133323073387146,0.3163056766888722,-0.015711035725332556
8.280050039291382,0.5799269982676276,-0.12985408858795264,0.5443872809410095,0.07060502469539642,-0.24818928256860318,-0.625049251862225,-0.10144209116697311,-1.6510423421859741,-0.0284746270394743,0.12907121705160313,0.32687950134277344,-0.16014772653579712,0.29840487430329915,-0.031076509484193993
8.290048599243164,0.5774566542305805,-0.13595154308443475,0.5424272418022156,0.05449838563799858,-0.2434019218975223,-0.5886915081589539,-0.2501136064529419,-1.6060839891433716,-0.025636944616951755,0.13975385914746855,0.3176534175872803,-0.16278177499771118,0.2920164729703285,-0.023027915850242636
8.300161838531494,0.5750325938060787,-0.14168885716001342,0.5416602492332458,0.03775259479880333,-0.23613409300259747,-0.5468016120838328,-0.021030720323324203,-1.6842087507247925,-0.02978546257985637,0.15424484986137485,0.3135397434234619,-0.11474406719207764,0.28375428084360554,0.03950078266929721
8.310167074203491,0.5727052320085212,-0.14695676334221963,0.5417454838752747,0.021305076777935028,-0.22783510568849152,-0.5082374943742352,-0.009146129712462425,-1.7308863401412964,-0.034067796482935744,0.16732960685737974,0.31266939640045166,-0.1428646445274353,0.27860159991751593,0.02446496232994444
8.320054769515991,0.570499168854543,-0.15180346199883585,0.541702926158905,0.004601896740496159,-0.21631333293492716,-0.4641746847690733,-0.010596984066069126,-1.6512113809585571,-0.0360506360333279,0.18228550216373074,0.3147289752960205,-0.11353808641433716,0.2786783392626926,0.06874741574939358
8.330047607421875,0.568406244860874,-0.15617930708220312,0.5417454838752747,-0.011930842883884907,-0.2045742874087324,-0.42356091542898344,-0.007834780029952526,-1.5923597812652588,-0.038450523586291994,0.1968976080765363,0.31905341148376465,-0.12411880493164062,0.2806028878974727,0.07277880314489568
8.340059995651245,0.5664068045061807,-0.1602763327510998,0.5421289801597595,-0.027568768709897995,-0.1886171563812482,-0.37656514423452325,0.0287940613925457,-1.5254989862442017,-0.04170784611419895,0.20898386924111648,0.32538390159606934,-0.09936583042144775,0.28367605548187036,0.10961803881966872
8.350057601928711,0.5646316892865988,-0.1637153375227012,0.5421715974807739,-0.04316408559679985,-0.17339152615087983,-0.3338121596096375,-0.051596928387880325,-1.4565222263336182,-0.042668876598527805,0.2243200626881414,0.3342188596725464,-0.12827879190444946,0.2915499830740186,0.09604127078369193
8.360047340393066,0.5629411028239637,-0.1669485114429202,0.5422142148017883,-0.05773676186800003,-0.15326851206249614,-0.28464353112253793,0.014484982937574387,-1.372323751449585,-0.04449675607292476,0.2358569989823807,0.34141016006469727,-0.08526533842086792,0.2969134039917725,0.15059166056151277
8.370259523391724,0.5615425520324446,-0.16944813724555793,0.5422142148017883,-0.07124418020248413,-0.1342483207655114,-0.23904568968677253,0.008534161373972893,-1.2642720937728882,-0.04542839768956418,0.24801011455415434,0.3524894714355469,-0.10806256532669067,0.3070610737459827,0.13994754922746366
8.38005018234253,0.5602535248630192,-0.17173483003655285,0.5421289801597595,-0.0833880752325058,-0.10989312398356077,-0.1874366506845231,-0.03606875240802765,-1.131659746170044,-0.04641093401538231,0.257184189636131,0.3700934648513794,-0.09404110908508301,0.3236825308359971,0.16314308055104798
8.390065431594849,0.5593759077967227,-0.1731395356318172,0.5423420071601868,-0.0939980000257492,-0.0849238264080654,-0.17137324790354747,0.03527437895536423,-1.070373296737671,-0.04742527437155854,0.26660992044918624,0.38205599784851074,-0.08033061027526855,0.3346307234769522,0.1862793101739177
8.40007758140564,0.5585527047408184,-0.1751667976029309,0.5423420071601868,-0.10269046574831009,0.26280325317976505,-0.05958535479667049,0.01312238909304142,-0.9810384511947632,-0.04781339322668256,0.2692382287304406,0.4944441318511963,-0.13230186700820923,0.44663073862451375,0.1369363617222314
8.410160064697266,0.5647055466469416,-0.17431671029136145,0.5421715974807739,-0.11300212889909744,0.6102506424417804,0.08431328740961064,-0.05815919488668442,-0.8929391503334045,-0.025842446244493902,0.291380164381519,0.5597238540649414,-0.10071152448654175,0.5338814078204475,0.19066863989497723
8.420145511627197,0.5707991720510007,-0.17347480443444468,0.542384684085846,-0.1215241551399231,0.5527372624722418,0.1390595310420828,-0.017831608653068542,-0.7535927891731262,-0.019557567306946667,0.298813443572403,0.5923525094985962,-0.09771019220352173,0.5727949421916495,0.2011032513688813
8.430145025253296,0.5757503598491275,-0.17153606976614108,0.5427255034446716,-0.12885311245918274,0.4897655548216058,0.19900148630224557,-0.0037340654525905848,-0.6957148909568787,-0.016433366473539594,0.30957146190789275,0.59748375415802,-0.09316378831863403,0.5810503876844805,0.21640767358925872
8.44014596939087,0.5805946919586111,-0.16949466896729914,0.5428533554077148,-0.13456286489963531,0.4349390674745557,0.2549604220783639,0.009661629796028137,-0.6306261420249939,-0.01041040153732875,0.31570004108223804,0.5801601409912109,-0.0918118953704834,0.5697497394538822,0.22388814571175464
8.450143098831177,0.5844486805118622,-0.16643774028746905,0.5430237650871277,-0.14052827656269073,0.374255338444172,0.31735145388213937,0.00882220733910799,-0.5064718127250671,-0.007890209772228485,0.3289655858459835,0.5488053560256958,-0.08727043867111206,0.5409151462534674,0.24169514717487145
8.46014404296875,0.5880789918747736,-0.1631481629474015,0.5431089997291565,-0.14423535764217377,0.3212379257163036,0.3752880908305176,0.019123127683997154,-0.36320486664772034,-0.0037332420444978684,0.33323456088155345,0.5049408674240112,-0.0794183611869812,0.5012076253795134,0.25381619969457225
8.47015929222107,0.59087744536989,-0.15892457392521092,0.5430237650871277,-0.14649370312690735,0.26272578091841936,0.4402491683752672,0.007724829483777285,-0.19656284153461456,-0.0014041787262677602,0.33993371098141634,0.4560971260070801,-0.07428288459777832,0.45469294728081233,0.265650826383638
8.480146646499634,0.5933351215389364,-0.1543430659123439,0.5428107380867004,-0.14781463146209717,0.2115416961409622,0.500134869080588,-0.017857514321804047,-0.07531938701868057,0.0015767926755667974,0.34583152454354893,0.40522336959838867,-0.07663458585739136,0.4068001622739555,0.26919693868615757
8.490148544311523,0.5951050003471798,-0.14892604675105076,0.5427255034446716,-0.14849638938903809,0.15529198622865792,0.5675684672770673,-0.055142298340797424,-0.07876031845808029,0.0023812673651005395,0.3535410199003362,0.3554941415786743,-0.08871495723724365,0.35787540894377484,0.26482606266309255
8.50014877319336,0.5964413638217368,-0.14299057619728464,0.5428533554077148,-0.14789985120296478,0.10584096805401799,0.629518331621922,0.012821621261537075,0.06733334809541702,0.0027526293350563363,0.35844768640050784,0.3011823892593384,-0.0626329779624939,0.3039350185943947,0.29581470843801394
8.51014518737793,0.5972216764052969,-0.13633806786018682,0.5428533554077148,-0.146834596991539,0.05187696057718938,0.6993896939864754,0.012993957847356796,0.13327114284038544,0.003050079863411187,0.36569102098379813,0.24422264099121094,-0.07910752296447754,0.24727272085462212,0.2865834980193206
8.52015471458435,0.597478524146378,-0.12899773731793787,0.5427255034446716,-0.14419275522232056,0.004182053478569259,0.7633829516976531,-0.036384209990501404,0.2940463125705719,0.00293950583229588,0.36961245687776917,0.19533038139343262,-0.080624520778656,0.1982698872257285,0.28898793609911316
8.53013801574707,0.5973064125871226,-0.12107745757188912,0.54246985912323,-0.13984651863574982,-0.04750062849926806,0.8356881202040096,-0.06744308024644852,0.46355366706848145,0.0026567574768985858,0.37172749368629326,0.14905059337615967,-0.08019077777862549,0.15170735085305825,0.2915367159076678
8.540147304534912,0.5965272887046875,-0.11228796415039277,0.542384684085846,-0.13486112654209137,-0.0934152292974133,0.9016938975225646,-0.012082169763743877,0.4983438551425934,0.00048562606683824616,0.3768428242659853,0.10078835487365723,-0.06289482116699219,0.10127398094049547,0.3139480030989931
8.550141334533691,0.5954382729293667,-0.10304130554506437,0.5420011281967163,-0.12996095418930054,-0.1428954336933046,0.9765416915044947,-0.07485774159431458,0.44638872146606445,-0.00017019929994090133,0.3832510562130067,0.05797922611236572,-0.08816766738891602,0.05780902681242482,0.2950833888240907
8.560148239135742,0.5936683722781483,-0.09275489525363154,0.5420011281967163,-0.1250181794166565,-0.18701096153704455,1.04453635961322,-0.025727834552526474,0.45235082507133484,-0.004216292635131666,0.3917867705047078,0.01671302318572998,-0.038215577602386475,0.012496730550598315,0.3535711929023213
8.570142984390259,0.591697991672432,-0.08214925858607361,0.5420011281967163,-0.12024585902690887,-0.23424572271532895,1.1218641239649978,-0.00316189625300467,0.5984595417976379,-0.006782921817084182,0.3999184979578866,-0.01726442575454712,-0.05402684211730957,-0.0240473475716313,0.345891655840577
8.58015751838684,0.5889798142595128,-0.07030479628574474,0.5420438051223755,-0.11266124248504639,-0.27665128032461084,1.1920010467866948,0.08019202202558517,0.8168099522590637,-0.01148915045255361,0.4020527976141556,-0.04577404260635376,0.0065114498138427734,-0.05726319305890737,0.40856424742799835
8.590160369873047,0.5861602784315425,-0.05828873069261724,0.5415324568748474,-0.10260524600744247,-0.32168818712466773,1.2718902731261732,-0.05779698118567467,1.0601903200149536,-0.013175130746585467,0.39998259332815755,-0.05915403366088867,-0.04133647680282593,-0.07232916440747414,0.3586461165253316
8.60016393661499,0.5825439288910194,-0.044858726505990446,0.5395723581314087,-0.0916118249297142,-0.3621018906364277,1.343668589441457,-0.2663019001483917,1.0486502647399902,-0.013686871853332644,0.4040465334392806,-0.06385678052902222,-0.04276496171951294,-0.07754365238235486,0.36128157171976766
8.610138654708862,0.5789261380517069,-0.03144460297197414,0.5368879437446594,-0.08112973719835281,-0.4048371379129989,1.4259304558772794,-0.22808633744716644,0.9938820004463196,-0.013193022130137823,0.40875462232688475,-0.07288819551467896,-0.039248526096343994,-0.08608121764481677,0.36950609623054076
8.620146036148071,0.5744516754612493,-0.016360334352025385,0.5350556969642639,-0.07273553311824799,-0.44711622292387077,1.5073142471464613,-0.280346155166626,1.0319231748580933,-0.019623775903222132,0.4245242580441404,-0.07508629560470581,-0.038398027420043945,-0.09471007150792794,0.38612623062409646
8.630141496658325,0.5699825429115198,-0.001294034318129831,0.5299424529075623,-0.06152906268835068,-0.4841880546275483,1.5821083608739515,-0.5945638418197632,1.1263039112091064,-0.012118027100771145,0.42373652381072785,-0.07243990898132324,-0.06752431392669678,-0.08455793608209439,0.3562122098840311
8.640145301818848,0.5647676509609356,0.015281919859543499,0.5240196585655212,-0.04972605034708977,-0.5247731052135336,1.6639905541636566,-0.544339656829834,1.1495188474655151,-0.01097797049247213,0.43155031036007757,-0.06664979457855225,-0.034835994243621826,-0.07762776507102437,0.39671431611645575
8.650144815444946,0.559485369079438,0.03199123890613058,0.5178837776184082,-0.03651690110564232,-0.5594700312870202,1.7272998232102563,-0.5801021456718445,1.2945219278335571,-0.009495851899572187,0.4334790026237467,-0.05519133806228638,-0.05958592891693115,-0.06468718996185857,0.37389307370681557
8.660149812698364,0.5535753841839502,0.049836325444369924,0.5111088156700134,-0.023350363597273827,-0.5978179259840495,1.7964459002173097,-0.7095798254013062,1.245159387588501,-0.008265257187444912,0.4417427666652207,-0.04453897476196289,-0.08972048759460449,-0.0528042319494078,0.35202227907061623
8.670135736465454,0.5475347092791853,0.06790335811053227,0.503950297832489,-0.0132091473788023,-0.6306571081756509,1.8472845471373347,-0.88175368309021,1.232267141342163,-0.006243776262641686,0.45807273126004705,-0.034250617027282715,-0.11994421482086182,-0.0404943932899244,0.33812851643918523
8.680140018463135,0.5409674729431723,0.08676532142503125,0.4944482147693634,-0.0001704406167846173,-0.6667683093896919,1.900647919303338,-0.85235595703125,1.3072048425674438,0.00109812443129461,0.46120326238077275,-0.02133268117904663,-0.06985253095626831,-0.02023455674775202,0.39135073142450444
8.690161228179932,0.5341819961449935,0.10596528430485214,0.4851166307926178,0.012143894098699093,-0.6979896444730542,1.939094773483613,-0.9162713885307312,1.2342708110809326,0.003572235409892967,0.4719660449625137,-0.015004217624664307,-0.15561002492904663,-0.01143198221477134,0.3163560200334671
8.700138568878174,0.5270105196429665,0.12554237826084796,0.4743788242340088,0.02565131150186062,-0.731773202717946,1.9765741903553273,-1.0943082571029663,1.4520236253738403,0.01010280401545758,0.47801731786994506,0.004026055335998535,-0.10045558214187622,0.014128859351456115,0.37756173572806884
8.710163116455078,0.5195439203166086,0.14550186497081646,0.46253320574760437,0.03979788348078728,-0.7611956965665776,2.002335156461892,-1.1899669170379639,1.4079387187957764,0.017211048072718213,0.48490210782957044,0.012225151062011719,-0.20019114017486572,0.029436199134729932,0.2847109676547047
8.720186233520508,0.5117503704058657,0.16568448972611405,0.4492814540863037,0.05385923385620117,-0.7928550086411299,2.024146801543087,-1.3529785871505737,1.3629660606384277,0.02616913101968843,0.4933116574065942,0.015668392181396484,-0.14554309844970703,0.041837523201084914,0.3477685589568872
8.730161190032959,0.5036898174495771,0.1859798889323674,0.435731440782547,0.06826146692037582,-0.8202986425680265,2.037134397298516,-1.3007820844650269,1.4034193754196167,0.033090834137138946,0.5003981139895266,0.02458798885345459,-0.17669427394866943,0.057678822990593535,0.32370384004085717
8.740166902542114,0.4953595019169203,0.2063879518289922,0.42137181758880615,0.08291935920715332,-0.849807910102566,2.043169343731167,-1.49638831615448,1.4535374641418457,0.041701648694984175,0.507506202027368,0.015881657600402832,-0.21401727199554443,0.05758330629538701,0.2934889300318235
8.75005316734314,0.48678955459620693,0.22662172931876917,0.40598952770233154,0.09774769097566605,-0.8752472846925272,2.04363608711064,-1.5757055282592773,1.4854190349578857,0.05176572969082754,0.5138187832690913,0.0041654109954833984,-0.1997111439704895,0.055931140686310936,0.31410763929860175
8.76015853881836,0.47785815770350754,0.2472422433873563,0.39077770709991455,0.11253341287374496,-0.9025684109830685,2.033807890202537,-1.5382846593856812,1.4165924787521362,0.05858672223281575,0.5222180620942436,-0.001292109489440918,-0.19114726781845093,0.05729461274337483,0.33107079427579267
8.770180940628052,0.46862595946937036,0.26755886759844943,0.37441542744636536,0.12693564593791962,-0.9265732587581752,2.021567498039172,-1.6383744478225708,1.4189128875732422,0.06921897748359102,0.5300370223100085,-0.015744328498840332,-0.23074257373809814,0.05347464898475068,0.29929444857191034
8.7801673412323,0.45931892578294414,0.2876917871911676,0.3583087921142578,0.14138048887252808,-0.9514656323030657,1.9960464387053332,-1.614551305770874,1.4235401153564453,0.07712158044562199,0.536995330515397,-0.021302998065948486,-0.16632318496704102,0.055818582379673506,0.37067214554835604
8.790166854858398,0.4496095373408479,0.3074511559927537,0.34147778153419495,0.1551009565591812,-0.9736331468381714,1.9712099233249045,-1.6895288228988647,1.3981631994247437,0.08674409501897914,0.5455530615646974,-0.03789830207824707,-0.2514108419418335,0.048845792940732075,0.2941422196228639
8.800167322158813,0.43984627636762086,0.3271159388601133,0.3254137337207794,0.16869358718395233,-0.9962597425332582,1.929983473420176,-1.564205527305603,1.3359090089797974,0.09312109880223637,0.5535398359178193,-0.032996535301208496,-0.0968332290649414,0.06012456350102788,0.4567066068528779
8.810220003128052,0.4296293011804703,0.34614958935884726,0.3084122836589813,0.18130621314048767,-1.0166764585056214,1.8924599928195072,-1.6928939819335938,1.2412331104278564,0.10271471279081759,0.5626021834725513,-0.04959219694137573,-0.2856513261795044,0.05312251584944186,0.2769508572930469
8.82016110420227,0.4195191427772842,0.36495357797861244,0.29153865575790405,0.19425968825817108,-1.0370209562438681,1.8356349640810983,-1.6592676639556885,1.3318147659301758,0.11130078738285164,0.5691645531536975,-0.048032939434051514,-0.0717352032661438,0.06326784794880012,0.4974293498875537
8.83019757270813,0.40890830698984737,0.3828104004243293,0.27449461817741394,0.20648880302906036,-1.0572280260972455,1.7791937906537392,-1.7196775674819946,1.1734066009521484,0.11889774888008961,0.5761774770985633,-0.06149446964263916,-0.2758445739746094,0.05740327923745045,0.3003329031239539
8.84005331993103,0.398488534807667,0.4003456846855665,0.2578766644001007,0.21854747831821442,-1.0734937256919075,1.7140853037244383,-1.6855902671813965,1.2219040393829346,0.12642797388003846,0.5831744032850438,-0.05904197692871094,-0.04820281267166138,0.06738599695132752,0.5349715906133824
8.850202560424805,0.38742338828602063,0.41706186902306086,0.24027864634990692,0.2301800549030304,-1.0919568380219822,1.6401809935642007,-1.728833556175232,1.1635349988937378,0.13552537854886895,0.5892362574059282,-0.07130444049835205,-0.2574828863143921,0.0642209380505169,0.33175337109153613
8.860175848007202,0.3765162002792222,0.43335266486764706,0.22327719628810883,0.24176999926567078,-1.1066772281087864,1.5638104282164385,-1.6284905672073364,1.114799976348877,0.14257423008373757,0.594878097305206,-0.06553792953491211,0.00584864616394043,0.07703630054882546,0.6007267434691465
8.870181798934937,0.3653119669299228,0.44830105424478717,0.2054661512374878,0.25284865498542786,-1.122667649234053,1.4784036357501158,-1.7353436946868896,1.11282479763031,0.15216688668073705,0.5986413516419775,-0.08365392684936523,-0.26787257194519043,0.06851295983137182,0.3307687796967871
8.880192756652832,0.35404383535154427,0.46294557967312105,0.18820904195308685,0.2649499475955963,-1.1354673064393346,1.4021614186423186,-1.749206304550171,1.1654049158096313,0.15878133111095938,0.599832211873651,-0.09086507558822632,-0.0006220340728759766,0.06791625552273306,0.599210177800775
8.890156030654907,0.3426328205430214,0.47631392522113086,0.17065367102622986,0.2758581340312958,-1.1491700747384002,1.3180558597443444,-1.816092848777771,1.0432242155075073,0.16715323187565095,0.6034200785614725,-0.11591017246246338,-0.2609865069389343,0.051243059413187575,0.3424335716225382
8.900156497955322,0.33110181342454176,0.48925713914557617,0.1538226455450058,0.2859993577003479,-1.1601255463507218,1.2450452039310669,-1.744916319847107,1.0330424308776855,0.1725336950712829,0.6082791602798909,-0.11974376440048218,0.015335321426391602,0.05278993067080073,0.6236144817062825
8.910159587860107,0.3194261456771668,0.5012190000005169,0.13699164986610413,0.2959701418876648,-1.1716190965889162,1.1651347831606849,-1.671068549156189,1.0392272472381592,0.17916044570992393,0.6098676205379522,-0.13044166564941406,-0.20110470056533813,0.048718780060509864,0.40876291997261405
8.920183658599854,0.30763742419285545,0.5125901918104518,0.12054412066936493,0.30568525195121765,-1.1808524192876781,1.0951257743250657,-1.6611199378967285,0.9513411521911621,0.18450634774073346,0.6120125485505642,-0.13647949695587158,-0.007943928241729736,0.04802685078486188,0.6040686203088345
8.930206775665283,0.2957533846334987,0.5231732669530798,0.10430965572595596,0.3141646683216095,-1.190152194197033,1.0192311825395493,-1.5812052488327026,0.8409742116928101,0.18987586846047508,0.6162681275234814,-0.15229344367980957,-0.13312029838562012,0.03758242478066551,0.48314782913786125
8.94005560874939,0.28398833028666143,0.5328569619913404,0.08888477832078934,0.3228997588157654,-1.197399027152498,0.9544825673387578,-1.5602777004241943,0.8561121821403503,0.193666865686888,0.6159361733328466,-0.1608067750930786,-0.036329567432403564,0.0328600905938094,0.579606605900443
8.950087070465088,0.27194769359992926,0.5421380632045608,0.07640000432729721,0.3293764889240265,-1.2044553677457035,0.8829420238399663,-1.5033005475997925,0.7451518177986145,0.18855064970895175,0.623863998077629,-0.17195338010787964,-0.07779312133789062,0.016597269601072107,0.5460708767397384
8.960092782974243,0.25985466260745055,0.5505507985424294,0.06182733550667763,0.33623671531677246,-1.2100848115542409,0.8202375890520557,-1.380218267440796,0.6664479374885559,0.1963893254538857,0.6240805408250054,-0.18180608749389648,-0.002444326877593994,0.014583237959989226,0.6216362139474114
8.970057010650635,0.24778249418296033,0.5585198607549238,0.04725465923547745,0.3423299789428711,-1.2148649897270012,0.7534911751184197,-1.4502919912338257,0.6445695161819458,0.20023378624686577,0.6278428379384748,-0.19816625118255615,-0.09091013669967651,0.0020675350643096224,0.5369327012387983
8.980052471160889,0.23560612887868201,0.5655873522576125,0.03357680141925812,0.34906238317489624,-1.2187372604173703,0.6936558513240279,-1.3565361499786377,0.6661851406097412,0.20084566390149478,0.6260296199081377,-0.2075408697128296,-0.012799680233001709,-0.0066952058113348145,0.613229939675136
8.99019169807434,0.22324344176869523,0.5724825197192267,0.020154602825641632,0.3563061058521271,-1.221306511469468,0.6307336522978524,-1.336456298828125,0.6603764295578003,0.202045470981,0.6251087743323057,-0.2168971300125122,-0.07629674673080444,-0.014851659031512199,0.5488120276015013
9.000198364257812,0.21100234882905072,0.5783070339826125,0.006561963353306055,0.3618454337120056,-1.223327980812762,0.5757758893691403,-1.2763792276382446,0.5593405961990356,0.205069158460255,0.6275843276558446,-0.22531193494796753,-0.020883381366729736,-0.020242776487712527,0.6067009462891149
9.010058403015137,0.19893995567137415,0.5839231197630049,-0.008053319528698921,0.3669160306453705,-1.2236417179010637,0.5180239882901958,-1.2377790212631226,0.4267825782299042,0.21136328561352408,0.6296275475157888,-0.23897510766983032,-0.052409350872039795,-0.027611822056306246,0.577218196643749
9.02005124092102,0.18670946583371473,0.5885775147959763,-0.020282434299588203,0.37190142273902893,-1.223889648621597,0.46480179256155196,-1.2397172451019287,0.4997044503688812,0.20708107355173602,0.6283440835957629,-0.2511700391769409,-0.05776304006576538,-0.044088965625204896,0.5705810435299975
9.030184268951416,0.1743081268249287,0.5932773840829039,-0.031915005296468735,0.3764607012271881,-1.2218865845585665,0.4106407984223992,-1.1043357849121094,0.4660405218601227,0.20544865857566427,0.6303232350046186,-0.25714635848999023,-0.042701542377471924,-0.05169769991432596,0.5876216926271467
9.040177345275879,0.1621171022557974,0.5968568957338017,-0.04282320663332939,0.37961384654045105,-1.21994710870844,0.3581991705732577,-1.1332563161849976,0.28838610649108887,0.20370092149176577,0.632275397884287,-0.27156877517700195,-0.051328182220458984,-0.06786785368523618,0.580947215663828
9.050065994262695,0.15005347351529807,0.6003990015989694,-0.053688790649175644,0.3821704685688019,-1.2158501152249075,0.3138830354177564,-1.0979251861572266,0.2132844626903534,0.2032477938940751,0.6354491276189518,-0.2853342294692993,-0.048917293548583984,-0.08208643557522421,0.5865318340703678
9.060204029083252,0.13776972567277704,0.6031205496837633,-0.06314824521541595,0.383960098028183,-1.2112250452184519,0.2638548309957578,-0.8945295214653015,0.1424175500869751,0.1974098167428357,0.6373369413532612,-0.28852391242980957,-0.033103227615356445,-0.09111409568697387,0.6042337137379048
9.070162773132324,0.12571160065846126,0.6057032667057126,-0.07179810851812363,0.3853662312030792,-1.2049265441907124,0.22262252456789966,-0.9276282787322998,0.13501976430416107,0.19294200465495756,0.6401195205550161,-0.29758477210998535,-0.061457812786102295,-0.10464276745502779,0.5786617077689138
9.08015775680542,0.11372737652967516,0.6075600327075427,-0.08083146065473557,0.3874541223049164,-1.1976973994238094,0.17748801121458158,-0.9595046043395996,0.15063825249671936,0.19109397305195405,0.6379071761824977,-0.3086209297180176,-0.05930823087692261,-0.11752695666606353,0.5785989453055751
9.09015965461731,0.10176140605662821,0.6092523588686516,-0.0898648127913475,0.38783761858940125,-1.189304088319238,0.14004915684767028,-0.8807122111320496,-0.02359827607870102,0.18837784323510223,0.6434433409488258,-0.3208378553390503,-0.04589235782623291,-0.13246001210394806,0.5975509831225929
9.100159883499146,0.089938741894695,0.6103614109811634,-0.09779030829668045,0.3881358802318573,-1.1794376268700484,0.09934376515756682,-0.8101354241371155,0.06824535876512527,0.18252305640761698,0.6443091128227534,-0.34081172943115234,-0.03546607494354248,-0.15828867302353536,0.6088430378792109
9.110167980194092,0.07816287812502414,0.6112398793077451,-0.10460792481899261,0.3887750506401062,-1.1689103530043097,0.06534494302333371,-0.6802234053611755,0.06134273111820221,0.17518208574104574,0.6443431445359777,-0.37424445152282715,-0.007713139057159424,-0.1990623657817814,0.6366300054788183
9.120162725448608,0.06655700675260855,0.6116690941166467,-0.1115959882736206,0.3887750506401062,-1.1563981011859399,0.029005731238246568,-0.7285358309745789,-0.002416730858385563,0.17103420687894771,0.6461296122617031,-0.4059790372848511,-0.04829847812652588,-0.23494483040590336,0.5978311341351772
9.130157470703125,0.05504706925670377,0.6118196890970397,-0.11947887390851974,0.388647198677063,-1.1437773161619824,-0.0014331752571479228,-0.7368859648704529,-0.02063320390880108,0.16936136053196577,0.6470549028245756,-0.43805456161499023,-0.020628929138183594,-0.26869320108302447,0.626425973686392
9.140161752700806,0.043682722292009896,0.6116401171316771,-0.12723392248153687,0.38843417167663574,-1.128630387106676,-0.03338753993640253,-0.748120129108429,-0.02681456133723259,0.16574937597970563,0.6474978888317304,-0.4719804525375366,-0.05202215909957886,-0.306231076557831,0.5954757297321516
9.150230169296265,0.03239335334270228,0.6111475245001965,-0.13422198593616486,0.38834893703460693,-1.1138264738298183,-0.060464806156431905,-0.7140673398971558,-0.016082268208265305,0.15987025653719975,0.6470186275452177,-0.5072070956230164,-0.018013596534729004,-0.3473368390858166,0.6290050310104887
9.160049200057983,0.021527892466352127,0.6104433111559928,-0.1414230912923813,0.3882637321949005,-1.0961984119714803,-0.08781118624492734,-0.7248294949531555,-0.04198998957872391,0.15739873379716607,0.6467412346255743,-0.5402296781539917,-0.05331575870513916,-0.38283094435682563,0.5934254759204352
9.17004942893982,0.010671306296093128,0.6094012863285597,-0.14815551042556763,0.38839152455329895,-1.0793874497482152,-0.11130542898351692,-0.670422375202179,0.0007860126788727939,0.1521654175856877,0.645119875687009,-0.5739991068840027,-0.011409878730773926,-0.421833689298315,0.6337099969562351
9.180054426193237,-6.543796967286002e-05,0.6082165531012221,-0.15458963811397552,0.38834893703460693,-1.058914874299545,-0.13459345297670922,-0.6178073287010193,-0.027286425232887268,0.14726347541286422,0.6446841142552727,-0.608391284942627,-0.03847241401672363,-0.46112780952976273,0.6062117002385491
9.190051078796387,-0.010508975525125967,0.606709465117808,-0.16059766709804535,0.38834893703460693,-1.0399663742023428,-0.15463702768606424,-0.5371207594871521,-0.04425472393631935,0.14227543590544564,0.6430191662379714,-0.6463791131973267,-0.0006764531135559082,-0.504103677291881,0.6423427131244155
9.20004916191101,-0.020859277223341036,0.6051246155052911,-0.16664831340312958,0.38830631971359253,-1.0168546971169388,-0.17355618026578412,-0.6466670632362366,-0.0038100378587841988,0.13797071193491273,0.6419654720551584,-0.6688954830169678,-0.06711006164550781,-0.530924771082055,0.5748554104096506
9.210050582885742,-0.030845442518811425,0.603238327155693,-0.1732528805732727,0.3880506455898285,-0.9957714150732884,-0.19013006760089368,-0.6667490005493164,-0.07723236083984375,0.13631853847234487,0.6406927218417582,-0.6784918308258057,-0.01877450942993164,-0.5421732923534608,0.6219182124118265
9.220048904418945,-0.04077446587600182,0.6013220725808841,-0.17985746264457703,0.38788020610809326,-0.9700134012239496,-0.20469006732811224,-0.6291951537132263,0.04277804121375084,0.1329998545952384,0.6392211094614815,-0.701863169670105,-0.05263262987136841,-0.5688633150748665,0.5865884795901131
9.230051755905151,-0.05024663945878758,0.599144167604273,-0.18569505214691162,0.38796544075012207,-0.9468076876359728,-0.21777857041245596,-0.5796910524368286,0.01682162657380104,0.12855986176031925,0.6363154077753979,-0.7192369699478149,-0.01736736297607422,-0.5906771081874957,0.6189480447993236
9.240049123764038,-0.059710828837497724,0.5969664539539158,-0.19289615750312805,0.38775238394737244,-0.9183988648716777,-0.22798209562551008,-0.7646312117576599,-0.033442769199609756,0.12911990236390417,0.6353916413803595,-0.7109466195106506,-0.09002137184143066,-0.5818267171467465,0.5453702695389289
9.250049352645874,-0.06861224782454046,0.5945850154853438,-0.20043817162513733,0.38796544075012207,-0.8901215254393793,-0.23813839630187061,-0.7851567268371582,0.00464749475941062,0.12982327853598702,0.6318450485062864,-0.7075868844985962,-0.04486137628555298,-0.5777636059626092,0.5869836722207334
9.26004934310913,-0.07751345459007389,0.5922036337933898,-0.20755405724048615,0.38788020610809326,-0.8620125817717539,-0.24342931116392919,-0.7389797568321228,0.018168386071920395,0.12734922299606477,0.6305036621999102,-0.7103459239006042,-0.05894535779953003,-0.5829967009045395,0.5715583044003801
9.270049571990967,-0.08585267513465666,0.5897163733441054,-0.21539431810379028,0.3880080580711365,-0.8309502662007864,-0.24927613589871456,-0.7840554714202881,-0.0077346512116491795,0.1298413608882189,0.6275344298414041,-0.7070233821868896,-0.06183236837387085,-0.5771820212986707,0.5657020614675332
9.280050992965698,-0.09413382382263437,0.587217698480375,-0.22353285551071167,0.38796544075012207,-0.8008532463851976,-0.2510305845541829,-0.8143451809883118,-0.008472356013953686,0.1309005202781483,0.625702279560289,-0.7032651901245117,-0.06728267669677734,-0.5723646698463634,0.5584196028635117
9.29004955291748,-0.10186988008410165,0.5846957732985059,-0.23150096833705902,0.38796544075012207,-0.7671460352870945,-0.25251899705851244,-0.8181041479110718,-0.03997263312339783,0.13244684820088895,0.6233311553939334,-0.699127197265625,-0.0637669563293457,-0.5666803490647361,0.5595641990645877
9.300049066543579,-0.10947525414748091,0.5821678044439298,-0.2407473474740982,0.3880506455898285,-0.7349441010007656,-0.2507864269544875,-0.9191375970840454,0.018699893727898598,0.13775903968014702,0.6207893185713841,-0.6902213096618652,-0.09465742111206055,-0.5524622699817182,0.5261318974593235
9.310048818588257,-0.11656821019156186,0.5796802298837543,-0.24995116889476776,0.38783761858940125,-0.6986412787118024,-0.24792139208924624,-0.9159239530563354,-0.053503427654504776,0.14176533057272359,0.6195044842139322,-0.6799103617668152,-0.07338690757751465,-0.5381450311940916,0.5461175766364176
9.320157527923584,-0.12352151708369333,0.5771826712403904,-0.2585584223270416,0.38796544075012207,-0.6636976372520573,-0.24259443668950098,-0.8363626599311829,0.011753163300454617,0.14337637636897538,0.6164092296823184,-0.685450553894043,-0.05662190914154053,-0.5420741775250676,0.5597873205407778
9.330174446105957,-0.12992995600231846,0.5747970467123388,-0.2671230435371399,0.38796544075012207,-0.6247840317959552,-0.23538448343500917,-0.8470337390899658,0.015611931681632996,0.1475170389715439,0.6147733192245718,-0.6872000098228455,-0.07153499126434326,-0.5396829708513016,0.5432383279602285
9.340173482894897,-0.13602770128996333,0.5724711268641852,-0.2776051461696625,0.38796544075012207,-0.5882864757113015,-0.22662192670142645,-1.0881117582321167,0.031442686915397644,0.15780092767172516,0.6128396475110398,-0.6700450778007507,-0.13806986808776855,-0.5122441501290256,0.47476977942327125
9.350168704986572,-0.14169247245128094,0.5702658635316972,-0.2871072292327881,0.3880080580711365,-0.5466697420321189,-0.21504773228985385,-0.9111292362213135,0.06035853922367096,0.16189327009488133,0.6110273003379812,-0.6749734878540039,-0.027122318744659424,-0.5130802177591226,0.5839049815933218
9.360202074050903,-0.1469751912852089,0.5681644505947666,-0.29452139139175415,0.38783761858940125,-0.508122635573776,-0.20282400793120203,-0.6962605714797974,0.0008110071066766977,0.1616294497318135,0.6100652539163826,-0.6942182183265686,-0.03413313627243042,-0.5325887685947551,0.5759321176439521
9.370050191879272,-0.15180145746025345,0.5662309911818748,-0.3034268915653229,0.38783761858940125,-0.4643329454202707,-0.1870664762643912,-0.9558319449424744,-0.03759503737092018,0.17102661361343485,0.6084537041958894,-0.6799558401107788,-0.12333738803863525,-0.508929226497344,0.48511631615725415
9.380165338516235,-0.15623086130886701,0.5644350061985446,-0.3143351078033447,0.38779500126838684,-0.4229286825907703,-0.17108190307803284,-0.9889755845069885,0.004487821366637945,0.18423276224847093,0.607416406521983,-0.6730650663375854,-0.06760889291763306,-0.4888323040891145,0.53980751360435
9.39017367362976,-0.160315436022392,0.5627868523331627,-0.3224310278892517,0.38775238394737244,-0.37607448539412136,-0.15082424805354577,-0.6659016013145447,0.011299718171358109,0.1847599050287442,0.606485562778182,-0.6905533075332642,0.014279484748840332,-0.50579340250452,0.6207650475270223
9.400197267532349,-0.1637633800904927,0.5614141286767051,-0.32920604944229126,0.38792282342910767,-0.3332616163878317,-0.13161952616949435,-0.725376546382904,0.034010618925094604,0.18804563291319173,0.6054524790456903,-0.6930452585220337,-0.06866246461868286,-0.5049996256088419,0.5367900144270075
9.4101402759552,-0.16697125918736644,0.5601580020523294,-0.3381115794181824,0.38788020610809326,-0.2838447331666387,-0.10705340770258331,-0.9995890259742737,-0.0008623615722171962,0.20030852203709293,0.6053446867350964,-0.6713031530380249,-0.11336654424667358,-0.470994631000932,0.49197814248842286
9.420158624649048,-0.1694234403613874,0.5592801133879216,-0.34740057587623596,0.38770976662635803,-0.23909235581570698,-0.0828685143874921,-0.8833121061325073,-0.05844242125749588,0.21150293773002193,0.6061941493443135,-0.6625802516937256,-0.04258984327316284,-0.45107731396370365,0.5636043060711506
9.430071115493774,-0.1717377660508187,0.5585053606381855,-0.35332340002059937,0.38792282342910767,-0.1872464638157325,-0.03939846220367116,-0.6073455810546875,0.044020939618349075,0.21010284475361857,0.6051303872905403,-0.6747448444366455,0.01418614387512207,-0.46464199968302694,0.6193165311656623
9.440146684646606,-0.1731509319149811,0.5585053606381855,-0.35856443643569946,0.38796544075012207,-0.13946153832697306,0.004420839403266541,-0.47361525893211365,0.003572386922314763,0.21587668762483786,0.607651790647818,-0.668550968170166,-0.02670156955718994,-0.45267428054532816,0.5809502210906281
9.450144290924072,-0.17453732547859782,0.5585934142672988,-0.3652116358280182,0.3880080580711365,-0.08440627564604597,0.3105183790568695,-0.7004530429840088,0.003256262047216296,0.22581822241620655,0.6085647629005482,-0.6323248147964478,-0.11405754089355469,-0.4065065923802412,0.4945072220069935
9.460076332092285,-0.17484021184583537,0.5646544487709589,-0.37377625703811646,0.38783761858940125,-0.030495883183300876,0.6102506424417768,-0.9141592383384705,-0.014584769494831562,0.24252990643672595,0.6291218743583417,-0.592003345489502,-0.1296933889389038,-0.349473439052776,0.49942848541943785
9.47014331817627,-0.17514721347746046,0.5707978334961628,-0.37961384654045105,0.38775238394737244,0.022166691567743868,0.5525176384842005,-0.4797171354293823,0.003482709638774395,0.24452218446952692,0.6373226901608905,-0.573462724685669,0.014178156852722168,-0.32894054021614205,0.6515008470136127
9.480143070220947,-0.17440245643893726,0.5757494128559384,-0.3827670216560364,0.38783761858940125,0.07939541898621805,0.48977884604656197,-0.3163803815841675,0.004820429719984531,0.24676784988212355,0.6411894017002812,-0.5774728059768677,-0.010553240776062012,-0.33070495609474415,0.6306361609242191
9.490142822265625,-0.17355934447076948,0.5805931675305508,-0.38681498169898987,0.3881358802318573,0.13309410863428894,0.4349620848326232,-0.485189825296402,0.04648155719041824,0.2554764385584075,0.6467721191168826,-0.5723080635070801,-0.011138319969177246,-0.31683162494867256,0.6356337991477053
9.50014066696167,-0.17174108019222137,0.5844477977508565,-0.3915872871875763,0.38796544075012207,0.19299082902403164,0.37427391094053775,-0.4462928771972656,0.014298496767878532,0.26766350261897687,0.651347285527104,-0.5746909976005554,0.04156374931335449,-0.30702749498157855,0.6929110348404585
9.510142803192139,-0.16969943606241433,0.5880785418397511,-0.3941013216972351,0.3880932927131653,0.24872577104951965,0.3212109624556305,-0.17230041325092316,0.0512460321187973,0.26995814227353776,0.6553063419222526,-0.59456866979599,0.11131596565246582,-0.32461052752245223,0.7666223075747184
9.520080804824829,-0.16678715712688952,0.5908581312855058,-0.3934195637702942,0.3880506455898285,0.31085156114693824,0.2630115604271275,0.014822078868746758,0.03044193983078003,0.2688909818486482,0.6581429446344256,-0.6011879444122314,0.11310279369354248,-0.33229696256358326,0.7712457383279681
9.530168533325195,-0.1634690340945964,0.5933405074227348,-0.39376044273376465,0.3880506455898285,0.3691268018587124,0.21125463756946417,-0.043080005794763565,-0.020890384912490845,0.2770599118524805,0.661263234582707,-0.5998353958129883,0.1307429075241089,-0.32277548396050776,0.7920061421068159
9.540148973464966,-0.1593880383570849,0.5951050576963658,-0.3933769166469574,0.3882637321949005,0.43378481903047916,0.15524333199484985,0.052646804600954056,0.05644592270255089,0.2825097662563664,0.6620905313496435,-0.591673731803894,0.14363539218902588,-0.3091639655475276,0.8057259235386693
9.550153732299805,-0.15479854633646092,0.5964420265234408,-0.39260995388031006,0.38851937651634216,0.4934620682288955,0.10581462691311927,0.10397756844758987,0.028565961867570877,0.2882981661978586,0.6632795330305807,-0.5779247879981995,0.14994502067565918,-0.2896266218003409,0.8132245537062399
9.560144662857056,-0.14952188399466518,0.5972216629459197,-0.3906498849391937,0.38911592960357666,0.5608276527196141,0.05185674141347363,0.2483421266078949,0.09202376008033752,0.29223071857585753,0.6625351736254654,-0.5660065412521362,0.1579047441482544,-0.2737758226762787,0.8204399177737198
9.57014274597168,-0.14358768702555919,0.5974782170278634,-0.3899255096912384,0.3894568085670471,0.6225888057053011,0.00414945906944908,-0.001021822914481163,0.06989284604787827,0.3032543125728436,0.6627312529679342,-0.5533849000930786,0.16514039039611816,-0.25013058752023504,0.8278716433640524
9.580180883407593,-0.13704522512541067,0.5973030757648163,-0.3897550702095032,0.39018118381500244,0.6928342797046385,-0.04785617434722056,0.025778016075491905,0.08694853633642197,0.31423598024980115,0.6608499374635795,-0.5399559736251831,0.170013427734375,-0.22571999337538196,0.8308633651979545
9.590078830718994,-0.12978671995756969,0.5965326187122869,-0.3880932927131653,0.39145946502685547,0.7555041905513269,-0.09300195462463634,0.2524547278881073,0.20159955322742462,0.32043469025280685,0.656913300654302,-0.5305662155151367,0.1812189817428589,-0.21013152526232987,0.8381322823971609
9.600077152252197,-0.12200903751797053,0.5954496247175899,-0.38677236437797546,0.39205601811408997,0.8278560109194091,-0.1424831842740737,0.08906770497560501,0.04349521920084953,0.3309619013513505,0.6564498009473001,-0.5107954740524292,0.17105436325073242,-0.1798335727010787,0.8275041641980325
9.610139608383179,-0.11317285606272183,0.5936698987816167,-0.38672974705696106,0.3921412527561188,0.894208914503758,-0.18701497143125323,0.047014568001031876,0.03555476292967796,0.34728202593605867,0.6546471358456587,-0.49413973093032837,0.1839592456817627,-0.1468577049942697,0.8386063815274214
9.620139598846436,-0.10407102099579145,0.5916989105877558,-0.38502535223960876,0.3929082155227661,0.9692338103049503,-0.2343722140082818,0.1869184970855713,0.08768455684185028,0.35449052379121504,0.6504107767082964,-0.4752165675163269,0.18503224849700928,-0.12072604372511186,0.8354430252053057
9.630079984664917,-0.09385298744292976,0.5890008587146762,-0.38378965854644775,0.39376044273376465,1.0367088262479767,-0.2765313029582188,0.08010198920965195,0.04891572147607803,0.36959887752751525,0.6453067472241865,-0.4607868790626526,0.18410634994506836,-0.09118800153513734,0.8294130971692548
9.640149354934692,-0.08332445122419016,0.5861642603980035,-0.38140347599983215,0.39380303025245667,1.1143224092827846,-0.3216981485278154,0.26127442717552185,0.028203772380948067,0.3788820456580131,0.6439633556397577,-0.4397181272506714,0.1892908811569214,-0.0608360815926583,0.8332542367966791
9.650172233581543,-0.07147011947855826,0.582540929487711,-0.37969908118247986,0.39384564757347107,1.1833738456239868,-0.3618524269260277,0.17932754755020142,0.016748059540987015,0.39631005233107575,0.6387454740979619,-0.42392271757125854,0.18712162971496582,-0.0276126652401828,0.8258671038129277
9.660079717636108,-0.05973952963670986,0.5789524897730668,-0.3786338269710541,0.39380303025245667,1.2626569441942195,-0.4043285460167141,0.15550342202186584,0.004600713029503822,0.41141482968120613,0.635471336739043,-0.40955865383148193,0.1906282901763916,0.0018561758497241954,0.8260996269154346
9.670140981674194,-0.04623206558514272,0.574453935398518,-0.37543806433677673,0.39380303025245667,1.3425215758612379,-0.4471162229238672,0.41550004482269287,-0.013378883711993694,0.4243984269506949,0.6288902111483305,-0.3796929121017456,0.1856752634048462,0.0447055148489493,0.8145654745531767
9.680146217346191,-0.03279982082391014,0.5699804322153915,-0.37254056334495544,0.39376044273376465,1.417918883478309,-0.4842389961673028,0.17758357524871826,-0.03418634086847305,0.4388451671483155,0.6244132697291644,-0.36908507347106934,0.19089758396148682,0.06976009367724617,0.8153108536906513
9.690140962600708,-0.017875296029396026,0.5647699431697585,-0.3700265884399414,0.39376044273376465,1.5002527649204438,-0.5247770751468686,0.29209885001182556,-0.005737660452723503,0.4588980444255354,0.6172855741137517,-0.35168594121932983,0.18794715404510498,0.10721210320620556,0.8052327281588567
9.700201034545898,-0.0027116062590921766,0.5594556711211714,-0.3670012652873993,0.39380303025245667,1.5747208602286453,-0.5598224148040103,0.2993707060813904,-0.003720056265592575,0.474376876459486,0.6112272121531996,-0.3366262912750244,0.18801593780517578,0.1377505851844616,0.7992431499583754
9.710158109664917,0.013632308760733266,0.5535703651913353,-0.36248457431793213,0.39384564757347107,1.65620281467106,-0.5979828520721995,0.4902690649032593,0.001349264639429748,0.4894517277174238,0.6036104757555074,-0.306007981300354,0.1787409782409668,0.1834437464170698,0.7823514539964742
9.720145463943481,0.030321309377350142,0.5475288249430162,-0.35660436749458313,0.39384564757347107,1.7203999761380238,-0.6307106620567708,0.6063138246536255,0.009149919264018536,0.501933122462652,0.5967481261720657,-0.2636758089065552,0.1811378002166748,0.2382573135560968,0.7778859263887405
9.730084419250488,0.047908762339138794,0.5410051198119707,-0.3499571681022644,0.39371779561042786,1.7892820337614874,-0.6666835054563478,0.6588767170906067,-0.04305621609091759,0.5169158100201856,0.5889536258279028,-0.20946508646011353,0.17324388027191162,0.3074507235600721,0.7621975060998144
9.740140914916992,0.06610347721495609,0.5341957504898547,-0.3435656726360321,0.39376044273376465,1.842099029937938,-0.6979634468784006,0.58167964220047,0.01059458963572979,0.5344442815913217,0.5803806207694826,-0.17601341009140015,0.17354583740234375,0.3584308714999216,0.7539264581718264
9.750141620635986,0.0848524584312137,0.5270082465974598,-0.3364923894405365,0.3935473561286926,1.895339668024374,-0.7317595391305041,0.7513128519058228,-0.017278678715229034,0.5498854558300772,0.5723003619028303,-0.11349707841873169,0.17721247673034668,0.4363883774113455,0.749512838633177
9.760151624679565,0.10403095199586147,0.5195524797535951,-0.32630854845046997,0.3934621512889862,1.935283570035602,-0.7611222714048971,1.131423830986023,-0.041620127856731415,0.5570383060289986,0.5631677593780278,-0.010064542293548584,0.19099318981170654,0.54697376373545,0.7541609491897343
9.770139455795288,0.12355308306855808,0.5117881705036244,-0.313525527715683,0.39363259077072144,1.9728061447652117,-0.7927109358919608,1.3544995784759521,0.019947577267885208,0.5623624684042837,0.5529903097638169,0.10694670677185059,0.16750240325927734,0.6693091751761343,0.7204927130230943
9.780149459838867,0.1434836127150888,0.5036992963731741,-0.29912325739860535,0.39363259077072144,2.0000968456024655,-0.8202668263377291,1.4651200771331787,0.012885457836091518,0.5683451050631693,0.5434156768321978,0.2181870937347412,0.17201769351959229,0.7865321987979105,0.7154333703517901
9.790138244628906,0.16355221447336218,0.49538434414110283,-0.2830592393875122,0.39376044273376465,2.0218648106716666,-0.8496284292067529,1.6306036710739136,0.10709868371486664,0.5718897002106834,0.5329829472743612,0.3292357921600342,0.14853310585021973,0.9011254923707176,0.681516053124581
9.800142049789429,0.1839063101589872,0.4867125064999074,-0.26639869809150696,0.3934195637702942,2.0365033980108525,-0.8752930506258316,1.6998965740203857,-0.017250165343284607,0.5775011267961079,0.5235826596667887,0.42227423191070557,0.1610323190689087,0.9997753587068134,0.6846149787356974
9.810077667236328,0.2041586624811078,0.4779326530680918,-0.2460310310125351,0.39316388964653015,2.0424795753151983,-0.9022912753462649,2.141321897506714,-5.828532812302001e-05,0.5715457695689191,0.5133062782901601,0.5259412527084351,0.16036415100097656,1.0974870222773543,0.6736704292911366
9.820145845413208,0.22476475396849016,0.4686582876464541,-0.22285109758377075,0.39320647716522217,2.0445478586191292,-0.9265324809069533,2.355076313018799,0.011417699977755547,0.5653305682764083,0.500842194739133,0.6032474040985107,0.16856539249420166,1.168577972374919,0.6694075872333347
9.830152750015259,0.24520338747872963,0.4593330936514418,-0.1983928680419922,0.39320647716522217,2.0347570474315635,-0.9515079665885366,2.4509708881378174,0.0046394215896725655,0.55938992988033,0.48989998630169795,0.65534508228302,0.16714274883270264,1.21473501216335,0.6570427351344006
9.840081214904785,0.26532959015785906,0.44969269254287936,-0.1708667129278183,0.393291711807251,2.024233497116855,-0.9735499233696601,2.8671016693115234,-0.030844824388623238,0.5454940593636087,0.477653943812773,0.7103397846221924,0.18967807292938232,1.2558338439858012,0.6673320167421553
9.8501455783844,0.28567275009653076,0.4398683755075758,-0.1409969925880432,0.3935047686100006,1.998591282875278,-0.9963156074828312,3.0025954246520996,0.003929176367819309,0.5315156499209049,0.4651710734597756,0.7457325458526611,0.16741085052490234,1.277248195773566,0.6325819239846779
9.860140562057495,0.3054231675615432,0.4297100405821484,-0.10869850218296051,0.39363259077072144,1.9754224977319446,-1.016645344484811,3.256713628768921,0.012346918694674969,0.512071423993865,0.4524744282594534,0.7778351306915283,0.19328486919403076,1.2899065546853934,0.6457592974534841
9.870147943496704,0.3251858570003757,0.41953305664405216,-0.07469559460878372,0.39363259077072144,1.9340848575591476,-1.0370958032709083,3.3946547508239746,0.00797515269368887,0.4931983976473404,0.4405839956933353,0.7967791557312012,0.17160463333129883,1.2899775533785416,0.6121886290246341
9.880147457122803,0.34411884095748146,0.40896129059119934,-0.0381786972284317,0.3935900032520294,1.8933904852822856,-1.057228026097249,3.7657129764556885,-0.004495386499911547,0.4669395011163846,0.42730607740956983,0.8193717002868652,0.1986478567123413,1.2863112014032498,0.6259539341219111
9.890075445175171,0.36291639907383155,0.39846514337947714,0.0005539319827221334,0.3933769166469574,1.8419083145275472,-1.073643357798332,3.8574609756469727,-0.029642710462212563,0.43976455032786954,0.415478993443541,0.8310014009475708,0.1732649803161621,1.2707659512754403,0.5887439737597031
9.900148153305054,0.38094327993858473,0.3874828900981492,0.04056486859917641,0.3934621512889862,1.78441681535719,-1.091974792060693,3.964458703994751,0.01570078544318676,0.41064722775739115,0.40060523625733635,0.837130069732666,0.19165873527526855,1.2477772974900572,0.5922639715326049
9.910152196884155,0.3987424121559515,0.37654206609764096,0.08228020370006561,0.39312127232551575,1.719756404711383,-1.1066651857254897,4.286710262298584,-0.006715178024023771,0.3793493388673452,0.38875407116061755,0.8503997325897217,0.17839574813842773,1.229749071457067,0.5671498192990453
9.920142412185669,0.4153301774032143,0.36535629985846946,0.1268930286169052,0.3929082155227661,1.6469106118792496,-1.1226284889529552,4.490689754486084,-0.03931127116084099,0.3386553022868895,0.37473108337548583,0.8594708442687988,0.19212043285369873,1.1981261465556883,0.5668515162291845
9.930115699768066,0.4316209732478006,0.3541305690228898,0.17171892523765564,0.3928655982017517,1.572855152986751,-1.1353349498872234,4.462695598602295,-0.029172364622354507,0.30443270733435834,0.36073559888500534,0.858562707901001,0.16670942306518555,1.1629954152353594,0.5274450219501909
9.940159320831299,0.44680532256650135,0.3426290268155631,0.2184622585773468,0.39256733655929565,1.4872687405650886,-1.1491151286045245,4.763272762298584,-0.03460774943232536,0.26142753227547405,0.3470515748675749,0.8606833219528198,0.1885746717453003,1.1221108542282938,0.5356262466128752
9.950140714645386,0.461406600450166,0.33112001232002974,0.26767697930336,0.39248213171958923,1.411129707796352,-1.1601011167227462,4.896797180175781,0.037334274500608444,0.21455740170652682,0.33265649662107166,0.8523092269897461,0.15173029899597168,1.066866628696273,0.48438679561704334
9.960148811340332,0.47501032063288934,0.3194388193098158,0.31672126054763794,0.3922264575958252,1.3267437126687902,-1.1716108678238868,4.843519687652588,-0.036319658160209656,0.17100764823459003,0.31865130494294186,0.8375446796417236,0.17374670505523682,1.0085523278763135,0.4923980099981787
9.97014307975769,0.48794551158529886,0.307685146588361,0.3676404058933258,0.39205601811408997,1.2531591770333712,-1.1808031573950224,5.134011268615723,0.008090616203844547,0.12082133672197651,0.304098512862636,0.8311902284622192,0.14406132698059082,0.9520115651841957,0.4481598398432268
9.980144023895264,0.5000669557921985,0.29582834559367915,0.41962480545043945,0.39205601811408997,1.173063927604293,-1.1900825652095524,5.2544355392456055,0.03034246526658535,0.06954955698921539,0.2889383054690116,0.8161230087280273,0.15825510025024414,0.8856725657172427,0.44719340571925575
9.990070343017578,0.5113272592793747,0.28397072927093525,0.471055269241333,0.39188557863235474,1.103715898700223,-1.1974141992547906,5.143470287322998,0.011115810833871365,0.020892042677900097,0.2748212821697019,0.7937896251678467,0.13557839393615723,0.8146816678457468,0.41039967610585915
10.000078439712524,0.5220638501141596,0.2719581248368995,0.5229970216751099,0.39197081327438354,1.0281440211263266,-1.2044383345216882,5.187026023864746,0.013645553030073643,-0.03062788651768346,0.2590025000545627,0.7819092273712158,0.15024077892303467,0.7512813408535324,0.4092432789775974
10.010145902633667,0.5319625091638966,0.2597904615136121,0.5748962163925171,0.39197081327438354,0.9607227245439418,-1.210126127033293,5.142762184143066,0.01445150189101696,-0.0827910122851584,0.2437329341651291,0.7696795463562012,0.13288259506225586,0.6868885340710428,0.37661552922738495
10.020153760910034,0.541353342849285,0.24766463403029196,0.6259858012199402,0.39197081327438354,0.8893237749537768,-1.2149265995143708,5.027728080749512,-0.004931126721203327,-0.13256447443781175,0.22868838814810294,0.7621922492980957,0.14985263347625732,0.629627774860284,0.37854102162436026
10.0300612449646,0.5496834883675524,0.2355954407228955,0.6742204427719116,0.39184296131134033,0.8271150065864781,-1.218711632954836,5.0579657554626465,-0.02962108701467514,-0.17735950727921274,0.21410276073045914,0.7681348323822021,0.1386510133743286,0.5907753251029895,0.35275377410478775
10.040052652359009,0.5578097090130966,0.22341353553349483,0.7302954196929932,0.3918003737926483,0.7602468137615297,-1.2212640351756114,4.951579570770264,-0.03321920335292816,-0.25167647813624394,0.19846607951986128,0.7772018909454346,0.1546792984008789,0.5255254128091906,0.3531453779207402
10.050063371658325,0.5648879895496601,0.21116748444227024,0.7758456468582153,0.3915446996688843,0.7003688805430279,-1.2233276899585679,4.698122978210449,-0.0656411424279213,-0.2797330254261109,0.1836539997044984,0.7871490716934204,0.15391314029693604,0.5074160462673095,0.3375671400014344
10.060073137283325,0.5718314464084674,0.1989219220237719,0.8228020668029785,0.39141687750816345,0.6380744003040455,-1.223642507823401,4.562401294708252,0.040400709956884384,-0.3318344965254307,0.16808800499259394,0.803685188293457,0.16950774192810059,0.47185069176802635,0.3375957469206945
10.070158004760742,0.5777014787838446,0.1865787948402451,0.8708236813545227,0.39086294174194336,0.581189857935513,-1.2238956852086122,4.5052618980407715,-0.010962105356156826,-0.3878661221275359,0.15378093638516066,0.8337647914886475,0.1807783842086792,0.44589866936111155,0.33455932059383986
10.080149412155151,0.5834997362773945,0.17435065027275076,0.9075109958648682,0.39030900597572327,0.5230480634225358,-1.2219065692743047,4.2503767013549805,-0.05604403093457222,-0.4037039852672976,0.13913801763288464,0.8576823472976685,0.19553625583648682,0.45397836203037084,0.33467427346937145
10.090140581130981,0.5881533539676504,0.16216195256806945,0.9508029818534851,0.3888602554798126,0.46577309437100567,-1.2199471087084328,4.040950775146484,-0.1540045142173767,-0.46701924830000496,0.12721181095571987,0.8809672594070435,0.1897592544555664,0.4139480111070385,0.3169710654112863
10.100150346755981,0.5928156334767352,0.14995056793500164,0.992688775062561,0.38724106550216675,0.4165302092004346,-1.215763513760919,3.9569993019104004,-0.12669679522514343,-0.5104572481095982,0.1138475204856424,0.8977799415588379,0.19857776165008545,0.38732269344923964,0.31242528213572784
10.110149383544922,0.5964886806943918,0.13783589091705012,1.0326570272445679,0.3859201669692993,0.36275405503011626,-1.2111947796970126,3.6849210262298584,-0.13559916615486145,-0.5538995499817372,0.0994994815400082,0.9181383848190308,0.14615440368652344,0.3642388348372936,0.24565388522653164
10.120080471038818,0.600045987997596,0.12581125267557738,1.0624841451644897,0.38447141647338867,0.3183904716556931,-1.2049938793315969,3.4512200355529785,-0.16799494624137878,-0.5672222866552007,0.08620955706918637,0.9322669506072998,0.14254510402679443,0.3650446639520991,0.2287546610959808
10.130074739456177,0.6028276778589442,0.11382669599568812,1.0985749959945679,0.38076433539390564,0.2688609368963526,-1.197760259543938,3.2714641094207764,-0.3973742425441742,-0.6232549697942438,0.07980566008141782,0.9453184604644775,0.1121816635131836,0.32206349067023377,0.1919873235946014
10.14012360572815,0.6054337673260527,0.10180453386610872,1.131683111190796,0.37782421708106995,0.22714032966953823,-1.1893195558107,2.928924083709717,-0.2756890058517456,-0.6563481275654254,0.0661939923357906,0.9565575122833252,0.07691836357116699,0.3002093847178998,0.1431123559069576
10.150068283081055,0.6073756932031545,0.09004652203287306,1.159464955329895,0.3752676248550415,0.18227921904976085,-1.1794972631437624,2.67863130569458,-0.29551687836647034,-0.6802401715940846,0.053772652814926214,0.9639544486999512,0.05705523490905762,0.2837142771058666,0.11082788772398383
10.160078048706055,0.6090693506022153,0.07826869454387053,1.1797473430633545,0.3723275363445282,0.14444670619357325,-1.1690229029525212,2.4932312965393066,-0.3733563721179962,-0.6903269841100103,0.0427184919309726,0.968476414680481,0.0357438325881958,0.2781494305704707,0.0784623245191684
10.170068502426147,0.6102656141744295,0.06666551388026243,1.202415943145752,0.36738473176956177,0.10376641038245893,-1.1565153611998342,2.143490791320801,-0.5126177668571472,-0.724229601589685,0.03787788953274046,0.9747405052185059,-0.01719498634338379,0.2505109036288209,0.02068290318935667
10.180069208145142,0.6111434337524556,0.05514871232010829,1.2226130962371826,0.36214369535446167,0.06928745534883163,-1.143885719739146,1.8789706230163574,-0.4752767086029053,-0.7455526744621517,0.029888213313713607,0.9796189069747925,-0.021635711193084717,0.2340662325126408,0.00825250212062889
10.190138101577759,0.6116536556829687,0.04370924148215362,1.2389754056930542,0.3564339280128479,0.03274822626203644,-1.128641862309529,1.4716438055038452,-0.5709204077720642,-0.7601499745165301,0.022853793669407763,0.9844404458999634,-0.10078257322311401,0.22429047138343328,-0.07792877955370625
10.200069904327393,0.6118033022824827,0.032573052935591824,1.2527384757995605,0.3499998152256012,0.002084020129924369,-1.114036202066362,1.240197777748108,-0.6697309017181396,-0.7745724953822569,0.017996851183121387,0.9869186878204346,-0.09545224905014038,0.21234619243817765,-0.077455397867019
10.210074663162231,0.6116933024852413,0.021500248860520956,1.262283205986023,0.34258565306663513,-0.029951059774273148,-1.0961985244459589,0.8060699701309204,-0.7836810350418091,-0.7808431439301274,0.01440900695339159,0.989363431930542,-0.18785691261291504,0.20852028800041456,-0.17344790565952345
10.220088481903076,0.6112033810285797,0.010628909080408172,1.267907738685608,0.33542710542678833,-0.05745175715875561,-1.079319554793414,0.6355921030044556,-0.9349509477615356,-0.783726754693337,0.008546163151364583,0.99049973487854,-0.12144863605499268,0.20677298018520307,-0.11290247290362809
10.23007869720459,0.6105444376482242,-9.079397919246066e-05,1.2728078365325928,0.3246041536331177,-0.0850692256693506,-1.05886944008107,0.3639588952064514,-1.0906789302825928,-0.7919358319038706,0.015003363590471386,0.9918193817138672,-0.22110003232955933,0.19988354980999656,-0.20609666873908794
10.240079641342163,0.6095023382910734,-0.010538814915503585,1.274810552597046,0.3136959671974182,-0.1091387948285778,-1.0397998041752001,0.11052250862121582,-1.0642170906066895,-0.7932223916555464,0.014972456591922423,0.9928460121154785,-0.17485159635543823,0.1996236204599321,-0.1598791397635158
10.250140905380249,0.6083542748261344,-0.020950880751570426,1.2738730907440186,0.3023616373538971,-0.13254666042263707,-1.016558026410637,-0.1026243269443512,-1.123761534690857,-0.7904687612341273,0.015710120344577472,0.993084192276001,-0.24119067192077637,0.20261543104187363,-0.2254805515761989
10.260078430175781,0.6068561009074459,-0.030873247331953728,1.2735322713851929,0.28804463148117065,-0.15278131881891355,-0.9957213865241497,-0.07829262316226959,-1.4699041843414307,-0.7964177972837758,0.026652766549914386,0.9934203624725342,-0.18364644050598145,0.19700256518875836,-0.15699367395606706
10.270070791244507,0.6053091382040633,-0.04079519154719462,1.2699530124664307,0.2724493145942688,-0.1716955959076074,-0.9699674102469253,-0.5030156373977661,-1.5507911443710327,-0.7902583157718851,0.03476530248997739,0.9935991764068604,-0.31599169969558716,0.20334086063497525,-0.28122639720560977
10.280078172683716,0.6034217256987348,-0.050271654756915786,1.2639023065567017,0.2560443878173828,-0.18871831000117467,-0.9467204841987518,-0.5503746271133423,-1.5321499109268188,-0.7836422916319946,0.044364376391285654,0.9938031435012817,-0.2160610556602478,0.21016085186928712,-0.17169667926896215
10.290079832077026,0.601533067163686,-0.05973816296789848,1.259215235710144,0.24223873019218445,-0.20328318769770704,-0.9183042831080406,-0.6556487083435059,-1.6175618171691895,-0.7856446877181529,0.043184819809805985,0.9934513568878174,-0.31958717107772827,0.2078066691696645,-0.2764023512679223
10.300079107284546,0.5993559408445568,-0.06863873306890383,1.2515454292297363,0.22447028756141663,-0.217728412704556,-0.8901215254393704,-0.8757288455963135,-1.7055187225341797,-0.7762736937786203,0.06171127699409312,0.993466854095459,-0.2744964361190796,0.21719316031683866,-0.21278515912498647
10.310141801834106,0.5971650063327502,-0.07759575409138911,1.2397849559783936,0.20640358328819275,-0.2271109124948154,-0.8615628864539713,-1.2315151691436768,-1.8221224546432495,-0.7592070099332442,0.07199052098741354,0.992110013961792,-0.408935010433197,0.2329030040285478,-0.3369444894457835
10.320078134536743,0.5948162998083115,-0.08587632484294082,1.2280246019363403,0.18769772350788116,-0.23725417976305962,-0.8306886083274421,-1.1005736589431763,-1.9381189346313477,-0.7507616485644619,0.08603778318456445,0.9925183057785034,-0.2813436985015869,0.2417566572140415,-0.19530591531702246
10.330078125,0.5924349181163576,-0.09415628907140516,1.2143467664718628,0.16818226873874664,-0.24286139108782479,-0.8007654034764506,-1.434659719467163,-1.9791916608810425,-0.7359239389210375,0.10009142062594878,0.9902364015579224,-0.4755702614784241,0.2543124626368849,-0.3754788408524753
10.340079069137573,0.5899588359992701,-0.10189232936545022,1.1971322298049927,0.1462806612253189,-0.24870944327888012,-0.7670467466574991,-1.6278687715530396,-2.1194231510162354,-0.7137824854820032,0.12195756268426988,0.9887628555297852,-0.41775476932525635,0.274980370047782,-0.29579720664098647
10.350061655044556,0.5874648667379196,-0.1094848286390414,1.179193377494812,0.12352683395147324,-0.250882070114006,-0.7349249226768642,-1.7362991571426392,-2.2690906524658203,-0.6962026828683394,0.1412106311959569,0.9872565269470215,-0.5082745552062988,0.29105384407868207,-0.36706392401034194
10.36008358001709,0.5849399801167433,-0.11659212094759074,1.1611266136169434,0.09979297965765,-0.25237317347957244,-0.6985030636094622,-1.754726767539978,-2.376725435256958,-0.6796631882785852,0.16322743314590343,0.9860568046569824,-0.438226580619812,0.30639361637839724,-0.2749991474739086
10.37008547782898,0.5824114085181091,-0.12347195720391309,1.1396511793136597,0.07375817745923996,-0.2510612631204232,-0.664091531748209,-2.1156041622161865,-2.5054373741149902,-0.6523459412202737,0.19048127965138367,0.9817562103271484,-0.587620735168457,0.32941026910687476,-0.39713945551707336
10.380145788192749,0.5799033415881971,-0.12991247945343623,1.1223514080047607,0.05309225246310234,-0.24818425291699953,-0.6249808777691523,-2.082821846008301,-2.4807074069976807,-0.6450760048824808,0.19696061762870837,0.9811892509460449,-0.45711642503738403,0.3361132460635641,-0.26015580740867567
10.390164613723755,0.5774279905348363,-0.13602229257433596,1.100748062133789,0.02731310948729515,-0.24333699990484448,-0.5883173144945664,-2.1160728931427,-2.5323777198791504,-0.6155431105104957,0.23079832606293685,0.9785234928131104,-0.5521034002304077,0.36298038230261465,-0.3213050741674709
10.40014386177063,0.5750367754593502,-0.14167939212662511,1.077653408050537,0.0024713887833058834,-0.23611950296938033,-0.5467175188856785,-2.4102590084075928,-2.436225414276123,-0.5895585618512315,0.2522738509149225,0.9732089042663574,-0.5491435527801514,0.38365034241512597,-0.2968697018652289
10.410139799118042,0.5727115765858986,-0.14694240260190639,1.0536212921142578,-0.022327719256281853,-0.22782709046430583,-0.5082068416869738,-2.4137778282165527,-2.5032436847686768,-0.563426944127828,0.27592166208392044,0.9692432880401611,-0.5391119718551636,0.4058163439123331,-0.26319030977124314
10.420121431350708,0.5704852070396257,-0.1518326530919408,1.0289925336837769,-0.048405133187770844,-0.2162398077486145,-0.4638935017987844,-2.457458257675171,-2.609119415283203,-0.536987163130594,0.3042346798883455,0.9648206233978271,-0.5417650938034058,0.4278334602672331,-0.23753041391506025
10.430089235305786,0.5683975262167947,-0.15619753585493604,1.0028724670410156,-0.07405644655227661,-0.20449829988306334,-0.4233371225451634,-2.6718592643737793,-2.5938074588775635,-0.5066262060385303,0.32964836657305946,0.9589731693267822,-0.5777629613876343,0.45234696328825197,-0.24811459481457482
10.440120458602905,0.5663960690658429,-0.16029713096754214,0.9701053500175476,-0.10298873484134674,-0.18852845167403487,-0.3763038976409625,-2.780695915222168,-2.4547998905181885,-0.4578557032101457,0.3663108899502185,0.9544126987457275,-0.5491209626197815,0.49655699553558186,-0.182810072669563
10.450133562088013,0.5646182022546917,-0.16374146651228533,0.9420253038406372,-0.12706348299980164,-0.17333747065884353,-0.33368008027032836,-2.803288221359253,-2.3431894779205322,-0.4367296773910926,0.382516112027118,0.9492505788803101,-0.5506616830825806,0.5125209014892175,-0.16814557105546257
10.460049390792847,0.5629408220232539,-0.16694901331722042,0.9130503535270691,-0.15079733729362488,-0.15312497191668228,-0.28429280473175744,-2.9589180946350098,-2.346179962158203,-0.4033822499858093,0.40687486406004225,0.9402821063995361,-0.5769041776657104,0.5368998564137268,-0.1700293136056682
10.470051050186157,0.5615711022813673,-0.16939710946786718,0.883308470249176,-0.17453119158744812,-0.13435908403929986,-0.23928039877855412,-2.885739326477051,-2.3640575408935547,-0.3684734163067204,0.43395721146890903,0.9336165189743042,-0.5043573379516602,0.5651431026675837,-0.07040012648275112
10.480050086975098,0.5602535332198841,-0.17173481666063364,0.8531831502914429,-0.19779632985591888,-0.10970041801315844,-0.1870283037501359,-2.962819814682007,-2.2209408283233643,-0.33420465897901963,0.458457720677591,0.9217685461044312,-0.5633924007415771,0.5875638871254115,-0.10493468006398615
10.490050554275513,0.5593772114676571,-0.17313744898842098,0.8240803480148315,-0.22003883123397827,-0.0876280803588751,-0.14025667857832283,-2.898833990097046,-2.1517558097839355,-0.30255423563967865,0.48347804501603514,0.9128727912902832,-0.44758641719818115,0.6103185556506046,0.03589162781785399
