timestep,episode,hip_pos_l,hip_pos_r,exo_pos_l,exo_pos_r,hip_vel_l,hip_vel_r,exo_vel_l,exo_vel_r,act_iliopsoas_l,act_iliopsoas_r,act_glut_l,act_glut_r,muscle_length_iliopsoas_l,muscle_length_iliopsoas_r,muscle_length_glut_l,muscle_length_glut_r,muscle_force_iliopsoas_l,muscle_force_iliopsoas_r,muscle_force_glut_l,muscle_force_glut_r,motor_torque_l,motor_torque_r,pid_output_l,pid_output_r,hip_pos_target_l,hip_pos_target_r,hip_vel_target_l,hip_vel_target_r
149001,149,-0.0,-0.0,-0.0,-0.0,0.0,0.0,0.0,0.0,0.009999999776482582,0.009999999776482582,0.009999999776482582,0.009999999776482582,1.0680406093597412,1.0680406093597412,0.7233721613883972,0.7233721613883972,0.0,0.0,0.0,0.0,0.0,0.0,0.00023616055873571117,0.0,0.0,0.00011691116769094612,0.0,-1.0447034592521818
149002,149,0.007763687986880541,0.004689703229814768,0.005755656398832798,0.005577444098889828,-0.6730804443359375,-1.2329756021499634,-1.0300498008728027,-1.0838370323181152,0.009999999776482582,0.009999999776482582,0.009999999776482582,0.019332384690642357,1.055720329284668,1.0557204484939575,0.7169663906097412,0.7140256762504578,0.0,0.0,0.0,0.0,0.0,0.0,-0.020864511094805666,0.0,0.0,-0.010330123424831429,0.0,-1.0447034592521813
149003,149,0.00023786909878253937,-0.011922387406229973,-0.005385329946875572,-0.008128955028951168,0.2733505964279175,-0.9207360148429871,-0.029329806566238403,-0.5630267858505249,0.07294414192438126,0.1109851822257042,0.009999999776482582,0.01817512884736061,1.0315327644348145,1.0276483297348022,0.710648775100708,0.7036125659942627,0.0,0.0,0.0,0.0,0.0,0.0,0.13347456367147864,0.08527941691689192,0.0,-0.020690253406756048,0.0,-0.9984746488223865
149004,149,0.0034626044798642397,-0.02143101952970028,-0.0024405119474977255,-0.014355512335896492,0.29413390159606934,-1.0768885612487793,0.445324182510376,-0.8188605904579163,0.06410513818264008,0.10922149568796158,0.037114545702934265,0.017163649201393127,1.0042028427124023,0.9999428987503052,0.6973912119865417,0.6938773393630981,0.0,0.06679319590330124,0.0,0.0,0.0,0.0,0.09951826162129757,-0.04163835880346596,0.0,-0.03067499989498059,0.0,-0.9984746488223865
149005,149,0.0029147397726774216,-0.035467762500047684,0.00044938179780729115,-0.026933860033750534,-0.19827958941459656,-1.53246009349823,0.27676257491111755,-1.4854902029037476,0.0566522516310215,0.11903295665979385,0.04904033988714218,0.016279693692922592,0.9902083873748779,0.9973487257957458,0.6828758716583252,0.6847600936889648,0.05040246993303299,0.12287373840808868,0.025951804593205452,0.0,0.0,0.0,0.12169592276138042,-0.05127457743044942,0.0,-0.040614408538753366,0.0,-0.951121543448045
149006,149,0.002069408306851983,-0.049396198242902756,0.004734489135444164,-0.04166041687130928,-0.07488085329532623,-1.3756835460662842,0.4100226163864136,-1.5378100872039795,0.05215844884514809,0.18003135919570923,0.04383024945855141,0.015505210496485233,0.9899243712425232,0.9964061975479126,0.6825137734413147,0.6761940717697144,0.052131958305835724,0.16858920454978943,0.024487312883138657,0.0,0.0,0.0,0.1988738694001787,0.023624880840070545,0.0,-0.050083881914268207,0.0,-0.9469473375514328
149007,149,0.0011360598728060722,-0.06181788071990013,0.0072973608039319515,-0.05689471587538719,-0.11149955540895462,-1.1410685777664185,0.08980909734964371,-1.5053973197937012,0.04649091511964798,0.1830417811870575,0.039368562400341034,0.014827464707195759,0.9909581542015076,0.9971258044242859,0.682124137878418,0.6681329607963562,0.04810452461242676,0.19346801936626434,0.021453095600008965,0.0,0.0,0.0,0.18407216887912972,0.006764345187693834,0.0,-0.05955335528978305,0.0,-0.9217848711986326
149008,149,-0.0007549766451120377,-0.07316998392343521,0.005941986571997404,-0.07207106053829193,-0.2290273755788803,-1.0830154418945312,-0.2683640122413635,-1.4892346858978271,0.04219398647546768,0.17823320627212524,0.035539016127586365,0.014234650880098343,0.9919832944869995,0.9994170069694519,0.6818395853042603,0.6605316996574402,0.04301498830318451,0.19323888421058655,0.01965521089732647,0.0,0.0,0.0,0.15577433591765016,0.01410112617537379,0.0,-0.06846139646755374,0.0,-0.8901215254393259
149009,149,-0.0020351149141788483,-0.08143293112516403,0.0034921003971248865,-0.08514050394296646,-0.14189817011356354,-0.722461462020874,-0.29875147342681885,-1.180422067642212,0.041316885501146317,0.1736360639333725,0.032244596630334854,0.01371623482555151,0.9926362037658691,1.0019845962524414,0.6816094517707825,0.6573848724365234,0.041153937578201294,0.1894882470369339,0.01797230914235115,0.0048573859967291355,0.0,0.0,0.15188428887917954,0.0355274717696011,0.0,-0.07736261172194747,0.0,-0.8901215254393259
149010,149,-0.0031796556431800127,-0.08892408013343811,-1.0875985026359558e-05,-0.09493249654769897,-0.09524358808994293,-0.77182936668396,-0.3849758803844452,-0.8036452531814575,0.03918108344078064,0.1605282723903656,0.02939133532345295,0.013260963372886181,0.9934050440788269,1.0052489042282104,0.6812937259674072,0.6551612615585327,0.04008160158991814,0.1814616620540619,0.015944907441735268,0.004516203422099352,0.0,0.0,0.0975423838778007,0.02505906978622079,0.0,-0.0857121705396961,0.0,-0.8279972124860561
149011,149,-0.0049611167050898075,-0.09705901890993118,-0.004509280901402235,-0.10215841978788376,-0.2185470014810562,-0.813027560710907,-0.46877479553222656,-0.6479023694992065,0.036731574684381485,0.1508813351392746,0.026923008263111115,0.012862207368016243,0.994076669216156,1.0087523460388184,0.6812868714332581,0.6532226204872131,0.036212172359228134,0.16873866319656372,0.015572833828628063,0.004581215791404247,0.0,0.0,0.1032685620934673,0.020413557053543627,0.0,-0.09399214266455713,0.0,-0.8279972124860627
149012,149,-0.005110864527523518,-0.10432370007038116,-0.007855141535401344,-0.10699497908353806,0.07358673214912415,-0.7081469297409058,-0.24881085753440857,-0.41514912247657776,0.04170979931950569,0.1441161185503006,0.024780577048659325,0.012512384913861752,0.9934887886047363,1.0119320154190063,0.6815824508666992,0.6512861251831055,0.03936457261443138,0.1596163958311081,0.014168460853397846,0.00420734379440546,0.0,0.0,0.11012715560438781,0.042571213520132004,0.0,-0.10174083111555474,0.0,-0.7605743986916399
149013,149,-0.004492821637541056,-0.11155041307210922,-0.00933895818889141,-0.11123234033584595,0.03304503485560417,-0.7552432417869568,-0.07044865190982819,-0.4549277424812317,0.037549007683992386,0.13584797084331512,0.02291845716536045,0.012205477803945541,0.9938153028488159,1.0152500867843628,0.6815534234046936,0.6489423513412476,0.03777360916137695,0.15280477702617645,0.012839832343161106,0.003564443439245224,0.0,0.0,0.09361247780531215,-0.0008471335889771569,0.0,-0.10934657510247155,0.0,-0.7605743986916399
149014,149,-0.004892163909971714,-0.12024254351854324,-0.009799148887395859,-0.11711230874061584,-0.04612047225236893,-0.9038170576095581,0.013072781264781952,-0.6773316264152527,0.033966705203056335,0.1301865130662918,0.02129725180566311,0.011936088092625141,0.9943953156471252,1.018553376197815,0.6816079020500183,0.6466484069824219,0.03392183408141136,0.1445540189743042,0.012109723873436451,0.0037307424936443567,0.0,0.0,0.10082145861848425,0.004087891657836735,0.0,-0.11645200517998859,0.0,-0.6878530840560572
149015,149,-0.0049606803804636,-0.12844733893871307,-0.008727035485208035,-0.12457946687936783,0.003104202449321747,-0.7894327640533447,0.14858737587928772,-0.8241773843765259,0.03175951540470123,0.12962251901626587,0.019885670393705368,0.011699841357767582,0.9947697520256042,1.0212278366088867,0.681716799736023,0.6446470618247986,0.031362682580947876,0.1398695856332779,0.011305630207061768,0.0038061365485191345,0.0,0.0,0.12667297035358044,0.01685924554709345,0.0,-0.12333053602054957,0.0,-0.6878530840560638
149016,149,-0.004874915350228548,-0.1356682926416397,-0.0069199069403111935,-0.13321642577648163,0.007272787392139435,-0.6829912662506104,0.19233322143554688,-0.8919969797134399,0.028972825035452843,0.1269751787185669,0.018656013533473015,0.011492741294205189,0.9951624870300293,1.023471474647522,0.6817989945411682,0.6429444551467896,0.028842011466622353,0.13586221635341644,0.010575973428785801,0.004010999575257301,0.0,0.0,0.11305929015029022,0.009711790890432894,0.0,-0.12975031971785705,0.0,-0.6098332685793215
149017,149,-0.00485860975459218,-0.14176113903522491,-0.004922917578369379,-0.1420394629240036,-0.00548844039440155,-0.5556654334068298,0.19550131261348724,-0.8743420243263245,0.026556523516774178,0.12258164584636688,0.017581423744559288,0.011310774832963943,0.9955039024353027,1.0256083011627197,0.6819341778755188,0.6414266228675842,0.02598358318209648,0.13173465430736542,0.0102448845282197,0.003815931035205722,0.0,0.0,0.09933470031890586,0.009012471395544707,0.0,-0.13584865240365068,0.0,-0.6098332685793215
149018,149,-0.00447613000869751,-0.14743638038635254,-0.0032701825257390738,-0.15014119446277618,0.08620204031467438,-0.5880224108695984,0.12975294888019562,-0.7265938520431519,0.024586159735918045,0.11605332791805267,0.01664305105805397,0.01115110982209444,0.9953519105911255,1.0278416872024536,0.6825037002563477,0.6400135159492493,0.023129016160964966,0.1249598041176796,0.010240775533020496,0.003991381265223026,0.0,0.0,0.0810424343051964,0.010991216567344963,0.0,-0.14154040171401913,0.0,-0.5265149522614327
149019,149,-0.002545036841183901,-0.15250450372695923,-0.0018840509001165628,-0.15581917762756348,0.24619454145431519,-0.4797166883945465,0.11613123118877411,-0.47443240880966187,0.022750483825802803,0.11150197684764862,0.01582343317568302,0.01101105846464634,0.9948792457580566,1.0298985242843628,0.6832643747329712,0.6387684941291809,0.021207964047789574,0.11874835193157196,0.009832615964114666,0.004049263428896666,0.0,0.0,0.08672878116463185,-0.003437792430631817,0.0,-0.14680555123663386,0.0,-0.5265149522614461
149020,149,-6.548687815666199e-05,-0.15707911550998688,-0.0010149050503969193,-0.1598527878522873,0.2600187063217163,-0.4251510500907898,0.08746764063835144,-0.3368278741836548,0.021153466776013374,0.10525551438331604,0.029138635843992233,0.010888120159506798,0.9946059584617615,1.0319501161575317,0.6831361055374146,0.6374829411506653,0.020447304472327232,0.1132124811410904,0.01642063818871975,0.0038218083791434765,0.0,0.0,0.07079206815265958,-0.031247953199781478,0.0,-0.15172687815333405,0.0,-0.43789813510239756
149021,149,0.0010137669742107391,-0.16190575063228607,-0.0005374625325202942,-0.16331075131893158,0.03709052503108978,-0.47107553482055664,0.07563948631286621,-0.301923543214798,0.019762227311730385,0.09886166453361511,0.03694947808980942,0.010780179873108864,0.9944968223571777,1.0338512659072876,0.6830549240112305,0.6365793943405151,0.018996460363268852,0.10472146421670914,0.021070100367069244,0.004334143362939358,0.0,0.0,0.06301794839121551,-0.03827936811838299,0.0,-0.15610585950435826,0.0,-0.43789813510238434
149022,149,0.0019376392010599375,-0.16510207951068878,0.0012080817250534892,-0.1651659905910492,0.0789867639541626,-0.24844418466091156,0.19644084572792053,-0.14579975605010986,0.018548347055912018,0.09474615752696991,0.03345518931746483,0.01068535540252924,0.9947971701622009,1.035439133644104,0.6829869747161865,0.6357440948486328,0.018950752913951874,0.09986461699008942,0.01849006861448288,0.004018847364932299,0.0,0.0,0.07137668580490575,-0.007018923969008028,0.0,-0.1602143760206611,0.0,-0.3439828171021894
149023,149,0.0010395459830760956,-0.16842830181121826,0.0023129547480493784,-0.1672385334968567,-0.1656966507434845,-0.3386177718639374,0.08337675034999847,-0.20777837932109833,0.017488999292254448,0.0862962082028389,0.031105460599064827,0.010602102614939213,0.9951468706130981,1.0371874570846558,0.6829807758331299,0.6349238157272339,0.01698163151741028,0.09281755238771439,0.01800691895186901,0.004001190420240164,0.0,0.0,0.03752394220210039,-0.015189857045188545,0.0,-0.16365420419168317,0.0,-0.3439828171021762
149024,149,0.001023417222313583,-0.17157526314258575,0.003218782367184758,-0.16886380314826965,0.07797941565513611,-0.3345963954925537,0.041968539357185364,-0.18287897109985352,0.02250002510845661,0.08119643479585648,0.028408624231815338,0.010528999380767345,0.9945444464683533,1.0390007495880127,0.6830672025680542,0.6339413523674011,0.021486250683665276,0.08697062730789185,0.01594063825905323,0.0038482591044157743,0.0,0.0,0.05122620425546806,0.023288050675764678,0.0,-0.16690752230085934,0.0,-0.2447689982608348
149025,149,0.0007133316248655319,-0.17524191737174988,0.002634062198922038,-0.17172876000404358,-0.07446755468845367,-0.3648254871368408,-0.1004548966884613,-0.34290045499801636,0.020933037623763084,0.07699478417634964,0.026479722931981087,0.010464666411280632,0.9947296380996704,1.0404382944107056,0.6830406785011292,0.6332789659500122,0.02080792933702469,0.0807279497385025,0.01494694221764803,0.004280066583305597,0.0,0.0,0.05206594151446097,-0.013251570106949656,0.0,-0.16935521228346778,0.0,-0.2447689982608348
149026,149,0.0004241727292537689,-0.17754623293876648,0.0018331967294216156,-0.17490334808826447,-0.04237985610961914,-0.17684608697891235,-0.10071432590484619,-0.32628875970840454,0.01959707960486412,0.0744648203253746,0.024396074935793877,0.010408234782516956,0.9951897859573364,1.0414600372314453,0.6828917860984802,0.6327768564224243,0.01984001137316227,0.07750019431114197,0.013528397306799889,0.004172962158918381,0.0,0.0,0.05929276979665109,0.0102213800069876,0.0,-0.171710943978788,0.0,-0.148723177806131
149027,149,-0.00048147886991500854,-0.17955586314201355,0.00023842230439186096,-0.1784328669309616,-0.11673356592655182,-0.20397305488586426,-0.18413212895393372,-0.34563905000686646,0.01840384118258953,0.06859087198972702,0.022584687918424606,0.010358649305999279,0.9954555630683899,1.0424835681915283,0.6829721331596375,0.6324555277824402,0.01780802197754383,0.07198328524827957,0.013155944645404816,0.004421697463840246,0.0,0.0,0.0329880117789125,0.005978059556800872,0.0,-0.1731135107645712,0.0,-0.1402566785783073
149028,149,-0.00023125114967115223,-0.18071015179157257,-0.00104985770303756,-0.1809888780117035,0.08379830420017242,-0.09487410634756088,-0.12681373953819275,-0.22508230805397034,0.01888219639658928,0.06435900926589966,0.02100754715502262,0.01031507272273302,0.9954003095626831,1.0435553789138794,0.683074951171875,0.6320096254348755,0.018388114869594574,0.06814119219779968,0.011849853210151196,0.004059076774865389,0.0,0.0,0.038371979511716135,0.01895204880507663,0.0,-0.17451607755035445,0.0,-0.09165460465571888
149029,149,-0.00030316412448883057,-0.18257758021354675,-0.002530944300815463,-0.1833287924528122,-0.038166746497154236,-0.22201082110404968,-0.11205783486366272,-0.19765424728393555,0.01778046041727066,0.058750398457050323,0.019837064668536186,0.010276836343109608,0.9955105781555176,1.0446850061416626,0.6831570267677307,0.6316230297088623,0.017351729795336723,0.062383003532886505,0.011388427577912807,0.004356764256954193,0.0,0.0,0.02379694652515716,-0.011623562131426297,0.0,-0.17483422086211478,0.0,-0.030495883183302375
149030,149,-0.0001224204752361402,-0.18390841782093048,-0.0025732971262186766,-0.18430207669734955,0.029819175601005554,-0.0971100702881813,0.050728313624858856,-0.050158798694610596,0.016818253323435783,0.05702268332242966,0.018614236265420914,0.01024325005710125,0.9955651760101318,1.0453091859817505,0.6833231449127197,0.6315304040908813,0.01633286476135254,0.05865675210952759,0.010757267475128174,0.004621618892997503,0.0,0.0,0.046141160929304856,0.006821084705297836,0.0,-0.17513917969394777,0.0,-0.03049588318328916
149031,149,0.00027323514223098755,-0.18424631655216217,-0.001592859742231667,-0.1843440979719162,0.045560047030448914,0.01885848492383957,0.12862417101860046,0.02839236706495285,0.015976760536432266,0.053570784628391266,0.017546266317367554,0.010213727131485939,0.995822012424469,1.0458146333694458,0.6832321882247925,0.6314573884010315,0.01612861081957817,0.05600063130259514,0.009640224277973175,0.0044325231574475765,0.0,0.0,0.031686464564755934,-0.003735842498426791,0.0,-0.17442464688180706,0.0,0.08431328740960922
149032,149,-0.00041080269147641957,-0.1847032755613327,-0.0007537789642810822,-0.1843358278274536,-0.1142776682972908,-0.051276795566082,0.08670532703399658,0.02310141921043396,0.01524015050381422,0.04861590638756752,0.016612520441412926,0.010187770240008831,0.9962043166160583,1.0464472770690918,0.6830503344535828,0.6314671039581299,0.015199539251625538,0.05127134919166565,0.00928172841668129,0.004625561181455851,0.0,0.0,0.016866540544497398,-0.00689374915062217,0.0,-0.17358151400771096,0.0,0.08431328740960922
149033,149,-0.0011135861277580261,-0.18468524515628815,0.00031967085669748485,-0.1835673600435257,-0.05345875769853592,0.024725139141082764,0.08557113260030746,0.09478618949651718,0.01803627796471119,0.04641280323266983,0.015796979889273643,0.010164988227188587,0.996304988861084,1.0468636751174927,0.6826304197311401,0.6315149068832397,0.018209315836429596,0.048325859010219574,0.00821880903095007,0.004603879526257515,0.0,0.0,0.03213333339355159,0.01845819986978313,0.0,-0.17179431226209094,0.0,0.20412080807174518
149034,149,-0.002942723222076893,-0.18460223078727722,4.9583613872528076e-05,-0.1830454021692276,-0.2483290433883667,0.024843834340572357,-0.10263025015592575,0.04455513507127762,0.01713629625737667,0.04357997700572014,0.01508378330618143,0.010144978761672974,0.9966974854469299,1.0471007823944092,0.6824022531509399,0.6316962242126465,0.016685327515006065,0.04557155445218086,0.008730963803827763,0.004648232366889715,0.0,0.0,0.02507804135832118,0.010763201875088271,0.0,-0.16975310418137338,0.0,0.20412080807174518
149035,149,-0.0033947392366826534,-0.18407747149467468,-0.0010412299307063222,-0.18203234672546387,0.06085027754306793,0.03803185373544693,-0.152579665184021,0.10338523983955383,0.0398591011762619,0.04192544147372246,0.014459476806223392,0.010127398185431957,0.9936679601669312,1.0471858978271484,0.6826826333999634,0.6319285035133362,0.03414013981819153,0.04317518323659897,0.008618229068815708,0.0049057756550610065,0.0,0.0,0.031048902981393393,0.04371087338164216,0.0,-0.1668532467017202,0.0,0.32892667880310555
149036,149,-0.0022643471602350473,-0.1831357330083847,-0.002738185925409198,-0.18111468851566315,0.16289390623569489,0.13116903603076935,-0.18062061071395874,0.07544393837451935,0.03596560284495354,0.04101570323109627,0.013912931084632874,0.010111955925822258,0.9931519627571106,1.0469958782196045,0.6829063296318054,0.6323102712631226,0.03538115695118904,0.04180696979165077,0.00796697661280632,0.004955171141773462,0.0,0.0,0.03500998489463932,-0.0016940979441278604,0.0,-0.16356397991368896,0.0,0.32892667880310555
149037,149,-0.0015627035172656178,-0.18177936971187592,-0.004452437162399292,-0.18075527250766754,0.019834205508232117,0.16604582965373993,-0.10793343186378479,0.037016287446022034,0.03260662406682968,0.0392720066010952,0.01852842979133129,0.010098372586071491,0.9936330318450928,1.0465002059936523,0.6826421618461609,0.6330754160881042,0.0329720564186573,0.039208561182022095,0.01005808636546135,0.005522566381841898,0.0,0.0,0.027733415668420247,-0.019216139457712417,0.0,-0.1595114798994487,0.0,0.45873089960370345
149038,149,-0.002028621966019273,-0.17883464694023132,-0.004625484813004732,-0.17991681396961212,-0.11383068561553955,0.37789270281791687,0.03137469291687012,0.12056969851255417,0.029707523062825203,0.037995003163814545,0.017471887171268463,0.01008644513785839,0.9944682717323303,1.0455212593078613,0.682283878326416,0.6343274116516113,0.03053293749690056,0.03707689419388771,0.00938275083899498,0.0058584026992321014,0.0,0.0,0.029500892000200844,0.0008707824358134535,0.0,-0.15492417090341146,0.0,0.45873089960370345
149039,149,-0.003465717425569892,-0.17435422539710999,-0.004021419677883387,-0.17764228582382202,-0.18003004789352417,0.49437275528907776,0.06512607634067535,0.336883544921875,0.028709791600704193,0.034355901181697845,0.016548072919249535,0.010075957514345646,0.995142936706543,1.0445283651351929,0.6819668412208557,0.6357550621032715,0.02861490473151207,0.03398113325238228,0.009175683371722698,0.00592407863587141,0.0,0.0,0.00290778628877144,0.021892925441206898,0.0,-0.1496790415540303,0.0,0.593533470473539
149040,149,-0.00458584725856781,-0.16935907304286957,-0.00339675834402442,-0.1728951334953308,-0.0664016455411911,0.5001440644264221,0.030809707939624786,0.575158953666687,0.03390660509467125,0.031217467039823532,0.015740443021059036,0.010921837761998177,0.9946680665016174,1.0434515476226807,0.6819625496864319,0.6372625827789307,0.03196016326546669,0.030443301424384117,0.009012692607939243,0.006576618179678917,0.0,0.0,-0.011042184887717715,0.034766335050517225,0.0,-0.14374370684929463,0.0,0.593533470473539
149041,149,-0.004621002823114395,-0.16382773220539093,-0.0034140138886868954,-0.1662377417087555,0.04314931482076645,0.5871090292930603,-0.03583180904388428,0.7250725030899048,0.03212146461009979,0.028505178168416023,0.015034161508083344,0.010809802450239658,0.9947667121887207,1.0421518087387085,0.6819313764572144,0.6389626860618591,0.03188977390527725,0.027356669306755066,0.008319062180817127,0.006769793573766947,0.0,0.0,-0.0083008327630755,0.02005405130883446,0.0,-0.13726596136421879,0.0,0.7333343914125857
149042,149,-0.004988314118236303,-0.15775169432163239,-0.004384759813547134,-0.15880903601646423,-0.06976380944252014,0.6536918878555298,-0.11442407965660095,0.7814717292785645,0.029285110533237457,0.026153186336159706,0.014415414072573185,0.01627376489341259,0.9950616359710693,1.040386438369751,0.6820924878120422,0.6408930420875549,0.028483614325523376,0.024124259129166603,0.008590820245444775,0.009920711629092693,0.0,0.0,-0.01706366904466955,0.003784138440096287,0.0,-0.1299326174500923,0.0,0.7333343914125989
149043,149,-0.004274133127182722,-0.15011487901210785,-0.005084646865725517,-0.15011540055274963,0.13690058887004852,0.8182915449142456,-0.06944042444229126,0.8995208740234375,0.02830079384148121,0.024115588515996933,0.013874495401978493,0.022056803107261658,0.994991660118103,1.0382217168807983,0.6824091672897339,0.6431097984313965,0.027356669306755066,0.02144867554306984,0.008018518798053265,0.013249232433736324,0.0,0.0,-0.022991088248050615,0.021555495952197815,0.0,-0.12218226902876772,0.0,0.8781336624208899
149044,149,-0.0034590158611536026,-0.14139173924922943,-0.005699209403246641,-0.14121389389038086,0.04589152708649635,0.9331530332565308,-0.024593805894255638,0.8924590945243835,0.025977730751037598,0.02234206534922123,0.01349636074155569,0.04135912284255028,0.9952643513679504,1.0356662273406982,0.6824069619178772,0.6451498866081238,0.025992661714553833,0.019116228446364403,0.007480801548808813,0.023317761719226837,0.0,0.0,-0.04465771524533764,-0.01078704311425099,0.0,-0.11340093240455851,0.0,0.8781336624208832
149045,149,-0.003657640889286995,-0.13178090751171112,-0.005651872139424086,-0.13227245211601257,-0.06059146672487259,0.9930875897407532,0.03689427301287651,0.9156995415687561,0.023958874866366386,0.02079654112458229,0.013068185187876225,0.05751124396920204,0.9957741498947144,1.032846212387085,0.6822482943534851,0.6474385261535645,0.024098437279462814,0.017252663150429726,0.007197157479822636,0.03224552795290947,0.0,0.0,-0.06046626680612727,0.0013032619384466667,0.0,-0.10433799424643149,0.0,1.0279312834984118
149046,149,-0.004301279317587614,-0.12160877138376236,-0.005004757083952427,-0.12264446169137955,-0.07309369742870331,1.0267032384872437,0.07502873986959457,1.0016788244247437,0.02317599020898342,0.01944832317531109,0.012692475691437721,0.06580832600593567,0.9959808588027954,1.029815912246704,0.6823022365570068,0.6501536965370178,0.02231949009001255,0.01544936466962099,0.007414364255964756,0.037685327231884,0.0,0.0,-0.06736504356182288,0.01774611388420453,0.0,-0.09405868141144695,0.0,1.0279312834984118
149047,149,-0.004013061057776213,-0.11071626096963882,-0.003922390751540661,-0.11182362586259842,0.08406808972358704,1.1113783121109009,0.1023670956492424,1.1205472946166992,0.022901706397533417,0.018273234367370605,0.012363302521407604,0.0702667236328125,0.9958816766738892,1.0266821384429932,0.6824803948402405,0.6530667543411255,0.022054214030504227,0.014124157838523388,0.007112782448530197,0.04072874039411545,0.0,0.0,-0.07116132164537131,0.02099475093273213,0.0,-0.08364316671596361,0.0,1.1701872978806114
149048,149,-0.0035522670950740576,-0.09969691932201385,-0.0033716089092195034,-0.10058129578828812,0.03660817816853523,1.1099616289138794,0.037286851555109024,1.1411560773849487,0.02128612995147705,0.017249124124646187,0.012075106613337994,0.07923225313425064,0.9959380626678467,1.0233174562454224,0.6826237440109253,0.6560265421867371,0.02080022357404232,0.01248997077345848,0.006953214295208454,0.04677365720272064,0.0,0.0,-0.08121505108825974,-0.0030756924385786973,0.0,-0.07181589416951127,0.0,1.1827272546451713
149049,149,-0.0031248563900589943,-0.08788395673036575,-0.0029823342338204384,-0.08871139585971832,0.03599001467227936,1.2253957986831665,0.031037980690598488,1.2119722366333008,0.01987767405807972,0.016353566199541092,0.011822100728750229,0.07914015650749207,0.9961873292922974,1.0196645259857178,0.6825912594795227,0.659494936466217,0.01987502910196781,0.011188759468495846,0.006494627799838781,0.04816301912069321,0.0,0.0,-0.0785925208570723,0.0031927517111762426,0.0,-0.05998862162305875,0.0,1.2534841709393707
149050,149,-0.003431000979617238,-0.07528207451105118,-0.0029420596547424793,-0.0764414444565773,-0.07307343930006027,1.2990589141845703,-0.008729696273803711,1.25376296043396,0.01865028217434883,0.015571034513413906,0.0116002531722188,0.08947630226612091,0.9965533018112183,1.015759825706482,0.6824553608894348,0.6628485321998596,0.018549751490354538,0.010078602470457554,0.006467641331255436,0.05473875254392624,0.0,0.0,-0.09189550188759774,0.0024931519533856784,0.0,-0.04658260037750543,0.0,1.3425215758611548
149051,149,-0.003875164780765772,-0.06211530789732933,-0.00314026465639472,-0.06343987584114075,-0.03422196954488754,1.3222551345825195,-0.043764833360910416,1.333526849746704,0.01940641552209854,0.014887366443872452,0.011405843310058117,0.09821336716413498,0.9967668056488037,1.0116368532180786,0.6822073459625244,0.6663416028022766,0.01940949819982052,0.008920076303184032,0.005982816684991121,0.06143294647336006,0.0,0.0,-0.10045580833636976,0.01953357924794545,0.0,-0.033157384618893164,0.0,1.3425215758611548
149052,149,-0.0049725743010640144,-0.0483165867626667,-0.003925147000700235,-0.04984588921070099,-0.1717076301574707,1.4289135932922363,-0.10624311864376068,1.3852074146270752,0.018818337470293045,0.014287647791206837,0.011234861798584461,0.09933432936668396,0.9969470500946045,1.0069210529327393,0.6821525692939758,0.6706053614616394,0.0180523544549942,0.007375120185315609,0.00660662679001689,0.06507475674152374,0.0,0.0,-0.09961473529082367,0.014671689682581927,0.0,-0.01826882973418353,0.0,1.507314247146373
149053,149,-0.004826259799301624,-0.03246970474720001,-0.0044915745966136456,-0.0347805991768837,0.09923845529556274,1.654834270477295,-0.07691670209169388,1.5592337846755981,0.03494793549180031,0.013761916197836399,0.011084630154073238,0.10957237333059311,0.99492347240448,1.0019475221633911,0.6821056008338928,0.6747603416442871,0.03178423270583153,0.006875004153698683,0.005995763000100851,0.0720127671957016,0.0,0.0,-0.11216224343367837,0.03758880930108716,0.0,-0.0031956872627189777,0.0,1.5073142471463747
149054,149,-0.005111781880259514,-0.01648808643221855,-0.006114089861512184,-0.019344547763466835,-0.07535789906978607,1.5970900058746338,-0.16894930601119995,1.5818545818328857,0.03172982856631279,0.013301349245011806,0.010952744632959366,0.13658683001995087,0.994972825050354,0.9966210126876831,0.6819496154785156,0.6785643696784973,0.03169867396354675,0.005719196051359177,0.006071470677852631,0.09082946926355362,0.0,0.0,-0.14410522651288332,-0.0032492073244065976,0.0,0.013167383123319446,0.0,1.671013178378493
149055,149,-0.00548153230920434,0.0005278736352920532,-0.0071065607480704784,-0.002484068972989917,-0.03835451230406761,1.7478433847427368,-0.06724023818969727,1.7437540292739868,0.030688153579831123,0.012897450476884842,0.010836881585419178,0.13601401448249817,0.9952636361122131,0.9909156560897827,0.6819185018539429,0.6834214329719543,0.03004106879234314,0.005175700411200523,0.006139245815575123,0.09442673623561859,0.0,0.0,-0.13305924785808843,0.02361352562991669,0.0,0.029877514907105517,0.0,1.6710131783784947
149056,149,-0.005575302988290787,0.01848103106021881,-0.007354987319558859,0.015593011863529682,0.006095287390053272,1.8256980180740356,0.0011723069474101067,1.8503713607788086,0.029183823615312576,0.012543801218271255,0.01073527242988348,0.14933894574642181,0.9954199194908142,0.9851189851760864,0.6820033192634583,0.6880442500114441,0.028406498953700066,0.004867260344326496,0.006243965122848749,0.10406074672937393,0.0,0.0,-0.15344158915859787,0.018912149119132665,0.0,0.047538699481011915,0.0,1.8092500090681671
149057,149,-0.005255101714283228,0.036487627774477005,-0.007166009861975908,0.034311551600694656,0.06404968351125717,1.7797826528549194,0.04318319633603096,1.8921699523925781,0.02706429921090603,0.012233090586960316,0.010645878501236439,0.16044290363788605,0.9956091046333313,0.9792699217796326,0.682111382484436,0.692619800567627,0.02675597183406353,0.004371518734842539,0.005972859915345907,0.11408614367246628,0.0,0.0,-0.163898095456552,0.012543726582953241,0.0,0.06563119957169428,0.0,1.8092500090681671
149058,149,-0.005073195789009333,0.0545535683631897,-0.006532077211886644,0.05325886979699135,-0.010111872106790543,1.8294519186019897,0.08599502593278885,1.8965057134628296,0.024902990087866783,0.011960571631789207,0.0105673773214221,0.15945464372634888,0.995993971824646,0.9733163714408875,0.6820555925369263,0.6976378560066223,0.02480829693377018,0.004231907892972231,0.0058991978876292706,0.11621423065662384,0.0,0.0,-0.15462715464367505,0.0033152666510432045,0.0,0.0843509807709921,0.0,1.915932649093066
149059,149,-0.005307706538587809,0.07273978739976883,-0.005603644531220198,0.07213810086250305,-0.026802722364664078,1.8065763711929321,0.09455849230289459,1.8813673257827759,0.023551151156425476,0.011721538379788399,0.010498447343707085,0.15936248004436493,0.9963313937187195,0.9673908352851868,0.6819835901260376,0.702661395072937,0.023357994854450226,0.003918820060789585,0.005825576838105917,0.11821335554122925,0.0,0.0,-0.15891163792332352,0.014177152058982758,0.0,0.10351030726192348,0.0,1.915932649093066
149060,149,-0.005631725769490004,0.09093636274337769,-0.004726835060864687,0.0908268392086029,-0.04035205394029617,1.8282248973846436,0.06829573214054108,1.8481123447418213,0.02276076003909111,0.011511968448758125,0.010437959805130959,0.15808165073394775,0.9964560866355896,0.9612444639205933,0.6820502281188965,0.7078679800033569,0.0219799242913723,0.0033690722193568945,0.006081435363739729,0.12025156617164612,0.0,0.0,-0.15179492600315056,0.017255955227592497,0.0,0.12303625156129451,0.0,1.9910610984531851
149061,149,-0.005303922109305859,0.10981032252311707,-0.004136956296861172,0.10930966585874557,0.06855007261037827,1.911206603050232,0.02453863061964512,1.8249903917312622,0.02242039516568184,0.01132779847830534,0.010384759865701199,0.15681183338165283,0.9963772892951965,0.9549428820610046,0.6822015643119812,0.7131626605987549,0.021602340042591095,0.0031379410065710545,0.005982816684991121,0.12129390239715576,0.0,0.0,-0.15057392365400943,0.0200490279411315,0.0,0.14294686254582778,0.0,1.9910610984531982
149062,149,-0.004856103099882603,0.12883931398391724,-0.004408351611346006,0.12721753120422363,0.038192927837371826,1.90427565574646,-0.052112288773059845,1.7835766077041626,0.020862262696027756,0.01116584800183773,0.010337946005165577,0.15891510248184204,0.9963428378105164,0.9485006332397461,0.6824365854263306,0.7184199094772339,0.02006775327026844,0.0027410206384956837,0.006160183344036341,0.12496811151504517,0.0,0.0,-0.15954542703713886,0.0031641800803481612,0.0,0.1630265364199532,0.0,2.034635357148537
149063,149,-0.0039792233146727085,0.14821340143680573,-0.004825351294130087,0.1454743593931198,0.10898986458778381,1.9460967779159546,-0.03955398127436638,1.8516218662261963,0.01950802654027939,0.011024021543562412,0.010296921245753765,0.1582147479057312,0.9963958859443665,0.9420479536056519,0.6825648546218872,0.723701536655426,0.019250258803367615,0.0027905681636184454,0.0057649193331599236,0.12618544697761536,0.0,0.0,-0.1547803892000495,0.006919235839450267,0.0,0.18337288999143994,0.0,2.034635357148537
149064,149,-0.003735886886715889,0.16730408370494843,-0.005286728963255882,0.16405273973941803,-0.031056931242346764,1.8963323831558228,-0.02508675679564476,1.8815655708312988,0.01832699403166771,0.010899529792368412,0.010260893031954765,0.15816637873649597,0.9966015815734863,0.9356085062026978,0.6825516819953918,0.7289413809776306,0.018011244013905525,0.0025954043958336115,0.005828560329973698,0.1278967410326004,0.0,0.0,-0.15792898341456238,-0.005374479777237864,0.0,0.2037538599150021,0.0,2.046655425179096
149065,149,-0.0037288798484951258,0.1863524317741394,-0.005033334717154503,0.18335063755512238,0.002605218905955553,1.89214289188385,0.042903702706098557,1.9452096223831177,0.017941907048225403,0.01079019345343113,0.010229233652353287,0.15620829164981842,0.9966058731079102,0.9291145205497742,0.6826589703559875,0.7342300415039062,0.01724189892411232,0.0023918221704661846,0.005952946841716766,0.12861362099647522,0.0,0.0,-0.14657425362400625,0.015220584479102399,0.0,0.22422041416679456,0.0,2.046655425179109
149066,149,-0.0033145190682262182,0.2055031806230545,-0.004293407779186964,0.20300577580928802,0.05877051129937172,1.9172766208648682,0.08271798491477966,1.962098479270935,0.01698770374059677,0.010694163851439953,0.010201415047049522,0.1538204699754715,0.9964388608932495,0.9225454926490784,0.6829655170440674,0.7395762205123901,0.016012169420719147,0.002205976052209735,0.006241970229893923,0.12860523164272308,0.0,0.0,-0.14201690487942292,0.010231825477385428,0.0,0.24465024661447587,0.0,2.0271213025449013
149067,149,-0.0021457599941641092,0.2247534692287445,-0.003276244970038533,0.22261251509189606,0.16171282529830933,1.92494535446167,0.11198015511035919,1.9502670764923096,0.016124209389090538,0.01060975156724453,0.010176954790949821,0.15189717710018158,0.9962281584739685,0.9160392880439758,0.6832785606384277,0.7448084354400635,0.01546532567590475,0.0022882178891450167,0.005977838300168514,0.12815117835998535,0.0,0.0,-0.14235767029316876,0.0010446004391997128,0.0,0.2649214596399257,0.0,2.0271213025449146
149068,149,-0.0012147723464295268,0.24358367919921875,-0.0023425486870110035,0.24159714579582214,0.06863514333963394,1.8735500574111938,0.10621341317892075,1.879460096359253,0.015369201079010963,0.010535631328821182,0.015879863873124123,0.14996691048145294,0.9962945580482483,0.909605860710144,0.6830416917800903,0.7499574422836304,0.015276037156581879,0.0022108121775090694,0.008680171333253384,0.12800553441047668,0.0,0.0,-0.14034814961395256,-0.016691349608881863,0.0,0.2851477210864073,0.0,1.9801716321007514
149069,149,-0.0014082491397857666,0.2622147500514984,-0.0013195499777793884,0.2601032555103302,-0.07829675823450089,1.8631540536880493,0.10529837012290955,1.8381292819976807,0.014709312468767166,0.010470611043274403,0.015156283043324947,0.14657741785049438,0.9964931011199951,0.9030638933181763,0.6829712986946106,0.7552100419998169,0.014417645521461964,0.0019518490880727768,0.008622290566563606,0.1272246539592743,0.0,0.0,-0.12955212777681674,-0.004567377163621131,0.0,0.30490805097886725,0.0,1.9760329892459265
149070,149,-0.0015694762114435434,0.28116679191589355,-0.00013909117842558771,0.2787318825721741,0.007455093320459127,1.8954356908798218,0.08542543649673462,1.8597185611724854,0.01743578538298607,0.010413607582449913,0.014524223282933235,0.1429443210363388,0.9960787892341614,0.896490216255188,0.6830766797065735,0.7604630589485168,0.016363900154829025,0.0019180687377229333,0.008410264737904072,0.12547320127487183,0.0,0.0,-0.12448513652158683,0.01788752664200729,0.0,0.32466838087132777,0.0,1.9394388932179145
149071,149,-0.0012211054563522339,0.300036758184433,0.00022251156042329967,0.29723718762397766,0.05927453562617302,1.87679123878479,-0.007724356837570667,1.8419902324676514,0.016514908522367477,0.01036329660564661,0.013968056067824364,0.1405017077922821,0.9958541393280029,0.8899396657943726,0.6833745241165161,0.7656144499778748,0.015619693323969841,0.0018717560451477766,0.008354522287845612,0.12437254190444946,0.0,0.0,-0.1280948936517754,0.0053785925763077105,0.0,0.34361221275165393,0.0,1.8933904852821584
149072,149,-0.00016425922513008118,0.3187273442745209,-0.00012427940964698792,0.3156435489654541,0.13810232281684875,1.8596742153167725,-0.05317666754126549,1.8372316360473633,0.0157119520008564,0.01031921710819006,0.013482142239809036,0.1377967745065689,0.9957040548324585,0.8835155963897705,0.6836362481117249,0.7706367373466492,0.01520166452974081,0.001991432160139084,0.007760999258607626,0.12280605733394623,0.0,0.0,-0.12392016148055265,-0.003066643170604947,0.0,0.3625461176044769,0.0,1.8933904852821584
149073,149,0.0005084201111458242,0.33692824840545654,-0.0008863544790074229,0.3336937725543976,0.02993568778038025,1.807154893875122,-0.05758833885192871,1.7980035543441772,0.015008744783699512,0.010280456393957138,0.016552353277802467,0.1351747214794159,0.9957929253578186,0.8771653175354004,0.6835027933120728,0.7755749225616455,0.014827159233391285,0.0019547450356185436,0.00920830387622118,0.12156687676906586,0.0,0.0,-0.12165930379180542,-0.01700121852714801,0.0,0.3804659695263191,0.0,1.7791937906536368
149074,149,0.00039399415254592896,0.35493725538253784,-0.0011029391316697001,0.35164907574653625,-0.047944486141204834,1.7947131395339966,0.00559029309079051,1.791512131690979,0.014391850680112839,0.010246330872178078,0.015742162242531776,0.13164298236370087,0.9960835576057434,0.8708302974700928,0.683336615562439,0.7804916501045227,0.014451464638113976,0.0019190337043255568,0.008695406839251518,0.11954089254140854,0.0,0.0,-0.11337274484380716,-0.002131750346452463,0.0,0.39825790743285616,0.0,1.7791937906536368
149075,149,-0.0003032572567462921,0.3728315830230713,-0.0008279011235572398,0.36952126026153564,-0.08793248981237411,1.7811096906661987,0.034541524946689606,1.7796013355255127,0.013853481039404869,0.010216453112661839,0.015035849064588547,0.1286613494157791,0.9964452981948853,0.864568293094635,0.6831283569335938,0.7853188514709473,0.013880725018680096,0.001986604416742921,0.00832311436533928,0.11744976788759232,0.0,0.0,-0.11303833696095478,0.009771247775934171,0.0,0.41490134587089567,0.0,1.6334429053603086
149076,149,-0.0011135414242744446,0.39042481780052185,-0.0005368180572986603,0.3871789276599884,-0.07537077367305756,1.737992763519287,0.012678769417107105,1.7493031024932861,0.01673661358654499,0.010190191678702831,0.014417299069464207,0.12615583837032318,0.9961733818054199,0.8583747148513794,0.6830800771713257,0.7900406718254089,0.01584353670477867,0.0019354403484612703,0.008254243060946465,0.1159825399518013,0.0,0.0,-0.11294953296661475,0.01717001629032893,0.0,0.4312357749245,0.0,1.633442905360335
149077,149,-0.001238994300365448,0.4078448712825775,-0.0005347579717636108,0.40462201833724976,0.0290639940649271,1.7330234050750732,-0.023536372929811478,1.7275973558425903,0.016902761533856392,0.010167131200432777,0.0138759296387434,0.12363073229789734,0.9961783289909363,0.852360188961029,0.6830029487609863,0.7945724129676819,0.016693908721208572,0.00225725001655519,0.007603696081787348,0.11368685960769653,0.0,0.0,-0.11022749383618943,0.01692859803297324,0.0,0.446396542484307,0.0,1.4628495935163963
149078,149,-0.0017426090780645609,0.42449334263801575,-0.0014049895107746124,0.4212597608566284,-0.09357258677482605,1.6309715509414673,-0.11020879447460175,1.632682204246521,0.016049964353442192,0.010146836750209332,0.013400747440755367,0.12210708111524582,0.9965978264808655,0.846520185470581,0.6827036738395691,0.7989428043365479,0.016358548775315285,0.002197270980104804,0.0071901241317391396,0.11287358403205872,0.0,0.0,-0.1140016018206021,0.0015390685104648598,0.0,0.46102503841947134,0.0,1.4628495935163697
149079,149,-0.0029099145904183388,0.4408571720123291,-0.0025047368835657835,0.43749576807022095,-0.1462828814983368,1.6285218000411987,-0.12014724314212799,1.6066020727157593,0.020294461399316788,0.010129045695066452,0.012985247187316418,0.11921779066324234,0.9962644577026367,0.8406761288642883,0.6825685501098633,0.8033163547515869,0.019056331366300583,0.002253379439935088,0.00749590527266264,0.11082317680120468,0.0,0.0,-0.10371295872856051,0.020976637373387348,0.0,0.47466225315573274,0.0,1.2942609115783388
149080,149,-0.003149056574329734,0.4570755660533905,-0.0034630876034498215,0.4536963105201721,0.046207401901483536,1.5892969369888306,-0.1066344827413559,1.6013907194137573,0.02973913960158825,0.010113394819200039,0.012620531022548676,0.11765757948160172,0.9949454069137573,0.8350698947906494,0.682562530040741,0.807440459728241,0.02757759392261505,0.002451893175020814,0.007030466105788946,0.10946299135684967,0.0,0.0,-0.10925298280539467,0.03127599089842988,0.0,0.487604862271517,0.0,1.2942609115783388
149081,149,-0.0032412083819508553,0.4726109504699707,-0.004712719935923815,0.469148188829422,-0.026463458314538002,1.5384465456008911,-0.10510984063148499,1.5160980224609375,0.02722531370818615,0.010099643841385841,0.01230071671307087,0.11656004935503006,0.9950970411300659,0.8297602534294128,0.682429313659668,0.8112949728965759,0.02716573141515255,0.002979219425469637,0.006861974019557238,0.10748976469039917,0.0,0.0,-0.11062730336496174,0.0029437134877662186,0.0,0.49976731382613976,0.0,1.1343886236603582
149082,149,-0.0036669387482106686,0.486995667219162,-0.005580942612141371,0.4837923049926758,-0.04155546426773071,1.3777992725372314,-0.05249197781085968,1.4341751337051392,0.025559691712260246,0.010087546892464161,0.012019789777696133,0.11563193798065186,0.9955143928527832,0.8249573707580566,0.6823185682296753,0.8147651553153992,0.02545999176800251,0.0034452315885573626,0.006675673183053732,0.10594776272773743,0.0,0.0,-0.1106127360248677,0.01409347030305071,0.0,0.5111112000627438,0.0,1.1343886236603318
149083,149,-0.0041449470445513725,0.5000971555709839,-0.0057724532671272755,0.4975895583629608,-0.04279262199997902,1.261488914489746,0.009681218303740025,1.3376901149749756,0.02451477386057377,0.010076930746436119,0.011773621663451195,0.11213227361440659,0.9958782196044922,0.8204656839370728,0.6821773052215576,0.8181164860725403,0.02440069429576397,0.0035321868490427732,0.006482632830739021,0.10343724489212036,0.0,0.0,-0.09307278046603906,0.017282070703513456,0.0,0.5218686195878877,0.0,0.9832327297624018
149084,149,-0.004747417289763689,0.5126060843467712,-0.005435283295810223,0.5103505253791809,-0.07189057022333145,1.2364931106567383,0.04750266671180725,1.219706654548645,0.023757871240377426,0.010067598894238472,0.011557523161172867,0.10742314904928207,0.996344268321991,0.8161086440086365,0.6818692088127136,0.8214294910430908,0.023957043886184692,0.0036700672935694456,0.0061003705486655235,0.09942947328090668,0.0,0.0,-0.08153247304102025,0.018506559896923135,0.0,0.5317009468855123,0.0,0.9832327297624018
149085,149,-0.005974491126835346,0.5246777534484863,-0.005145290866494179,0.5218806862831116,-0.15290342271327972,1.189079999923706,0.012582088820636272,1.1072584390640259,0.02411077730357647,0.010059413500130177,0.011368249543011189,0.10376636683940887,0.9967883229255676,0.8119667172431946,0.6814656853675842,0.8245506286621094,0.024018749594688416,0.003997266758233309,0.0060445694252848625,0.09544073045253754,0.0,0.0,-0.0833863830982608,0.02417114096664591,0.0,0.5411230655333381,0.0,0.8407932298844696
149086,149,-0.007373322732746601,0.5359953045845032,-0.0054716384038329124,0.5325974225997925,-0.12601448595523834,1.083028793334961,-0.08194010704755783,1.044094443321228,0.036955300718545914,0.010052192956209183,0.01120140589773655,0.10062962770462036,0.9955296516418457,0.8081606030464172,0.6811524629592896,0.8274005651473999,0.03436464071273804,0.004286948125809431,0.006030622869729996,0.09214939922094345,0.0,0.0,-0.08310482520637229,0.038896706336818174,0.0,0.5495309978321831,0.0,0.8407932298844696
149087,149,-0.008319665677845478,0.5464712977409363,-0.006740448996424675,0.5427941679954529,-0.07162054628133774,1.0137275457382202,-0.1627911925315857,0.9946699738502502,0.03767972066998482,0.010045865550637245,0.011055354960262775,0.09649435430765152,0.9953305125236511,0.8047727942466736,0.6809563040733337,0.829953134059906,0.0364895723760128,0.005005573388189077,0.006135257892310619,0.08720914274454117,0.0,0.0,-0.07308530380135139,0.03780849548958941,0.0,0.557687546754851,0.0,0.7070701240266409
149088,149,-0.008838796988129616,0.5554563403129578,-0.008791977539658546,0.5521366000175476,-0.02574380487203598,0.8138337731361389,-0.22551728785037994,0.8864735960960388,0.036902036517858505,0.010040303692221642,0.010927080176770687,0.0924217626452446,0.9953997135162354,0.8017910718917847,0.6809439659118652,0.8323044776916504,0.03605383634567261,0.004836653359234333,0.006108344066888094,0.0841732919216156,0.0,0.0,-0.06913496148909001,0.03170848374225898,0.0,0.5647582479951174,0.0,0.707070124026588
149089,149,-0.008926266804337502,0.5640677213668823,-0.010645555332303047,0.5607616901397705,-0.018080614507198334,0.8781282901763916,-0.15095433592796326,0.8213791251182556,0.035493943840265274,0.010035425424575806,0.0108146071434021,0.08515158295631409,0.9955313801765442,0.7986142635345459,0.6810302138328552,0.8348835706710815,0.03443596512079239,0.004694572649896145,0.006292862817645073,0.07852788269519806,0.0,0.0,-0.04287430768284366,0.02604201109119458,0.0,0.5717189583447877,0.0,0.5921901535381006
149090,149,-0.008540417067706585,0.5729995965957642,-0.01140066422522068,0.568868100643158,0.07688719034194946,0.8909820914268494,-0.015284888446331024,0.7968491315841675,0.0341661311686039,0.010031125508248806,0.010715559124946594,0.0811794251203537,0.9954618811607361,0.7954539060592651,0.6813240051269531,0.8373363018035889,0.03277159854769707,0.004716269206255674,0.006396703887730837,0.0745958536863327,0.0,0.0,-0.05783054168095915,0.025245997504971456,0.0,0.5775395924666755,0.0,0.582063412188757
149091,149,-0.00752044003456831,0.5818201303482056,-0.010875341482460499,0.5767786502838135,0.12634050846099854,0.8751828074455261,0.11315105110406876,0.7941737771034241,0.031108010560274124,0.010027355514466763,0.010628686286509037,0.07895873486995697,0.9955963492393494,0.7925333380699158,0.6815358996391296,0.839475154876709,0.030665723606944084,0.005208366084843874,0.006095387507230043,0.07153445482254028,0.0,0.0,-0.06577388148265942,0.010399935645691588,0.0,0.5833602265885636,0.0,0.530570066110839
149092,149,-0.00696104671806097,0.589617133140564,-0.009622457437217236,0.5843313932418823,0.03269994631409645,0.7331045269966125,0.16085116565227509,0.7476861476898193,0.02840781956911087,0.010024035349488258,0.010552271269261837,0.07789690792560577,0.9959618449211121,0.7899292707443237,0.681556761264801,0.8413693308830261,0.028455987572669983,0.005258865654468536,0.005771878641098738,0.07033893465995789,0.0,0.0,-0.07157742096921313,0.0010923926622490414,0.0,0.5880319263392187,0.0,0.46577309437097664
149093,149,-0.007059249561280012,0.5968872308731079,-0.0077663445845246315,0.5917313694953918,-0.04391469433903694,0.7213813662528992,0.20059309899806976,0.7306331396102905,0.026601193472743034,0.010021130554378033,0.010485343635082245,0.07484087347984314,0.9964035153388977,0.7874540090560913,0.6814554333686829,0.8431951403617859,0.026424529030919075,0.005584105849266052,0.005835522897541523,0.06740491837263107,0.0,0.0,-0.05648277211632531,0.014158911285630894,0.0,0.5926896572829289,0.0,0.46577309437097664
149094,149,-0.00740053690969944,0.603520929813385,-0.005880893208086491,0.5987813472747803,-0.0246269553899765,0.6179187297821045,0.15358838438987732,0.6764962077140808,0.026523549109697342,0.010018568485975266,0.010426406748592854,0.0729951336979866,0.9963907599449158,0.7851850986480713,0.6816093325614929,0.8448910713195801,0.02525077387690544,0.005547377746552229,0.006191096268594265,0.06573305279016495,0.0,0.0,-0.061869420348859,0.025988698061264588,0.0,0.5963921447051075,0.0,0.35819917057324685
149095,149,-0.006745842285454273,0.6099386215209961,-0.0046691447496414185,0.6054682731628418,0.11178158223628998,0.631024181842804,0.06561663746833801,0.6341208219528198,0.026194343343377113,0.010016316547989845,0.010374619625508785,0.07009689509868622,0.9963271021842957,0.7832260727882385,0.681688129901886,0.8463256359100342,0.02554941363632679,0.006374730728566647,0.005712240003049374,0.06207626685500145,0.0,0.0,-0.05252437521537994,0.023926122653938366,0.0,0.59997413641084,0.0,0.35819917057324685
149096,149,-0.006697621196508408,0.6148754954338074,-0.005116788670420647,0.6107765436172485,-0.03891225531697273,0.42407894134521484,-0.09165555238723755,0.47965091466903687,0.02415010705590248,0.010014339350163937,0.010329172946512699,0.06893796473741531,0.9965699911117554,0.7817328572273254,0.6816805601119995,0.8474774360656738,0.02384490892291069,0.006453650537878275,0.005871335975825787,0.060647621750831604,0.0,0.0,-0.06186279352526746,0.002290369607217145,0.0,0.6027771426567027,0.0,0.25934164079556765
149097,149,-0.006658376194536686,0.6190948486328125,-0.0059601678512990475,0.6153905987739563,0.01502889022231102,0.39711108803749084,-0.09711242467164993,0.42123809456825256,0.024825913831591606,0.010012599639594555,0.0102892080321908,0.06428547203540802,0.9963665008544922,0.7803095579147339,0.6819167137145996,0.84867924451828,0.02339153178036213,0.006519618909806013,0.006180126219987869,0.057002101093530655,0.0,0.0,-0.035698021187723375,0.024931955486244987,0.0,0.6053705590646583,0.0,0.25934164079551475
149098,149,-0.005715537816286087,0.6230865120887756,-0.006759533658623695,0.6193349957466125,0.1358153223991394,0.3806988298892975,-0.07510795444250107,0.3536156415939331,0.02382700890302658,0.01001107320189476,0.010254125110805035,0.060422174632549286,0.9962044954299927,0.779100239276886,0.6821443438529968,0.849725067615509,0.023089952766895294,0.006849946454167366,0.005864372011274099,0.053166165947914124,0.0,0.0,-0.0363800578130905,0.016895461175299716,0.0,0.607343815286365,0.0,0.16920050503783327
149099,149,-0.005079490598291159,0.6263601183891296,-0.007430491968989372,0.6221736073493958,0.0259687639772892,0.300344854593277,-0.026554569602012634,0.24743254482746124,0.02209336869418621,0.010009732097387314,0.010223330929875374,0.05745609477162361,0.9962998628616333,0.7780990600585938,0.6822680830955505,0.850612461566925,0.021520515903830528,0.007021434139460325,0.005959915928542614,0.05017134174704552,0.0,0.0,-0.03879854973707056,-0.002993869651400017,0.0,0.609035820336744,0.0,0.16920050503783327
149100,149,-0.004594382364302874,0.6291121244430542,-0.007041844539344311,0.6245355606079102,0.06490642577409744,0.2450559437274933,0.08610579371452332,0.22024990618228912,0.020872633904218674,0.01000855304300785,0.010196286253631115,0.053883593529462814,0.9962630867958069,0.7773848176002502,0.6825226545333862,0.8512823581695557,0.019986692816019058,0.00749489851295948,0.006104357074946165,0.046508461236953735,0.0,0.0,-0.03118841255800628,0.012312609487853482,0.0,0.6102490576864553,0.0,0.08777576330025526
149101,149,-0.0036730451975017786,0.6308802366256714,-0.005828492809087038,0.6263960003852844,0.11825600266456604,0.12082540988922119,0.15304508805274963,0.15203341841697693,0.01951814629137516,0.010007516480982304,0.010172486305236816,0.050253015011548996,0.9962535500526428,0.7770366668701172,0.6827012896537781,0.8517606854438782,0.019181596115231514,0.007666191551834345,0.005723171401768923,0.04329696670174599,0.0,0.0,-0.02700327895245462,0.005593631397641732,0.0,0.6111268153194579,0.0,0.08777576330025526
149102,149,-0.0032648269552737474,0.6319712400436401,-0.00422933604568243,0.6274299621582031,-0.009114839136600494,0.10418857634067535,0.17308785021305084,0.0715547427535057,0.018336312845349312,0.01000660378485918,0.010151569731533527,0.04503997042775154,0.9963667392730713,0.7767937779426575,0.6827888488769531,0.8522232174873352,0.01775185763835907,0.007952830754220486,0.00594697380438447,0.03857964277267456,0.0,0.0,-0.011243633415722078,-0.004178018565580713,0.0,0.6116497649493343,0.0,0.015067415582674975
149103,149,-0.0028407990466803312,0.6325187683105469,-0.0023715985007584095,0.6279651522636414,0.07387175410985947,0.012218697927892208,0.1761775016784668,0.029495222494006157,0.0178210586309433,0.01000580471009016,0.010133196599781513,0.04055022448301315,0.996344804763794,0.7767882943153381,0.6829046010971069,0.8525424003601074,0.017351729795336723,0.007982133887708187,0.005744043737649918,0.034764405339956284,0.0,0.0,-0.011032182926493436,0.014176467759243678,0.0,0.6118004391051612,0.0,0.015067415582674975
149104,149,-0.0025764750316739082,0.632757306098938,-0.0010204686550423503,0.6279396414756775,-0.0016198204830288887,0.030057352036237717,0.09744444489479065,-0.02411823347210884,0.01685301586985588,0.010005099698901176,0.010117030702531338,0.03655404970049858,0.9965213537216187,0.7768799662590027,0.6828647255897522,0.8527112007141113,0.016601692885160446,0.008457916788756847,0.005680442787706852,0.030707675963640213,0.0,0.0,0.0010567097031501495,0.00093723893602146,0.0,0.6117028321673629,0.0,-0.04892453811485471
149105,149,-0.0027214556466788054,0.6322554349899292,-0.0007554292678833008,0.6273343563079834,-0.016929499804973602,-0.09727535396814346,-0.024611376225948334,-0.08032392710447311,0.01622682623565197,0.010004482232034206,0.010102823376655579,0.0331125445663929,0.9964881539344788,0.7771767377853394,0.683032751083374,0.8527834415435791,0.015418512746691704,0.008268419653177261,0.006067485082894564,0.02799270860850811,0.0,0.0,-0.003505529138435098,0.011783856595575345,0.0,0.6112135867862145,0.0,-0.048924538114801845
149106,149,-0.0019977542106062174,0.6317217350006104,-0.000999085488729179,0.6267088651657104,0.11730922758579254,-0.044254615902900696,-0.04384516924619675,-0.07228761166334152,0.016004448756575584,0.014266680926084518,0.010090339928865433,0.030141262337565422,0.9961869716644287,0.7768183350563049,0.6833733320236206,0.8528835773468018,0.015060452744364738,0.011194962076842785,0.006054531782865524,0.025632081553339958,0.0,0.0,0.014867448662473505,0.014424698836810423,0.0,0.6105651544329017,0.0,-0.10420009779233382
149107,149,-0.0008474029018543661,0.6315041780471802,-0.0016559141222387552,0.6258910894393921,0.11541784554719925,-0.00330222025513649,-0.0704864040017128,-0.0812293291091919,0.015266108326613903,0.013744330033659935,0.01007939875125885,0.027576640248298645,0.9959545731544495,0.7768825888633728,0.6836721301078796,0.852979302406311,0.01450537983328104,0.011310802772641182,0.0059997462667524815,0.0232820063829422,0.0,0.0,0.005453764344565351,-0.007118558059737549,0.0,0.6095231534549783,0.0,-0.10420009779233382
149108,149,0.00018162280321121216,0.631200909614563,-0.0021524950861930847,0.6250917911529541,0.09687283635139465,-0.05063565820455551,-0.008522970601916313,-0.07022321969270706,0.014619464054703712,0.013286322355270386,0.010069776326417923,0.02535134181380272,0.99574875831604,0.7771133780479431,0.6839444041252136,0.8530394434928894,0.013922849670052528,0.01090267300605774,0.005973855033516884,0.02144315093755722,0.0,0.0,-0.002975245353249831,-0.00911860531341517,0.0,0.6083936268383116,0.0,-0.15075926344976232
149109,149,0.0011171548394486308,0.6308544278144836,-0.0015714691253378987,0.6245846748352051,0.08744364231824875,-0.025987381115555763,0.11094579100608826,-0.039033353328704834,0.014053021557629108,0.012884712778031826,0.010061318054795265,0.023417849093675613,0.995822012424469,0.7774481773376465,0.6839231848716736,0.8529390096664429,0.014016618952155113,0.01098936889320612,0.005471966695040464,0.019454244524240494,0.0,0.0,0.0012298244271864971,-0.008398537800239862,0.0,0.6068860342038136,0.0,-0.15075926344976232
149110,149,0.0008356906473636627,0.629846453666687,-0.0005692653357982635,0.6237818002700806,-0.0912325382232666,-0.13062763214111328,0.11381514370441437,-0.0906355157494545,0.013556805439293385,0.012532581575214863,0.010053887963294983,0.021736087277531624,0.9961682558059692,0.778144359588623,0.6836649179458618,0.8525799512863159,0.013592489995062351,0.011265283450484276,0.005476926453411579,0.01753602735698223,0.0,0.0,-0.005366418658496578,-0.008877565864531787,0.0,0.605345144475953,0.0,-0.1855364080125649
149111,149,-1.1771919162129052e-05,0.6277484893798828,0.0006238669739104807,0.6225974559783936,-0.080809585750103,-0.27003443241119385,0.11177316308021545,-0.15172429382801056,0.017845995724201202,0.012223241850733757,0.010047350078821182,0.020268883556127548,0.9959842562675476,0.7791386246681213,0.6832594871520996,0.8520767092704773,0.017728101462125778,0.010947046801447868,0.005060939583927393,0.016429202631115913,0.0,0.0,0.008045779998354558,0.018470075787918178,0.0,0.6034591241250812,0.0,-0.1886020350871931
149112,149,-0.0015707240672782063,0.6253883242607117,0.001184258726425469,0.6206832528114319,-0.20839105546474457,-0.22254443168640137,-0.011477486230432987,-0.22927989065647125,0.01850525662302971,0.026691123843193054,0.01004160474985838,0.018989626318216324,0.9962349534034729,0.778331995010376,0.6828938126564026,0.8515356183052063,0.018143264576792717,0.02155589498579502,0.00554241519421339,0.015088047832250595,0.0,0.0,0.02885718019861793,0.01860179348837846,0.0,0.6015731037742094,0.0,-0.2014991934301282
149113,149,-0.0025660106912255287,0.6229134202003479,0.0004131533205509186,0.6183074116706848,-0.044705770909786224,-0.27466318011283875,-0.1468133181333542,-0.26245155930519104,0.03752560913562775,0.026045575737953186,0.010036568157374859,0.017876243218779564,0.9940570592880249,0.779175341129303,0.6826602816581726,0.8508531451225281,0.03375352919101715,0.022768864408135414,0.005379746202379465,0.014163185842335224,0.0,0.0,0.02158665928311481,0.04088833272315241,0.0,0.5993993183111418,0.0,-0.2177284127045204
149114,149,-0.003268589498475194,0.6200154423713684,-0.0016957188490778208,0.6152719259262085,-0.07237879186868668,-0.297111839056015,-0.24464020133018494,-0.32789143919944763,0.03503609821200371,0.029008295387029648,0.010032134130597115,0.01690148562192917,0.9939435720443726,0.7798606753349304,0.6824976801872253,0.8502792119979858,0.03460249677300453,0.02452782355248928,0.005620845127850771,0.013508439995348454,0.0,0.0,0.02948588369339184,0.01837743350162782,0.0,0.5972220341840963,0.0,-0.21772841270457324
149115,149,-0.0035898478236049414,0.6174913644790649,-0.004113583825528622,0.6121220588684082,-0.016157176345586777,-0.23159560561180115,-0.24625486135482788,-0.30988165736198425,0.033607419580221176,0.032817352563142776,0.0100282346829772,0.016048934310674667,0.9942358732223511,0.780289351940155,0.6824496984481812,0.8496834635734558,0.03308653086423874,0.027738019824028015,0.0056158797815442085,0.012667409144341946,0.0,0.0,0.033429054923006817,0.023998916049931724,0.0,0.5948635118543562,0.0,-0.23813839630184996
149116,149,-0.003791498253121972,0.6148987412452698,-0.006332693621516228,0.6090300679206848,-0.022395089268684387,-0.2722138464450836,-0.17486411333084106,-0.30043327808380127,0.03137777000665665,0.03160478547215462,0.010024810209870338,0.015304219909012318,0.9945984482765198,0.7811859846115112,0.6823927760124207,0.8491930365562439,0.031222375109791756,0.026968151330947876,0.0055702077224850655,0.012360679917037487,0.0,0.0,0.023386823033189764,0.016279987328198332,0.0,0.5924821278913375,0.0,-0.23813839630184996
149117,149,-0.0040609524585306644,0.6128358840942383,-0.007175832986831665,0.6064205765724182,-0.04095390439033508,-0.16920587420463562,-0.020446911454200745,-0.23416170477867126,0.0296260267496109,0.031298741698265076,0.01002180203795433,0.014652403071522713,0.9950555562973022,0.7818658947944641,0.6822380423545837,0.8488196134567261,0.02956790290772915,0.026432495564222336,0.005467998795211315,0.011839467100799084,0.0,0.0,0.02921994670930446,0.017694805090759477,0.0,0.5900085998470853,0.0,-0.24983198587912894
149118,149,-0.004671741742640734,0.61114501953125,-0.007004845421761274,0.6043205857276917,-0.07037217915058136,-0.16101732850074768,0.04724850505590439,-0.1826406568288803,0.028540078550577164,0.028884580358862877,0.010019161738455296,0.014082489535212517,0.9953939914703369,0.7827785611152649,0.682142436504364,0.8483500480651855,0.027951383963227272,0.02531294897198677,0.00569832744076848,0.011089545674622059,0.0,0.0,0.012391313375598453,0.021098754818995077,0.0,0.5875102799882939,0.0,-0.24983198587907607
149119,149,-0.004924414213746786,0.6089695692062378,-0.006346060894429684,0.6025353074073792,0.017737358808517456,-0.256317675113678,0.08173854649066925,-0.1802632063627243,0.028322042897343636,0.026486126706004143,0.01001683808863163,0.013582698069512844,0.9954235553741455,0.7839272022247314,0.6822009086608887,0.8478567600250244,0.02744820900261402,0.023145759478211403,0.0056953467428684235,0.010882039554417133,0.0,0.0,0.008984084589792225,0.02682650943610497,0.0,0.5849914773816897,0.0,-0.25280918143635733
149120,149,-0.004798447247594595,0.6068883538246155,-0.00534601416438818,0.6007570028305054,0.010097663849592209,-0.1807347685098648,0.11000151932239532,-0.18015412986278534,0.026530014351010323,0.025923671200871468,0.010014798492193222,0.013144316151738167,0.9957422614097595,0.7848615050315857,0.6820768713951111,0.8472985029220581,0.02653152495622635,0.02273545414209366,0.005432294216006994,0.010247965343296528,0.0,0.0,0.022043729930250208,0.01421391196872719,0.0,0.5824633855673258,0.0,-0.2528091814364102
149121,149,-0.005353937391191721,0.6044081449508667,-0.004655909258872271,0.5985602140426636,-0.0830250158905983,-0.274057000875473,0.0518634207546711,-0.23093149065971375,0.02509782649576664,0.02391478791832924,0.010013004764914513,0.012760113924741745,0.9962269067764282,0.7859877347946167,0.6818364262580872,0.8467579483985901,0.025249643251299858,0.02105797454714775,0.005326227750629187,0.010101172141730785,0.0,0.0,0.009341646383849843,0.015203901225213487,0.0,0.5799690395505301,0.0,-0.24706998297353513
149122,149,-0.006260660942643881,0.6021446585655212,-0.004346492700278759,0.5963809490203857,-0.10799212753772736,-0.20080047845840454,-0.010276543907821178,-0.21769985556602478,0.029671506956219673,0.023776983842253685,0.010011427104473114,0.012422733940184116,0.996058464050293,0.7869672179222107,0.6815249919891357,0.846084475517273,0.028601080179214478,0.021312817931175232,0.005368842277675867,0.009357232600450516,0.0,0.0,0.02282080322211582,0.030390362221260146,0.0,0.5774983397207945,0.0,-0.24706998297353513
149123,149,-0.007271615322679281,0.5991819500923157,-0.005236996337771416,0.593866765499115,-0.08779232203960419,-0.3514067232608795,-0.14198529720306396,-0.2727774679660797,0.035148847848176956,0.022174829617142677,0.010010039433836937,0.01212711725383997,0.9954491257667542,0.7881731390953064,0.6813635230064392,0.8454941511154175,0.03345166891813278,0.019520841538906097,0.005502721294760704,0.009640224277973175,0.0,0.0,0.011018051538201422,0.0360740892900867,0.0,0.5750981814459675,0.0,-0.2326143904907152
149124,149,-0.007720031775534153,0.5968868732452393,-0.0065998476929962635,0.5914515256881714,-0.03834301978349686,-0.1738944798707962,-0.15662096440792084,-0.24140723049640656,0.035202328115701675,0.03264232724905014,0.01000882312655449,0.011867735534906387,0.9953837394714355,0.7876894474029541,0.6812946796417236,0.8450761437416077,0.03406417742371559,0.0264859851449728,0.005640707910060883,0.009434820152819157,0.0,0.0,0.034353919144144394,0.035211459531892614,0.0,0.5727720375410603,0.0,-0.23261439049066232
149125,149,-0.007844523526728153,0.5952544212341309,-0.00837519858032465,0.5891615152359009,0.005417356267571449,-0.1468261033296585,-0.1883394718170166,-0.2092410773038864,0.03437947481870651,0.0297380443662405,0.01000775396823883,0.011640197597444057,0.9954437017440796,0.7882502675056458,0.6813158988952637,0.8447378873825073,0.033476509153842926,0.025621887296438217,0.005651634186506271,0.009398062713444233,0.0,0.0,0.007317736066691748,0.02884529773469694,0.0,0.5705357981603626,0.0,-0.2094424039877918
149126,149,-0.007785648573189974,0.593952476978302,-0.0100145498290658,0.5873505473136902,0.005022577941417694,-0.112543985247612,-0.12163501977920532,-0.15099923312664032,0.03287305682897568,0.027228353545069695,0.010006815195083618,0.011440814472734928,0.9957366585731506,0.7890254855155945,0.6811877489089966,0.8444305658340454,0.03274213522672653,0.023639898747205734,0.005358930677175522,0.009174663573503494,0.0,0.0,0.001797274585708681,0.02268711529995926,0.0,0.5684413741204845,0.0,-0.20944240398784464
149127,149,-0.008377639576792717,0.5926071405410767,-0.01090326625853777,0.5858890414237976,-0.10244879871606827,-0.1379542201757431,-0.04432647302746773,-0.12843985855579376,0.03157744184136391,0.025050297379493713,0.01000598818063736,0.011265705339610577,0.9963005185127258,0.7898573279380798,0.6808205842971802,0.8440760374069214,0.03183816745877266,0.02192450687289238,0.005190547090023756,0.008934320881962776,0.0,0.0,-0.005296607127601768,0.02278429511326976,0.0,0.5664387847860761,0.0,-0.17755402346492352
149128,149,-0.009726649150252342,0.5910351872444153,-0.011060700751841068,0.5846655368804932,-0.15748094022274017,-0.16672873497009277,0.0059406934306025505,-0.11747311055660248,0.03896911069750786,0.02315525896847248,0.010005268268287182,0.011111761443316936,0.9957569241523743,0.7904216647148132,0.6806045770645142,0.8440016508102417,0.03681671619415283,0.019298233091831207,0.005545392632484436,0.009367438964545727,0.0,0.0,-0.0029043574030223826,0.040256536410633995,0.0,0.5646632445514271,0.0,-0.17755402346487065
149129,149,-0.010270318947732449,0.590813934803009,-0.010292882099747658,0.5842724442481995,-0.014798205345869064,0.0420520082116127,0.08230894804000854,-0.011759757995605469,0.049447182565927505,0.021507078781723976,0.010004629381000996,0.010976633988320827,0.9944007396697998,0.7904229164123535,0.680640697479248,0.8441848754882812,0.04539194703102112,0.017483195289969444,0.005810657981783152,0.009455244988203049,0.0,0.0,0.0005958871209569422,0.05140390976655908,0.0,0.5629640364154687,0.0,-0.13694924892189891
149130,149,-0.009877577424049377,0.5915592908859253,-0.009676842950284481,0.5844959616661072,0.089842289686203,0.10429858416318893,0.04100244492292404,0.058152709156274796,0.047018587589263916,0.0200714860111475,0.010004070587456226,0.03043421357870102,0.9941278100013733,0.7904483079910278,0.6807987093925476,0.8430014252662659,0.045525066554546356,0.016962289810180664,0.005850444082170725,0.02418939583003521,0.0,0.0,-0.0336020922694594,0.031294245508943275,0.0,0.5615945439262497,0.0,-0.13694924892189891
149131,149,-0.009250985458493233,0.5912244319915771,-0.009973821230232716,0.5846356153488159,0.08347050845623016,-0.10008955746889114,-0.03861129656434059,0.004526912234723568,0.042771026492118835,0.01881946064531803,0.01000357884913683,0.04506310448050499,0.9943905472755432,0.7907143831253052,0.6809608936309814,0.842058539390564,0.04264787584543228,0.015496186912059784,0.0056238239631056786,0.036801066249608994,0.0,0.0,-0.04770779925362534,0.015010239755247312,0.0,0.5602684481409015,0.0,-0.09162356755906952
149132,149,-0.008893007412552834,0.5910686254501343,-0.009961814619600773,0.5848473310470581,-0.01655796729028225,0.03606543689966202,0.03143192082643509,0.027126770466566086,0.03910531848669052,0.01772567443549633,0.010003144852817059,0.041584502905607224,0.994853138923645,0.7905504703521729,0.6810719966888428,0.8423597812652588,0.03868047893047333,0.014224385842680931,0.005801707971841097,0.03542178496718407,0.0,0.0,-0.018769067120379734,0.014897842717800812,0.0,0.5593921673373128,0.0,-0.0876280803588766
149133,149,-0.008454578928649426,0.5919826030731201,-0.009155302308499813,0.5855906009674072,0.057315126061439514,0.11361255496740341,0.08721437305212021,0.09246507287025452,0.03783280774950981,0.01677055098116398,0.010002763010561466,0.04154498502612114,0.9951192140579224,0.7902318239212036,0.681086540222168,0.8427138328552246,0.03731931746006012,0.013230359181761742,0.005478910636156797,0.03534531220793724,0.0,0.0,-0.04128431957828258,0.029364018136147935,0.0,0.5585158865337241,0.0,0.22139257817852107
149134,149,-0.008612525649368763,0.5933595895767212,-0.008497524075210094,0.5865983366966248,-0.059317417442798615,0.16620349884033203,0.058814097195863724,0.12427583336830139,0.03519754484295845,0.015934979543089867,0.01000242866575718,0.042998235672712326,0.9955778121948242,0.789597749710083,0.6809651255607605,0.8431946635246277,0.03512562811374664,0.011998442001640797,0.0055136363953351974,0.037009406834840775,0.0,0.0,-0.043255949025423755,0.01757528874415584,0.0,0.5645345636821298,0.0,0.6102506424417637
149135,149,-0.009033129550516605,0.5956717729568481,-0.007908081635832787,0.5884687900543213,-0.041833534836769104,0.2716340124607086,0.03513132780790329,0.23106753826141357,0.03550583869218826,0.01520418468862772,0.010002133436501026,0.04288586229085922,0.995717465877533,0.7885541319847107,0.6809490919113159,0.8439987897872925,0.03432304784655571,0.010899579152464867,0.0056794495321810246,0.03756929188966751,0.0,0.0,-0.0421480011541331,0.03555831422421761,0.0,0.5706370701065476,0.0,0.6102506424418167
149136,149,-0.009047487750649452,0.5990403294563293,-0.007788626477122307,0.5914511680603027,0.023380538448691368,0.38207951188087463,-0.01915593072772026,0.34780004620552063,0.035305168479681015,0.014564868062734604,0.010001875460147858,0.051417771726846695,0.9958290457725525,0.7872787714004517,0.6808352470397949,0.8444376587867737,0.0347239151597023,0.010313712060451508,0.00536289531737566,0.04437495768070221,0.0,0.0,-0.053018228593934486,0.0339576022266192,0.0,0.5756219267503669,0.0,0.4843874781065452
149137,149,-0.009594839997589588,0.6026178598403931,-0.008703346364200115,0.5949848890304565,-0.09359261393547058,0.3641144037246704,-0.12246473133563995,0.3806239366531372,0.033892467617988586,0.014004969038069248,0.0100016500800848,0.0643988847732544,0.9960739612579346,0.7858718037605286,0.6807817816734314,0.844719648361206,0.03307827189564705,0.009606481529772282,0.005751995835453272,0.05528809502720833,0.0,0.0,-0.06700590750228848,0.024385157389078812,0.0,0.5804658015314326,0.0,0.4843874781065981
149138,149,-0.009602075442671776,0.6065477132797241,-0.009748929180204868,0.5993345975875854,0.04779556021094322,0.3958820402622223,-0.11131702363491058,0.45349255204200745,0.04180159419775009,0.01351457741111517,0.010001450777053833,0.06435129791498184,0.9952667355537415,0.784675657749176,0.6807070970535278,0.8454006910324097,0.0394621416926384,0.009925834834575653,0.0053926329128444195,0.05538919195532799,0.0,0.0,-0.06405683393371525,0.04321773154053517,0.0,0.5843531328578926,0.0,0.362996864393302
149139,149,-0.009963191114366055,0.6094670295715332,-0.011279939673841,0.603227436542511,-0.06499645859003067,0.24588645994663239,-0.13753484189510345,0.3611852526664734,0.039226897060871124,0.013084239326417446,0.010001273825764656,0.06887530535459518,0.9956163167953491,0.7841998934745789,0.6803312301635742,0.8454931974411011,0.03963544964790344,0.010697497054934502,0.00516778277233243,0.05704309791326523,0.0,0.0,-0.06979304124070244,0.02221601781759091,0.0,0.5879831015018254,0.0,0.36299686439324913
149140,149,-0.011283691972494125,0.6102267503738403,-0.012694164179265499,0.6058566570281982,-0.15851642191410065,-0.027178073301911354,-0.11573243141174316,0.2001112401485443,0.03993118554353714,0.012707365676760674,0.010001122020184994,0.06593003123998642,0.9959410429000854,0.7840579748153687,0.6800780296325684,0.845819354057312,0.03921830654144287,0.009789612144231796,0.005394615698605776,0.05637354031205177,0.0,0.0,-0.04785433078194313,0.04005631580341287,0.0,0.5908086879159012,0.0,0.24607880130192833
149141,149,-0.012111091054975986,0.6113971471786499,-0.012821354903280735,0.6079316139221191,-0.07935076206922531,0.1590522825717926,0.009729880839586258,0.15400968492031097,0.05430082976818085,0.012376655824482441,0.010000986978411674,0.05818377062678337,0.99455726146698,0.7834848165512085,0.6799500584602356,0.8466294407844543,0.049786657094955444,0.009298049844801426,0.005567229352891445,0.05083326995372772,0.0,0.0,-0.0038316618621367458,0.0569509858577294,0.0,0.59326947592892,0.0,0.24607880130192833
149142,149,-0.012319129891693592,0.6132835149765015,-0.012598913162946701,0.6091296672821045,0.019065655767917633,0.20014850795269012,0.015610409900546074,0.08987294137477875,0.05330542102456093,0.012086434289813042,0.010000865906476974,0.05444548651576042,0.9944408535957336,0.7832867503166199,0.6796445846557617,0.8469822406768799,0.052703630179166794,0.010213050059974194,0.00516778277233243,0.045605484396219254,0.0,0.0,-0.03083432602633864,0.046973156867061334,0.0,0.595069097835587,0.0,0.1336332888324772
149143,149,-0.013437098823487759,0.6132992506027222,-0.013426359742879868,0.6088927984237671,-0.1453787386417389,-0.08478467911481857,-0.09491831809282303,-0.055775076150894165,0.050543107092380524,0.011831921525299549,0.010000760667026043,0.0522736981511116,0.994807243347168,0.7833335399627686,0.6796098947525024,0.8472549319267273,0.04962785169482231,0.009204225614666939,0.005794747266918421,0.04454619809985161,0.0,0.0,-0.03843639133757881,0.03287315446275898,0.0,0.5964054307239117,0.0,0.1336332888324772
149144,149,-0.013338715769350529,0.614005446434021,-0.013411068357527256,0.6091225147247314,0.06851626932621002,0.12105567753314972,0.013814380392432213,0.029088351875543594,0.05850689858198166,0.01160869188606739,0.010000670328736305,0.0465950109064579,0.9941262602806091,0.7832263112068176,0.6796088218688965,0.8475642800331116,0.055167365819215775,0.009718991816043854,0.005456096027046442,0.039359696209430695,0.0,0.0,0.005569303437081731,0.06004449346426555,0.0,0.5972148685281453,0.0,0.025660326984948478
149145,149,-0.013450714759528637,0.6139440536499023,-0.013962705619633198,0.6087150573730469,-0.03183013200759888,-0.06122395396232605,-0.0663454532623291,-0.05906056612730026,0.054342325776815414,0.011412731371819973,0.010000589303672314,0.0439276397228241,0.9942564368247986,0.7834500670433044,0.6795759797096252,0.8476849794387817,0.053857821971178055,0.009444011375308037,0.0056228311732411385,0.036917854100465775,0.0,0.0,-0.026536614675733254,0.028030250476185757,0.0,0.5974714717979945,0.0,0.025660326984948478
149146,149,-0.013464932329952717,0.6136634945869446,-0.01423670630902052,0.608313798904419,0.0066475518979132175,-0.020656514912843704,-0.00861870963126421,-0.04055410996079445,0.05287889391183853,0.011240496300160885,0.010000515729188919,0.039448339492082596,0.994604229927063,0.7836727499961853,0.6795256733894348,0.8477901220321655,0.05210477486252785,0.00957070104777813,0.0054273358546197414,0.03306646645069122,0.0,0.0,0.0003058328754741227,0.04357522295180388,0.0,0.5973265059047702,0.0,-0.07784008424071062
149147,149,-0.013762391172349453,0.6130282282829285,-0.014381160028278828,0.607641339302063,-0.04599463567137718,-0.08210603892803192,-0.007091056555509567,-0.07746867090463638,0.05088338255882263,0.011089636944234371,0.010000452399253845,0.035610053688287735,0.995103657245636,0.7840623259544373,0.6792497634887695,0.8478037714958191,0.05103030055761337,0.009495082311332226,0.005164813715964556,0.029767224565148354,0.0,0.0,-0.007117274331338309,0.03810130415342429,0.0,0.5965481050623632,0.0,-0.07784008424071062
149148,149,-0.014875835739076138,0.6121196746826172,-0.014513741247355938,0.606686532497406,-0.15545004606246948,-0.09129173308610916,-0.014277730137109756,-0.10268331319093704,0.05034293234348297,0.010957198217511177,0.010000396519899368,0.03230282664299011,0.9955532550811768,0.7845376133918762,0.6790246963500977,0.8476829528808594,0.04925177991390228,0.009746621362864971,0.00559006305411458,0.02650306187570095,0.0,0.0,0.0008926342594326314,0.046867797797058304,0.0,0.5954845158766562,0.0,-0.1768679448443415
149149,149,-0.01546036172658205,0.6106367111206055,-0.014652015641331673,0.6056392192840576,0.008533354848623276,-0.20295743644237518,-0.03576604276895523,-0.12576310336589813,0.0632774755358696,0.010840804316103458,0.010000346228480339,0.02944296784698963,0.9943006634712219,0.7854090332984924,0.6790494918823242,0.8472712635993958,0.058245666325092316,0.010051933117210865,0.005620845127850771,0.02383706532418728,0.0,0.0,0.000182159921791469,0.06581051520395703,0.0,0.5937158364282126,0.0,-0.1768679448443415
149150,149,-0.015304826200008392,0.6082218885421753,-0.015308278612792492,0.6038569211959839,0.03580491244792938,-0.2701534330844879,-0.07664677500724792,-0.2208494395017624,0.06043727695941925,0.014958864077925682,0.010000307112932205,0.026974046602845192,0.9939680099487305,0.7859917879104614,0.6792265772819519,0.846684992313385,0.05836133658885956,0.013364613056182861,0.005895217414945364,0.02149287983775139,0.0,0.0,0.015627732267514245,0.04269126427683659,0.0,0.5917694043549984,0.0,-0.27142325482615565
149151,149,-0.01448842603713274,0.6051917672157288,-0.015935376286506653,0.6012313365936279,0.11518729478120804,-0.33215388655662537,-0.038731351494789124,-0.30444738268852234,0.05743228644132614,0.023475226014852524,0.01000026986002922,0.024823473766446114,0.9937714338302612,0.7859171628952026,0.6798248887062073,0.846196174621582,0.05469554662704468,0.019401859492063522,0.006349765695631504,0.02016420289874077,0.0,0.0,0.02472497748946035,0.03859555610779353,0.0,0.5890551718067372,0.0,-0.2714232548261028
149152,149,-0.012303892523050308,0.6029584407806396,-0.01523345336318016,0.5983730554580688,0.2613505721092224,-0.1783449351787567,0.13616861402988434,-0.2966521978378296,0.05306581035256386,0.03257770836353302,0.010000236332416534,0.022958964109420776,0.9935681223869324,0.7855629324913025,0.6805211305618286,0.8456878066062927,0.05092596635222435,0.027029801160097122,0.006294859107583761,0.018374020233750343,0.0,0.0,0.034119697252387594,0.025345166952793076,0.0,0.5862616772509913,0.0,-0.3542084475940293
149153,149,-0.009983694180846214,0.6005693674087524,-0.013474428094923496,0.5950877666473389,0.23681730031967163,-0.25456851720809937,0.23900838196277618,-0.3210548758506775,0.04726513475179672,0.02967868372797966,0.010000208392739296,0.021333657205104828,0.9934185147285461,0.7864851355552673,0.6813703775405884,0.8452366590499878,0.045240093022584915,0.02602558210492134,0.006597623694688082,0.017246205359697342,0.0,0.0,0.00787865065873608,-0.0007023138241129406,0.0,0.5826466171091317,0.0,-0.36150601418594164
149154,149,-0.006998212076723576,0.5984388589859009,-0.010171855799853802,0.5923402905464172,0.333996057510376,-0.19578610360622406,0.3868407607078552,-0.24781057238578796,0.04231327772140503,0.02798808552324772,0.01000018510967493,0.0199182890355587,0.9931044578552246,0.7876220345497131,0.6823669672012329,0.8446583151817322,0.039988622069358826,0.025105036795139313,0.006737744901329279,0.015620757825672626,0.0,0.0,0.016429458214362785,-0.0014630458564715842,0.0,0.5790315569672719,0.0,-0.3994142097181926
149155,149,-0.0035726220812648535,0.5955895185470581,-0.00611941609531641,0.589663028717041,0.36977893114089966,-0.3289191424846649,0.4383946359157562,-0.2720942497253418,0.03806944936513901,0.025705033913254738,0.02034200355410576,0.018684297800064087,0.9923404455184937,0.788948655128479,0.6832637786865234,0.844094455242157,0.03482039272785187,0.022912610322237015,0.013087849132716656,0.014881208539009094,0.0,0.0,0.00247399196363526,-0.02187085940178804,0.0,0.5745706782465904,0.0,-0.44711622292391084
149156,149,0.0011294892756268382,0.5930482149124146,-0.0009428933262825012,0.587298572063446,0.5174926519393921,-0.23149926960468292,0.5506311058998108,-0.23863093554973602,0.03442240506410599,0.02481914311647415,0.03208867460489273,0.017607949674129486,0.9912910461425781,0.790080189704895,0.6841831207275391,0.8434608578681946,0.03131707012653351,0.022285057231783867,0.01985752023756504,0.013769151642918587,0.0,0.0,0.01869050416401538,-0.03401801799565874,0.0,0.5700995160173516,0.0,-0.447116222923858
149157,149,0.0059351930394768715,0.5901573896408081,0.00444793701171875,0.5845094323158264,0.4730803668498993,-0.31016191840171814,0.5504169464111328,-0.2914260923862457,0.03127880394458771,0.022955479100346565,0.06017531827092171,0.016668161377310753,0.9901329278945923,0.7915194034576416,0.6844940185546875,0.842657208442688,0.028052421286702156,0.021381285041570663,0.036033451557159424,0.012676808051764965,0.0,0.0,-0.001785986348423349,-0.06560188861472852,0.0,0.5649078611303084,0.0,-0.5282538810399047
149158,149,0.010763839818537235,0.5865473747253418,0.010020557790994644,0.5813690423965454,0.48790740966796875,-0.40339481830596924,0.5610251426696777,-0.33720436692237854,0.02855823189020157,0.02133241668343544,0.0672205239534378,0.015845801681280136,0.9885562062263489,0.7930524349212646,0.6858883500099182,0.8418687582015991,0.02447943575680256,0.019669417291879654,0.04240638390183449,0.01218361221253872,0.0,0.0,0.004619342547129361,-0.06867015723979421,0.0,0.5596253223199097,0.0,-0.5282538810398518
149159,149,0.017206188291311264,0.5831981897354126,0.016288360580801964,0.578337550163269,0.7204064726829529,-0.32760801911354065,0.6346983909606934,-0.3197327256202698,0.026201969012618065,0.020341813564300537,0.0653970018029213,0.015126612968742847,0.9862512946128845,0.7946645021438599,0.6883596181869507,0.8407846689224243,0.020655004307627678,0.019850954413414,0.04386330768465996,0.010822217911481857,0.0,0.0,0.013394832005762448,-0.054168670107890816,0.013167383123319446,0.5537386716714797,1.671013178378493,-0.6049189885339232
149160,149,0.02632339857518673,0.5784444808959961,0.02294537052512169,0.5745879411697388,1.0584197044372559,-0.5851548314094543,0.7228514552116394,-0.42907363176345825,0.02415441907942295,0.01905367337167263,0.06777097284793854,0.014496395364403725,0.9828000664710999,0.7968941926956177,0.6916809678077698,0.8394296765327454,0.0172096099704504,0.018982309848070145,0.04742792621254921,0.010321932844817638,0.0,0.0,-0.004083371822907508,-0.06825453640579847,0.029877514907105517,0.5476894817861404,1.6710131783784947,-0.6049189885339232
149161,149,0.0387108139693737,0.5729020833969116,0.03230823576450348,0.569991946220398,1.3522727489471436,-0.5691032409667969,1.118927240371704,-0.5206511616706848,0.022375870496034622,0.028669320046901703,0.09516588598489761,0.013944906182587147,0.9784352779388428,0.7977054715156555,0.6947253346443176,0.8382093906402588,0.014518069103360176,0.025474704802036285,0.0662323608994484,0.010224344208836555,0.0,0.0,0.030218318388336454,-0.10144426657076555,0.047538699481011915,0.5411436157812993,1.8092500090681671,-0.6771115454060722
149162,149,0.053202345967292786,0.568153440952301,0.045712944120168686,0.5644569396972656,1.5135972499847412,-0.42288196086883545,1.4986587762832642,-0.5878044366836548,0.0208280049264431,0.028149021789431572,0.1255098432302475,0.01346184965223074,0.9734959006309509,0.7992638349533081,0.6979427933692932,0.836967408657074,0.0124399084597826,0.026686441153287888,0.08839122205972672,0.009526754729449749,0.0,0.0,0.02458255225059231,-0.13357364614221257,0.06563119957169375,0.5343725003272388,1.8092500090681671,-0.6771115454061251
149163,149,0.06888305395841599,0.5630818009376526,0.06168655306100845,0.5582055449485779,1.6313669681549072,-0.5493751168251038,1.6948883533477783,-0.6235093474388123,0.019477713853120804,0.025844525545835495,0.14352098107337952,0.013038096018135548,0.9681494235992432,0.8016951680183411,0.7018072009086609,0.8353945016860962,0.010960465297102928,0.026039207354187965,0.10369649529457092,0.008712676353752613,0.0,0.0,-0.0030109616190610172,-0.14869285019902084,0.08435098077099153,0.527203199370962,1.915932649093066,-0.7448315516562987
149164,149,0.08542609959840775,0.5565812587738037,0.07926993072032928,0.5517092943191528,1.6951947212219238,-0.7073982954025269,1.8236098289489746,-0.6592862010002136,0.018300728872418404,0.023888790979981422,0.15510213375091553,0.012666900642216206,0.9623207449913025,0.8042028546333313,0.7063243985176086,0.8339938521385193,0.009181798435747623,0.02333228848874569,0.11598578095436096,0.008986224420368671,0.0,0.0,0.010343122428885257,-0.15870852585885808,0.10351030726192348,0.5197548838543992,1.915932649093066,-0.7448315516562987
149165,149,0.10366196185350418,0.5511096715927124,0.09880118072032928,0.5458363890647888,1.8730977773666382,-0.4832843542098999,2.0026321411132812,-0.5736883878707886,0.017271699383854866,0.02972826361656189,0.16002704203128815,0.012340988032519817,0.9563443660736084,0.80569988489151,0.7111631035804749,0.8323814868927002,0.008387965150177479,0.02863103523850441,0.12160307168960571,0.008018518798053265,0.0,0.0,0.03064210592927935,-0.16156468846089433,0.12303625156129451,0.511997928351662,1.9910610984531851,-0.8080790072846027
149166,149,0.12188389897346497,0.5445401668548584,0.1183132752776146,0.5393471717834473,1.8316256999969482,-0.7277041077613831,1.956222653388977,-0.6642327308654785,0.01637404039502144,0.027216849848628044,0.17799736559391022,0.012055594474077225,0.9501839280128479,0.8082910180091858,0.7157098054885864,0.830732524394989,0.007332870736718178,0.02720915898680687,0.13633741438388824,0.008108512498438358,0.0,0.0,-0.009137241699402249,-0.1841149514098813,0.14294686254582778,0.5039171382788159,1.9910610984531982,-0.8080790072846027
149167,149,0.14051873981952667,0.538123607635498,0.13834266364574432,0.533005952835083,1.8605449199676514,-0.6075389981269836,2.009965181350708,-0.6346376538276672,0.015589740127325058,0.02669139765202999,0.17718558013439178,0.011805418878793716,0.9439476728439331,0.8106231689453125,0.72076815366745,0.8291961550712585,0.006631639786064625,0.026346031576395035,0.13971775770187378,0.007861929945647717,0.0,0.0,0.023068434356178655,-0.17335581354716756,0.16302653641995382,0.49560830863459376,2.034635357148537,-0.8668539122909842
149168,149,0.15927277505397797,0.5320084095001221,0.15828722715377808,0.5266885757446289,1.8886690139770508,-0.6166282296180725,1.9718501567840576,-0.6271458268165588,0.014902042225003242,0.02458030730485916,0.17652501165866852,0.011585432104766369,0.937646746635437,0.8131109476089478,0.7259687185287476,0.8276076912879944,0.0059439875185489655,0.02495039813220501,0.14152438938617706,0.0076248603872954845,0.0,0.0,-0.0004839686585563635,-0.17341358808848467,0.18337288999144055,0.486939769511684,2.0346353571485243,-0.8668539122909842
149169,149,0.17819391191005707,0.52571702003479,0.17763689160346985,0.5203972458839417,1.9015382528305054,-0.6325549483299255,1.9076207876205444,-0.6254181861877441,0.014299849048256874,0.02274526283144951,0.17599369585514069,0.011392313987016678,0.9313422441482544,0.8157042860984802,0.7311285734176636,0.8259739875793457,0.005556310527026653,0.023380350321531296,0.14264178276062012,0.007410338614135981,0.0,0.0,-0.005617905692987896,-0.17348871111445113,0.20375385991500333,0.4781148461309523,2.046655425179096,-0.9211562666754168
149170,149,0.19687162339687347,0.5192511081695557,0.19622725248336792,0.5140158534049988,1.8494879007339478,-0.647503137588501,1.8290892839431763,-0.638305127620697,0.013773326762020588,0.0211512241512537,0.17519399523735046,0.011248056776821613,0.9251153469085693,0.8183773756027222,0.7361981272697449,0.8242204189300537,0.005097533576190472,0.022315045818686485,0.14384940266609192,0.007011400070041418,0.0,0.0,-0.01020551902046525,-0.17140773210591032,0.22422041416679456,0.4689032834641985,2.046655425179109,-0.9211562666754433
149171,149,0.21532504260540009,0.5122637748718262,0.21414652466773987,0.5074614882469177,1.8449152708053589,-0.735640823841095,1.766435980796814,-0.6693513989448547,0.013312182389199734,0.019762959331274033,0.1724061369895935,0.014342324808239937,0.9188744425773621,0.8212563991546631,0.7412897348403931,0.8221274614334106,0.004769540391862392,0.02122451364994049,0.14348360896110535,0.009169567376375198,0.0,0.0,-0.01483500155409434,-0.1591403649053448,0.24465024661447587,0.45959804675193267,2.0271213025449013,-0.9709860704379535
149172,149,0.2336287945508957,0.5047945976257324,0.2317066788673401,0.5005622506141663,1.812131404876709,-0.763672411441803,1.7481136322021484,-0.7158104777336121,0.012907739728689194,0.018551310524344444,0.1691955178976059,0.013810709118843079,0.9126955270767212,0.8242035508155823,0.7463345527648926,0.820159912109375,0.004453191999346018,0.02026619389653206,0.1424715518951416,0.008777709677815437,0.0,0.0,-0.008306915205990861,-0.1538269544415184,0.26492145963992625,0.4498881860475531,2.0271213025449146,-0.9709860704379535
149173,149,0.25171902775764465,0.4970724582672119,0.2492402195930481,0.49318453669548035,1.7970467805862427,-0.7861059904098511,1.7532888650894165,-0.7642670273780823,0.012552504427731037,0.017491571605205536,0.1648673713207245,0.013344085775315762,0.906730055809021,0.8274821639060974,0.7512081861495972,0.817872941493988,0.004562497138977051,0.02019161358475685,0.1393815279006958,0.007807417772710323,0.0,0.0,-0.009956485475686505,-0.1440339770195386,0.2851477210864079,0.4401384164087285,1.9801716321007252,-1.0126689515059053
149174,149,0.26888734102249146,0.4879455864429474,0.26631975173950195,0.4847199618816376,1.6878160238265991,-0.9760826826095581,1.703337550163269,-0.8853851556777954,0.012240927666425705,0.016565557569265366,0.1601753830909729,0.013279461301863194,0.9009946584701538,0.831398606300354,0.75590980052948,0.8151004314422607,0.0044098892249166965,0.020276065915822983,0.1365906298160553,0.007099728565663099,0.0,0.0,-0.012815985886894976,-0.13736730954012105,0.3049080509788684,0.4299749831729428,1.9760329892459265,-1.0163433235785675
149175,149,0.2855176627635956,0.4770456850528717,0.28315404057502747,0.47515058517456055,1.656168818473816,-1.1699260473251343,1.676309585571289,-1.0119041204452515,0.011967554688453674,0.01603243686258793,0.15249969065189362,0.012878332287073135,0.8951380252838135,0.8354947566986084,0.7607839107513428,0.8123040795326233,0.003912938758730888,0.019255710765719414,0.1326078176498413,0.007153959013521671,0.0,0.0,0.012244714389904321,-0.1146830419739727,0.32466838087132777,0.4198115499371578,1.9394388932179145,-1.0344470675152253
149176,149,0.3026144206523895,0.4663933217525482,0.30036261677742004,0.4648987948894501,1.7098782062530518,-1.0349786281585693,1.7103794813156128,-1.0879569053649902,0.011727863922715187,0.037096623331308365,0.1444694846868515,0.012526873499155045,0.8893593549728394,0.8367708325386047,0.7656137347221375,0.8093767166137695,0.003925682511180639,0.03732535243034363,0.12650708854198456,0.0064556491561234,0.0,0.0,0.04063025342017612,-0.10414704989285001,0.34361221275165393,0.4092441807515629,1.8933904852821584,-1.0572280260972593
149177,149,0.3192216157913208,0.4553036391735077,0.31688451766967773,0.4530411958694458,1.647054672241211,-1.132886290550232,1.6288517713546753,-1.2322458028793335,0.011517409235239029,0.034771934151649475,0.1383807212114334,0.012218466959893703,0.8835733532905579,0.8404608964920044,0.7703807950019836,0.806477427482605,0.003545870305970311,0.038267750293016434,0.12245628982782364,0.006478635594248772,0.0,0.0,0.019193878198654063,-0.10733053019263553,0.3625461176044769,0.3986719004905903,1.8933904852821584,-1.0572280260972593
149178,149,0.33597633242607117,0.4445028007030487,0.33329036831855774,0.4408296048641205,1.6800422668457031,-1.0617233514785767,1.633880376815796,-1.2165813446044922,0.011332263238728046,0.0345313735306263,0.1311834305524826,0.011947293765842915,0.8777306079864502,0.8443686962127686,0.7751625180244446,0.8036608099937439,0.0033720002975314856,0.03788008540868759,0.11736194789409637,0.00617813179269433,0.0,0.0,0.032917614033940557,-0.09405679945033973,0.38046596952631806,0.38777628469460734,1.7791937906536368,-1.093640177994002
149179,149,0.3527013957500458,0.43375054001808167,0.3494883179664612,0.4288862347602844,1.6708660125732422,-1.0849753618240356,1.6168465614318848,-1.1652343273162842,0.011170106008648872,0.03273477405309677,0.12550872564315796,0.011709903366863728,0.8719794154167175,0.8486783504486084,0.7798128724098206,0.8005461096763611,0.00332710612565279,0.03758137300610542,0.11280455440282822,0.005463039502501488,0.0,0.0,0.020618788198462523,-0.09568486459730352,0.3982579074328556,0.3768398829146673,1.7791937906536368,-1.0936401779940284
149180,149,0.3690609931945801,0.42175227403640747,0.3653583526611328,0.4170854389667511,1.6337432861328125,-1.2593718767166138,1.5913017988204956,-1.1759450435638428,0.011027785949409008,0.031338319182395935,0.12040596455335617,0.01150163821876049,0.8661960959434509,0.8534389138221741,0.7844312787055969,0.7971611022949219,0.0030395686626434326,0.03666149452328682,0.10935333371162415,0.005070828832685947,0.0,0.0,0.021872972335324925,-0.09322767722588648,0.41490134587089567,0.36565180091327015,1.6334429053603086,-1.1255797792688487
149181,149,0.3855626583099365,0.4088904559612274,0.3815232217311859,0.405266135931015,1.6588900089263916,-1.313660979270935,1.6332064867019653,-1.2006810903549194,0.010902744717895985,0.04569108039140701,0.11509287357330322,0.011318722739815712,0.8602749705314636,0.856352686882019,0.789120614528656,0.7937435507774353,0.002751705702394247,0.04844679683446884,0.10579836368560791,0.005015458911657333,0.0,0.0,0.04817026052886644,-0.08646610940708357,0.4312357749245,0.3543960031205816,1.633442905360335,-1.1255797792688487
149182,149,0.4023894965648651,0.3962833881378174,0.3982117772102356,0.39320069551467896,1.6870325803756714,-1.2334119081497192,1.680720567703247,-1.2280664443969727,0.010793020948767662,0.0558900311589241,0.11146826297044754,0.011158269830048084,0.8543767929077148,0.8593408465385437,0.7936923503875732,0.7902655601501465,0.0027254801243543625,0.05967754125595093,0.10282738506793976,0.00470344815403223,0.0,0.0,0.0578289420458549,-0.09170323525373195,0.446396542484307,0.3429512353187465,1.4628495935163963,-1.1530468299217465
149183,149,0.41897347569465637,0.3835042119026184,0.41478317975997925,0.3804255425930023,1.6546285152435303,-1.2868753671646118,1.655595302581787,-1.2954992055892944,0.01069658063352108,0.05463014915585518,0.10956805944442749,0.011017277836799622,0.8485227823257446,0.863717257976532,0.7981148362159729,0.7867440581321716,0.002652660245075822,0.06113815680146217,0.10137054324150085,0.004554615821689367,0.0,0.0,0.04664752800369304,-0.09914859477356114,0.4610250384194709,0.3314207670195296,1.4628495935163963,-1.1530468299217729
149184,149,0.43536341190338135,0.37050795555114746,0.43125927448272705,0.36728793382644653,1.6312178373336792,-1.3048685789108276,1.6442021131515503,-1.3218923807144165,0.010611889883875847,0.05546224117279053,0.10795442014932632,0.010893494822084904,0.8426685333251953,0.8682583570480347,0.8024786114692688,0.7832212448120117,0.0024596466682851315,0.061933163553476334,0.10067474842071533,0.004362666048109531,0.0,0.0,0.05561907057012158,-0.0990677382415773,0.47466225315573274,0.31975509382223183,1.2942609115783388,-1.1760413299527483
149185,149,0.4517887234687805,0.35741692781448364,0.4476996958255768,0.35407739877700806,1.647658109664917,-1.3167978525161743,1.6391563415527344,-1.3235256671905518,0.010537574999034405,0.05886828154325485,0.1069519892334938,0.010784902609884739,0.8366970419883728,0.8723911046981812,0.8068657517433167,0.7797873616218567,0.0022127467673271894,0.0645463615655899,0.1005370020866394,0.004479771014302969,0.0,0.0,0.0595394729353719,-0.10140596173361832,0.487604862271517,0.3079946805227043,1.2942609115783388,-1.1760413299527483
149186,149,0.4684950113296509,0.34486058354377747,0.4642678201198578,0.3411061763763428,1.6696728467941284,-1.2214490175247192,1.6531298160552979,-1.2885948419570923,0.010472295805811882,0.0619635246694088,0.11051784455776215,0.010689531452953815,0.8310717940330505,0.8765249848365784,0.8107044696807861,0.7761414647102356,0.0030259389895945787,0.06918357312679291,0.1018688976764679,0.0038796146400272846,0.0,0.0,0.06258386216434014,-0.11143815079770966,0.49976731382613976,0.29614388233491923,1.1343886236603582,-1.1945632793618277
149187,149,0.4835040867328644,0.331340491771698,0.479793906211853,0.3275226056575775,1.4236751794815063,-1.3927357196807861,1.5175199508666992,-1.3587664365768433,0.010414935648441315,0.06007484719157219,0.12165548652410507,0.01060574036091566,0.8257780075073242,0.8813652992248535,0.8139984011650085,0.7724316120147705,0.0027381067629903555,0.06862027943134308,0.1120077595114708,0.0038805946242064238,0.0,0.0,0.04828971318974806,-0.12461284084096214,0.5111112000627438,0.2841982495413009,1.1343886236603318,-1.1945632793618277
149188,149,0.4982456564903259,0.31775394082069397,0.4950617849826813,0.3144305646419525,1.4724544286727905,-1.3624838590621948,1.496903657913208,-1.3049368858337402,0.010364568792283535,0.07311401516199112,0.11754131317138672,0.01053217425942421,0.8207539916038513,0.8849930763244629,0.8175500631332397,0.7685137987136841,0.0036514790263026953,0.07996521890163422,0.10855816304683685,0.003430581884458661,0.0,0.0,0.07583976881065077,-0.0954492118431081,0.5218686195878874,0.2721981067680047,0.9832327297624018,-1.2086126781489845
149189,149,0.5114671587944031,0.3034757375717163,0.5090289115905762,0.30076363682746887,1.2364205121994019,-1.4428753852844238,1.3409855365753174,-1.3871469497680664,0.010320289060473442,0.07314376533031464,0.1166619285941124,0.010467509739100933,0.8163263201713562,0.8895456790924072,0.8207939267158508,0.7645590305328369,0.0037571743596345186,0.08301098644733429,0.10732229053974152,0.0034403481986373663,0.0,0.0,0.07314999884020709,-0.11191547833357109,0.531700946885512,0.260111979986515,0.983232729762349,-1.2086126781489845
149190,149,0.5238224267959595,0.2892330586910248,0.5219945311546326,0.2869669795036316,1.2107590436935425,-1.4242914915084839,1.2355973720550537,-1.392022728919983,0.01028142124414444,0.08562865108251572,0.11151684820652008,0.010410753078758717,0.8123528957366943,0.8934321403503418,0.8237718939781189,0.7603572010993958,0.004671893548220396,0.09502530843019485,0.10155054926872253,0.0028868038207292557,0.0,0.0,0.08842817107304918,-0.08351604004028651,0.5411230655333379,0.24799827303268154,0.8407932298844696,-1.2181895263142055
149191,149,0.5343095064163208,0.273988276720047,0.5329954028129578,0.27223479747772217,0.9613964557647705,-1.5573939085006714,1.0244444608688354,-1.500699520111084,0.010247252881526947,0.08812496066093445,0.10775085538625717,0.010360866785049438,0.8086273074150085,0.8977059721946716,0.8266767859458923,0.7565693259239197,0.0041346619836986065,0.09762425720691681,0.09922907501459122,0.0038129929453134537,0.0,0.0,0.08869382062332759,-0.08704731974910557,0.5495309978321831,0.23581637776953956,0.8407932298844696,-1.2181895263142055
149192,149,0.5451504588127136,0.2607872486114502,0.5435527563095093,0.25824373960494995,1.0945191383361816,-1.2178374528884888,0.9976428151130676,-1.3896374702453613,0.010217246599495411,0.10868270695209503,0.09955989569425583,0.010317063890397549,0.8051813840866089,0.9004193544387817,0.8294022083282471,0.7527223229408264,0.005165803711861372,0.11596634984016418,0.09074248373508453,0.003004523692652583,0.0,0.0,0.1137584978617242,-0.05383643214840597,0.557687546754851,0.22362488704014505,0.7070701240266409,-1.2232938238575042
149193,149,0.5541506409645081,0.24686767160892487,0.5517176985740662,0.24340347945690155,0.8223243355751038,-1.4365817308425903,0.7522737383842468,-1.470310091972351,0.010190905071794987,0.10184352099895477,0.09676896780729294,0.010278606787323952,0.8020586967468262,0.9048165678977966,0.8318942785263062,0.7489639520645142,0.004704434424638748,0.11633743345737457,0.08827072381973267,0.0035038464702665806,0.0,0.0,0.06377330326374289,-0.08095318106272235,0.5647582479951174,0.21139194880157008,0.707070124026588,-1.223293823857491
149194,149,0.5633125305175781,0.23371869325637817,0.5596844553947449,0.2298540621995926,0.9296689033508301,-1.2714343070983887,0.7878727316856384,-1.3093092441558838,0.010167736560106277,0.1014137789607048,0.0889107957482338,0.010244783945381641,0.7988606691360474,0.9093925952911377,0.8344447612762451,0.7455228567123413,0.005065884441137314,0.11354045569896698,0.08147385716438293,0.003632893553003669,0.0,0.0,0.09900292642380151,-0.04385153790520317,0.5717189583447878,0.1991584547015898,0.5921901535381006,-1.2238743932254685
149195,149,0.5719627737998962,0.22134347259998322,0.5673843622207642,0.21705447137355804,0.8201533555984497,-1.2028141021728516,0.7675721049308777,-1.244123935699463,0.01014738716185093,0.09745471924543381,0.08560340106487274,0.010215080343186855,0.7961265444755554,0.9141126871109009,0.8365949392318726,0.7418251037597656,0.0053747897036373615,0.11261039972305298,0.07744146883487701,0.002852772595360875,0.0,0.0,0.0751142682664356,-0.0663511926949442,0.5775395924666759,0.18691919899380105,0.582063412188757,-1.2239255707788805
149196,149,0.5795549750328064,0.20771998167037964,0.5744950175285339,0.20431067049503326,0.7466551065444946,-1.4361228942871094,0.707070529460907,-1.2652798891067505,0.010129496455192566,0.092486172914505,0.08120277523994446,0.010188966058194637,0.7934820055961609,0.9194231629371643,0.8386783599853516,0.7379251718521118,0.00542832724750042,0.10796576738357544,0.07348395138978958,0.0029393264558166265,0.0,0.0,0.06415989683853955,-0.05535512979717461,0.5833602265885636,0.17467994328601305,0.530570066110839,-1.2221639080016642
149197,149,0.5868768692016602,0.1937524676322937,0.581804096698761,0.1918494999408722,0.7106271982192993,-1.3876326084136963,0.7314115166664124,-1.2538765668869019,0.010113741271197796,0.0995461642742157,0.07669545710086823,0.010165971703827381,0.7909730672836304,0.9237188696861267,0.8406670689582825,0.7340617775917053,0.005468991119414568,0.1118684634566307,0.06957972049713135,0.002830414567142725,0.0,0.0,0.1010984998067368,-0.050001856377463044,0.5880319263392187,0.16247999430558668,0.46577309437097664,-1.2199471087084592
149198,149,0.5939159393310547,0.17992433905601501,0.5890009999275208,0.17911367118358612,0.6999489665031433,-1.3811008930206299,0.7047159075737,-1.2954946756362915,0.010099944658577442,0.0990864560008049,0.07286208122968674,0.010145834647119045,0.7886974811553955,0.9282554388046265,0.8424322605133057,0.7300843000411987,0.005997754167765379,0.11386711895465851,0.06518138945102692,0.0026371306739747524,0.0,0.0,0.09649160393945176,-0.04980974081734562,0.5926896572829289,0.15028052321850213,0.46577309437097664,-1.219947108708446
149199,149,0.5999289751052856,0.1657719761133194,0.595424234867096,0.16547848284244537,0.5459390878677368,-1.4200690984725952,0.6064307689666748,-1.401079535484314,0.01008780300617218,0.09893723577260971,0.07030543684959412,0.010128116235136986,0.7870466113090515,0.9330714344978333,0.8437095880508423,0.7260043621063232,0.006767790298908949,0.11448590457439423,0.06149221956729889,0.002469338709488511,0.0,0.0,0.09809623084195032,-0.0548316473668728,0.5963921447051076,0.13816220805793353,0.35819917057324685,-1.2108078041667532
149200,149,0.6041240692138672,0.15121212601661682,0.6006749272346497,0.15085941553115845,0.34442198276519775,-1.462774395942688,0.47087734937667847,-1.4886846542358398,0.010077150538563728,0.10558314621448517,0.06557250767946243,0.010112571530044079,0.785530149936676,0.9371423125267029,0.8450921177864075,0.7221853733062744,0.00608741445466876,0.11836659908294678,0.05882858484983444,0.002824582625180483,0.0,0.0,0.10723567453986026,-0.036591350482447466,0.5999741364108402,0.126054130016266,0.35819917057324685,-1.2108078041667598
149201,149,0.6089996695518494,0.13782355189323425,0.6056355237960815,0.13664792478084564,0.531904935836792,-1.2995147705078125,0.45674747228622437,-1.42155122756958,0.010067797265946865,0.11543922126293182,0.057887300848960876,0.010098920203745365,0.7839784622192383,0.9406209588050842,0.8464908003807068,0.7182816863059998,0.0068740020506083965,0.1286303848028183,0.05139261856675148,0.002439295407384634,0.0,0.0,0.11802950349734026,-0.00917489897364799,0.6027771426567027,0.11405982014674518,0.25934164079556765,-1.1963699987838148
149202,149,0.6128102540969849,0.12403013557195663,0.609054446220398,0.12178529798984528,0.3144889175891876,-1.392064094543457,0.2987608313560486,-1.4797283411026,0.010059572756290436,0.11237142235040665,0.055705901235342026,0.010086916387081146,0.7828302979469299,0.944951057434082,0.8475388884544373,0.7144007086753845,0.006760778836905956,0.12968307733535767,0.04896312579512596,0.0025507821701467037,0.0,0.0,0.0956757593185095,-0.04193429200418404,0.6053705590646583,0.10209612015890618,0.25934164079551475,-1.1963699987838148
149203,149,0.6162949204444885,0.11042981594800949,0.6120501756668091,0.10766186565160751,0.34925568103790283,-1.351636528968811,0.2833763062953949,-1.372868537902832,0.010052348487079144,0.11272163689136505,0.04993822053074837,0.010076376609504223,0.7816129922866821,0.949440598487854,0.8486794233322144,0.7106277942657471,0.006791830528527498,0.1290178894996643,0.044361211359500885,0.0025527221150696278,0.0,0.0,0.1128139187832251,-0.013105874690113296,0.607343815286365,0.09026820358716096,0.16920050503783327,-1.1766336925598029
149204,149,0.6197165846824646,0.09706870466470718,0.6148049831390381,0.09432648122310638,0.33263421058654785,-1.3252182006835938,0.27028846740722656,-1.3048943281173706,0.010046000592410564,0.11226637661457062,0.04620532691478729,0.010067114606499672,0.780483603477478,0.9539095759391785,0.8497139811515808,0.7067616581916809,0.006816877517849207,0.12951497733592987,0.04091911017894745,0.002253379439935088,0.0,0.0,0.10977919035799585,-0.022051393803824954,0.609035820336744,0.07850186666156214,0.16920050503783327,-1.1766336925598029
149205,149,0.6229556202888489,0.08327414095401764,0.6173940300941467,0.08131352812051773,0.3264187276363373,-1.405539870262146,0.2655033767223358,-1.2894099950790405,0.010040423832833767,0.11171497404575348,0.043280620127916336,0.010058976709842682,0.7794222831726074,0.9583626389503479,0.8506121039390564,0.7030400037765503,0.00710173649713397,0.1276123821735382,0.037829261273145676,0.002681783400475979,0.0,0.0,0.10869667368193231,-0.024164377552571566,0.6102490576864552,0.06688273139432319,0.08777576330025526,-1.151598885494631
149206,149,0.6256911754608154,0.07032282650470734,0.620212197303772,0.06870879232883453,0.22699296474456787,-1.2213265895843506,0.27672597765922546,-1.2505115270614624,0.010035519488155842,0.12202398478984833,0.04128820821642876,0.010051818564534187,0.7787503004074097,0.9618144631385803,0.8512006402015686,0.6992729902267456,0.007387194316834211,0.1364554464817047,0.03586089238524437,0.002064838306978345,0.0,0.0,0.12474392586190584,-0.02819118715619076,0.611126815319458,0.055366742539375416,0.08777576330025526,-1.151598885494631
149207,149,0.6275676488876343,0.0568053312599659,0.6223188042640686,0.055801015347242355,0.18657530844211578,-1.4017131328582764,0.19096899032592773,-1.2825770378112793,0.010031209327280521,0.1185203269124031,0.03823082149028778,0.010045531205832958,0.778007447719574,0.9659767150878906,0.851935625076294,0.6955068111419678,0.007127845659852028,0.1363493800163269,0.033476509153842926,0.002512962557375431,0.0,0.0,0.09975214974842221,-0.017983362016835445,0.6116497649493343,0.043998776583371306,0.015067415582674975,-1.121265577588303
149208,149,0.6298211812973022,0.04383722320199013,0.6245394945144653,0.04344319924712181,0.22847144305706024,-1.2492164373397827,0.2189180701971054,-1.2364307641983032,0.01002742163836956,0.12828007340431213,0.03529541566967964,0.01004000660032034,0.7772790789604187,0.969308078289032,0.8525788187980652,0.6921517848968506,0.007428453769534826,0.14072465896606445,0.030677372589707375,0.002787653123959899,0.0,0.0,0.1309394259681768,-0.01568765630910095,0.6118004391051612,0.03278612080748751,0.015067415582674975,-1.121265577588303
149209,149,0.6316612362861633,0.03215252608060837,0.6265208721160889,0.031009091064333916,0.14752264320850372,-1.101138710975647,0.17737556993961334,-1.244096279144287,0.010024095885455608,0.12559209764003754,0.034226223826408386,0.010035154409706593,0.7769492864608765,0.9728558659553528,0.852875292301178,0.6888304352760315,0.007847795262932777,0.14249587059020996,0.029186097905039787,0.0024732158053666353,0.0,0.0,0.11140981025962332,-0.027036722178874074,0.6117028321673629,0.02171171216944745,-0.04892453811485471,-1.0856337688408215
149210,149,0.632439136505127,0.020326970145106316,0.6275565028190613,0.018367614597082138,0.0514436773955822,-1.2068873643875122,0.0724608302116394,-1.2343462705612183,0.010021175257861614,0.12003177404403687,0.032385412603616714,0.010030888952314854,0.7767486572265625,0.9770092368125916,0.8531542420387268,0.6855587363243103,0.00780338142067194,0.13774240016937256,0.02768758311867714,0.002650718903169036,0.0,0.0,0.09042892713895581,-0.0199619559316087,0.6112135867862144,0.010855374481037837,-0.048924538114801845,-1.0856337688408233
149211,149,0.6330938935279846,0.008818854577839375,0.6282960772514343,0.006743528414517641,0.05772271752357483,-1.128523349761963,0.05648686736822128,-1.1229815483093262,0.01001860573887825,0.11815276741981506,0.02951299212872982,0.010027141310274601,0.776745617389679,0.9810537099838257,0.8532847166061401,0.6823415160179138,0.008317036554217339,0.1342511922121048,0.024856777861714363,0.0025294467341154814,0.0,0.0,0.10806120921549794,-0.008840255845667586,0.6105651544329017,0.00011691116769110225,-0.10420009779233382,-1.0447034592521818
149212,149,0.6328264474868774,-0.002679633442312479,0.6282759308815002,-0.004409104119986296,-0.0746103897690773,-1.1483386754989624,-0.0371183305978775,-1.0930213928222656,0.010016350075602531,0.11501718312501907,0.027492480352520943,0.010023851878941059,0.7771561145782471,0.9850271940231323,0.8531388640403748,0.679110586643219,0.00873604416847229,0.13107432425022125,0.022725433111190796,0.002471277257427573,0.0,0.0,0.09804578941110095,-0.013647042667888744,0.6095231534549783,-0.010330123424831429,-0.10420009779233382,-1.0447034592521813
149213,149,0.6315732598304749,-0.014175240881741047,0.627432107925415,-0.01514904573559761,-0.16515639424324036,-1.1456278562545776,-0.12551718950271606,-1.0567072629928589,0.010014364495873451,0.11313963681459427,0.025274042040109634,0.010020957328379154,0.7777872681617737,0.9889692068099976,0.8528798818588257,0.6758176684379578,0.008781775832176208,0.12893900275230408,0.02088279277086258,0.0022659588139504194,0.0,0.0,0.10293459194881618,0.0039901058619185945,0.6083936268383116,-0.020690253406756197,-0.15075926344976232,-0.9984746488223865
149214,149,0.6299645900726318,-0.0259584691375494,0.625768780708313,-0.02562197484076023,-0.16420121490955353,-1.202447772026062,-0.19993314146995544,-1.0448368787765503,0.01566206105053425,0.11191746592521667,0.023353422060608864,0.010018419474363327,0.7778043150901794,0.9928967952728271,0.852510392665863,0.6724491715431213,0.0131580401211977,0.12719625234603882,0.018965985625982285,0.0022398338187485933,0.0,0.0,0.10521969578430171,0.01656945206431908,0.6068860342038136,-0.030674999894980744,-0.1507592634498152,-0.9984746488223865
149215,149,0.6279312968254089,-0.03786797821521759,0.6234694719314575,-0.03630736097693443,-0.2369188815355301,-1.1796637773513794,-0.2558995485305786,-1.1033871173858643,0.01601751707494259,0.11606039106845856,0.021677523851394653,0.010016186162829399,0.778394877910614,0.9961000680923462,0.8521574139595032,0.6694739460945129,0.013673434033989906,0.1271144300699234,0.01774969883263111,0.002924734726548195,0.0,0.0,0.11713720358607232,0.016069346312297558,0.6053451444759531,-0.04061440853875308,-0.1855364080125649,-0.9511215434480482
149216,149,0.6261526346206665,-0.048116475343704224,0.6212635636329651,-0.04711844027042389,-0.1700909435749054,-0.9393277764320374,-0.22616273164749146,-1.0975456237792969,0.025323959067463875,0.11787022650241852,0.020219003781676292,0.010014220140874386,0.7780382037162781,0.9989217519760132,0.8517273664474487,0.666709303855896,0.020585741847753525,0.12940913438796997,0.016432415693998337,0.002597344806417823,0.0,0.0,0.1183553577151942,0.02678209864488941,0.6034591241250812,-0.05008388191426863,-0.1886020350871931,-0.9469473375514328
149217,149,0.6241678595542908,-0.058047082275152206,0.6186092495918274,-0.058580826967954636,-0.19489100575447083,-1.004123330116272,-0.2658630311489105,-1.1456236839294434,0.024153539910912514,0.11253930628299713,0.018946530297398567,0.010012496262788773,0.7788071036338806,1.002243995666504,0.8511921167373657,0.6639226078987122,0.021198034286499023,0.12633708119392395,0.01505302544683218,0.002692463109269738,0.0,0.0,0.08363426748431575,0.0160516010416078,0.6015731037742094,-0.05955335528978305,-0.2014991934301282,-0.9217848711986326
149218,149,0.6215951442718506,-0.06784209609031677,0.6159257888793945,-0.06972837448120117,-0.3023017644882202,-0.9525038003921509,-0.2681853771209717,-1.0705407857894897,0.02349226363003254,0.10986287146806717,0.017836840823292732,0.010010981000959873,0.7796677350997925,1.0054980516433716,0.8508787751197815,0.661417543888092,0.01958637312054634,0.12174621969461441,0.01484835334122181,0.0028459676541388035,0.0,0.0,0.09519044576045751,0.01889821875029597,0.5993993183111418,-0.06846139646755374,-0.2177284127045204,-0.8901215254393259
149219,149,0.6202384233474731,-0.07680249214172363,0.6139783263206482,-0.07916515320539474,-0.057288143783807755,-0.8884724974632263,-0.16570284962654114,-0.8759435415267944,0.03364070504903793,0.10666973888874054,0.016867253929376602,0.010009648278355598,0.7790586948394775,1.00872802734375,0.8505176901817322,0.6588046550750732,0.027203446254134178,0.11874018609523773,0.013556762598454952,0.0026458657812327147,0.0,0.0,0.08904470311074812,0.03531323266939256,0.5972220341840963,-0.0773626117219476,-0.21772841270457324,-0.8901215254393259
149220,149,0.6184958219528198,-0.08619388937950134,0.6119943857192993,-0.08797620236873627,-0.20986443758010864,-0.9386178851127625,-0.1856299340724945,-0.8466935157775879,0.030602067708969116,0.1026863157749176,0.01602020300924778,0.010008476674556732,0.7799265384674072,1.0119832754135132,0.8500128388404846,0.656244158744812,0.026696698740124702,0.11434721946716309,0.012775018811225891,0.0027196533046662807,0.0,0.0,0.08048348857076723,-0.0039499114768567194,0.5948635118543563,-0.08571217053969585,-0.23813839630184996,-0.8279972124860627
149221,149,0.6162457466125488,-0.09531588107347488,0.610173761844635,-0.09602803736925125,-0.23947441577911377,-0.890549898147583,-0.1865173876285553,-0.7750904560089111,0.028882022947072983,0.10077925026416779,0.015279142186045647,0.010007450357079506,0.7809358239173889,1.0150442123413086,0.8496021628379822,0.653763473033905,0.024705741554498672,0.1114189550280571,0.012412799522280693,0.0026361600030213594,0.0,0.0,0.09007218187832862,0.017138693574627814,0.5924821278913375,-0.09399214266455751,-0.23813839630190284,-0.8279972124860561
149222,149,0.6144435405731201,-0.1042763739824295,0.6084191799163818,-0.10347726196050644,-0.14817574620246887,-0.9044767618179321,-0.17232055962085724,-0.7364963293075562,0.027825701981782913,0.09846840053796768,0.01462867297232151,0.010006544180214405,0.7817394137382507,1.0179609060287476,0.8491546511650085,0.6514052748680115,0.02417704090476036,0.10771582275629044,0.011542762629687786,0.002964622573927045,0.0,0.0,0.08548009131866294,0.02060854196120699,0.5900085998470853,-0.10174083111555463,-0.24983198587912894,-0.7605743986916399
149223,149,0.6123154163360596,-0.11253582686185837,0.6065936088562012,-0.11107156425714493,-0.24743284285068512,-0.7632136344909668,-0.19196923077106476,-0.7759239077568054,0.025566207244992256,0.09722527116537094,0.01406091172248125,0.010005751624703407,0.782825767993927,1.0205681324005127,0.8486802577972412,0.6492053866386414,0.022226206958293915,0.10617593675851822,0.011358407326042652,0.0027468486223369837,0.0,0.0,0.09017721469088986,0.004982848674288234,0.5875102799882939,-0.10934657510247155,-0.24983198587907607,-0.7605743986916399
149224,149,0.6103355884552002,-0.12059500068426132,0.6045849919319153,-0.11911062151193619,-0.16182062029838562,-0.8259051442146301,-0.20278431475162506,-0.8138774633407593,0.02467959374189377,0.09334620088338852,0.013563428074121475,0.01000505406409502,0.7837377190589905,1.0233131647109985,0.8481486439704895,0.6470027565956116,0.021761685609817505,0.10250654071569443,0.010511134751141071,0.0029334896244108677,0.0,0.0,0.07121746762930592,0.01854357765334598,0.5849914773816897,-0.11645200517998869,-0.25280918143635733,-0.6878530840560638
149225,149,0.6078553795814514,-0.1283559650182724,0.6023642420768738,-0.12743046879768372,-0.296474426984787,-0.7322984337806702,-0.23249758780002594,-0.836394727230072,0.022831635549664497,0.09180033951997757,0.013127168640494347,0.010004439391195774,0.7847117781639099,1.025669813156128,0.8477848768234253,0.645207941532135,0.019457519054412842,0.09870247542858124,0.010794378817081451,0.0032480908557772636,0.0,0.0,0.08292776934481337,0.004047772345734581,0.5824633855673258,-0.12333053602054977,-0.2528091814364102,-0.6878530840560572
149226,149,0.6064537763595581,-0.13476905226707458,0.6006208658218384,-0.13508564233779907,-0.07074838131666183,-0.607117235660553,-0.16055315732955933,-0.740418016910553,0.02354739047586918,0.08880993723869324,0.012744843028485775,0.010003902018070221,0.785223662853241,1.0279465913772583,0.847330629825592,0.6433916687965393,0.020459383726119995,0.09630530327558517,0.009951455518603325,0.003054173896089196,0.0,0.0,0.07154123695913567,0.023659842261982617,0.5799690395505301,-0.12975031971785686,-0.24706998297353513,-0.6098332685793347
149227,149,0.604371190071106,-0.1413964033126831,0.598442554473877,-0.14275464415550232,-0.2625527083873749,-0.6655540466308594,-0.2222856879234314,-0.7327260971069336,0.021847376599907875,0.0836261734366417,0.012894464656710625,0.010003430768847466,0.786220133304596,1.0303938388824463,0.8468112945556641,0.6415897011756897,0.019167430698871613,0.09181512892246246,0.0102448845282197,0.0030415160581469536,0.0,0.0,0.05337197436440281,-0.01291636653669665,0.5774983397207942,-0.13584865240365093,-0.24706998297353513,-0.6098332685793215
149228,149,0.6023292541503906,-0.14792482554912567,0.5964728593826294,-0.1492268443107605,-0.17927657067775726,-0.6546781659126282,-0.19018866121768951,-0.5895523428916931,0.020944949239492416,0.08078058809041977,0.012540712021291256,0.010003013536334038,0.7870038151741028,1.0327109098434448,0.8463930487632751,0.6399112343788147,0.01822664402425289,0.08746713399887085,0.009953505359590054,0.0032129886094480753,0.0,0.0,0.06400581951240268,0.014633678378658331,0.5750981814459675,-0.14154040171401913,-0.2326143904907152,-0.5265149522614327
149229,149,0.600540280342102,-0.1539243906736374,0.5946947336196899,-0.15454599261283875,-0.18572871387004852,-0.5682962536811829,-0.17751112580299377,-0.4985933005809784,0.019579755142331123,0.07849390059709549,0.01223046239465475,0.010002648457884789,0.7878488302230835,1.0348336696624756,0.8459541201591492,0.638220489025116,0.017197774723172188,0.08533436805009842,0.009752761572599411,0.002964622573927045,0.0,0.0,0.06492336831857354,0.000982697421645428,0.5727720375410603,-0.14680555123663386,-0.23261439049066232,-0.5265149522614461
149230,149,0.598717451095581,-0.16019491851329803,0.5927583575248718,-0.15946869552135468,-0.17059454321861267,-0.652646005153656,-0.1914013922214508,-0.47753259539604187,0.018392061814665794,0.07501929998397827,0.011959008872509003,0.010002329014241695,0.7886959910392761,1.0370347499847412,0.8454888463020325,0.636520504951477,0.016402436420321465,0.0817369818687439,0.009320495650172234,0.0031574296299368143,0.0,0.0,0.054166508149886126,0.00045589811203626193,0.5705357981603627,-0.1517268781533339,-0.20944240398784464,-0.43789813510238434
149231,149,0.5966426730155945,-0.16620850563049316,0.5908809900283813,-0.16428090631961823,-0.23943372070789337,-0.5546290874481201,-0.19068489968776703,-0.4989478886127472,0.0173543319106102,0.07440267503261566,0.01172067504376173,0.010002048686146736,0.789719820022583,1.0388824939727783,0.8448987603187561,0.6350238919258118,0.015666566789150238,0.07982649654150009,0.009086014702916145,0.003188617527484894,0.0,0.0,0.07068384502820821,-0.002962938611895796,0.5684413741204843,-0.1561058595043584,-0.2094424039877918,-0.43789813510238434
149232,149,0.5942123532295227,-0.17167410254478455,0.5888134837150574,-0.1695244461297989,-0.2475016862154007,-0.534895658493042,-0.22231969237327576,-0.542238175868988,0.016445351764559746,0.07234279811382294,0.011511028744280338,0.010001800023019314,0.7905066013336182,1.0405232906341553,0.8445589542388916,0.6337279677391052,0.014085140079259872,0.07740995287895203,0.009440947324037552,0.00345792924053967,0.0,0.0,0.05991133116635943,0.006903237738062659,0.5664387847860761,-0.16021437602066105,-0.17755402346492352,-0.3439828171021762
149233,149,0.5929237604141235,-0.17628179490566254,0.587065577507019,-0.17461806535720825,-0.06844940781593323,-0.43130871653556824,-0.15562190115451813,-0.5084121823310852,0.015651073306798935,0.0707615464925766,0.011327147483825684,0.01000158116221428,0.7909754514694214,1.0420153141021729,0.8442710041999817,0.6325844526290894,0.013704982586205006,0.07522028684616089,0.009013710543513298,0.0035136183723807335,0.0,0.0,0.06116325227669827,0.00883200949347241,0.5646632445514271,-0.16365420419168317,-0.17755402346487065,-0.3439828171021762
149234,149,0.5916306972503662,-0.1804017573595047,0.585432767868042,-0.1799241304397583,-0.15708671510219574,-0.3796636164188385,-0.15275345742702484,-0.5265834331512451,0.014955640770494938,0.06763041764497757,0.018398888409137726,0.010001388378441334,0.7914699912071228,1.0433297157287598,0.8435987830162048,0.6317257881164551,0.012719636783003807,0.07177279889583588,0.014866369776427746,0.0038041777443140745,0.0,0.0,0.04852144493857691,-0.019446257387539405,0.5629640364154687,-0.16690752230085934,-0.13694924892189891,-0.2447689982608348
149235,149,0.5907262563705444,-0.18346673250198364,0.584368884563446,-0.18457290530204773,-0.062313709408044815,-0.2677479386329651,-0.08583059161901474,-0.41685986518859863,0.01434701681137085,0.0643765926361084,0.01735837012529373,0.010001220740377903,0.7918719053268433,1.0446240901947021,0.8433569669723511,0.630912721157074,0.012509790249168873,0.06882547587156296,0.014120993204414845,0.0036358279176056385,0.0,0.0,0.04434015576505551,-0.006904243012005776,0.5615945439262496,-0.16935521228346784,-0.13694924892189891,-0.2447689982608348
149236,149,0.5895890593528748,-0.18656708300113678,0.583311140537262,-0.18835783004760742,-0.1271962970495224,-0.3197595477104187,-0.10096825659275055,-0.31550708413124084,0.013813942670822144,0.059509046375751495,0.021875372156500816,0.010001072660088539,0.7921292185783386,1.0459235906600952,0.8430539965629578,0.630266547203064,0.011276662349700928,0.0638122707605362,0.018160587176680565,0.003970785532146692,0.0,0.0,0.02920640676195603,-0.022572659841774,0.5602684481409015,-0.17171094397878797,-0.09162356755906952,-0.14872317780614422
149237,149,0.5895467400550842,-0.18883591890335083,0.5830339193344116,-0.19026081264019012,0.05278380960226059,-0.18759694695472717,0.003695908933877945,-0.12502160668373108,0.013347389176487923,0.05692855641245842,0.020757248625159264,0.010000938549637794,0.7919578552246094,1.046890139579773,0.8432375192642212,0.6298750638961792,0.010750051587820053,0.059899620711803436,0.017611533403396606,0.0041788555681705475,0.0,0.0,0.04067278699504502,-0.012922377107701662,0.5593921673373128,-0.1731135107645713,-0.08762808035882373,-0.1402566785783205
149238,149,0.59015953540802,-0.19028089940547943,0.5833171606063843,-0.1910705268383026,0.07507991045713425,-0.10276619344949722,0.05571361631155014,-0.04179765284061432,0.012937968596816063,0.052296336740255356,0.03912486508488655,0.010000824928283691,0.7916991114616394,1.0478566884994507,0.8423780798912048,0.629483163356781,0.010247965343296528,0.05633266270160675,0.03205406293272972,0.003961959853768349,0.0,0.0,0.022867331941613004,-0.042207933187492656,0.5585158865337241,-0.17451607755035445,0.22139257817852107,-0.09165460465571888
149239,149,0.590857982635498,-0.19193050265312195,0.5838803648948669,-0.19144625961780548,0.08189273625612259,-0.18584677577018738,0.07845307141542435,-0.012304850853979588,0.012579094618558884,0.04697812721133232,0.0386185385286808,0.010000723414123058,0.7911033630371094,1.048861026763916,0.8427884578704834,0.6292432546615601,0.009279688820242882,0.05057983845472336,0.033322788774967194,0.00434791250154376,0.0,0.0,0.012705326867432351,-0.035253084159301576,0.5645345636821298,-0.17483422086211478,0.6102506424417637,-0.030495883183302375
149240,149,0.5929248332977295,-0.1927156150341034,0.5856276750564575,-0.19096079468727112,0.27137863636016846,-0.02672463282942772,0.22681230306625366,0.05089879781007767,0.012264300137758255,0.04447859898209572,0.03695574402809143,0.010000637732446194,0.7901721596717834,1.049382209777832,0.8435110449790955,0.62931227684021,0.008977063000202179,0.046651121228933334,0.03213039040565491,0.00458515714854002,0.0,0.0,0.02819252950633841,-0.025871307885849307,0.5706370701065476,-0.17513917969394777,0.6102506424418167,-0.030495883183302375
149241,149,0.5955168604850769,-0.1925010234117508,0.5881418585777283,-0.19076086580753326,0.26536914706230164,0.06856437027454376,0.27914226055145264,0.00540312472730875,0.011988276615738869,0.03993285447359085,0.046962589025497437,0.010000563226640224,0.7892237901687622,1.0496796369552612,0.8436421155929565,0.6296435594558716,0.008685249835252762,0.04219731688499451,0.039865124970674515,0.0048336912877857685,0.0,0.0,0.007689317814514701,-0.04880423906922726,0.5756219267503672,-0.17442464688180706,0.4843874781065452,0.08431328740960922
149242,149,0.5981075763702393,-0.1913369745016098,0.5910760164260864,-0.190698504447937,0.2573838233947754,0.1598774641752243,0.30463936924934387,0.018637165427207947,0.011745934374630451,0.03602548688650131,0.04652739688754082,0.010000495240092278,0.7882948517799377,1.0497920513153076,0.8442397713661194,0.6301618814468384,0.008554285392165184,0.03802052512764931,0.0401366762816906,0.0049294824711978436,0.0,0.0,-0.004968559959513239,-0.043700141666184134,0.5804658015314326,-0.17358151400771096,0.4843874781065981,0.08431328740960922
149243,149,0.6006526947021484,-0.1895865648984909,0.5941047668457031,-0.19026507437229156,0.25722193717956543,0.18802158534526825,0.30288970470428467,0.08075068891048431,0.011533240787684917,0.03265903517603874,0.04568246752023697,0.01612669788300991,0.7873073220252991,1.0496667623519897,0.8450037240982056,0.6306241750717163,0.008146954700350761,0.0342719592154026,0.039790574461221695,0.0078064086847007275,0.0,0.0,-0.01702836512886688,-0.040184201103706796,0.5843531328578926,-0.17179431226209094,0.362996864393302,0.20412080807174518
149244,149,0.6036133170127869,-0.18725557625293732,0.5973317623138428,-0.18865734338760376,0.3164694309234619,0.25555306673049927,0.32835930585861206,0.22159837186336517,0.011346492916345596,0.029750417917966843,0.04469343274831772,0.01973237469792366,0.7863323092460632,1.0495758056640625,0.8457158803939819,0.6310086250305176,0.008251206018030643,0.03192848339676857,0.03870721161365509,0.00905749574303627,0.0,0.0,-0.020271717134833785,-0.03824360941138445,0.5879831015018254,-0.16975310418137338,0.36299686439324913,0.20412080807174518
149245,149,0.6062026619911194,-0.18570132553577423,0.6001596450805664,-0.18631206452846527,0.24654854834079742,0.11061185598373413,0.27476853132247925,0.27530717849731445,0.011182685382664204,0.02723482996225357,0.04719341918826103,0.02758842334151268,0.7855909466743469,1.0494575500488281,0.8460932374000549,0.6312363743782043,0.008529933169484138,0.028942398726940155,0.03989323973655701,0.012925597839057446,0.0,0.0,-0.0288556550833948,-0.04765689784803185,0.5908086879159012,-0.16685324670172014,0.24607880130192833,0.32892667880310555
149246,149,0.6079769730567932,-0.1838349550962448,0.6027776002883911,-0.18306274712085724,0.12063917517662048,0.23629111051559448,0.23544175922870636,0.3456577658653259,0.011038892902433872,0.02505343407392502,0.045926108956336975,0.0253603495657444,0.785332202911377,1.0490469932556152,0.8462923765182495,0.6320496797561646,0.008993349969387054,0.02645070292055607,0.038474008440971375,0.012378398329019547,0.0,0.0,-0.0032016944172018995,-0.037684543112503494,0.5932694759289201,-0.16356397991368885,0.24607880130187548,0.32892667880310555
149247,149,0.60846346616745,-0.18108899891376495,0.6044978499412537,-0.17965608835220337,-0.010915989056229591,0.3099367618560791,0.11098786443471909,0.33507341146469116,0.010912100784480572,0.023149868473410606,0.042342182248830795,0.024325888603925705,0.7855471968650818,1.048439860343933,0.8463363647460938,0.633014440536499,0.009576834738254547,0.024229835718870163,0.03496460244059563,0.012125331908464432,0.0,0.0,-0.017194853943623797,-0.019005672960314853,0.595069097835587,-0.1595114798994488,0.1336332888324772,0.45873089960370345
149248,149,0.6076934337615967,-0.17777055501937866,0.6047611236572266,-0.1763961762189865,-0.12351946532726288,0.35142192244529724,-0.03937744349241257,0.3248997926712036,0.010801264084875584,0.021501831710338593,0.03809768334031105,0.02428933046758175,0.7857532501220703,1.0475316047668457,0.8465759754180908,0.6341949701309204,0.008552255108952522,0.022223984822630882,0.032657310366630554,0.012387779541313648,0.0,0.0,-0.024035699457373928,0.002186120521077783,0.5964054307239117,-0.1549241709034112,0.1336332888324772,0.45873089960370345
149249,149,0.6079789996147156,-0.17354023456573486,0.6043920516967773,-0.17253178358078003,0.09548932313919067,0.4383379817008972,-0.07319996505975723,0.39907070994377136,0.020521748811006546,0.020066678524017334,0.03444802761077881,0.02562471106648445,0.7847526669502258,1.0466265678405762,0.8465527892112732,0.6352858543395996,0.016834482550621033,0.020690197125077248,0.02815236523747444,0.012947569601237774,0.0,0.0,-0.025843272366460474,0.022026011077237482,0.5972148685281453,-0.1496790415540303,0.025660326984948478,0.593533470473539
149250,149,0.6067212224006653,-0.1695140302181244,0.6026101112365723,-0.16917432844638824,-0.23523791134357452,0.4205392897129059,-0.21110376715660095,0.33777859807014465,0.019210219383239746,0.018813297152519226,0.03143554925918579,0.03359366953372955,0.7852581143379211,1.045026421546936,0.8464868664741516,0.6368049383163452,0.016169225797057152,0.017853399738669395,0.02628462202847004,0.018193069845438004,0.0,0.0,-0.03487472219828773,-0.011093382915604327,0.5974714717979945,-0.14374370684929455,0.025660326984948478,0.5935334704735258
149251,149,0.6059020161628723,-0.1626916229724884,0.6013962626457214,-0.16426502168178558,-0.04636698588728905,0.8076450824737549,-0.12254883348941803,0.5527267456054688,0.037523429840803146,0.01772022619843483,0.028693174943327904,0.032699234783649445,0.7835145592689514,1.0429699420928955,0.8464949727058411,0.6390393972396851,0.02862066589295864,0.01657918468117714,0.024072619155049324,0.01793554611504078,0.0,0.0,-0.026656874748080803,0.04055343056854449,0.5973265059047702,-0.137265961364219,-0.07784008424071062,0.7333343914125989
149252,149,0.6055672764778137,-0.15491580963134766,0.599908173084259,-0.15808331966400146,-0.0012552347034215927,0.7808868288993835,-0.13529753684997559,0.7098174691200256,0.03422502055764198,0.01676553674042225,0.026317952200770378,0.07471753656864166,0.7836210131645203,1.0408539772033691,0.846467137336731,0.6398776173591614,0.0289470162242651,0.015360018238425255,0.021874645724892616,0.03763455152511597,0.0,0.0,-0.08304569021477831,0.012117324318863445,0.5965481050623632,-0.12993261745009207,-0.07784008424071062,0.7333343914125989
149253,149,0.604892909526825,-0.14749248325824738,0.5985310673713684,-0.15036877989768982,-0.0892334133386612,0.7277483940124512,-0.11475277692079544,0.8396552801132202,0.031106142327189445,0.01593104936182499,0.02425687573850155,0.07775738835334778,0.7842530012130737,1.0385034084320068,0.8464720845222473,0.6419509053230286,0.02630736492574215,0.013917583040893078,0.020229995250701904,0.04145186021924019,0.0,0.0,-0.07842821120620434,0.003691207427963518,0.5954845158766563,-0.12218226902876798,-0.1768679448443415,0.8781336624208899
149254,149,0.6043095588684082,-0.13906487822532654,0.5979738235473633,-0.14090095460414886,-0.05529337003827095,0.9096410870552063,-0.034906018525362015,1.0061415433883667,0.02897561341524124,0.015199772082269192,0.022462010383605957,0.07622213661670685,0.7847422957420349,1.0360664129257202,0.84649658203125,0.6444148421287537,0.02417142316699028,0.013213586993515491,0.01890506036579609,0.04105186089873314,0.0,0.0,-0.06705959445387231,0.0144757677663673,0.5937158364282126,-0.11340093240455851,-0.1768679448443415,0.8781336624208832
149255,149,0.6039933562278748,-0.13047049939632416,0.5975685715675354,-0.13064886629581451,-0.0070158010348677635,0.8402628898620605,-0.0314493402838707,1.051259994506836,0.02656468376517296,0.014561297371983528,0.020903730764985085,0.08932069689035416,0.7853527665138245,1.033583641052246,0.8462939262390137,0.6464651226997375,0.023284239694476128,0.011945431120693684,0.016813013702630997,0.0483144074678421,0.0,0.0,-0.09237829448029533,0.006407795351445646,0.5917694043549984,-0.10433799424643149,-0.27142325482615565,1.0279312834984118
149256,149,0.6024556756019592,-0.12156648188829422,0.5968467593193054,-0.120325468480587,-0.24370592832565308,0.9472702741622925,-0.10030200332403183,1.0183550119400024,0.024470452219247818,0.014001640491187572,0.019544344395399094,0.08763798326253891,0.786445677280426,1.0307047367095947,0.8458749651908875,0.6492317318916321,0.02157469280064106,0.010905768722295761,0.015750762075185776,0.04921216145157814,0.0,0.0,-0.07787346052966096,-0.005928663502943092,0.5890551718067372,-0.09405868141144665,-0.2714232548261028,1.0279312834984118
149257,149,0.6004108786582947,-0.1115344688296318,0.5957071781158447,-0.11004329472780228,-0.20347966253757477,1.0340512990951538,-0.15012934803962708,1.0182597637176514,0.026418954133987427,0.013511668890714645,0.018359260633587837,0.0896623358130455,0.787015438079834,1.027719497680664,0.8454901576042175,0.6520545482635498,0.022425049915909767,0.010202781297266483,0.01484835334122181,0.05076377093791962,0.0,0.0,-0.09014310749634366,0.02673934776399471,0.5862616772509913,-0.08364316671596396,-0.3542084475940293,1.170187297880585
149258,149,0.5985970497131348,-0.10124676674604416,0.5938884615898132,-0.1000160500407219,-0.1670263409614563,1.0231791734695435,-0.20440854132175446,0.9912010431289673,0.02525472268462181,0.013082294724881649,0.017324570566415787,0.09698205441236496,0.7876774072647095,1.024495244026184,0.8451665043830872,0.6548720002174377,0.021796008571982384,0.009000475518405437,0.013979735784232616,0.056216660887002945,0.0,0.0,-0.09877537076749023,0.017209596268409524,0.5826466171091317,-0.07181589416951144,-0.36150601418594164,1.1827272546451713
149259,149,0.5969985723495483,-0.09005261212587357,0.5919495820999146,-0.08990612626075745,-0.1682923287153244,1.179371953010559,-0.19711124897003174,1.0124826431274414,0.02332966774702072,0.012705042958259583,0.016418367624282837,0.0964212417602539,0.7886439561843872,1.0209581851959229,0.8446647524833679,0.6581709980964661,0.020927947014570236,0.008268419653177261,0.012921412475407124,0.05733952671289444,0.0,0.0,-0.09324024809545925,0.007747825783674833,0.5790315569672719,-0.05998862162305892,-0.3994142097181926,1.2534841709393612
149260,149,0.5946529507637024,-0.07812829315662384,0.5896234512329102,-0.07978173345327377,-0.2729859948158264,1.2124570608139038,-0.24891120195388794,1.0490686893463135,0.02165684662759304,0.012374531477689743,0.0156266987323761,0.10842259228229523,0.789949893951416,1.0170103311538696,0.8439570069313049,0.6614523530006409,0.01998121850192547,0.0069833071902394295,0.011940235272049904,0.06597024202346802,0.0,0.0,-0.1113760315408768,0.0017643633505051402,0.5745706782465901,-0.046582600377504634,-0.447116222923858,1.3425215758611548
149261,149,0.5914539098739624,-0.06472966074943542,0.5870299339294434,-0.06820497661828995,-0.37109556794166565,1.4118919372558594,-0.2909434735774994,1.2488230466842651,0.020540876314044,0.012084799818694592,0.014934444800019264,0.11161138862371445,0.7915633916854858,1.012747049331665,0.8429898023605347,0.665195107460022,0.019393131136894226,0.006621634121984243,0.011175320483744144,0.06914329528808594,0.0,0.0,-0.11243758596190004,0.01272626328386835,0.5700995160173516,-0.03315738461889296,-0.447116222923858,1.3425215758611548
149262,149,0.5873689651489258,-0.05090160667896271,0.5834558606147766,-0.05482574924826622,-0.4316769242286682,1.3741624355316162,-0.4065690040588379,1.4211344718933105,0.022597791627049446,0.011830759234726429,0.01432877779006958,0.13257068395614624,0.7929356694221497,1.0083253383636475,0.8419517874717712,0.66852205991745,0.020869577303528786,0.0058365180157125,0.010568768717348576,0.08274960517883301,0.0,0.0,-0.13844375585284535,0.022926550283264034,0.5649078611303081,-0.01826882973418308,-0.5282538810398518,1.5073142471463747
149263,149,0.5830173492431641,-0.036529723554849625,0.5791628360748291,-0.03969339281320572,-0.4529983401298523,1.4671663045883179,-0.4639548063278198,1.5672467947006226,0.028181899338960648,0.011607589200139046,0.013797717168927193,0.1320500522851944,0.7939459085464478,1.0035769939422607,0.8407760858535767,0.6726540923118591,0.02560942806303501,0.005185598507523537,0.009942231699824333,0.08594616502523422,0.0,0.0,-0.1293400354039017,0.029063692699010518,0.5596253223199097,-0.0031956872627191997,-0.5282538810398518,1.5073142471463747
149264,149,0.5782262086868286,-0.021199272945523262,0.5742369890213013,-0.023487713187932968,-0.5043964982032776,1.58576500415802,-0.5189659595489502,1.6560567617416382,0.02854926884174347,0.01141158863902092,0.013332083821296692,0.1369417905807495,0.7957702875137329,0.9984660148620605,0.839342474937439,0.677033007144928,0.027394425123929977,0.0043941461481153965,0.00910435151308775,0.09148421138525009,0.0,0.0,-0.13831429910499043,0.028606262047417244,0.5537386716714794,0.013167383123320444,-0.6049189885339762,1.671013178378492
149265,149,0.5723429322242737,-0.004677374381572008,0.5685492157936096,-0.006676353979855776,-0.6475916504859924,1.7090502977371216,-0.6056376099586487,1.7079054117202759,0.03254718333482742,0.011239640414714813,0.012924186885356903,0.1488225758075714,0.7974895238876343,0.9927161335945129,0.8378995060920715,0.6816661357879639,0.030135154724121094,0.0034911443945020437,0.009065642952919006,0.10231045633554459,0.0,0.0,-0.15232320593447576,0.03318915256241023,0.5476894817861404,0.029877514907105517,-0.6049189885339232,1.6710131783784947
149266,149,0.5666727423667908,0.013648428954184055,0.5626062154769897,0.011290750466287136,-0.5451616644859314,1.8926879167556763,-0.6164016127586365,1.8392361402511597,0.04949472099542618,0.011089061386883259,0.012567456811666489,0.1628686934709549,0.7976422309875488,0.9864892959594727,0.8364958167076111,0.6865562200546265,0.04278794676065445,0.002889720955863595,0.008729947730898857,0.11455848067998886,0.0,0.0,-0.1674931064741768,0.05271925999138476,0.5411436157812989,0.047538699481013,-0.6771115454060722,1.8092500090681671
149267,149,0.5612561702728271,0.03310771659016609,0.556343138217926,0.030161159113049507,-0.5343031883239746,1.986158013343811,-0.6249851584434509,1.934333086013794,0.04748589172959328,0.010956577956676483,0.012253942899405956,0.186453714966774,0.7994837760925293,0.9800127148628235,0.8349215388298035,0.6912614107131958,0.04504195973277092,0.0026148101314902306,0.0081803472712636,0.13244183361530304,0.0,0.0,-0.19446570040476047,0.03450690605743028,0.5343725003272388,0.06563119957169375,-0.6771115454061251,1.8092500090681671
149268,149,0.5550339221954346,0.05280735716223717,0.5497986078262329,0.04969633370637894,-0.6636908650398254,1.9742094278335571,-0.6571740508079529,1.9929603338241577,0.04498026520013809,0.010840232484042645,0.01197888795286417,0.20293864607810974,0.8020198941230774,0.9733319282531738,0.833389937877655,0.6962171792984009,0.04288965091109276,0.00228434638120234,0.008161119185388088,0.14788585901260376,0.0,0.0,-0.20894036248273037,0.02869161749047225,0.5272031993709616,0.08435098077099266,-0.7448315516562987,1.9159326490930595
149269,149,0.5489641427993774,0.07299181073904037,0.5435881614685059,0.07037509977817535,-0.588940441608429,2.0265867710113525,-0.6134190559387207,2.1019225120544434,0.04497519135475159,0.010738043114542961,0.01173750776797533,0.20605085790157318,0.8042328953742981,0.9666990041732788,0.8319246172904968,0.7015282511711121,0.04225049167871475,0.00248581706546247,0.00798718724399805,0.153339222073555,0.0,0.0,-0.20721464381647914,0.04494205335268946,0.5197548838543992,0.10351030726192348,-0.7448315516562987,1.915932649093066
149270,149,0.5431429743766785,0.09281335026025772,0.5374583005905151,0.09138855338096619,-0.5704892873764038,1.952960729598999,-0.6010010838508606,2.1028966903686523,0.04294021427631378,0.010648373514413834,0.011525866575539112,0.21278586983680725,0.806686520576477,0.9602996706962585,0.8302372097969055,0.7066070437431335,0.042040351778268814,0.002543023321777582,0.007307728286832571,0.16001445055007935,0.0,0.0,-0.21538737503156768,0.02961581333566566,0.511997928351662,0.12303625156129451,-0.8080790072846027,1.9910610984531851
149271,149,0.5362855195999146,0.1119893491268158,0.5310772061347961,0.11190175265073776,-0.7460718154907227,1.9066685438156128,-0.652406632900238,2.0266785621643066,0.040120530873537064,0.01056956872344017,0.011339997872710228,0.21099433302879333,0.8096948266029358,0.9539191126823425,0.8283555507659912,0.7118387818336487,0.04011586681008339,0.002521689049899578,0.007059571798890829,0.1621246337890625,0.0,0.0,-0.2031626556473738,0.021544380178611447,0.5039171382788165,0.1429468625458266,-0.8080790072846027,1.9910610984531851
149272,149,0.5288197994232178,0.1310225874185562,0.5244174599647522,0.13193531334400177,-0.7612823843955994,1.8923004865646362,-0.6924570202827454,1.9642059803009033,0.04357752576470375,0.010500308126211166,0.011176730506122112,0.20772716403007507,0.8121982216835022,0.9476045966148376,0.8263771533966064,0.7171065211296082,0.04250046983361244,0.002492602914571762,0.006800847128033638,0.1623738706111908,0.0,0.0,-0.1933907340188673,0.04416546544153645,0.4956083086345943,0.1630265364199526,-0.8668539122909842,2.0346353571485243
149273,149,0.5210481286048889,0.14988814294338226,0.517153263092041,0.1509929746389389,-0.7938825488090515,1.8787049055099487,-0.7572099566459656,1.8486533164978027,0.04352804273366928,0.010439533740282059,0.011033537797629833,0.20401142537593842,0.8150673508644104,0.9413362741470337,0.8242241144180298,0.7223386168479919,0.04364529997110367,0.002487755846232176,0.006427672225981951,0.16170834004878998,0.0,0.0,-0.18756228882027048,0.04320381228661117,0.4869397695116845,0.18337288999143933,-0.8668539122909842,2.034635357148537
149274,149,0.5126126408576965,0.168511301279068,0.5090872645378113,0.16880518198013306,-0.8784983158111572,1.8514339923858643,-0.8430500626564026,1.732484221458435,0.04489245265722275,0.010386107489466667,0.010907712392508984,0.199869766831398,0.8180803656578064,0.9351009130477905,0.8219456672668457,0.7275241017341614,0.04513724148273468,0.0024993892293423414,0.006250950042158365,0.1604907512664795,0.0,0.0,-0.18141480852516156,0.0451286661743447,0.47811484613095284,0.2037538599150021,-0.9211562666754168,2.046655425179096
149275,149,0.5037668943405151,0.18690691888332367,0.5003509521484375,0.18581560254096985,-0.8922904133796692,1.8212729692459106,-0.9016892313957214,1.681586742401123,0.05374818667769432,0.0103392219170928,0.010797337628901005,0.19490310549736023,0.8202645182609558,0.9289401769638062,0.8196948170661926,0.7326517701148987,0.052028410136699677,0.002553691854700446,0.006230995524674654,0.1584821194410324,0.0,0.0,-0.1725231974665809,0.055394694237666686,0.4689032834641985,0.22422041416679456,-0.9211562666754433,2.046655425179109
149276,149,0.49520573019981384,0.2050095498561859,0.49126458168029785,0.2027888000011444,-0.8392396569252014,1.7854043245315552,-0.9186801910400391,1.7056033611297607,0.055348947644233704,0.01029805839061737,0.010700470767915249,0.18912729620933533,0.8232131600379944,0.9231266379356384,0.8170862793922424,0.7375134229660034,0.05667440593242645,0.0030259389895945787,0.005412462167441845,0.15412068367004395,0.0,0.0,-0.16277574775411596,0.05566115153100419,0.4595980467519333,0.24465024661447468,-0.9709860704379535,2.0271213025449013
149277,149,0.4850325286388397,0.2218252718448639,0.48126518726348877,0.2192913293838501,-1.1050243377685547,1.6424566507339478,-1.025164008140564,1.649858832359314,0.05387335270643234,0.010261881165206432,0.010615356266498566,0.18249475955963135,0.8270354866981506,0.9173980951309204,0.8144134283065796,0.7423142194747925,0.055876899510622025,0.0028702733106911182,0.0056238239631056786,0.1510937511920929,0.0,0.0,-0.15186004874611148,0.04449979405243225,0.4498881860475537,0.2649214596399251,-0.9709860704379535,2.0271213025449146
149278,149,0.47488731145858765,0.2386445552110672,0.471343070268631,0.23642055690288544,-0.990825355052948,1.6742504835128784,-1.0076848268508911,1.7192529439926147,0.07903124392032623,0.010230103507637978,0.010540620423853397,0.17195136845111847,0.8282573223114014,0.9117211103439331,0.8118222951889038,0.7471880316734314,0.07388658821582794,0.0029675420373678207,0.005564251448959112,0.14434459805488586,0.0,0.0,-0.12233036977603233,0.08431647777863202,0.4401384164087291,0.2851477210864067,-1.0126689515058789,1.9801716321007514
149279,149,0.46525096893310547,0.25517162680625916,0.4611351191997528,0.25344744324684143,-0.9327268004417419,1.6370971202850342,-1.021935224533081,1.684397578239441,0.07719536125659943,0.010202179662883282,0.010474961251020432,0.1629854440689087,0.831046998500824,0.9061945080757141,0.8092222213745117,0.7519354820251465,0.07843299210071564,0.003031780244782567,0.005484862718731165,0.13776814937591553,0.0,0.0,-0.11989208172500135,0.06625195169451094,0.4299749831729434,0.30490805097886725,-1.0163433235785675,1.9760329892459265
149280,149,0.4555949568748474,0.27126115560531616,0.45085328817367554,0.26978927850723267,-0.97049880027771,1.6030910015106201,-1.0114918947219849,1.6056299209594727,0.07410656660795212,0.010177647694945335,0.010417289100587368,0.153416246175766,0.8346841335296631,0.9006417989730835,0.8067389726638794,0.7566854953765869,0.07631507515907288,0.0028887486550956964,0.005559288430958986,0.13153186440467834,0.0,0.0,-0.10646262556498626,0.055574198702304234,0.4198115499371578,0.32466838087132777,-1.0344470675152253,1.9394388932179145
149281,149,0.4461808502674103,0.2874400317668915,0.44109246134757996,0.28568893671035767,-0.9270920157432556,1.6233242750167847,-0.9526666402816772,1.570492148399353,0.0718885213136673,0.010156087577342987,0.010366613045334816,0.14357009530067444,0.8383055329322815,0.8950581550598145,0.8042851686477661,0.7614601254463196,0.07422471046447754,0.002822638489305973,0.005456096027046442,0.12447035312652588,0.0,0.0,-0.09420608044336126,0.05849026890056121,0.4092441807515635,0.3436122127516528,-1.0572280260972593,1.8933904852821584
149282,149,0.43680790066719055,0.30360713601112366,0.4316924810409546,0.30115798115730286,-0.9382728934288025,1.6171011924743652,-0.9245480895042419,1.5390125513076782,0.06861685961484909,0.010137142613530159,0.010322094894945621,0.13485561311244965,0.8420590162277222,0.8894933462142944,0.8017497062683105,0.7661707997322083,0.0719510018825531,0.0028168070130050182,0.005254903808236122,0.1179005578160286,0.0,0.0,-0.09022889237003898,0.04871272491778593,0.398671900490591,0.3625461176044758,-1.0572280260972593,1.8933904852821584
149283,149,0.4271141290664673,0.31963658332824707,0.42240092158317566,0.3164535164833069,-0.9841957092285156,1.5998156070709229,-0.9279148578643799,1.5361394882202148,0.06550152599811554,0.010120510123670101,0.010283015668392181,0.12673312425613403,0.846333384513855,0.8840809464454651,0.798666775226593,0.77071213722229,0.07166621088981628,0.0029811658896505833,0.0042564766481518745,0.11136779934167862,0.0,0.0,-0.08425275796315199,0.04636389185963846,0.38777628469460734,0.38046596952631806,-1.093640177994002,1.7791937906536368
149284,149,0.4151149094104767,0.33510246872901917,0.41216614842414856,0.3313552737236023,-1.3206110000610352,1.5483919382095337,-1.0695134401321411,1.5012569427490234,0.06331117451190948,0.01010589674115181,0.01024867407977581,0.11880622059106827,0.8509484529495239,0.8783846497535706,0.7955849170684814,0.7754607200622559,0.06826849281787872,0.0023801985662430525,0.004817897453904152,0.10668791830539703,0.0,0.0,-0.07656251249171522,0.04976156894812592,0.3768398829146673,0.3982579074328556,-1.0936401779940284,1.7791937906536368
149285,149,0.40373745560646057,0.3516683280467987,0.4019172191619873,0.347598135471344,-1.0745857954025269,1.6784292459487915,-1.067043423652649,1.6571403741836548,0.09398303925991058,0.010093050077557564,0.010218494571745396,0.11042555421590805,0.8524100184440613,0.8726876974105835,0.7922854423522949,0.780167818069458,0.09228803962469101,0.0025915238074958324,0.004028658382594585,0.09974882751703262,0.0,0.0,-0.06489787854513135,0.10085687571224525,0.3656518009132695,0.41490134587089667,-1.1255797792688487,1.633442905360335
149286,149,0.39145541191101074,0.3677828013896942,0.3899286091327667,0.36358898878097534,-1.2768913507461548,1.6149076223373413,-1.248523473739624,1.6062384843826294,0.08942382037639618,0.010081754997372627,0.010191968642175198,0.1062576174736023,0.8560331463813782,0.8668561577796936,0.789025604724884,0.7848395109176636,0.09599091112613678,0.00213635410182178,0.004553630948066711,0.09697174280881882,0.0,0.0,-0.08327498629681845,0.06320957798640792,0.3543960031205816,0.4312357749245,-1.1255797792688487,1.633442905360335
149287,149,0.37984704971313477,0.3845328390598297,0.37751466035842896,0.38028523325920105,-1.1052297353744507,1.6934975385665894,-1.2627211809158325,1.6887868642807007,0.09333339333534241,0.010071838274598122,0.010168679058551788,0.1013687402009964,0.8599461317062378,0.8610113263130188,0.78570157289505,0.7894205451011658,0.100102499127388,0.0023250021040439606,0.003897255752235651,0.092983677983284,0.0,0.0,-0.07408187949938563,0.09425987954333621,0.3429512353187465,0.446396542484307,-1.1530468299217465,1.4628495935163963
149288,149,0.3673339784145355,0.4008886218070984,0.3641640543937683,0.396605521440506,-1.3219020366668701,1.6313509941101074,-1.3441115617752075,1.6280807256698608,0.08954083919525146,0.010063125751912594,0.010148217901587486,0.09944048523902893,0.8647645711898804,0.8551729917526245,0.7820324897766113,0.7938902974128723,0.10002369433641434,0.0021411876659840345,0.003625068813562393,0.09172934293746948,0.0,0.0,-0.08858360641652321,0.06769789938102669,0.3314207670195296,0.4610250384194709,-1.1530468299217729,1.4628495935163963
149289,149,0.35372239351272583,0.4173614978790283,0.3507494628429413,0.41306012868881226,-1.397025465965271,1.6567809581756592,-1.3487346172332764,1.6563111543655396,0.09873096644878387,0.010055470280349255,0.01013023778796196,0.09700558334589005,0.8687475323677063,0.8490727543830872,0.7785459756851196,0.798507034778595,0.10489077121019363,0.0017242482863366604,0.004057114012539387,0.09090448915958405,0.0,0.0,-0.08322328814309032,0.10094196308564511,0.31975509382223116,0.4746622531557335,-1.1760413299527748,1.2942609115783388
149290,149,0.3411161005496979,0.43460729718208313,0.3377797305583954,0.43026986718177795,-1.1994348764419556,1.7364965677261353,-1.2947076559066772,1.7307696342468262,0.11172158271074295,0.010048741474747658,0.01011443231254816,0.09636006504297256,0.8719280958175659,0.8430963754653931,0.774833619594574,0.8028825521469116,0.11899328976869583,0.0021112223621457815,0.003311494365334511,0.08985748142004013,0.0,0.0,-0.09269344937736623,0.11499826642517046,0.3079946805227043,0.487604862271517,-1.1760413299527483,1.2942609115783388
149291,149,0.32746201753616333,0.45102253556251526,0.32404908537864685,0.4467307925224304,-1.4235283136367798,1.6217875480651855,-1.3804839849472046,1.6343382596969604,0.10775836557149887,0.01004282757639885,0.010100547224283218,0.11008299887180328,0.8766722083091736,0.837649405002594,0.7708458304405212,0.8061575293540955,0.12143036723136902,0.0031506081577390432,0.003313445718958974,0.09863632172346115,0.0,0.0,-0.11351428597391927,0.08597122318286188,0.2961438823349185,0.4997673138261404,-1.1945632793618277,1.1343886236603582
149292,149,0.3130797743797302,0.4652392566204071,0.30988258123397827,0.4623555839061737,-1.425276517868042,1.2949655055999756,-1.4223724603652954,1.5203460454940796,0.11912143230438232,0.010037634521722794,0.010088353417813778,0.10933952033519745,0.880703330039978,0.832808792591095,0.767066240310669,0.8095678091049194,0.12871086597442627,0.003143787384033203,0.0033739525824785233,0.10011176764965057,0.0,0.0,-0.10524886402243111,0.12213686384202363,0.28419824954130163,0.5111112000627431,-1.1945632793618277,1.1343886236603318
149293,149,0.2993721663951874,0.47876936197280884,0.29627156257629395,0.47745615243911743,-1.3590885400772095,1.3487623929977417,-1.3492274284362793,1.4474503993988037,0.12483108043670654,0.01003306545317173,0.010077623650431633,0.10210711508989334,0.884473443031311,0.8279516696929932,0.7634761929512024,0.81332927942276,0.13496127724647522,0.003165226196870208,0.003699422813951969,0.09510591626167297,0.0,0.0,-0.06201157345879396,0.12634566189074936,0.272198106768004,0.521868619587888,-1.2086126781489581,0.9832327297624018
149294,149,0.28664565086364746,0.49227944016456604,0.2830725908279419,0.49126020073890686,-1.222231149673462,1.3388530015945435,-1.3060187101364136,1.306805968284607,0.12388743460178375,0.010029055178165436,0.010068212635815144,0.09823549538850784,0.8887197971343994,0.8233985304832458,0.7598336935043335,0.8168079257011414,0.1379638910293579,0.003628981299698353,0.0032510163728147745,0.09053559601306915,0.0,0.0,-0.07641803097976038,0.11887522390005871,0.260111979986515,0.531700946885512,-1.2086126781489845,0.983232729762349
149295,149,0.2733381688594818,0.5047459602355957,0.26960209012031555,0.5029234886169434,-1.3757002353668213,1.2079732418060303,-1.3389532566070557,1.0937633514404297,0.11992830038070679,0.010025531984865665,0.010059937834739685,0.09582275152206421,0.8935753703117371,0.8190879821777344,0.7561711668968201,0.8200362324714661,0.13534323871135712,0.003734658006578684,0.0034296053927391768,0.08808634430170059,0.0,0.0,-0.0821306688497666,0.0987992849382887,0.2479982730326808,0.5411230655333384,-1.2181895263142055,0.8407932298844167
149296,149,0.2601413428783417,0.5166824460029602,0.2566549479961395,0.5137180089950562,-1.2947622537612915,1.1618382930755615,-1.2773206233978271,1.0582140684127808,0.12259567528963089,0.010022434405982494,0.010052667930722237,0.09193912893533707,0.89802086353302,0.8151879906654358,0.7525860071182251,0.822950541973114,0.13594935834407806,0.004518173169344664,0.0033885957673192024,0.08349788188934326,0.0,0.0,-0.06972017967392796,0.12332038545254262,0.23581637776953956,0.5495309978321831,-1.2181895263142055,0.8407932298844696
149297,149,0.24716253578662872,0.5270606279373169,0.243776336312294,0.5237826704978943,-1.2797536849975586,0.9580317139625549,-1.276151418685913,0.977897584438324,0.12099669128656387,0.010019713081419468,0.010046277195215225,0.08863198012113571,0.9025912880897522,0.8118632435798645,0.7488042116165161,0.8255079984664917,0.13733068108558655,0.004752767737954855,0.0028858312871307135,0.0803079754114151,0.0,0.0,-0.0695397090387139,0.11246002959844194,0.22362488704014577,0.5576875467548505,-1.2232938238575042,0.707070124026588
149298,149,0.2333507388830185,0.5363592505455017,0.2308608740568161,0.5330162644386292,-1.4363477230072021,0.9155520796775818,-1.2931313514709473,0.8902601599693298,0.11942233145236969,0.01001732051372528,0.010040661320090294,0.08223273605108261,0.9076249003410339,0.8086125254631042,0.7447602152824402,0.8281236290931702,0.1371438205242157,0.004774474073201418,0.0026720748282969,0.07514214515686035,0.0,0.0,-0.04482973115878741,0.11098507025045681,0.2113919488015708,0.564758247995117,-1.2232938238575042,0.707070124026588
149299,149,0.2187793105840683,0.5454453825950623,0.21779733896255493,0.5417258143424988,-1.4816672801971436,0.8970987796783447,-1.3320395946502686,0.8501218557357788,0.13307470083236694,0.010015223175287247,0.010035734623670578,0.07650123536586761,0.9114418029785156,0.8054230809211731,0.7409605383872986,0.8306860327720642,0.1447460800409317,0.004922567866742611,0.003237364115193486,0.06979263573884964,0.0,0.0,-0.042426416377084386,0.13694693587553475,0.19915845470159055,0.5717189583447875,-1.2238743932254816,0.5921901535381534
149300,149,0.2055179923772812,0.5542449951171875,0.20453500747680664,0.550394594669342,-1.2318938970565796,0.8393252491950989,-1.3568166494369507,0.8472453355789185,0.14438946545124054,0.01001337543129921,0.010031399317085743,0.07209527492523193,0.9146650433540344,0.8028007745742798,0.7371281385421753,0.8327452540397644,0.15819360315799713,0.0057997191324830055,0.002675957977771759,0.06442772597074509,0.0,0.0,-0.04554753303511154,0.1477720124045435,0.1869191989938018,0.5775395924666755,-1.2239255707788805,0.582063412188757
149301,149,0.1918250024318695,0.5611364841461182,0.18995171785354614,0.5576316118240356,-1.4056013822555542,0.6257627606391907,-1.466898798942566,0.6745538711547852,0.13902683556079865,0.010011752136051655,0.010027587413787842,0.06788397580385208,0.919029176235199,0.800443172454834,0.7333331108093262,0.8347038626670837,0.15889900922775269,0.005501728970557451,0.002963649807497859,0.06117986515164375,0.0,0.0,-0.04225715563367155,0.11173336894963028,0.17467994328601305,0.5833602265885636,-1.2221639080016642,0.530570066110839
149302,149,0.17853547632694244,0.5680308938026428,0.1760079562664032,0.5645071268081665,-1.3088937997817993,0.6982726454734802,-1.369909405708313,0.6597864031791687,0.1399253010749817,0.010010325349867344,0.010024241171777248,0.06040113791823387,0.9234967231750488,0.7979800701141357,0.7297334671020508,0.8368023037910461,0.15771976113319397,0.00558509910479188,0.0030259389895945787,0.055019162595272064,0.0,0.0,-0.014124452062974718,0.14018867349692293,0.16247999430558743,0.5880319263392185,-1.2199471087084592,0.46577309437097664
149303,149,0.1657022386789322,0.5748733282089233,0.16260123252868652,0.5708252787590027,-1.2674040794372559,0.6705468893051147,-1.3154083490371704,0.6099696159362793,0.13786581158638,0.010009072721004486,0.010021303780376911,0.0560917928814888,0.9280007481575012,0.7959704399108887,0.726005494594574,0.8384368419647217,0.15757392346858978,0.006492627784609795,0.0027254801243543625,0.04957536607980728,0.0,0.0,-0.02898111694414171,0.1272975470993759,0.15028052321850285,0.5926896572829286,-1.2199471087084592,0.46577309437097664
149304,149,0.1523246169090271,0.5799577236175537,0.14917747676372528,0.5760441422462463,-1.3491780757904053,0.42426347732543945,-1.3214612007141113,0.48460477590560913,0.13528282940387726,0.010007970035076141,0.010018721222877502,0.05263836681842804,0.9324595332145691,0.7941845059394836,0.7226201891899109,0.8399918079376221,0.152929425239563,0.005926069337874651,0.0033153968397527933,0.04729741811752319,0.0,0.0,-0.030671771157166586,0.12195313341015769,0.13816220805793425,0.5963921447051074,-1.2108078041667532,0.35819917057324685
149305,149,0.14043006300926208,0.5854965448379517,0.1372285634279251,0.5814502835273743,-1.126113772392273,0.5856871008872986,-1.1514599323272705,0.5240181088447571,0.1360180824995041,0.01000700332224369,0.01001645065844059,0.046908196061849594,0.9365717172622681,0.7924466729164124,0.7191739678382874,0.8414338231086731,0.15351393818855286,0.0066826799884438515,0.0027944552712142467,0.041661396622657776,0.0,0.0,0.003666261489854869,0.13623291058175002,0.12605413001626672,0.59997413641084,-1.2108078041667598,0.35819917057324685
149306,149,0.12795130908489227,0.5898495316505432,0.12512360513210297,0.585580050945282,-1.2814176082611084,0.37560632824897766,-1.2026604413986206,0.37773093581199646,0.13053466379642487,0.010006154887378216,0.010014454834163189,0.044083259999752045,0.9409980177879333,0.7911198139190674,0.7157315015792847,0.842600405216217,0.1495397388935089,0.00675176503136754,0.0030298330821096897,0.03879716992378235,0.0,0.0,-0.025673300037119436,0.10204634827526679,0.11405982014674518,0.6027771426567027,-1.1963699987838148,0.25934164079556765
149307,149,0.11580350250005722,0.593640923500061,0.11361417919397354,0.5894156098365784,-1.183729887008667,0.3595435619354248,-1.1322944164276123,0.3646785020828247,0.12978176772594452,0.010005406104028225,0.01001269742846489,0.039577700197696686,0.9453134536743164,0.7899854779243469,0.7122887372970581,0.8436261415481567,0.14754462242126465,0.007125836797058582,0.002743934514001012,0.03472510725259781,0.0,0.0,0.0026300955976387014,0.12585492775013546,0.1020961201589069,0.6053705590646581,-1.1963699987838148,0.25934164079556765
149308,149,0.10341088473796844,0.5966722369194031,0.10206926614046097,0.5924733281135559,-1.2599482536315918,0.2763461470603943,-1.1553305387496948,0.2760967016220093,0.1268315464258194,0.010004750452935696,0.010011155158281326,0.035717353224754333,0.9497056007385254,0.7890259623527527,0.7087146043777466,0.8445671200752258,0.14569374918937683,0.007097720168530941,0.002565331058576703,0.031375546008348465,0.0,0.0,0.0016772971247759894,0.11133084361019095,0.09026820358716166,0.607343815286365,-1.1766336925598029,0.16920050503783327
149309,149,0.09066619724035263,0.5994808673858643,0.09048100560903549,0.5950435996055603,-1.2920502424240112,0.2754642069339752,-1.1723475456237793,0.23727542161941528,0.12630349397659302,0.011514699086546898,0.010009799152612686,0.03239063918590546,0.953875720500946,0.7875908613204956,0.7054060101509094,0.8457198143005371,0.14223888516426086,0.007481807842850685,0.003076571272686124,0.02918378636240959,0.0,0.0,0.01172556428645092,0.1235179799150815,0.07850186666156284,0.6090358203367439,-1.1766336925598029,0.16920050503788614
149310,149,0.07910904288291931,0.6034648418426514,0.07917995005846024,0.5980907082557678,-1.099123477935791,0.44315215945243835,-1.1518006324768066,0.3206499218940735,0.12927216291427612,0.011330311186611652,0.010008611716330051,0.02951989695429802,0.9576407074928284,0.7864567637443542,0.701893150806427,0.8465566039085388,0.14594939351081848,0.00853094831109047,0.002360828686505556,0.02568872645497322,0.0,0.0,0.008882432877926158,0.13010871337777474,0.0668827313943225,0.6102490576864553,-1.1515988854946242,0.08777576330025526
149311,149,0.06642478704452515,0.6058807373046875,0.06624440848827362,0.6002861857414246,-1.3191672563552856,0.16814389824867249,-1.3236057758331299,0.208173006772995,0.12473221123218536,0.01116846315562725,0.010007565841078758,0.028602750971913338,0.9619631171226501,0.7858237028121948,0.6982361674308777,0.8471550941467285,0.14415621757507324,0.008281584829092026,0.002424760954454541,0.024801531806588173,0.0,0.0,-0.022329954177876254,0.10077718370264468,0.055366742539376096,0.6111268153194579,-1.151598885494631,0.08777576330025526
149312,149,0.05356980115175247,0.6079252362251282,0.05333549901843071,0.6026614308357239,-1.2842304706573486,0.2062593400478363,-1.2876582145690918,0.2335134595632553,0.13358363509178162,0.01476756576448679,0.010006645694375038,0.026234542950987816,0.9654499292373657,0.7844869494438171,0.6949144601821899,0.8479503393173218,0.14676466584205627,0.01040930487215519,0.0029432179871946573,0.02327195182442665,0.0,0.0,0.01525077389126215,0.13596781002112457,0.043998776583371306,0.6116497649493343,-1.121265577588303,0.015067415582674975
149313,149,0.0420769602060318,0.6107414960861206,0.0409734807908535,0.6054162979125977,-1.0877045392990112,0.3011355400085449,-1.2323752641677856,0.27421265840530396,0.13359345495700836,0.0141823785379529,0.01000584103167057,0.02418403886258602,0.9688788056373596,0.7835177779197693,0.6915828585624695,0.8487188220024109,0.15043464303016663,0.010473068803548813,0.0023889162112027407,0.02143431082367897,0.0,0.0,0.005823312149760507,0.1335962787933278,0.032786120807488175,0.6118004391051611,-1.121265577588303,0.015067415582674975
149314,149,0.030159734189510345,0.6133727431297302,0.028308257460594177,0.6076269745826721,-1.2358269691467285,0.26259541511535645,-1.250878930091858,0.2155759334564209,0.12892290949821472,0.013669554144144058,0.010005131363868713,0.02293001301586628,0.9728876352310181,0.7827203869819641,0.6882806420326233,0.849393904209137,0.14687173068523407,0.010316794738173485,0.002832358703017235,0.019981220364570618,0.0,0.0,-0.014216624720302315,0.10454694874420409,0.0217117121694468,0.6117028321673629,-1.0856337688408215,-0.048924538114801845
149315,149,0.01871291920542717,0.6155611276626587,0.016382455825805664,0.6099592447280884,-1.0882205963134766,0.18356597423553467,-1.1515425443649292,0.23321327567100525,0.12885521352291107,0.013219377025961876,0.01000450924038887,0.02189822867512703,0.9767225384712219,0.7822838425636292,0.6850746273994446,0.8497746586799622,0.14546623826026917,0.010424729436635971,0.00248581706546247,0.018806101754307747,0.0,0.0,-0.014719773962710316,0.12850100268341852,0.010855374481038486,0.6112135867862145,-1.0856337688408224,-0.048924538114801845
149316,149,0.0071592931635677814,0.6167657375335693,0.004986704792827368,0.6117013692855835,-1.177419662475586,0.09066205471754074,-1.107692837715149,0.14391858875751495,0.12543219327926636,0.012825417332351208,0.010003961622714996,0.020409995689988136,0.9805628657341003,0.7819470763206482,0.6819431781768799,0.8501806259155273,0.1419924944639206,0.009900219738483429,0.0027517059352248907,0.017684919759631157,0.0,0.0,-0.008638911067814722,0.10740482993914631,0.00011691116769047862,0.6105651544329017,-1.0447034592521818,-0.10420009779233382
149317,149,-0.0038144798018038273,0.6180323362350464,-0.00537023413926363,0.6132250428199768,-1.062454104423523,0.1272168755531311,-1.0077463388442993,0.13307532668113708,0.12499010562896729,0.012480249628424644,0.01000348199158907,0.019113648682832718,0.9842248558998108,0.781670868396759,0.6788633465766907,0.850457489490509,0.14046017825603485,0.009944281540811062,0.002543993294239044,0.016329653561115265,0.0,0.0,0.0006586034806444659,0.12264808443036972,-0.010330123424831429,0.6095231534549783,-1.0447034592521813,-0.10420009779233382
149318,149,-0.014844080433249474,0.6187639236450195,-0.015591791830956936,0.6139912605285645,-1.1124305725097656,0.047966621816158295,-1.015695571899414,0.04888235032558441,0.12203137576580048,0.012177553027868271,0.010003059171140194,0.017982546240091324,0.987829327583313,0.7815234661102295,0.6759209036827087,0.850691020488739,0.13694162666797638,0.009687274694442749,0.00284207914955914,0.015340879559516907,0.0,0.0,-0.009809644468916422,0.10629302121735489,-0.020690253406756197,0.6083936268383116,-0.9984746488223865,-0.15075926344976232
149319,149,-0.02514881268143654,0.6193519830703735,-0.025399701669812202,0.6145195960998535,-0.9836946725845337,0.04877111315727234,-0.9745343923568726,0.03820932283997536,0.12101124972105026,0.011911877430975437,0.010002687573432922,0.01699415221810341,0.9910918474197388,0.7812830805778503,0.6733185648918152,0.8509843945503235,0.1334761679172516,0.009193012490868568,0.003062937408685684,0.01472758874297142,0.0,0.0,-0.002638024286136593,0.11556258132750007,-0.030674999894980147,0.6068860342038137,-0.9984746488223865,-0.1507592634498152
149320,149,-0.034365903586149216,0.6203606128692627,-0.034920960664749146,0.6150052547454834,-0.8844364285469055,0.12279658764600754,-0.945343554019928,0.04839101433753967,0.11719498783349991,0.011678927578032017,0.010002362541854382,0.016130875796079636,0.9942907094955444,0.7810726761817932,0.6707639098167419,0.85114985704422,0.13032080233097076,0.009476694278419018,0.0029315438587218523,0.013616664335131645,0.0,0.0,-0.007296733065621537,0.09667353163039605,-0.04061440853875365,0.605345144475953,-0.9511215434480318,-0.1855364080125649
149321,149,-0.0435311496257782,0.6206833720207214,-0.04463515803217888,0.6150844693183899,-0.9149401783943176,-0.010261837393045425,-0.9576179385185242,-9.538605809211731e-06,0.11156938970088959,0.011474506929516792,0.010002074763178825,0.023387420922517776,0.997640073299408,0.781096339225769,0.6682886481285095,0.8507317900657654,0.1246129721403122,0.009259289130568504,0.003038595197722316,0.019364764913916588,0.0,0.0,-0.024527884313337175,0.08096567051658599,-0.05008388191426807,0.6034591241250813,-0.9469473375514361,-0.1886020350871931
149322,149,-0.052352145314216614,0.6207057237625122,-0.05368703603744507,0.6151928901672363,-0.8710014224052429,-0.006111296825110912,-0.8730401992797852,0.0022658202797174454,0.10742194205522537,0.011294943280518055,0.010001824237406254,0.021707385778427124,1.000905156135559,0.7811075448989868,0.6659055948257446,0.8507853150367737,0.11921222507953644,0.00919097289443016,0.0030171778053045273,0.018334995955228806,0.0,0.0,-0.009368884927071048,0.08461233420864456,-0.059553355289783616,0.6015731037742093,-0.9217848711986193,-0.2014991934301282
149323,149,-0.060922760516405106,0.6206876635551453,-0.062016263604164124,0.6151842474937439,-0.8528274893760681,-0.005978339351713657,-0.8070022463798523,-0.009759952314198017,0.10286841541528702,0.011137432418763638,0.010001602582633495,0.020845403894782066,1.0041518211364746,0.7812941670417786,0.6634611487388611,0.8507030010223389,0.11458268016576767,0.009437884204089642,0.0028693012427538633,0.01725912280380726,0.0,0.0,-0.014809868531004633,0.07752524480855427,-0.06846139646755321,0.599399318311142,-0.8901215254393259,-0.2177284127045204
149324,149,-0.06973788887262344,0.6200187802314758,-0.07008533179759979,0.6147149801254272,-0.8907789587974548,-0.10094686597585678,-0.7950588464736938,-0.0677502453327179,0.0984780564904213,0.010998993180692196,0.0100014079362154,0.02069200575351715,1.007454514503479,0.7818049192428589,0.6609455943107605,0.8503640294075012,0.10996407270431519,0.009725131094455719,0.002766277641057968,0.016747547313570976,0.0,0.0,-0.01961757257879261,0.07380915772565648,-0.07736261172194707,0.5972220341840964,-0.8901215254393259,-0.21772841270457324
149325,149,-0.07877811789512634,0.6184729337692261,-0.07802119851112366,0.6136677265167236,-0.9079516530036926,-0.19223321974277496,-0.7940413355827332,-0.13516941666603088,0.09572835266590118,0.01087756548076868,0.010001235641539097,0.019360123202204704,1.010518193244934,0.7824592590332031,0.6586258411407471,0.8500362038612366,0.10515117645263672,0.009573767893016338,0.0030668326653540134,0.015767820179462433,0.0,0.0,-0.009254676964854875,0.08011353158246215,-0.08571217053969585,0.5948635118543563,-0.8279972124860627,-0.23813839630184996
149326,149,-0.08696755766868591,0.6168400645256042,-0.08573964238166809,0.61231929063797,-0.7772749662399292,-0.17193029820919037,-0.7867398262023926,-0.16444893181324005,0.09396548569202423,0.010770866647362709,0.010001084767282009,0.01819729432463646,1.013289451599121,0.783199667930603,0.6563752889633179,0.8495946526527405,0.1028616726398468,0.00975071545690298,0.0028780519496649504,0.014643956907093525,0.0,0.0,0.0022473849810872477,0.08390566901329266,-0.09399214266455702,0.5924821278913376,-0.8279972124860627,-0.23813839630184996
149327,149,-0.09513992816209793,0.6147395372390747,-0.09404195845127106,0.6101163625717163,-0.8289071917533875,-0.2260848879814148,-0.8451207280158997,-0.2475239783525467,0.08966333419084549,0.010677255690097809,0.010000953450798988,0.017182888463139534,1.0160943269729614,0.784112274646759,0.6542319059371948,0.8490422368049622,0.09831346571445465,0.009924810379743576,0.0031554806046187878,0.013548357412219048,0.0,0.0,-0.0030160001437817205,0.0648902031749147,-0.10174083111555463,0.5900085998470853,-0.7605743986916399,-0.24983198587912894
149328,149,-0.10266963392496109,0.6121230721473694,-0.10237035900354385,0.607521653175354,-0.7055429220199585,-0.29691141843795776,-0.8301212787628174,-0.2806735932826996,0.08728548139333725,0.010594993829727173,0.010000837966799736,0.016295848414301872,1.0186355113983154,0.7850701808929443,0.6523110866546631,0.848508358001709,0.09477297961711884,0.009551282040774822,0.003140864195302129,0.013103561475872993,0.0,0.0,0.0037670180325129615,0.0734841570761171,-0.10934657510247109,0.5875102799882941,-0.7605743986916399,-0.24983198587912894
149329,149,-0.10965683311223984,0.6098545789718628,-0.11034075170755386,0.6047452688217163,-0.7041308879852295,-0.1925269216299057,-0.7708694338798523,-0.28215569257736206,0.0826622024178505,0.013587558642029762,0.010000737383961678,0.015520762652158737,1.0211960077285767,0.785507082939148,0.6504364013671875,0.8479697108268738,0.09020158648490906,0.012001561932265759,0.0032578432001173496,0.012205474078655243,0.0,0.0,0.014043690675883048,0.05555242056169415,-0.11645200517998827,0.5849914773816899,-0.6878530840560572,-0.25280918143635733
149330,149,-0.11631996184587479,0.6074203848838806,-0.1177164688706398,0.6018776893615723,-0.6348528265953064,-0.2719630300998688,-0.6985647082328796,-0.283463716506958,0.07870979607105255,0.013148762285709381,0.01000064704567194,0.014842195436358452,1.0237315893173218,0.7866950035095215,0.6485857367515564,0.8471278548240662,0.08612626045942307,0.012662186287343502,0.003088258672505617,0.011216675862669945,0.0,0.0,-0.0026810049911302515,0.055284478091753936,-0.12333053602054936,0.5824633855673259,-0.6878530840560638,-0.25280918143635733
149331,149,-0.12309723347425461,0.603760838508606,-0.12452328950166702,0.5985734462738037,-0.6882568597793579,-0.41972050070762634,-0.6382209062576294,-0.3548237979412079,0.07390006631612778,0.01276363618671894,0.010000566951930523,0.014247381128370762,1.0261436700820923,0.7880165576934814,0.6469739079475403,0.8464015126228333,0.0802529901266098,0.011727353557944298,0.0035175273660570383,0.011147413402795792,0.0,0.0,0.008565080515070003,0.04511085179848072,-0.12975031971785686,0.5799690395505301,-0.6098332685793347,-0.24706998297353513
149332,149,-0.1287694126367569,0.6007794737815857,-0.12972213327884674,0.595556378364563,-0.5191299319267273,-0.2567468285560608,-0.4732067286968231,-0.3016722798347473,0.0711093470454216,0.029880739748477936,0.01000049989670515,0.013726627454161644,1.0284355878829956,0.7872863411903381,0.6452593803405762,0.8454335331916809,0.07761482894420624,0.025145694613456726,0.0030298330821096897,0.01014324463903904,0.0,0.0,0.03258114422155535,0.054224306282672746,-0.13584865240365057,0.5774983397207945,-0.6098332685793215,-0.24706998297353513
149333,149,-0.13521553575992584,0.596832275390625,-0.13497014343738556,0.5916270017623901,-0.6836696863174438,-0.4375283718109131,-0.5107278823852539,-0.4134944975376129,0.06512981653213501,0.027345092967152596,0.010000438429415226,0.013270048424601555,1.0308785438537598,0.788535475730896,0.643608033657074,0.844623327255249,0.07176157832145691,0.024477185681462288,0.003403240814805031,0.01032398734241724,0.0,0.0,0.008783880456494714,0.028560707027500368,-0.14154040171401913,0.5750981814459675,-0.5265149522614327,-0.2326143904907152
149334,149,-0.1410193294286728,0.5937100648880005,-0.1393805593252182,0.5881542563438416,-0.5392522811889648,-0.2607921361923218,-0.44261425733566284,-0.33058521151542664,0.06377167254686356,0.03702191263437271,0.010000384412705898,0.012870174832642078,1.0328928232192993,0.7884803414344788,0.6421689391136169,0.8440208435058594,0.06850803643465042,0.030598150566220284,0.0034413249231874943,0.010111433453857899,0.0,0.0,0.03866201615983858,0.05537181707768274,-0.14680555123663355,0.5727720375410604,-0.5265149522614327,-0.2326143904907152
149335,149,-0.1462702751159668,0.5913598537445068,-0.14415986835956573,0.5850456953048706,-0.504676342010498,-0.2037210464477539,-0.5039697885513306,-0.2806849479675293,0.05982577055692673,0.03396441787481308,0.010000335983932018,0.012519425712525845,1.0347175598144531,0.789305567741394,0.6409257650375366,0.8434972763061523,0.06441953778266907,0.029839128255844116,0.0037082305643707514,0.009816231206059456,0.0,0.0,0.013460037726350477,0.03525998883801035,-0.15172687815333416,0.5705357981603626,-0.43789813510239756,-0.2094424039877918
149336,149,-0.15065646171569824,0.5892155766487122,-0.14937061071395874,0.5825648307800293,-0.386035680770874,-0.2161049246788025,-0.527750551700592,-0.22037990391254425,0.05596045404672623,0.030880536884069443,0.01000029407441616,0.012211961671710014,1.036435842514038,0.7904893159866333,0.639838695526123,0.8429595232009888,0.060541585087776184,0.0274493545293808,0.0036368060391396284,0.00955741386860609,0.0,0.0,0.004952578879415883,0.031620814946012585,-0.15610585950435812,0.5684413741204845,-0.43789813510239756,-0.20944240398784464
149337,149,-0.15472178161144257,0.5869460105895996,-0.1547362208366394,0.5803804397583008,-0.40745821595191956,-0.22272543609142303,-0.5201361775398254,-0.20612116158008575,0.05029505863785744,0.028210995718836784,0.01000025775283575,0.011942013166844845,1.038277506828308,0.7915634512901306,0.6387837529182434,0.8425459861755371,0.055315662175416946,0.024718133732676506,0.003685722593218088,0.009530842304229736,0.0,0.0,0.006638000299592904,0.014188897640826377,-0.16021437602066124,0.566438784786076,-0.3439828171021894,-0.17755402346492352
149338,149,-0.15858305990695953,0.5852054357528687,-0.159388467669487,0.5786686539649963,-0.38173726201057434,-0.14507843554019928,-0.4239479899406433,-0.15112604200839996,0.046034909784793854,0.02589954249560833,0.010000227950513363,0.011705338023602962,1.040032148361206,0.7924807667732239,0.6377894282341003,0.8421211838722229,0.05045643821358681,0.02296612598001957,0.003750320989638567,0.009152241051197052,0.0,0.0,0.008173473339649892,0.01847461291582319,-0.16365420419168317,0.5646632445514271,-0.3439828171021762,-0.17755402346487065
149339,149,-0.16220906376838684,0.5833328366279602,-0.16323283314704895,0.5771281719207764,-0.34676215052604675,-0.21252281963825226,-0.3465478718280792,-0.15769024193286896,0.04201061651110649,0.02389296144247055,0.010000201873481274,0.011497646570205688,1.0416615009307861,0.7933275103569031,0.6368114352226257,0.8418371677398682,0.046694062650203705,0.020547276362776756,0.0035781303886324167,0.009433799423277378,0.0,0.0,-0.003835671328236718,0.015665900949424993,-0.16690752230085934,0.5629640364154687,-0.2447689982608348,-0.13694924892189891
149340,149,-0.16593536734580994,0.5822551846504211,-0.16607163846492767,0.5758686065673828,-0.4064304828643799,-0.04285740479826927,-0.24552614986896515,-0.10512534528970718,0.038155194371938705,0.02214800752699375,0.010000177659094334,0.01131532248109579,1.043289303779602,0.7935982942581177,0.6358315944671631,0.8418871164321899,0.042444754391908646,0.01839570514857769,0.0037983013316988945,0.00954514928162098,0.0,0.0,0.006852433703816094,0.012633339014082146,-0.1693552122834677,0.5615945439262497,-0.2447689982608348,-0.13694924892189891
149341,149,-0.1693844050168991,0.5824111104011536,-0.1681242436170578,0.5754491090774536,-0.30635571479797363,0.050283681601285934,-0.20321124792099,0.0026795100420713425,0.0363408662378788,0.020630983635783195,0.010000157169997692,0.01841137185692787,1.044464349746704,0.7934966683387756,0.6351122260093689,0.841675877571106,0.039675746113061905,0.01666387915611267,0.003987458068877459,0.015445109456777573,0.0,0.0,-0.019534000867990148,0.024209221096378027,-0.17171094397878806,0.5602684481409015,-0.1487231778061178,-0.09162356755901664
149342,149,-0.1719852089881897,0.5833559632301331,-0.17027214169502258,0.5759941935539246,-0.22191846370697021,0.12810009717941284,-0.22938172519207,0.09784182906150818,0.03334275633096695,0.019305145367980003,0.010000139474868774,0.033649805933237076,1.0456037521362305,0.793158233165741,0.6344148516654968,0.8410587310791016,0.037243302911520004,0.015411065891385078,0.0038443400990217924,0.027852699160575867,0.0,0.0,-0.03602995579784248,0.01321636554207569,-0.1731135107645712,0.5593921673373128,-0.1402566785783073,-0.0876280803588766
149343,149,-0.17465202510356903,0.5845313668251038,-0.1729956567287445,0.5771151185035706,-0.2757168412208557,0.130036860704422,-0.2814549207687378,0.14488846063613892,0.03034263476729393,0.018149645999073982,0.01000012643635273,0.04907282441854477,1.0467524528503418,0.7925470471382141,0.6337474584579468,0.8406758904457092,0.03421969711780548,0.01384176965802908,0.003931564278900623,0.041125647723674774,0.0,0.0,-0.05184148693362632,0.0028966348781964066,-0.17451607755035453,0.558515886533724,-0.09165460465569245,0.22139257817873254
149344,149,-0.1770658791065216,0.5866758823394775,-0.175569549202919,0.5792186856269836,-0.234062060713768,0.25654125213623047,-0.25626710057258606,0.24942924082279205,0.028466571122407913,0.017140096053481102,0.010000111535191536,0.048237692564725876,1.0477186441421509,0.7915411591529846,0.6331633925437927,0.8413957953453064,0.032030582427978516,0.012595363892614841,0.003983534872531891,0.042048998177051544,0.0,0.0,-0.042845390418367726,0.015660093197346542,-0.17483422086211475,0.5645345636821294,-0.03049588318328916,0.6102506424418167
149345,149,-0.17920449376106262,0.5899021625518799,-0.1780092716217041,0.5822844505310059,-0.20804725587368011,0.36687618494033813,-0.2411518394947052,0.3482740521430969,0.026590462774038315,0.01626034826040268,0.010000109672546387,0.053209636360406876,1.0486111640930176,0.7902405261993408,0.6325899362564087,0.8421186208724976,0.030261840671300888,0.011524110101163387,0.003950193058699369,0.04630536958575249,0.0,0.0,-0.054225843557708694,0.013668200451773988,-0.17513917969394777,0.5706370701065476,-0.030495883183302375,0.6102506424418167
149346,149,-0.18132193386554718,0.5938760042190552,-0.18041256070137024,0.58616042137146,-0.2115498036146164,0.4294726252555847,-0.23314189910888672,0.4278099536895752,0.025194844231009483,0.01548850815743208,0.010000099427998066,0.06519359350204468,1.0493930578231812,0.7888463735580444,0.6320748329162598,0.8424447774887085,0.02856306917965412,0.011128810234367847,0.004091464914381504,0.05555865541100502,0.0,0.0,-0.06754453533152116,0.0155678715967093,-0.1744246468818071,0.5756219267503669,0.08431328740960922,0.4843874781065452
149347,149,-0.18311476707458496,0.5975340604782104,-0.18274837732315063,0.5904512405395508,-0.14351999759674072,0.33114856481552124,-0.22015732526779175,0.4309355914592743,0.02481267973780632,0.014813167974352837,0.010000089183449745,0.07369532436132431,1.0499297380447388,0.7877588868141174,0.6316620707511902,0.8427115678787231,0.028011079877614975,0.010943951085209846,0.004080668091773987,0.06251149624586105,0.0,0.0,-0.07546213920477927,0.022169208112167948,-0.1735815140077109,0.5804658015314329,0.08431328740960922,0.4843874781065452
149348,149,-0.18466871976852417,0.600409746170044,-0.18480387330055237,0.594413697719574,-0.14951740205287933,0.2623528838157654,-0.17354673147201538,0.37231582403182983,0.0241239070892334,0.01422202493995428,0.010000080801546574,0.07182472199201584,1.0500019788742065,0.786757230758667,0.6317684054374695,0.8434736132621765,0.02598358318209648,0.010394910350441933,0.004987781867384911,0.062014155089855194,0.0,0.0,-0.06051859855656728,0.019351216215051977,-0.17179431226209094,0.5843531328578926,0.20412080807174518,0.362996864393302
149349,149,-0.18389242887496948,0.6033903956413269,-0.185381680727005,0.5983983278274536,0.20379601418972015,0.28275051712989807,-0.0010632090270519257,0.3706185817718506,0.02724665403366089,0.013704296201467514,0.010000072419643402,0.06859488040208817,1.0491849184036255,0.7858434319496155,0.6322909593582153,0.8443027138710022,0.02823856845498085,0.010052958503365517,0.004922567866742611,0.0596628375351429,0.0,0.0,-0.04893921339576959,0.02773946074452933,-0.16975310418137338,0.5879831015018254,0.20412080807174518,0.36299686439324913
149350,149,-0.18218152225017548,0.6062082052230835,-0.18483217060565948,0.601431667804718,0.1732487976551056,0.2915099561214447,0.13454517722129822,0.2680879533290863,0.025063471868634224,0.013250953517854214,0.019260922446846962,0.0663481280207634,1.048891544342041,0.7849729657173157,0.6324333548545837,0.8450909852981567,0.026988700032234192,0.009831591509282589,0.008953655138611794,0.05732231214642525,0.0,0.0,-0.05256061866181251,-0.020669634876198897,-0.16685324670172033,0.5908086879159011,0.32892667880310555,0.24607880130187548
149351,149,-0.18065886199474335,0.6087242364883423,-0.18281930685043335,0.6037306785583496,0.15218745172023773,0.237871453166008,0.26874467730522156,0.21754536032676697,0.023164985701441765,0.012853189371526241,0.018427953124046326,0.06474214792251587,1.0484185218811035,0.7842023968696594,0.6332186460494995,0.845766544342041,0.024126505479216576,0.009671931155025959,0.009606481529772282,0.05545354634523392,0.0,0.0,-0.05484735223390324,-0.012558481222802422,-0.16356397991368904,0.59326947592892,0.32892667880310555,0.24607880130192833
149352,149,-0.17756350338459015,0.6109122633934021,-0.179098442196846,0.6060653924942017,0.40925583243370056,0.18594032526016235,0.4305838942527771,0.22155272960662842,0.021514203399419785,0.012504582293331623,0.01738356426358223,0.06248628348112106,1.0477652549743652,0.7839835286140442,0.6341911554336548,0.846002459526062,0.022783346474170685,0.010474096983671188,0.008732996881008148,0.05218375101685524,0.0,0.0,-0.048507498280826324,-0.003916652173050133,-0.1595114798994488,0.595069097835587,0.45873089960370345,0.1336332888324772
149353,149,-0.17450015246868134,0.6110928058624268,-0.17507493495941162,0.6070508360862732,0.28960666060447693,-0.061729803681373596,0.43665558099746704,0.040656402707099915,0.020076869055628777,0.012198954820632935,0.03596565127372742,0.059755682945251465,1.046868920326233,0.7839977741241455,0.6346859931945801,0.8462923169136047,0.020724298432469368,0.009519602172076702,0.01755867712199688,0.050942711532115936,0.0,0.0,-0.04271135378180976,-0.039040221858677684,-0.15492417090341146,0.5964054307239116,0.45873089960370345,0.1336332888324243
149354,149,-0.1705421656370163,0.6118600964546204,-0.16961054503917694,0.6077810525894165,0.4232059717178345,0.12019123136997223,0.5693781971931458,0.04466841369867325,0.018821850419044495,0.011930503882467747,0.03340831398963928,0.052951280027627945,1.0457972288131714,0.7837288975715637,0.6359812021255493,0.8468107581138611,0.01915653422474861,0.009597279131412506,0.017020320519804955,0.04528902471065521,0.0,0.0,-0.004580602516846917,-0.016232866999056444,-0.1496790415540303,0.5972148685281453,0.593533470473539,0.025660326984948478
149355,149,-0.16599608957767487,0.6125195622444153,-0.16423043608665466,0.6078169345855713,0.4886924922466278,0.03612304851412773,0.5104197263717651,-0.017820464447140694,0.017726846039295197,0.011695042252540588,0.033198390156030655,0.05027921125292778,1.0445153713226318,0.7837075591087341,0.6374273300170898,0.8470749855041504,0.017743218690156937,0.00952368974685669,0.01719239354133606,0.04241752624511719,0.0,0.0,-0.03317790491237007,-0.03178209874416489,-0.14374370684929488,0.5974714717979945,0.5935334704735258,0.025660326984948478
149356,149,-0.16083766520023346,0.612747073173523,-0.15923403203487396,0.6075957417488098,0.54097580909729,0.011946463957428932,0.49178847670555115,-0.026395214721560478,0.016771603375673294,0.011488676071166992,0.03657924383878708,0.046556878834962845,1.0427567958831787,0.7836979627609253,0.6392115950584412,0.8473291993141174,0.015628214925527573,0.009376625530421734,0.019873933866620064,0.039293862879276276,0.0,0.0,-0.022480401976824795,-0.03716713540774587,-0.137265961364219,0.5973265059047702,0.7333343914125989,-0.07784008424071062
149357,149,-0.15373319387435913,0.6128854751586914,-0.15384294092655182,0.6076260209083557,0.8175314664840698,-0.006365589797496796,0.5559216141700745,0.00047366879880428314,0.01593639887869358,0.011307517997920513,0.03952113911509514,0.04318935424089432,1.0406603813171387,0.783930778503418,0.6412893533706665,0.8473654985427856,0.014711705036461353,0.009670908562839031,0.0213282760232687,0.03604184836149216,0.0,0.0,-0.02118971719857225,-0.04004169290697223,-0.12993261745009252,0.5965481050623633,0.7333343914125989,-0.07784008424065775
149358,149,-0.14612822234630585,0.6121821403503418,-0.14823338389396667,0.6070172190666199,0.747937798500061,-0.09299414604902267,0.6239179968833923,-0.08331409096717834,0.015205508098006248,0.01114842388778925,0.07293596863746643,0.04029114916920662,1.0382367372512817,0.7844069004058838,0.6426332592964172,0.847240686416626,0.012892122380435467,0.00990329310297966,0.038661036640405655,0.033058200031518936,0.0,0.0,-0.021194910662725087,-0.07960226882717694,-0.12218226902876798,0.5954845158766563,0.8781336624208899,-0.1768679448443415
149359,149,-0.13733309507369995,0.6107631325721741,-0.1406617909669876,0.6061328649520874,0.951741635799408,-0.19289685785770416,0.856117844581604,-0.11612659692764282,0.01456583570688963,0.01100875623524189,0.07197467982769012,0.03642502799630165,1.0356643199920654,0.7851682901382446,0.6450584530830383,0.8469852805137634,0.012606846168637276,0.009823399595916271,0.03884337842464447,0.03009101189672947,0.0,0.0,-0.01070064258362701,-0.0661559426384283,-0.11340093240455851,0.5937158364282126,0.8781336624208832,-0.1768679448443415
149360,149,-0.12870346009731293,0.6089411377906799,-0.13141195476055145,0.604402482509613,0.8202289342880249,-0.16873866319656372,0.9908829927444458,-0.2050611972808838,0.01400628499686718,0.01088625006377697,0.09104637801647186,0.033008355647325516,1.0331737995147705,0.7859086394309998,0.6469017267227173,0.8467029333114624,0.011473342776298523,0.009972980245947838,0.04898865520954132,0.02684149704873562,0.0,0.0,0.0028500410332387184,-0.09553099444574273,-0.10433799424643149,0.5917694043549984,1.0279312834984118,-0.27142325482615565
149361,149,-0.11992618441581726,0.6067978143692017,-0.12093596905469894,0.6021904349327087,0.9207790493965149,-0.2521333396434784,1.0841705799102783,-0.2368401736021042,0.013514600694179535,0.010778347961604595,0.08820583671331406,0.030048292130231857,1.030443787574768,0.7869800329208374,0.6495174765586853,0.8461542129516602,0.010652171447873116,0.010288026183843613,0.04925817251205444,0.024046804755926132,0.0,0.0,-0.0029558830191450808,-0.07181183792812357,-0.09405868141144727,0.5890551718067373,1.0279312834984118,-0.2714232548261028
149362,149,-0.11050408333539963,0.6037790775299072,-0.10994764417409897,0.5994110703468323,0.970637321472168,-0.33456727862358093,1.1103665828704834,-0.308298796415329,0.013084424659609795,0.010683746077120304,0.08742572367191315,0.027491459622979164,1.027572512626648,0.7880944013595581,0.6523038148880005,0.8456334471702576,0.009925834834575653,0.009832615964114666,0.049571529030799866,0.022285057231783867,0.0,0.0,0.007842253436992082,-0.08289221681242329,-0.08364316671596325,0.5862616772509911,1.1701872978806314,-0.3542084475940293
149363,149,-0.10059269517660141,0.6011555790901184,-0.09878837317228317,0.596326470375061,0.9997726678848267,-0.22695766389369965,1.096459150314331,-0.31751736998558044,0.012707702815532684,0.017536820843815804,0.0870392769575119,0.025276992470026016,1.0243947505950928,0.7881766557693481,0.6553449630737305,0.8451058864593506,0.008604017086327076,0.015171925537288189,0.051204293966293335,0.02009514905512333,0.0,0.0,0.018592048470461996,-0.08478685090838511,-0.07181589416951144,0.5826466171091317,1.1827272546451713,-0.36150601418594164
149364,149,-0.08936416357755661,0.5984406471252441,-0.08801880478858948,0.5932126045227051,1.2093396186828613,-0.30435314774513245,1.0547659397125244,-0.3119760751724243,0.01237699668854475,0.01660495065152645,0.08666925132274628,0.02335136942565441,1.020716905593872,0.7894465327262878,0.6588210463523865,0.8442692756652832,0.007655101828277111,0.01584567129611969,0.052396226674318314,0.018090227618813515,0.0,0.0,2.5002414380775884e-05,-0.08451330262390304,-0.05998862162305822,0.5790315569672718,1.253484170939404,-0.3994142097182454
149365,149,-0.07682902365922928,0.5945549011230469,-0.07770678400993347,0.5896811485290527,1.305323839187622,-0.43869125843048096,1.041536808013916,-0.3792206943035126,0.012087078765034676,0.015790652483701706,0.10596641153097153,0.021677369251847267,1.0166091918945312,0.7909551858901978,0.6620074510574341,0.8435108661651611,0.0068038529716432095,0.014636550098657608,0.06416201591491699,0.01716657169163227,0.0,0.0,0.007665032102908698,-0.11073773468659288,-0.046582600377506236,0.5745706782465906,1.3425215758611548,-0.447116222923858
149366,149,-0.06325769424438477,0.5912103652954102,-0.06620173156261444,0.5861165523529053,1.358817219734192,-0.29298388957977295,1.2310887575149536,-0.3648186922073364,0.011832376942038536,0.024808958172798157,0.11911123991012573,0.020217323675751686,1.012452483177185,0.7910730242729187,0.665283203125,0.8427643775939941,0.006510621402412653,0.021421054378151894,0.0728226751089096,0.015731574967503548,0.0,0.0,0.026155808549513715,-0.12248178330092838,-0.03315738461889296,0.5700995160173516,1.3425215758611548,-0.447116222923858
149367,149,-0.04992229864001274,0.5878856182098389,-0.05318998545408249,0.5823052525520325,1.3227406740188599,-0.34250205755233765,1.3673263788223267,-0.37660059332847595,0.011608988977968693,0.022943679243326187,0.12529821693897247,0.018944967538118362,1.008305311203003,0.7925013899803162,0.6687397360801697,0.8417988419532776,0.006119308061897755,0.02174397185444832,0.07818010449409485,0.014299336820840836,0.0,0.0,7.94150197925142e-05,-0.1269715621529809,-0.018268829734183978,0.5649078611303084,1.5073142471463747,-0.5282538810399047
149368,149,-0.036581851541996,0.5836347937583923,-0.0390627346932888,0.5783478021621704,1.3525067567825317,-0.47349098324775696,1.4548441171646118,-0.407124400138855,0.01141273695975542,0.021318987011909485,0.1240030974149704,0.01783335953950882,1.0040273666381836,0.7945380806922913,0.6725561618804932,0.8405967354774475,0.005721183959394693,0.020837649703025818,0.07947567105293274,0.013106702826917171,0.0,0.0,0.0030263508482230306,-0.11715005433394787,-0.003195687262718301,0.5596253223199094,1.5073142471463747,-0.5282538810398518
149369,149,-0.02279367670416832,0.5784540176391602,-0.024135852232575417,0.573968231678009,1.4003915786743164,-0.5541078448295593,1.5181248188018799,-0.46815723180770874,0.01124066486954689,0.021004581823945045,0.12251046299934387,0.016863521188497543,0.9993641376495361,0.7965497970581055,0.6767587661743164,0.8393597602844238,0.004810001235455275,0.02025522291660309,0.08142736554145813,0.012369017116725445,0.0,0.0,0.018805114866831472,-0.11457473547915036,0.013167383123319446,0.5537386716714797,1.671013178378493,-0.6049189885339232
149370,149,-0.007508248556405306,0.5732898712158203,-0.008377289399504662,0.5692483186721802,1.5968337059020996,-0.5214563608169556,1.5886763334274292,-0.5052371025085449,0.011089806444942951,0.02748779021203518,0.12130463123321533,0.016016928479075432,0.9943023324012756,0.7977132201194763,0.6812856793403625,0.8380717635154724,0.004444333259016275,0.025210091844201088,0.08239368349313736,0.01166925486177206,0.0,0.0,0.028545525854827156,-0.11486012103877577,0.029877514907105517,0.5476894817861404,1.6710131783784947,-0.6049189885339232
149371,149,0.008622429333627224,0.5680701732635498,0.0074911946430802345,0.5637626051902771,1.6290771961212158,-0.5146619081497192,1.5956754684448242,-0.5743340253829956,0.01095697470009327,0.026565922424197197,0.13489149510860443,0.01527424156665802,0.9888575673103333,0.799495279788971,0.6856032609939575,0.8368549942970276,0.0035585779696702957,0.025210091844201088,0.09334494918584824,0.01111537590622902,0.0,0.0,0.0202414389812446,-0.13847398830991034,0.04753869948101083,0.5411436157812998,1.8092500090681671,-0.6771115454061251
149372,149,0.025935664772987366,0.5631003379821777,0.02392166666686535,0.5581687688827515,1.7860944271087646,-0.4978087842464447,1.6718730926513672,-0.5550473928451538,0.010840528644621372,0.025157399475574493,0.13750383257865906,0.014625323936343193,0.9829935431480408,0.801598072052002,0.690497636795044,0.8354854583740234,0.0031837441492825747,0.024739544838666916,0.09807077050209045,0.01022331789135933,0.0,0.0,0.015445482618851356,-0.1382466920367135,0.06563119957169482,0.5343725003272385,1.8092500090681671,-0.6771115454060722
149373,149,0.0441693477332592,0.5574054718017578,0.04098418354988098,0.552388072013855,1.8616423606872559,-0.6177169680595398,1.7577542066574097,-0.5883373618125916,0.010738235898315907,0.023244889453053474,0.15319935977458954,0.014056922867894173,0.9768101572990417,0.8040935397148132,0.6952444911003113,0.8339546322822571,0.002692463342100382,0.0234183631837368,0.11066202819347382,0.0096780676394701,0.0,0.0,0.007800639911327151,-0.15781787884501264,0.08435098077099153,0.527203199370962,1.915932649093066,-0.7448315516562987
149374,149,0.0631861612200737,0.5511729717254639,0.059438738971948624,0.5464301705360413,1.920307993888855,-0.6353052854537964,1.9104467630386353,-0.6127471923828125,0.010648535564541817,0.02302907034754753,0.16298602521419525,0.013559780083596706,0.9703879356384277,0.8064298629760742,0.7002460360527039,0.8324368596076965,0.0024548007640987635,0.022794485092163086,0.12041059136390686,0.00934702716767788,0.0,0.0,0.0215269570520574,-0.16611196262989042,0.10351030726192463,0.5197548838543987,1.9159326490930595,-0.7448315516562987
149375,149,0.0826587975025177,0.5450866222381592,0.07923072576522827,0.5402742028236389,1.9544882774353027,-0.6017382740974426,2.019667148590088,-0.6264069676399231,0.01056989561766386,0.022691207006573677,0.17021247744560242,0.013124899938702583,0.963878333568573,0.8086420893669128,0.7053897380828857,0.8309422135353088,0.002290153643116355,0.022528454661369324,0.12816122174263,0.008996404707431793,0.0,0.0,0.02033279294083526,-0.17269654417819752,0.12303625156129333,0.5119979283516625,1.9910610984531982,-0.8080790072846027
149376,149,0.10228481888771057,0.5391068458557129,0.09969126433134079,0.5339913368225098,1.9667956829071045,-0.5950336456298828,2.0626580715179443,-0.626785933971405,0.010500599630177021,0.02116067335009575,0.17437632381916046,0.012742425315082073,0.9573566913604736,0.8111046552658081,0.7105947732925415,0.8293099999427795,0.002255314728245139,0.021892372518777847,0.13356786966323853,0.008393032476305962,0.0,0.0,0.010485470387111548,-0.17574187600511756,0.14294686254582778,0.5039171382788159,1.9910610984531982,-0.8080790072846027
149377,149,0.12176542729139328,0.5325085520744324,0.12014754116535187,0.5274850130081177,1.9459846019744873,-0.6930186152458191,2.041529655456543,-0.6592135429382324,0.010439879260957241,0.019770033657550812,0.1751842349767685,0.012407881207764149,0.950839102268219,0.8138925433158875,0.7158989310264587,0.8274861574172974,0.0021817972883582115,0.02101719006896019,0.13671216368675232,0.007911412976682186,0.0,0.0,0.003951698849004648,-0.1754658474973791,0.1630265364199526,0.4956083086345943,2.0346353571485243,-0.8668539122909842
149378,149,0.14121660590171814,0.5252051949501038,0.14043988287448883,0.5207018852233887,1.9454898834228516,-0.7592772841453552,2.0153071880340576,-0.6989828944206238,0.010386389680206776,0.019000981003046036,0.17416958510875702,0.012113590724766254,0.9443159699440002,0.8168291449546814,0.7212402820587158,0.8255006670951843,0.0021585901267826557,0.02058134414255619,0.13799308240413666,0.007467712741345167,0.0,0.0,0.013597577956881532,-0.1693805457678776,0.18337288999143933,0.4869397695116845,2.034635357148537,-0.8668539122909842
149379,149,0.16054698824882507,0.5173338651657104,0.1602964550256729,0.5133645534515381,1.921696662902832,-0.8104119300842285,1.9557065963745117,-0.7675320506095886,0.010339477099478245,0.019478676840662956,0.17278146743774414,0.011855828575789928,0.9377296566963196,0.8195217847824097,0.7266334295272827,0.8236455917358398,0.0019653639756143093,0.020260708406567574,0.13952979445457458,0.007632923778146505,0.0,0.0,0.019551438802622834,-0.16619601027839068,0.2037538599150021,0.47811484613095284,2.046655425179096,-0.9211562666754168
149380,149,0.18010342121124268,0.5101916790008545,0.17990680038928986,0.505912184715271,1.9499902725219727,-0.6744745969772339,1.9280909299850464,-0.7549880743026733,0.01029829028993845,0.023012515157461166,0.1704062521457672,0.01162977796047926,0.9312618374824524,0.8218560814857483,0.7319278120994568,0.8215270042419434,0.0020967256277799606,0.024359088391065598,0.13909725844860077,0.0067087081260979176,0.0,0.0,0.023572558294701576,-0.1590812148726574,0.22422041416679456,0.4689032834641985,2.046655425179109,-0.9211562666754433
149381,149,0.199067622423172,0.5017469525337219,0.19816988706588745,0.49760469794273376,1.8899712562561035,-0.9278343319892883,1.7864656448364258,-0.8551762104034424,0.01026216708123684,0.02138550579547882,0.1686631590127945,0.0114317387342453,0.9247905015945435,0.8253932595252991,0.7371734976768494,0.8190462589263916,0.002017505932599306,0.024173669517040253,0.1395694464445114,0.006285876035690308,0.0,0.0,-0.0021560154111446295,-0.16028752083693878,0.24465024661447468,0.4595980467519333,2.0271213025449013,-0.9709860704379535
149382,149,0.21800020337104797,0.492058664560318,0.21603114902973175,0.48879534006118774,1.8878436088562012,-1.0127060413360596,1.7896783351898193,-0.9182514548301697,0.010230345651507378,0.03077368438243866,0.1649974286556244,0.011257434263825417,0.9182974696159363,0.8279619812965393,0.7424494624137878,0.8163624405860901,0.0019740527495741844,0.03209633380174637,0.13861875236034393,0.005915121175348759,0.0,0.0,0.03228050103644618,-0.14735356802568117,0.2649214596399251,0.4498881860475537,2.0271213025449146,-0.9709860704379535
149383,149,0.23690490424633026,0.4817604720592499,0.23417456448078156,0.47920557856559753,1.881238341331482,-1.0500999689102173,1.8288543224334717,-1.0057380199432373,0.010202368721365929,0.041980959475040436,0.16125257313251495,0.011104299686849117,0.9118673205375671,0.83025062084198,0.7476682066917419,0.8135438561439514,0.0020464828703552485,0.04273463413119316,0.13689024746418,0.005703296046704054,0.0,0.0,0.04384988914458868,-0.1431041095641774,0.2851477210864067,0.4401384164087291,1.9801716321007514,-1.0126689515058789
149384,149,0.2555023431777954,0.4711624085903168,0.252591609954834,0.46861588954925537,1.842276930809021,-1.0646101236343384,1.8495172262191772,-1.1008167266845703,0.010177802294492722,0.04767048358917236,0.15748269855976105,0.010969937779009342,0.9055298566818237,0.8331795930862427,0.7527925372123718,0.810687243938446,0.002051312942057848,0.04930546507239342,0.13507889211177826,0.00553149776533246,0.0,0.0,0.04869278703355115,-0.13904199846646223,0.30490805097886725,0.4299749831729434,1.9760329892459265,-1.0163433235785675
149385,149,0.273805171251297,0.4604094922542572,0.2710850238800049,0.45726028084754944,1.8219226598739624,-1.082032561302185,1.8465675115585327,-1.1563738584518433,0.010156218893826008,0.050242453813552856,0.15276798605918884,0.010851957835257053,0.8993302583694458,0.8368242383003235,0.7578012943267822,0.8075624704360962,0.002223387360572815,0.053745660930871964,0.13212700188159943,0.004942326806485653,0.0,0.0,0.050711553535399856,-0.12948868421222923,0.324668380871329,0.4198115499371572,1.9394388932178879,-1.0344470675152517
149386,149,0.2915485203266144,0.4484492242336273,0.2890889048576355,0.44514763355255127,1.762439250946045,-1.256370186805725,1.7863954305648804,-1.2310810089111328,0.010137265548110008,0.052285827696323395,0.14792965352535248,0.01074841246008873,0.8930466175079346,0.840799868106842,0.7628729343414307,0.8044604659080505,0.0019132436718791723,0.055525802075862885,0.13008847832679749,0.005163824185729027,0.0,0.0,0.052672707256454745,-0.12375739512831885,0.3436122127516528,0.4092441807515635,1.8933904852821584,-1.0572280260972593
149387,149,0.3097172677516937,0.43686443567276,0.3073560297489166,0.4332261383533478,1.8235013484954834,-1.1232719421386719,1.8203554153442383,-1.1953556537628174,0.01012060884386301,0.07579650729894638,0.14183710515499115,0.01065745297819376,0.8868373036384583,0.8426955342292786,0.7678865194320679,0.8011037707328796,0.0021199211478233337,0.07582052052021027,0.12564946711063385,0.004420713521540165,0.0,0.0,0.0806037801264384,-0.11103382028856051,0.3625461176044769,0.3986719004905903,1.8933904852821584,-1.0572280260972593
149388,149,0.32735466957092285,0.42426881194114685,0.3248221278190613,0.4206174612045288,1.7567037343978882,-1.310107946395874,1.7288904190063477,-1.2734647989273071,0.010105980560183525,0.07369280606508255,0.13814929127693176,0.010577603243291378,0.8805027604103088,0.8464692831039429,0.7729228734970093,0.797950804233551,0.001736774924211204,0.07790020108222961,0.12398485094308853,0.005146011244505644,0.0,0.0,0.061035625936586055,-0.11927595189196022,0.38046596952631806,0.38777628469460734,1.7791937906536368,-1.093640177994002
149389,149,0.34556227922439575,0.4129432141780853,0.3427261710166931,0.40862905979156494,1.8241970539093018,-1.0479562282562256,1.793471336364746,-1.177159309387207,0.010093124583363533,0.08814912289381027,0.13318641483783722,0.010507470928132534,0.874245822429657,0.8490840196609497,0.7778509259223938,0.7949662208557129,0.002017505932599306,0.08899743854999542,0.12014012783765793,0.0048011187463998795,0.0,0.0,0.09143089189798166,-0.1075291728454632,0.3982579074328567,0.37683988291466664,1.7791937906536368,-1.093640177994002
149390,149,0.36313992738723755,0.4018034338951111,0.3600459694862366,0.39670330286026,1.7383639812469482,-1.1194065809249878,1.7169605493545532,-1.162245512008667,0.01008182018995285,0.0827837809920311,0.13096457719802856,0.010445816442370415,0.8682464361190796,0.8531414866447449,0.7824872136116028,0.7917179465293884,0.002230159007012844,0.09042322635650635,0.11803248524665833,0.004401033744215965,0.0,0.0,0.051437337435068176,-0.11939473187011318,0.41490134587089567,0.36565180091327015,1.6334429053603086,-1.1255797792688487
149391,149,0.3799622654914856,0.3896678686141968,0.3767814636230469,0.3849624991416931,1.663907527923584,-1.2543878555297852,1.6642576456069946,-1.1644822359085083,0.010071894153952599,0.07962886244058609,0.12723217904567719,0.010391686111688614,0.8622392416000366,0.8578469157218933,0.7871348261833191,0.7885206937789917,0.002016539918258786,0.08674710243940353,0.11626934260129929,0.004562497138977051,0.0,0.0,0.060974706700463316,-0.10764429223848981,0.4312357749245,0.3543960031205816,1.633442905360335,-1.1255797792688487
149392,149,0.3969879746437073,0.37777286767959595,0.393740177154541,0.37370914220809937,1.7052972316741943,-1.1675790548324585,1.6927446126937866,-1.124048113822937,0.01006315927952528,0.08131368458271027,0.12265616655349731,0.010344055481255054,0.8562785387039185,0.8620114922523499,0.7917431592941284,0.7853271961212158,0.002197270980104804,0.0874018743634224,0.11266012489795685,0.004417761694639921,0.0,0.0,0.08166916018343376,-0.09847027978901263,0.4463965424843061,0.3429512353187472,1.4628495935163963,-1.1530468299217729
149393,149,0.4136151671409607,0.36586105823516846,0.41031450033187866,0.3621819019317627,1.6435396671295166,-1.1934137344360352,1.6446430683135986,-1.1599335670471191,0.010055496357381344,0.0794558972120285,0.12037581950426102,0.010302284732460976,0.8506522178649902,0.8664236664772034,0.7960084080696106,0.7819693088531494,0.0026992603670805693,0.08743895590305328,0.10964902490377426,0.004087538458406925,0.0,0.0,0.0684498633363985,-0.10819242051020087,0.4610250384194718,0.33142076701952894,1.4628495935163697,-1.1530468299217729
149394,149,0.42908793687820435,0.3533494472503662,0.4261261522769928,0.35009196400642395,1.5003222227096558,-1.2666083574295044,1.5557042360305786,-1.2205514907836914,0.010048764757812023,0.07836761325597763,0.11775771528482437,0.010265586897730827,0.8453558087348938,0.8709449172019958,0.8000106811523438,0.7786422371864319,0.002896528458222747,0.08603028953075409,0.1074708104133606,0.004186714068055153,0.0,0.0,0.07189521848293706,-0.10368779963018873,0.47466225315573274,0.31975509382223183,1.2942609115783388,-1.1760413299527483
149395,149,0.4438093304634094,0.34109631180763245,0.44146448373794556,0.33797210454940796,1.4360575675964355,-1.2069305181503296,1.49612557888031,-1.2171701192855835,0.010042848065495491,0.0825439915060997,0.1128280758857727,0.010233349166810513,0.8401219844818115,0.8747465014457703,0.8040540814399719,0.7754814028739929,0.002674987306818366,0.08848051726818085,0.10446767508983612,0.004282032605260611,0.0,0.0,0.08346971196795214,-0.08609516570226053,0.4876048622715178,0.30799468052270357,1.2942609115783388,-1.1760413299527748
149396,149,0.4586307406425476,0.3295319080352783,0.4562274217605591,0.3260917663574219,1.4912843704223633,-1.1371023654937744,1.4354307651519775,-1.1824721097946167,0.010037651285529137,0.08136741071939468,0.10784055292606354,0.010205032303929329,0.8350646495819092,0.8789361715316772,0.8079350590705872,0.7720540761947632,0.003213963471353054,0.09039625525474548,0.09927839040756226,0.003671045647934079,0.0,0.0,0.07442366199652188,-0.08045419182919045,0.4997673138261391,0.2961438823349199,1.1343886236603054,-1.1945632793618277
149397,149,0.4724231958389282,0.31682562828063965,0.46951761841773987,0.31358957290649414,1.3372911214828491,-1.324672818183899,1.2920660972595215,-1.260460615158081,0.010033083148300648,0.07861160486936569,0.10582080483436584,0.010180139914155006,0.8301341533660889,0.8836615085601807,0.8116578459739685,0.7685722708702087,0.0028780519496649504,0.0882246196269989,0.09807077050209045,0.003817890305072069,0.0,0.0,0.0622803078856293,-0.09464365094974261,0.5111112000627438,0.2841982495413009,1.1343886236603318,-1.1945632793618277
149398,149,0.48640716075897217,0.3041331171989441,0.48276829719543457,0.30139246582984924,1.410638689994812,-1.2601479291915894,1.3208701610565186,-1.2226699590682983,0.010029072873294353,0.08860064297914505,0.10139119625091553,0.010158303193747997,0.8250917792320251,0.8872184157371521,0.8154535293579102,0.765153169631958,0.0029169530607759953,0.09512721747159958,0.09475323557853699,0.0038012394215911627,0.0,0.0,0.09093559932158024,-0.07662582647631028,0.5218686195878874,0.2721981067680047,0.9832327297624018,-1.2086126781489845
149399,149,0.5003806948661804,0.2917643189430237,0.4960125684738159,0.2890547215938568,1.3836770057678223,-1.21677827835083,1.3271563053131104,-1.2438428401947021,0.010025542229413986,0.08756955713033676,0.10042867809534073,0.010139078833162785,0.8203092217445374,0.891355037689209,0.8189278244972229,0.7615706324577332,0.0033222271595150232,0.09809073060750961,0.09275564551353455,0.0033602872863411903,0.0,0.0,0.0815892118288954,-0.09502536127541164,0.5317009468855125,0.26011197998651425,0.9832327297624018,-1.2086126781489845
149400,149,0.5134246945381165,0.2787175178527832,0.5088402628898621,0.2760935127735138,1.2689743041992188,-1.3428295850753784,1.2704894542694092,-1.3099093437194824,0.010022444650530815,0.08568813651800156,0.10025379061698914,0.01012220699340105,0.815906822681427,0.8961683511734009,0.822046160697937,0.7578078508377075,0.0037757777608931065,0.09750927984714508,0.09177448600530624,0.003249065950512886,0.0,0.0,0.07471862588875007,-0.09926909214678578,0.5411230655333379,0.24799827303268154,0.8407932298844696,-1.2181895263142055
149401,149,0.5253245830535889,0.26505425572395325,0.521279513835907,0.2628140449523926,1.1426373720169067,-1.3730570077896118,1.22489595413208,-1.3335907459259033,0.010019720532000065,0.09285241365432739,0.09880121052265167,0.010107371024787426,0.8118184804916382,0.900245189666748,0.8249902129173279,0.7540968656539917,0.003907057456672192,0.10244427621364594,0.09067650139331818,0.0033241785131394863,0.0,0.0,0.09449811074996446,-0.09061369559179566,0.5495309978321831,0.23581637776953956,0.8407932298844696,-1.2181895263142055
149402,149,0.5366160869598389,0.25173842906951904,0.5333108305931091,0.24957795441150665,1.1014761924743652,-1.3115779161453247,1.163792610168457,-1.3308677673339844,0.010017329826951027,0.09952759742736816,0.09575959295034409,0.010094346478581429,0.80801922082901,0.9039927124977112,0.8277758359909058,0.7503616809844971,0.004390210844576359,0.10987334698438644,0.08743302524089813,0.00313014630228281,0.0,0.0,0.10114717958229415,-0.07850257567603255,0.557687546754851,0.22362488704014505,0.7070701240266409,-1.2232938238575042
149403,149,0.5468875169754028,0.23837736248970032,0.5441468954086304,0.23598612844944,0.9734912514686584,-1.3449242115020752,1.0209981203079224,-1.3705593347549438,0.010015230625867844,0.0985887199640274,0.09344299882650375,0.010082902386784554,0.8046375513076782,0.9083028435707092,0.8302741646766663,0.7467177510261536,0.004774474073201418,0.11083115637302399,0.08463569730520248,0.003352479077875614,0.0,0.0,0.0932841630620106,-0.0802071608559129,0.5647582479951174,0.21139194880157008,0.707070124026588,-1.223293823857491
149404,149,0.556083083152771,0.22544725239276886,0.5538152456283569,0.2224990278482437,0.8657297492027283,-1.2624276876449585,0.9067752361297607,-1.3340249061584473,0.010013382881879807,0.09952831268310547,0.08954814821481705,0.010072845034301281,0.8016820549964905,0.9127224683761597,0.8325295448303223,0.7429597973823547,0.00514700124040246,0.11294583231210709,0.08092077076435089,0.002826526528224349,0.0,0.0,0.09975687416943937,-0.06713423020945701,0.5717189583447875,0.19915845470159055,0.5921901535381534,-1.2238743932254816
149405,149,0.5641997456550598,0.21176524460315704,0.5618640780448914,0.2089928686618805,0.7851765751838684,-1.4203883409500122,0.7426058053970337,-1.3422406911849976,0.010011758655309677,0.09779440611600876,0.08481813967227936,0.010064007714390755,0.7988700866699219,0.9173924922943115,0.8347497582435608,0.7392802238464355,0.005262827035039663,0.11094607412815094,0.0766248032450676,0.0033241785131394863,0.0,0.0,0.08799354330117795,-0.057290738794249646,0.5775395924666755,0.1869191989938018,0.582063412188757,-1.2239255707788805
149406,149,0.5719698667526245,0.19881026446819305,0.5691847801208496,0.19613468647003174,0.7392105460166931,-1.2359771728515625,0.6931633353233337,-1.2739454507827759,0.010010331869125366,0.11059760302305222,0.07968445122241974,0.01005624420940876,0.7964215278625488,0.9208522439002991,0.8367210030555725,0.7354843020439148,0.005661567207425833,0.1219240352511406,0.0716942623257637,0.0026089882012456656,0.0,0.0,0.11383143943423928,-0.049416609833552144,0.5833602265885636,0.17467994328601305,0.530570066110839,-1.2221639080016642
149407,149,0.5787015557289124,0.18506141006946564,0.5751792788505554,0.18289856612682343,0.6499901413917542,-1.4335335493087769,0.5624460577964783,-1.327020287513733,0.01000907737761736,0.10696520656347275,0.0751943588256836,0.010049420408904552,0.7940874695777893,0.9253287315368652,0.838631272315979,0.7315589785575867,0.005621837917715311,0.12311981618404388,0.06766575574874878,0.0028090320993214846,0.0,0.0,0.08695322112529488,-0.048397306960562984,0.5880319263392187,0.16247999430558668,0.46577309437097664,-1.2199471087084592
149408,149,0.5852832794189453,0.17131631076335907,0.5809749364852905,0.16989007592201233,0.6429980993270874,-1.352824330329895,0.5751841068267822,-1.3073639869689941,0.010007976554334164,0.11650431156158447,0.07004126161336899,0.010043426416814327,0.791946530342102,0.9293114542961121,0.8403770327568054,0.7275934219360352,0.005997754167765379,0.13058528304100037,0.06276459991931915,0.0024596466682851315,0.0,0.0,0.11898982648014497,-0.0388824003008979,0.5926896572829286,0.15028052321850285,0.46577309437097664,-1.2199471087084592
149409,149,0.5910917520523071,0.1571444272994995,0.5863550305366516,0.15631753206253052,0.5515182614326477,-1.4431228637695312,0.5298675298690796,-1.3757998943328857,0.010007008910179138,0.11540855467319489,0.06629525125026703,0.010038157925009727,0.7903783917427063,0.9339202046394348,0.8416512608528137,0.7234021425247192,0.0069973524659872055,0.13352882862091064,0.05760185793042183,0.0023017683997750282,0.0,0.0,0.10947392987028015,-0.043369889221182914,0.5963921447051074,0.13816220805793425,0.35819917057324685,-1.2108078041667532
149410,149,0.5948760509490967,0.14235615730285645,0.5908957719802856,0.14190556108951569,0.2784050405025482,-1.4769467115402222,0.4121750593185425,-1.4659161567687988,0.01000615768134594,0.12421081215143204,0.06178628280758858,0.01003352552652359,0.7891473174095154,0.9379412531852722,0.84284508228302,0.7194724678993225,0.006491628475487232,0.13908347487449646,0.05470994859933853,0.00257600168697536,0.0,0.0,0.12652451478494503,-0.03392322770510476,0.59997413641084,0.12605413001626672,0.35819917057324685,-1.2108078041667598
149411,149,0.5989114046096802,0.12857595086097717,0.5952602624893188,0.12781664729118347,0.4377387762069702,-1.349591851234436,0.3978166878223419,-1.4142675399780273,0.010005411691963673,0.1338898241519928,0.05468036234378815,0.010029461234807968,0.7878259420394897,0.9414251446723938,0.8440955877304077,0.7156109809875488,0.006979294586926699,0.14862559735774994,0.04819227010011673,0.002543023321777582,0.0,0.0,0.13662008546166798,0.005239191966708849,0.6027771426567028,0.11405982014674446,0.25934164079551475,-1.1963699987838214
149412,149,0.6022893190383911,0.11509568989276886,0.5984804630279541,0.11325664073228836,0.28770583868026733,-1.3235200643539429,0.28200608491897583,-1.4565542936325073,0.010004755109548569,0.13174934685230255,0.050177618861198425,0.010025884956121445,0.786788284778595,0.9454758763313293,0.8451641201972961,0.7119134068489075,0.006860971916466951,0.15023815631866455,0.04420509934425354,0.0026381011120975018,0.0,0.0,0.12062027270984063,-0.021415559805110847,0.6053705590646583,0.10209612015890618,0.25934164079551475,-1.1963699987838148
149413,149,0.605475127696991,0.10213348269462585,0.6011728048324585,0.09922976046800613,0.32939642667770386,-1.287651538848877,0.24936416745185852,-1.3604060411453247,0.010004176758229733,0.12978562712669373,0.044807229191064835,0.01002274639904499,0.7857089042663574,0.9497429132461548,0.846206545829773,0.7084918022155762,0.007113786414265633,0.14712458848953247,0.0393218994140625,0.0030162043403834105,0.0,0.0,0.1195176437445821,-0.0016188456651543282,0.607343815286365,0.09026820358716166,0.16920050503783327,-1.1766336925598029
149414,149,0.6083317399024963,0.09015246480703354,0.6036108732223511,0.08634583652019501,0.24828217923641205,-1.139485478401184,0.23324386775493622,-1.22792387008667,0.010003669187426567,0.12759140133857727,0.040316879749298096,0.010019990615546703,0.7847369909286499,0.9537931680679321,0.8472182750701904,0.7052580118179321,0.0067898272536695,0.14463257789611816,0.035894427448511124,0.0028887486550956964,0.0,0.0,0.11605647314324931,-0.010788827228416842,0.6090358203367439,0.07850186666156284,0.16920050503788614,-1.1766336925598029
149415,149,0.6114596724510193,0.07853816449642181,0.6059924960136414,0.07476838678121567,0.35277843475341797,-1.172661304473877,0.24611446261405945,-1.1035410165786743,0.010003224015235901,0.12227616459131241,0.0363568440079689,0.01001756638288498,0.7837209701538086,0.958231508731842,0.8481277227401733,0.7017335295677185,0.007221274543553591,0.14171503484249115,0.031881559640169144,0.0024451096542179585,0.0,0.0,0.09408993464854512,-0.0018700934681317102,0.6102490576864553,0.0668827313943225,0.08777576330025526,-1.1515988854946242
149416,149,0.6139807105064392,0.06587062031030655,0.6080889701843262,0.06347988545894623,0.2191825658082962,-1.3007177114486694,0.21804431080818176,-1.1177003383636475,0.010002830997109413,0.11858370155096054,0.03450142964720726,0.010015436448156834,0.782997727394104,0.962699830532074,0.8487656712532043,0.6984044313430786,0.007490871008485556,0.13526305556297302,0.029684919863939285,0.0030249657575041056,0.0,0.0,0.0987995030316374,-0.022051538769354354,0.611126815319458,0.055366742539375416,0.08777576330025526,-1.151598885494631
149417,149,0.6158504486083984,0.054268114268779755,0.6105422973632812,0.05283193290233612,0.14179451763629913,-1.0779473781585693,0.23267748951911926,-1.0517371892929077,0.010002488270401955,0.11983749270439148,0.03134126588702202,0.010013562627136707,0.782466471195221,0.9665018916130066,0.8493497371673584,0.6952022314071655,0.007336894050240517,0.13500899076461792,0.027467668056488037,0.002528476994484663,0.0,0.0,0.12016968366354122,-0.006054954189815401,0.6116497649493343,0.04399877658337197,0.015067415582674975,-1.121265577588303
149418,149,0.6176439523696899,0.04262814298272133,0.6124410629272461,0.0421360544860363,0.20757898688316345,-1.2101547718048096,0.16747528314590454,-1.0718529224395752,0.010002185590565205,0.11472240090370178,0.028611749410629272,0.010011918842792511,0.7821124792098999,0.9708407521247864,0.8496897220611572,0.6915553212165833,0.008222858421504498,0.13340488076210022,0.024124259129166603,0.002190501196309924,0.0,0.0,0.08710419433208638,0.0020341249536545807,0.6118004391051611,0.032786120807488175,0.015067415582674975,-1.121265577588303
149419,149,0.6180016994476318,0.02966194413602352,0.6132689714431763,0.030671818181872368,-0.04758400842547417,-1.3252314329147339,0.04883435741066933,-1.1779897212982178,0.010001919232308865,0.11362342536449432,0.026465702801942825,0.010010473430156708,0.7819247841835022,0.9750657081604004,0.8500951528549194,0.6882150769233704,0.00743952626362443,0.1288953721523285,0.0230263564735651,0.002738106530159712,0.0,0.0,0.107648100058791,-0.01173458923560114,0.6117028321673629,0.0217117121694468,-0.048924538114801845,-1.0856337688408215
149420,149,0.619256854057312,0.018005840480327606,0.6144888997077942,0.019490959122776985,0.1789916455745697,-1.1122472286224365,0.11500585079193115,-1.1449509859085083,0.022801212966442108,0.1255490779876709,0.024383531883358955,0.010009204968810081,0.7798916697502136,0.9779201149940491,0.8505439162254333,0.6850022077560425,0.016585614532232285,0.1365119069814682,0.02113625966012478,0.0025410838425159454,0.0,0.0,0.12875319014875763,0.024710112889285422,0.6112135867862144,0.010855374481037837,-0.048924538114801845,-1.0856337688408233
149421,149,0.6207117438316345,0.0066481465473771095,0.6152383089065552,0.007290956564247608,0.1458769589662552,-1.1295454502105713,0.07304020971059799,-1.2532058954238892,0.021197034046053886,0.12123264372348785,0.02298305556178093,0.010008087381720543,0.7796903848648071,0.981437087059021,0.8506069779396057,0.6816384792327881,0.017828548327088356,0.13801026344299316,0.01905088871717453,0.002391821937635541,0.0,0.0,0.09828306160335865,-0.013257243129195087,0.6105651544329017,0.00011691116769110225,-0.10420009779233382,-1.0447034592521818
149422,149,0.6204012632369995,-0.005141159053891897,0.6152701377868652,-0.005949053913354874,-0.11772795021533966,-1.1768263578414917,-0.020057229325175285,-1.3261046409606934,0.01980128325521946,0.11827189475297928,0.021796002984046936,0.010007106699049473,0.779858410358429,0.985142707824707,0.8508723378181458,0.6787756085395813,0.015521731227636337,0.13245537877082825,0.01894639991223812,0.0030609900131821632,0.0,0.0,0.10235954812299063,-0.013507593449972842,0.6095231534549783,-0.010330123424831429,-0.10420009779233382,-1.0447034592521813
149423,149,0.6213645935058594,-0.015080377459526062,0.6160626411437988,-0.017596174031496048,0.1745709925889969,-0.9312703013420105,0.0873546302318573,-1.0935922861099243,0.023571737110614777,0.1172904372215271,0.02032172493636608,0.010006244294345379,0.7792373299598694,0.9885351061820984,0.8509727120399475,0.6759951710700989,0.019036734476685524,0.13045217096805573,0.016881726682186127,0.002823610557243228,0.0,0.0,0.11199905361925988,0.024154898155229098,0.6083936268383116,-0.020690253406756197,-0.15075926344976232,-0.9984746488223865
149424,149,0.6212493777275085,-0.025069724768400192,0.6159712672233582,-0.028581861406564713,-0.08975964784622192,-0.9964193105697632,-0.03506157547235489,-1.0385106801986694,0.021868648007512093,0.11068978160619736,0.024296147748827934,0.010005487129092216,0.7796496152877808,0.9921813607215881,0.8505703210830688,0.6731618642807007,0.018292730674147606,0.12586909532546997,0.020028317347168922,0.0026885794941335917,0.0,0.0,0.07476269653044784,-0.02492136025817793,0.6068860342038136,-0.030674999894980744,-0.1507592634498152,-0.9984746488223865
149425,149,0.6205326914787292,-0.03523245081305504,0.6154820919036865,-0.038159262388944626,-0.06444115191698074,-1.0294214487075806,-0.06523750722408295,-0.8974921703338623,0.020579330623149872,0.10664018243551254,0.022497976198792458,0.010004822164773941,0.780127227306366,0.9959896802902222,0.8504242300987244,0.6702767610549927,0.017500445246696472,0.1206812709569931,0.01855626329779625,0.0026002556551247835,0.0,0.0,0.08432403156940728,0.011558803243054479,0.6053451444759531,-0.04061440853875308,-0.1855364080125649,-0.9511215434480482
149426,149,0.6195111870765686,-0.04555493965744972,0.6145671010017395,-0.04683154821395874,-0.13007766008377075,-1.0332602262496948,-0.11208223551511765,-0.8463425636291504,0.01926025003194809,0.1041560098528862,0.02093220129609108,0.010004237294197083,0.7808865308761597,0.9994911551475525,0.8500979542732239,0.6675702929496765,0.016928985714912415,0.11590804904699326,0.016894614323973656,0.0029169530607759953,0.0,0.0,0.09036382900633536,0.005080889302410303,0.6034591241250813,-0.05008388191426807,-0.1886020350871931,-0.9469473375514361
149427,149,0.6176453828811646,-0.05507907643914223,0.6131983995437622,-0.05505196750164032,-0.23780931532382965,-0.9000822305679321,-0.1719977855682373,-0.8169810771942139,0.01846245303750038,0.1023663580417633,0.019568949937820435,0.010003723204135895,0.7820211052894592,1.0027521848678589,0.8494800329208374,0.6648449301719666,0.01670570857822895,0.11428918689489365,0.015511087141931057,0.0024916334077715874,0.0,0.0,0.09236570826276408,0.012838571963958798,0.6015731037742093,-0.059553355289783616,-0.2014991934301282,-0.9217848711986193
149428,149,0.6147353053092957,-0.06502329558134079,0.6106512546539307,-0.06370168924331665,-0.3152221441268921,-1.034148097038269,-0.30266714096069336,-0.8838584423065186,0.02678559720516205,0.09798349440097809,0.018378162756562233,0.010003269650042057,0.7819336652755737,1.0060914754867554,0.8491210341453552,0.6622642278671265,0.021486250683665276,0.10916270315647125,0.015112463384866714,0.0029295983258634806,0.0,0.0,0.07335355371777622,0.028017436423240377,0.5993993183111418,-0.06846139646755374,-0.2177284127045204,-0.8901215254393259
149429,149,0.6131875514984131,-0.0740341991186142,0.6082475781440735,-0.07207880914211273,-0.08690284937620163,-0.8544396162033081,-0.23415377736091614,-0.8601023554801941,0.03873510658740997,0.09758126735687256,0.017339978367090225,0.010002873837947845,0.7808973789215088,1.0091124773025513,0.8488780856132507,0.659763514995575,0.030492188408970833,0.10735861957073212,0.014299336820840836,0.002654601586982608,0.0,0.0,0.09530265514112507,0.040744682210842695,0.5972220341840964,-0.07736261172194707,-0.21772841270457324,-0.8901215254393259
149430,149,0.6122058629989624,-0.08310437202453613,0.6058869957923889,-0.08141985535621643,-0.08066511899232864,-0.925955057144165,-0.20294933021068573,-0.9682850241661072,0.03499279543757439,0.09337789565324783,0.016432669013738632,0.01000252552330494,0.7814794778823853,1.0122828483581543,0.8484849333763123,0.6571543216705322,0.03048287332057953,0.10414834320545197,0.013099371455609798,0.002696347190067172,0.0,0.0,0.06943551302650855,0.004508770167642942,0.5948635118543563,-0.08571217053969585,-0.23813839630184996,-0.8279972124860627
149431,149,0.6102816462516785,-0.0923427864909172,0.6038753390312195,-0.09154195338487625,-0.24362969398498535,-0.9025182723999023,-0.18586313724517822,-1.0206571817398071,0.03176867589354515,0.09162064641714096,0.01563980057835579,0.01000222098082304,0.782536506652832,1.0152168273925781,0.8481993675231934,0.6548304557800293,0.027114316821098328,0.10044881701469421,0.012886892072856426,0.0029334896244108677,0.0,0.0,0.08152547531695721,0.00037924498077325335,0.5924821278913375,-0.09399214266455751,-0.23813839630190284,-0.8279972124860561
149432,149,0.6089959144592285,-0.10060196369886398,0.6026447415351868,-0.10110427439212799,-0.08248631656169891,-0.8002374172210693,-0.10586151480674744,-0.931373655796051,0.03068448044359684,0.09002180397510529,0.01494581624865532,0.010001949965953827,0.7832886576652527,1.0178897380828857,0.8477775454521179,0.6526313424110413,0.02662833221256733,0.09797096997499466,0.011756411753594875,0.002992844209074974,0.0,0.0,0.0808014487435921,0.02331984770764323,0.5900085998470852,-0.10174083111555507,-0.24983198587912894,-0.7605743986916399
149433,149,0.6069214344024658,-0.1084149107336998,0.601129949092865,-0.1103576049208641,-0.2735363841056824,-0.7486067414283752,-0.17446263134479523,-0.8832295536994934,0.028042610734701157,0.08657802641391754,0.014338286593556404,0.0100017124786973,0.784477710723877,1.0205175876617432,0.8472554087638855,0.650528609752655,0.024646040052175522,0.09507245570421219,0.0114329494535923,0.0029004188254475594,0.0,0.0,0.0665912946807565,-0.0037065477279507528,0.5875102799882941,-0.10934657510247109,-0.24983198587912894,-0.7605743986916399
149434,149,0.6046798229217529,-0.11604556441307068,0.5992958545684814,-0.11831683665513992,-0.20446428656578064,-0.7780946493148804,-0.20112255215644836,-0.7296753525733948,0.027480473741889,0.08271646499633789,0.013806075789034367,0.010001507587730885,0.78529292345047,1.0233622789382935,0.8468829393386841,0.6482790112495422,0.023388175293803215,0.09189940989017487,0.011182556860148907,0.0026720748282969,0.0,0.0,0.0601009853375639,0.02362371816354825,0.5849914773816899,-0.11645200517998827,-0.25280918143635733,-0.6878530840560572
149435,149,0.6030530333518982,-0.12422291934490204,0.5972945094108582,-0.12509021162986755,-0.13504502177238464,-0.8497692942619324,-0.19352543354034424,-0.6433759927749634,0.02555004134774208,0.08028088510036469,0.013340129517018795,0.010001322254538536,0.7860112190246582,1.026149034500122,0.8465522527694702,0.646067202091217,0.022124100476503372,0.08816365152597427,0.010669682174921036,0.0029062542598694563,0.0,0.0,0.06588271776600968,0.01224561411817229,0.5824633855673259,-0.12333053602054936,-0.25280918143635733,-0.6878530840560638
149436,149,0.6015067100524902,-0.13201124966144562,0.5955808162689209,-0.1311761736869812,-0.1734302043914795,-0.7309410572052002,-0.16280707716941833,-0.6026259660720825,0.023588038980960846,0.08024588972330093,0.012931393459439278,0.010001160204410553,0.7871185541152954,1.0286433696746826,0.8459146618843079,0.6438311338424683,0.02139453962445259,0.08782187104225159,0.009914563968777657,0.002578911604359746,0.0,0.0,0.08003850896965535,-0.00036406837074678955,0.57996903955053,-0.12975031971785722,-0.24706998297358798,-0.6098332685793347
149437,149,0.5987088084220886,-0.14020653069019318,0.5932828187942505,-0.13798466324806213,-0.3240969777107239,-0.8397226333618164,-0.2534724771976471,-0.7124565839767456,0.021883349865674973,0.07812608778476715,0.012573347426950932,0.010001021437346935,0.7883719205856323,1.031100869178772,0.8453265428543091,0.6417174935340881,0.019495727494359016,0.08550525456666946,0.009839784353971481,0.0028994460590183735,0.0,0.0,0.06551752061780117,0.0030647885548278422,0.5774983397207942,-0.13584865240365093,-0.24706998297353513,-0.6098332685793215
149438,149,0.596246063709259,-0.1476239711046219,0.5910893678665161,-0.14496271312236786,-0.22395290434360504,-0.7007635831832886,-0.22628770768642426,-0.7232393026351929,0.025419795885682106,0.08520345389842987,0.012259319424629211,0.010000897571444511,0.7888793349266052,1.032589316368103,0.8447253704071045,0.6399148106575012,0.021957755088806152,0.08886924386024475,0.009417461231350899,0.0031642515677958727,0.0,0.0,0.08681514305757645,0.025988078724342244,0.5750981814459677,-0.1415404017140188,-0.2326143904907152,-0.5265149522614327
149439,149,0.5937550067901611,-0.1539406031370163,0.5886574983596802,-0.152383491396904,-0.26945170760154724,-0.5791163444519043,-0.26028719544410706,-0.7536199688911438,0.023572202771902084,0.08303192257881165,0.011983667500317097,0.01000079046934843,0.7897251844406128,1.034101963043213,0.8443324565887451,0.6385126113891602,0.020260708406567574,0.08798082917928696,0.00975685566663742,0.0034940754994750023,0.0,0.0,0.07029223571178499,0.010770188811755111,0.5727720375410604,-0.14680555123663355,-0.2326143904907152,-0.5265149522614327
149440,149,0.5923080444335938,-0.15884803235530853,0.5865143537521362,-0.1593858301639557,-0.08472978323698044,-0.4483112692832947,-0.19722574949264526,-0.6768946051597595,0.02282692678272724,0.07896199822425842,0.01174190267920494,0.010000697337090969,0.790391206741333,1.0359817743301392,0.8438957333564758,0.637085497379303,0.02008199691772461,0.08545809984207153,0.009175683371722698,0.003181794658303261,0.0,0.0,0.05488003463313859,0.017640260204650565,0.5705357981603626,-0.15172687815333416,-0.2094424039877918,-0.43789813510239756
149441,149,0.5903592109680176,-0.16417327523231506,0.5841442346572876,-0.16620826721191406,-0.22696608304977417,-0.5550785660743713,-0.2235024869441986,-0.6210126280784607,0.021218804642558098,0.07286742329597473,0.011828307993710041,0.010000611655414104,0.7915326356887817,1.0383076667785645,0.8432092070579529,0.635442852973938,0.01940840668976307,0.08081347495317459,0.008944496512413025,0.002982138656079769,0.0,0.0,0.03637101254940214,-0.011840285222918365,0.5684413741204843,-0.1561058595043584,-0.2094424039877918,-0.43789813510238434
149442,149,0.587478518486023,-0.17021171748638153,0.5817626714706421,-0.1717754602432251,-0.31843021512031555,-0.6252492666244507,-0.2443915158510208,-0.4942891597747803,0.019818758592009544,0.07032373547554016,0.011605496518313885,0.01000053621828556,0.7927290201187134,1.040453314781189,0.8425904512405396,0.6339177489280701,0.01784583553671837,0.07649058848619461,0.00897299312055111,0.003216888289898634,0.0,0.0,0.054898737773704485,0.008909239487697774,0.5664387847860761,-0.16021437602066105,-0.17755402346492352,-0.3439828171021762
149443,149,0.5849893093109131,-0.17566125094890594,0.579656183719635,-0.17571720480918884,-0.23298397660255432,-0.5169678926467896,-0.21833199262619019,-0.3536527156829834,0.023763053119182587,0.07067771255970001,0.011410013772547245,0.010000470094382763,0.7929848432540894,1.042061686515808,0.8422003984451294,0.6325473785400391,0.01982579007744789,0.07549747824668884,0.00920830387622118,0.0032393145374953747,0.0,0.0,0.07075272128819945,0.024382858314278586,0.5646632445514272,-0.16365420419168297,-0.17755402346487065,-0.3439828171021894
149444,149,0.5835756063461304,-0.18065965175628662,0.5776775479316711,-0.17899948358535767,-0.08618884533643723,-0.4910276234149933,-0.18299967050552368,-0.33486077189445496,0.02237260900437832,0.0690406784415245,0.011238225735723972,0.010000412352383137,0.7933366894721985,1.0436170101165771,0.8420087695121765,0.6312087178230286,0.019086822867393494,0.07423602789640427,0.009170586243271828,0.003282227087765932,0.0,0.0,0.05907802047120732,0.012705419157008038,0.5629640364154687,-0.16690752230085934,-0.13694924892189891,-0.2447689982608348
149445,149,0.582805335521698,-0.18546973168849945,0.5761122107505798,-0.18284432590007782,-0.06012123078107834,-0.45702317357063293,-0.11628007143735886,-0.41807299852371216,0.02082342468202114,0.06784190237522125,0.011087491177022457,0.010000362060964108,0.7936007976531982,1.0449211597442627,0.8420324921607971,0.6302201151847839,0.017321573570370674,0.07163256406784058,0.00932253710925579,0.0037307424936443567,0.0,0.0,0.06051449052543859,-0.009665050830179756,0.5615945439262496,-0.16935521228346784,-0.13694924892189891,-0.2447689982608348
149446,149,0.5828816294670105,-0.18888193368911743,0.5757468342781067,-0.18692894279956818,0.043320611119270325,-0.2722386121749878,0.010833228006958961,-0.4125794470310211,0.019474485889077187,0.06682687997817993,0.014615962281823158,0.010000317357480526,0.7935736179351807,1.0458439588546753,0.8419574499130249,0.6295825839042664,0.015920359641313553,0.06974530220031738,0.0122929522767663,0.003939407877624035,0.0,0.0,0.06059769527676415,-0.015137580682931057,0.5602684481409015,-0.17171094397878797,-0.09162356755906952,-0.14872317780614422
149447,149,0.5834953784942627,-0.1912020444869995,0.5761963129043579,-0.19102929532527924,0.08341414481401443,-0.192290797829628,0.07935367524623871,-0.3924877643585205,0.018296990543603897,0.06269935518503189,0.03053758665919304,0.01000028196722269,0.7932208776473999,1.046676516532898,0.8413543105125427,0.629263699054718,0.014342634938657284,0.06573716551065445,0.02539776638150215,0.004260408226400614,0.0,0.0,0.03721464995557779,-0.0330287957083797,0.5593921673373128,-0.1731135107645712,-0.0876280803588766,-0.1402566785783073
149448,149,0.5849560499191284,-0.19231610000133514,0.5775769352912903,-0.19425739347934723,0.17853233218193054,-0.06583786010742188,0.17399242520332336,-0.25590184330940247,0.01726994477212429,0.05783548206090927,0.04072311520576477,0.01000024750828743,0.7925850749015808,1.0475648641586304,0.8411957025527954,0.6290277242660522,0.013319498859345913,0.061477404087781906,0.03430047631263733,0.004110116511583328,0.0,0.0,0.02739128516670443,-0.042522475263483926,0.5585158865337241,-0.17451607755035445,0.22139257817852107,-0.09165460465571888
149449,149,0.586908757686615,-0.1933881640434265,0.5794950127601624,-0.19603468477725983,0.22019287943840027,-0.12303174287080765,0.2213125377893448,-0.09261469542980194,0.01637043058872223,0.05136707425117493,0.04700776934623718,0.010000218637287617,0.7916508913040161,1.048637866973877,0.8415465354919434,0.6287853121757507,0.011881012469530106,0.05552317947149277,0.04065755382180214,0.004236821085214615,0.0,0.0,0.01036480649630851,-0.04808262164633123,0.5645345636821298,-0.17483422086211478,0.6102506424417637,-0.030495883183302375
149450,149,0.5900350213050842,-0.19433088600635529,0.5824227929115295,-0.1959201991558075,0.3684375584125519,-0.08421723544597626,0.3398498594760895,0.07532238960266113,0.015585468150675297,0.047270189970731735,0.0469210110604763,0.010000193491578102,0.790457546710968,1.0495299100875854,0.84235680103302,0.6286307573318481,0.011424665339291096,0.05052584037184715,0.04069069027900696,0.004315460100769997,0.0,0.0,0.02084307901832271,-0.046357540172541276,0.5706370701065473,-0.17513917969394777,0.6102506424417637,-0.030495883183302375
149451,149,0.5933282971382141,-0.19495077431201935,0.5859711170196533,-0.19489827752113342,0.3213389217853546,-0.031268760561943054,0.37377455830574036,0.13310475647449493,0.014898419380187988,0.043475911021232605,0.06218409910798073,0.010000171139836311,0.7896750569343567,1.0502978563308716,0.8420798182487488,0.6284357905387878,0.011773019097745419,0.046944309026002884,0.05121203139424324,0.004179838113486767,0.0,0.0,0.018733537237227853,-0.06516531785905755,0.5756219267503669,-0.1744246468818071,0.4843874781065452,0.08431328740960922
149452,149,0.594940721988678,-0.19582173228263855,0.588908314704895,-0.19405372440814972,0.08152078837156296,-0.07886558771133423,0.2570696175098419,0.07651574909687042,0.014296559616923332,0.03961009532213211,0.06122543290257454,0.010000151582062244,0.7891677021980286,1.0507667064666748,0.8424795269966125,0.6285954713821411,0.010841811075806618,0.042104605585336685,0.05232365429401398,0.004772500600665808,0.0,0.0,0.014144693570229558,-0.055256574381241444,0.5804658015314329,-0.1735815140077109,0.4843874781065452,0.08431328740960922
149453,149,0.5968989133834839,-0.19511136412620544,0.5918362736701965,-0.19274337589740753,0.2256784737110138,0.13966137170791626,0.27154406905174255,0.12338312715291977,0.013768714852631092,0.03796784207224846,0.054863665252923965,0.010000133886933327,0.7885289788246155,1.05060613155365,0.8432314395904541,0.6292191743850708,0.010727379471063614,0.03887864947319031,0.04729488864541054,0.005165803711861372,0.0,0.0,0.027081085475527747,-0.014945793199796307,0.5843531328578928,-0.17179431226209083,0.362996864393302,0.20412080807174518
149454,149,0.59868323802948,-0.19281812012195587,0.5940588712692261,-0.19167326390743256,0.1498318612575531,0.2980022132396698,0.18757066130638123,0.10538306832313538,0.013307232409715652,0.034333568066358566,0.05195369943976402,0.010000118054449558,0.7881353497505188,1.050301432609558,0.8437824845314026,0.629989504814148,0.010396966710686684,0.03601307421922684,0.04447493702173233,0.005060939583927393,0.0,0.0,-0.002529113389894734,-0.03340420774009414,0.5879831015018252,-0.1697531041813735,0.36299686439324913,0.20412080807174518
149455,149,0.6001033782958984,-0.19027262926101685,0.595402717590332,-0.19065937399864197,0.14771558344364166,0.23965872824192047,0.10949870944023132,0.1294875293970108,0.012902393937110901,0.03119583986699581,0.04766756668686867,0.022697918117046356,0.7876899838447571,1.0499043464660645,0.8443925380706787,0.6304537057876587,0.010059111751616001,0.032281965017318726,0.0408933088183403,0.010985239408910275,0.0,0.0,-0.0245477152004459,-0.020102183338186932,0.5908086879159011,-0.16685324670172033,0.24607880130187548,0.32892667880310555
149456,149,0.6015293002128601,-0.18709175288677216,0.596566915512085,-0.18855372071266174,0.13070742785930634,0.3580904006958008,0.1112915575504303,0.2709212005138397,0.012547376565635204,0.028482403606176376,0.04369298741221428,0.02157844789326191,0.7871580123901367,1.0491199493408203,0.8450780510902405,0.6316775679588318,0.009415418840944767,0.029000116512179375,0.037944238632917404,0.01111847534775734,0.0,0.0,-0.013774467609651984,-0.017840124220238774,0.5932694759289201,-0.16356397991368885,0.24607880130187548,0.32892667880310555
149457,149,0.6034704446792603,-0.18267923593521118,0.5979860424995422,-0.18474918603897095,0.21691158413887024,0.48367008566856384,0.14761902391910553,0.45176392793655396,0.012236136011779308,0.026132438331842422,0.03986397385597229,0.028219979256391525,0.7866345047950745,1.0482228994369507,0.8456617593765259,0.6327165961265564,0.009617728181183338,0.026727471500635147,0.034201882779598236,0.01394180953502655,0.0,0.0,-0.02924436573799637,-0.014670704950723177,0.5950690978355871,-0.15951147989944855,0.1336332888324243,0.45873089960370345
149458,149,0.6047853231430054,-0.1783784180879593,0.5990532636642456,-0.17999346554279327,0.10094940662384033,0.4220457375049591,0.10303129255771637,0.5254586935043335,0.011963294818997383,0.02409423142671585,0.03843488544225693,0.04439670220017433,0.7865660786628723,1.0473055839538574,0.8458223938941956,0.6333627104759216,0.010059111751616001,0.024651670828461647,0.03194373846054077,0.021291842684149742,0.0,0.0,-0.0471766330943226,-0.028952251827916095,0.5964054307239116,-0.15492417090341146,0.1336332888324243,0.45873089960370345
149459,149,0.604734480381012,-0.1743161827325821,0.5996643304824829,-0.17445868253707886,-0.06609046459197998,0.4085928797721863,0.03430275619029999,0.589475154876709,0.011723818257451057,0.02232172340154648,0.035085491836071014,0.043213482946157455,0.7869797348976135,1.046312928199768,0.8457451462745667,0.6345661878585815,0.010321932844817638,0.022732114419341087,0.028896234929561615,0.02139453962445259,0.0,0.0,-0.03547037033484553,-0.012720215611981636,0.5972148685281453,-0.14967904155403067,0.025660326984948478,0.5935334704735258
149460,149,0.6035575270652771,-0.16994690895080566,0.5995835661888123,-0.16829225420951843,-0.16402119398117065,0.46133142709732056,-0.056539542973041534,0.6151440143585205,0.012668859213590622,0.020779747515916824,0.03184719383716583,0.04135006666183472,0.7872828245162964,1.0450918674468994,0.8457472324371338,0.6360782384872437,0.010472039692103863,0.020748501643538475,0.026749132201075554,0.02108553610742092,0.0,0.0,-0.029094793458546694,0.012805396962416322,0.5974714717979945,-0.14374370684929488,0.025660326984948478,0.5935334704735258
149461,149,0.6029600501060486,-0.1646512895822525,0.5989784002304077,-0.16202020645141602,-0.01893487572669983,0.5544089078903198,-0.09552329778671265,0.5981653332710266,0.027192523702979088,0.019435876980423927,0.029048684984445572,0.04013851657509804,0.7858422994613647,1.0437341928482056,0.8456836342811584,0.6376795172691345,0.021390121430158615,0.019121674820780754,0.023953678086400032,0.020724298432469368,0.0,0.0,-0.03213501319898438,0.029434360792605627,0.5973265059047701,-0.13726596136421812,-0.07784008424065775,0.7333343914125989
149462,149,0.602063000202179,-0.15904593467712402,0.5974889993667603,-0.15668466687202454,-0.11575229465961456,0.5822986960411072,-0.1663820743560791,0.5062546133995056,0.025016462430357933,0.018264248967170715,0.026626769453287125,0.041145917028188705,0.7860914468765259,1.0420522689819336,0.8456661701202393,0.6394737958908081,0.020987438037991524,0.01732480339705944,0.022308381274342537,0.021832553669810295,0.0,0.0,-0.04132681278414446,0.007181326387204572,0.5965481050623632,-0.12993261745009166,-0.07784008424071062,0.7333343914125989
149463,149,0.6015754342079163,-0.1523771584033966,0.5962020754814148,-0.15132121741771698,-0.023031089454889297,0.7101250290870667,-0.11397669464349747,0.5443868637084961,0.0245401319116354,0.017241233959794044,0.0245254747569561,0.041058752685785294,0.7863091230392456,1.0398848056793213,0.8457145690917969,0.6417670845985413,0.020417654886841774,0.015217598527669907,0.020400086417794228,0.022939367219805717,0.0,0.0,-0.04048302066140507,0.02123929097695674,0.5954845158766563,-0.12218226902876798,-0.1768679448443415,0.8781336624208899
149464,149,0.6011704802513123,-0.14386524260044098,0.595361590385437,-0.145470529794693,-0.06258951127529144,0.9489504098892212,-0.07172457873821259,0.6251932382583618,0.022712262347340584,0.016347315162420273,0.022699516266584396,0.052483703941106796,0.7868378162384033,1.037421703338623,0.8455845713615417,0.6439006924629211,0.019524116069078445,0.014328905381262302,0.018746323883533478,0.02839614264667034,0.0,0.0,-0.05465232539735813,0.004611691332291825,0.5937158364282126,-0.11340093240455851,-0.1768679448443415,0.8781336624208832
149465,149,0.6001682281494141,-0.13518203794956207,0.5942807197570801,-0.13859234750270844,-0.10639704763889313,0.8353647589683533,-0.11194184422492981,0.7879652380943298,0.021119290962815285,0.01556451991200447,0.021108189597725868,0.08238744735717773,0.7874507904052734,1.0347726345062256,0.8454440832138062,0.6455202698707581,0.018216896802186966,0.012768748216331005,0.017291421070694923,0.0442725270986557,0.0,0.0,-0.08858354284025828,0.007274476854205443,0.5917694043549984,-0.10433799424643149,-0.27142325482615565,1.0279312834984118
149466,149,0.5990606546401978,-0.12583380937576294,0.5934165716171265,-0.12930071353912354,-0.1296885758638382,0.9807584881782532,-0.08992034196853638,1.016870141029358,0.019760100170969963,0.014881487935781479,0.01972564123570919,0.08024349063634872,0.788176417350769,1.0318750143051147,0.8451545238494873,0.6482834219932556,0.01732695661485195,0.011794819496572018,0.01598440669476986,0.04501313716173172,0.0,0.0,-0.06753101170315394,0.010199385289166155,0.5890551718067372,-0.09405868141144665,-0.2714232548261028,1.0279312834984118
149467,149,0.5974899530410767,-0.11577381938695908,0.5922704935073853,-0.11845286190509796,-0.17803199589252472,1.0371228456497192,-0.13684849441051483,1.1448980569839478,0.018553918227553368,0.014281594194471836,0.018515732139348984,0.08525659143924713,0.7892104983329773,1.0290939807891846,0.8445973992347717,0.6508238911628723,0.016967663541436195,0.011416381224989891,0.014567776583135128,0.047292355448007584,0.0,0.0,-0.08636168598807442,0.010065292882064269,0.5862616772509911,-0.08364316671596325,-0.3542084475940293,1.1701872978806314
149468,149,0.5948015451431274,-0.10637469589710236,0.5901118516921997,-0.1070665791630745,-0.3078449070453644,0.9008711576461792,-0.25117403268814087,1.1629666090011597,0.017856936901807785,0.013756795786321163,0.017460720613598824,0.0894266664981842,0.7903227806091309,1.0263594388961792,0.844050943851471,0.6532697677612305,0.01598227024078369,0.010643932037055492,0.013881777413189411,0.050340816378593445,0.0,0.0,-0.09040261598914807,0.01293122208225126,0.5826466171091315,-0.07181589416951073,-0.36150601418594164,1.1827272546451713
149469,149,0.5923418402671814,-0.09700991958379745,0.5877215266227722,-0.09497623890638351,-0.22686566412448883,0.9434446096420288,-0.2533358037471771,1.1921641826629639,0.02855634316802025,0.013296649791300297,0.016538280993700027,0.08572129160165787,0.7901967763900757,1.0234767198562622,0.8432435989379883,0.6561064124107361,0.024680959060788155,0.009566612541675568,0.012429481372237206,0.05006997659802437,0.0,0.0,-0.06418084318994455,0.030234454503839235,0.5790315569672718,-0.05998862162305822,-0.3994142097182454,1.253484170939404
149470,149,0.5887906551361084,-0.08690213412046432,0.5846382975578308,-0.08394098281860352,-0.4307402968406677,1.0753800868988037,-0.3424188196659088,1.0418351888656616,0.026669999584555626,0.012893135659396648,0.015731362625956535,0.08218895643949509,0.7917667031288147,1.0199936628341675,0.8421489596366882,0.6595302224159241,0.02515586093068123,0.008057947270572186,0.011511675082147121,0.05036650225520134,0.0,0.0,-0.06147582474069878,0.013729797135824808,0.5745706782465901,-0.046582600377504634,-0.447116222923858,1.3425215758611548
149471,149,0.5842329263687134,-0.07466715574264526,0.5809129476547241,-0.07351711392402649,-0.500592052936554,1.3164962530136108,-0.4242953062057495,1.031566858291626,0.03982899710536003,0.012539781630039215,0.015026291832327843,0.08093983680009842,0.7922145128250122,1.016128420829773,0.8409304618835449,0.6632130742073059,0.03449185565114021,0.0076540932059288025,0.011034801602363586,0.04994942992925644,0.0,0.0,-0.07355639074862816,0.04209721506454598,0.5700995160173519,-0.03315738461889377,-0.44711622292391084,1.3425215758611548
149472,149,0.579414427280426,-0.06186703220009804,0.5759730935096741,-0.06328000873327255,-0.4647272825241089,1.2604467868804932,-0.5424942970275879,1.0498679876327515,0.04919983446598053,0.01222982257604599,0.014408967457711697,0.09899510443210602,0.7925072908401489,1.0118918418884277,0.8399595618247986,0.6665244102478027,0.04191436618566513,0.006298851687461138,0.01083871815353632,0.06205601245164871,0.0,0.0,-0.10328869613189855,0.050920624934864,0.5649078611303084,-0.018268829734183978,-0.5282538810399047,1.5073142471463747
149473,149,0.5756568908691406,-0.04761682450771332,0.5710209608078003,-0.05124610289931297,-0.34740936756134033,1.4919428825378418,-0.48696595430374146,1.3028385639190674,0.048530932515859604,0.011957590468227863,0.013867680914700031,0.09751684218645096,0.79368656873703,1.0072191953659058,0.8389411568641663,0.6707263588905334,0.043609194457530975,0.005632762797176838,0.010189434513449669,0.06356623768806458,0.0,0.0,-0.0891618114553445,0.044217047829562754,0.559625322319909,-0.0031956872627174025,-0.5282538810399047,1.5073142471463747
149474,149,0.5715409517288208,-0.032380204647779465,0.5660638213157654,-0.03718090429902077,-0.4351588785648346,1.5719081163406372,-0.4832252562046051,1.5177764892578125,0.04498223587870598,0.011719081550836563,0.01339414156973362,0.11414757370948792,0.7956392168998718,1.0020971298217773,0.8377916216850281,0.6747797131538391,0.04192547872662544,0.004592054523527622,0.009608525782823563,0.07555437088012695,0.0,0.0,-0.11844481626401787,0.02192276772690511,0.553738671671479,0.01316738312332144,-0.6049189885339232,1.671013178378492
149475,149,0.5667651295661926,-0.015722746029496193,0.561342179775238,-0.02079058811068535,-0.5056446194648743,1.7438178062438965,-0.4698566496372223,1.7444548606872559,0.04309343174099922,0.011509524658322334,0.012978612445294857,0.12371359765529633,0.797674298286438,0.9962925314903259,0.8366478681564331,0.6795116662979126,0.039727043360471725,0.003526322776451707,0.00944196805357933,0.08532258868217468,0.0,0.0,-0.12624742309563908,0.03074166348853801,0.5476894817861404,0.029877514907105517,-0.6049189885339232,1.6710131783784947
149476,149,0.562139093875885,0.002901081694290042,0.5568322539329529,-0.00203284271992743,-0.4485657215118408,1.9410737752914429,-0.4525690972805023,1.9656448364257812,0.04232246056199074,0.011325586587190628,0.01261429488658905,0.14323945343494415,0.7992915511131287,0.9898276925086975,0.8357120752334595,0.6844691038131714,0.03813440725207329,0.0027283939998596907,0.009431757032871246,0.10085590928792953,0.0,0.0,-0.14876119575967162,0.03726200666342028,0.5411436157812993,0.047538699481011915,-0.6771115454060722,1.8092500090681671
149477,149,0.5584223866462708,0.02324480563402176,0.5525838136672974,0.01867213472723961,-0.33267682790756226,2.0887300968170166,-0.40947818756103516,2.136833906173706,0.039892781525850296,0.011164285242557526,0.012295124121010303,0.1696949154138565,0.8009321689605713,0.9831185936927795,0.8346912264823914,0.6892833709716797,0.03707810118794441,0.0025381746236234903,0.008859043940901756,0.12023517489433289,0.0,0.0,-0.17815764402546203,0.02385468057198585,0.5343725003272385,0.06563119957169482,-0.6771115454060722,1.8092500090681671
149478,149,0.5541820526123047,0.04365081712603569,0.5481312870979309,0.04001784697175026,-0.45069900155067444,2.0391149520874023,-0.4368363618850708,2.1670713424682617,0.03598738834261894,0.011022558435797691,0.012014931067824364,0.1939512938261032,0.803237795829773,0.9763320088386536,0.8333171606063843,0.6940926313400269,0.03527842462062836,0.0022795074619352818,0.008033682592213154,0.14000765979290009,0.0,0.0,-0.2023318542324264,-0.0010582246674873397,0.5272031993709616,0.08435098077099266,-0.7448315516562987,1.9159326490930595
149479,149,0.5484158992767334,0.06409942358732224,0.5433655381202698,0.061743710190057755,-0.6515811681747437,2.058304786682129,-0.5037870407104492,2.188877820968628,0.03262666240334511,0.010898235253989697,0.011769325472414494,0.19558602571487427,0.8060214519500732,0.9693771600723267,0.8317239880561829,0.6996800899505615,0.03245248273015022,0.002034891163930297,0.007746874820441008,0.14659270644187927,0.0,0.0,-0.19618576272243046,0.009540595038627739,0.5197548838543987,0.10351030726192463,-0.7448315516562987,1.9159326490930595
149480,149,0.5420156121253967,0.0851396769285202,0.5381596684455872,0.08402755856513977,-0.6581305861473083,2.1189420223236084,-0.5628583431243896,2.233999252319336,0.034625329077243805,0.010789044201374054,0.01155376061797142,0.19861382246017456,0.8081083297729492,0.9622639417648315,0.8302741646766663,0.7054941654205322,0.032617270946502686,0.0017165401950478554,0.007950810715556145,0.15226568281650543,0.0,0.0,-0.19973082567599573,0.03496295627940679,0.5119979283516625,0.12303625156129333,-0.8080790072846027,1.9910610984531982
149481,149,0.5364113450050354,0.10673728585243225,0.5324825048446655,0.10657639801502228,-0.5180280804634094,2.1620097160339355,-0.5967854857444763,2.2356739044189453,0.034262459725141525,0.010693090967833996,0.011364438571035862,0.206865131855011,0.8103277683258057,0.9552762508392334,0.8285620212554932,0.7109866738319397,0.03403095528483391,0.001929649617522955,0.007079648785293102,0.15946631133556366,0.0,0.0,-0.20992955202319608,0.031822393655339135,0.5039171382788155,0.14294686254582897,-0.8080790072846027,1.9910610984531851
149482,149,0.5294607281684875,0.12746794521808624,0.5255023241043091,0.12779738008975983,-0.7780827283859253,2.046637773513794,-0.7328491806983948,2.0724222660064697,0.031139705330133438,0.010608944110572338,0.01119849644601345,0.21507273614406586,0.813513994216919,0.9483813643455505,0.8265219926834106,0.7162941694259644,0.03246660158038139,0.0019364055478945374,0.0067006987519562244,0.168082132935524,0.0,0.0,-0.21829979116796666,0.004581832027623731,0.49560830863459326,0.16302653641995504,-0.8668539122909842,2.034635357148537
149483,149,0.5213478207588196,0.1477910429239273,0.5179229974746704,0.14822347462177277,-0.8497428297996521,2.0082650184631348,-0.7934743165969849,2.0073435306549072,0.03821408748626709,0.010534830391407013,0.011052408255636692,0.21237199008464813,0.8158130049705505,0.9415544867515564,0.8244149684906006,0.7218185663223267,0.03734104335308075,0.0019769491627812386,0.006626637186855078,0.16953293979167938,0.0,0.0,-0.20064451248281778,0.039303765470143234,0.4869397695116845,0.18337288999143933,-0.8668539122909842,2.034635357148537
149484,149,0.5132111310958862,0.1678847074508667,0.5098512172698975,0.1681264489889145,-0.8030255436897278,1.99044930934906,-0.8356661796569824,1.9572020769119263,0.046232275664806366,0.010469990782439709,0.010924648493528366,0.20890632271766663,0.8177962899208069,0.9350243806838989,0.8221789002418518,0.7272037863731384,0.045092105865478516,0.0023831045255064964,0.006257934495806694,0.16812452673912048,0.0,0.0,-0.193653598449954,0.047764089247517585,0.47811484613095284,0.2037538599150021,-0.9211562666754168,2.046655425179096
149485,149,0.5046269297599792,0.18696938455104828,0.5009220838546753,0.18694142997264862,-0.8840595483779907,1.8547426462173462,-0.9185245633125305,1.8348989486694336,0.04509956017136574,0.010412917472422123,0.010812231339514256,0.20525214076042175,0.8208985328674316,0.9287636876106262,0.8198252320289612,0.7323561906814575,0.0461314432322979,0.002493572421371937,0.006039588246494532,0.1669428050518036,0.0,0.0,-0.1891087484988182,0.037720593370753244,0.4689032834641985,0.22422041416679456,-0.9211562666754433,2.046655425179109
149486,149,0.4955444633960724,0.2053290754556656,0.49162930250167847,0.2049301117658615,-0.9314715266227722,1.8136866092681885,-0.9416699409484863,1.7635325193405151,0.0471610426902771,0.010362770408391953,0.010713491588830948,0.19787199795246124,0.8241484761238098,0.9227321147918701,0.8172792792320251,0.7374054789543152,0.04842260479927063,0.002834302606061101,0.005667527671903372,0.16236478090286255,0.0,0.0,-0.164908821092793,0.04753304566111394,0.45959804675193267,0.24465024661447587,-0.9709860704379535,2.0271213025449013
149487,149,0.485673189163208,0.22280924022197723,0.4818536937236786,0.22203297913074493,-1.020829677581787,1.7044355869293213,-0.9987587332725525,1.6785824298858643,0.0516589879989624,0.010318700224161148,0.010626735165715218,0.18989723920822144,0.8270835876464844,0.916865348815918,0.8148275017738342,0.7423703670501709,0.05172450467944145,0.0028187506832182407,0.005918107461184263,0.157842218875885,0.0,0.0,-0.153735523625068,0.05247692816991541,0.4498881860475531,0.26492145963992625,-0.9709860704379535,2.0271213025449146
149488,149,0.47643765807151794,0.2399986982345581,0.4722079634666443,0.23897366225719452,-0.8842828273773193,1.69642972946167,-0.9635030627250671,1.6716103553771973,0.06290487200021744,0.010280062444508076,0.01055069174617529,0.17938801646232605,0.829582691192627,0.9114177823066711,0.8117741942405701,0.7470813989639282,0.06444953382015228,0.0033778573852032423,0.004517188295722008,0.1492924839258194,0.0,0.0,-0.13060890729660932,0.06521296454675757,0.4401384164087285,0.2851477210864079,-1.0126689515059053,1.9801716321007252
149489,149,0.46450307965278625,0.2556835114955902,0.46122151613235474,0.25428301095962524,-1.3455719947814941,1.5418870449066162,-1.1421246528625488,1.4939929246902466,0.06000762805342674,0.010246073827147484,0.010483813472092152,0.1695481687784195,0.8342055678367615,0.9060107469558716,0.8082658648490906,0.7517532706260681,0.06567687541246414,0.0031340436544269323,0.0044030011631548405,0.1432451456785202,0.0,0.0,-0.12296809786181617,0.041945879229924724,0.4299749831729428,0.3049080509788684,-1.0163433235785675,1.9760329892459265
149490,149,0.45126545429229736,0.271561861038208,0.44974982738494873,0.2696440517902374,-1.3520642518997192,1.5899865627288818,-1.2005079984664917,1.536963701248169,0.10383258014917374,0.010216200724244118,0.010425043292343616,0.15600112080574036,0.8349506855010986,0.900390625,0.8050662279129028,0.7566927075386047,0.09476841986179352,0.0028595782350748777,0.004983828868716955,0.13465291261672974,0.0,0.0,-0.0902559645281863,0.11378771411213043,0.4198115499371572,0.324668380871329,-1.0344470675152517,1.9394388932178879
149491,149,0.4398239552974701,0.28804272413253784,0.43779799342155457,0.2856847047805786,-1.0273224115371704,1.6457479000091553,-1.2400213479995728,1.6082558631896973,0.1160326674580574,0.010189983062446117,0.010373473167419434,0.14498253166675568,0.8366618156433105,0.8950202465057373,0.801785409450531,0.7613936066627502,0.11554387956857681,0.0032432149164378643,0.0044030011631548405,0.1249149888753891,0.0,0.0,-0.0898989204918407,0.11926163955883735,0.4092441807515622,0.34361221275165504,-1.0572280260972593,1.8933904852821848
149492,149,0.42785581946372986,0.3034769594669342,0.4242779612541199,0.3007306456565857,-1.2493281364440918,1.5261237621307373,-1.3568735122680664,1.4866691827774048,0.10912217944860458,0.010166902095079422,0.010328077711164951,0.13626930117607117,0.8406438231468201,0.8895652294158936,0.7987027168273926,0.766048014163971,0.11537891626358032,0.0028138915076851845,0.004934422671794891,0.11919261515140533,0.0,0.0,-0.09186696969746114,0.07146575987602954,0.398671900490591,0.3625461176044758,-1.0572280260972593,1.8933904852821584
149493,149,0.41663941740989685,0.31941986083984375,0.41168901324272156,0.31624993681907654,-1.0686827898025513,1.612779140472412,-1.2079747915267944,1.5693345069885254,0.10865966975688934,0.010146654210984707,0.010288260877132416,0.1252126842737198,0.8446857929229736,0.8840272426605225,0.7958864569664001,0.770787239074707,0.11305984854698181,0.002889720955863595,0.0049640643410384655,0.1107848733663559,0.0,0.0,-0.06741233563961901,0.10611006799219849,0.38777628469460734,0.38046596952631806,-1.093640177994002,1.7791937906536368
149494,149,0.40603816509246826,0.335278183221817,0.4000921845436096,0.33182814717292786,-1.0421026945114136,1.5756585597991943,-1.1043392419815063,1.558469533920288,0.1040937751531601,0.010128862224519253,0.010253273881971836,0.11732153594493866,0.8489025235176086,0.8786190152168274,0.7928643822669983,0.7753386497497559,0.11169882863759995,0.002873190212994814,0.004453191999346018,0.10432049632072449,0.0,0.0,-0.07513580839174952,0.07877727585384602,0.37683988291466597,0.39825790743285777,-1.093640177994002,1.7791937906536368
149495,149,0.39450064301490784,0.3508046269416809,0.38903188705444336,0.3470923900604248,-1.2016931772232056,1.5644488334655762,-1.0887041091918945,1.5327563285827637,0.09935898333787918,0.010113224387168884,0.010222529992461205,0.10942428559064865,0.8534609079360962,0.8729736804962158,0.7898886799812317,0.7800305485725403,0.10660594701766968,0.002425729762762785,0.004760660231113434,0.09904728084802628,0.0,0.0,-0.06640502592565212,0.07280887490865427,0.3656518009132688,0.4149013458708976,-1.1255797792688487,1.6334429053603086
149496,149,0.38344013690948486,0.367106169462204,0.37868058681488037,0.3630506098270416,-1.06979238986969,1.6527063846588135,-1.026806354522705,1.6177823543548584,0.09892997145652771,0.010099483653903008,0.010195516981184483,0.10210640728473663,0.8577879071235657,0.8673099279403687,0.7866319417953491,0.7846584916114807,0.10714542865753174,0.00255563179962337,0.003951173275709152,0.09297310560941696,0.0,0.0,-0.061498973348476094,0.096508803087283,0.3543960031205816,0.4312357749245,-1.1255797792688487,1.633442905360335
149497,149,0.37099796533584595,0.3831135034561157,0.36754870414733887,0.37872278690338135,-1.325727939605713,1.6057894229888916,-1.1451587677001953,1.5740686655044556,0.09537424147129059,0.010087434202432632,0.010171834379434586,0.09809363633394241,0.8627244234085083,0.8616431951522827,0.7830138802528381,0.7891483306884766,0.10591945052146912,0.002501328242942691,0.0037610905710607767,0.08957500755786896,0.0,0.0,-0.07543334848845179,0.0751453835596166,0.3429512353187465,0.446396542484307,-1.1530468299217465,1.4628495935163963
149498,149,0.3575426936149597,0.3990989029407501,0.3557507395744324,0.39472171664237976,-1.363154411315918,1.5887117385864258,-1.2219821214675903,1.61658775806427,0.11074381321668625,0.010076824575662613,0.010150975547730923,0.09383270144462585,0.8663617968559265,0.8559004068374634,0.77928626537323,0.7936429977416992,0.11716201156377792,0.002177929040044546,0.0034989609848707914,0.08693508803844452,0.0,0.0,-0.06959524965619018,0.1145675786025364,0.33142076701952894,0.4610250384194718,-1.1530468299217729,1.4628495935163697
149499,149,0.34385207295417786,0.4154417812824249,0.3431297838687897,0.4111361503601074,-1.3805640935897827,1.6568329334259033,-1.312314510345459,1.648363471031189,0.12043311446905136,0.010067506693303585,0.010132660157978535,0.09033339470624924,0.8698133230209351,0.8498784899711609,0.7756150364875793,0.7982837557792664,0.12777963280677795,0.0018235318129882216,0.003775777528062463,0.08487526327371597,0.0,0.0,-0.07021869948826603,0.1230049944103895,0.31975509382223116,0.4746622531557335,-1.1760413299527748,1.2942609115783388
149500,149,0.3307645916938782,0.4324929118156433,0.32963377237319946,0.42795512080192566,-1.2677704095840454,1.7260327339172363,-1.39901602268219,1.6936007738113403,0.12695249915122986,0.01005931943655014,0.010116567835211754,0.0896640419960022,0.8734067678451538,0.8439531326293945,0.7720751762390137,0.8026344776153564,0.13572558760643005,0.0023433982860296965,0.0037963425274938345,0.08325506746768951,0.0,0.0,-0.08579415554618688,0.12875971362534827,0.30799468052270357,0.4876048622715178,-1.1760413299527748,1.2942609115783388
149501,149,0.31803053617477417,0.44861602783203125,0.3149721622467041,0.44442030787467957,-1.2495628595352173,1.5537053346633911,-1.4681980609893799,1.630985140800476,0.12483160197734833,0.010052121244370937,0.01010242011398077,0.10171815007925034,0.8778882622718811,0.8389500975608826,0.768223762512207,0.8056408166885376,0.13967463374137878,0.0038267062045633793,0.003129172371700406,0.08998161554336548,0.0,0.0,-0.10460599553687111,0.11362161298234054,0.2961438823349199,0.4997673138261391,-1.1945632793618277,1.1343886236603054
149502,149,0.30383628606796265,0.46146199107170105,0.29972219467163086,0.45924636721611023,-1.4756242036819458,1.142829418182373,-1.4942922592163086,1.418786644935608,0.12276628613471985,0.010045795701444149,0.010089995339512825,0.09950646758079529,0.883079469203949,0.8345924019813538,0.7641733884811401,0.8088213205337524,0.13946083188056946,0.0035839970223605633,0.0028945833910256624,0.09052810817956924,0.0,0.0,-0.0870654417637449,0.1117906801933154,0.2841982495413002,0.5111112000627446,-1.1945632793618277,1.1343886236603318
149503,149,0.2889842391014099,0.4738752841949463,0.2856871485710144,0.4733777642250061,-1.5319210290908813,1.2627085447311401,-1.3860089778900146,1.3475143909454346,0.14347615838050842,0.010040238499641418,0.010079077444970608,0.08891812711954117,0.8866626024246216,0.8299826383590698,0.7602871656417847,0.8125914335250854,0.15202215313911438,0.003456952515989542,0.003405193565413356,0.08299199491739273,0.0,0.0,-0.028403009150320124,0.1494553328963547,0.27219810676800327,0.5218686195878885,-1.2086126781489581,0.983232729762349
149504,149,0.2753184735774994,0.48679086565971375,0.27231287956237793,0.4864242672920227,-1.283935546875,1.2776811122894287,-1.3426718711853027,1.2214159965515137,0.15827612578868866,0.010035357438027859,0.010069482959806919,0.08328161388635635,0.8896155953407288,0.8257420063018799,0.7564671635627747,0.8159680962562561,0.16882911324501038,0.004138589836657047,0.0031525571830570698,0.07628369331359863,0.0,0.0,-0.050390296530067574,0.16285425189552605,0.260111979986515,0.531700946885512,-1.2086126781489845,0.983232729762349
149505,149,0.26176249980926514,0.4983154535293579,0.2582821846008301,0.49701517820358276,-1.3518062829971313,1.0956696271896362,-1.3956812620162964,0.9769055247306824,0.15321189165115356,0.010031070560216904,0.010061057284474373,0.07970038056373596,0.8938270807266235,0.8218569159507751,0.7526892423629761,0.8190021514892578,0.17217117547988892,0.0041788555681705475,0.003221763065084815,0.07290013879537582,0.0,0.0,-0.058536463300221414,0.12821414269240167,0.24799827303268154,0.5411230655333379,-1.2181895263142055,0.8407932298844696
149506,149,0.24833475053310394,0.5092313289642334,0.24470528960227966,0.5063938498497009,-1.3357349634170532,1.0741214752197266,-1.3295202255249023,0.9118742346763611,0.15110670030117035,0.01002730242908001,0.010053655132651329,0.07351058721542358,0.8985441327095032,0.8179356455802917,0.749070942401886,0.82212895154953,0.169786274433136,0.0039864773862063885,0.0033066156320273876,0.06827540695667267,0.0,0.0,-0.03644374079079396,0.14062398768011136,0.23581637776953956,0.5495309978321831,-1.2181895263142055,0.8407932298844696
149507,149,0.23529380559921265,0.5203320980072021,0.23186750710010529,0.5158059000968933,-1.2948814630508423,1.1182942390441895,-1.2645305395126343,0.9616155028343201,0.14929109811782837,0.010023994371294975,0.010047155432403088,0.06846793740987778,0.9031526446342468,0.8140650391578674,0.745543897151947,0.8251428008079529,0.167404443025589,0.004328242968767881,0.003405193565413356,0.06319019198417664,0.0,0.0,-0.03776104666391028,0.14019160956677384,0.22362488704014505,0.557687546754851,-1.2232938238575042,0.7070701240266409
149508,149,0.22262118756771088,0.5308685898780823,0.2192496508359909,0.5255682468414307,-1.2335011959075928,1.0021790266036987,-1.250490665435791,0.9922128915786743,0.14695318043231964,0.010021083988249302,0.010041440837085247,0.06610015779733658,0.907675564289093,0.810748279094696,0.742042601108551,0.8276188969612122,0.16541773080825806,0.0050500622019171715,0.0032724731136113405,0.05974173545837402,0.0,0.0,-0.051558573843226096,0.135201560766522,0.21139194880157008,0.5647582479951174,-1.223293823857491,0.707070124026588
149509,149,0.2099444419145584,0.5397101044654846,0.20659644901752472,0.535027801990509,-1.2636717557907104,0.817713737487793,-1.2472878694534302,0.9212967753410339,0.1435507982969284,0.010018523782491684,0.010036405175924301,0.0625266507267952,0.9120597243309021,0.807636022567749,0.7388725280761719,0.8300590515136719,0.15997099876403809,0.0046995035372674465,0.0038786346558481455,0.057313043624162674,0.0,0.0,-0.04047584765023787,0.12640351390075516,0.1991584547015898,0.5717189583447878,-1.2238743932254685,0.5921901535381006
149510,149,0.19870516657829285,0.548687219619751,0.19511975347995758,0.544557511806488,-1.0647985935211182,0.9089732766151428,-1.1110531091690063,0.929594099521637,0.14154554903507233,0.010016276501119137,0.010031990706920624,0.056413546204566956,0.9161967635154724,0.8045656681060791,0.73566734790802,0.8325061798095703,0.15858134627342224,0.005063906311988831,0.003282227087765932,0.05193395912647247,0.0,0.0,-0.01809122545385672,0.13134357291553506,0.18691919899380105,0.5775395924666759,-1.2239255707788805,0.582063412188757
149511,149,0.18693126738071442,0.5570498108863831,0.18366403877735138,0.5529314279556274,-1.2198655605316162,0.8173338770866394,-1.1359771490097046,0.8020472526550293,0.1346260905265808,0.010014302097260952,0.010028112679719925,0.05382656306028366,0.9208571314811707,0.8018210530281067,0.732174813747406,0.8346105813980103,0.15460850298404694,0.005458079744130373,0.003076571272686124,0.04868122562766075,0.0,0.0,-0.03739965824833957,0.09903213336620426,0.1746799432860123,0.5833602265885639,-1.2221639080016642,0.530570066110839
149512,149,0.17434033751487732,0.5644533038139343,0.17217345535755157,0.5604913830757141,-1.2767421007156372,0.6958092451095581,-1.150904893875122,0.7295933365821838,0.13241422176361084,0.01001256424933672,0.010024698451161385,0.05065577104687691,0.9255552291870117,0.7992434501647949,0.7286316752433777,0.8366286754608154,0.1509767472743988,0.005276693496853113,0.0029315438587218523,0.046261243522167206,0.0,0.0,-0.03041588904196116,0.12095105339058057,0.16247999430558596,0.5880319263392191,-1.2199471087084592,0.46577309437097664
149513,149,0.16156326234340668,0.5718275904655457,0.16077820956707,0.5677503943443298,-1.2952722311019897,0.7456846833229065,-1.1557750701904297,0.7060531973838806,0.13199040293693542,0.010011039674282074,0.010021701455116272,0.046158719807863235,0.9300556778907776,0.796623945236206,0.7249903082847595,0.8386945724487305,0.14997634291648865,0.0054174200631678104,0.0028634672053158283,0.042360592633485794,0.0,0.0,-0.017113991143702698,0.1297842556897642,0.15028052321850285,0.5926896572829286,-1.2199471087084592,0.46577309437097664
149514,149,0.14855696260929108,0.5790185928344727,0.1488528996706009,0.5745648741722107,-1.3022968769073486,0.701528012752533,-1.2294892072677612,0.6679251194000244,0.13309884071350098,0.010009698569774628,0.01001906767487526,0.04420280456542969,0.9344266653060913,0.79445481300354,0.7212212085723877,0.8402799963951111,0.15124273300170898,0.006295857019722462,0.0026497484650462866,0.039279237389564514,0.0,0.0,-0.03144761424977874,0.13341327418381174,0.13816220805793425,0.5963921447051074,-1.2108078041667532,0.35819917057324685
149515,149,0.1351272016763687,0.5844917893409729,0.13560664653778076,0.5804776549339294,-1.3411870002746582,0.4628360867500305,-1.3714256286621094,0.5536327362060547,0.1352044939994812,0.010008522309362888,0.01001675333827734,0.04253854230046272,0.9385027289390564,0.7925218939781189,0.7176845669746399,0.8418218493461609,0.15184803307056427,0.005693359766155481,0.002944190986454487,0.03860272094607353,0.0,0.0,-0.03162302411908417,0.13581335778765122,0.12605413001626672,0.59997413641084,-1.2108078041667598,0.35819917057324685
149516,149,0.12268412858247757,0.5904396772384644,0.12226270139217377,0.5863645076751709,-1.2175610065460205,0.6364263892173767,-1.3522660732269287,0.5665503144264221,0.14210404455661774,0.010007484816014767,0.010014721192419529,0.03826052322983742,0.9420120716094971,0.7902544140815735,0.7142245769500732,0.8436080813407898,0.15726621448993683,0.005643687676638365,0.002852772595360875,0.035227082669734955,0.0,0.0,-0.0007939086736692691,0.14409643078895684,0.11405982014674518,0.6027771426567027,-1.1963699987838148,0.25934164079556765
149517,149,0.11047977209091187,0.5967123508453369,0.10853128880262375,0.5917751789093018,-1.2169123888015747,0.6280719041824341,-1.3678568601608276,0.5402681827545166,0.1394823044538498,0.010006574913859367,0.010012933984398842,0.037605464458465576,0.9460042119026184,0.7882686257362366,0.7106170058250427,0.8450000286102295,0.15906696021556854,0.006277892738580704,0.002606077352538705,0.03355105221271515,0.0,0.0,-0.03324277938631898,0.12609951777329403,0.10209612015890618,0.6053705590646583,-1.1963699987838148,0.25934164079551475
149518,149,0.09771416336297989,0.601786732673645,0.09478656202554703,0.5966778993606567,-1.2896002531051636,0.44975364208221436,-1.337207317352295,0.4803500473499298,0.13734808564186096,0.010005778633058071,0.010011370293796062,0.03993546590209007,0.9503750205039978,0.7867786288261414,0.707014262676239,0.8458819389343262,0.1571529060602188,0.006709708832204342,0.002640042221173644,0.034821584820747375,0.0,0.0,-0.04037581211258866,0.12635087358119312,0.09026820358716096,0.607343815286365,-1.1766336925598029,0.16920050503783327
149519,149,0.08497408777475357,0.6056554317474365,0.081941619515419,0.6012275815010071,-1.2602434158325195,0.33025363087654114,-1.2393962144851685,0.4209652245044708,0.13852617144584656,0.010005077347159386,0.010009989142417908,0.037360064685344696,0.9543664455413818,0.7853575944900513,0.7036964297294617,0.8470388054847717,0.15548542141914368,0.006247956305742264,0.002954893046990037,0.033619705587625504,0.0,0.0,-0.020247844600151853,0.13886835089736654,0.07850186666156073,0.6090358203367441,-1.1766336925598029,0.16920050503783327
149520,149,0.07331296801567078,0.6100236177444458,0.07054507732391357,0.6056448817253113,-1.1323673725128174,0.46911802887916565,-1.1022990942001343,0.4169004261493683,0.13817055523395538,0.010004461742937565,0.010008776560425758,0.033808670938014984,0.9582273364067078,0.7839951515197754,0.700320303440094,0.8480967879295349,0.15615595877170563,0.007061579264700413,0.00261578056961298,0.029768384993076324,0.0,0.0,-0.007541893848681036,0.1363448788208375,0.0668827313943225,0.6102490576864553,-1.1515988854946242,0.08777576330025526
149521,149,0.06126845255494118,0.6132534742355347,0.05907747894525528,0.6088348627090454,-1.2149699926376343,0.2558635175228119,-1.140433669090271,0.28105732798576355,0.13475598394870758,0.010003921575844288,0.010007713921368122,0.03509719669818878,0.9622837901115417,0.7830772995948792,0.6970009207725525,0.8487325310707092,0.15336060523986816,0.00705254590138793,0.0028012574184685946,0.030475890263915062,0.0,0.0,-0.03533034632558766,0.11709480962162769,0.055366742539375416,0.611126815319458,-1.151598885494631,0.08777576330025526
149522,149,0.049569353461265564,0.6159249544143677,0.04811190068721771,0.6115971803665161,-1.144857406616211,0.25759005546569824,-1.0760825872421265,0.2535352408885956,0.1340675801038742,0.010003444738686085,0.010006779804825783,0.03186218440532684,0.9661986827850342,0.7822409868240356,0.6937981247901917,0.8494470119476318,0.15114519000053406,0.007312756963074207,0.002776965033262968,0.02782631665468216,0.0,0.0,-0.008788057530283708,0.13049290813037118,0.04399877658337197,0.6116497649493343,-1.121265577588303,0.015067415582674975
149523,149,0.03818853572010994,0.6181096434593201,0.03733515739440918,0.6137401461601257,-1.1266435384750366,0.1891005039215088,-1.0765374898910522,0.18437331914901733,0.13190123438835144,0.010003027506172657,0.010005959309637547,0.029597966000437737,0.9699821472167969,0.781583309173584,0.6906915903091431,0.8500744700431824,0.1486784815788269,0.007328847423195839,0.002852772595360875,0.025829287245869637,0.0,0.0,-0.014171140573912958,0.12061324220966302,0.032786120807486836,0.6118004391051612,-1.121265577588303,0.015067415582674975
149524,149,0.027198204770684242,0.6200436949729919,0.02667897567152977,0.6154335141181946,-1.0803780555725098,0.1932443082332611,-1.063567042350769,0.15231145918369293,0.12969762086868286,0.010002661496400833,0.01000523753464222,0.02710382081568241,0.9737415313720703,0.7810869216918945,0.6876160502433777,0.8505325317382812,0.1462314873933792,0.007785215973854065,0.0027740502264350653,0.023257428780198097,0.0,0.0,-0.0085904360336252,0.1181644437237061,0.02171171216944745,0.6117028321673629,-1.0856337688408215,-0.04892453811485471
149525,149,0.01626255363225937,0.6211480498313904,0.01575588434934616,0.6164692640304565,-1.0866516828536987,0.061626385897397995,-1.0980250835418701,0.07751627266407013,0.1267332136631012,0.010002338327467442,0.010004602372646332,0.025471951812505722,0.9776132702827454,0.7809819579124451,0.6843828558921814,0.8507252335548401,0.14455053210258484,0.00808423850685358,0.002386978827416897,0.02158132754266262,0.0,0.0,-0.014235202633764064,0.11116575120456763,0.010855374481038486,0.6112135867862145,-1.0856337688408224,-0.048924538114801845
149526,149,0.0046287719160318375,0.621415376663208,0.004602236207574606,0.6167922019958496,-1.2124520540237427,0.008162040263414383,-1.115460753440857,0.005433201789855957,0.12441586703062057,0.010002052411437035,0.010004044510424137,0.023518120869994164,0.9816560745239258,0.7809512615203857,0.6810262799263,0.8508943915367126,0.1418728232383728,0.008058957755565643,0.002401509089395404,0.01992647349834442,0.0,0.0,0.001790253385223161,0.1121782580976096,0.00011691116769110225,0.6105651544329017,-1.0447034592521818,-0.10420009779233382
149527,149,-0.007212778553366661,0.6215776205062866,-0.006396518554538488,0.6168525815010071,-1.1808388233184814,0.005910058505833149,-1.1129932403564453,-0.008995603770017624,0.13129232823848724,0.010001803748309612,0.010003551840782166,0.021818574517965317,0.9848831295967102,0.7808787226676941,0.6779106259346008,0.851075291633606,0.14400625228881836,0.007978091947734356,0.00270508648827672,0.01853889785706997,0.0,0.0,0.0069534051466738234,0.1331226301137064,-0.010330123424832676,0.6095231534549782,-1.0447034592521822,-0.10420009779233382
149528,149,-0.018057825043797493,0.6218858957290649,-0.01747944951057434,0.6168884634971619,-1.034818172454834,0.024472620338201523,-1.1296244859695435,-0.009919979609549046,0.13125719130039215,0.010001584887504578,0.010003119707107544,0.020340092480182648,0.9879018068313599,0.780806839466095,0.6750796437263489,0.8512220978736877,0.14467796683311462,0.008028627373278141,0.0028693012427538633,0.017262352630496025,0.0,0.0,0.004443981617460975,0.13107393698579936,-0.020690253406756197,0.6083936268383116,-0.9984746488223865,-0.15075926344976232
149529,149,-0.027975333854556084,0.6221023797988892,-0.028890788555145264,0.6167016625404358,-0.9570688009262085,0.01826460100710392,-1.1378775835037231,-0.023157572373747826,0.12796416878700256,0.010001392103731632,0.0100027434527874,0.019055746495723724,0.9910387992858887,0.7807877659797668,0.6725025773048401,0.8513206839561462,0.14159369468688965,0.008123684674501419,0.0030892326030880213,0.016077322885394096,0.0,0.0,-0.002272135602451855,0.11063909586364115,-0.030674999894980744,0.6068860342038136,-0.9984746488223865,-0.1507592634498152
149530,149,-0.03704003989696503,0.6221126914024353,-0.03976704180240631,0.616479218006134,-0.8661168217658997,-0.01175771839916706,-1.0217591524124146,-0.02121766097843647,0.12330698221921921,0.010001223534345627,0.010002411901950836,0.017931442707777023,0.9941412210464478,0.7807860970497131,0.6702343225479126,0.8514208793640137,0.13588613271713257,0.008012454956769943,0.003343695541843772,0.01522078551352024,0.0,0.0,-0.005190825004615559,0.09868010897463478,-0.04061440853875365,0.605345144475953,-0.9511215434480318,-0.1855364080125649
149531,149,-0.0450839065015316,0.6222443580627441,-0.04884898662567139,0.6164355874061584,-0.765142560005188,0.021795604377985,-0.8181375861167908,0.0002612117677927017,0.11712082475423813,0.010001075454056263,0.010002119466662407,0.016949791461229324,0.9973678588867188,0.7809199690818787,0.6678847074508667,0.8513444662094116,0.13084827363491058,0.008482255972921848,0.0029578120447695255,0.014062998816370964,0.0,0.0,-0.004853212348058392,0.083966900594028,-0.05008388191426976,0.603459124125081,-0.9469473375514328,-0.1886020350871931
149532,149,-0.053708516061306,0.6215928792953491,-0.05680137872695923,0.615866482257843,-0.8921048045158386,-0.09284962713718414,-0.7434078454971313,-0.06737172603607178,0.10914409905672073,0.010000945068895817,0.010001864284276962,0.016626635566353798,1.0009220838546753,0.7813166379928589,0.6654451489448547,0.8511111736297607,0.12302400916814804,0.008648688904941082,0.0029899245128035545,0.013569371774792671,0.0,0.0,-0.014335009872762535,0.06568015881226393,-0.059553355289782485,0.6015731037742095,-0.9217848711986492,-0.2014991934301282
149533,149,-0.062449607998132706,0.6204429864883423,-0.06373368203639984,0.61512291431427,-0.8648815751075745,-0.13526351749897003,-0.6648329496383667,-0.08810335397720337,0.1052696704864502,0.010000833310186863,0.01000163983553648,0.01580842211842537,1.0043915510177612,0.7819382548332214,0.6628900766372681,0.8507103323936462,0.11795105040073395,0.009009637869894505,0.0026458657812327147,0.012682029977440834,0.0,0.0,-0.0006267097565161722,0.08386257464474393,-0.06846139646755321,0.599399318311142,-0.8901215254393259,-0.2177284127045204
149534,149,-0.07178673893213272,0.6185758113861084,-0.07049722224473953,0.6137077808380127,-0.9703963398933411,-0.2173822671175003,-0.6874608397483826,-0.17617985606193542,0.10130977630615234,0.010000733658671379,0.010001440532505512,0.015093913301825523,1.007718563079834,0.782710611820221,0.660381555557251,0.8502466678619385,0.11251737177371979,0.009065642952919006,0.0029432179871946573,0.01200883835554123,0.0,0.0,0.0032161721115891682,0.07916058352389373,-0.07736261172194707,0.5972220341840964,-0.8901215254393259,-0.21772841270457324
149535,149,-0.08061549067497253,0.6164595484733582,-0.07762889564037323,0.6119278073310852,-0.8339319825172424,-0.23245154321193695,-0.7750161290168762,-0.2064378708600998,0.10061075538396835,0.013571396470069885,0.010001265443861485,0.014467675238847733,1.0104568004608154,0.7831296920776367,0.658285915851593,0.8496805429458618,0.10845354199409485,0.01190386712551117,0.00332125136628747,0.011364617384970188,0.0,0.0,0.014077044108720762,0.0966844338421079,-0.08571217053969685,0.594863511854356,-0.8279972124860627,-0.23813839630184996
149536,149,-0.0880114808678627,0.6140379309654236,-0.08577285706996918,0.6096305847167969,-0.6787132620811462,-0.2620382606983185,-0.8480337262153625,-0.26191261410713196,0.09707088768482208,0.015094952657818794,0.010001109912991524,0.013920030556619167,1.012986183166504,0.7840070128440857,0.6562944650650024,0.8488954901695251,0.1057024598121643,0.013823875226080418,0.00311942957341671,0.010633633472025394,0.0,0.0,0.015327645010709434,0.07704480643186068,-0.09399214266455702,0.5924821278913376,-0.8279972124860627,-0.23813839630184996
149537,149,-0.09528061002492905,0.610716700553894,-0.09475097805261612,0.6063094735145569,-0.7377157211303711,-0.36529824137687683,-0.9038194417953491,-0.36694884300231934,0.09048143029212952,0.018650712445378304,0.010000973008573055,0.013439713045954704,1.0156482458114624,0.7845275402069092,0.6545441150665283,0.8483918309211731,0.09877478331327438,0.015572832897305489,0.003533164272084832,0.010873787105083466,0.0,0.0,0.019181244938664507,0.05278201484527755,-0.10174083111555463,0.5900085998470853,-0.7605743986916399,-0.24983198587912894
149538,149,-0.10145266354084015,0.6087691187858582,-0.10278081148862839,0.6033802628517151,-0.5804423689842224,-0.12005597352981567,-0.7576468586921692,-0.2692943811416626,0.08610062301158905,0.03346584737300873,0.010000854730606079,0.013018791563808918,1.0182958841323853,0.7834768891334534,0.6526996493339539,0.8478498458862305,0.09431140124797821,0.026953313499689102,0.0030755975749343634,0.01018532831221819,0.0,0.0,0.03585193473461244,0.06067783474140928,-0.10934657510247155,0.5875102799882939,-0.7605743986916399,-0.24983198587907607
149539,149,-0.1083313450217247,0.6066164374351501,-0.1104089766740799,0.6003338098526001,-0.7267794609069824,-0.23227927088737488,-0.7128058671951294,-0.28154394030570984,0.0786743089556694,0.03044835850596428,0.010000751353800297,0.012649759650230408,1.0210802555084229,0.7842070460319519,0.6509319543838501,0.8473739624023438,0.08656366169452667,0.026430219411849976,0.003476489568129182,0.010044753551483154,0.0,0.0,-0.0025523999476667093,0.03492009196349195,-0.11645200517998869,0.5849914773816897,-0.6878530840560638,-0.25280918143635733
149540,149,-0.11452745646238327,0.6047037839889526,-0.11645045876502991,0.5982235670089722,-0.5674455165863037,-0.18419139087200165,-0.5463835597038269,-0.18276306986808777,0.075505830347538,0.028226014226675034,0.010000661015510559,0.01232616975903511,1.0233266353607178,0.7849903702735901,0.6495663523674011,0.8471224308013916,0.08063666522502899,0.023885270580649376,0.0037307424936443567,0.010147349908947945,0.0,0.0,0.013047212691299607,0.056570973212578035,-0.12333053602054894,0.5824633855673261,-0.6878530840560572,-0.25280918143635733
149541,149,-0.11947637796401978,0.603717565536499,-0.12112115323543549,0.5969127416610718,-0.456268310546875,-0.05832316726446152,-0.4234577715396881,-0.10539994388818741,0.0693214163184166,0.02591138891875744,0.010000580921769142,0.012042265385389328,1.0255120992660522,0.7857485413551331,0.6482161283493042,0.8467283248901367,0.07521460205316544,0.022839050740003586,0.003643653355538845,0.009437884204089642,0.0,0.0,0.004175950659028677,0.031919079786068796,-0.1297503197178565,0.5799690395505304,-0.6098332685793347,-0.24706998297353513
149542,149,-0.12445929646492004,0.6018700003623962,-0.12553276121616364,0.5953869819641113,-0.4881410300731659,-0.23312243819236755,-0.41351214051246643,-0.1570730209350586,0.06141413003206253,0.02390402927994728,0.010000509209930897,0.01738373376429081,1.02812659740448,0.7870913743972778,0.6466259360313416,0.8455988764762878,0.0688532143831253,0.021983250975608826,0.0031671749893575907,0.01313394121825695,0.0,0.0,-0.018197630152980794,0.01261623102304748,-0.1358486524036502,0.5774983397207946,-0.6098332685793347,-0.24706998297358798
149543,149,-0.13048744201660156,0.5984355211257935,-0.1298443078994751,0.5930789709091187,-0.6542934775352478,-0.3982497453689575,-0.4110964238643646,-0.26707905530929565,0.055132027715444565,0.022157369181513786,0.010000447742640972,0.0164711382240057,1.0307828187942505,0.7886147499084473,0.6450633406639099,0.8448097705841064,0.06130906939506531,0.02024754509329796,0.0034774665255099535,0.012752027250826359,0.0,0.0,0.006381637906428376,0.015637855228072504,-0.1415404017140188,0.5750981814459677,-0.5265149522614327,-0.2326143904907152
149544,149,-0.136042058467865,0.5951199531555176,-0.1335124969482422,0.5906153917312622,-0.5209418535232544,-0.3265113830566406,-0.39541879296302795,-0.2750527560710907,0.053315579891204834,0.03135043382644653,0.010000391863286495,0.01567339152097702,1.0329116582870483,0.7889376282691956,0.6435545086860657,0.8439092636108398,0.05822572857141495,0.027080047875642776,0.0032783253118395805,0.011854005977511406,0.0,0.0,0.032854134974612766,0.04176035222111642,-0.14680555123663416,0.5727720375410602,-0.5265149522614327,-0.2326143904907152
149545,149,-0.14164748787879944,0.591383695602417,-0.13835664093494415,0.5871644616127014,-0.5754511952400208,-0.3950393497943878,-0.545267641544342,-0.38771772384643555,0.04918697476387024,0.030377525836229324,0.01000034250319004,0.014975332655012608,1.03493070602417,0.7900173664093018,0.6421496868133545,0.8432426452636719,0.054181572049856186,0.02651672437787056,0.0035028692800551653,0.011856083758175373,0.0,0.0,0.0237603547070189,0.022710491294735388,-0.1517268781533339,0.5705357981603627,-0.43789813510238434,-0.20944240398784464
149546,149,-0.14663821458816528,0.588761568069458,-0.14373311400413513,0.5836918950080872,-0.4794524312019348,-0.2005743533372879,-0.5644311308860779,-0.3384438753128052,0.0470237135887146,0.035966068506240845,0.010000300593674183,0.014363414607942104,1.0367794036865234,0.7901443243026733,0.6408022046089172,0.8428030014038086,0.051534608006477356,0.029981855303049088,0.0033846909645944834,0.011480594985187054,0.0,0.0,0.03686437031448701,0.033050621239559645,-0.15610585950435812,0.5684413741204845,-0.43789813510239756,-0.20944240398784464
149547,149,-0.15157882869243622,0.5869596004486084,-0.14973056316375732,0.5805633068084717,-0.5031313896179199,-0.158930242061615,-0.6147713661193848,-0.2748498022556305,0.04345265403389931,0.03260982036590576,0.010000262409448624,0.013828577473759651,1.0385609865188599,0.7909318208694458,0.6395770311355591,0.8423940539360046,0.04770820960402489,0.02869441732764244,0.0037013799883425236,0.010928469710052013,0.0,0.0,0.008487241577355698,0.0201437037913227,-0.16021437602066105,0.5664387847860761,-0.3439828171021762,-0.17755402346492352
149548,149,-0.15584580600261688,0.5851332545280457,-0.15574674308300018,0.5783582925796509,-0.3674801290035248,-0.19955645501613617,-0.5872897505760193,-0.18501411378383636,0.041213542222976685,0.029714131727814674,0.010000229813158512,0.013360438868403435,1.040055751800537,0.7919352054595947,0.6385506391525269,0.8420390486717224,0.04518615081906319,0.025916628539562225,0.0036338716745376587,0.010805719532072544,0.0,0.0,0.0018475525404621287,0.02645561191023229,-0.16365420419168358,0.564663244551427,-0.3439828171021894,-0.17755402346487065
149549,149,-0.1596926748752594,0.5836519002914429,-0.16121365129947662,0.5767998099327087,-0.39805352687835693,-0.11066100001335144,-0.48924461007118225,-0.12956586480140686,0.03713643178343773,0.02720835618674755,0.010000196285545826,0.012950262986123562,1.0416603088378906,0.79267418384552,0.6375345587730408,0.8418126106262207,0.04142598807811737,0.02358504757285118,0.003747384063899517,0.010466895997524261,0.0,0.0,0.007752375690597536,0.007914006894117996,-0.16690752230085934,0.5629640364154687,-0.2447689982608348,-0.13694924892189891
149550,149,-0.1633141040802002,0.582550585269928,-0.16532646119594574,0.5757863521575928,-0.33749279379844666,-0.10865277796983719,-0.34419190883636475,-0.08164775371551514,0.034282173961400986,0.02503317967057228,0.01000017300248146,0.01259035523980856,1.0430908203125,0.7932602763175964,0.6366512775421143,0.8416893482208252,0.03823622688651085,0.02132054790854454,0.003781653009355068,0.01042164396494627,0.0,0.0,-0.005799366192356513,0.015105123607246695,-0.16935521228346784,0.5615945439262496,-0.2447689982608348,-0.13694924892189891
149551,149,-0.16657640039920807,0.5820010900497437,-0.1680387556552887,0.5752648711204529,-0.31969690322875977,-0.01770690269768238,-0.21547333896160126,-0.0303269624710083,0.031150871887803078,0.023137671872973442,0.010000155307352543,0.012273800559341908,1.0443321466445923,0.7933993339538574,0.6359621286392212,0.8418841361999512,0.034683432430028915,0.018851766362786293,0.00406692735850811,0.01058523915708065,0.0,0.0,-0.006995803769130452,0.008384471866529887,-0.1717109439787879,0.5602684481409016,-0.14872317780618385,-0.09162356755906952
149552,149,-0.16900330781936646,0.5827566981315613,-0.1694324016571045,0.575639545917511,-0.19919134676456451,0.13025620579719543,-0.10135054588317871,0.0803074836730957,0.028446169570088387,0.021490270271897316,0.0100001385435462,0.020510613918304443,1.0453357696533203,0.7930780649185181,0.6354624032974243,0.8417472243309021,0.031737346202135086,0.0171170886605978,0.004156266339123249,0.017351729795336723,0.0,0.0,-0.021743434681011295,0.009303805140218523,-0.1731135107645713,0.5593921673373128,-0.1402566785783205,-0.08762808035882373
149553,149,-0.17086760699748993,0.584241509437561,-0.17035679519176483,0.5767822265625,-0.16024622321128845,0.1749121993780136,-0.07726053893566132,0.15552407503128052,0.026099402457475662,0.020053334534168243,0.010000123642385006,0.04396055266261101,1.0461682081222534,0.7923872470855713,0.6350481510162354,0.8409762382507324,0.02934334985911846,0.015196352265775204,0.004158230498433113,0.0367264561355114,0.0,0.0,-0.04768649495801236,-0.006833602455279891,-0.17451607755035436,0.5585158865337241,-0.09165460465575853,0.22139257817836247
149554,149,-0.17245185375213623,0.5866659283638,-0.17108264565467834,0.5789088606834412,-0.1499280035495758,0.2883053421974182,-0.071045882999897,0.2619049549102783,0.02406664378941059,0.018802819773554802,0.010000109672546387,0.045440807938575745,1.0472869873046875,0.7914959788322449,0.6342284679412842,0.8414260745048523,0.028495127335190773,0.014348972588777542,0.003416910534724593,0.03909649699926376,0.0,0.0,-0.045711301225432585,-0.009662391532837624,-0.17483422086211475,0.5645345636821294,-0.03049588318328916,0.6102506424418167
149555,149,-0.17578445374965668,0.5892582535743713,-0.172716423869133,0.5814391374588013,-0.4319256842136383,0.2800244092941284,-0.2117275446653366,0.2875667214393616,0.022299226373434067,0.017711171880364418,0.010000097565352917,0.05405768007040024,1.0483202934265137,0.790205717086792,0.6335113644599915,0.8420311808586121,0.025728389620780945,0.012280452065169811,0.004227977246046066,0.04716825857758522,0.0,0.0,-0.05568467481713056,-0.008705295155304181,-0.17513917969394777,0.5706370701065473,-0.030495883183302375,0.6102506424417637
149556,149,-0.1779365837574005,0.5936835408210754,-0.17440171539783478,0.585839569568634,-0.1261219084262848,0.5041507482528687,-0.2037222981452942,0.49943217635154724,0.03887741267681122,0.016757933422923088,0.010000089183449745,0.053497862070798874,1.046863079071045,0.7886638045310974,0.6330941319465637,0.8430330157279968,0.03853592649102211,0.01210764329880476,0.00411306181922555,0.0467294342815876,0.0,0.0,-0.04993019855161936,0.041715818700984605,-0.174424646881807,0.5756219267503675,0.08431328740960922,0.4843874781065452
149557,149,-0.1793573945760727,0.5977245569229126,-0.17723366618156433,0.5904644131660461,-0.11372727155685425,0.36767202615737915,-0.3010099232196808,0.4573008120059967,0.03511670604348183,0.015924083068966866,0.010000080801546574,0.07788779586553574,1.0468519926071167,0.7873253226280212,0.6331015229225159,0.8428316712379456,0.03702989220619202,0.01127045601606369,0.0048988619819283485,0.06542353332042694,0.0,0.0,-0.0829763291125013,0.0019228794915551219,-0.17358151400771096,0.5804658015314326,0.08431328740960922,0.4843874781065981
149558,149,-0.1789117008447647,0.6015020608901978,-0.17970266938209534,0.5952171087265015,0.14493024349212646,0.35473376512527466,-0.22187890112400055,0.45819714665412903,0.031868938356637955,0.015193451195955276,0.010000071488320827,0.07576253265142441,1.0469802618026733,0.7862735986709595,0.6335075497627258,0.8434281349182129,0.033709701150655746,0.011597701348364353,0.004890960641205311,0.06487254798412323,0.0,0.0,-0.06307931883023256,0.006630970736004584,-0.17179431226209094,0.5843531328578926,0.20412080807174518,0.362996864393302
149559,149,-0.17762582004070282,0.6039977669715881,-0.1811995655298233,0.5989723205566406,0.14331577718257904,0.19546718895435333,-0.04102560877799988,0.33172255754470825,0.029067590832710266,0.014555064961314201,0.026299405843019485,0.07375788688659668,1.0468342304229736,0.7855096459388733,0.6335626244544983,0.8441818356513977,0.03046192042529583,0.010677923448383808,0.01238048356026411,0.0639224499464035,0.0,0.0,-0.06170402950988897,-0.028793455889255543,-0.16975310418137338,0.5879831015018254,0.20412080807174518,0.36299686439324913
149560,149,-0.17559944093227386,0.6067582368850708,-0.1796846091747284,0.6022403240203857,0.22393953800201416,0.3024134039878845,0.27199000120162964,0.29677119851112366,0.026640789583325386,0.013995882123708725,0.026148419827222824,0.0686156153678894,1.0466697216033936,0.7847470641136169,0.6340661644935608,0.8449675440788269,0.028263863176107407,0.010786131024360657,0.01238048356026411,0.05912857502698898,0.0,0.0,-0.03741806399999297,-0.025107881124860277,-0.16685324670171975,0.5908086879159016,0.32892667880310555,0.24607880130187548
149561,149,-0.17385613918304443,0.6087512969970703,-0.176540344953537,0.6043872237205505,0.17486050724983215,0.1575491726398468,0.3732337951660156,0.18131883442401886,0.024536455050110817,0.013506281189620495,0.03325974941253662,0.06661210209131241,1.0465538501739502,0.7842954397201538,0.6342591643333435,0.8455199003219604,0.026438184082508087,0.01040005125105381,0.015293043106794357,0.05698756128549576,0.0,0.0,-0.054329135275074394,-0.03443496066820073,-0.16356397991368923,0.5932694759289199,0.32892667880310555,0.24607880130187548
149562,149,-0.17255079746246338,0.6103674173355103,-0.17238980531692505,0.6058810949325562,0.10155995190143585,0.16232237219810486,0.45139339566230774,0.12671233713626862,0.022706808522343636,0.01307701040059328,0.03183097764849663,0.06196781247854233,1.0465095043182373,0.7838243842124939,0.6345990896224976,0.8461248874664307,0.02454470843076706,0.010145296342670918,0.01494270097464323,0.05317917466163635,0.0,0.0,-0.0332600209667631,-0.022167816339680096,-0.15951147989944908,0.595069097835587,0.45873089960370345,0.1336332888324772
149563,149,-0.17138218879699707,0.6118226647377014,-0.16804739832878113,0.6070206165313721,0.14231792092323303,0.12629489600658417,0.3760427236557007,0.10293441265821457,0.02111414074897766,0.012700586579740047,0.02903290092945099,0.05822267383337021,1.0463119745254517,0.7836026549339294,0.6351548433303833,0.8465198278427124,0.022684236988425255,0.010311657562851906,0.013960771262645721,0.049231331795454025,0.0,0.0,-0.034814815532964734,-0.004256265955327038,-0.15492417090341173,0.5964054307239115,0.45873089960370345,0.1336332888324243
149564,149,-0.16965554654598236,0.6123806834220886,-0.16537028551101685,0.607698380947113,0.20302145183086395,0.00879015401005745,0.1929265260696411,0.04215247184038162,0.01972655951976776,0.012370518408715725,0.026609860360622406,0.05450030416250229,1.0455374717712402,0.7834319472312927,0.6362804174423218,0.846953272819519,0.020051319152116776,0.00960545800626278,0.013928116299211979,0.04663848876953125,0.0,0.0,-0.03099446922434247,-0.0017828569959062839,-0.14967904155402995,0.5972148685281453,0.593533470473539,0.02566032698489561
149565,149,-0.1655711978673935,0.6134034991264343,-0.16300539672374725,0.6086017489433289,0.5115513801574707,0.12082109600305557,0.23603807389736176,0.08065980672836304,0.018517903983592987,0.012081380002200603,0.02451043389737606,0.049067940562963486,1.0442744493484497,0.7832092046737671,0.6378524303436279,0.8473958969116211,0.01836317963898182,0.00975071545690298,0.013204153627157211,0.04186374694108963,0.0,0.0,-0.014269772986421307,-0.001952764930676476,-0.14374370684929488,0.5974714717979945,0.5935334704735258,0.025660326984948478
149566,149,-0.16023334860801697,0.6139628887176514,-0.1608702838420868,0.6088879108428955,0.5780973434448242,0.02818458527326584,0.22805558145046234,0.00915210135281086,0.017459753900766373,0.011827021837234497,0.04043900594115257,0.04700993746519089,1.0428844690322876,0.7836458086967468,0.6388448476791382,0.8471987247467041,0.017218220978975296,0.011116409674286842,0.02045499160885811,0.03784620016813278,0.0,0.0,-0.03373151734494435,-0.042879355836629995,-0.137265961364219,0.5973265059047702,0.7333343914125989,-0.07784008424071062
149567,149,-0.1550268530845642,0.6120058298110962,-0.15828098356723785,0.6078794002532959,0.5146187543869019,-0.30951938033103943,0.3554587662220001,-0.15074053406715393,0.016537724062800407,0.011604410596191883,0.04706288501620293,0.04379841685295105,1.041261911392212,0.7845976948738098,0.6402591466903687,0.8468847274780273,0.015922492370009422,0.010193541646003723,0.024388324469327927,0.03617137670516968,0.0,0.0,-0.022859917275829488,-0.04826424639707462,-0.12993261745009252,0.5965481050623633,0.7333343914125989,-0.07784008424065775
149568,149,-0.14901255071163177,0.6102224588394165,-0.15262341499328613,0.6066166758537292,0.6199501752853394,-0.14132682979106903,0.6802789568901062,-0.16598138213157654,0.015731366351246834,0.026898887008428574,0.045188844203948975,0.03934503346681595,1.0394996404647827,0.7833866477012634,0.6421485543251038,0.8467195630073547,0.014637608081102371,0.021243276074528694,0.02424781396985054,0.032492488622665405,0.0,0.0,0.029252190727823788,-0.03299786056152681,-0.12218226902876798,0.5954845158766563,0.8781336624208899,-0.1768679448443415
149569,149,-0.14227358996868134,0.6087415218353271,-0.14495855569839478,0.6045807003974915,0.7132902145385742,-0.15053705871105194,0.8260793685913086,-0.23044122755527496,0.01502593420445919,0.02476026676595211,0.044838421046733856,0.03551867976784706,1.0373814105987549,0.7840915322303772,0.6443360447883606,0.8463327288627625,0.013132892549037933,0.022138522937893867,0.024893995374441147,0.028704792261123657,0.0,0.0,0.0037225587450756097,-0.0425512728275947,-0.11340093240455745,0.5937158364282124,0.8781336624208899,-0.1768679448443415
149570,149,-0.13428951799869537,0.606200098991394,-0.13626982271671295,0.6018446087837219,0.8792739510536194,-0.31981104612350464,0.915184736251831,-0.2999993562698364,0.01440808642655611,0.022900989279150963,0.05018337070941925,0.032219260931015015,1.0347926616668701,0.7853509187698364,0.646747350692749,0.845931887626648,0.011950626969337463,0.020202577114105225,0.028217876330018044,0.026413150131702423,0.0,0.0,0.0038336605952172115,-0.0511456119707839,-0.10433799424643149,0.5917694043549984,1.0279312834984118,-0.27142325482615565
149571,149,-0.1250484436750412,0.6038841605186462,-0.12635020911693573,0.5989437699317932,0.9518628716468811,-0.19115328788757324,1.040086030960083,-0.29384735226631165,0.013867239467799664,0.027766820043325424,0.06727688014507294,0.02937019057571888,1.0318588018417358,0.785576343536377,0.649044394493103,0.8456408977508545,0.010587298311293125,0.023228388279676437,0.0379212386906147,0.02399294078350067,0.0,0.0,0.0285362407547358,-0.07064807398629797,-0.09405868141144665,0.5890551718067372,1.0279312834984118,-0.2714232548261028
149572,149,-0.11468911170959473,0.6020115613937378,-0.11549888551235199,0.5962197184562683,1.0918971300125122,-0.1838286817073822,1.1136653423309326,-0.2526152729988098,0.013393579982221127,0.025514008477330208,0.07640501856803894,0.02690446563065052,1.028647780418396,0.7865056395530701,0.6517638564109802,0.8451966047286987,0.009787565097212791,0.022778891026973724,0.043663978576660156,0.021635524928569794,0.0,0.0,0.007930015187997366,-0.0783594257924501,-0.08364316671596467,0.5862616772509915,1.1701872978805388,-0.35420844759397646
149573,149,-0.10379444062709808,0.5995602011680603,-0.10438798367977142,0.59355628490448,1.1050703525543213,-0.2752557694911957,1.1293522119522095,-0.2634677290916443,0.012978319078683853,0.023557083681225777,0.09201992303133011,0.02476486749947071,1.0251051187515259,0.7876091003417969,0.654570460319519,0.8448396921157837,0.008589806035161018,0.020619818940758705,0.05365310609340668,0.02025851607322693,0.0,0.0,0.002959103341373285,-0.0955712190344781,-0.07181589416951073,0.5826466171091315,1.1827272546451713,-0.36150601418594164
149574,149,-0.09171798825263977,0.5976248383522034,-0.09236029535531998,0.5914824604988098,1.2559995651245117,-0.1611318290233612,1.233423113822937,-0.1890425682067871,0.012614567764103413,0.022349540144205093,0.09426265209913254,0.02290753275156021,1.0215314626693726,0.7885787487030029,0.6577756404876709,0.8443657755851746,0.008426484651863575,0.02002502791583538,0.05540494620800018,0.01830248162150383,0.0,0.0,0.013935193792565921,-0.0948058831077598,-0.05998862162305963,0.5790315569672722,1.2534841709393147,-0.3994142097181926
149575,149,-0.08001777529716492,0.5951389074325562,-0.0803801491856575,0.589099109172821,1.1363736391067505,-0.28042179346084595,1.2074873447418213,-0.24653661251068115,0.012295391410589218,0.0208045095205307,0.10993954539299011,0.021290458738803864,1.0177701711654663,0.7898908257484436,0.6607332229614258,0.8436832427978516,0.007151950150728226,0.01932876743376255,0.06608548760414124,0.016509531065821648,0.0,0.0,-0.008695512289370776,-0.11388341949359554,-0.046582600377506236,0.5745706782465906,1.3425215758611548,-0.447116222923858
149576,149,-0.0672759935259819,0.5917657017707825,-0.0678047239780426,0.586685836315155,1.3619210720062256,-0.39863890409469604,1.274720549583435,-0.2672286331653595,0.012015380896627903,0.019457850605249405,0.10711795091629028,0.01988152600824833,1.0135225057601929,0.7913797497749329,0.664632260799408,0.8429460525512695,0.006519618909806013,0.017805861309170723,0.06691431999206543,0.015740102156996727,0.0,0.0,0.0047267319287648685,-0.09155231717109072,-0.03315738461889377,0.5700995160173519,1.3425215758611548,-0.44711622292391084
149577,149,-0.05331505462527275,0.5886003375053406,-0.0545688271522522,0.583899736404419,1.4120845794677734,-0.2801092565059662,1.3563628196716309,-0.3053736388683319,0.011769704520702362,0.019311996176838875,0.11740665137767792,0.018652737140655518,1.0092896223068237,0.7927720546722412,0.6681795716285706,0.8420006036758423,0.006154200527817011,0.01851828023791313,0.0731862485408783,0.013905998319387436,0.0,0.0,0.018285243260492023,-0.1201107426031188,-0.01826882973418218,0.5649078611303078,1.5073142471463765,-0.5282538810398518
149578,149,-0.039566464722156525,0.5842503905296326,-0.041211556643247604,0.5799381136894226,1.3747121095657349,-0.5233346819877625,1.3547708988189697,-0.44134148955345154,0.011554038152098656,0.018155260011553764,0.12292302399873734,0.01757967099547386,1.0049304962158203,0.7947223782539368,0.6718328595161438,0.8408684134483337,0.005884271115064621,0.01764822192490101,0.07806668430566788,0.01316223107278347,0.0,0.0,-0.004308053271438433,-0.12440847423359223,-0.0031956872627191997,0.5596253223199097,1.5073142471463747,-0.5282538810398518
149579,149,-0.02570171467959881,0.5794702172279358,-0.026979081332683563,0.575442910194397,1.378139615058899,-0.46970227360725403,1.4577124118804932,-0.4789339303970337,0.01136480737477541,0.02708417922258377,0.12128111720085144,0.01664244942367077,1.00031578540802,0.7953581809997559,0.6759608387947083,0.8397881984710693,0.004954183008521795,0.024086087942123413,0.08030074089765549,0.01233045943081379,0.0,0.0,0.028492118828224028,-0.11251896582553213,0.013167383123319446,0.5537386716714797,1.671013178378493,-0.6049189885339232
149580,149,-0.010547063313424587,0.5750019550323486,-0.01174926944077015,0.5707634091377258,1.5890154838562012,-0.4556105136871338,1.5409365892410278,-0.48595088720321655,0.011198657564818859,0.02584042400121689,0.11891478300094604,0.01582285761833191,0.9953327178955078,0.7970603108406067,0.6804565191268921,0.8385472297668457,0.004613734781742096,0.024727148935198784,0.08046576380729675,0.011495097540318966,0.0,0.0,0.017273609695026802,-0.10623074357531596,0.029877514907105517,0.5476894817861404,1.6710131783784947,-0.6049189885339232
149581,149,0.005338924936950207,0.5699315071105957,0.003611734602600336,0.5654135346412659,1.6059077978134155,-0.5346872806549072,1.5553244352340698,-0.5578176379203796,0.011052761226892471,0.023881379514932632,0.12894977629184723,0.015105711296200752,0.9898688793182373,0.7990574836730957,0.6849275827407837,0.8374394178390503,0.0035996418446302414,0.02273768186569214,0.08954065293073654,0.011189793236553669,0.0,0.0,0.010327471303478317,-0.13168734222355377,0.04753869948101407,0.5411436157812985,1.8092500090681671,-0.6771115454061251
149582,149,0.02285880222916603,0.5653886198997498,0.020169386640191078,0.560326337814331,1.8226832151412964,-0.4318242073059082,1.7071589231491089,-0.5015503168106079,0.010924790054559708,0.023151658475399017,0.12889423966407776,0.014478625729680061,0.9840265512466431,0.8010197281837463,0.6899408102035522,0.8361169695854187,0.00331442104652524,0.022756613790988922,0.09196867048740387,0.010152481496334076,0.0,0.0,0.018076471148364512,-0.1286023201438335,0.06563119957169267,0.5343725003272393,1.8092500090681605,-0.6771115454060722
149583,149,0.04106791689991951,0.559829831123352,0.037447307258844376,0.5547891855239868,1.853352427482605,-0.6157242655754089,1.7876204252243042,-0.5690625905990601,0.010812290012836456,0.021501600742340088,0.1510189026594162,0.013928829692304134,0.9778855443000793,0.8036484122276306,0.6944611668586731,0.8343955874443054,0.0027585059870034456,0.02243838831782341,0.10835213959217072,0.009164470247924328,0.0,0.0,-0.0033695257554227087,-0.1574889813580154,0.08435098077099039,0.5272031993709625,1.9159326490930595,-0.7448315516562987
149584,149,0.059972893446683884,0.5526938438415527,0.05601651966571808,0.5486359596252441,1.9211173057556152,-0.7848309874534607,1.9204981327056885,-0.6581404209136963,0.010713553987443447,0.021268131211400032,0.15705302357673645,0.013447449542582035,0.9713237881660461,0.8063420057296753,0.699665367603302,0.832691490650177,0.0022814429830759764,0.02142547257244587,0.11680467426776886,0.009166509844362736,0.0,0.0,0.019634930559292996,-0.15894009176161467,0.10351030726192234,0.5197548838543996,1.915932649093066,-0.7448315516562987
149585,149,0.07997618615627289,0.5459837913513184,0.07640882581472397,0.5421821475028992,2.0236806869506836,-0.6316787600517273,2.0908334255218506,-0.676270604133606,0.01062682829797268,0.03986860811710358,0.16428744792938232,0.013025494292378426,0.9646432399749756,0.8065900802612305,0.7049900889396667,0.830989420413971,0.0021179879549890757,0.03580819070339203,0.12428634613752365,0.008621275424957275,0.0,0.0,0.042945084089325236,-0.16660162083505595,0.1230362515612957,0.5119979283516615,1.9910610984531851,-0.8080790072846027
149586,149,0.10018757730722427,0.5393726825714111,0.09741894900798798,0.5349960923194885,2.029881238937378,-0.6626108884811401,2.1172597408294678,-0.7313058376312256,0.01055069174617529,0.036801040172576904,0.17672863602638245,0.012655745260417461,0.9578248858451843,0.8088496327400208,0.7101942300796509,0.8292774558067322,0.001844748156145215,0.03626498207449913,0.1356111764907837,0.008405196480453014,0.0,0.0,0.01638944175239393,-0.1809120779366414,0.1429468625458266,0.5039171382788165,1.9910610984531851,-0.8080790072846027
149587,149,0.12061994522809982,0.5327571630477905,0.11869446188211441,0.5277265310287476,2.049562931060791,-0.6620818376541138,2.130845069885254,-0.71827232837677,0.010483923368155956,0.03420591726899147,0.17976368963718414,0.012332022190093994,0.9509772062301636,0.8116491436958313,0.7156194448471069,0.8275290131568909,0.0018910508370026946,0.03435513377189636,0.14071084558963776,0.007970008067786694,0.0,0.0,0.016758531809439717,-0.1808488161060417,0.1630265364199526,0.4956083086345943,2.0346353571485243,-0.8668539122909842
149588,149,0.14087219536304474,0.5257559418678284,0.13977141678333282,0.5204876661300659,2.0138556957244873,-0.7214031219482422,2.0940847396850586,-0.7189992666244507,0.010425123386085033,0.031298983842134476,0.18196456134319305,0.012047323398292065,0.9442000389099121,0.8147383332252502,0.7210316061973572,0.8255923390388489,0.001865968108177185,0.032400719821453094,0.14467447996139526,0.007452611345797777,0.0,0.0,0.011656787116085227,-0.18271803972806458,0.18337288999143933,0.4869397695116845,2.034635357148537,-0.8668539122909842
149589,149,0.16090798377990723,0.5179935097694397,0.16040916740894318,0.5131503343582153,1.998846173286438,-0.8124021887779236,2.0399813652038574,-0.7463105320930481,0.01037345640361309,0.029332485049962997,0.18088288605213165,0.011797464452683926,0.9375075697898865,0.8181672096252441,0.7264534831047058,0.8233200907707214,0.001962467795237899,0.03136852756142616,0.1459178626537323,0.006765787024050951,0.0,0.0,0.015954753443925676,-0.1758468815593391,0.20375385991500455,0.47811484613095173,2.046655425179096,-0.9211562666754433
149590,149,0.18056128919124603,0.5089197158813477,0.1802649348974228,0.5051267147064209,1.9509484767913818,-0.9670350551605225,1.952130675315857,-0.8428476452827454,0.010328134521842003,0.02887222170829773,0.17922532558441162,0.011578523553907871,0.9306347966194153,0.8213265538215637,0.7320387363433838,0.8213312029838562,0.0015336136566475034,0.02923002280294895,0.147982656955719,0.00743549969047308,0.0,0.0,0.025724547805543993,-0.17146767291603895,0.22422041416679456,0.4689032834641985,2.046655425179109,-0.9211562666754433
149591,149,0.2009466290473938,0.5014220476150513,0.20035968720912933,0.497330904006958,2.0390985012054443,-0.6568897366523743,1.9866671562194824,-0.7882095575332642,0.010288328863680363,0.044654130935668945,0.17611034214496613,0.011386421509087086,0.9240102767944336,0.8224705457687378,0.737434446811676,0.8190135955810547,0.00201557413674891,0.04348474368453026,0.14595989882946014,0.006135257892310619,0.0,0.0,0.04747015873199793,-0.16144818522063095,0.24465024661447587,0.45959804675193267,2.0271213025449013,-0.9709860704379535
149592,149,0.2200843244791031,0.49225643277168274,0.21875706315040588,0.4881860315799713,1.8859248161315918,-1.0255862474441528,1.8003900051116943,-0.9417828321456909,0.01025326643139124,0.04006923735141754,0.17567363381385803,0.011217347346246243,0.9174764156341553,0.8262155055999756,0.7426429986953735,0.8162851333618164,0.001908418838866055,0.04342876747250557,0.14731961488723755,0.005884271115064621,0.0,0.0,-0.004506701151740608,-0.17361944593228448,0.26492145963992625,0.4498881860475531,2.0271213025449146,-0.9709860704379535
149593,149,0.239090695977211,0.4818096458911896,0.236979678273201,0.4786759912967682,1.894331693649292,-1.078434944152832,1.8288557529449463,-0.9822295904159546,0.010222510434687138,0.0473090335726738,0.17070847749710083,0.011069145984947681,0.9108836650848389,0.8293071985244751,0.7479801177978516,0.813610315322876,0.001831246423535049,0.04806257411837578,0.14575500786304474,0.005918107461184263,0.0,0.0,0.048587105548857396,-0.14716499320952067,0.2851477210864055,0.4401384164087297,1.9801716321007776,-1.0126689515058789
149594,149,0.2581957280635834,0.47166621685028076,0.2556670904159546,0.4687480926513672,1.9003225564956665,-0.9876160621643066,1.877246618270874,-1.0237176418304443,0.010195506736636162,0.0546519011259079,0.16637711226940155,0.010939129628241062,0.9045279622077942,0.8321182131767273,0.7531298398971558,0.8107334971427917,0.0021875998936593533,0.05616658926010132,0.1425114870071411,0.005310375243425369,0.0,0.0,0.056044424090206824,-0.14560176094843244,0.3049080509788684,0.4299749831729428,1.9760329892459265,-1.0163433235785675
149595,149,0.27637162804603577,0.4606688320636749,0.27387550473213196,0.45763182640075684,1.7842849493026733,-1.1541364192962646,1.8047937154769897,-1.147470235824585,0.010171804577112198,0.05284764617681503,0.16252605617046356,0.01082505565136671,0.8983602523803711,0.8362532258033752,0.7580934762954712,0.8075997233390808,0.0022166159469634295,0.05714362859725952,0.14048783481121063,0.005010515917092562,0.0,0.0,0.041344490063914316,-0.14386034170706216,0.3246683808713266,0.41981154993715836,1.9394388932179674,-1.0344470675152253
149596,149,0.29410645365715027,0.4487326741218567,0.29185372591018677,0.44588902592658997,1.7641693353652954,-1.2290716171264648,1.786509394645691,-1.2022584676742554,0.010150953195989132,0.06397965550422668,0.1559155285358429,0.010724741034209728,0.8920472860336304,0.8392003774642944,0.7632170915603638,0.8047512769699097,0.0019373708637431264,0.06417155265808105,0.13739068806171417,0.005562266334891319,0.0,0.0,0.06615408180948776,-0.12357402513825322,0.3436122127516528,0.4092441807515635,1.8933904852821584,-1.0572280260972593
149597,149,0.31232377886772156,0.4382748603820801,0.3102341890335083,0.43441784381866455,1.817978858947754,-0.9601719379425049,1.8261011838912964,-1.1413764953613281,0.010132638737559319,0.07646891474723816,0.14936098456382751,0.010636681690812111,0.8859060406684875,0.8413693904876709,0.7682071924209595,0.8019120097160339,0.002246606396511197,0.07649344205856323,0.13203564286231995,0.005106436088681221,0.0,0.0,0.07912090137308395,-0.11678973128528311,0.3625461176044758,0.398671900490591,1.8933904852821584,-1.0572280260972593
149598,149,0.3297390043735504,0.42766430974006653,0.327580988407135,0.4226915240287781,1.7219123840332031,-1.085374355316162,1.701560378074646,-1.1442831754684448,0.01011656690388918,0.0708494707942009,0.14517799019813538,0.010559429414570332,0.8799006938934326,0.8452914357185364,0.7730042934417725,0.7989453673362732,0.0022320940624922514,0.07628796994686127,0.12909844517707825,0.0049660406075417995,0.0,0.0,0.036900373869323794,-0.12409326258693365,0.38046596952632017,0.38777628469460607,1.7791937906536368,-1.0936401779940284
149599,149,0.34685981273651123,0.4165664315223694,0.3443722724914551,0.41152042150497437,1.7052814960479736,-1.1284596920013428,1.664034366607666,-1.0961605310440063,0.010102435946464539,0.06847897171974182,0.13900768756866455,0.01049153134226799,0.8738915324211121,0.8496618866920471,0.7778033018112183,0.7959634065628052,0.002199205569922924,0.07368025183677673,0.12504781782627106,0.004858373198658228,0.0,0.0,0.054012545663014,-0.10755948848715177,0.3982579074328556,0.3768398829146673,1.7791937906536368,-1.0936401779940284
149600,149,0.3639093041419983,0.40529102087020874,0.3609844744205475,0.4007173180580139,1.6987131834030151,-1.1320618391036987,1.6552180051803589,-1.076887607574463,0.010089999064803123,0.06718656420707703,0.1334255337715149,0.010431796312332153,0.8679845333099365,0.8539535403251648,0.7825004458427429,0.7928714156150818,0.002351145027205348,0.07271848618984222,0.12054017186164856,0.0046048653312027454,0.0,0.0,0.0592766459862091,-0.1046587644765212,0.41490134587089567,0.36565180091327015,1.6334429053603086,-1.1255797792688487
149601,149,0.38054174184799194,0.39361777901649475,0.37731969356536865,0.3897126317024231,1.6437853574752808,-1.1855807304382324,1.6249085664749146,-1.1142597198486328,0.010079076513648033,0.0660180002450943,0.1286557912826538,0.010379348881542683,0.862194299697876,0.8583464026451111,0.7870662808418274,0.7896406650543213,0.0023337157908827066,0.07219534367322922,0.1170271560549736,0.004376437980681658,0.0,0.0,0.058838293415514206,-0.10375711286789294,0.4312357749245,0.3543960031205816,1.633442905360335,-1.1255797792688487
149602,149,0.3969171643257141,0.3814760446548462,0.39349186420440674,0.3783426880836487,1.6319283246994019,-1.2368873357772827,1.6111174821853638,-1.1591318845748901,0.010069471783936024,0.06626179069280624,0.12363335490226746,0.010333241894841194,0.8564717173576355,0.8628725409507751,0.7915462851524353,0.7861317992210388,0.0024073217064142227,0.07339926064014435,0.11312089115381241,0.0038913749158382416,0.0,0.0,0.06630974434549428,-0.0971441832583762,0.4463965424843087,0.34295123531874516,1.4628495935163697,-1.1530468299217729
149603,149,0.4129827618598938,0.36829832196235657,0.4093473553657532,0.36617976427078247,1.5980137586593628,-1.3670870065689087,1.577329397201538,-1.255689263343811,0.010061042383313179,0.07284220308065414,0.11952552199363708,0.01029278989881277,0.8506963849067688,0.8668549656867981,0.7960213422775269,0.7826078534126282,0.002207910642027855,0.07851062715053558,0.11040531098842621,0.004092446528375149,0.0,0.0,0.07422716171851296,-0.09757732394524099,0.46102503841947,0.3314207670195303,1.4628495935163697,-1.1530468299217465
149604,149,0.4292867183685303,0.35544103384017944,0.4254954755306244,0.3535998463630676,1.6289539337158203,-1.2512801885604858,1.6167436838150024,-1.2915242910385132,0.010053635574877262,0.09158935397863388,0.11586230248212814,0.010257242247462273,0.8449907898902893,0.869419276714325,0.8003676533699036,0.779076874256134,0.0023927907459437847,0.09485200047492981,0.10720858722925186,0.0038590366020798683,0.0,0.0,0.0958103467648381,-0.09611331480915389,0.47466225315573196,0.31975509382223255,1.2942609115783388,-1.1760413299527748
149605,149,0.4451352059841156,0.3426370620727539,0.4413187801837921,0.3401312828063965,1.565929889678955,-1.2812284231185913,1.5694377422332764,-1.3665844202041626,0.010047131218016148,0.08983179926872253,0.11437734216451645,0.010226038284599781,0.8395235538482666,0.8734383583068848,0.8044313192367554,0.7754669785499573,0.0026846961118280888,0.09910272806882858,0.10531128197908401,0.00378067372366786,0.0,0.0,0.07968414664252424,-0.10631067297526725,0.4876048622715162,0.30799468052270496,1.2942609115783388,-1.1760413299527748
149606,149,0.4602000415325165,0.32957953214645386,0.45664653182029724,0.3262922167778015,1.4681358337402344,-1.3143242597579956,1.5104295015335083,-1.3786991834640503,0.010041410103440285,0.0891415923833847,0.11263198405504227,0.010198581032454967,0.834129273891449,0.8778663873672485,0.808420717716217,0.772150456905365,0.00248581706546247,0.09745870530605316,0.10470108687877655,0.004174927249550819,0.0,0.0,0.08515286539076149,-0.10313649633481914,0.4997673138261404,0.2961438823349185,1.1343886236603582,-1.1945632793618277
149607,149,0.4753429591655731,0.3175729513168335,0.4719770550727844,0.31330612301826477,1.5094656944274902,-1.1553126573562622,1.5108433961868286,-1.2627156972885132,0.010036387480795383,0.09100300818681717,0.10989219695329666,0.010174473747611046,0.8289250135421753,0.8819643259048462,0.8122501969337463,0.768750011920929,0.002940299455076456,0.09992793202400208,0.10187667608261108,0.0037131241988390684,0.0,0.0,0.09143340949993543,-0.09489106339700287,0.5111112000627431,0.28419824954130163,1.1343886236603318,-1.1945632793618277
149608,149,0.4895363450050354,0.30499768257141113,0.4861961901187897,0.30050262808799744,1.3849908113479614,-1.29093599319458,1.3873775005340576,-1.2582100629806519,0.010031973011791706,0.08742259442806244,0.10974431782960892,0.010153303854167461,0.8239836096763611,0.8865868449211121,0.8158227801322937,0.7652828693389893,0.0030532001983374357,0.09804926812648773,0.10139071196317673,0.0037963425274938345,0.0,0.0,0.06668704836134577,-0.10893102550746965,0.5218686195878874,0.2721981067680047,0.9832327297624018,-1.2086126781489845
149609,149,0.5031834840774536,0.2923988997936249,0.4999106824398041,0.288301557302475,1.3375186920166016,-1.2410461902618408,1.3474410772323608,-1.2008333206176758,0.010028097778558731,0.0873769223690033,0.10796276479959488,0.010134709998965263,0.8192921280860901,0.8912602663040161,0.8192135691642761,0.7615946531295776,0.0033105185721069574,0.09867170453071594,0.09987851977348328,0.0031788707710802555,0.0,0.0,0.08711111861326079,-0.09813861809160637,0.531700946885512,0.260111979986515,0.983232729762349,-1.2086126781489845
149610,149,0.5160820484161377,0.27873215079307556,0.5126754641532898,0.2758617401123047,1.2720634937286377,-1.4341174364089966,1.2427676916122437,-1.260946273803711,0.010024689137935638,0.0862535610795021,0.10654596984386444,0.010118359699845314,0.8150693774223328,0.8961945176124573,0.8222265839576721,0.7577589154243469,0.004326276946812868,0.09778222441673279,0.09644122421741486,0.0033612633123993874,0.0,0.0,0.07970978728603366,-0.09870904941196718,0.5411230655333389,0.24799827303268007,0.8407932298844696,-1.2181895263141924
149611,149,0.5270614624023438,0.2649669945240021,0.5245445966720581,0.26293420791625977,0.9753190279006958,-1.3316185474395752,1.139066457748413,-1.316287636756897,0.01002169493585825,0.10594935715198517,0.10512065142393112,0.010104004293680191,0.8116603493690491,0.8992171883583069,0.8247324228286743,0.7539324164390564,0.004714296665042639,0.11336196213960648,0.09468486905097961,0.0029811658896505833,0.0,0.0,0.11078186622245392,-0.09720305476013152,0.5495309978321831,0.23581637776953956,0.8407932298844696,-1.2181895263142055
149612,149,0.5365370512008667,0.2511542737483978,0.5351618528366089,0.24954929947853088,0.9191336631774902,-1.4093480110168457,0.9855672717094421,-1.3534826040267944,0.010019066743552685,0.1046968549489975,0.0979568213224411,0.010091391392052174,0.8083941340446472,0.9033445715904236,0.8273453116416931,0.7500672340393066,0.004810001235455275,0.11783216893672943,0.08919431269168854,0.0031759466510266066,0.0,0.0,0.09772752180672153,-0.05772459332596633,0.557687546754851,0.22362488704014505,0.7070701240266409,-1.2232938238575042
149613,149,0.5456234216690063,0.2375667840242386,0.5443499684333801,0.23601195216178894,0.882942259311676,-1.3367594480514526,0.84227055311203,-1.3735309839248657,0.010016756132245064,0.11029990017414093,0.09134170413017273,0.010080310516059399,0.8052903413772583,0.9074098467826843,0.8298882246017456,0.7463600635528564,0.004932446870952845,0.12225516140460968,0.08321705460548401,0.0031808200292289257,0.0,0.0,0.11175125991843707,-0.05354213979811513,0.5647582479951166,0.21139194880157153,0.7070701240266409,-1.2232938238575042
149614,149,0.5543071627616882,0.2243197113275528,0.5520207285881042,0.22214891016483307,0.8529145121574402,-1.313209891319275,0.7101500630378723,-1.3905831575393677,0.010014723986387253,0.10914639383554459,0.08553408831357956,0.010070567950606346,0.8023155927658081,0.9117881059646606,0.8323097229003906,0.742657482624054,0.005049073603004217,0.12343879789113998,0.07781269401311874,0.003086310578510165,0.0,0.0,0.10280280013553009,-0.051842838721664286,0.5717189583447878,0.1991584547015898,0.5921901535381006,-1.2238743932254685
149615,149,0.5626113414764404,0.2110605090856552,0.5587649345397949,0.2082832157611847,0.812609851360321,-1.3297045230865479,0.6628491878509521,-1.372850775718689,0.010012938641011715,0.10782495141029358,0.08074697852134705,0.010062004439532757,0.7996893525123596,0.916483461856842,0.8343938589096069,0.7388526201248169,0.005732116289436817,0.12312642484903336,0.07222344726324081,0.0028955559246242046,0.0,0.0,0.10053799035682548,-0.052600241996018204,0.5775395924666752,0.18691919899380252,0.5820634121888099,-1.2239255707788672
149616,149,0.5695421695709229,0.19738054275512695,0.5650643706321716,0.19443963468074799,0.6242112517356873,-1.3751732110977173,0.6240518093109131,-1.3693903684616089,0.010011373087763786,0.10729019343852997,0.07649419456720352,0.010054495185613632,0.7975142598152161,0.9212833046913147,0.8361895084381104,0.7349039316177368,0.005822592880576849,0.12344871461391449,0.06839031726121902,0.002557571744546294,0.0,0.0,0.10432446687414128,-0.05110665435993618,0.5833602265885632,0.17467994328601377,0.530570066110892,-1.2221639080016775
149617,149,0.5757514238357544,0.1831117868423462,0.5711961984634399,0.18087701499462128,0.6202906966209412,-1.4734636545181274,0.6009183526039124,-1.3496237993240356,0.01000999379903078,0.11214455962181091,0.06946639716625214,0.010047887451946735,0.7954296469688416,0.9257897734642029,0.8379892706871033,0.7308163642883301,0.006150212604552507,0.1273065060377121,0.062084369361400604,0.0025915238074958324,0.0,0.0,0.11340679380702974,-0.02699532596852948,0.5880319263392185,0.16247999430558743,0.46577309437097664,-1.2199471087084592
149618,149,0.5813756585121155,0.1686602681875229,0.5770236253738403,0.1673251986503601,0.5191605091094971,-1.4221943616867065,0.5636002421379089,-1.3668311834335327,0.010008779354393482,0.1275557577610016,0.06382018327713013,0.010042074136435986,0.7936484813690186,0.9292228817939758,0.8395869731903076,0.7267336249351501,0.006285876035690308,0.14059671759605408,0.05690031126141548,0.002420885255560279,0.0,0.0,0.1316323046990038,-0.029171524674615965,0.5926896572829291,0.1502805232185014,0.46577309437097664,-1.2199471087084592
149619,149,0.5864500999450684,0.15427818894386292,0.582283079624176,0.15342313051223755,0.49775171279907227,-1.4385461807250977,0.4974874258041382,-1.4035898447036743,0.010007714852690697,0.12790130078792572,0.05743536353111267,0.010036970488727093,0.7919148206710815,0.9332395195960999,0.8411664366722107,0.7228747606277466,0.0063477689400315285,0.14436553418636322,0.051282960921525955,0.002881941618397832,0.0,0.0,0.12799835656020828,-0.017545161332404254,0.5963921447051078,0.1381622080579328,0.35819917057324685,-1.2108078041667532
149620,149,0.5913053750991821,0.14096036553382874,0.5871530175209045,0.1394510716199875,0.4632660746574402,-1.2645350694656372,0.46327242255210876,-1.4015061855316162,0.010006779804825783,0.132970929145813,0.05194512754678726,0.010032491758465767,0.7904460430145264,0.9371022582054138,0.842502772808075,0.719192624092102,0.006734740920364857,0.14908772706985474,0.04600298032164574,0.002652660245075822,0.0,0.0,0.13443465064140284,-0.01704826061096658,0.59997413641084,0.12605413001626672,0.35819917057324685,-1.2108078041667598
149621,149,0.5952935218811035,0.12784343957901,0.5910933017730713,0.12524060904979706,0.368290513753891,-1.3286235332489014,0.35900944471359253,-1.3992408514022827,0.010005960240960121,0.1293558031320572,0.04708874970674515,0.010028554126620293,0.789259672164917,0.941459059715271,0.8436333537101746,0.7155055403709412,0.007038494572043419,0.14828374981880188,0.04127945378422737,0.0027759934309870005,0.0,0.0,0.11044200012576735,-0.015750517355073462,0.6027771426567027,0.11405982014674518,0.25934164079556765,-1.1963699987838148
149622,149,0.5985051393508911,0.11487945914268494,0.5944146513938904,0.11174102872610092,0.28560003638267517,-1.267737865447998,0.3088090717792511,-1.3026902675628662,0.01000523753464222,0.1281551569700241,0.042166225612163544,0.010025089606642723,0.7883085012435913,0.9459617733955383,0.8446140289306641,0.7117952704429626,0.007104749325662851,0.1472949981689453,0.0370696596801281,0.002441233489662409,0.0,0.0,0.12184677523881439,-0.004092103223801512,0.6053705590646583,0.10209612015890618,0.25934164079551475,-1.1963699987838148
149623,149,0.6013073921203613,0.10154632478952408,0.5970540046691895,0.09893637895584106,0.2799699306488037,-1.3686797618865967,0.23734700679779053,-1.2565884590148926,0.010004603303968906,0.1259773075580597,0.03794421628117561,0.01002204604446888,0.787118673324585,0.9504175782203674,0.8457694053649902,0.7082632184028625,0.006578618194907904,0.1436159461736679,0.033905234187841415,0.0029422452207654715,0.0,0.0,0.11449382768672808,0.006011519404428643,0.607343815286365,0.09026820358716096,0.16920050503783327,-1.1766336925598029
149624,149,0.6050118207931519,0.08922159671783447,0.599963903427124,0.08717112243175507,0.39601823687553406,-1.1747701168060303,0.2986382246017456,-1.1606364250183105,0.010004044510424137,0.1309296041727066,0.03431127592921257,0.010019371286034584,0.7857734560966492,0.954139232635498,0.846910834312439,0.7048704028129578,0.006655656732618809,0.1461666375398636,0.03069252520799637,0.002720624441280961,0.0,0.0,0.13230781784508555,0.004790108390653969,0.6090358203367437,0.07850186666156354,0.16920050503788614,-1.1766336925598029
149625,149,0.6087255477905273,0.07711274921894073,0.6028029918670654,0.07532376796007156,0.37266024947166443,-1.2110363245010376,0.29914429783821106,-1.18004310131073,0.010003555566072464,0.12665587663650513,0.032143957912921906,0.010017022490501404,0.7848301529884338,0.9582693576812744,0.8476301431655884,0.7013320922851562,0.007594624999910593,0.1453368067741394,0.027638308703899384,0.002593464218080044,0.0,0.0,0.10418577938543026,-0.017494775451647647,0.6102490576864552,0.06688273139432388,0.08777576330025526,-1.1515988854946375
149626,149,0.6107033491134644,0.06461452692747116,0.6052281260490417,0.06308641284704208,0.11053420603275299,-1.2377620935440063,0.22414597868919373,-1.2161142826080322,0.010003124363720417,0.12406611442565918,0.030533965677022934,0.010014955885708332,0.7841160893440247,0.962311863899231,0.8483388423919678,0.6983054876327515,0.006947196554392576,0.13936084508895874,0.026890549808740616,0.0033007620368152857,0.0,0.0,0.11037650769398338,-0.019614990719234206,0.6111268153194579,0.05536674253937679,0.08777576330025526,-1.1515988854946277
149627,149,0.6133050322532654,0.05407656729221344,0.6081810593605042,0.052131544798612595,0.30097633600234985,-0.9778420329093933,0.28680944442749023,-1.0607829093933105,0.015926459804177284,0.12282736599445343,0.02791370078921318,0.010013142600655556,0.7826682329177856,0.9660641551017761,0.848900318145752,0.6951879858970642,0.01189451664686203,0.13882866501808167,0.024098437279462814,0.00260413670912385,0.0,0.0,0.1162335707144735,0.016813140727198736,0.6116497649493343,0.04399877658337063,0.015067415582674975,-1.121265577588303
149628,149,0.6149166822433472,0.0426977276802063,0.6098881959915161,0.04081704840064049,0.11646776646375656,-1.1964552402496338,0.13618457317352295,-1.1234748363494873,0.015195910818874836,0.1153864786028862,0.026486163958907127,0.010011544451117516,0.7820992469787598,0.9703099727630615,0.849450409412384,0.6919634938240051,0.011487845331430435,0.13306550681591034,0.023155808448791504,0.002828470431268215,0.0,0.0,0.07547036040833757,-0.016685288599151304,0.6118004391051611,0.032786120807488175,0.015067415582674975,-1.121265577588303
149629,149,0.6167919635772705,0.03134644404053688,0.6116132736206055,0.030274350196123123,0.21207180619239807,-1.1175274848937988,0.1775284856557846,-1.0315666198730469,0.014556647278368473,0.11430674046278,0.024399811401963234,0.010010143741965294,0.7814946174621582,0.9743512272834778,0.8500270843505859,0.6888319253921509,0.011156714521348476,0.12917736172676086,0.02125541679561138,0.0027332501485943794,0.0,0.0,0.1084514831470913,0.007508205974357921,0.6117028321673629,0.02171171216944745,-0.04892453811485471,-1.0856337688408215
149630,149,0.6185806393623352,0.020157430320978165,0.6131800413131714,0.01982332207262516,0.16068318486213684,-1.1135932207107544,0.14995212852954865,-1.0519447326660156,0.013997531495988369,0.11165574938058853,0.022798795253038406,0.010008913464844227,0.78113853931427,0.9782930612564087,0.850413978099823,0.6855503916740417,0.011052358895540237,0.12742850184440613,0.019585279747843742,0.0024305740371346474,0.0,0.0,0.09719239035504704,-0.011673020950902821,0.6112135867862145,0.010855374481038486,-0.048924538114801845,-1.0856337688408224
149631,149,0.6196242570877075,0.008400684222579002,0.6142848134040833,0.008912326768040657,0.07785367965698242,-1.202669382095337,0.09465428441762924,-1.1068896055221558,0.013507886789739132,0.10941394418478012,0.021196085959672928,0.010007833130657673,0.7810913920402527,0.9823250770568848,0.8505645990371704,0.6822327375411987,0.01120840385556221,0.1244935542345047,0.017727021127939224,0.00252265902236104,0.0,0.0,0.09710254115694475,-0.00899925372670754,0.6105651544329016,0.00011691116768985498,-0.10420009779233382,-1.0447034592521818
149632,149,0.6196280121803284,-0.0032784545328468084,0.6149388551712036,-0.0023798649199306965,-0.059964753687381744,-1.1411455869674683,0.03301684558391571,-1.152816653251648,0.013078207150101662,0.11204421520233154,0.0197977926582098,0.01000688225030899,0.7814081907272339,0.9858272671699524,0.8505004048347473,0.6790645718574524,0.01101311668753624,0.12500298023223877,0.016483822837471962,0.0025275072548538446,0.0,0.0,0.11270877222343967,-0.0009480874251801569,0.6095231534549783,-0.010330123424831429,-0.10420009779233382,-1.0447034592521813
149633,149,0.6189969182014465,-0.014502519741654396,0.6148976683616638,-0.014005852863192558,-0.07351108640432358,-1.1163370609283447,-0.046105869114398956,-1.1741942167282104,0.016718469560146332,0.11107398569583893,0.01857827976346016,0.010006045922636986,0.7814965844154358,0.9893785715103149,0.8501696586608887,0.6758455038070679,0.014309895224869251,0.12517571449279785,0.014904530718922615,0.0024024778977036476,0.0,0.0,0.10576998452378328,0.01723342645105891,0.6083936268383116,-0.020690253406756197,-0.15075926344976232,-0.9984746488223865
149634,149,0.6172144412994385,-0.025884222239255905,0.6136047840118408,-0.02611573040485382,-0.2400943785905838,-1.1410412788391113,-0.1833902895450592,-1.2194221019744873,0.017196310684084892,0.1100161001086235,0.01751563884317875,0.010005314834415913,0.7817978858947754,0.9927205443382263,0.8501176834106445,0.673109769821167,0.013737590052187443,0.12153727561235428,0.014890749007463455,0.003100920934230089,0.0,0.0,0.1042038934560167,0.017270161367415736,0.6068860342038138,-0.03067499989497955,-0.15075926344976232,-0.9984746488223865
149635,149,0.6169885993003845,-0.035324759781360626,0.612542450428009,-0.03697624057531357,0.05999702215194702,-0.8694796562194824,-0.11125798523426056,-1.0438932180404663,0.038937926292419434,0.1104007214307785,0.0165863037109375,0.010004673153162003,0.7794820666313171,0.9957600831985474,0.8500283360481262,0.6704041957855225,0.02933872491121292,0.1219240352511406,0.013723915442824364,0.002652660245075822,0.0,0.0,0.11049951012429655,0.042503443607179524,0.605345144475953,-0.04061440853875365,-0.1855364080125649,-0.9511215434480318
149636,149,0.6165822744369507,-0.045135315507650375,0.6107905507087708,-0.047673095017671585,-0.0559607669711113,-1.0109432935714722,-0.16036537289619446,-1.025674819946289,0.03516704961657524,0.10412272810935974,0.01577364094555378,0.010004105046391487,0.7795425057411194,0.9992963671684265,0.849990725517273,0.6675339937210083,0.029064785689115524,0.11824595183134079,0.013347824104130268,0.00255563179962337,0.0,0.0,0.0694122126218758,-0.006101212711341441,0.6034591241250814,-0.050083881914267506,-0.1886020350871931,-0.9469473375514328
149637,149,0.6164034605026245,-0.05534135922789574,0.6097525358200073,-0.05725329741835594,0.00945232342928648,-1.0301061868667603,-0.05702895671129227,-0.9104346036911011,0.031917817890644073,0.10213520377874374,0.01506292074918747,0.010003609582781792,0.7800306081771851,1.0028115510940552,0.8499155044555664,0.6648008823394775,0.02702409029006958,0.11350346356630325,0.012344005517661572,0.0028537448961287737,0.0,0.0,0.09102556213058119,0.008032881268986302,0.6015731037742095,-0.059553355289782485,-0.2014991934301282,-0.9217848711986492
149638,149,0.6157215237617493,-0.0649409070611,0.6093381643295288,-0.06604564934968948,-0.11806254088878632,-0.902795672416687,-0.035515882074832916,-0.8568560481071472,0.029110249131917953,0.10124244540929794,0.01444085780531168,0.010003171861171722,0.780767023563385,1.0058093070983887,0.8497447371482849,0.6623290777206421,0.02459649369120598,0.11110895127058029,0.011956864036619663,0.0028906934894621372,0.0,0.0,0.09623360046503052,-0.006109108192385578,0.599399318311142,-0.06846139646755321,-0.2177284127045204,-0.8901215254393259
149639,149,0.6148803234100342,-0.07379943132400513,0.608946681022644,-0.07428845763206482,-0.07190538197755814,-0.8702853918075562,-0.050214122980833054,-0.803983747959137,0.02667291834950447,0.09777537733316422,0.013894843868911266,0.010002786293625832,0.781287670135498,1.0088106393814087,0.8497104644775391,0.659887433052063,0.022109676152467728,0.10832995176315308,0.011721127666532993,0.002807088429108262,0.0,0.0,0.07828525436192124,0.00965743689143099,0.5972220341840961,-0.07736261172194812,-0.2177284127045204,-0.8901215254393259
149640,149,0.614605188369751,-0.08256394416093826,0.6084850430488586,-0.082176573574543,0.006335160695016384,-0.8839613795280457,-0.03936197981238365,-0.781627893447876,0.024563955143094063,0.09424959123134613,0.013417662121355534,0.010002446360886097,0.7818000316619873,1.011948823928833,0.8494963645935059,0.6574131846427917,0.021201344206929207,0.10443791002035141,0.010766544379293919,0.00284207914955914,0.0,0.0,0.07418838837655262,-0.000701117132416362,0.5948635118543563,-0.08571217053969585,-0.23813839630184996,-0.8279972124860627
149641,149,0.6133688688278198,-0.09135955572128296,0.6076783537864685,-0.09042524546384811,-0.18838346004486084,-0.8507224917411804,-0.09552150964736938,-0.8378188014030457,0.02273268811404705,0.09168756008148193,0.016606805846095085,0.010002149268984795,0.7826346158981323,1.014954686164856,0.8489553928375244,0.6549877524375916,0.019468434154987335,0.10160177201032639,0.013451732695102692,0.0026604258455336094,0.0,0.0,0.0769803039886976,-0.01709215758834175,0.5924821278913376,-0.09399214266455702,-0.23813839630184996,-0.8279972124860627
149642,149,0.6119897961616516,-0.10017447173595428,0.6066349744796753,-0.09881354123353958,-0.11667738854885101,-0.9067814946174622,-0.11948420852422714,-0.8459904193878174,0.021135220304131508,0.08905348926782608,0.015790550038218498,0.010001885704696178,0.7832998037338257,1.017881155014038,0.8486643433570862,0.652664065361023,0.018275393173098564,0.09768559783697128,0.01275098230689764,0.0029617040418088436,0.0,0.0,0.07388069153147657,0.009174013138382914,0.5900085998470853,-0.10174083111555463,-0.24983198587912894,-0.7605743986916399
149643,149,0.61057448387146,-0.10830815881490707,0.6054336428642273,-0.10722267627716064,-0.1691293716430664,-0.7629855871200562,-0.13540878891944885,-0.8530392646789551,0.019747218117117882,0.08838800340890884,0.015078372322022915,0.010001658461987972,0.7842481732368469,1.0205268859863281,0.8481520414352417,0.6503750085830688,0.017635272815823555,0.09676830470561981,0.011914257891476154,0.00264877756126225,0.0,0.0,0.08452444395109546,-0.004309982294732676,0.5875102799882936,-0.10934657510247245,-0.24983198587912894,-0.7605743986916464
149644,149,0.6082619428634644,-0.11667914688587189,0.6034343242645264,-0.11616324633359909,-0.260986864566803,-0.8672760128974915,-0.23327447474002838,-0.8948432803153992,0.01853535696864128,0.0849408283829689,0.014454368501901627,0.01000145822763443,0.7853143811225891,1.0232309103012085,0.8476203083992004,0.6481844186782837,0.016555605456233025,0.0931665301322937,0.01136358268558979,0.0029947906732559204,0.0,0.0,0.06484869490205603,0.0008391744067795873,0.5849914773816897,-0.11645200517998869,-0.25280918143635733,-0.6878530840560638
149645,149,0.6058677434921265,-0.12433022260665894,0.6012176275253296,-0.12454167753458023,-0.2504521608352661,-0.7171692848205566,-0.24133265018463135,-0.8190314769744873,0.017930885776877403,0.08470746129751205,0.01390688493847847,0.010001282207667828,0.7861830592155457,1.0256273746490479,0.847190260887146,0.6461470723152161,0.015456813387572765,0.09187381714582443,0.011264248751103878,0.00284207914955914,0.0,0.0,0.0833441454467869,0.013670725586681465,0.5824633855673261,-0.12333053602054894,-0.25280918143635733,-0.6878530840560572
149646,149,0.6041299700737,-0.13177186250686646,0.5987880825996399,-0.13237805664539337,-0.13223496079444885,-0.7676935195922852,-0.2442121058702469,-0.754835844039917,0.01711949147284031,0.08158214390277863,0.01342854741960764,0.010001126676797867,0.7869805693626404,1.0282365083694458,0.846673309803009,0.6439055800437927,0.015437660738825798,0.09014920890331268,0.010442212224006653,0.002650718903169036,0.0,0.0,0.06318231833998171,0.011372252657203274,0.5799690395505304,-0.1297503197178565,-0.24706998297353513,-0.6098332685793347
149647,149,0.6017538905143738,-0.13982586562633514,0.5960647463798523,-0.13999338448047638,-0.2857353985309601,-0.8119519948959351,-0.27014458179473877,-0.7416682243347168,0.016240615397691727,0.08039487153291702,0.013009246438741684,0.010000987909734249,0.7880170345306396,1.0307170152664185,0.8461219072341919,0.6418240666389465,0.014537103474140167,0.08758583664894104,0.010234614834189415,0.0029120896942913532,0.0,0.0,0.07336603218663293,-0.008358812778595986,0.5774983397207946,-0.1358486524036502,-0.24706998297358798,-0.6098332685793347
149648,149,0.5994310975074768,-0.14718787372112274,0.5937680602073669,-0.1467631608247757,-0.2199610471725464,-0.6993858814239502,-0.22416844964027405,-0.6534621715545654,0.01597544550895691,0.08385858684778214,0.0126423304900527,0.010000867769122124,0.7888460159301758,1.0325303077697754,0.8456193208694458,0.6399523019790649,0.014123103581368923,0.08907796442508698,0.009985281154513359,0.0029977106023579836,0.0,0.0,0.08469502037862564,0.01408498126951047,0.5750981814459674,-0.14154040171401944,-0.23261439049066232,-0.5265149522614461
149649,149,0.5973551869392395,-0.15386448800563812,0.5915548801422119,-0.1531914323568344,-0.20110484957695007,-0.6402839422225952,-0.22001414000988007,-0.6374524235725403,0.015239652246236801,0.08213813602924347,0.012319712899625301,0.010000759735703468,0.7897360920906067,1.034401297569275,0.8450624942779541,0.6382357478141785,0.013831243850290775,0.08821865916252136,0.009552303701639175,0.0031379410065710545,0.0,0.0,0.07201146695186467,0.0036789455704001883,0.5727720375410604,-0.14680555123663355,-0.2326143904907152,-0.5265149522614327
149650,149,0.5949724316596985,-0.15994149446487427,0.589245080947876,-0.1595710963010788,-0.25812026858329773,-0.5727478265762329,-0.23488187789916992,-0.6279967427253723,0.014595907181501389,0.07990697026252747,0.012036822736263275,0.010000668466091156,0.7907859683036804,1.0364044904708862,0.8444315791130066,0.6365447044372559,0.013341529294848442,0.0867929756641388,0.009327638894319534,0.002920843893662095,0.0,0.0,0.06669950300433755,-6.529469437622365e-06,0.5705357981603627,-0.1517268781533339,-0.20944240398784464,-0.43789813510238434
149651,149,0.5923711061477661,-0.16618455946445465,0.5867050886154175,-0.16581782698631287,-0.25175246596336365,-0.6529649496078491,-0.25757959485054016,-0.6036072969436646,0.01403199415653944,0.07705128192901611,0.011788534931838512,0.010000587441027164,0.7918081879615784,1.0384687185287476,0.8437951803207397,0.6349344253540039,0.012967451475560665,0.08331208676099777,0.00897299312055111,0.0032519917003810406,0.0,0.0,0.060041848573017385,0.008591824710055783,0.5684413741204845,-0.15610585950435812,-0.20944240398784464,-0.43789813510239756
149652,149,0.5896575450897217,-0.1718117743730545,0.584261417388916,-0.17141076922416687,-0.2972322404384613,-0.5051645040512085,-0.2505272328853607,-0.5407504439353943,0.013536589220166206,0.07696671038866043,0.011570042930543423,0.010000517591834068,0.7928033471107483,1.0400670766830444,0.8432286977767944,0.6336507201194763,0.01199532300233841,0.08149711042642593,0.009304171428084373,0.003437418257817626,0.0,0.0,0.07646291766318977,0.008315480244879467,0.5664387847860759,-0.16021437602066146,-0.17755402346492352,-0.3439828171021894
149653,149,0.5875195860862732,-0.1764773577451706,0.581923246383667,-0.17638155817985535,-0.17299655079841614,-0.4473859369754791,-0.2336372435092926,-0.47299134731292725,0.016116593033075333,0.07437843829393387,0.011379024013876915,0.010000457055866718,0.7931236624717712,1.0416404008865356,0.8427985310554504,0.6323750615119934,0.013917583040893078,0.07992764562368393,0.008981134742498398,0.0032675962429493666,0.0,0.0,0.058830775708477404,0.016513602052169573,0.5646632445514271,-0.16365420419168317,-0.17755402346487065,-0.3439828171021762
149654,149,0.5857358574867249,-0.1811799556016922,0.5795786380767822,-0.18105986714363098,-0.1717422604560852,-0.4790549576282501,-0.21707221865653992,-0.4474238157272339,0.015363448299467564,0.07137080281972885,0.01121126115322113,0.010000400245189667,0.7935184240341187,1.0431480407714844,0.8426443338394165,0.6313544511795044,0.012879570946097374,0.07588460296392441,0.009303150698542595,0.003738573519513011,0.0,0.0,0.05317991788188406,-0.0017353606522732545,0.5629640364154687,-0.16690752230085934,-0.13694924892189891,-0.2447689982608348
149655,149,0.5851911306381226,-0.18469463288784027,0.5783612728118896,-0.1846940815448761,0.002568136900663376,-0.2864621877670288,-0.07062490284442902,-0.3313612937927246,0.014704207889735699,0.07014314085245132,0.011063950136303902,0.010000349953770638,0.7936748266220093,1.0443248748779297,0.8425677418708801,0.6305422186851501,0.01242009736597538,0.07380318641662598,0.009123709052801132,0.003696486819535494,0.0,0.0,0.06267658159399103,-0.0015778582541733158,0.5615945439262499,-0.16935521228346753,-0.13694924892189891,-0.2447689982608348
149656,149,0.5848504304885864,-0.18775369226932526,0.5777177214622498,-0.1880914717912674,-0.030930638313293457,-0.29171988368034363,-0.033840034157037735,-0.3133960962295532,0.014125923626124859,0.06539536267518997,0.02743377536535263,0.01000030618160963,0.793612003326416,1.0454386472702026,0.8417067527770996,0.6300048232078552,0.011210471391677856,0.0691308006644249,0.022518444806337357,0.004121897742152214,0.0,0.0,0.03636523107464399,-0.029785609381122204,0.5602684481409015,-0.17171094397878806,-0.09162356755901664,-0.1487231778061178
149657,149,0.5854132175445557,-0.18959622085094452,0.5781567692756653,-0.1903975009918213,0.09776642918586731,-0.12331591546535492,0.08517593890428543,-0.1831306368112564,0.013620074838399887,0.061970628798007965,0.027294935658574104,0.01000026986002922,0.7933892011642456,1.0464485883712769,0.8417592644691467,0.6295650005340576,0.011164983734488487,0.06557687371969223,0.022815652191638947,0.0039452905766665936,0.0,0.0,0.04075967428314012,-0.026341119670159282,0.5593921673373128,-0.17311351076457113,-0.08762808035882373,-0.1402566785783073
149658,149,0.5858376622200012,-0.19140900671482086,0.5788033604621887,-0.1921950727701187,0.03666900470852852,-0.190318763256073,0.0772576704621315,-0.13856448233127594,0.013176796957850456,0.055744826793670654,0.04586096480488777,0.010000240057706833,0.7929349541664124,1.0473952293395996,0.8411442041397095,0.6294363141059875,0.009819303639233112,0.05894186720252037,0.038180459290742874,0.004622604697942734,0.0,0.0,0.016680605508575655,-0.049061762134365895,0.5585158865337241,-0.17451607755035436,0.22139257817836247,-0.09165460465575853
149659,149,0.5875921845436096,-0.19169892370700836,0.5805443525314331,-0.19237175583839417,0.22882503271102905,0.04789111018180847,0.20844946801662445,0.030571604147553444,0.012788287363946438,0.052254725247621536,0.04363975301384926,0.010000213049352169,0.7920130491256714,1.0479011535644531,0.8417675495147705,0.6296586990356445,0.009335801936686039,0.054181572049856186,0.037959977984428406,0.004657105077058077,0.0,0.0,0.030051813498469394,-0.02913474548760299,0.5645345636821294,-0.17483422086211475,0.6102506424418167,-0.03049588318328916
149660,149,0.5902092456817627,-0.191082164645195,0.5828751921653748,-0.1917925626039505,0.2975359261035919,0.08513977378606796,0.2659425139427185,0.0937357172369957,0.012447426095604897,0.04657362401485443,0.048702940344810486,0.010000188834965229,0.791191816329956,1.048589825630188,0.8420643210411072,0.6296245455741882,0.009466479532420635,0.05024322122335434,0.04120438173413277,0.004186714068055153,0.0,0.0,-0.005378556316242674,-0.049601283775098766,0.5706370701065481,-0.1751391796939478,0.6102506424417637,-0.03049588318328916
149661,149,0.5922213792800903,-0.19153738021850586,0.5851354598999023,-0.19115349650382996,0.1806798130273819,-0.09457702934741974,0.2365356683731079,0.08970337361097336,0.012148610316216946,0.04172210767865181,0.054399773478507996,0.010383309796452522,0.7903345227241516,1.0493298768997192,0.8423984050750732,0.6296082139015198,0.008692359551787376,0.044751375913619995,0.046521082520484924,0.004735010676085949,0.0,0.0,-0.010437158000959146,-0.05546407315127952,0.5756219267503669,-0.1744246468818071,0.4843874781065452,0.08431328740960922
149662,149,0.5949181318283081,-0.19145579636096954,0.5882102847099304,-0.18956586718559265,0.301702618598938,0.05288112163543701,0.32817336916923523,0.16217263042926788,0.011886700056493282,0.03880266100168228,0.0514359213411808,0.010336796753108501,0.7893190383911133,1.049453616142273,0.8431626558303833,0.6301257014274597,0.00877161230891943,0.03996049240231514,0.04436871036887169,0.005380737129598856,0.0,0.0,0.01947617668809385,-0.03250728537934519,0.5804658015314326,-0.17358151400771096,0.4843874781065981,0.08431328740960922
149663,149,0.5975079536437988,-0.189415842294693,0.5915080308914185,-0.18795840442180634,0.22179558873176575,0.3099883198738098,0.3124399781227112,0.1519659012556076,0.01165693998336792,0.035055458545684814,0.05103900656104088,0.010295948013663292,0.7884913682937622,1.0491182804107666,0.8438287973403931,0.6310407519340515,0.008420402184128761,0.03625057637691498,0.044157661497592926,0.005433285608887672,0.0,0.0,0.0011619194988103255,-0.04849084863800242,0.5843531328578926,-0.17179431226209094,0.362996864393302,0.20412080807174518
149664,149,0.6001366376876831,-0.18633614480495453,0.5943956971168518,-0.18640632927417755,0.29226750135421753,0.3184353709220886,0.2758890390396118,0.17586591839790344,0.011455217376351357,0.03182346746325493,0.04883156716823578,0.0332883857190609,0.7877292633056641,1.0488240718841553,0.8444381356239319,0.6310568451881409,0.008807187899947166,0.033322788774967194,0.04173540696501732,0.01515174750238657,0.0,0.0,-0.037008397445796655,-0.03461499754388094,0.5879831015018259,-0.16975310418137313,0.36299686439324913,0.20412080807174518
149665,149,0.6019236445426941,-0.18397316336631775,0.5964919924736023,-0.18475253880023956,0.13275307416915894,0.199056938290596,0.18886734545230865,0.20296871662139893,0.011278027668595314,0.02902805618941784,0.048315078020095825,0.037525881081819534,0.7873410582542419,1.048553466796875,0.844791829586029,0.6314953565597534,0.008877350948750973,0.03058534301817417,0.04075820744037628,0.017476728186011314,0.0,0.0,-0.03824547716114474,-0.044978538692302145,0.5908086879159012,-0.16685324670172014,0.24607880130192833,0.32892667880310555
149666,149,0.6030091643333435,-0.181780144572258,0.5982725620269775,-0.18201206624507904,0.07971909642219543,0.2315950244665146,0.1538044959306717,0.3202640116214752,0.011122538708150387,0.026608053594827652,0.04452402517199516,0.034998346120119095,0.7870454788208008,1.048191785812378,0.8452193140983582,0.6322913765907288,0.008712676353752613,0.02800419181585312,0.038049593567848206,0.016744330525398254,0.0,0.0,-0.018077957898580042,-0.019876895670803543,0.5932694759289199,-0.16356397991368923,0.24607880130187548,0.32892667880310555
149667,149,0.6040337085723877,-0.17912983894348145,0.5996334552764893,-0.17830081284046173,0.10373380780220032,0.2806505560874939,0.1054849773645401,0.3909105062484741,0.010985935106873512,0.024506891146302223,0.040051285177469254,0.032903384417295456,0.7868925929069519,1.0477814674377441,0.8455626964569092,0.6331093311309814,0.009113520383834839,0.02587125077843666,0.0337807796895504,0.0157859455794096,0.0,0.0,-0.018794335091150867,-0.010652396106678653,0.595069097835587,-0.15951147989944908,0.1336332888324772,0.45873089960370345
149668,149,0.6042498350143433,-0.17649051547050476,0.6000100374221802,-0.1747397929430008,-0.03228248655796051,0.2688281238079071,-0.0028618499636650085,0.3373265564441681,0.010866031050682068,0.02268151380121708,0.036618009209632874,0.031474072486162186,0.7871384024620056,1.0471669435501099,0.8456429839134216,0.6340548992156982,0.009340903721749783,0.023599598556756973,0.030443301424384117,0.01554834470152855,0.0,0.0,-0.021794544738973673,-0.01378359107208792,0.5964054307239117,-0.1549241709034112,0.1336332888324772,0.45873089960370345
149669,149,0.6035768985748291,-0.1731616109609604,0.5996826887130737,-0.171366885304451,-0.10299389064311981,0.3773114085197449,-0.06847623735666275,0.3311147689819336,0.010760792531073093,0.021093830466270447,0.03317100554704666,0.02927234396338463,0.7875314354896545,1.0462301969528198,0.8456263542175293,0.6353306770324707,0.009262348525226116,0.021526044234633446,0.027585608884692192,0.014980881474912167,0.0,0.0,-0.014273338665897015,0.0076647764767682975,0.5972148685281453,-0.14967904155402995,0.02566032698489561,0.593533470473539
149670,149,0.6026942729949951,-0.1687784045934677,0.5987445712089539,-0.16787081956863403,-0.09458266943693161,0.47462743520736694,-0.12814024090766907,0.3572508692741394,0.01886509172618389,0.01970851793885231,0.030190709978342056,0.028694119304418564,0.7872181534767151,1.045216679573059,0.8452788591384888,0.6365769505500793,0.016099758446216583,0.02017955295741558,0.02431299537420273,0.014565661549568176,0.0,0.0,-0.024744612900058,0.020008457972732267,0.5974714717979945,-0.14374370684929488,0.025660326984948478,0.5935334704735258
149671,149,0.6004443168640137,-0.16451244056224823,0.5965782403945923,-0.16459059715270996,-0.285614937543869,0.42335858941078186,-0.2559534013271332,0.3459744453430176,0.019949987530708313,0.018501436337828636,0.027614735066890717,0.03369588404893875,0.7875866889953613,1.0435711145401,0.8451464772224426,0.6382490396499634,0.01645169034600258,0.0173571165651083,0.023025240749120712,0.01840004324913025,0.0,0.0,-0.034522689803449955,0.02011473882321886,0.5973265059047702,-0.137265961364219,-0.07784008424071062,0.7333343914125989
149672,149,0.5995449423789978,-0.15746580064296722,0.5950075387954712,-0.1593651920557022,-0.029154013842344284,0.8314447402954102,-0.1541859209537506,0.5943285822868347,0.04680292680859566,0.017449146136641502,0.025384796783328056,0.031934380531311035,0.7852451801300049,1.041593313217163,0.8447660803794861,0.6404301524162292,0.03625297546386719,0.016279369592666626,0.020344100892543793,0.017564069479703903,0.0,0.0,-0.020006006705903273,0.05163476538037537,0.5965481050623632,-0.12993261745009166,-0.07784008424071062,0.7333343914125989
149673,149,0.5976240634918213,-0.15003734827041626,0.5924704074859619,-0.15338602662086487,-0.24347321689128876,0.7437270879745483,-0.268191397190094,0.6858566999435425,0.042282670736312866,0.016528090462088585,0.02344457432627678,0.07150273025035858,0.7856683731079102,1.0392614603042603,0.8445510864257812,0.6415245532989502,0.035809390246868134,0.014549795538187027,0.01960822381079197,0.037144407629966736,0.0,0.0,-0.07910584170222612,0.012755988893717271,0.5954845158766561,-0.12218226902876694,-0.1768679448443415,0.8781336624208899
149674,149,0.5966727137565613,-0.1416807323694229,0.5906115770339966,-0.14485479891300201,-0.029489925131201744,0.8605430126190186,-0.15123263001441956,0.9424309134483337,0.044698845595121384,0.015722911804914474,0.02175738289952278,0.07023178786039352,0.7857426404953003,1.0368075370788574,0.8445261120796204,0.6438617706298828,0.03656048700213432,0.013614561408758163,0.018058843910694122,0.03796966373920441,0.0,0.0,-0.06250969703346476,0.0451301036872528,0.5937158364282126,-0.11340093240455851,-0.1768679448443415,0.8781336624208832
149675,149,0.5961028933525085,-0.13306178152561188,0.5893285274505615,-0.13501235842704773,-0.0516069270670414,0.8842844367027283,-0.08854418992996216,1.0309581756591797,0.04023812711238861,0.01501806452870369,0.020287180319428444,0.07654935121536255,0.7865296006202698,1.0343595743179321,0.8441863656044006,0.6460826396942139,0.035542529076337814,0.01264234445989132,0.016149986535310745,0.041534412652254105,0.0,0.0,-0.07787258645340814,0.01094437905930009,0.5917694043549984,-0.10433799424643149,-0.27142325482615565,1.0279312834984118
149676,149,0.5941266417503357,-0.12439774721860886,0.5880293846130371,-0.12479457259178162,-0.26878824830055237,0.8893037438392639,-0.14261725544929504,1.046430230140686,0.03628654405474663,0.01440147403627634,0.019006256014108658,0.07719339430332184,0.7879786491394043,1.0317089557647705,0.8436490297317505,0.6486132144927979,0.03240542858839035,0.01165992021560669,0.015062576159834862,0.0428958497941494,0.0,0.0,-0.07733301408133618,0.009832150630344361,0.5890551718067375,-0.09405868141144788,-0.2714232548261028,1.0279312834984118
149677,149,0.5915593504905701,-0.11509931832551956,0.5864925384521484,-0.11394571512937546,-0.267037957906723,0.9556653499603271,-0.18272241950035095,1.0912169218063354,0.0399896465241909,0.013861332088708878,0.017888078466057777,0.07670233398675919,0.7886500954627991,1.028937816619873,0.8431409001350403,0.6513159275054932,0.033904049545526505,0.01086347084492445,0.014267662540078163,0.043325554579496384,0.0,0.0,-0.07376785776480035,0.04061756361823701,0.5862616772509911,-0.08364316671596325,-0.3542084475940293,1.1701872978806314
149678,149,0.5892924070358276,-0.10544116050004959,0.5844548940658569,-0.10323437303304672,-0.20744790136814117,0.968478262424469,-0.22604697942733765,1.0377793312072754,0.039739836007356644,0.013389228843152523,0.016913803294301033,0.07759281992912292,0.7894219160079956,1.0259648561477661,0.8425959944725037,0.6541460752487183,0.0345168337225914,0.00970364362001419,0.013224069960415363,0.045029427856206894,0.0,0.0,-0.07779874289311609,0.03808122762734671,0.5826466171091319,-0.07181589416951215,-0.3615060141859945,1.1827272546451713
149679,149,0.5867959856987,-0.09496540576219559,0.5820134282112122,-0.09316882491111755,-0.2873860001564026,1.1080093383789062,-0.2641471326351166,0.9779965877532959,0.03797399625182152,0.0129746338352561,0.01606046035885811,0.07714555412530899,0.7907574772834778,1.0227434635162354,0.8417702913284302,0.6572079062461853,0.03428858891129494,0.009073792025446892,0.012176326476037502,0.045461010187864304,0.0,0.0,-0.0744733995432325,0.026241268770953688,0.5790315569672722,-0.05998862162305963,-0.3994142097181926,1.2534841709393147
149680,149,0.5831923484802246,-0.08407004922628403,0.5787944793701172,-0.08375836163759232,-0.40212035179138184,1.095723271369934,-0.3567320704460144,0.9382405281066895,0.03746264800429344,0.012610713951289654,0.015313160605728626,0.08653438836336136,0.7920721173286438,1.0190407037734985,0.8410892486572266,0.6603739857673645,0.032812848687171936,0.007562382612377405,0.011951666325330734,0.052654314786195755,0.0,0.0,-0.08857487181330552,0.03405856267304294,0.5745706782465906,-0.046582600377506236,-0.447116222923858,1.3425215758611548
149681,149,0.5803537964820862,-0.0712844580411911,0.5757615566253662,-0.07328920066356659,-0.25091588497161865,1.3545057773590088,-0.31096088886260986,1.0976618528366089,0.04749365895986557,0.01229182444512844,0.014659691601991653,0.08567406237125397,0.7921068072319031,1.014846682548523,0.8403500914573669,0.664260983467102,0.04017952084541321,0.006663662381470203,0.01113914605230093,0.05402486398816109,0.0,0.0,-0.08065399002440676,0.0492718087475045,0.5700995160173513,-0.03315738461889216,-0.447116222923858,1.3425215758611548
149682,149,0.5772948265075684,-0.05720777437090874,0.5723448991775513,-0.061420273035764694,-0.33142173290252686,1.4590535163879395,-0.3520987927913666,1.294226884841919,0.044039975851774216,0.012011967599391937,0.014087238349020481,0.10871325433254242,0.7933968901634216,1.0102643966674805,0.839492678642273,0.6676879525184631,0.03985412418842316,0.005830549634993076,0.010619215667247772,0.06830863654613495,0.0,0.0,-0.11420512595739733,0.02157601423969558,0.5649078611303084,-0.018268829734183978,-0.5282538810399047,1.5073142471463747
149683,149,0.5737922787666321,-0.042289119213819504,0.5686910152435303,-0.04717353731393814,-0.3637026846408844,1.5198872089385986,-0.3744577169418335,1.5296952724456787,0.04203242063522339,0.01176674384623766,0.01358642615377903,0.12298097461462021,0.7949143052101135,1.005272388458252,0.8387121558189392,0.671593964099884,0.03766840323805809,0.005001619458198547,0.010336319915950298,0.07966473698616028,0.0,0.0,-0.12681412746720833,0.028851363673816785,0.5596253223199097,-0.0031956872627191997,-0.5282538810398518,1.5073142471463747
149684,149,0.5705437064170837,-0.026216521859169006,0.5651914477348328,-0.03064107894897461,-0.3142906725406647,1.6579663753509521,-0.3456347584724426,1.7313194274902344,0.040255218744277954,0.011551524512469769,0.013147499412298203,0.12997962534427643,0.7965142130851746,0.9999441504478455,0.8376826047897339,0.6760252118110657,0.03726743161678314,0.004299728665500879,0.00940623041242361,0.086898073554039,0.0,0.0,-0.13194122084516563,0.028524228477680002,0.5537386716714797,0.013167383123319446,-0.6049189885339232,1.671013178378493
149685,149,0.5661340355873108,-0.009122337214648724,0.5612649321556091,-0.012936871498823166,-0.5109590291976929,1.7735309600830078,-0.41597139835357666,1.8258800506591797,0.03695954009890556,0.011362581513822079,0.012762634083628654,0.1456533968448639,0.7986183166503906,0.9942604899406433,0.8365561366081238,0.6804643273353577,0.03459892421960831,0.004001190420240164,0.009316414594650269,0.09845025092363358,0.0,0.0,-0.15025614621341793,0.015054107098444854,0.5476894817861397,0.02987751490710751,-0.6049189885339232,1.671013178378493
149686,149,0.561625063419342,0.008603588677942753,0.5569685101509094,0.005950119346380234,-0.4249313771724701,1.7682567834854126,-0.4497520923614502,1.9254926443099976,0.03936924412846565,0.011196684092283249,0.012425066903233528,0.16066038608551025,0.7999984622001648,0.9883895516395569,0.8355374336242676,0.6849893927574158,0.0355018749833107,0.0034442548640072346,0.009023891761898994,0.11118243634700775,0.0,0.0,-0.16532361333054485,0.03978216185074393,0.5411436157812993,0.047538699481011915,-0.6771115454060722,1.8092500090681671
149687,149,0.5574774146080017,0.02695198729634285,0.5525190830230713,0.025563813745975494,-0.4160013496875763,1.8662947416305542,-0.44903692603111267,1.970186471939087,0.03707227110862732,0.011050925590097904,0.012128756381571293,0.16218124330043793,0.8016172647476196,0.9822182655334473,0.8345426917076111,0.6901344060897827,0.034238699823617935,0.00301133724860847,0.008842773735523224,0.11612186580896378,0.0,0.0,-0.162658786226852,0.02180867621293584,0.5343725003272393,0.06563119957169267,-0.6771115454060722,1.8092500090681605
149688,149,0.5535120964050293,0.04611723870038986,0.5481598973274231,0.045374684035778046,-0.39125335216522217,1.9471590518951416,-0.42957907915115356,1.978032112121582,0.03405682370066643,0.01092318445444107,0.011869288049638271,0.17214103043079376,0.8037652969360352,0.9758986830711365,0.833142876625061,0.6951951384544373,0.033539220690727234,0.002650718903169036,0.00777411600574851,0.12507107853889465,0.0,0.0,-0.1754737349173351,0.013820383495588125,0.5272031993709625,0.08435098077099039,-0.7448315516562987,1.9159326490930595
149689,149,0.5476142764091492,0.06558698415756226,0.5430728793144226,0.06452745199203491,-0.7000401616096497,1.9808083772659302,-0.545924723148346,1.9058393239974976,0.030959561467170715,0.010810956358909607,0.01164148934185505,0.1827983260154724,0.8066895604133606,0.9693450331687927,0.8314123153686523,0.7002935409545898,0.031232895329594612,0.0025507821701467037,0.007514032535254955,0.1349203735589981,0.0,0.0,-0.18646736991201798,0.0024670449890396226,0.5197548838543987,0.10351030726192463,-0.7448315516562987,1.9159326490930595
149690,149,0.5406970977783203,0.08530391752719879,0.5372596979141235,0.08386684209108353,-0.7077508568763733,1.950325846672058,-0.6313084959983826,1.9490405321121216,0.04238053411245346,0.010712389834225178,0.011441551148891449,0.1883067935705185,0.8079961538314819,0.9627006649971008,0.8297244906425476,0.7055804133415222,0.03897963464260101,0.0021769620943814516,0.0074455649591982365,0.1426921784877777,0.0,0.0,-0.19025338568516906,0.04435446843084179,0.5119979283516625,0.12303625156129333,-0.8080790072846027,1.9910610984531982
149691,149,0.5341657400131226,0.10546094179153442,0.530850887298584,0.10388603806495667,-0.6383734345436096,2.0296034812927246,-0.6770396828651428,2.0116913318634033,0.042438287287950516,0.010625756345689297,0.011265914887189865,0.18756186962127686,0.8100878000259399,0.9559953808784485,0.8279978632926941,0.7111042737960815,0.0409105084836483,0.002172127366065979,0.007214239798486233,0.1449679434299469,0.0,0.0,-0.18414079196592228,0.04244825064682595,0.5039171382788165,0.1429468625458266,-0.8080790072846027,1.9910610984531851
149692,149,0.5274888277053833,0.1255466789007187,0.5235915184020996,0.12385715544223785,-0.6829454898834229,1.9991544485092163,-0.7495992183685303,1.9939072132110596,0.04049825668334961,0.010549698956310749,0.011111798696219921,0.19307337701320648,0.8127825856208801,0.9493402242660522,0.8261653780937195,0.7163978815078735,0.040313009172677994,0.0020938264206051826,0.006894051097333431,0.15066662430763245,0.0,0.0,-0.1950358260468731,0.027715544911292078,0.4956083086345943,0.1630265364199526,-0.8668539122909842,2.0346353571485243
149693,149,0.5202342867851257,0.14535148441791534,0.5158913135528564,0.14370916783809662,-0.7520710229873657,1.9702813625335693,-0.777019202709198,1.984761357307434,0.03906949609518051,0.010482915677130222,0.010976525023579597,0.19230182468891144,0.8158421516418457,0.9427982568740845,0.8240787386894226,0.721686840057373,0.039788130670785904,0.0023056406062096357,0.006426672451198101,0.15226390957832336,0.0,0.0,-0.18879071398292252,0.02960711841804678,0.48693976951168344,0.18337288999144177,-0.8668539122909842,2.0346353571485243
149694,149,0.5119597911834717,0.1645589917898178,0.5077673196792603,0.16328975558280945,-0.8692074418067932,1.8976945877075195,-0.8284427523612976,1.9497504234313965,0.03866694122552872,0.010424269363284111,0.010857783257961273,0.1904756873846054,0.8191927671432495,0.936407744884491,0.8216930031776428,0.7269059419631958,0.04013422876596451,0.0023250021040439606,0.005938014481216669,0.15299710631370544,0.0,0.0,-0.18213937476390146,0.035992794649606474,0.47811484613095173,0.20375385991500455,-0.9211562666754433,2.046655425179096
149695,149,0.5025593042373657,0.18340720236301422,0.4991008937358856,0.18256846070289612,-0.9933481812477112,1.8746813535690308,-0.9029003381729126,1.907112717628479,0.04892885684967041,0.010372786782681942,0.010753574781119823,0.18637913465499878,0.821386456489563,0.9298970699310303,0.8194244503974915,0.7322700619697571,0.04715939983725548,0.002059041755273938,0.006332792341709137,0.15291696786880493,0.0,0.0,-0.16754003633267944,0.05082799318793682,0.4689032834641985,0.22422041416679456,-0.9211562666754433,2.046655425179109
149696,149,0.49407556653022766,0.2026599794626236,0.4903707206249237,0.2019890695810318,-0.7862682342529297,1.9177367687225342,-0.8919598460197449,1.9189386367797852,0.06549263000488281,0.010327538475394249,0.010662015527486801,0.18164774775505066,0.8225842714309692,0.9235537648200989,0.8170256018638611,0.7375166416168213,0.062281616032123566,0.0023250021040439606,0.005680442787706852,0.15005062520503998,0.0,0.0,-0.1596999465779071,0.06878037942204608,0.45959804675193267,0.24465024661447587,-0.9709860704379535,2.0271213025449013
149697,149,0.4849451780319214,0.221114382147789,0.48075345158576965,0.22019976377487183,-0.9626044631004333,1.8235297203063965,-0.9742408394813538,1.779220700263977,0.06117568537592888,0.010287804529070854,0.010581635870039463,0.17834465205669403,0.8259867429733276,0.9173502922058105,0.8143331408500671,0.7425814867019653,0.06389932334423065,0.0023656708654016256,0.0053926329128444195,0.1487172693014145,0.0,0.0,-0.16287615739570444,0.03438239376869229,0.4498881860475531,0.26492145963992625,-0.9709860704379535,2.0271213025449146
149698,149,0.47469019889831543,0.23915612697601318,0.4708136022090912,0.2376825213432312,-1.0705654621124268,1.792273759841919,-1.0099824666976929,1.7318452596664429,0.06083327531814575,0.010252849198877811,0.010510938242077827,0.17232540249824524,0.8296628594398499,0.9110283255577087,0.8119023442268372,0.7477726340293884,0.06154342368245125,0.0021286208648234606,0.005939010065048933,0.14648571610450745,0.0,0.0,-0.14392071583187896,0.05869793058231729,0.4401384164087285,0.2851477210864079,-1.0126689515059053,1.9801716321007252
149699,149,0.4655698835849762,0.2575920820236206,0.46128737926483154,0.2555648684501648,-0.8455766439437866,1.8363200426101685,-0.949898898601532,1.7840510606765747,0.0718875527381897,0.01022216584533453,0.01044889073818922,0.16578957438468933,0.8321260213851929,0.9050353169441223,0.8090928792953491,0.7527280449867249,0.0725102350115776,0.0026691623497754335,0.004752767737954855,0.14094607532024384,0.0,0.0,-0.1344801131536823,0.07418086791525191,0.429974983172944,0.3049080509788661,-1.0163433235785675,1.9760329892458999
149700,149,0.45460957288742065,0.27468714118003845,0.45068156719207764,0.27230921387672424,-1.2039482593536377,1.6788960695266724,-1.086211919784546,1.6526637077331543,0.0670359879732132,0.010195215232670307,0.010394403710961342,0.16088838875293732,0.8362907767295837,0.8990848660469055,0.8060864210128784,0.7575939893722534,0.0715554729104042,0.002405384089797735,0.005009527783840895,0.13868068158626556,0.0,0.0,-0.13709677990225946,0.03743114267210669,0.41981154993715836,0.3246683808713266,-1.0344470675152253,1.9394388932179674
149701,149,0.44339075684547424,0.29197338223457336,0.4401451647281647,0.2894359827041626,-1.1046863794326782,1.72959566116333,-1.073240041732788,1.7205884456634521,0.08678475022315979,0.010171514935791492,0.010346493683755398,0.15202461183071136,0.838707447052002,0.8932174444198608,0.802996039390564,0.7624645233154297,0.08613363653421402,0.002674987306818366,0.004621618892997503,0.13226068019866943,0.0,0.0,-0.10840713706048602,0.0910654601647886,0.4092441807515635,0.3436122127516528,-1.0572280260972593,1.8933904852821584
149702,149,0.43178385496139526,0.3086894452571869,0.4287981390953064,0.30625325441360474,-1.177963376045227,1.6462714672088623,-1.1652944087982178,1.6672097444534302,0.08529027551412582,0.010150685906410217,0.010304397903382778,0.14524564146995544,0.842053234577179,0.8873187899589539,0.8002839088439941,0.7673410773277283,0.08723582327365875,0.002340493490919471,0.005473950877785683,0.12807919085025787,0.0,0.0,-0.11130529350200583,0.07657487261149216,0.3986719004905897,0.3625461176044781,-1.0572280260972593,1.8933904852821848
149703,149,0.42206549644470215,0.32579904794692993,0.4178364872932434,0.323464572429657,-0.868825376033783,1.711897850036621,-1.0762548446655273,1.7112661600112915,0.08757014572620392,0.010132420808076859,0.010267485864460468,0.13701558113098145,0.8454656600952148,0.8816789388656616,0.7973275780677795,0.772000253200531,0.09197618812322617,0.0028411070816218853,0.004336110316216946,0.12090124189853668,0.0,0.0,-0.09496355612500013,0.08810884287423199,0.38777628469460734,0.38046596952631806,-1.093640177994002,1.7791937906536368
149704,149,0.41059961915016174,0.34170204401016235,0.4061098098754883,0.3391314446926117,-1.2672628164291382,1.573909044265747,-1.1728352308273315,1.5318564176559448,0.08041318506002426,0.01011635921895504,0.010235029272735119,0.13135485351085663,0.8501777052879333,0.8759833574295044,0.7941621541976929,0.7766407132148743,0.08796893060207367,0.002410228131338954,0.004580230917781591,0.11745789647102356,0.0,0.0,-0.10199366592585649,0.03839754407542084,0.3768398829146673,0.3982579074328556,-1.0936401779940284,1.7791937906536368
149705,149,0.3988327383995056,0.3581317067146301,0.39499279856681824,0.355069637298584,-1.156558632850647,1.658555030822754,-1.110687494277954,1.6066200733184814,0.09453236311674118,0.010102242231369019,0.010206508450210094,0.12290359288454056,0.8535874485969543,0.8703092932701111,0.7906832695007324,0.7812761068344116,0.09898722171783447,0.00264198356308043,0.003752279095351696,0.11082317680120468,0.0,0.0,-0.07835047427339545,0.09781979435627282,0.36565180091327015,0.41490134587089567,-1.1255797792688487,1.6334429053603086
149706,149,0.3856751024723053,0.374123752117157,0.3830166161060333,0.370593786239624,-1.3930414915084839,1.5901752710342407,-1.2358142137527466,1.5490312576293945,0.09257453680038452,0.010089850053191185,0.010181469842791557,0.11770016700029373,0.8581732511520386,0.8646387457847595,0.7868748307228088,0.7858400344848633,0.10215024650096893,0.0023918221704661846,0.0036465879529714584,0.10700495541095734,0.0,0.0,-0.08977575819447195,0.08134759802985311,0.3543960031205803,0.43123577492450194,-1.1255797792688487,1.633442905360335
149707,149,0.37167465686798096,0.3903317451477051,0.3703831434249878,0.3864190876483917,-1.4174373149871826,1.632883906364441,-1.3091989755630493,1.597807765007019,0.11393589526414871,0.010078955441713333,0.010159458965063095,0.11180073022842407,0.8612597584724426,0.8587689399719238,0.7832298278808594,0.7904953956604004,0.11692482978105545,0.0021769620943814516,0.003926662728190422,0.10299885272979736,0.0,0.0,-0.0797358941042956,0.11939128573619052,0.3429512353187465,0.446396542484307,-1.1530468299217465,1.4628495935163963
149708,149,0.35854071378707886,0.4069661498069763,0.3570614159107208,0.40284213423728943,-1.2524387836456299,1.6654599905014038,-1.3774256706237793,1.6536554098129272,0.12435849010944366,0.010069377720355988,0.010140111669898033,0.10812000185251236,0.8642618656158447,0.852942168712616,0.7796631455421448,0.7950072884559631,0.13035616278648376,0.0022320940624922514,0.0038139724638313055,0.09981212019920349,0.0,0.0,-0.0878873177291605,0.1271855360712427,0.3314207670195303,0.46102503841947,-1.1530468299217465,1.4628495935163697
149709,149,0.34569501876831055,0.4233073890209198,0.3427288830280304,0.4190882444381714,-1.280508279800415,1.6314219236373901,-1.437030553817749,1.6230370998382568,0.12122529745101929,0.010060940869152546,0.010123074054718018,0.10647623240947723,0.8684465885162354,0.8471710085868835,0.7761478424072266,0.7993358969688416,0.13259257376194,0.0023279066663235426,0.0038943153340369463,0.09827504307031631,0.0,0.0,-0.09741418812874844,0.10459658373792152,0.31975509382223255,0.47466225315573196,-1.1760413299527748,1.2942609115783388
149710,149,0.33296409249305725,0.43933555483818054,0.3286302089691162,0.43523916602134705,-1.2617957592010498,1.5804954767227173,-1.3698921203613281,1.6121528148651123,0.11949565261602402,0.010053550824522972,0.010108144022524357,0.10515565425157547,0.8728910088539124,0.8415182828903198,0.7729254364967346,0.8035162091255188,0.12970156967639923,0.0024034467060118914,0.0042427172884345055,0.09738362580537796,0.0,0.0,-0.09781978883044967,0.11022356483470577,0.30799468052270357,0.4876048622715178,-1.1760413299527748,1.2942609115783388
149711,149,0.3212406635284424,0.45502710342407227,0.3158017098903656,0.45139944553375244,-1.1194896697998047,1.5444550514221191,-1.2149617671966553,1.5985817909240723,0.1177627444267273,0.010047053918242455,0.010095019824802876,0.10386906564235687,0.877055287361145,0.8361117839813232,0.7698498368263245,0.8074731826782227,0.12784822285175323,0.002732279011979699,0.004152338020503521,0.09598023444414139,0.0,0.0,-0.09670361513876843,0.1084405387165775,0.2961438823349199,0.4997673138261391,-1.1945632793618277,1.1343886236603054
149712,149,0.30989328026771545,0.4698880910873413,0.30411243438720703,0.46677085757255554,-1.1320711374282837,1.451959252357483,-1.118666172027588,1.4961247444152832,0.11280103027820587,0.010041343048214912,0.010083488188683987,0.10310964286327362,0.8815134167671204,0.8311007022857666,0.7666077613830566,0.8111052513122559,0.1252754032611847,0.0032042143866419792,0.0038355228025466204,0.09465144574642181,0.0,0.0,-0.09887119410948073,0.08590936936864113,0.28419824954130163,0.5111112000627431,-1.1945632793618277,1.1343886236603318
149713,149,0.2978852093219757,0.48354148864746094,0.2929309904575348,0.48092854022979736,-1.2270718812942505,1.3177739381790161,-1.103363037109375,1.3706297874450684,0.10862249881029129,0.01003632228821516,0.010073351673781872,0.10144967585802078,0.8863475918769836,0.8265501856803894,0.7631091475486755,0.8144234418869019,0.12233592569828033,0.0037483633495867252,0.0035028692800551653,0.09247951954603195,0.0,0.0,-0.09216434995602388,0.0857371670177788,0.2721981067680047,0.5218686195878874,-1.2086126781489845,0.9832327297624018
149714,149,0.284954309463501,0.49588075280189514,0.28162825107574463,0.493854284286499,-1.3266907930374146,1.1833250522613525,-1.1427249908447266,1.2408806085586548,0.10715731233358383,0.010031911544501781,0.01006444450467825,0.09801992774009705,0.89115971326828,0.8222657442092896,0.7595360279083252,0.8176558613777161,0.12011881917715073,0.003721933113411069,0.0034286289010196924,0.09001901745796204,0.0,0.0,-0.0787155041894805,0.09907570233946167,0.26011197998651353,0.5317009468855132,-1.2086126781489845,0.9832327297624018
149715,149,0.271914541721344,0.5078818798065186,0.27021849155426025,0.5059430599212646,-1.312447190284729,1.1840330362319946,-1.169417381286621,1.1561253070831299,0.11330858618021011,0.010028041899204254,0.010056627914309502,0.09286510199308395,0.8953613042831421,0.8182389736175537,0.7557657361030579,0.8207406401634216,0.12540170550346375,0.004265322349965572,0.0030989726074039936,0.08490614593029022,0.0,0.0,-0.06347761606042113,0.11491380418160536,0.24799827303268154,0.5411230655333379,-1.2181895263142055,0.8407932298844696
149716,149,0.2582225501537323,0.518776535987854,0.2577379643917084,0.5165428519248962,-1.390866756439209,1.0333112478256226,-1.2962614297866821,1.0048006772994995,0.11367541551589966,0.010024641640484333,0.010049757547676563,0.08947339653968811,0.8999772667884827,0.8147739768028259,0.7517368197441101,0.8233951330184937,0.12892557680606842,0.00488305976614356,0.0027789080049842596,0.08059030771255493,0.0,0.0,-0.06993722070706063,0.11377104544769649,0.23581637776953956,0.5495309978321831,-1.2181895263142055,0.8407932298844696
149717,149,0.24367740750312805,0.5281398892402649,0.24399171769618988,0.5258033871650696,-1.4893989562988281,0.8693249821662903,-1.4300695657730103,0.8720112442970276,0.12486248463392258,0.010021651163697243,0.010043718852102757,0.08398441225290298,0.903989851474762,0.8116070628166199,0.7477192878723145,0.8259353637695312,0.13766002655029297,0.004889972973614931,0.0028741625137627125,0.07619384676218033,0.0,0.0,-0.052026946748099934,0.1278430287850311,0.22362488704014505,0.557687546754851,-1.2232938238575042,0.7070701240266409
149718,149,0.22941631078720093,0.5370808243751526,0.22952890396118164,0.5344457626342773,-1.4063175916671753,0.8774204254150391,-1.4938005208969116,0.8264016509056091,0.1418127417564392,0.010019024834036827,0.010038413107395172,0.07636821269989014,0.9071335196495056,0.8086370825767517,0.743796169757843,0.8284063339233398,0.15278875827789307,0.0053113652393221855,0.0029422452207654715,0.06918217986822128,0.0,0.0,-0.03128194374839191,0.14660155841400133,0.21139194880157008,0.5647582479951174,-1.223293823857491,0.707070124026588
149719,149,0.21567870676517487,0.5451685190200806,0.21406190097332,0.5421512126922607,-1.3426283597946167,0.7605758309364319,-1.568288803100586,0.7327132821083069,0.1411195695400238,0.01001671701669693,0.010033751837909222,0.07058988511562347,0.9110502004623413,0.8060204982757568,0.7399986982345581,0.8306146264076233,0.15830358862876892,0.005508674308657646,0.0029772731941193342,0.06364776939153671,0.0,0.0,-0.03576394712674616,0.1375894018294349,0.1991584547015898,0.5717189583447878,-1.2238743932254685,0.5921901535381006
149720,149,0.2023046761751175,0.5525187253952026,0.1986963152885437,0.5490826368331909,-1.3357030153274536,0.719052255153656,-1.4871611595153809,0.664986789226532,0.1393749862909317,0.010014688596129417,0.010029656812548637,0.06379666924476624,0.9155451655387878,0.803411066532135,0.7363100647926331,0.8328564763069153,0.15785303711891174,0.005319291725754738,0.0030230185948312283,0.058191172778606415,0.0,0.0,-0.022123957532104416,0.13045752352160123,0.18691919899380252,0.5775395924666752,-1.2239255707788672,0.5820634121888099
149721,149,0.1891602873802185,0.5600168108940125,0.1847115308046341,0.5557201504707336,-1.3084957599639893,0.7591789364814758,-1.3370050191879272,0.6579813957214355,0.13803113996982574,0.010012905113399029,0.010026059113442898,0.05752277746796608,0.9201322197914124,0.8007442355155945,0.7326126098632812,0.8350998759269714,0.1569281667470932,0.005326227750629187,0.0028994460590183735,0.05266080051660538,0.0,0.0,-0.018337735647288883,0.13113577695828194,0.17467994328601377,0.5833602265885632,-1.2221639080016775,0.530570066110892
149722,149,0.17589378356933594,0.5674922466278076,0.17173893749713898,0.5622856616973877,-1.3323696851730347,0.7440518736839294,-1.2646085023880005,0.6678582429885864,0.13646447658538818,0.010011337697505951,0.010022896341979504,0.05369111895561218,0.9248027205467224,0.7982034087181091,0.7288208603858948,0.8371185064315796,0.15603755414485931,0.005580135155469179,0.0027167396619915962,0.048635341227054596,0.0,0.0,-0.02944920703386561,0.12840996242121197,0.16247999430558596,0.5880319263392191,-1.2199471087084592,0.46577309437097664
149723,149,0.1623069941997528,0.574430525302887,0.15912917256355286,0.5689248442649841,-1.363950490951538,0.6693022847175598,-1.249587059020996,0.6710394024848938,0.1360020935535431,0.010009964928030968,0.010020120069384575,0.05080244690179825,0.9293693900108337,0.7959221601486206,0.7251427173614502,0.8388737440109253,0.154270738363266,0.005896212067455053,0.0029753269627690315,0.04558286443352699,0.0,0.0,-0.03231160898130152,0.13361285144314816,0.1502805232185014,0.5926896572829291,-1.2199471087084592,0.46577309437097664
149724,149,0.1492973268032074,0.580579936504364,0.14681868255138397,0.5755890607833862,-1.2539453506469727,0.5700753927230835,-1.2208380699157715,0.6493510603904724,0.13971462845802307,0.010008755140006542,0.010017679072916508,0.04762496054172516,0.9333289265632629,0.7938854098320007,0.7216743230819702,0.8404968976974487,0.15596401691436768,0.0058902413584291935,0.0029899245128035545,0.042976509779691696,0.0,0.0,-0.027131520754103827,0.1408040250051192,0.13816220805793425,0.5963921447051074,-1.2108078041667532,0.35819917057324685
149725,149,0.13694702088832855,0.5863851308822632,0.13477979600429535,0.5818303227424622,-1.2247554063796997,0.5892584919929504,-1.1921688318252563,0.5972911715507507,0.13742175698280334,0.010007694363594055,0.010015535168349743,0.04355206340551376,0.9374224543571472,0.7918545603752136,0.7182250022888184,0.8421304821968079,0.15560367703437805,0.006043572910130024,0.0029753269627690315,0.03932434320449829,0.0,0.0,-0.01699444194829179,0.12564156873345136,0.12605413001626672,0.59997413641084,-1.2108078041667598,0.35819917057324685
149726,149,0.12472811341285706,0.5919305682182312,0.12280309200286865,0.5874072909355164,-1.2100050449371338,0.5290501117706299,-1.1949996948242188,0.5327061414718628,0.13483934104442596,0.010006760247051716,0.01001365203410387,0.0411747507750988,0.9417088627815247,0.7900950908660889,0.7147740125656128,0.8434968590736389,0.15354782342910767,0.006396703887730837,0.002858605934306979,0.036680739372968674,0.0,0.0,-0.02554844286735526,0.12151732516924044,0.11405982014674375,0.602777142656703,-1.1963699987838148,0.25934164079551475
149727,149,0.11240854114294052,0.5966575145721436,0.11074157059192657,0.5922788977622986,-1.2353779077529907,0.4397786855697632,-1.201866865158081,0.4595823585987091,0.13234153389930725,0.010005938820540905,0.010011998005211353,0.03868035227060318,0.9461004137992859,0.7886158227920532,0.7112300395965576,0.8446716070175171,0.15163138508796692,0.006617632228881121,0.002634219126775861,0.03430997580289841,0.0,0.0,-0.022152427873103633,0.11936254606304154,0.10209612015890476,0.6053705590646585,-1.1963699987838148,0.25934164079551475
149728,149,0.09971309453248978,0.6007086038589478,0.09865249693393707,0.5964705944061279,-1.2953848838806152,0.3814277946949005,-1.2117167711257935,0.38832810521125793,0.1309518665075302,0.010005217976868153,0.010010543279349804,0.03547072410583496,0.9504690766334534,0.7872467041015625,0.7076867818832397,0.8458240032196045,0.14935076236724854,0.0066496520303189754,0.002724508987739682,0.0315803624689579,0.0,0.0,-0.014055368193100867,0.12370898013064996,0.09026820358716096,0.607343815286365,-1.1766336925598029,0.16920050503783327
149729,149,0.08718902617692947,0.6045585870742798,0.08668065816164017,0.6002687811851501,-1.2367172241210938,0.3702112138271332,-1.207143783569336,0.3560863137245178,0.1334276646375656,0.010004585608839989,0.010009263642132282,0.032181985676288605,0.9544463157653809,0.7860762476921082,0.7041793465614319,0.8468061685562134,0.150408074259758,0.007069610059261322,0.002634219126775861,0.028335167095065117,0.0,0.0,-0.00985435870516655,0.13414402136208176,0.07850186666156354,0.6090358203367437,-1.1766336925598029,0.16920050503788614
149730,149,0.07475656270980835,0.6075975894927979,0.07426771521568298,0.6033346652984619,-1.2365268468856812,0.25911712646484375,-1.2587039470672607,0.272922545671463,0.1323513686656952,0.010004029609262943,0.010008139535784721,0.029766160994768143,0.9584128856658936,0.7850702404975891,0.7007448673248291,0.8477155566215515,0.15005770325660706,0.00684894435107708,0.002678870689123869,0.02645070292055607,0.0,0.0,-0.013331553893999093,0.12674761267914272,0.06688273139432388,0.6102490576864552,-1.1515988854946375,0.08777576330025526
149731,149,0.06263531744480133,0.6106874942779541,0.06184934452176094,0.6060622930526733,-1.2074017524719238,0.3273944556713104,-1.24103844165802,0.2592824697494507,0.1316758245229721,0.01000354066491127,0.010007151402533054,0.02724258042871952,0.9624063968658447,0.7838994860649109,0.6973438262939453,0.8486821055412292,0.14920420944690704,0.006796839646995068,0.0026439246721565723,0.02432086504995823,0.0,0.0,-0.0009193458441530064,0.12816420891476746,0.055366742539375416,0.611126815319458,-1.151598885494631,0.08777576330025526
149732,149,0.05060787871479988,0.6139616966247559,0.04943975433707237,0.6086232662200928,-1.1972326040267944,0.3260522484779358,-1.2373809814453125,0.25940242409706116,0.13059063255786896,0.010003110393881798,0.010006282478570938,0.025851178914308548,0.9664424061775208,0.7829355597496033,0.693869411945343,0.8493943810462952,0.14868377149105072,0.0073731085285544395,0.0024170097894966602,0.02243838831782341,0.0,0.0,-0.016275610122255285,0.12492927255348246,0.04399877658337197,0.6116497649493343,-1.121265577588303,0.015067415582674975
149733,149,0.038263626396656036,0.6162737607955933,0.036872122436761856,0.6108887195587158,-1.2417054176330566,0.18256288766860962,-1.2475221157073975,0.21617215871810913,0.1296444684267044,0.010002734139561653,0.010005521588027477,0.025411050766706467,0.9705353379249573,0.7823914885520935,0.6903377771377563,0.8498010635375977,0.14794394373893738,0.0076288930140435696,0.002353081712499261,0.021773863583803177,0.0,0.0,-0.022364560575590872,0.12467703103680212,0.032786120807488175,0.6118004391051611,-1.121265577588303,0.015067415582674975
149734,149,0.025750597938895226,0.6176929473876953,0.024570023640990257,0.6128067970275879,-1.2568349838256836,0.10712739080190659,-1.213680386543274,0.16457226872444153,0.1326809525489807,0.01000240445137024,0.010004851035773754,0.023469075560569763,0.9742381572723389,0.7820663452148438,0.6869886517524719,0.8501258492469788,0.148301362991333,0.007911412976682186,0.0026691623497754335,0.01998012140393257,0.0,0.0,-0.00575191724402787,0.13355660215340354,0.02171171216944745,0.6117028321673629,-1.0856337688408215,-0.04892453811485471
149735,149,0.014092854224145412,0.6184707880020142,0.012845099903643131,0.6142637133598328,-1.110014796257019,0.03666694089770317,-1.156510353088379,0.10614586621522903,0.1374727189540863,0.01000211387872696,0.010004260577261448,0.02177799493074417,0.9775118827819824,0.7820846438407898,0.6836470365524292,0.8502110242843628,0.15330713987350464,0.008273483254015446,0.002253379439935088,0.01832415722310543,0.0,0.0,0.00161695612744691,0.13884151415184148,0.01085537448103719,0.6112135867862144,-1.0856337688408215,-0.04892453811485471
149736,149,0.002163488883525133,0.6183543801307678,0.0010964404791593552,0.6144673824310303,-1.2264113426208496,-0.03237977251410484,-1.1624014377593994,-0.0281757190823555,0.13437420129776,0.01000185776501894,0.010003742761909962,0.02030598185956478,0.9812179803848267,0.7821706533432007,0.6803438663482666,0.8502911329269409,0.15222834050655365,0.0081732627004385,0.002569211181253195,0.017091277986764908,0.0,0.0,0.009175365006432103,0.11837752795822017,0.00011691116769110225,0.6105651544329017,-1.0447034592521818,-0.10420009779233382
149737,149,-0.009295150637626648,0.6182457804679871,-0.010020957328379154,0.6141277551651001,-1.1077699661254883,-0.017888901755213737,-1.098168134689331,-0.05825774744153023,0.1376093477010727,0.016538921743631363,0.01000328827649355,0.019023047760128975,0.9845799803733826,0.7814196944236755,0.6773145794868469,0.8503624200820923,0.15242040157318115,0.012793833389878273,0.0026856670156121254,0.016097621992230415,0.0,0.0,0.0175045612713334,0.13855179916282312,-0.010330123424831429,0.6095231534549783,-1.0447034592521813,-0.10420009779233382
149738,149,-0.01998842880129814,0.6183240413665771,-0.020799975842237473,0.6134634017944336,-1.0441408157348633,0.024297254160046577,-1.0659526586532593,-0.07216646522283554,0.13519036769866943,0.016113346442580223,0.010002889670431614,0.017902560532093048,0.9879430532455444,0.7813854217529297,0.6743710041046143,0.8503749370574951,0.15124095976352692,0.01330166682600975,0.002701202407479286,0.01496178936213255,0.0,0.0,0.013092033677134223,0.12272470971159037,-0.020690253406756197,0.6083936268383116,-0.9984746488223865,-0.15075926344976232
149739,149,-0.03037833981215954,0.6180708408355713,-0.03148656710982323,0.6125868558883667,-1.0212833881378174,-0.04797732084989548,-1.0529260635375977,-0.08461576700210571,0.13183295726776123,0.015360572375357151,0.01000253763049841,0.016925068572163582,0.9913238286972046,0.7816261649131775,0.6717164516448975,0.8503534197807312,0.1465541124343872,0.012770838104188442,0.0030522265005856752,0.014120993204414845,0.0,0.0,0.0033636430804137997,0.11438366908201685,-0.030674999894980744,0.6068860342038136,-0.9984746488223865,-0.1507592634498152
149740,149,-0.03969176858663559,0.6176875233650208,-0.041446615010499954,0.61201411485672,-0.8760279417037964,-0.046081796288490295,-0.9573509097099304,-0.0523369237780571,0.12860596179962158,0.014871574006974697,0.010002229362726212,0.016072271391749382,0.9944859147071838,0.7818816900253296,0.6693090796470642,0.8502903580665588,0.14210352301597595,0.012360679917037487,0.0030911804642528296,0.013411839492619038,0.0,0.0,0.011374937011003724,0.11165133830210734,-0.04061440853875252,0.6053451444759532,-0.9511215434480615,-0.1855364080125649
149741,149,-0.04833565279841423,0.6172226667404175,-0.05058911815285683,0.6114298105239868,-0.8481242656707764,-0.045000676065683365,-0.8651395440101624,-0.05974753201007843,0.12236614525318146,0.014273308217525482,0.010001959279179573,0.015324273146688938,0.9977521896362305,0.7821574211120605,0.6669003367424011,0.8502135276794434,0.1366693675518036,0.011924647726118565,0.002986031584441662,0.012769793160259724,0.0,0.0,0.007800634581351602,0.0893430898683737,-0.050083881914267506,0.6034591241250814,-0.9469473375514328,-0.1886020350871931
149742,149,-0.05702661722898483,0.6166843771934509,-0.05886383354663849,0.6107519268989563,-0.8747970461845398,-0.05118339881300926,-0.7882078886032104,-0.06369448453187943,0.11625022441148758,0.013750459998846054,0.01000172458589077,0.014671104960143566,1.0011831521987915,0.7825623750686646,0.664456844329834,0.8499885201454163,0.13007332384586334,0.011927764862775803,0.0029539200477302074,0.01187062542885542,0.0,0.0,0.00448314783606909,0.08328200608612067,-0.059553355289782485,0.6015731037742095,-0.9217848711986492,-0.2014991934301282
149743,149,-0.06580217182636261,0.6154664754867554,-0.0666169822216034,0.6098644733428955,-0.864742636680603,-0.16871431469917297,-0.7544260621070862,-0.10398154705762863,0.11165305227041245,0.013291356153786182,0.010001517832279205,0.014097960665822029,1.0043549537658691,0.7833013534545898,0.6622892618179321,0.84955233335495,0.1226624846458435,0.011916334740817547,0.003351503051817417,0.011132943443953991,0.0,0.0,0.001793863238319292,0.08662007408401143,-0.06846139646755427,0.5993993183111417,-0.8901215254393259,-0.21772841270457324
149744,149,-0.07345621287822723,0.6134508848190308,-0.07375333458185196,0.6086850166320801,-0.6997612714767456,-0.2429870367050171,-0.6984710693359375,-0.15225116908550262,0.10750074684619904,0.01662682741880417,0.01000133529305458,0.01359611190855503,1.0071990489959717,0.7837642431259155,0.6602526903152466,0.8490350246429443,0.11804389208555222,0.014175845310091972,0.0030824148561805487,0.010896483436226845,0.0,0.0,0.0171398469544907,0.08462938254647703,-0.07736261172194812,0.5972220341840961,-0.8901215254393259,-0.2177284127045204
149745,149,-0.08101053535938263,0.6113747358322144,-0.08074608445167542,0.6067041754722595,-0.7959433794021606,-0.17721916735172272,-0.6907437443733215,-0.22871778905391693,0.1000167578458786,0.025785192847251892,0.010001172311604023,0.013155974447727203,1.0102964639663696,0.7832748293876648,0.6581299304962158,0.8486431241035461,0.11106103658676147,0.020867375656962395,0.003194466233253479,0.01054303627461195,0.0,0.0,0.027223144472043305,0.05824602308090285,-0.08571217053969585,0.5948635118543563,-0.8279972124860627,-0.23813839630184996
149746,149,-0.08856793493032455,0.6097697615623474,-0.08752695471048355,0.6044917702674866,-0.7339187860488892,-0.1525818258523941,-0.6867929697036743,-0.21612946689128876,0.0956539735198021,0.024595048278570175,0.010001030750572681,0.012769871391355991,1.0133888721466064,0.7839346528053284,0.6559045910835266,0.848085343837738,0.10612557083368301,0.02164105512201786,0.002741991775110364,0.009958630427718163,0.0,0.0,0.016369641957827075,0.07096240783620006,-0.09399214266455702,0.5924821278913376,-0.8279972124860627,-0.23813839630184996
149747,149,-0.09678897261619568,0.6074420809745789,-0.09508458524942398,0.6019099354743958,-0.8571519255638123,-0.2631823718547821,-0.7827939391136169,-0.26294243335723877,0.09051060676574707,0.02282700315117836,0.010000905022025108,0.012431610375642776,1.016370415687561,0.7850322127342224,0.6538103818893433,0.8475305438041687,0.09944798052310944,0.02024754509329796,0.003296859795227647,0.009674998931586742,0.0,0.0,0.01054170994985141,0.06101268314939154,-0.10174083111555553,0.5900085998470851,-0.7605743986916399,-0.24983198587912894
149748,149,-0.10408081114292145,0.6050428748130798,-0.1026325598359108,0.599684476852417,-0.6666699647903442,-0.2525605857372284,-0.7654191255569458,-0.22540615499019623,0.08903093636035919,0.025908248499035835,0.010000793263316154,0.012134780175983906,1.0187499523162842,0.7855467796325684,0.6521041393280029,0.8470274806022644,0.09530524909496307,0.021853599697351456,0.003439371706917882,0.009652497246861458,0.0,0.0,0.026391877288438115,0.08047708942481287,-0.10934657510247245,0.5875102799882936,-0.7605743986916464,-0.24983198587912894
149749,149,-0.11025212705135345,0.6030784845352173,-0.11016663163900375,0.5975140333175659,-0.5880476832389832,-0.16958028078079224,-0.7484517097473145,-0.21799641847610474,0.08361572027206421,0.0256868377327919,0.010000698268413544,0.011874420568346977,1.0211334228515625,0.7862511873245239,0.6503908634185791,0.8464778661727905,0.09117469191551208,0.022402821108698845,0.0032627196051180363,0.009217479266226292,0.0,0.0,0.02415838853196803,0.05203018832647205,-0.11645200517998787,0.58499147738169,-0.6878530840560638,-0.2528091814364102
149750,149,-0.11651354283094406,0.6007695198059082,-0.11778075993061066,0.5949916839599609,-0.6388365626335144,-0.25894102454185486,-0.7331218719482422,-0.25588977336883545,0.0770968422293663,0.02372617833316326,0.010000613518059254,0.011645648628473282,1.0237746238708496,0.78725665807724,0.6486473679542542,0.8460034132003784,0.08506205677986145,0.020687999203801155,0.003232488641515374,0.009337842464447021,0.0,0.0,0.010171637736142162,0.03856084805012586,-0.12333053602054894,0.5824633855673261,-0.6878530840560572,-0.25280918143635733
149751,149,-0.1228635162115097,0.598845362663269,-0.12428383529186249,0.5927965044975281,-0.644187331199646,-0.1585092544555664,-0.5941834449768066,-0.19809485971927643,0.07260514050722122,0.02360827662050724,0.010000539943575859,0.011445233598351479,1.0261467695236206,0.7878046631813049,0.6472179293632507,0.8457195162773132,0.07803365588188171,0.01996479369699955,0.00378067372366786,0.009203205816447735,0.0,0.0,0.022788977120219923,0.045597708586131915,-0.12975031971785722,0.57996903955053,-0.6098332685793347,-0.24706998297358798
149752,149,-0.127816841006279,0.5976244807243347,-0.12932170927524567,0.5913589596748352,-0.4126095473766327,-0.11714591085910797,-0.4590327739715576,-0.12455815076828003,0.06893709301948547,0.021900061517953873,0.010000476613640785,0.011269290931522846,1.0282453298568726,0.7888864874839783,0.6457716822624207,0.8449168801307678,0.07467949390411377,0.02053189091384411,0.0033105185721069574,0.008175286464393139,0.0,0.0,0.00620418577423389,0.046643902536752706,-0.13584865240365093,0.5774983397207942,-0.6098332685793215,-0.24706998297353513
149753,149,-0.13333332538604736,0.5941303372383118,-0.13453269004821777,0.5888252258300781,-0.5801231861114502,-0.45307812094688416,-0.4918084740638733,-0.2972230017185211,0.06074416637420654,0.020412627607584,0.010000418871641159,0.011114844121038914,1.0305278301239014,0.7904919981956482,0.6445371508598328,0.8440871238708496,0.06658686697483063,0.01872459053993225,0.0038727549836039543,0.008370736613869667,0.0,0.0,-0.002809394422586625,0.010155914717948758,-0.1415404017140188,0.5750981814459677,-0.5265149522614327,-0.2326143904907152
149754,149,-0.1376267671585083,0.5907706022262573,-0.13812632858753204,0.5862836241722107,-0.36321836709976196,-0.3052324056625366,-0.30748069286346436,-0.27250227332115173,0.057277828454971313,0.04519668221473694,0.010000365786254406,0.010979285463690758,1.0324684381484985,0.7889649868011475,0.643430769443512,0.843350350856781,0.061977703124284744,0.03560233116149902,0.00356151070445776,0.008426484651863575,0.0,0.0,0.049489270258866166,0.03551618572546691,-0.14680555123663355,0.5727720375410604,-0.5265149522614327,-0.2326143904907152
149755,149,-0.14193153381347656,0.5881803035736084,-0.14118796586990356,0.5831553936004639,-0.468391478061676,-0.21023589372634888,-0.29695847630500793,-0.3245362639427185,0.050856027752161026,0.04307027906179428,0.01000032015144825,0.010860227048397064,1.0348097085952759,0.7895171642303467,0.641883134841919,0.8426364064216614,0.057395149022340775,0.03770830109715462,0.0031048175878822803,0.008248168043792248,0.0,0.0,0.029154708147609586,0.0014426903653383186,-0.1517268781533339,0.5705357981603627,-0.43789813510238434,-0.20944240398784464
149756,149,-0.14771996438503265,0.5854620337486267,-0.14489035308361053,0.5796364545822144,-0.6307527422904968,-0.2818467915058136,-0.41996827721595764,-0.33423665165901184,0.04628783464431763,0.03944021090865135,0.010000282898545265,0.010755633935332298,1.0370701551437378,0.7907103300094604,0.6404823660850525,0.842138946056366,0.05128682777285576,0.03457512706518173,0.003628981299698353,0.008414319716393948,0.0,0.0,0.015502201993659818,0.01678674110369481,-0.15610585950435865,0.5684413741204842,-0.43789813510239756,-0.2094424039877918
149757,149,-0.15255582332611084,0.5834405422210693,-0.14910313487052917,0.5772196054458618,-0.419944167137146,-0.1824328452348709,-0.4658823013305664,-0.20801493525505066,0.04601646959781647,0.03785198554396629,0.010000249370932579,0.010663806460797787,1.0384200811386108,0.7913657426834106,0.639555811882019,0.8419950008392334,0.048866141587495804,0.031575679779052734,0.003909997642040253,0.008928216993808746,0.0,0.0,0.027294732662475677,0.04425087061581276,-0.16021437602066105,0.5664387847860761,-0.3439828171021762,-0.17755402346492352
149758,149,-0.15589098632335663,0.5830179452896118,-0.15369035303592682,0.5759601593017578,-0.29445329308509827,0.03106619045138359,-0.4723244607448578,-0.07514962553977966,0.041927095502614975,0.034552738070487976,0.010000220499932766,0.01058307383209467,1.0399665832519531,0.7917966246604919,0.6384617686271667,0.8418871760368347,0.04665490984916687,0.02959570288658142,0.00345792924053967,0.008653766475617886,0.0,0.0,0.012498997354258214,0.01519967826561082,-0.16365420419168317,0.5646632445514271,-0.3439828171021762,-0.17755402346487065
149759,149,-0.1600709855556488,0.5824607014656067,-0.15919768810272217,0.5750167965888977,-0.4621984362602234,-0.06377629935741425,-0.5552757382392883,-0.060747649520635605,0.037740908563137054,0.031389012932777405,0.010000195354223251,0.02090439200401306,1.0416532754898071,0.7921780943870544,0.6374364495277405,0.841358482837677,0.04201687499880791,0.026018772274255753,0.003819849342107773,0.017242975533008575,0.0,0.0,-0.022480158585164722,-0.0036805937856071516,-0.16690752230085934,0.5629640364154687,-0.2447689982608348,-0.13694924892189891
149760,149,-0.16362766921520233,0.5828394889831543,-0.16393284499645233,0.575412392616272,-0.3129255771636963,0.08020804822444916,-0.4391048550605774,0.0858430415391922,0.03605063632130623,0.028652209788560867,0.01000017486512661,0.01958135887980461,1.0430327653884888,0.7922351360321045,0.6364921927452087,0.8415687680244446,0.03993481025099754,0.023714929819107056,0.003629959188401699,0.016647793352603912,0.0,0.0,-0.010295605595060014,0.02476011165547258,-0.16935521228346784,0.5615945439262496,-0.2447689982608348,-0.13694924892189891
149761,149,-0.16719621419906616,0.5835584998130798,-0.1681494414806366,0.5763207674026489,-0.37548312544822693,0.08296079933643341,-0.3831180930137634,0.10876185446977615,0.032681919634342194,0.026282725855708122,0.010000157169997692,0.033466845750808716,1.044412612915039,0.7920732498168945,0.6356024146080017,0.8411353230476379,0.0367264561355114,0.021099869161844254,0.0038404210936278105,0.027846962213516235,0.0,0.0,-0.035754445154975854,0.00460942122418876,-0.1717109439787879,0.5602684481409016,-0.14872317780618385,-0.09162356755906952
149762,149,-0.17032693326473236,0.5849850177764893,-0.17119723558425903,0.5779222846031189,-0.2850816547870636,0.1666237860918045,-0.2609104812145233,0.18278662860393524,0.030820537358522415,0.024223878979682922,0.010000139474868774,0.0389266200363636,1.0454827547073364,0.7917067408561707,0.6349664926528931,0.8411477208137512,0.03398231789469719,0.01954049803316593,0.00411306181922555,0.03262433782219887,0.0,0.0,-0.039841267738317525,0.018206663931719443,-0.17311351076457113,0.5593921673373128,-0.1402566785783073,-0.08762808035882373
149763,149,-0.1725618690252304,0.5864198207855225,-0.17338067293167114,0.5798106789588928,-0.1731152981519699,0.13018082082271576,-0.17971983551979065,0.18939270079135895,0.028162594884634018,0.022437026724219322,0.010000125505030155,0.054556649178266525,1.0464634895324707,0.7913238406181335,0.6343900561332703,0.8407244682312012,0.03197072446346283,0.017654698342084885,0.0038903949316591024,0.045452218502759933,0.0,0.0,-0.05752569591047474,0.008018965006598426,-0.17451607755035436,0.5585158865337241,-0.09165460465575853,0.22139257817836247
149764,149,-0.1748625487089157,0.5881736278533936,-0.17494399845600128,0.5816859602928162,-0.26020628213882446,0.20818397402763367,-0.12227806448936462,0.19511139392852783,0.025855153799057007,0.020879099145531654,0.010000111535191536,0.053031325340270996,1.0476734638214111,0.7906599640846252,0.6335455179214478,0.841293215751648,0.030189769342541695,0.01611151359975338,0.00359475240111351,0.04574376717209816,0.0,0.0,-0.04332920798343352,-0.004987850627928055,-0.17483422086211478,0.5645345636821302,-0.030495883183302375,0.6102506424417637
149765,149,-0.1780555695295334,0.5905920267105103,-0.17609207332134247,0.5838426947593689,-0.361602246761322,0.2744342088699341,-0.12484085559844971,0.24258799850940704,0.02411365695297718,0.01952279731631279,0.01000010035932064,0.05217219144105911,1.0487111806869507,0.7896113395690918,0.6328548192977905,0.8422543406486511,0.027671538293361664,0.014229661785066128,0.004107171203941107,0.045805394649505615,0.0,0.0,-0.04668301340601606,0.012061706054104119,-0.17513917969394777,0.5706370701065473,-0.030495883183302375,0.6102506424417637
149766,149,-0.18030798435211182,0.5943676829338074,-0.17723870277404785,0.5872424840927124,-0.15646331012248993,0.4266365170478821,-0.15090465545654297,0.3890398144721985,0.03356095403432846,0.018340421840548515,0.010000091046094894,0.05212016776204109,1.0482202768325806,0.7882704138755798,0.6322988271713257,0.8432720899581909,0.03514949232339859,0.013224069960415363,0.003888434963300824,0.04579281806945801,0.0,0.0,-0.05178703505815809,0.03515882646594999,-0.1744246468818071,0.5756219267503669,0.08431328740960922,0.4843874781065452
149767,149,-0.18237172067165375,0.5984601378440857,-0.17955806851387024,0.5911353230476379,-0.2125808596611023,0.42501091957092285,-0.26483258605003357,0.4172261357307434,0.030629226937890053,0.017309388145804405,0.01000008825212717,0.06909714639186859,1.0488269329071045,0.7868480682373047,0.6317535638809204,0.8434724807739258,0.03418763354420662,0.012290868908166885,0.004071834497153759,0.05886589363217354,0.0,0.0,-0.07275898179736076,0.0107136107703623,-0.17358151400771096,0.5804658015314326,0.08431328740960922,0.4843874781065981
149768,149,-0.18416914343833923,0.6024997234344482,-0.1823434680700302,0.5954979062080383,-0.15010423958301544,0.38668203353881836,-0.28196966648101807,0.44827786087989807,0.03017008677124977,0.016405867412686348,0.010000078938901424,0.07249890267848969,1.0493725538253784,0.7855843901634216,0.6314016580581665,0.8440645933151245,0.03300037607550621,0.012009878642857075,0.004211273975670338,0.06233298406004906,0.0,0.0,-0.07320752944317648,0.027044667499669845,-0.1717943122620907,0.584353132857893,0.20412080807174518,0.362996864393302
149769,149,-0.18542996048927307,0.6058631539344788,-0.18509463965892792,0.5997812747955322,-0.09898443520069122,0.304741770029068,-0.25455620884895325,0.41063809394836426,0.029589926823973656,0.015615148469805717,0.010000071488320827,0.07194091379642487,1.0495561361312866,0.7845171689987183,0.6313701868057251,0.8448739051818848,0.031706877052783966,0.011324254795908928,0.004603879526257515,0.062384359538555145,0.0,0.0,-0.06856776286987266,0.025638756967902226,-0.16975310418137313,0.5879831015018259,0.20412080807174518,0.36299686439324913
149770,149,-0.1854110211133957,0.609160304069519,-0.18688428401947021,0.6038737297058105,0.05781598016619682,0.327538400888443,-0.12412900477647781,0.3871513307094574,0.029216468334197998,0.014924738556146622,0.010000064969062805,0.0699232742190361,1.0494146347045898,0.7837730646133423,0.6316404342651367,0.8454695343971252,0.03073798306286335,0.011831159703433514,0.004854423925280571,0.059221990406513214,0.0,0.0,-0.05765350083569261,0.026663669647477514,-0.16685324670172053,0.5908086879159009,0.32892667880310555,0.24607880130187548
149771,149,-0.18437175452709198,0.6107997894287109,-0.18749873340129852,0.6068009734153748,0.1621951311826706,0.06255816668272018,0.03228284418582916,0.22842197120189667,0.02678617835044861,0.01431983057409525,0.010000060312449932,0.06895709782838821,1.0489541292190552,0.7834117412567139,0.6324388980865479,0.8459341526031494,0.02795482613146305,0.010864503681659698,0.00544716976583004,0.059104565531015396,0.0,0.0,-0.06306353627145347,0.01012120299074625,-0.16356397991368923,0.5932694759289199,0.32892667880310555,0.24607880130187548
149772,149,-0.18138837814331055,0.6125921607017517,-0.1852252185344696,0.6090948581695557,0.3689499497413635,0.21301063895225525,0.34836724400520325,0.18257364630699158,0.02466258965432644,0.013790074735879898,0.01000005379319191,0.0625816285610199,1.0482978820800781,0.7830571532249451,0.6334844827651978,0.8464561104774475,0.025465652346611023,0.01128286961466074,0.005575171206146479,0.05318308249115944,0.0,0.0,-0.023310841877506795,0.0009880026867020233,-0.15951147989944855,0.5950690978355871,0.45873089960370345,0.1336332888324243
149773,149,-0.177702397108078,0.6132492423057556,-0.18121126294136047,0.6097866892814636,0.41123321652412415,-0.006468204781413078,0.48212602734565735,0.015870850533246994,0.02281804196536541,0.013326088897883892,0.02410912699997425,0.06044409051537514,1.047422170639038,0.7832301259040833,0.6341524124145508,0.8466076254844666,0.023592881858348846,0.01104719564318657,0.011905945837497711,0.05069300904870033,0.0,0.0,-0.047114524086926235,-0.026288070727792108,-0.1549241709034112,0.5964054307239117,0.45873089960370345,0.1336332888324772
149774,149,-0.17384091019630432,0.6131327152252197,-0.17572396993637085,0.6094264388084412,0.3784366548061371,-0.019280679523944855,0.6064289808273315,-0.0739363357424736,0.021212197840213776,0.01291922852396965,0.02828092686831951,0.05411425605416298,1.0463238954544067,0.783259391784668,0.6353134512901306,0.8470009565353394,0.021349256858229637,0.010373321361839771,0.014567776583135128,0.046261243522167206,0.0,0.0,-0.014208672601968814,-0.02895179700582927,-0.14967904155403067,0.5972148685281453,0.5935334704735258,0.025660326984948478
149775,149,-0.16895364224910736,0.6135267615318298,-0.1687600463628769,0.6089251041412354,0.5433822870254517,0.05344310402870178,0.7311317920684814,-0.05227382108569145,0.01981273479759693,0.012562413699924946,0.027136392891407013,0.0484100878238678,1.045066475868225,0.7833176851272583,0.6368042230606079,0.847308337688446,0.019842201843857765,0.01050187461078167,0.014196948148310184,0.04092894122004509,0.0,0.0,-0.011853765558363327,-0.019282673095266836,-0.14374370684929488,0.5974714717979945,0.5935334704735258,0.025660326984948478
149776,149,-0.1637839525938034,0.6133502125740051,-0.1618635356426239,0.608039915561676,0.5298452377319336,-0.047125332057476044,0.6674659252166748,-0.09113407135009766,0.018592096865177155,0.01224946416914463,0.038352176547050476,0.04517306387424469,1.043304681777954,0.7836270332336426,0.6383758187294006,0.8473589420318604,0.01722252555191517,0.010530686937272549,0.020647305995225906,0.03747626766562462,0.0,0.0,-0.02416436260347063,-0.040209809234706594,-0.13726596136421812,0.5973265059047701,0.7333343914125989,-0.07784008424065775
149777,149,-0.1564980298280716,0.6125187873840332,-0.15501375496387482,0.6073861122131348,0.8518974184989929,-0.12948502600193024,0.6782442927360535,-0.075571209192276,0.01752697117626667,0.011975058354437351,0.03767627477645874,0.04060570150613785,1.0410058498382568,0.7842045426368713,0.6407895684242249,0.8472642302513123,0.01581793837249279,0.01046072505414486,0.02090591751039028,0.03379855677485466,0.0,0.0,-0.010618843109941128,-0.033174916620159645,-0.12993261745009166,0.5965481050623632,0.7333343914125989,-0.07784008424071062
149778,149,-0.14794878661632538,0.6111640930175781,-0.14831624925136566,0.6062068343162537,0.8711338043212891,-0.1335393637418747,0.6872340440750122,-0.14459958672523499,0.016597265377640724,0.011734518222510815,0.07272298634052277,0.036607690155506134,1.0383912324905396,0.7848607897758484,0.642326831817627,0.847083330154419,0.013973414897918701,0.010613038204610348,0.03865252807736397,0.029948195442557335,0.0,0.0,0.000930097560109467,-0.07986757720804875,-0.12218226902876798,0.5954845158766563,0.8781336624208899,-0.1768679448443415
149779,149,-0.13844743371009827,0.6092780828475952,-0.14080442488193512,0.6045342087745667,1.0019309520721436,-0.2391262948513031,0.8198535442352295,-0.193917378783226,0.015783680602908134,0.011523245833814144,0.07999905943870544,0.03316164389252663,1.0354294776916504,0.7857671976089478,0.6448797583580017,0.8467400670051575,0.012898397631943226,0.010419586673378944,0.043828416615724564,0.02716687321662903,0.0,0.0,0.000361312925336546,-0.08159789117223135,-0.11340093240455851,0.5937158364282126,0.8781336624208832,-0.1768679448443415
149780,149,-0.1282012015581131,0.607083797454834,-0.13144001364707947,0.6024160981178284,1.0330092906951904,-0.20641595125198364,1.0315324068069458,-0.2328953742980957,0.015071192756295204,0.0152059867978096,0.0974268764257431,0.030183276161551476,1.032428503036499,0.7861776351928711,0.6472475528717041,0.8463236093521118,0.011817660182714462,0.013407641090452671,0.05338737368583679,0.02434559538960457,0.0,0.0,0.015728335215436245,-0.1014121040417863,-0.10433799424643149,0.5917694043549984,1.0279312834984118,-0.27142325482615565
149781,149,-0.11778023838996887,0.6046127676963806,-0.12040149420499802,0.5997685194015503,1.0517528057098389,-0.2796120047569275,1.157147765159607,-0.28721433877944946,0.014447277411818504,0.014565267600119114,0.10380838066339493,0.027605053037405014,1.0292115211486816,0.7870500087738037,0.6500543355941772,0.8459551334381104,0.01076551340520382,0.012837741523981094,0.05845710635185242,0.022636372596025467,0.0,0.0,0.009421316851576461,-0.10532484306631068,-0.09405868141144665,0.5890551718067372,1.0279312834984118,-0.2714232548261028
149782,149,-0.10672429949045181,0.6026294231414795,-0.10797666758298874,0.5972135663032532,1.125354528427124,-0.16436949372291565,1.2829012870788574,-0.24976974725723267,0.013901776634156704,0.0187555979937315,0.10672558099031448,0.0253736712038517,1.0258139371871948,0.7874025702476501,0.6531709432601929,0.8454410433769226,0.009614660404622555,0.01654917560517788,0.06173214688897133,0.020115971565246582,0.0,0.0,0.019388773473825758,-0.10746452583035238,-0.08364316671596467,0.5862616772509915,1.1701872978805388,-0.35420844759397646
149783,149,-0.0949268639087677,0.5998507142066956,-0.09516441822052002,0.594460666179657,1.2377854585647583,-0.3380841016769409,1.2925587892532349,-0.28626465797424316,0.013423598371446133,0.017669305205345154,0.11431744694709778,0.023434652015566826,1.022292137145996,0.7887514233589172,0.6562327146530151,0.8446604013442993,0.009266428649425507,0.016532031819224358,0.06599904596805573,0.0184239000082016,0.0,0.0,-0.0015606904758399959,-0.11626394883765544,-0.07181589416951215,0.5826466171091319,1.1827272546451713,-0.3615060141859945
149784,149,-0.08333658427000046,0.5962536334991455,-0.08243066072463989,0.5911573171615601,1.1227571964263916,-0.36592409014701843,1.274405598640442,-0.35188281536102295,0.013004643842577934,0.02178247459232807,0.12850946187973022,0.021748745813965797,1.0187944173812866,0.7898412346839905,0.659010112285614,0.8436381816864014,0.00835654977709055,0.02028374746441841,0.07527711987495422,0.016342496499419212,0.0,0.0,0.02240741515832371,-0.13237014958304966,-0.05998862162305963,0.5790315569672722,1.2534841709393147,-0.3994142097181926
149785,149,-0.0716145932674408,0.5915273427963257,-0.06994292140007019,0.5872310400009155,1.2064182758331299,-0.5456228256225586,1.2213308811187744,-0.4294491410255432,0.012637377716600895,0.02406536601483822,0.1256778985261917,0.020280642434954643,1.0149964094161987,0.7912514805793762,0.6624864935874939,0.8426082134246826,0.007743848487734795,0.021755041554570198,0.0761895701289177,0.01570492796599865,0.0,0.0,0.024422158297520265,-0.11074934737086915,-0.046582600377504634,0.5745706782465901,1.3425215758611548,-0.447116222923858
149786,149,-0.05908818915486336,0.5872992277145386,-0.0575333870947361,0.583040714263916,1.2573012113571167,-0.3727777898311615,1.2232080698013306,-0.4450441598892212,0.012315287254750729,0.04741315543651581,0.12463685870170593,0.019000615924596786,1.011121392250061,0.7901149988174438,0.6660839319229126,0.8416997194290161,0.007057564798742533,0.03849707171320915,0.07705643028020859,0.014565661549568176,0.0,0.0,0.05145866903043494,-0.11912291559680657,-0.03315738461889377,0.5700995160173519,1.3425215758611548,-0.44711622292391084
149787,149,-0.046158317476511,0.5836105346679688,-0.045515358448028564,0.5785070061683655,1.317133903503418,-0.3558524549007416,1.1865426301956177,-0.4482925236225128,0.012032254599034786,0.044176824390888214,0.1240929514169693,0.01788146048784256,1.0070323944091797,0.7912201881408691,0.6698021292686462,0.8407443165779114,0.006477635353803635,0.03995804488658905,0.07828065752983093,0.013624021783471107,0.0,0.0,0.02315700671952814,-0.12121466719272632,-0.018268829734183978,0.5649078611303084,1.5073142471463747,-0.5282538810399047
149788,149,-0.03275611996650696,0.5797056555747986,-0.03379226103425026,0.5740523338317871,1.3662772178649902,-0.3993196189403534,1.185735821723938,-0.42870229482650757,0.011784465052187443,0.040582530200481415,0.12483856081962585,0.016906099393963814,1.0026123523712158,0.7930654287338257,0.6737408638000488,0.8398067951202393,0.005666534416377544,0.03730121627449989,0.08100634813308716,0.01278233528137207,0.0,0.0,0.016950810705346125,-0.12504377682417084,-0.0031956872627191997,0.5596253223199097,1.5073142471463747,-0.5282538810398518
149789,149,-0.018273739144206047,0.5756536722183228,-0.02119155041873455,0.5700091123580933,1.4996017217636108,-0.41597965359687805,1.3308590650558472,-0.3964560627937317,0.011567072942852974,0.037755269557237625,0.12541525065898895,0.01605372689664364,0.997855007648468,0.7948904037475586,0.6779407262802124,0.8389062285423279,0.005235098768025637,0.03449780121445656,0.08313518762588501,0.012236709706485271,0.0,0.0,0.018988002522700533,-0.12557505816453685,0.01316738312332144,0.553738671671479,1.671013178378492,-0.6049189885339232
149790,149,-0.0030405083671212196,0.5718671083450317,-0.006863888818770647,0.5661410093307495,1.5402681827545166,-0.35615262389183044,1.5160220861434937,-0.3809335231781006,0.011376281268894672,0.035048291087150574,0.13686873018741608,0.015308202244341373,0.9928849339485168,0.7967041730880737,0.6819456815719604,0.8378716707229614,0.004583186469972134,0.032944921404123306,0.09208763390779495,0.011162916198372841,0.0,0.0,0.016933310854809966,-0.1401552067453374,0.029877514907105517,0.5476894817861404,1.6710131783784947,-0.6049189885339232
149791,149,0.012800945900380611,0.567351758480072,0.008890160359442234,0.5620379447937012,1.6337380409240723,-0.5118526220321655,1.6391935348510742,-0.4248707890510559,0.01120870653539896,0.03181422874331474,0.1395953744649887,0.014655351638793945,0.9874851107597351,0.7989407777786255,0.6864737272262573,0.8366597294807434,0.0040639834478497505,0.030471235513687134,0.09696716070175171,0.0105945048853755,0.0,0.0,0.0018261822846796158,-0.14038768414337185,0.04753869948100975,0.5411436157813001,1.8092500090681705,-0.6771115454060722
149792,149,0.029740162193775177,0.5623190999031067,0.026133328676223755,0.5576426386833191,1.735298991203308,-0.5127683877944946,1.7824629545211792,-0.46474689245224,0.011061584576964378,0.03029942326247692,0.14673620462417603,0.014083695597946644,0.9818312525749207,0.8010576367378235,0.6911035776138306,0.8354253768920898,0.0036906152963638306,0.028814326971769333,0.10368869453668594,0.01013503409922123,0.0,0.0,0.020010065664471,-0.1488494661490168,0.06563119957169267,0.5343725003272393,1.8092500090681605,-0.6771115454060722
149793,149,0.047306839376688004,0.5572606325149536,0.04443040117621422,0.5527200102806091,1.7686095237731934,-0.5040581226348877,1.8603965044021606,-0.5158821940422058,0.010932627134025097,0.028370056301355362,0.15635675191879272,0.013583781197667122,0.9759937524795532,0.8032167553901672,0.6957364082336426,0.834090530872345,0.003288079984486103,0.02763945423066616,0.11246925592422485,0.009466479532420635,0.0,0.0,0.01517182775955276,-0.15943026250754688,0.08435098077099266,0.5272031993709616,1.9159326490930595,-0.7448315516562987
149794,149,0.06529252231121063,0.5517417788505554,0.06319635361433029,0.5472701787948608,1.824576497077942,-0.5857310891151428,1.8909165859222412,-0.5660971999168396,0.010819179937243462,0.026035655289888382,0.15922105312347412,0.01314486376941204,0.9698268175125122,0.8056674599647522,0.7007824778556824,0.8326064944267273,0.0027604487258940935,0.025992661714553833,0.11814490705728531,0.008955691009759903,0.0,0.0,0.008335476755581023,-0.1601174744192867,0.10351030726192463,0.5197548838543987,1.9159326490930595,-0.7448315516562987
149795,149,0.08424030989408493,0.545701265335083,0.0824020653963089,0.5414799451828003,1.9374881982803345,-0.629963755607605,1.9334896802902222,-0.6031378507614136,0.010719431564211845,0.024678122252225876,0.16309228539466858,0.01275962870568037,0.9633142948150635,0.8081041574478149,0.7060979604721069,0.83111172914505,0.0021701932419091463,0.024429935961961746,0.12391199171543121,0.008763481862843037,0.0,0.0,0.015315341040965338,-0.1642771231003052,0.12303625156129333,0.5119979283516625,1.9910610984531982,-0.8080790072846027
149796,149,0.10412773489952087,0.5397588014602661,0.1020759865641594,0.535385012626648,2.0145528316497803,-0.5812703371047974,1.983507513999939,-0.6255706548690796,0.010632002726197243,0.02371484786272049,0.17437393963336945,0.012422500178217888,0.9566356539726257,0.8105654120445251,0.7112395167350769,0.82942795753479,0.002114122034981847,0.024319741874933243,0.13378532230854034,0.008024584501981735,0.0,0.0,0.017034005358962143,-0.1781141004243114,0.1429468625458266,0.5039171382788165,1.9910610984531851,-0.8080790072846027
149797,149,0.12407058477401733,0.532910943031311,0.12172314524650574,0.5285704135894775,1.996183156967163,-0.7392982244491577,1.9751163721084595,-0.7055278420448303,0.010555194690823555,0.021992100402712822,0.18460194766521454,0.012126734480261803,0.949906587600708,0.8135119676589966,0.716338038444519,0.8275191187858582,0.002091893693432212,0.023258544504642487,0.1435898244380951,0.007647036574780941,0.0,0.0,0.0041142511882148874,-0.18811132166193448,0.16302653641995504,0.49560830863459326,2.034635357148537,-0.8668539122909842
149798,149,0.14389196038246155,0.5253116488456726,0.14169876277446747,0.5212769508361816,1.9605278968811035,-0.7743624448776245,2.011566162109375,-0.7540677189826965,0.010487777180969715,0.023084934800863266,0.18438205122947693,0.01186743937432766,0.9432084560394287,0.8161464929580688,0.7217062711715698,0.8256475925445557,0.0020078481175005436,0.023605193942785263,0.14684364199638367,0.007559360004961491,0.0,0.0,0.023257649431566912,-0.18336281696121284,0.18337288999144177,0.48693976951168344,2.0346353571485243,-0.8668539122909842
149799,149,0.16369999945163727,0.5179975628852844,0.1621006578207016,0.5137891173362732,1.977988362312317,-0.7143362164497375,2.0394604206085205,-0.7586936354637146,0.010428540408611298,0.02484467625617981,0.1828426718711853,0.011639841832220554,0.936633288860321,0.818687379360199,0.7270657420158386,0.823597252368927,0.002121854340657592,0.025897342711687088,0.1474127620458603,0.006925133988261223,0.0,0.0,0.025122088051358224,-0.17569810132742092,0.2037538599150021,0.47811484613095284,2.046655425179096,-0.9211562666754168
149800,149,0.18302838504314423,0.5098870992660522,0.18195030093193054,0.5056824684143066,1.919968605041504,-0.8589985370635986,1.9603592157363892,-0.8302306532859802,0.01037647295743227,0.02314300276339054,0.18159450590610504,0.011439989320933819,0.9300514459609985,0.8218028545379639,0.7323945760726929,0.8215323686599731,0.002020403277128935,0.024622390046715736,0.14866262674331665,0.007001366000622511,0.0,0.0,0.011341314786021198,-0.17578973248256635,0.22422041416679456,0.4689032834641985,2.046655425179109,-0.9211562666754433
149801,149,0.20236380398273468,0.5019288063049316,0.20159956812858582,0.49755558371543884,1.923689842224121,-0.7732570767402649,1.943960428237915,-0.8177691698074341,0.010330727323889732,0.028773512691259384,0.17843003571033478,0.011264536529779434,0.9234870672225952,0.8239206671714783,0.7377357482910156,0.8195691704750061,0.001967294607311487,0.02873937413096428,0.14832425117492676,0.006899064406752586,0.0,0.0,0.029645335641750648,-0.16365143794816908,0.24465024661447587,0.45959804675193267,2.0271213025449013,-0.9709860704379535
149802,149,0.2215697318315506,0.49438244104385376,0.22072556614875793,0.48946499824523926,1.9144723415374756,-0.7401248216629028,1.8816770315170288,-0.7985464930534363,0.010290597565472126,0.026671798899769783,0.17539383471012115,0.011110723949968815,0.9171115756034851,0.826992928981781,0.7429049611091614,0.8173174858093262,0.0022446713410317898,0.02900935336947441,0.1466330587863922,0.00618112413212657,0.0,0.0,0.01224016870158745,-0.16108688224070283,0.26492145963992386,0.44988818604755426,2.027121302544888,-0.9709860704379535
149803,149,0.23996615409851074,0.4855234622955322,0.2386636584997177,0.48092174530029297,1.8166126012802124,-0.9557574987411499,1.7626621723175049,-0.8685363531112671,0.010255308821797371,0.024562077596783638,0.1720818728208542,0.010975555516779423,0.9109424352645874,0.8310452699661255,0.7478854656219482,0.8145077228546143,0.0023831045255064964,0.028523912653326988,0.14509202539920807,0.005333164241164923,0.0,0.0,0.001778641191784655,-0.15639203015727238,0.2851477210864079,0.4401384164087285,1.9801716321007252,-1.0126689515059053
149804,149,0.2577551007270813,0.474428653717041,0.2558819651603699,0.47153934836387634,1.7665585279464722,-1.2087039947509766,1.7113306522369385,-0.9873577952384949,0.010224281810224056,0.0296334121376276,0.1661289632320404,0.010856779292225838,0.9047256112098694,0.834725558757782,0.7529647946357727,0.8114528059959412,0.002200172748416662,0.032541923224925995,0.14254972338676453,0.005221236497163773,0.0,0.0,0.030403664196141683,-0.13768641593007505,0.3049080509788684,0.4299749831729428,1.9760329892459265,-1.0163433235785675
149805,149,0.2757877707481384,0.4628089964389801,0.27346348762512207,0.4614394009113312,1.7965114116668701,-1.166683316230774,1.7609893083572388,-1.0720793008804321,0.010197062976658344,0.06289615482091904,0.1590912789106369,0.010752636939287186,0.8984379172325134,0.8349615335464478,0.7581456899642944,0.8086012601852417,0.0020957591477781534,0.058134038001298904,0.13858434557914734,0.0055970135144889355,0.0,0.0,0.06911604720742921,-0.12489727279934906,0.324668380871329,0.4198115499371572,1.9394388932178879,-1.0344470675152517
149806,149,0.29397550225257874,0.4525575339794159,0.29144808650016785,0.4504357576370239,1.8067764043807983,-0.9363378286361694,1.7968624830245972,-1.1483296155929565,0.010173160582780838,0.06368492543697357,0.15354713797569275,0.01066120807081461,0.8924006819725037,0.8375219702720642,0.7630681395530701,0.80579674243927,0.0024596466682851315,0.06558509916067123,0.13366469740867615,0.005286598578095436,0.0,0.0,0.06384622530058236,-0.12621139279880061,0.34361221275165504,0.4092441807515622,1.8933904852821848,-1.0572280260972593
149807,149,0.3111359477043152,0.4421899914741516,0.3086056709289551,0.4382055401802063,1.6833510398864746,-1.069246768951416,1.6891472339630127,-1.2183234691619873,0.010152198374271393,0.058709386736154556,0.14877475798130035,0.010581059381365776,0.8864280581474304,0.8415060639381409,0.7678778767585754,0.8031339049339294,0.002283378504216671,0.06247226893901825,0.1310945600271225,0.005500737112015486,0.0,0.0,0.02757505388880116,-0.12488738270209104,0.3625461176044758,0.398671900490591,1.8933904852821584,-1.0572280260972593
149808,149,0.3283056616783142,0.4321902394294739,0.32575523853302,0.4268741309642792,1.720823049545288,-0.9688856601715088,1.7111719846725464,-1.0741926431655884,0.010133729316294193,0.05688072741031647,0.14129212498664856,0.010510473512113094,0.8805668950080872,0.8455953001976013,0.7726395726203918,0.8002415299415588,0.002521689049899578,0.06152724847197533,0.12542997300624847,0.0047803944908082485,0.0,0.0,0.045366974219058595,-0.1034681646512908,0.38046596952631806,0.38777628469460734,1.7791937906536368,-1.093640177994002
149809,149,0.34488582611083984,0.4209902286529541,0.342141717672348,0.41589343547821045,1.645426630973816,-1.1957221031188965,1.6176598072052002,-1.0922468900680542,0.010117508471012115,0.05286076292395592,0.13561329245567322,0.010448501445353031,0.8746100664138794,0.8499913811683655,0.7774484753608704,0.797417938709259,0.0021402209531515837,0.05722038075327873,0.12210026383399963,0.005274712573736906,0.0,0.0,0.027332501301251783,-0.106445473319945,0.3982579074328556,0.3768398829146673,1.7791937906536368,-1.0936401779940284
149810,149,0.36201173067092896,0.41050103306770325,0.35895875096321106,0.40574026107788086,1.7215341329574585,-0.9881675839424133,1.6883041858673096,-0.9992077946662903,0.010103268548846245,0.059027306735515594,0.1288585662841797,0.01039410475641489,0.8686850070953369,0.8531701564788818,0.7822039723396301,0.794641375541687,0.0023433982860296965,0.06155015900731087,0.11665210127830505,0.00489491131156683,0.0,0.0,0.06027505673881152,-0.09360915212799423,0.41490134587089567,0.36565180091327015,1.6334429053603086,-1.1255797792688487
149811,149,0.3787005543708801,0.40000420808792114,0.37534669041633606,0.3954036831855774,1.6501539945602417,-1.0687167644500732,1.6229103803634644,-1.0361332893371582,0.010090744122862816,0.05457841232419014,0.12509217858314514,0.010346262715756893,0.863044261932373,0.8575950860977173,0.7866328358650208,0.7912781238555908,0.002596374601125717,0.06201145425438881,0.11303254961967468,0.003946270793676376,0.0,0.0,0.02648657384852128,-0.1052237475534388,0.4312357749245,0.3543960031205816,1.633442905360335,-1.1255797792688487
149812,149,0.39451730251312256,0.38714689016342163,0.39088940620422363,0.3841390907764435,1.5751419067382812,-1.3998332023620605,1.5494838953018188,-1.1630157232284546,0.010079732164740562,0.051994964480400085,0.1205260157585144,0.01030421257019043,0.857158899307251,0.8625233769416809,0.7912367582321167,0.7880053520202637,0.0020078481175005436,0.05781936272978783,0.11106902360916138,0.0045861429534852505,0.0,0.0,0.035532005825180554,-0.0962189193118759,0.446396542484307,0.3429512353187465,1.4628495935163963,-1.1530468299217465
149813,149,0.4113544821739197,0.37516748905181885,0.40749937295913696,0.37312301993370056,1.697497010231018,-1.1275080442428589,1.6772288084030151,-1.1346969604492188,0.010070056654512882,0.08078953623771667,0.11512310057878494,0.010267275385558605,0.8512744903564453,0.8639814257621765,0.7958069443702698,0.7847205400466919,0.0022543470840901136,0.08025877922773361,0.10656339675188065,0.00411306181922555,0.0,0.0,0.08673864829966475,-0.08601345583461012,0.4610250384194718,0.33142076701952894,1.4628495935163697,-1.1530468299217729
149814,149,0.4277365803718567,0.36312898993492126,0.4237408936023712,0.36085137724876404,1.6255797147750854,-1.2135714292526245,1.614776849746704,-1.2608219385147095,0.010061574168503284,0.07571661472320557,0.11425120383501053,0.010234897956252098,0.8455464839935303,0.8676849007606506,0.8000998497009277,0.7814481854438782,0.002371481852605939,0.08294817805290222,0.10524534434080124,0.0044020176865160465,0.0,0.0,0.04540908250580278,-0.10950049578795518,0.4746622531557335,0.31975509382223116,1.2942609115783388,-1.1760413299527748
149815,149,0.4436544179916382,0.3514411449432373,0.43984103202819824,0.3481823205947876,1.5606566667556763,-1.1297940015792847,1.601078748703003,-1.2611255645751953,0.010054096579551697,0.07315675169229507,0.11272072792053223,0.01020636036992073,0.8400358557701111,0.8720869421958923,0.8041586875915527,0.7782831192016602,0.002557571744546294,0.08077578246593475,0.10405917465686798,0.0041346619836986065,0.0,0.0,0.05777207570376608,-0.10439451399588073,0.4876048622715162,0.30799468052270496,1.2942609115783388,-1.1760413299527748
149816,149,0.45891237258911133,0.3396297097206116,0.4554154574871063,0.33560851216316223,1.509799599647522,-1.2072726488113403,1.532159686088562,-1.2360161542892456,0.010047533549368382,0.06900078058242798,0.11091575026512146,0.010181311517953873,0.8347380757331848,0.8770001530647278,0.8080640435218811,0.774725615978241,0.0027555914130061865,0.07888760417699814,0.10255792737007141,0.0035106868017464876,0.0,0.0,0.043773609908396544,-0.10104457100659661,0.4997673138261391,0.2961438823349199,1.1343886236603054,-1.1945632793618277
149817,149,0.4735495150089264,0.3262849450111389,0.470144659280777,0.3229729235172272,1.448503017425537,-1.408504605293274,1.4472132921218872,-1.2722927331924438,0.010041764006018639,0.06689613312482834,0.10926436632871628,0.010159296914935112,0.8294559121131897,0.8821655511856079,0.8119477033615112,0.771008312702179,0.00261189928278327,0.07625517249107361,0.10171978175640106,0.0035693314857780933,0.0,0.0,0.05401838264763367,-0.10020017111263904,0.5111112000627431,0.28419824954130163,1.1343886236603318,-1.1945632793618277
149818,149,0.48828360438346863,0.31266504526138306,0.4847743809223175,0.31039515137672424,1.4730247259140015,-1.3518153429031372,1.4494975805282593,-1.2753512859344482,0.010036693885922432,0.08249050378799438,0.10750371217727661,0.010139955207705498,0.8242574334144592,0.8855245113372803,0.8157302141189575,0.7672088742256165,0.0027905681636184454,0.0887857973575592,0.1002199575304985,0.0033085672184824944,0.0,0.0,0.08581068322741253,-0.09779874747710364,0.5218686195878874,0.2721981067680047,0.9832327297624018,-1.2086126781489845
149819,149,0.5026003122329712,0.2988751530647278,0.498916894197464,0.2971295118331909,1.4088821411132812,-1.3825981616973877,1.3934721946716309,-1.3594130277633667,0.01003224216401577,0.08203142136335373,0.10981661826372147,0.010122978128492832,0.8195931315422058,0.8900757431983948,0.8189144134521484,0.7630914449691772,0.003761090338230133,0.09363547712564468,0.0998692438006401,0.0028955559246242046,0.0,0.0,0.07932377849992692,-0.11041218105416792,0.531700946885512,0.260111979986515,0.983232729762349,-1.2086126781489845
149820,149,0.5148710608482361,0.2839680016040802,0.511796236038208,0.2825135290622711,1.1335322856903076,-1.5238374471664429,1.243114948272705,-1.4957232475280762,0.010028334334492683,0.08548882603645325,0.10981552302837372,0.010108058340847492,0.8159834742546082,0.8949904441833496,0.8214115500450134,0.7588413953781128,0.005208366084843874,0.0973300039768219,0.0969870388507843,0.0028177788481116295,0.0,0.0,0.08627603420406411,-0.10980951667140365,0.5411230655333389,0.24799827303268007,0.8407932298844696,-1.2181895263141924
149821,149,0.524002194404602,0.26863330602645874,0.523212730884552,0.26703229546546936,0.7582762241363525,-1.5207476615905762,1.0675268173217773,-1.5686798095703125,0.010024894028902054,0.10680984705686569,0.10456642508506775,0.010094944387674332,0.8129481673240662,0.8980270028114319,0.8238469362258911,0.7548577189445496,0.0046965451911091805,0.11377376317977905,0.09477449953556061,0.0030532001983374357,0.0,0.0,0.11194940694274286,-0.0755394722511181,0.5495309978321841,0.23581637776953812,0.8407932298844696,-1.2181895263141924
149822,149,0.5331054329872131,0.25454801321029663,0.5338118076324463,0.2522619366645813,0.9503070116043091,-1.3779224157333374,0.9579569697380066,-1.4695531129837036,0.010021871887147427,0.11482348293066025,0.09193135052919388,0.01008341833949089,0.8096928596496582,0.9014219641685486,0.8266915082931519,0.7508914470672607,0.004895898513495922,0.12608052790164948,0.08455930650234222,0.00300939055159688,0.0,0.0,0.11687218042309336,-0.020526525238417942,0.557687546754851,0.22362488704014505,0.7070701240266409,-1.2232938238575042
149823,149,0.5420973300933838,0.24062195420265198,0.5417407155036926,0.2373955249786377,0.8812355399131775,-1.3830757141113281,0.6782293915748596,-1.4770113229751587,0.01001922320574522,0.11226481944322586,0.08617699146270752,0.010073312558233738,0.8065389394760132,0.9059060215950012,0.829351007938385,0.7470610737800598,0.004702461883425713,0.127371683716774,0.07892503589391708,0.0030950764194130898,0.0,0.0,0.09828998141150733,-0.05276316174314266,0.5647582479951174,0.21139194880157008,0.707070124026588,-1.223293823857491
149824,149,0.5511727929115295,0.22697986662387848,0.5479413866996765,0.2230909764766693,0.9179848432540894,-1.3551712036132812,0.5981612801551819,-1.3902537822723389,0.010016893967986107,0.11062302440404892,0.08032599836587906,0.010064426809549332,0.8034561276435852,0.9107255339622498,0.8318097591400146,0.7432715892791748,0.005172731354832649,0.12598562240600586,0.07287478446960449,0.003039568429812789,0.0,0.0,0.10161883599351643,-0.04587238193744675,0.5717189583447871,0.19915845470159127,0.5921901535382063,-1.2238743932254816
149825,149,0.559457540512085,0.2133455127477646,0.5540823340415955,0.20935624837875366,0.7702365517616272,-1.3524099588394165,0.656220018863678,-1.3422220945358276,0.010014849714934826,0.1089063212275505,0.07703134417533875,0.010056627914309502,0.8007904291152954,0.9155394434928894,0.8339056968688965,0.7394806742668152,0.00539065059274435,0.12457149475812912,0.06934612989425659,0.0029062542598694563,0.0,0.0,0.09943760980817738,-0.05736709883999602,0.5775395924666752,0.18691919899380252,0.5820634121888099,-1.2239255707788672
149826,149,0.5668905973434448,0.19966155290603638,0.5609905123710632,0.19619397819042206,0.7250313758850098,-1.379103660583496,0.7152978181838989,-1.2949742078781128,0.010013044811785221,0.10769878327846527,0.0717024877667427,0.010049751028418541,0.7982863783836365,0.9203954935073853,0.835926353931427,0.7355883717536926,0.00558509910479188,0.1236720085144043,0.06467187404632568,0.0027478199917823076,0.0,0.0,0.10104030803951297,-0.039655028351931895,0.5833602265885632,0.17467994328601377,0.530570066110892,-1.2221639080016775
149827,149,0.573792576789856,0.1856786459684372,0.5681386590003967,0.18323110044002533,0.6696663498878479,-1.4077566862106323,0.7128546237945557,-1.2976166009902954,0.010011464357376099,0.10763304680585861,0.0669630765914917,0.010043726302683353,0.7959234118461609,0.9251651167869568,0.837857723236084,0.73170006275177,0.00563673535361886,0.12315616011619568,0.06041412800550461,0.0027585059870034456,0.0,0.0,0.10726875385171968,-0.03797413955193296,0.5880319263392185,0.16247999430558743,0.46577309437097664,-1.2199471087084592
149828,149,0.5804072022438049,0.1717991828918457,0.5752118825912476,0.17024970054626465,0.6497598886489868,-1.3744829893112183,0.6925603747367859,-1.308247685432434,0.010010072030127048,0.11301837861537933,0.06234240531921387,0.010038420557975769,0.7939421534538269,0.9293999671936035,0.8394457101821899,0.727787435054779,0.006510621402412653,0.12741678953170776,0.05500473827123642,0.0026691623497754335,0.0,0.0,0.11442561694181759,-0.033779941047898276,0.5926896572829291,0.1502805232185014,0.46577309437097664,-1.2199471087084592
149829,149,0.5853870511054993,0.15791165828704834,0.5813018083572388,0.15660415589809418,0.4101862907409668,-1.3705072402954102,0.5569640398025513,-1.3828070163726807,0.010008852928876877,0.11290468275547028,0.05875035747885704,0.010033762082457542,0.7923364043235779,0.9338124394416809,0.840860903263092,0.7238785028457642,0.006133263930678368,0.12948977947235107,0.05246493220329285,0.0024402644485235214,0.0,0.0,0.11228411874227301,-0.03629854907638358,0.5963921447051078,0.1381622080579328,0.35819917057324685,-1.2108078041667532
149830,149,0.5903710722923279,0.14394937455654144,0.5866504907608032,0.14297035336494446,0.5362155437469482,-1.4301596879959106,0.49506261944770813,-1.3660529851913452,0.01000777818262577,0.11425741761922836,0.05210348218679428,0.010029667988419533,0.7907825708389282,0.9383981227874756,0.8422120213508606,0.7198786735534668,0.007061579264700413,0.13070833683013916,0.045680899173021317,0.0025488424580544233,0.0,0.0,0.11460949895074583,-0.002866481995997254,0.5999741364108404,0.12605413001626528,0.35819917057324685,-1.2108078041667598
149831,149,0.5940231084823608,0.12989971041679382,0.5907537341117859,0.12882573902606964,0.2654154300689697,-1.368213415145874,0.36124852299690247,-1.4335951805114746,0.010006836615502834,0.12416514754295349,0.0485769622027874,0.010026069357991219,0.7896221876144409,0.9420080184936523,0.8433623313903809,0.7161622047424316,0.006545615382492542,0.13763427734375,0.043127983808517456,0.0026827543042600155,0.0,0.0,0.1268955227395957,-0.02588477842153898,0.602777142656703,0.11405982014674375,0.25934164079551475,-1.1963699987838148
149832,149,0.5979107022285461,0.11681883782148361,0.5944216251373291,0.11507441848516464,0.434280663728714,-1.2905349731445312,0.3310084044933319,-1.3571410179138184,0.012470550835132599,0.12369927018880844,0.04344545677304268,0.010022909380495548,0.7877229452133179,0.9459030032157898,0.8447769284248352,0.712571382522583,0.007967987097799778,0.13978847861289978,0.03919028490781784,0.002802229253575206,0.0,0.0,0.12121943831075255,0.01284494807764841,0.6053705590646583,0.10209612015890618,0.25934164079551475,-1.1963699987838148
149833,149,0.6025619506835938,0.10426618903875351,0.5976665616035461,0.10176781564950943,0.48593538999557495,-1.2313830852508545,0.33130043745040894,-1.3065067529678345,0.012168599292635918,0.12177485972642899,0.03984009474515915,0.010020125657320023,0.7862699031829834,0.9501940011978149,0.8459414839744568,0.7089023590087891,0.008671030402183533,0.1397005021572113,0.03514949232339859,0.0025032670237123966,0.0,0.0,0.11154257137299754,-0.0161248497591142,0.6073438152863649,0.09026820358716237,0.16920050503783327,-1.1766336925598029
149834,149,0.6061364412307739,0.09119386225938797,0.60057133436203,0.0884566530585289,0.30362793803215027,-1.3230924606323242,0.2962247133255005,-1.307580590248108,0.01190437376499176,0.11894028633832932,0.038508858531713486,0.010017686523497105,0.7850572466850281,0.9546093940734863,0.8469874262809753,0.7054018378257751,0.008004368282854557,0.1360638588666916,0.03424938768148422,0.002828470431268215,0.0,0.0,0.10372712545566479,-0.02966206811541794,0.6090358203367437,0.07850186666156354,0.16920050503788614,-1.1766336925598029
149835,149,0.6100122928619385,0.07887635380029678,0.604196310043335,0.07631679624319077,0.41937026381492615,-1.190721035003662,0.38328632712364197,-1.171583890914917,0.011672145687043667,0.11970162391662598,0.034796953201293945,0.010015538893640041,0.7837437391281128,0.958672046661377,0.8480669260025024,0.7019968032836914,0.008188442327082157,0.1352698802947998,0.030883748084306717,0.002691492438316345,0.0,0.0,0.11990369216983572,-0.006956204386728053,0.6102490576864552,0.06688273139432388,0.08777576330025526,-1.1515988854946375
149836,149,0.6134763956069946,0.06675086915493011,0.6077026128768921,0.06451330333948135,0.31501901149749756,-1.2063223123550415,0.3421435058116913,-1.1662309169769287,0.011467971839010715,0.11679206043481827,0.03421245515346527,0.010013650171458721,0.7827611565589905,0.9627583026885986,0.8488221764564514,0.6986244916915894,0.008325139991939068,0.13312995433807373,0.02976490557193756,0.0027342215180397034,0.0,0.0,0.10118082530860623,-0.030291450801317774,0.6111268153194579,0.05536674253937679,0.08777576330025526,-1.1515988854946277
149837,149,0.6161513924598694,0.05482875928282738,0.6108717918395996,0.053012482821941376,0.23852534592151642,-1.1740937232971191,0.2984881103038788,-1.1328492164611816,0.011289420537650585,0.1148916706442833,0.032452501356601715,0.010011997073888779,0.781923770904541,0.9668325185775757,0.8495388031005859,0.6953161358833313,0.00811356958001852,0.13075384497642517,0.028475556522607803,0.002656542928889394,0.0,0.0,0.10458101243860289,-0.020557601797216152,0.6116497649493343,0.04399877658337063,0.015067415582674975,-1.121265577588303
149838,149,0.6186807751655579,0.04302974045276642,0.6136535406112671,0.04187414050102234,0.25893300771713257,-1.1852717399597168,0.2580030858516693,-1.1023142337799072,0.011132637038826942,0.11269576102495193,0.030114363878965378,0.01001054234802723,0.7811643481254578,0.9709832668304443,0.850184440612793,0.6918601989746094,0.008337297476828098,0.12916728854179382,0.026170963421463966,0.0023850416764616966,0.0,0.0,0.10072477950284561,-0.01421921642200881,0.6118004391051612,0.032786120807486836,0.015067415582674975,-1.121265577588303
149839,149,0.6206285953521729,0.03069712407886982,0.6157384514808655,0.030575646087527275,0.15816178917884827,-1.256077527999878,0.18192583322525024,-1.1396716833114624,0.01099468395113945,0.11126021295785904,0.029162198305130005,0.010009261779487133,0.7806746959686279,0.9750810861587524,0.8506082892417908,0.6884862780570984,0.00848732702434063,0.12632372975349426,0.024898504838347435,0.002651689574122429,0.0,0.0,0.10342434182060942,-0.02267390383828904,0.6117028321673628,0.021711712169446153,-0.048924538114801845,-1.0856337688408215
149840,149,0.6219340562820435,0.01888377033174038,0.6174399852752686,0.01925942301750183,0.09267059713602066,-1.141488790512085,0.1428493857383728,-1.1478652954101562,0.010873785242438316,0.1154799535870552,0.0270574651658535,0.010008140467107296,0.7802321910858154,0.9784314632415771,0.8510982990264893,0.6853787302970886,0.00805188063532114,0.1278432011604309,0.02366117388010025,0.002738106530159712,0.0,0.0,0.11660093240565483,-0.01262065236439204,0.6112135867862145,0.010855374481038486,-0.048924538114801845,-1.0856337688408224
149841,149,0.6235692501068115,0.007903924211859703,0.61881422996521,0.00786883570253849,0.1946231871843338,-1.0798137187957764,0.12029896676540375,-1.1481400728225708,0.010767582803964615,0.1132599487900734,0.024898383766412735,0.010007154196500778,0.7798876166343689,0.9819570779800415,0.8513915538787842,0.6822426319122314,0.008793973363935947,0.12756724655628204,0.02099515125155449,0.0026361600030213594,0.0,0.0,0.10118706546676903,-0.006932138161317542,0.6105651544329017,0.00011691116769110225,-0.10420009779233382,-1.0447034592521818
149842,149,0.623969316482544,-0.0031535846646875143,0.6192566156387329,-0.004166613332927227,-0.03945271298289299,-1.0943080186843872,0.013721344992518425,-1.2049552202224731,0.010674335062503815,0.11007548868656158,0.027445010840892792,0.01000628899782896,0.7798463702201843,0.9856392741203308,0.851388692855835,0.6792527437210083,0.008253231644630432,0.12435596436262131,0.023341229185461998,0.0027177107986062765,0.0,0.0,0.09263674681130518,-0.027860338206984095,0.6095231534549783,-0.010330123424831429,-0.10420009779233382,-1.0447034592521813
149843,149,0.6245970726013184,-0.013773090206086636,0.6196426749229431,-0.015433586202561855,0.10515709221363068,-1.0611385107040405,0.03460782766342163,-1.081902027130127,0.010592449456453323,0.10789230465888977,0.025235673412680626,0.01000552624464035,0.7798233032226562,0.989437997341156,0.8514085412025452,0.676087498664856,0.009076847694814205,0.12242330610752106,0.02089931070804596,0.002361797261983156,0.0,0.0,0.09585491620900036,0.003880347040416906,0.6083936268383116,-0.020690253406756197,-0.15075926344976232,-0.9984746488223865
149844,149,0.6240158677101135,-0.02510000206530094,0.6191799640655518,-0.026537209749221802,-0.14685508608818054,-1.1558600664138794,-0.08205293118953705,-1.0983036756515503,0.010520506650209427,0.10543476045131683,0.024882255122065544,0.010004856623709202,0.7803354263305664,0.9931543469429016,0.8511416912078857,0.6730671525001526,0.00916141364723444,0.11862759292125702,0.02035507746040821,0.0027254801243543625,0.0,0.0,0.09181096992452205,-0.022436042013556024,0.6068860342038138,-0.03067499989497955,-0.15075926344976232,-0.9984746488223865
149845,149,0.6227103471755981,-0.03566830977797508,0.6184417009353638,-0.0367518812417984,-0.15357401967048645,-1.0088040828704834,-0.10591930150985718,-0.9913730621337891,0.012760848738253117,0.10787786543369293,0.023006588220596313,0.010004268027842045,0.780665397644043,0.9962902665138245,0.8508363366127014,0.6702428460121155,0.010915054939687252,0.11882997304201126,0.01888221688568592,0.0026623671874403954,0.0,0.0,0.10848392158240919,0.013073000593720421,0.605345144475953,-0.04061440853875365,-0.1855364080125649,-0.9511215434480318
149846,149,0.6211076974868774,-0.045738887041807175,0.6168891191482544,-0.04650958254933357,-0.16460998356342316,-1.002656102180481,-0.1939508020877838,-0.9591718316078186,0.012733228504657745,0.1048918291926384,0.02137635089457035,0.010003752075135708,0.7814546227455139,0.9996008276939392,0.8503291606903076,0.6673452854156494,0.011674441397190094,0.11761569231748581,0.017034295946359634,0.002559511223807931,0.0,0.0,0.08833488128249226,0.012534816537343098,0.6034591241250812,-0.05008388191426863,-0.1886020350871931,-0.9469473375514328
149847,149,0.6184959411621094,-0.05602257326245308,0.6142920255661011,-0.056278761476278305,-0.30970945954322815,-1.0233042240142822,-0.29206085205078125,-0.9666702747344971,0.013170531950891018,0.10237550735473633,0.01995539478957653,0.010003297589719296,0.7822907567024231,1.002982497215271,0.8499259352684021,0.6645870208740234,0.011329429224133492,0.1143665611743927,0.01639922522008419,0.002655572257936001,0.0,0.0,0.08833860259066656,0.013232777922727791,0.6015731037742093,-0.059553355289783616,-0.2014991934301282,-0.9217848711986193
149848,149,0.6166455745697021,-0.06582826375961304,0.6116877794265747,-0.06537347286939621,-0.13108284771442413,-0.9757578372955322,-0.2593095004558563,-0.8992314338684082,0.03252984583377838,0.10109800100326538,0.01871618628501892,0.010002896189689636,0.7804751396179199,1.006113886833191,0.8497542142868042,0.6620420813560486,0.024608878418803215,0.11115367710590363,0.015541957691311836,0.0029334896244108677,0.0,0.0,0.09393833448738526,0.035491708586080195,0.5993993183111417,-0.06846139646755427,-0.21772841270457324,-0.8901215254393259
149849,149,0.6159137487411499,-0.07477856427431107,0.6096186637878418,-0.07422381639480591,-0.034092050045728683,-0.8471394777297974,-0.1637335866689682,-0.8902925252914429,0.029640134423971176,0.09918151050806046,0.017635509371757507,0.010002544149756432,0.780904233455658,1.0091986656188965,0.8492759466171265,0.6593659520149231,0.026090307161211967,0.11026666313409805,0.013974468223750591,0.0024654618464410305,0.0,0.0,0.08838464000586038,0.0076554109347712965,0.5972220341840964,-0.07736261172194707,-0.21772841270457324,-0.8901215254393259
149850,149,0.6136684417724609,-0.08450312912464142,0.607302725315094,-0.08414733409881592,-0.29531005024909973,-0.9998562335968018,-0.2295459359884262,-1.0008904933929443,0.027139293029904366,0.09482426196336746,0.01676173321902752,0.01000223495066166,0.7822538614273071,1.0124812126159668,0.8486672639846802,0.6567378640174866,0.024181531742215157,0.10592731833457947,0.013186334632337093,0.0027225667145103216,0.0,0.0,0.07007469733959096,-0.010567606455644588,0.5948635118543563,-0.08571217053969585,-0.23813839630184996,-0.8279972124860627
149851,149,0.6108617782592773,-0.09374850988388062,0.6052603721618652,-0.09363468736410141,-0.29536446928977966,-0.89056396484375,-0.2154858410358429,-0.9293241500854492,0.02781190723180771,0.09551696479320526,0.015927080065011978,0.010001965798437595,0.7829998731613159,1.0152170658111572,0.8483542203903198,0.6544861197471619,0.02298508584499359,0.10346847027540207,0.013207298703491688,0.002991870976984501,0.0,0.0,0.09568161589978169,0.027919213308579178,0.5924821278913376,-0.09399214266455702,-0.23813839630184996,-0.8279972124860627
149852,149,0.6096144318580627,-0.10174936056137085,0.6036864519119263,-0.10214919596910477,-0.0474877804517746,-0.7734020352363586,-0.14506584405899048,-0.8306881189346313,0.028124390169978142,0.09352332353591919,0.01519780233502388,0.010001725517213345,0.7834935188293457,1.01790452003479,0.8478842973709106,0.6521210074424744,0.02437482960522175,0.102688729763031,0.011906984262168407,0.0026769288815557957,0.0,0.0,0.08212131377867363,0.028176583534299984,0.5900085998470853,-0.10174083111555463,-0.24983198587912894,-0.7605743986916399
149853,149,0.6073467135429382,-0.11028492450714111,0.6014420390129089,-0.11107197403907776,-0.29964905977249146,-0.8622579574584961,-0.23872444033622742,-0.8806567192077637,0.025823425501585007,0.08932861685752869,0.014798276126384735,0.01000151690095663,0.7845478653907776,1.020807147026062,0.8474562764167786,0.649779200553894,0.022289499640464783,0.09919825196266174,0.012045233510434628,0.0027167396619915962,0.0,0.0,0.06518529342788767,-0.01194894974395038,0.5875102799882936,-0.10934657510247245,-0.24983198587912894,-0.7605743986916464
149854,149,0.6055922508239746,-0.11868233978748322,0.5995724201202393,-0.1190459206700325,-0.11863218247890472,-0.8473643064498901,-0.17029832303524017,-0.7572125196456909,0.025709975510835648,0.08814151585102081,0.014209592714905739,0.010001334361732006,0.7851660251617432,1.023543357849121,0.8470810651779175,0.64756840467453,0.02206752449274063,0.09598176181316376,0.011277696117758751,0.0029539200477302074,0.0,0.0,0.08125060788425939,0.024925968847973254,0.5849914773816897,-0.11645200517998869,-0.25280918143635733,-0.6878530840560638
149855,149,0.6038187742233276,-0.1264672875404358,0.5978780388832092,-0.12642788887023926,-0.21378618478775024,-0.7242333889007568,-0.17037567496299744,-0.7270365953445435,0.023726854473352432,0.08723407238721848,0.01369327399879694,0.010001172311604023,0.7861513495445251,1.0260695219039917,0.8465834856033325,0.6452938318252563,0.020875083282589912,0.09592990577220917,0.010939822532236576,0.0024654618464410305,0.0,0.0,0.08196136518786921,-0.004236398241998202,0.5824633855673258,-0.12333053602054977,-0.2528091814364102,-0.6878530840560572
149856,149,0.6017351150512695,-0.13489164412021637,0.5958375334739685,-0.1339264214038849,-0.1897382140159607,-0.9018462300300598,-0.20827308297157288,-0.7438482642173767,0.022005457431077957,0.08415868133306503,0.013241615146398544,0.010001030750572681,0.7870848178863525,1.0288583040237427,0.8461489081382751,0.6429275274276733,0.01942586526274681,0.09300482273101807,0.010424729436635971,0.0027351928874850273,0.0,0.0,0.06615639502324105,0.00811796857857509,0.57996903955053,-0.12975031971785722,-0.24706998297358798,-0.6098332685793347
149857,149,0.5997197031974792,-0.14315685629844666,0.5939812660217285,-0.14125873148441315,-0.22350242733955383,-0.7741349339485168,-0.18278686702251434,-0.7502155900001526,0.020504062995314598,0.09492751955986023,0.01284507755190134,0.010000904090702534,0.788059651851654,1.030341386795044,0.845662534236908,0.6408902406692505,0.018107542768120766,0.09878863394260406,0.01018224935978651,0.002877079648897052,0.0,0.0,0.09743122881494301,0.0032519561408424456,0.5774983397207946,-0.1358486524036502,-0.24706998297358798,-0.6098332685793347
149858,149,0.5976933836936951,-0.15036867558956146,0.5921745896339417,-0.14881806075572968,-0.19181381165981293,-0.685475766658783,-0.18869182467460632,-0.7632318735122681,0.01919648051261902,0.09322123229503632,0.012497691437602043,0.010000794194638729,0.7889885902404785,1.0320885181427002,0.8451622128486633,0.6390349268913269,0.01712246797978878,0.09985226392745972,0.009786540642380714,0.003039568429812789,0.0,0.0,0.0834537892301235,0.0070546648622780254,0.5750981814459677,-0.1415404017140188,-0.2326143904907152,-0.5265149522614327
149859,149,0.5955390930175781,-0.15686406195163727,0.5901027321815491,-0.15650060772895813,-0.23230180144309998,-0.6157771348953247,-0.21948613226413727,-0.7620236873626709,0.018054978922009468,0.09039315581321716,0.012192880734801292,0.010000699199736118,0.7898509502410889,1.0339967012405396,0.8447574377059937,0.6375539302825928,0.015769952908158302,0.0964687243103981,0.009774256497621536,0.00342667568475008,0.0,0.0,0.07411951616072208,0.0012032967850180362,0.5727720375410604,-0.14680555123663355,-0.2326143904907152,-0.5265149522614327
149860,149,0.5938721895217896,-0.16207875311374664,0.5882207155227661,-0.16346031427383423,-0.13833484053611755,-0.4695858061313629,-0.1802825629711151,-0.6466724276542664,0.017057672142982483,0.0869394838809967,0.011925386264920235,0.010000615380704403,0.7905803918838501,1.0359135866165161,0.8443446755409241,0.636125385761261,0.01508486457169056,0.09371118247509003,0.009469544515013695,0.0031584042590111494,0.0,0.0,0.0669155839629203,0.006612531946205237,0.5705357981603627,-0.1517268781533339,-0.20944240398784464,-0.43789813510238434
149861,149,0.5921249389648438,-0.16743841767311096,0.5861531496047974,-0.169546976685524,-0.17664839327335358,-0.5591363310813904,-0.20027081668376923,-0.5428905487060547,0.016186289489269257,0.0810934528708458,0.011690748855471611,0.010000541806221008,0.7916378974914551,1.0380970239639282,0.8436242341995239,0.634634792804718,0.015306862071156502,0.08840164542198181,0.008607061579823494,0.0032802761998027563,0.0,0.0,0.04677776214268308,-0.00884616958604811,0.5684413741204842,-0.15610585950435865,-0.2094424039877918,-0.43789813510239756
149862,149,0.5889059901237488,-0.1727614849805832,0.5837492346763611,-0.17447789013385773,-0.40870189666748047,-0.49474063515663147,-0.26728272438049316,-0.436053603887558,0.015424760058522224,0.07846667617559433,0.011484985239803791,0.010000476613640785,0.7930180430412292,1.0400431156158447,0.8428657054901123,0.6332637071609497,0.014106228947639465,0.08495467901229858,0.008903797715902328,0.003132095094770193,0.0,0.0,0.0628571178043592,-0.004123537313963116,0.5664387847860759,-0.16021437602066146,-0.17755402346492352,-0.3439828171021894
149863,149,0.5859929323196411,-0.17794781923294067,0.5811300277709961,-0.17800503969192505,-0.22512538731098175,-0.5555397272109985,-0.2774397134780884,-0.30329301953315735,0.03058212250471115,0.07541537284851074,0.01130436547100544,0.010000417940318584,0.7922332286834717,1.0419690608978271,0.8421713709831238,0.6318219304084778,0.025238342583179474,0.08155523985624313,0.008478199131786823,0.0032812515273690224,0.0,0.0,0.057146387304323566,0.03308645049660168,0.564663244551427,-0.16365420419168358,-0.17755402346487065,-0.3439828171021894
149864,149,0.5832352042198181,-0.18306270241737366,0.578163743019104,-0.18102343380451202,-0.2971375584602356,-0.4700799286365509,-0.3024115264415741,-0.3205292224884033,0.02795068360865116,0.07469216734170914,0.011145442724227905,0.010000367648899555,0.7929576635360718,1.0433679819107056,0.8417239189147949,0.6308274865150452,0.02415570057928562,0.07848330587148666,0.008996404707431793,0.0037180178333073854,0.0,0.0,0.0703530893374837,0.007517095511342043,0.5629640364154687,-0.16690752230085934,-0.13694924892189891,-0.2447689982608348
149865,149,0.5817431211471558,-0.1865677386522293,0.5758171677589417,-0.1840697079896927,-0.08395327627658844,-0.29337799549102783,-0.2065713256597519,-0.32815271615982056,0.027024202048778534,0.07304831594228745,0.011006071232259274,0.010000321082770824,0.793582022190094,1.0445332527160645,0.8413445949554443,0.6299335360527039,0.023551473394036293,0.07711794227361679,0.008644627407193184,0.003564443439245224,0.0,0.0,0.06314265575764426,0.020662579199067152,0.5615945439262499,-0.16935521228346753,-0.13694924892189891,-0.2447689982608348
149866,149,0.5801137089729309,-0.18993370234966278,0.5735685229301453,-0.1880883276462555,-0.18183501064777374,-0.33356809616088867,-0.20117561519145966,-0.418548047542572,0.024868400767445564,0.06826961040496826,0.0113622285425663,0.010000280104577541,0.7941773533821106,1.0457285642623901,0.8412134647369385,0.629298985004425,0.02085856720805168,0.07238226383924484,0.009581944905221462,0.004065946210175753,0.0,0.0,0.039233110758355214,-0.011412582013976805,0.5602684481409016,-0.1717109439787879,-0.09162356755906952,-0.14872317780618385
149867,149,0.5797951221466064,-0.1921054869890213,0.57267165184021,-0.19152450561523438,0.0415252260863781,-0.16607369482517242,-0.03139173984527588,-0.31687355041503906,0.023000376299023628,0.06565110385417938,0.011196771636605263,0.010000244714319706,0.7941919565200806,1.0465917587280273,0.8414098620414734,0.6290238499641418,0.01883763074874878,0.06821175664663315,0.00961670558899641,0.004264339804649353,0.0,0.0,0.04952482351383663,0.004361510050260715,0.5593921673373128,-0.17311351076457113,-0.08762808035882373,-0.1402566785783073
149868,149,0.5805690884590149,-0.19313335418701172,0.572943925857544,-0.19435705244541168,0.11189562827348709,-0.055618129670619965,0.08030770719051361,-0.23940953612327576,0.02136996015906334,0.06018630042672157,0.028141923248767853,0.010000214911997318,0.793748140335083,1.0473222732543945,0.8408746719360352,0.6289853453636169,0.0165663231164217,0.06319832801818848,0.023704849183559418,0.004401033744215965,0.0,0.0,0.026290887209403088,-0.030683498126648178,0.5585158865337241,-0.17451607755035436,0.22139257817836247,-0.09165460465575853
149869,149,0.5826204419136047,-0.19337651133537292,0.5745241045951843,-0.1958063691854477,0.26578211784362793,-0.006800975650548935,0.219381645321846,-0.06307773292064667,0.019949806854128838,0.05352400243282318,0.03066541627049446,0.010000189766287804,0.7927879691123962,1.0481674671173096,0.8414393067359924,0.6290193200111389,0.014885449782013893,0.056951865553855896,0.026879141107201576,0.004446301609277725,0.0,0.0,0.01150798287517821,-0.03107032727825849,0.5645345636821294,-0.17483422086211475,0.6102506424418167,-0.03049588318328916
149870,149,0.5858423709869385,-0.19338402152061462,0.5774215459823608,-0.19557957351207733,0.3730256259441376,0.008189816027879715,0.3521154224872589,0.09280911087989807,0.018712127581238747,0.047660525888204575,0.043973781168460846,0.010000170208513737,0.7915116548538208,1.0489035844802856,0.8416444659233093,0.629187822341919,0.013603000901639462,0.0504988469183445,0.03776393085718155,0.004677809774875641,0.0,0.0,0.0044265530380524455,-0.04629066221026312,0.5706370701065481,-0.1751391796939478,0.6102506424417637,-0.03049588318328916
149871,149,0.589626133441925,-0.1928177922964096,0.5814387798309326,-0.1940334141254425,0.38438206911087036,0.09301440417766571,0.4359494745731354,0.1999877691268921,0.017631089314818382,0.04265070706605911,0.0567132867872715,0.01000015065073967,0.7904665470123291,1.0494675636291504,0.8415851593017578,0.6294028759002686,0.013681846670806408,0.04541454836726189,0.04730375483632088,0.004603879526257515,0.0,0.0,0.004001207773829267,-0.05905574216909962,0.5756219267503675,-0.174424646881807,0.4843874781065452,0.08431328740960922
149872,149,0.5919849276542664,-0.19222350418567657,0.5851569175720215,-0.1921309232711792,0.1609717309474945,0.07196006178855896,0.34145352244377136,0.21707728505134583,0.01668759062886238,0.03836166113615036,0.058474671095609665,0.010000134818255901,0.7898197770118713,1.0497416257858276,0.8419735431671143,0.6298166513442993,0.012734264135360718,0.040512800216674805,0.04986225813627243,0.004928495269268751,0.0,0.0,-0.0077839475830824515,-0.05882219063016126,0.5804658015314331,-0.17358151400771088,0.4843874781065981,0.08431328740960922
149873,149,0.5942580699920654,-0.19074785709381104,0.5886605381965637,-0.18931297957897186,0.2442011535167694,0.18762952089309692,0.3283878266811371,0.29787951707839966,0.015862630680203438,0.03467291593551636,0.05355270579457283,0.010000120848417282,0.7889881134033203,1.0496584177017212,0.8428469896316528,0.6305461525917053,0.011871663853526115,0.03610660135746002,0.04675344005227089,0.0052469815127551556,0.0,0.0,-0.001831385116470411,-0.02240620157334515,0.584353132857893,-0.1717943122620907,0.362996864393302,0.20412080807174518
149874,149,0.5970032811164856,-0.18812701106071472,0.5918008089065552,-0.18631021678447723,0.28521662950515747,0.3082430362701416,0.2923010289669037,0.2872771918773651,0.01514107920229435,0.031492579728364944,0.05068083107471466,0.01664135232567787,0.788195788860321,1.049342155456543,0.8436402082443237,0.6311516761779785,0.011534471996128559,0.03289656341075897,0.04381096363067627,0.00810244306921959,0.0,0.0,-0.01763078694619882,-0.032302461716274544,0.5879831015018254,-0.16975310418137338,0.36299686439324913,0.20412080807174518
149875,149,0.599376380443573,-0.185366690158844,0.5942056179046631,-0.18385693430900574,0.22125662863254547,0.2721509039402008,0.22020380198955536,0.23708607256412506,0.014509526081383228,0.028743421658873558,0.049032796174287796,0.032203029841184616,0.7877478003501892,1.048997402191162,0.8440918922424316,0.6313682198524475,0.01170556340366602,0.030221151188015938,0.04135455563664436,0.014910891652107239,0.0,0.0,-0.03473931607246257,-0.038417924399233805,0.5908086879159009,-0.16685324670172053,0.24607880130187548,0.32892667880310555
149876,149,0.6004717946052551,-0.1829448938369751,0.5958280563354492,-0.18173424899578094,0.04356514662504196,0.23131820559501648,0.1267102062702179,0.2130846381187439,0.013956352137029171,0.026361383497714996,0.046323586255311966,0.03164122253656387,0.7874209880828857,1.0484126806259155,0.8446138501167297,0.6322721838951111,0.010638782754540443,0.02734408527612686,0.03993236646056175,0.015479158610105515,0.0,0.0,-0.027831550245747235,-0.028770684986771933,0.5932694759289199,-0.16356397991368923,0.24607880130187548,0.32892667880310555
149877,149,0.602146565914154,-0.17951244115829468,0.5975313186645508,-0.17872612178325653,0.2094503939151764,0.38152849674224854,0.1570219248533249,0.323194682598114,0.01347176544368267,0.02429434470832348,0.04151175171136856,0.029890382662415504,0.7872193455696106,1.0479414463043213,0.8449400067329407,0.6331170201301575,0.011496134102344513,0.02578166499733925,0.03469295799732208,0.014229661785066128,0.0,0.0,-0.017976569830476567,-0.0008166011310697073,0.595069097835587,-0.15951147989944908,0.1336332888324772,0.45873089960370345
149878,149,0.6020883321762085,-0.1769113689661026,0.5978405475616455,-0.1762751042842865,-0.10554718971252441,0.22525011003017426,-0.017230691388249397,0.2459307163953781,0.013047035783529282,0.022497493773698807,0.03953878954052925,0.036567531526088715,0.7874662280082703,1.047194480895996,0.8450775742530823,0.6339082717895508,0.0107036791741848,0.023132363334298134,0.03319989889860153,0.01802855171263218,0.0,0.0,-0.03770663546274872,-0.02649108776954321,0.5964054307239117,-0.1549241709034112,0.1336332888324772,0.45873089960370345
149879,149,0.6021018624305725,-0.17307765781879425,0.598105788230896,-0.1727229207754135,0.02255033329129219,0.4498669505119324,0.003907437436282635,0.3877297043800354,0.021152710542082787,0.020933542400598526,0.03568701818585396,0.03312744200229645,0.7865185737609863,1.0461422204971313,0.845267653465271,0.6353161931037903,0.01660062186419964,0.021235551685094833,0.030059650540351868,0.01692791096866131,0.0,0.0,-0.008432116593317773,0.022396423586008945,0.5972148685281453,-0.14967904155402995,0.02566032698489561,0.593533470473539
149880,149,0.6021360754966736,-0.16835393011569977,0.597691535949707,-0.16875217854976654,-0.0026532229967415333,0.499226450920105,-0.06555540859699249,0.4192497730255127,0.01976083777844906,0.01956976018846035,0.03236568346619606,0.036729421466588974,0.7868353724479675,1.0449639558792114,0.8451705574989319,0.6365872025489807,0.01743684522807598,0.019611500203609467,0.026414288207888603,0.018649635836482048,0.0,0.0,-0.03733471653133669,0.0035753333537553084,0.5974714717979945,-0.1437437068492942,0.02566032698489561,0.593533470473539
149881,149,0.600730299949646,-0.16344214975833893,0.5963563919067383,-0.16453075408935547,-0.21379424631595612,0.5126985907554626,-0.16296640038490295,0.46131274104118347,0.01854817196726799,0.018381403759121895,0.029499903321266174,0.04002005606889725,0.7877653241157532,1.043483018875122,0.8448790907859802,0.6380903720855713,0.01644526608288288,0.01791824959218502,0.024049047380685806,0.020784815773367882,0.0,0.0,-0.040608846653569786,0.006901317486471279,0.5973265059047701,-0.13726596136421812,-0.07784008424065775,0.7333343914125989
149882,149,0.5988112092018127,-0.15755663812160492,0.5947000980377197,-0.15897618234157562,-0.20216841995716095,0.6291513442993164,-0.1941053718328476,0.6165890693664551,0.03677814081311226,0.01734267920255661,0.02701595611870289,0.03963914141058922,0.7863854765892029,1.0417206287384033,0.844694972038269,0.6399880647659302,0.02849397622048855,0.016421709209680557,0.02239726483821869,0.021185897290706635,0.0,0.0,-0.037116349869179,0.03974357649584946,0.5965481050623633,-0.12993261745009252,-0.07784008424065775,0.7333343914125989
149883,149,0.5977877378463745,-0.15072590112686157,0.5928928256034851,-0.15192046761512756,-0.046229008585214615,0.7082905769348145,-0.1805415153503418,0.7575200796127319,0.039188921451568604,0.016437437385320663,0.02486739680171013,0.048419974744319916,0.7859682440757751,1.0397319793701172,0.84468013048172,0.64178466796875,0.03176899626851082,0.014983002096414566,0.0207672081887722,0.025840627029538155,0.0,0.0,-0.05014710194971929,0.039644171799779485,0.5954845158766563,-0.12218226902876798,-0.1768679448443415,0.8781336624208899
149884,149,0.5974187850952148,-0.1432393491268158,0.5913060903549194,-0.14399465918540955,-0.02389853075146675,0.785077691078186,-0.12459299713373184,0.8232461214065552,0.03599177300930023,0.015643589198589325,0.022995006293058395,0.05594724416732788,0.786391019821167,1.0374797582626343,0.8445992469787598,0.6437849998474121,0.030779950320720673,0.013683950528502464,0.01890506036579609,0.03027462773025036,0.0,0.0,-0.05737028821166568,0.014681405879613318,0.5937158364282126,-0.11340093240455851,-0.1768679448443415,0.8781336624208832
149885,149,0.5965234637260437,-0.1350776106119156,0.5901471376419067,-0.13564543426036835,-0.1220650002360344,0.8554177284240723,-0.10071719437837601,0.8590657114982605,0.03262881562113762,0.014948987402021885,0.02136586792767048,0.06347386538982391,0.7875989079475403,1.0351355075836182,0.8440211415290833,0.6458361744880676,0.029833326116204262,0.012835649773478508,0.01652131788432598,0.03438722342252731,0.0,0.0,-0.06495755591940375,0.0080638879456384,0.5917694043549987,-0.10433799424643271,-0.27142325482615565,1.0279312834984118
149886,149,0.5934314131736755,-0.12688048183918,0.5883268117904663,-0.12727400660514832,-0.40985915064811707,0.8324763774871826,-0.22408750653266907,0.8617494702339172,0.0308772511780262,0.01434093527495861,0.01994667947292328,0.06926987320184708,0.7891318202018738,1.0324362516403198,0.843373715877533,0.648253858089447,0.027423031628131866,0.011487845331430435,0.015826471149921417,0.03876069560647011,0.0,0.0,-0.07045303429710544,0.019001670171756614,0.5890551718067372,-0.09405868141144665,-0.2714232548261028,1.0279312834984118
149887,149,0.5905530452728271,-0.11727984994649887,0.5863651633262634,-0.11754758656024933,-0.256276398897171,1.008381724357605,-0.23042535781860352,1.0089057683944702,0.05745897442102432,0.013809401541948318,0.01871144399046898,0.06820888817310333,0.7877131700515747,1.0294808149337769,0.8425599932670593,0.6511597633361816,0.04603194072842598,0.010396966710686684,0.014213832095265388,0.03933896869421005,0.0,0.0,-0.061710313508612086,0.06262451000835952,0.5862616772509911,-0.08364316671596325,-0.3542084475940293,1.1701872978806314
149888,149,0.5870972275733948,-0.10679836571216583,0.5833114981651306,-0.10749275982379913,-0.40103086829185486,1.1012006998062134,-0.3558531105518341,1.0207489728927612,0.05479956418275833,0.013343286700546741,0.017632247880101204,0.08008581399917603,0.7886037826538086,1.0261154174804688,0.8417248129844666,0.6540003418922424,0.04800792038440704,0.009310293011367321,0.013785988092422485,0.0465046763420105,0.0,0.0,-0.08273355511609289,0.0379555842004212,0.5826466171091315,-0.07181589416951073,-0.36150601418594164,1.1827272546451713
149889,149,0.5838712453842163,-0.09525227546691895,0.5796722769737244,-0.09663702547550201,-0.2803381383419037,1.177665114402771,-0.38415440917015076,1.1300512552261353,0.058489542454481125,0.012934009544551373,0.016687694936990738,0.09066110104322433,0.7894242405891418,1.0226924419403076,0.8409950137138367,0.6568291187286377,0.05027018487453461,0.008871248923242092,0.012899445369839668,0.05270881950855255,0.0,0.0,-0.09302862992736308,0.0591889563126468,0.5790315569672718,-0.05998862162305822,-0.3994142097182454,1.253484170939404
149890,149,0.5807206630706787,-0.08394447714090347,0.5755341649055481,-0.0852004885673523,-0.31962162256240845,1.1125519275665283,-0.4073089063167572,1.1746617555618286,0.05574500933289528,0.012575502507388592,0.01586269587278366,0.09803207218647003,0.790494978427887,1.018868088722229,0.8404815793037415,0.6600964665412903,0.048292770981788635,0.0073006898164749146,0.012585969641804695,0.05973237752914429,0.0,0.0,-0.0998050366144483,0.03842924241439607,0.5745706782465906,-0.046582600377506236,-0.447116222923858,1.3425215758611548
149891,149,0.5785358548164368,-0.07077202945947647,0.5725127458572388,-0.07228133827447891,-0.1903308480978012,1.4195810556411743,-0.26243332028388977,1.3329156637191772,0.053800318390131,0.01226074993610382,0.015140175819396973,0.09604582190513611,0.7915000319480896,1.0147082805633545,0.8399747610092163,0.6639679074287415,0.0467471219599247,0.006969263311475515,0.011965177953243256,0.05962138622999191,0.0,0.0,-0.08478748187337774,0.04146818227500302,0.5700995160173519,-0.03315738461889377,-0.44711622292391084,1.3425215758611548
149892,149,0.5763489603996277,-0.057150423526763916,0.5697783827781677,-0.058996062725782394,-0.21308304369449615,1.353570818901062,-0.25179317593574524,1.3601545095443726,0.048677921295166016,0.01198523584753275,0.01450914517045021,0.11999350041151047,0.7928842902183533,1.0102301836013794,0.8393375873565674,0.6672971248626709,0.04403413459658623,0.005617865826934576,0.010985239408910275,0.07533822953701019,0.0,0.0,-0.12635957268350323,0.0157883129659864,0.5649078611303084,-0.018268829734183978,-0.5282538810399047,1.5073142471463747
149893,149,0.5733820199966431,-0.04223411902785301,0.5674082040786743,-0.044746819883584976,-0.36210352182388306,1.5857499837875366,-0.24392524361610413,1.47721266746521,0.043879471719264984,0.011743243783712387,0.013955947943031788,0.11881368607282639,0.7948728203773499,1.0053670406341553,0.8383632302284241,0.671561598777771,0.040787674486637115,0.005473950877785683,0.010317821986973286,0.0769534632563591,0.0,0.0,-0.11247586936970107,0.012675380756716953,0.5596253223199097,-0.0031956872627191997,-0.5282538810398518,1.5073142471463747
149894,149,0.569259524345398,-0.026846829801797867,0.5643557906150818,-0.02958456054329872,-0.43688327074050903,1.5337272882461548,-0.3413066864013672,1.5750176906585693,0.04188689962029457,0.011530947871506214,0.013471449725329876,0.1378648430109024,0.7971763014793396,1.0006167888641357,0.8368831276893616,0.6751882433891296,0.04050421714782715,0.0051974765956401825,0.008918041363358498,0.08880069106817245,0.0,0.0,-0.14330118228539335,0.02879616501873103,0.5537386716714797,0.013167383123319446,-0.6049189885339232,1.671013178378493
149895,149,0.5628765821456909,-0.01181913074105978,0.5597963929176331,-0.013839807361364365,-0.7657652497291565,1.5047838687896729,-0.5295807123184204,1.6011977195739746,0.041076552122831345,0.01134467963129282,0.013046982698142529,0.13686589896678925,0.7997293472290039,0.9953820109367371,0.8353800773620605,0.6796849966049194,0.038654960691928864,0.0043026781640946865,0.009129822254180908,0.09300030022859573,0.0,0.0,-0.13171760594454596,0.03572833803685132,0.5476894817861404,0.029877514907105517,-0.6049189885339232,1.6710131783784947
149896,149,0.5569714307785034,0.004984511528164148,0.5548211336135864,0.003584168618544936,-0.5423763990402222,1.7436915636062622,-0.5596472024917603,1.7764910459518433,0.0770183801651001,0.011181045323610306,0.012674570083618164,0.13428151607513428,0.7984235882759094,0.9896783828735352,0.8339956402778625,0.6847813725471497,0.06254531443119049,0.0034872363321483135,0.008817354217171669,0.09457854926586151,0.0,0.0,-0.12092196539529564,0.0843001279475925,0.5411436157812993,0.047538699481011915,-0.6771115454060722,1.8092500090681671
149897,149,0.5518143773078918,0.02332775481045246,0.5486287474632263,0.02158176340162754,-0.48849794268608093,1.9041173458099365,-0.6580789685249329,1.8184071779251099,0.07296313345432281,0.011037304066121578,0.012347805313766003,0.14870944619178772,0.7993637919425964,0.9833459258079529,0.8328917622566223,0.6898233890533447,0.06549471616744995,0.002612869720906019,0.009114538319408894,0.10656654834747314,0.0,0.0,-0.15296747021399554,0.04860789356148039,0.5343725003272385,0.06563119957169482,-0.6771115454060722,1.8092500090681671
149898,149,0.5479070544242859,0.04325803369283676,0.5424083471298218,0.04037914052605629,-0.337223082780838,2.0416078567504883,-0.57945317029953,1.925093650817871,0.06774699687957764,0.010911164805293083,0.012061338871717453,0.1686537116765976,0.8014857769012451,0.9768468737602234,0.8314762115478516,0.694629430770874,0.06472236663103104,0.00257600168697536,0.00786798819899559,0.12144680321216583,0.0,0.0,-0.17505779719131684,0.03600940657829,0.5272031993709616,0.08435098077099266,-0.7448315516562987,1.9159326490930595
149899,149,0.5419167280197144,0.06288331001996994,0.5360284447669983,0.059255074709653854,-0.718428373336792,1.9646929502487183,-0.6298254132270813,1.9340004920959473,0.059719812124967575,0.010800403542816639,0.011810021474957466,0.18896691501140594,0.8047632575035095,0.9701102375984192,0.829791247844696,0.6994983553886414,0.058880552649497986,0.0021585901267826557,0.0076964423060417175,0.1392006129026413,0.0,0.0,-0.19601823314392713,0.005673148915193764,0.5197548838543996,0.10351030726192234,-0.7448315516562987,1.915932649093066
149900,149,0.5351372361183167,0.08317135274410248,0.5301066637039185,0.07974818348884583,-0.6902220845222473,2.0409162044525146,-0.6069014072418213,2.104405641555786,0.059582773596048355,0.01070328801870346,0.0115898372605443,0.18798786401748657,0.8074614405632019,0.963235080242157,0.8281988501548767,0.7050982117652893,0.056279927492141724,0.0020271639805287123,0.007721656002104282,0.14330779016017914,0.0,0.0,-0.1834766023933596,0.05872230830889462,0.5119979283516625,0.12303625156129333,-0.8080790072846027,1.9910610984531982
149901,149,0.5288480520248413,0.1038648933172226,0.5241101384162903,0.1013629138469696,-0.5974460244178772,2.0711443424224854,-0.6127832531929016,2.1806066036224365,0.058439623564481735,0.010617842897772789,0.011396240442991257,0.19275124371051788,0.8098528981208801,0.9564791321754456,0.8265506625175476,0.7105462551116943,0.05595323443412781,0.002139254240319133,0.007339912001043558,0.14816047251224518,0.0,0.0,-0.19446944380709313,0.051264366687026316,0.5039171382788165,0.1429468625458266,-0.8080790072846027,1.9910610984531851
149902,149,0.5222917795181274,0.12404649704694748,0.5175215005874634,0.12279266864061356,-0.6775332689285278,1.9952499866485596,-0.6738253831863403,2.126727819442749,0.05491114407777786,0.01054274570196867,0.011226192116737366,0.1973758041858673,0.8127014636993408,0.9498372673988342,0.8247264623641968,0.7158079147338867,0.0542142353951931,0.002175027970224619,0.0069582294672727585,0.1536637544631958,0.0,0.0,-0.19904816503852235,0.03264387170207228,0.4956083086345943,0.1630265364199526,-0.8668539122909842,2.0346353571485243
149903,149,0.5150214433670044,0.14373014867305756,0.510534942150116,0.1437242180109024,-0.7598551511764526,1.9521516561508179,-0.7151435017585754,2.0661556720733643,0.052850667387247086,0.010476862080395222,0.011077082715928555,0.19534267485141754,0.8158488869667053,0.9433740973472595,0.8226497173309326,0.7210798263549805,0.05298156291246414,0.0024296054616570473,0.00650362391024828,0.15424393117427826,0.0,0.0,-0.18614798413001488,0.03972538494614687,0.48693976951168344,0.18337288999144177,-0.8668539122909842,2.0346353571485243
149904,149,0.5067858695983887,0.16270983219146729,0.5029277205467224,0.16374769806861877,-0.8651769161224365,1.8654590845108032,-0.7931600213050842,1.949386715888977,0.052225254476070404,0.010418982245028019,0.01094614714384079,0.19205188751220703,0.8192787766456604,0.9372755885124207,0.8201919198036194,0.7261214256286621,0.05351369082927704,0.0028868038207292557,0.0058763111010193825,0.15240617096424103,0.0,0.0,-0.17708812373560928,0.04822636087939722,0.47811484613095173,0.20375385991500455,-0.9211562666754433,2.046655425179096
149905,149,0.49708059430122375,0.18048185110092163,0.49422261118888855,0.1821994185447693,-1.0334594249725342,1.7272459268569946,-0.9198983907699585,1.7728532552719116,0.05981612205505371,0.010368130169808865,0.01083116140216589,0.18629662692546844,0.8222280740737915,0.9312871098518372,0.8174850940704346,0.7311453223228455,0.06000136211514473,0.0025983150117099285,0.005543407518416643,0.15102991461753845,0.0,0.0,-0.15988028488333506,0.06131499610233379,0.4689032834641974,0.22422041416679703,-0.9211562666754433,2.046655425179109
149906,149,0.48664310574531555,0.19834166765213013,0.4847728908061981,0.19955219328403473,-1.0784239768981934,1.798869252204895,-1.0005581378936768,1.6743392944335938,0.08195476233959198,0.0103234201669693,0.010730097070336342,0.17679600417613983,0.8238843083381653,0.9251677989959717,0.8145474195480347,0.7363869547843933,0.07852932065725327,0.002469338709488511,0.005255894735455513,0.14620694518089294,0.0,0.0,-0.1325493162485437,0.08660779864866298,0.45959804675193267,0.24465024661447587,-0.9709860704379535,2.0271213025449013
149907,149,0.475656121969223,0.2164122760295868,0.47407305240631104,0.2157413214445114,-1.1081427335739136,1.8100472688674927,-1.1317012310028076,1.5787217617034912,0.09191220253705978,0.010284091345965862,0.010641220025718212,0.16987410187721252,0.8263010382652283,0.9190348982810974,0.8115652799606323,0.7415820360183716,0.09096451103687286,0.002469338709488511,0.005224207416176796,0.14174103736877441,0.0,0.0,-0.13713842626249392,0.09407263874661624,0.44988818604755426,0.26492145963992386,-0.9709860704379535,2.027121302544888
149908,149,0.4646521210670471,0.23437242209911346,0.4621787667274475,0.23153236508369446,-1.0940431356430054,1.7782090902328491,-1.2276681661605835,1.5974825620651245,0.09866424649953842,0.010249614715576172,0.010563326068222523,0.16355553269386292,0.8289179801940918,0.9128227829933167,0.8091500401496887,0.7467731237411499,0.09558846801519394,0.0022862821351736784,0.006121301557868719,0.13849148154258728,0.0,0.0,-0.13312911372269723,0.10029452641130036,0.4401384164087297,0.2851477210864055,-1.0126689515058789,1.9801716321007776
149909,149,0.4559703767299652,0.2525598704814911,0.45079556107521057,0.24867981672286987,-0.7528800368309021,1.8001675605773926,-1.0779170989990234,1.76088547706604,0.09906724095344543,0.010219336487352848,0.010494939051568508,0.15672816336154938,0.8316937685012817,0.9069586992263794,0.8067285418510437,0.7516624331474304,0.09945259988307953,0.0028401350136846304,0.005407504737377167,0.1325824111700058,0.0,0.0,-0.1233423067040379,0.09916717929656253,0.429974983172944,0.3049080509788661,-1.0163433235785675,1.9760329892458999
149910,149,0.44662004709243774,0.26931294798851013,0.44003644585609436,0.265563428401947,-0.9956133365631104,1.6439454555511475,-1.007785677909851,1.6913474798202515,0.0908946692943573,0.010192709974944592,0.010434809140861034,0.15090124309062958,0.8356952667236328,0.9012627601623535,0.8041095733642578,0.7563799023628235,0.09568598866462708,0.0027342215180397034,0.005307402461767197,0.12898766994476318,0.0,0.0,-0.12204814402775696,0.04430616014148342,0.41981154993715836,0.3246683808713266,-1.0344470675152253,1.9394388932179674
149911,149,0.4366399049758911,0.28582003712654114,0.4305516183376312,0.28270038962364197,-1.0053255558013916,1.6526916027069092,-0.9185347557067871,1.7211389541625977,0.08892465382814407,0.01016933098435402,0.010382021777331829,0.14127959311008453,0.8395615816116333,0.8954434990882874,0.8016952872276306,0.7612836360931396,0.0910530686378479,0.002547872718423605,0.005624817684292793,0.12320242822170258,0.0,0.0,-0.09274733423193823,0.07753455867835968,0.4092441807515622,0.34361221275165504,-1.0572280260972593,1.8933904852821848
149912,149,0.42753568291664124,0.3026924729347229,0.4218941926956177,0.30016276240348816,-0.8663896322250366,1.6901816129684448,-0.8474204540252686,1.735410213470459,0.08718063682317734,0.010148787871003151,0.010335654020309448,0.13256697356700897,0.8432912230491638,0.8898329138755798,0.7988806962966919,0.766019880771637,0.09213735163211823,0.0028566615656018257,0.004607821349054575,0.11584651470184326,0.0,0.0,-0.08767110326615973,0.0770477551855441,0.3986719004905897,0.3625461176044781,-1.0572280260972593,1.8933904852821848
149913,149,0.416548490524292,0.3187043368816376,0.41235145926475525,0.31636765599250793,-1.2043273448944092,1.596175193786621,-0.9872388243675232,1.5915895700454712,0.08202584087848663,0.01013073232024908,0.010294901207089424,0.12569382786750793,0.8478534817695618,0.884123682975769,0.7958305478096008,0.7707628607749939,0.08859960734844208,0.002488725120201707,0.004692600574344397,0.11145252734422684,0.0,0.0,-0.08964430264623752,0.05182939121118263,0.38777628469460607,0.38046596952632017,-1.0936401779940284,1.7791937906536368
149914,149,0.4051050543785095,0.3352440893650055,0.40253862738609314,0.33266112208366394,-1.1401957273483276,1.6688897609710693,-1.0170791149139404,1.629628300666809,0.09807123988866806,0.010114869102835655,0.01025910209864378,0.11697559803724289,0.850695788860321,0.87822425365448,0.7928314208984375,0.775662899017334,0.09870554506778717,0.0022388664074242115,0.004693586379289627,0.10554373264312744,0.0,0.0,-0.07039212043869372,0.10182745718421432,0.37683988291466597,0.39825790743285777,-1.093640177994002,1.7791937906536368
149915,149,0.3940194845199585,0.3522116541862488,0.391981303691864,0.34903642535209656,-1.081982135772705,1.7155581712722778,-1.0925785303115845,1.642462968826294,0.09715013951063156,0.010100933723151684,0.010227653197944164,0.11115596443414688,0.854106605052948,0.8722395300865173,0.7898748517036438,0.7805153131484985,0.10204296559095383,0.0021711604204028845,0.004704434424638748,0.10091322660446167,0.0,0.0,-0.07949878847690323,0.09192935777177062,0.36565180091327015,0.41490134587089567,-1.1255797792688487,1.6334429053603086
149916,149,0.38318952918052673,0.36925798654556274,0.3805428147315979,0.36540746688842773,-1.0732996463775635,1.70576810836792,-1.1680439710617065,1.645962119102478,0.09489890187978745,0.010088704526424408,0.010200059041380882,0.10732364654541016,0.8580167889595032,0.8662014603614807,0.7870029807090759,0.7852703928947449,0.10088999569416046,0.0020290957763791084,0.004688655957579613,0.0981951653957367,0.0,0.0,-0.08618483914259745,0.08206439353916467,0.3543960031205816,0.4312357749245,-1.1255797792688487,1.633442905360335
149917,149,0.3725094497203827,0.38639378547668457,0.36885693669319153,0.38205385208129883,-1.0655966997146606,1.7206860780715942,-1.1580712795257568,1.683166265487671,0.09249689429998398,0.010077954269945621,0.010175804607570171,0.10421758145093918,0.862098753452301,0.8601428270339966,0.7840434908866882,0.789941668510437,0.09950195252895355,0.0020194374956190586,0.004446301609277725,0.09593753516674042,0.0,0.0,-0.08694468818718645,0.07872762932785395,0.3429512353187479,0.4463965424843052,-1.1530468299217729,1.4628495935163697
149918,149,0.3614254295825958,0.40340864658355713,0.3573029637336731,0.3988973796367645,-1.1274642944335938,1.702265977859497,-1.1372379064559937,1.6994898319244385,0.08992357552051544,0.010068519972264767,0.01015451829880476,0.10247471183538437,0.8663769364356995,0.8541157245635986,0.7809628844261169,0.79449862241745,0.09769940376281738,0.002012676792219281,0.004298745188862085,0.09475474804639816,0.0,0.0,-0.09270436457579595,0.07504963599625447,0.3314207670195303,0.46102503841947,-1.1530468299217465,1.4628495935163697
149919,149,0.34995850920677185,0.4202778935432434,0.3459951877593994,0.4159209132194519,-1.1585965156555176,1.6796931028366089,-1.1242461204528809,1.7060413360595703,0.08880511671304703,0.010060206986963749,0.010135766118764877,0.10138411819934845,0.8707521557807922,0.8481377363204956,0.7776554822921753,0.7989410758018494,0.09753073751926422,0.0019750180654227734,0.003867855528369546,0.09429927170276642,0.0,0.0,-0.09527157015375912,0.08233306236986536,0.31975509382223255,0.47466225315573196,-1.1760413299527748,1.2942609115783388
149920,149,0.3376004695892334,0.436987966299057,0.3344894051551819,0.432788610458374,-1.2833993434906006,1.6747690439224243,-1.1656352281570435,1.683761715888977,0.08832982182502747,0.010052897036075592,0.01011927705258131,0.10093150287866592,0.8753728270530701,0.8421689867973328,0.774054229259491,0.8033074140548706,0.09817980229854584,0.0019972259178757668,0.0036211565602570772,0.09422948956489563,0.0,0.0,-0.09839237521356112,0.08557663313206243,0.30799468052270357,0.4876048622715178,-1.1760413299527748,1.2942609115783388
149921,149,0.3243129253387451,0.4535510241985321,0.32241737842559814,0.44947320222854614,-1.358794093132019,1.649099349975586,-1.2412546873092651,1.6600406169891357,0.10134445130825043,0.010046480223536491,0.01010480709373951,0.10458223521709442,0.8790814876556396,0.8365644812583923,0.7701907753944397,0.8071485161781311,0.10937240719795227,0.0027847380843013525,0.0032705222256481647,0.09582774341106415,0.0,0.0,-0.1054934218282737,0.10448240842174536,0.2961438823349185,0.4997673138261404,-1.1945632793618277,1.1343886236603582
149922,149,0.3102516233921051,0.4685218930244446,0.3091619610786438,0.4654216766357422,-1.4097998142242432,1.4115633964538574,-1.3703045845031738,1.5582380294799805,0.11434905230998993,0.010040841065347195,0.01009208895266056,0.1096452996134758,0.8824213743209839,0.8313978910446167,0.7663177251815796,0.8106199502944946,0.12268392741680145,0.0027614200953394175,0.0032851537689566612,0.10070726275444031,0.0,0.0,-0.11093010754470564,0.11767315026574918,0.2841982495413002,0.5111112000627446,-1.1945632793618277,1.1343886236603318
149923,149,0.2964271008968353,0.48288947343826294,0.2953328490257263,0.4807700514793396,-1.3762505054473877,1.4236552715301514,-1.4154928922653198,1.483399510383606,0.12563128769397736,0.010035887360572815,0.010080917738378048,0.10551109910011292,0.8858428001403809,0.82657390832901,0.7624249458312988,0.8141269683837891,0.13544391095638275,0.003683765884488821,0.0032783253118395805,0.09660471975803375,0.0,0.0,-0.0826596785867145,0.12868525644378698,0.27219810676800327,0.5218686195878885,-1.2086126781489581,0.983232729762349
149924,149,0.28262218832969666,0.4956393837928772,0.2805261015892029,0.4945114254951477,-1.3570959568023682,1.1830530166625977,-1.5000646114349365,1.3049131631851196,0.12623247504234314,0.010031537152826786,0.010071111842989922,0.10354354977607727,0.8899716734886169,0.8226445913314819,0.7587119936943054,0.817042887210846,0.13932810723781586,0.00468076765537262,0.003476489568129182,0.09261981397867203,0.0,0.0,-0.09256773661160354,0.12640334913661522,0.260111979986515,0.531700946885512,-1.2086126781489845,0.983232729762349
149925,149,0.2694151997566223,0.5060706734657288,0.265657514333725,0.5065237283706665,-1.2831344604492188,0.9326544404029846,-1.4486476182937622,1.110817313194275,0.12623049318790436,0.010027715004980564,0.010062494315207005,0.09731674939393997,0.8944881558418274,0.8192874789237976,0.7548724412918091,0.8197581768035889,0.14231353998184204,0.0045861429534852505,0.002811947837471962,0.08840610086917877,0.0,0.0,-0.06222330816023794,0.1262200997605325,0.24799827303268154,0.5411230655333379,-1.2181895263142055,0.8407932298844696
149926,149,0.255287230014801,0.5157793164253235,0.2515210807323456,0.5163389444351196,-1.5024139881134033,0.9935729503631592,-1.388336181640625,0.8609107732772827,0.12468527257442474,0.010024351067841053,0.010054913349449635,0.08701833337545395,0.8994596600532532,0.8156517148017883,0.7509480118751526,0.8228570222854614,0.14121955633163452,0.004356764256954193,0.0031584042590111494,0.08041653782129288,0.0,0.0,-0.027841029981979695,0.11650408548768318,0.23581637776953956,0.5495309978321831,-1.2181895263142055,0.8407932298844696
149927,149,0.2413458675146103,0.5260485410690308,0.2382044494152069,0.524358332157135,-1.350021243095398,1.0191681385040283,-1.325883150100708,0.7371108531951904,0.14627595245838165,0.010021400637924671,0.010048255324363708,0.08007293194532394,0.9028282165527344,0.8125783205032349,0.7468753457069397,0.8253817558288574,0.15785303711891174,0.005733110010623932,0.002621602965518832,0.07146158814430237,0.0,0.0,-0.03924482994327072,0.1526357258026742,0.2236248870401465,0.5576875467548501,-1.223293823857491,0.707070124026588
149928,149,0.2267126739025116,0.5338574051856995,0.22403007745742798,0.5305448174476624,-1.475400447845459,0.654819130897522,-1.4250946044921875,0.596458911895752,0.14401669800281525,0.010018803179264069,0.010042400099337101,0.07556985318660736,0.9070725440979004,0.8101238012313843,0.7428036332130432,0.8274959325790405,0.163434237241745,0.005468991119414568,0.0027672492433339357,0.06771823763847351,0.0,0.0,-0.048706960832759175,0.13259458419894116,0.21139194880157008,0.5647582479951174,-1.223293823857491,0.707070124026588
149929,149,0.21238353848457336,0.5411953926086426,0.2103578746318817,0.5370329022407532,-1.42970609664917,0.7461589574813843,-1.3594683408737183,0.6536197066307068,0.1529770791530609,0.010016519576311111,0.010037250816822052,0.06628608703613281,0.9111863374710083,0.8074558973312378,0.7389056086540222,0.8298461437225342,0.16947932541370392,0.005413453560322523,0.002904308959841728,0.06039132550358772,0.0,0.0,0.005006313837401896,0.1556497795516687,0.1991584547015898,0.5717189583447878,-1.2238743932254685,0.5921901535381006
149930,149,0.1986270546913147,0.5487217307090759,0.1967858374118805,0.5437750816345215,-1.3470277786254883,0.7465465664863586,-1.371625542640686,0.682204008102417,0.1528913974761963,0.01001451350748539,0.010032732039690018,0.05862019583582878,0.9153569936752319,0.804822564125061,0.7352461814880371,0.8321762681007385,0.17127957940101624,0.005403538700193167,0.0031623023096472025,0.05358273535966873,0.0,0.0,-0.011002482755126927,0.15246609950270887,0.18691919899380105,0.5775395924666759,-1.2239255707788805,0.582063412188757
149931,149,0.18573424220085144,0.5561789274215698,0.18314847350120544,0.5507622361183167,-1.2469450235366821,0.7426578402519226,-1.3534220457077026,0.709258496761322,0.15117406845092773,0.010012752376496792,0.010028763674199581,0.05251073092222214,0.9196176528930664,0.8022850155830383,0.7318198680877686,0.8343322277069092,0.1697659194469452,0.005595027469098568,0.003291982226073742,0.04780341312289238,0.0,0.0,-0.01377926214537395,0.14261986574199043,0.1746799432860123,0.5833602265885639,-1.2221639080016642,0.530570066110839
149932,149,0.17353074252605438,0.5631848573684692,0.1698506623506546,0.5577601790428162,-1.1887099742889404,0.6772145628929138,-1.2860370874404907,0.6978877186775208,0.14740341901779175,0.010011205449700356,0.010025272145867348,0.0478830449283123,0.9240207672119141,0.7999601364135742,0.7283536195755005,0.8362628221511841,0.1677505373954773,0.005715221166610718,0.002971434500068426,0.043519582599401474,0.0,0.0,-0.018129887155534125,0.12852809454084102,0.16247999430558743,0.5880319263392185,-1.2199471087084592,0.46577309437097664
149933,149,0.16098126769065857,0.5696874856948853,0.15725688636302948,0.5644309520721436,-1.2805120944976807,0.6491749882698059,-1.2179300785064697,0.6610046029090881,0.1427697092294693,0.010009845718741417,0.010022209025919437,0.04316602274775505,0.928741991519928,0.7975825667381287,0.7247306108474731,0.8382487297058105,0.16425947844982147,0.005449153482913971,0.002798341913148761,0.03971360623836517,0.0,0.0,-0.012419697559772416,0.11933588994295372,0.15028052321850285,0.5926896572829286,-1.2199471087084592,0.46577309437097664
149934,149,0.14796243607997894,0.5765310525894165,0.14537692070007324,0.5711349844932556,-1.3206015825271606,0.7113260626792908,-1.173492193222046,0.6790832877159119,0.14125119149684906,0.01000865176320076,0.010019518435001373,0.03923490270972252,0.9334255456924438,0.7952700853347778,0.7210784554481506,0.8400473594665527,0.16118532419204712,0.006021657958626747,0.002875134814530611,0.03546959534287453,0.0,0.0,-0.01327994999457617,0.13351214613126466,0.13816220805793425,0.5963921447051074,-1.2108078041667532,0.35819917057324685
149935,149,0.13498970866203308,0.582515299320221,0.13338914513587952,0.5775776505470276,-1.267219066619873,0.5306527018547058,-1.2099629640579224,0.6214984655380249,0.141195148229599,0.010007603093981743,0.010017154738307,0.03785380721092224,0.9377797842025757,0.793418824672699,0.717498242855072,0.8414591550827026,0.16031502187252045,0.0062010702677071095,0.0027546200435608625,0.03390049189329147,0.0,0.0,-0.028656899857167767,0.14090891035243663,0.12605413001626672,0.59997413641084,-1.2108078041667598,0.35819917057324685
149936,149,0.12216360121965408,0.5877013206481934,0.12119128555059433,0.5834162831306458,-1.289252519607544,0.5022207498550415,-1.2276058197021484,0.5458654165267944,0.14008721709251404,0.01000667829066515,0.01001507043838501,0.0342295840382576,0.9419350028038025,0.7914209365844727,0.714164137840271,0.8431058526039124,0.1575109362602234,0.005703296046704054,0.003255892777815461,0.03151948004961014,0.0,0.0,-0.007513139836633112,0.1344397702928834,0.11405982014674375,0.602777142656703,-1.1963699987838148,0.25934164079551475
149937,149,0.1105046272277832,0.593609631061554,0.10936836153268814,0.5891196131706238,-1.1117942333221436,0.6183120012283325,-1.185400128364563,0.5568724274635315,0.13992062211036682,0.01000586710870266,0.01001324225217104,0.031108738854527473,0.9458168745040894,0.7895225882530212,0.7109407186508179,0.8445274233818054,0.15684369206428528,0.006510621402412653,0.0030376214999705553,0.027933020144701004,0.0,0.0,-0.008080172108388406,0.13906825352890195,0.10209612015890618,0.6053705590646583,-1.1963699987838148,0.25934164079551475
149938,149,0.09897860884666443,0.5983171463012695,0.09691295027732849,0.5938116908073425,-1.143136978149414,0.4003169536590576,-1.2408355474472046,0.4376114308834076,0.13533063232898712,0.010005153715610504,0.010011635720729828,0.03280220180749893,0.9500097632408142,0.7880980372428894,0.707480788230896,0.845485508441925,0.15575064718723297,0.006471638567745686,0.0024993892293423414,0.029113300144672394,0.0,0.0,-0.03308928451319354,0.11170689695353078,0.09026820358716096,0.607343815286365,-1.1766336925598029,0.16920050503783327
149939,149,0.08645519614219666,0.6024498343467712,0.08462835103273392,0.5978320837020874,-1.3215367794036865,0.4241780638694763,-1.2064288854599,0.3840266168117523,0.13212937116622925,0.010004526004195213,0.010010222904384136,0.02987445704638958,0.954627275466919,0.7865149974822998,0.7037783861160278,0.8467381000518799,0.15278342366218567,0.00632680207490921,0.00239957170560956,0.027035508304834366,0.0,0.0,-0.006206674275766141,0.11551813674495924,0.07850186666156214,0.609035820336744,-1.1766336925598029,0.16920050503783327
149940,149,0.07332951575517654,0.6068912744522095,0.07284057885408401,0.6018393039703369,-1.3261237144470215,0.44553327560424805,-1.1812665462493896,0.4025227427482605,0.14106431603431702,0.010003975592553616,0.010008985176682472,0.028037305921316147,0.9584415555000305,0.7852398753166199,0.7000539898872375,0.8476408123970032,0.15756133198738098,0.007284602150321007,0.0024402644485235214,0.02437482960522175,0.0,0.0,-0.015468757732116215,0.14369521251260167,0.06688273139432388,0.6102490576864552,-1.1515988854946375,0.08777576330025526
149941,149,0.0602855421602726,0.6097598075866699,0.060535114258527756,0.6053010821342468,-1.2677925825119019,0.18477226793766022,-1.2614160776138306,0.30604761838912964,0.1458066701889038,0.010003493167459965,0.010007892735302448,0.027741964906454086,0.9616448879241943,0.7842428684234619,0.6969242691993713,0.8484788537025452,0.15977919101715088,0.006581619381904602,0.003260768949985504,0.0247406717389822,0.0,0.0,-0.0257146936198581,0.14724338036893198,0.05536674253937679,0.6111268153194579,-1.1515988854946277,0.08777576330025526
149942,149,0.04960431158542633,0.613210916519165,0.04869909957051277,0.6089006662368774,-0.9726022481918335,0.3918202221393585,-1.1818196773529053,0.3354651629924774,0.1450985223054886,0.010003069415688515,0.010006935335695744,0.025492729619145393,0.964946985244751,0.7832082509994507,0.6938508152961731,0.849201500415802,0.16217193007469177,0.007389206439256668,0.002720624441280961,0.022260624915361404,0.0,0.0,0.008746089668215305,0.1415199905449243,0.04399877658337197,0.6116497649493343,-1.121265577588303,0.015067415582674975
149943,149,0.038555365055799484,0.6154915690422058,0.036125682294368744,0.6109727025032043,-1.139131784439087,0.1691213846206665,-1.2322380542755127,0.17004437744617462,0.137019544839859,0.010002696886658669,0.01000609528273344,0.028470464050769806,0.9690048098564148,0.782664954662323,0.6906436681747437,0.849439799785614,0.15769094228744507,0.007580518256872892,0.0027196533046662807,0.024224217981100082,0.0,0.0,-0.028940182563656124,0.0958422261792802,0.032786120807488175,0.6118004391051611,-1.121265577588303,0.015067415582674975
149944,149,0.027208572253584862,0.6169342398643494,0.024514848366379738,0.6125207543373108,-1.1357313394546509,0.11800242960453033,-1.1084566116333008,0.1339067816734314,0.13432754576206207,0.010002369061112404,0.010005353949964046,0.0261223167181015,0.9731475710868835,0.7821803689002991,0.6874707937240601,0.8499053120613098,0.15293654799461365,0.00749489851295948,0.0026177214458584785,0.022687576711177826,0.0,0.0,-0.0003676505950272295,0.12043385934181344,0.02171171216944745,0.6117028321673629,-1.0856337688408215,-0.04892453811485471
149945,149,0.015846604481339455,0.6184176206588745,0.01399705559015274,0.6137869358062744,-1.149756669998169,0.15272746980190277,-1.0259300470352173,0.10967905819416046,0.1321103870868683,0.010002081282436848,0.010004705749452114,0.02408716455101967,0.9770902991294861,0.781721830368042,0.684296190738678,0.8503308296203613,0.14960335195064545,0.007741830311715603,0.0026623671874403954,0.02069239690899849,0.0,0.0,0.0033219471892464263,0.12057763886630576,0.01085537448103719,0.6112135867862144,-1.0856337688408215,-0.04892453811485471
149946,149,0.004613928962498903,0.6195396780967712,0.003847481682896614,0.6146689653396606,-1.1047050952911377,0.08031818270683289,-1.0122631788253784,0.07118398696184158,0.1307428628206253,0.010001827962696552,0.010004134848713875,0.022315381094813347,0.9808167219161987,0.7815139889717102,0.6812193393707275,0.8505914807319641,0.1470806896686554,0.007957883179187775,0.002687608590349555,0.019020404666662216,0.0,0.0,-0.006307484460554787,0.12361385349935664,0.00011691116768985498,0.6105651544329016,-1.0447034592521818,-0.10420009779233382
149947,149,-0.006311905104666948,0.6200801730155945,-0.006310919765383005,0.6151502132415771,-1.0783835649490356,0.036128804087638855,-1.017141580581665,0.029674939811229706,0.1287204623222351,0.010001606307923794,0.010003632865846157,0.020773902535438538,0.9844489693641663,0.7813602685928345,0.6781829595565796,0.8508329391479492,0.14493998885154724,0.007836690172553062,0.002612869720906019,0.017814503982663155,0.0,0.0,2.54612792295935e-05,0.11812851809819136,-0.010330123424832676,0.6095231534549782,-1.0447034592521822,-0.10420009779233382
149948,149,-0.01712280884385109,0.6206827759742737,-0.016545282676815987,0.6154062747955322,-1.0834496021270752,0.07256380468606949,-1.033543586730957,0.021573899313807487,0.12653334438800812,0.01000140979886055,0.010003192350268364,0.019430313259363174,0.9881032705307007,0.781327486038208,0.6751450300216675,0.850878119468689,0.14230485260486603,0.00844879075884819,0.002634219126775861,0.016114719212055206,0.0,0.0,0.0030800940775832534,0.11502412975131894,-0.020690253406756197,0.6083936268383116,-0.9984746488223865,-0.15075926344976232
149949,149,-0.02785731852054596,0.6203320622444153,-0.027313312515616417,0.6152349710464478,-1.0500015020370483,-0.10081979632377625,-1.0966806411743164,-0.03770044818520546,0.12504374980926514,0.01000124029815197,0.01000280398875475,0.018258722499012947,0.9914990067481995,0.7815925478935242,0.6723868250846863,0.8508316874504089,0.13888202607631683,0.008285636082291603,0.0029140349943190813,0.015285603702068329,0.0,0.0,-0.006881482033944399,0.11716530600892386,-0.03067499989497955,0.6068860342038138,-0.9984746488223865,-0.15075926344976232
149950,149,-0.03758605942130089,0.6198722720146179,-0.037941157817840576,0.6149778962135315,-0.9370546340942383,-0.03619315102696419,-1.0564473867416382,-0.04476718604564667,0.12321223318576813,0.01561784464865923,0.010002464056015015,0.01723596453666687,0.9945864677429199,0.7809708714485168,0.6699248552322388,0.8508782386779785,0.13543197512626648,0.012112845666706562,0.0031311206985265017,0.014576239511370659,0.0,0.0,0.01644596776615883,0.11348315126089951,-0.04061440853875252,0.6053451444759532,-0.9511215434480615,-0.1855364080125649
149951,149,-0.04628927633166313,0.619920015335083,-0.048072315752506256,0.6145923733711243,-0.8355197906494141,0.022946059703826904,-0.9781298637390137,-0.041868675500154495,0.11904729157686234,0.014925884082913399,0.010002166032791138,0.016341036185622215,0.9976677894592285,0.7809544801712036,0.6674988865852356,0.8509059548377991,0.1319730579853058,0.012245041318237782,0.0029655960388481617,0.013762839138507843,0.0,0.0,0.003571247771697386,0.09680969967009856,-0.050083881914267506,0.6034591241250814,-0.9469473375514328,-0.1886020350871931
149952,149,-0.055031172931194305,0.6198223829269409,-0.0575307160615921,0.613971471786499,-0.8834105134010315,-0.015354366041719913,-0.8944799900054932,-0.05605204030871391,0.11292745172977448,0.014320951886475086,0.010001902468502522,0.015559512190520763,1.0009713172912598,0.781090259552002,0.6650828719139099,0.8509360551834106,0.12603889405727386,0.011757449246942997,0.00301133724860847,0.013075281865894794,0.0,0.0,-0.009534099411812777,0.07978167864390709,-0.059553355289782485,0.6015731037742095,-0.9217848711986492,-0.2014991934301282
149953,149,-0.06365939974784851,0.619683563709259,-0.06580650806427002,0.6136133670806885,-0.8496633172035217,-0.015691637992858887,-0.778931200504303,-0.02379998005926609,0.10882748663425446,0.013790770433843136,0.010001671500504017,0.014875208958983421,1.004228115081787,0.7812943458557129,0.6626822352409363,0.8508766293525696,0.12085526436567307,0.011513747274875641,0.002904308959841728,0.012364848516881466,0.0,0.0,-0.008349802952148204,0.08636439342944126,-0.06846139646755427,0.5993993183111417,-0.8901215254393259,-0.21772841270457324
149954,149,-0.0723339095711708,0.6192176342010498,-0.07334925979375839,0.61326664686203,-0.8697883486747742,-0.06028985232114792,-0.7288272976875305,-0.03760908544063568,0.1044948399066925,0.013326599262654781,0.01000146847218275,0.014623402617871761,1.0073755979537964,0.7815689444541931,0.6603474617004395,0.8507680296897888,0.11558109521865845,0.011122610419988632,0.003020097967237234,0.012118048034608364,0.0,0.0,-0.012825372568707923,0.08048227288485349,-0.07736261172194812,0.5972220341840961,-0.8901215254393259,-0.2177284127045204
149955,149,-0.08065987378358841,0.6186732649803162,-0.08032382279634476,0.6129432320594788,-0.8089070916175842,-0.058223508298397064,-0.6868064999580383,-0.03840208053588867,0.10137011855840683,0.01291984785348177,0.010001289658248425,0.014106226153671741,1.0102967023849487,0.7820340991020203,0.6581703424453735,0.8504534363746643,0.11083593964576721,0.011404992081224918,0.003156455233693123,0.01126321405172348,0.0,0.0,-0.01040790850946017,0.08388336439731797,-0.08571217053969685,0.594863511854356,-0.8279972124860627,-0.23813839630184996
149956,149,-0.08842027932405472,0.617139995098114,-0.08747534453868866,0.6120822429656982,-0.7353813648223877,-0.21304845809936523,-0.730454683303833,-0.12057942897081375,0.097342848777771,0.012563472613692284,0.010001135058701038,0.014807001687586308,1.0131607055664062,0.7830008864402771,0.6559457182884216,0.8497669696807861,0.10762885212898254,0.011578003875911236,0.0027730786241590977,0.011533436365425587,0.0,0.0,-0.014915712339222663,0.074576514636233,-0.093992142664558,0.5924821278913373,-0.8279972124860561,-0.23813839630184996
149957,149,-0.09662287682294846,0.6144667863845825,-0.09523763507604599,0.6101284623146057,-0.8682116270065308,-0.2958109378814697,-0.7918533086776733,-0.24344374239444733,0.09226624667644501,0.012250402010977268,0.01000099629163742,0.014216561801731586,1.0162320137023926,0.7841355800628662,0.6536509990692139,0.8490694761276245,0.1023758053779602,0.011433985084295273,0.002917925827205181,0.010974915698170662,0.0,0.0,0.00588488590180242,0.0633046787600629,-0.10174083111555463,0.5900085998470853,-0.7605743986916399,-0.24983198587912894
149958,149,-0.10475559532642365,0.6114338636398315,-0.10306625813245773,0.6074962615966797,-0.7957067489624023,-0.3284611105918884,-0.8003263473510742,-0.3001481294631958,0.09106863290071487,0.01732909120619297,0.010000876151025295,0.013700026087462902,1.0189025402069092,0.7846052646636963,0.6515887379646301,0.8483971953392029,0.09876401722431183,0.014931036159396172,0.0030872842762619257,0.010709861293435097,0.0,0.0,0.01810990545067241,0.08416845114604754,-0.10934657510247155,0.5875102799882939,-0.7605743986916399,-0.24983198587907607
149959,149,-0.1121252253651619,0.6087207794189453,-0.11092814803123474,0.6044321060180664,-0.7140840291976929,-0.2538347542285919,-0.7952247262001038,-0.3312157690525055,0.0887109786272049,0.022732993587851524,0.010000769980251789,0.013246264308691025,1.0213427543640137,0.7849183678627014,0.649617075920105,0.8476483225822449,0.09613585472106934,0.019778752699494362,0.003122352296486497,0.010073473677039146,0.0,0.0,0.023506823908366618,0.07511336809427473,-0.11645200517998787,0.58499147738169,-0.6878530840560638,-0.2528091814364102
149960,149,-0.11918143928050995,0.6056262254714966,-0.1190837025642395,0.6007619500160217,-0.6891659498214722,-0.33647453784942627,-0.8148493766784668,-0.3796101212501526,0.08502766489982605,0.021405400708317757,0.010000675916671753,0.01284851599484682,1.0236403942108154,0.7860680222511292,0.6479532718658447,0.8469383120536804,0.0913744866847992,0.01915108785033226,0.003631915431469679,0.009966829791665077,0.0,0.0,0.0121577073898845,0.06362805231281493,-0.12333053602054894,0.5824633855673261,-0.6878530840560572,-0.25280918143635733
149961,149,-0.12500014901161194,0.6027513742446899,-0.12652596831321716,0.5973533391952515,-0.5274400115013123,-0.27581241726875305,-0.6995076537132263,-0.3313210606575012,0.08152678608894348,0.024726970121264458,0.010000594891607761,0.012500368990004063,1.025846242904663,0.7869142293930054,0.6463315486907959,0.8460676074028015,0.08828410506248474,0.022022055462002754,0.0031973908189684153,0.009334782138466835,0.0,0.0,0.025240947075895505,0.06095182323371439,-0.12975031971785722,0.57996903955053,-0.6098332685793347,-0.24706998297358798
149962,149,-0.1310676634311676,0.5991259813308716,-0.13330432772636414,0.5935587882995605,-0.6305587887763977,-0.3926410377025604,-0.6171497106552124,-0.38537582755088806,0.07496996968984604,0.02368326112627983,0.010000523179769516,0.012195113115012646,1.028183937072754,0.7881789207458496,0.6448683738708496,0.8453262448310852,0.08155088126659393,0.021097663789987564,0.0036074649542570114,0.009388875216245651,0.0,0.0,0.016444871092458294,0.03591671650846619,-0.13584865240365093,0.5774983397207942,-0.6098332685793215,-0.24706998297353513
149963,149,-0.13619962334632874,0.596142590045929,-0.13816402852535248,0.5903470516204834,-0.46469998359680176,-0.2689284682273865,-0.42250126600265503,-0.305781751871109,0.07169827818870544,0.0341593399643898,0.010000457055866718,0.011927586980164051,1.0302741527557373,0.7882193326950073,0.6435155868530273,0.8444429039955139,0.07713224738836288,0.02912716381251812,0.0034774665255099535,0.008817354217171669,0.0,0.0,0.035939077437814305,0.05192660855244629,-0.14154040171401944,0.5750981814459674,-0.5265149522614461,-0.23261439049066232
149964,149,-0.1412469744682312,0.592576801776886,-0.14235806465148926,0.5868375301361084,-0.49998587369918823,-0.3865629732608795,-0.3838249742984772,-0.3580666780471802,0.06535259634256363,0.03210457041859627,0.010000400245189667,0.011692583560943604,1.0323432683944702,0.789365828037262,0.6422882676124573,0.8437315821647644,0.07110875844955444,0.028215575963258743,0.0036681105848401785,0.009152241051197052,0.0,0.0,0.018229275726511805,0.026569290002793615,-0.14680555123663416,0.5727720375410602,-0.5265149522614327,-0.2326143904907152
149965,149,-0.1456853151321411,0.5898880958557129,-0.14542363584041595,0.5837939977645874,-0.42479875683784485,-0.21150493621826172,-0.2754999101161957,-0.2817380428314209,0.060707151889801025,0.03724120929837227,0.010000349953770638,0.011486262083053589,1.034321904182434,0.7897948622703552,0.6411519050598145,0.8430414199829102,0.06557139754295349,0.03198833018541336,0.0036847442388534546,0.00862635113298893,0.0,0.0,0.038092729185896235,0.031904623854854965,-0.1517268781533339,0.5705357981603627,-0.43789813510238434,-0.20944240398784464
149966,149,-0.14985188841819763,0.5870175957679749,-0.14848721027374268,0.5808337926864624,-0.3920430839061737,-0.3190908133983612,-0.3240358829498291,-0.2912341356277466,0.05520123615860939,0.034043435007333755,0.01000030804425478,0.011305372230708599,1.0360617637634277,0.7909151911735535,0.6402710676193237,0.8424800038337708,0.05956524610519409,0.02989017404615879,0.003964901436120272,0.008933302946388721,0.0,0.0,0.012593652957388696,0.020536864063980517,-0.15610585950435812,0.5684413741204845,-0.43789813510239756,-0.20944240398784464
149967,149,-0.15306028723716736,0.5848792195320129,-0.15145708620548248,0.5784844756126404,-0.28720083832740784,-0.16324076056480408,-0.3014084994792938,-0.20872825384140015,0.04983019828796387,0.03352820873260498,0.010000267997384071,0.011146461591124535,1.037676453590393,0.7915149927139282,0.6395228505134583,0.8422603607177734,0.05402747541666031,0.028042083606123924,0.003955095540732145,0.009217479266226292,0.0,0.0,0.03005577982142506,0.015532376911687774,-0.16021437602066105,0.5664387847860761,-0.3439828171021762,-0.17755402346492352
149968,149,-0.15591458976268768,0.5840616822242737,-0.15454013645648956,0.5769069790840149,-0.28633996844291687,-0.021333247423171997,-0.3138788938522339,-0.10741201043128967,0.04450110346078873,0.030498335137963295,0.010000237263739109,0.011006821878254414,1.0393530130386353,0.7919713854789734,0.638655960559845,0.8421433568000793,0.048986103385686874,0.026100527495145798,0.003785570152103901,0.00900861993432045,0.0,0.0,0.006999624399405643,-0.0008686969683222023,-0.16365420419168317,0.5646632445514271,-0.3439828171021762,-0.17755402346487065
149969,149,-0.15918706357479095,0.5834694504737854,-0.15803198516368866,0.5760572552680969,-0.3384093642234802,-0.056710436940193176,-0.35292381048202515,-0.04741908237338066,0.03994843736290932,0.027881653979420662,0.01000021118670702,0.015770206227898598,1.0408424139022827,0.7923170924186707,0.63795006275177,0.8419217467308044,0.043652769178152084,0.023126782849431038,0.00408852007240057,0.01314232312142849,0.0,0.0,-0.016471797144453244,-0.002015717269070405,-0.16690752230085906,0.5629640364154689,-0.2447689982608348,-0.13694924892189891
149970,149,-0.16168174147605896,0.5837802290916443,-0.16105017066001892,0.576396644115448,-0.21163006126880646,0.06937839090824127,-0.28876277804374695,0.07065719366073608,0.03603880852460861,0.02561374194920063,0.01000018697232008,0.01544847059994936,1.0421390533447266,0.7926005721092224,0.6373348236083984,0.8418207764625549,0.039568305015563965,0.02208416350185871,0.00405416963621974,0.01252022385597229,0.0,0.0,-0.013157238325312785,0.007240896782829513,-0.16935521228346784,0.5615945439262496,-0.2447689982608348,-0.13694924892189891
149971,149,-0.1640062928199768,0.5832008123397827,-0.16424888372421265,0.5766481757164001,-0.21323858201503754,-0.11090034991502762,-0.30266571044921875,0.011959673836827278,0.03267018869519234,0.023644061759114265,0.011485707014799118,0.03300170600414276,1.0430796146392822,0.7929348945617676,0.6369422078132629,0.840835452079773,0.03552698343992233,0.019393131136894226,0.005078740883618593,0.026970434933900833,0.0,0.0,-0.03581454692800687,-0.011698690298530552,-0.17171094397878806,0.5602684481409015,-0.1487231778061178,-0.09162356755901664
149972,149,-0.16522228717803955,0.5834587812423706,-0.16625003516674042,0.5772980451583862,-0.08598273992538452,0.08195143938064575,-0.1462983638048172,0.07327652722597122,0.02976694144308567,0.02193460799753666,0.011305158026516438,0.03005366586148739,1.0438867807388306,0.7927931547164917,0.6366522312164307,0.8411320447921753,0.03275038301944733,0.01784583553671837,0.004825794603675604,0.02568872645497322,0.0,0.0,-0.009842636808020184,-0.009795587429218551,-0.1731135107645713,0.5593921673373128,-0.1402566785783205,-0.08762808035882373
149973,149,-0.16646234691143036,0.58441162109375,-0.16744156181812286,0.5779736042022705,-0.1417589634656906,0.12225224077701569,-0.07854881137609482,0.08435620367527008,0.027252960950136185,0.02044554241001606,0.026854880154132843,0.03975969925522804,1.0448535680770874,0.7924558520317078,0.6355515718460083,0.8410252332687378,0.03099227510392666,0.016090143471956253,0.011024474166333675,0.033482424914836884,0.0,0.0,-0.04153776250889751,-0.02944298440555379,-0.17451607755035453,0.558515886533724,-0.09165460465569245,0.22139257817873254
149974,149,-0.16897064447402954,0.58608078956604,-0.168094202876091,0.5790379643440247,-0.3313092887401581,0.21431207656860352,-0.04585796594619751,0.1476297378540039,0.025067200884222984,0.01914428360760212,0.025909969583153725,0.03950913995504379,1.0462528467178345,0.7916975617408752,0.6344408392906189,0.8416574597358704,0.029709260910749435,0.01445569284260273,0.010320905596017838,0.03436464071273804,0.0,0.0,-0.037848749272533344,-0.019400155510260395,-0.17483422086211475,0.5645345636821294,-0.03049588318328916,0.6102506424418167
149975,149,-0.17313116788864136,0.5888506174087524,-0.16905130445957184,0.5811638832092285,-0.47385919094085693,0.33280158042907715,-0.1769818216562271,0.2760089337825775,0.023585425689816475,0.018008697777986526,0.023900730535387993,0.042569879442453384,1.0477503538131714,0.790483295917511,0.6332933306694031,0.8424537181854248,0.028042083606123924,0.012932920828461647,0.009602392092347145,0.037295181304216385,0.0,0.0,-0.043099923126205655,0.013315700038043707,-0.17513917969394777,0.5706370701065473,-0.030495883183302375,0.6102506424417637
149976,149,-0.17735889554023743,0.5927783250808716,-0.17190448939800262,0.5848261713981628,-0.40523284673690796,0.42842915654182434,-0.3890451192855835,0.4226638674736023,0.041385482996702194,0.017017485573887825,0.022154847159981728,0.054473161697387695,1.0464116334915161,0.7888599634170532,0.6327149868011475,0.8429877161979675,0.04041716828942299,0.011718014255166054,0.00983466301113367,0.04726322367787361,0.0,0.0,-0.05670786491622991,0.044422428241790206,-0.1744246468818071,0.5756219267503669,0.08431328740960922,0.4843874781065452
149977,149,-0.17900027334690094,0.5975220203399658,-0.17561747133731842,0.5899447798728943,-0.020822592079639435,0.4763142168521881,-0.37583398818969727,0.538947582244873,0.04389053210616112,0.016151368618011475,0.020635263994336128,0.06692806631326675,1.0458855628967285,0.7876250743865967,0.6326181888580322,0.843036949634552,0.044508688151836395,0.012445122934877872,0.009299070574343204,0.05580190196633339,0.0,0.0,-0.0694659175862378,0.04434574529323278,-0.17358151400771096,0.5804658015314326,0.08431328740960922,0.4843874781065981
149978,149,-0.17939339578151703,0.600056529045105,-0.18005283176898956,0.5940830707550049,0.013483066111803055,0.13442440330982208,-0.433676153421402,0.34862014651298523,0.03942662104964256,0.015393784269690514,0.019310621544718742,0.0765472874045372,1.0456739664077759,0.7868016362190247,0.6333128213882446,0.8432052135467529,0.04000941663980484,0.011091613210737705,0.009965805336833,0.06529490649700165,0.0,0.0,-0.07862478224770139,-0.006314514579093693,-0.1717943122620907,0.584353132857893,0.20412080807174518,0.362996864393302
149979,149,-0.17667271196842194,0.6030572652816772,-0.18178002536296844,0.59821617603302,0.3903053104877472,0.3436891436576843,0.03501133993268013,0.38989293575286865,0.03559238463640213,0.014731002040207386,0.018155209720134735,0.06928981840610504,1.0455306768417358,0.7857532501220703,0.6341075897216797,0.8441609144210815,0.03708653524518013,0.010820155963301659,0.008718771860003471,0.060960642993450165,0.0,0.0,-0.025391858889625626,-0.006398896445140397,-0.16975310418137338,0.5879831015018254,0.20412080807174518,0.36299686439324913
149980,149,-0.17449292540550232,0.6060501933097839,-0.1801857054233551,0.6010603308677673,0.15438418090343475,0.3109888434410095,0.292292058467865,0.2547624707221985,0.03228314220905304,0.014149891212582588,0.05584365129470825,0.06761472672224045,1.0455513000488281,0.7849665284156799,0.6333792805671692,0.8449110388755798,0.03378196433186531,0.010960465297102928,0.02498876303434372,0.05770528316497803,0.0,0.0,-0.05737684113411337,-0.06236749646308169,-0.16685324670172014,0.5908086879159012,0.32892667880310555,0.24607880130192833
149981,149,-0.17321689426898956,0.6081022620201111,-0.17667414247989655,0.6031720042228699,0.1195882260799408,0.14696407318115234,0.4043442904949188,0.19231727719306946,0.02942573092877865,0.013641105964779854,0.051594264805316925,0.06568003445863724,1.0454511642456055,0.7845853567123413,0.6338768005371094,0.8453549146652222,0.03083825670182705,0.010759329423308372,0.02430400624871254,0.05568747967481613,0.0,0.0,-0.05379169047940509,-0.024541787665375212,-0.16356397991368885,0.5932694759289201,0.32892667880310555,0.24607880130187548
149982,149,-0.17150579392910004,0.6093350648880005,-0.17197120189666748,0.6049787998199463,0.20033332705497742,0.09007196128368378,0.5090849995613098,0.15051546692848206,0.02695212885737419,0.013195319101214409,0.04648095369338989,0.06071972846984863,1.0449931621551514,0.7842981219291687,0.6349196434020996,0.8458579778671265,0.027309773489832878,0.010424729436635971,0.023130131885409355,0.051851190626621246,0.0,0.0,-0.029953531831437414,-0.013495348399006301,-0.15951147989944908,0.595069097835587,0.45873089960370345,0.1336332888324772
149983,149,-0.16801564395427704,0.610403299331665,-0.16634610295295715,0.6064094305038452,0.44480639696121216,0.0898231565952301,0.5548880696296692,0.1053512841463089,0.024807989597320557,0.01280481182038784,0.04290425777435303,0.05534087121486664,1.0444351434707642,0.7841777205467224,0.6359479427337646,0.8462808728218079,0.025980178266763687,0.010282889939844608,0.020529692992568016,0.047383569180965424,0.0,0.0,-0.021471247689228777,-0.01952306377245239,-0.15492417090341173,0.5964054307239115,0.45873089960370345,0.1336332888324243
149984,149,-0.16524925827980042,0.6110014915466309,-0.16197656095027924,0.6064839959144592,0.20159274339675903,0.07119463384151459,0.37478893995285034,-0.024908650666475296,0.022945992648601532,0.012462567538022995,0.05080057680606842,0.050857655704021454,1.0435481071472168,0.7838706374168396,0.6368851661682129,0.8468624949455261,0.02246062457561493,0.00969136692583561,0.025701191276311874,0.043580565601587296,0.0,0.0,-0.02221528888089259,-0.052317333461266546,-0.14967904155403067,0.5972148685281453,0.5935334704735258,0.025660326984948478
149985,149,-0.16046373546123505,0.6121657490730286,-0.1577790379524231,0.6070528030395508,0.6248788833618164,0.10480187833309174,0.40550029277801514,0.07215125858783722,0.021323809400200844,0.012162034399807453,0.04533878341317177,0.046769846230745316,1.042259931564331,0.7838530540466309,0.6385682821273804,0.8470767736434937,0.02103482559323311,0.010284943506121635,0.02325519546866417,0.03923780098557472,0.0,0.0,-0.020374788753041183,-0.009067276337470155,-0.14374370684929488,0.5974714717979945,0.5935334704735258,0.025660326984948478
149986,149,-0.15521499514579773,0.6119518280029297,-0.15452013909816742,0.60687255859375,0.5066621899604797,-0.07392656058073044,0.3250844478607178,-0.04853396117687225,0.019910253584384918,0.011898321099579334,0.06491822004318237,0.04431648179888725,1.0405997037887573,0.7841058969497681,0.6398097276687622,0.8471627831459045,0.018442336469888687,0.009928909130394459,0.03347296267747879,0.03702989220619202,0.0,0.0,-0.028331107129387252,-0.06871179651726556,-0.13726596136421812,0.5973265059047701,0.7333343914125989,-0.07784008424065775
149987,149,-0.14840178191661835,0.6115731000900269,-0.15026596188545227,0.6067476272583008,0.76303631067276,-0.04918766766786575,0.4868863821029663,-0.02646731398999691,0.018678028136491776,0.011667024344205856,0.06233266741037369,0.03979151323437691,1.0388108491897583,0.7844364047050476,0.6417171955108643,0.8471992015838623,0.017761576920747757,0.009961705654859543,0.0322396494448185,0.03337598592042923,0.0,0.0,-0.002958875295741254,-0.04630443775577266,-0.12993261745009166,0.5965481050623632,0.7333343914125989,-0.07784008424071062
149988,149,-0.14200003445148468,0.6107733249664307,-0.14486096799373627,0.6058218479156494,0.5791985988616943,-0.08152443170547485,0.6219257712364197,-0.11748362332582474,0.017602834850549698,0.01146412268280983,0.07877789437770844,0.03590644896030426,1.0370492935180664,0.7849060893058777,0.6430498361587524,0.8471381068229675,0.0160068292170763,0.010164798237383366,0.040838029235601425,0.02956327050924301,0.0,0.0,-0.008361203462546998,-0.08236189522056703,-0.12218226902876694,0.5954845158766561,0.8781336624208899,-0.1768679448443415
149989,149,-0.1352679580450058,0.6093508005142212,-0.13763374090194702,0.6046140193939209,0.7261608242988586,-0.19594906270503998,0.7865649461746216,-0.14096198976039886,0.01666276343166828,0.011285891756415367,0.07457905262708664,0.03255642205476761,1.0349022150039673,0.7856751084327698,0.6452857255935669,0.8468575477600098,0.014560372568666935,0.01018122211098671,0.04045884683728218,0.026638586074113846,0.0,0.0,-0.005789647277365051,-0.04945507808981699,-0.11340093240455745,0.5937158364282124,0.8781336624208899,-0.1768679448443415
149990,149,-0.1273423433303833,0.6073888540267944,-0.12901918590068817,0.6029953956604004,0.8380554914474487,-0.2134522795677185,0.9088277220726013,-0.19587333500385284,0.01583997532725334,0.011129261925816536,0.07338788360357285,0.02965942770242691,1.0326144695281982,0.7865477204322815,0.6476482152938843,0.8464682698249817,0.013564118184149265,0.010193541646003723,0.04010607302188873,0.024119768291711807,0.0,0.0,0.009974604207376909,-0.06621908912612848,-0.10433799424643271,0.5917694043549987,1.0279312834984118,-0.27142325482615565
149991,149,-0.11910156160593033,0.6050852537155151,-0.11967881768941879,0.6005676984786987,0.8260844945907593,-0.2373226433992386,0.9612340927124023,-0.2694177031517029,0.01512071117758751,0.011080529540777206,0.07688457518815994,0.02715369127690792,1.0299813747406006,0.787470281124115,0.6501441597938538,0.8460084199905396,0.011783399619162083,0.010316794738173485,0.04359425976872444,0.021761685609817505,0.0,0.0,0.01072884097070868,-0.07763021971931361,-0.09405868141144788,0.5890551718067375,1.0279312834984118,-0.2714232548261028
149992,149,-0.10940101742744446,0.6024861931800842,-0.1095445528626442,0.5979053974151611,1.0624433755874634,-0.2907649874687195,1.030807614326477,-0.2818215489387512,0.01449156180024147,0.012714277021586895,0.07601052522659302,0.02498202957212925,1.0267935991287231,0.7883747816085815,0.653266191482544,0.8453853130340576,0.01050393283367157,0.011714901775121689,0.044482436031103134,0.019885972142219543,0.0,0.0,0.012953135527212903,-0.07077593635095042,-0.08364316671596467,0.5862616772509915,1.1701872978805388,-0.35420844759397646
149993,149,-0.09817102551460266,0.5994653701782227,-0.09906420856714249,0.5948175191879272,1.1731586456298828,-0.31735438108444214,1.0689330101013184,-0.3343724012374878,0.013940472155809402,0.01778556779026985,0.09648387134075165,0.02309493161737919,1.0230436325073242,0.7887846231460571,0.6562002301216125,0.8448123335838318,0.008901763707399368,0.015416387468576431,0.057041775435209274,0.018468370661139488,0.0,0.0,0.01854069640335854,-0.1012246092993641,-0.07181589416951215,0.5826466171091319,1.1827272546451713,-0.3615060141859945
149994,149,-0.08518701046705246,0.5967933535575867,-0.08751171827316284,0.5916866064071655,1.3640546798706055,-0.2528318464756012,1.2151150703430176,-0.3153928220272064,0.013457811437547207,0.020511288195848465,0.11194153130054474,0.021453669294714928,1.0190656185150146,0.7895436882972717,0.6593413949012756,0.8440191149711609,0.008420402184128761,0.01863769069314003,0.06639169156551361,0.016615627333521843,0.0,0.0,0.02093195490150084,-0.11587369046067175,-0.05998862162305822,0.5790315569672718,1.253484170939404,-0.3994142097182454
149995,149,-0.07222987711429596,0.5931533575057983,-0.07514432072639465,0.5879018306732178,1.2854335308074951,-0.403567373752594,1.302889108657837,-0.38921961188316345,0.013034343719482422,0.019200842827558517,0.1362811177968979,0.020022373646497726,1.0151216983795166,0.7911084294319153,0.6621294021606445,0.8431152701377869,0.007962934672832489,0.018106460571289062,0.08076129108667374,0.015431278385221958,0.0,0.0,0.007231397003863382,-0.14289199499898245,-0.046582600377504634,0.5745706782465901,1.3425215758611548,-0.447116222923858
149996,149,-0.05960207059979439,0.5891566872596741,-0.06146130710840225,0.5839645862579346,1.238796353340149,-0.4020448327064514,1.410108208656311,-0.40181460976600647,0.012664041481912136,0.026495331898331642,0.13516467809677124,0.018777545541524887,1.0111759901046753,0.7916852235794067,0.6655928492546082,0.8422755599021912,0.007375120185315609,0.023018546402454376,0.08318488299846649,0.014530760236084461,0.0,0.0,0.027718316910742384,-0.12938120797789587,-0.03315738461889216,0.5700995160173513,1.3425215758611548,-0.447116222923858
149997,149,-0.04672490060329437,0.5855735540390015,-0.04680492728948593,0.5802204012870789,1.3164204359054565,-0.3359200060367584,1.4846179485321045,-0.3663839101791382,0.012338790111243725,0.026257120072841644,0.13223759829998016,0.017689168453216553,1.0071640014648438,0.7929407358169556,0.6693111658096313,0.8413041830062866,0.006871997378766537,0.02420961484313011,0.08309280872344971,0.013313204981386662,0.0,0.0,0.024614989949395143,-0.11703746980006492,-0.01826882973418218,0.5649078611303078,1.5073142471463765,-0.5282538810398518
149998,149,-0.033552978187799454,0.5814294815063477,-0.03237589821219444,0.5761945247650146,1.3386344909667969,-0.4547402262687683,1.4134385585784912,-0.41883584856987,0.012053059414029121,0.024298574775457382,0.13081692159175873,0.016736898571252823,1.003020167350769,0.7948062419891357,0.6730816960334778,0.8402188420295715,0.006512620951980352,0.023101113736629486,0.08344520628452301,0.012504574842751026,0.0,0.0,0.010778490135107066,-0.12341855296812002,-0.0031956872627174025,0.559625322319909,1.5073142471463747,-0.5282538810399047
149999,149,-0.020182548090815544,0.5768405199050903,-0.018630648031830788,0.5718245506286621,1.3344743251800537,-0.459623783826828,1.3448481559753418,-0.45341968536376953,0.011802497319877148,0.024527981877326965,0.1289898306131363,0.015904832631349564,0.9984625577926636,0.7963863015174866,0.6772051453590393,0.8392462730407715,0.005269759800285101,0.022592976689338684,0.08586500585079193,0.011942313052713871,0.0,0.0,0.024562550741660215,-0.11943395806001485,0.013167383123319446,0.5537386716714797,1.671013178378493,-0.6049189885339232
150000,150,0.0,0.0,-0.0,-0.0,0.0,0.0,0.0,0.0,0.009999999776482582,0.009999999776482582,0.009999999776482582,0.009999999776482582,1.0819710493087769,1.0819710493087769,0.729764461517334,0.729764461517334,0.018508514389395714,0.018508514389395714,0.006624635774642229,0.006624635774642229,0.0,0.0,0.02179160704482621,-0.11112932855844065,0.029877514907105517,0.5476894817861404,1.6710131783784947,-0.6049189885339232
