timestep,episode,hip_pos_l,hip_pos_r,exo_pos_l,exo_pos_r,hip_vel_l,hip_vel_r,exo_vel_l,exo_vel_r,act_iliopsoas_l,act_iliopsoas_r,act_glut_l,act_glut_r,muscle_length_iliopsoas_l,muscle_length_iliopsoas_r,muscle_length_glut_l,muscle_length_glut_r,muscle_force_iliopsoas_l,muscle_force_iliopsoas_r,muscle_force_glut_l,muscle_force_glut_r,motor_torque_l,motor_torque_r,pid_output_l,pid_output_r,hip_pos_target_l,hip_pos_target_r,hip_vel_target_l,hip_vel_target_r
179001,179,-0.0,-0.0,-0.0,-0.0,0.0,0.0,0.0,0.0,0.009999999776482582,0.009999999776482582,0.009999999776482582,0.009999999776482582,1.0680416822433472,1.0680416822433472,0.7233719229698181,0.7233719229698181,0.0,0.0,0.0,0.0,3.056609630584717,-7.066140174865723,0.00023616055873571117,0.0,0.0,0.00011691116769094612,0.0,-1.0447034592521818
179002,179,0.002618876053020358,0.001222756807692349,0.0022505135275423527,0.0021850308403372765,-1.7304563522338867,-1.9861135482788086,-1.808105230331421,-1.8254725933074951,0.009999999776482582,0.009999999776482582,0.009999999776482582,0.01933172345161438,1.0557212829589844,1.0557212829589844,0.7169660329818726,0.71402508020401,0.0,0.0,0.0,0.0,1.6233015060424805,-7.263834476470947,-0.020864511094805666,0.0,0.0,-0.010330123424831429,0.0,-1.0447034592521813
179003,179,-0.009902418591082096,-0.014789790846407413,-0.01099344901740551,-0.011881803162395954,-0.012571804225444794,-0.4419644773006439,-0.07890252768993378,-0.25191447138786316,0.1998843550682068,0.1993003785610199,0.009999999776482582,0.01817471906542778,1.0220973491668701,1.0221257209777832,0.7106484174728394,0.7036129832267761,0.0,0.0,0.0,0.0,1.291818618774414,-10.678314208984375,0.2534484873634927,0.2542783232079819,0.0,-0.020690253406756048,0.0,-0.9984746488223865
179004,179,-0.007827982306480408,-0.01807505451142788,-0.00933863501995802,-0.013427908532321453,0.18908433616161346,-0.43727388978004456,0.17435482144355774,-0.29578325152397156,0.16835445165634155,0.16992489993572235,0.009999999776482582,0.017163710668683052,0.9896821975708008,0.9925983548164368,0.7044208645820618,0.6938801407814026,0.07857821136713028,0.09727485477924347,0.0,0.0,-2.4081897735595703,-7.103602886199951,0.033564024867546983,0.021836278666742148,0.0,-0.03067499989498059,0.0,-0.9984746488223865
179005,179,-0.007462027948349714,-0.023919373750686646,-0.008451597765088081,-0.018831240013241768,0.050892218947410583,-0.5675692558288574,0.13155943155288696,-0.627339243888855,0.14164558053016663,0.14438435435295105,0.012113753706216812,0.016277898102998734,0.983167290687561,0.9886419773101807,0.6976114511489868,0.6847535371780396,0.12882325053215027,0.14429225027561188,0.0,0.0,-3.9638805389404297,-9.063968658447266,0.019101359701405952,-0.012404455314390363,0.0,-0.040614408538753366,0.0,-0.951121543448045
179006,179,-0.00633610412478447,-0.029140785336494446,-0.006904087495058775,-0.025683453306555748,0.18358159065246582,-0.47073280811309814,0.17764931917190552,-0.7083109021186829,0.1204293742775917,0.12594325840473175,0.011855585500597954,0.015502934344112873,0.9831355214118958,0.9906290173530579,0.6905770897865295,0.6761846542358398,0.12102276086807251,0.13856714963912964,0.0,0.0,-3.6534130573272705,-11.331591606140137,0.030872066172944114,0.007741694110445679,0.0,-0.050083881914268207,0.0,-0.9469473375514328
179007,179,-0.004054082557559013,-0.0340675450861454,-0.005298031494021416,-0.033206500113010406,0.279757022857666,-0.4924626350402832,0.1710778772830963,-0.7622076272964478,0.10338392853736877,0.10786174982786179,0.013963042758405209,0.014826842583715916,0.984025239944458,0.993935763835907,0.6831066012382507,0.6718457937240601,0.10425162315368652,0.12073872238397598,0.0008744240622036159,0.006566616240888834,-5.82581901550293,-9.640250205993652,0.007242224037100356,-0.014286837209947409,0.0,-0.05955335528978305,0.0,-0.9217848711986326
179008,179,-0.0012317533837631345,-0.03903175890445709,-0.0033515908289700747,-0.04082503914833069,0.2817586660385132,-0.5191185474395752,0.22682800889015198,-0.7353834509849548,0.08941075950860977,0.09308972954750061,0.030566634610295296,0.014234147034585476,0.9847302436828613,0.9973870515823364,0.6826665997505188,0.6703773736953735,0.0890466496348381,0.10461177676916122,0.017931221053004265,0.006054531782865524,-4.922447204589844,-8.943635940551758,0.0018512581923104815,-0.03319611352402717,0.0,-0.06846139646755374,0.0,-0.8901215254393259
179009,179,0.0015269669238477945,-0.04450935497879982,-0.0005960157141089439,-0.04739641770720482,0.25035369396209717,-0.5869588851928711,0.30084288120269775,-0.6002142429351807,0.07783173024654388,0.08088303357362747,0.03793718293309212,0.013714196160435677,0.9853668212890625,1.0008938312530518,0.6830313205718994,0.6687460541725159,0.07795615494251251,0.09121674299240112,0.022144071757793427,0.00558509910479188,-5.149846076965332,-7.865393161773682,-0.0027909748763096237,-0.03911638328107074,0.0,-0.07736261172194747,0.0,-0.8901215254393259
179010,179,0.0036631294060498476,-0.05065565183758736,0.0026489743031561375,-0.05281245335936546,0.17231202125549316,-0.646644651889801,0.32601767778396606,-0.5144139528274536,0.06817898899316788,0.07073109596967697,0.039667606353759766,0.013258778490126133,0.9860876798629761,1.0043641328811646,0.6835113167762756,0.6670461297035217,0.06842078268527985,0.07970660924911499,0.023199351504445076,0.005292542278766632,-3.9548861980438232,-7.212057113647461,0.0008170939886550516,-0.03995361742330715,0.0,-0.0857121705396961,0.0,-0.8279972124860561
179011,179,0.005356142297387123,-0.057076361030340195,0.006074968725442886,-0.05751386657357216,0.1441214233636856,-0.6601989269256592,0.32684963941574097,-0.4600314497947693,0.06006964296102524,0.06221917271614075,0.03873986750841141,0.012859686277806759,0.9867835640907288,1.0076630115509033,0.6840327978134155,0.6653512120246887,0.06013530120253563,0.06975226104259491,0.022687576711177826,0.005069840233772993,-3.566622734069824,-5.475029945373535,0.004635878644508151,-0.032592954069841654,0.0,-0.09399214266455713,0.0,-0.8279972124860627
179012,179,0.006813746877014637,-0.06341788917779922,0.008966214023530483,-0.06202194094657898,0.1193438395857811,-0.6405571103096008,0.21725207567214966,-0.4875863492488861,0.05321235582232475,0.055033352226018906,0.03783925995230675,0.012509765103459358,0.9875667691230774,1.0108658075332642,0.6842605471611023,0.6634821891784668,0.05385390669107437,0.06198445335030556,0.021626675501465797,0.004638375248759985,-4.620123863220215,-6.563363075256348,0.0031197719816930536,-0.03185751301469281,0.0,-0.10174083111555474,0.0,-0.7605743986916399
179013,179,0.0071577634662389755,-0.07038106769323349,0.009811128489673138,-0.06797155737876892,-0.0016714483499526978,-0.7069196105003357,0.007668003439903259,-0.6548957228660583,0.04738379642367363,0.04893411323428154,0.03697129711508751,0.012202903628349304,0.9883673191070557,1.0139116048812866,0.6843796372413635,0.6616137623786926,0.04768791049718857,0.05494968593120575,0.02122451364994049,0.0045191580429673195,-2.7341866493225098,-6.666507720947266,-0.0032735059081247103,-0.031192359544802456,0.0,-0.10934657510247155,0.0,-0.7605743986916399
179014,179,0.007363390177488327,-0.07719438523054123,0.009544309228658676,-0.07475229352712631,0.015710458159446716,-0.6802204847335815,-0.0709289014339447,-0.7139482498168945,0.04241315275430679,0.04373886436223984,0.033971935510635376,0.011934000067412853,0.9890015125274658,1.0167148113250732,0.684634804725647,0.6598393321037292,0.04236430674791336,0.04894270375370979,0.019715329632163048,0.004427602048963308,-1.363523006439209,-5.075833797454834,0.0054749472465848575,-0.013871254802215844,0.0,-0.11645200517998859,0.0,-0.6878530840560572
179015,179,0.007807206828147173,-0.08361059427261353,0.008797909133136272,-0.08188095688819885,0.038994550704956055,-0.6392192840576172,-0.10272544622421265,-0.7369159460067749,0.0381515733897686,0.03928924351930618,0.03178707882761955,0.011698028072714806,0.9897168278694153,1.0195106267929077,0.6846480965614319,0.6578940749168396,0.03873395547270775,0.044660020619630814,0.017936626449227333,0.003983534872531891,-3.2920479774475098,-6.493457794189453,0.0004169287592650922,-0.017037062004674225,0.0,-0.12333053602054957,0.0,-0.6878530840560638
179016,179,0.007290301378816366,-0.09075015038251877,0.007094640750437975,-0.08988180011510849,-0.09005583077669144,-0.7395725250244141,-0.18395979702472687,-0.8114875555038452,0.03448757156729698,0.03546690195798874,0.03047546185553074,0.011490986682474613,0.9903984665870667,1.0223004817962646,0.6846603751182556,0.6558918952941895,0.034489478915929794,0.04066982865333557,0.017487509176135063,0.0037992806173861027,1.798558235168457,-7.182140350341797,-0.006663195161504806,-0.02157345332438126,0.0,-0.12975031971785705,0.0,-0.6098332685793215
179017,179,0.007187759969383478,-0.09801073372364044,0.005864803679287434,-0.09747081995010376,0.005349978804588318,-0.7556519508361816,-0.10621222853660583,-0.7536247372627258,0.03132713958621025,0.03217236325144768,0.027858275920152664,0.011309236288070679,0.990738570690155,1.0249027013778687,0.6849901080131531,0.6540274024009705,0.030735647305846214,0.036614589393138885,0.016382096335291862,0.003987458068877459,2.4299001693725586,-1.5709519386291504,0.009570267791315312,-0.001327891231048853,0.0,-0.13584865240365068,0.0,-0.6098332685793215
179018,179,0.007982064038515091,-0.10458478331565857,0.005756877362728119,-0.10438668727874756,0.08746077120304108,-0.6351115703582764,0.023399323225021362,-0.6920922994613647,0.028593283146619797,0.029868654906749725,0.026295935735106468,0.011149599216878414,0.9910575151443481,1.0274051427841187,0.6851659417152405,0.6520607471466064,0.028345519676804543,0.034579887986183167,0.015166614204645157,0.0035448928829282522,1.3187217712402344,-5.500391960144043,0.01424925636477932,-0.01557743504876271,0.0,-0.14154040171401913,0.0,-0.5265149522614327
179019,179,0.008204549551010132,-0.11181581765413284,0.005862575024366379,-0.1117997094988823,0.013877108693122864,-0.7476470470428467,0.03490851819515228,-0.7402002811431885,0.02622717246413231,0.027332384139299393,0.029198136180639267,0.011009564623236656,0.9915027022361755,1.0300790071487427,0.6849822998046875,0.6498925685882568,0.026349443942308426,0.03237249702215195,0.016363900154829025,0.0033271058928221464,-1.7465102672576904,-4.915525913238525,-0.002058415926519175,-0.029642303327564148,0.0,-0.14680555123663386,0.0,-0.5265149522614461
179020,179,0.007751402445137501,-0.11961348354816437,0.006381267681717873,-0.11917310953140259,-0.07294962555170059,-0.787099301815033,0.0736621618270874,-0.724965512752533,0.024176795035600662,0.0262299831956625,0.02792554907500744,0.010886786505579948,0.99202960729599,1.032541036605835,0.6848500370979309,0.6478158831596375,0.02432648465037346,0.030742641538381577,0.015729442238807678,0.00339445355348289,-1.0268616676330566,-2.9459500312805176,0.01864309920973052,-0.019213815967086705,0.0,-0.15172687815333405,0.0,-0.43789813510239756
179021,179,0.007103796117007732,-0.12699051201343536,0.0074709998443722725,-0.12606054544448853,-0.07717255502939224,-0.7165268659591675,0.10930508375167847,-0.6841166019439697,0.02239575982093811,0.03003503568470478,0.025652773678302765,0.010779043659567833,0.9924564361572266,1.034173846244812,0.6848592162132263,0.6458713412284851,0.022147400304675102,0.033733390271663666,0.014813384972512722,0.003374928841367364,2.492499351501465,-4.151875972747803,0.030668458992449202,-0.005438539667520672,0.0,-0.15610585950435826,0.0,-0.43789813510238434
179022,179,0.006916452199220657,-0.13391371071338654,0.008421903476119041,-0.1327434480190277,0.016468927264213562,-0.6818710565567017,0.05658252537250519,-0.669320821762085,0.02084401436150074,0.029513327404856682,0.023677479475736618,0.010684342123568058,0.9927228689193726,1.0360783338546753,0.6849675178527832,0.6440343260765076,0.020597834140062332,0.03367772325873375,0.013594592921435833,0.0034833282697945833,-0.8255445957183838,-1.5418124198913574,0.02595514023186117,-0.0036519635119475428,0.0,-0.1602143760206611,0.0,-0.3439828171021894
179023,179,0.006895406171679497,-0.14035600423812866,0.008428553119301796,-0.1395345777273178,-0.008548811078071594,-0.6104907393455505,-0.0381627231836319,-0.680578351020813,0.019489619880914688,0.029208244755864143,0.022894760593771935,0.010601048357784748,0.9929904937744141,1.0377548933029175,0.6849760413169861,0.64254230260849,0.019349491223692894,0.03271150216460228,0.012987337075173855,0.003830624744296074,-2.059277296066284,1.332089900970459,0.027128700009783582,-0.017461827064398677,0.0,-0.16365420419168317,0.0,-0.3439828171021762
179024,179,0.006709372159093618,-0.1455537974834442,0.007825399748980999,-0.14604152739048004,-0.037686482071876526,-0.45492780208587646,-0.08298726379871368,-0.6280534267425537,0.018310366198420525,0.028323231264948845,0.02175488881766796,0.010528026148676872,0.993375837802887,1.0392253398895264,0.6848427653312683,0.6412878632545471,0.018383778631687164,0.03195194900035858,0.012201309204101562,0.0037973218131810427,-1.048285961151123,-2.143467664718628,0.022268572897988212,-0.013804982381407172,0.0,-0.16690752230085934,0.0,-0.2447689982608348
179025,179,0.00602740328758955,-0.15013349056243896,0.006575180683284998,-0.1519431173801422,-0.08264125883579254,-0.4448351263999939,-0.1437336504459381,-0.5282548666000366,0.01727885939180851,0.025991640985012054,0.0202831719070673,0.0104637760668993,0.9937713742256165,1.0407421588897705,0.684719979763031,0.640149712562561,0.0172569677233696,0.0297996923327446,0.01145676989108324,0.003950193058699369,0.4461336135864258,-1.3801109790802002,0.00395831053845086,-0.009196451150346549,0.0,-0.16935521228346778,0.0,-0.2447689982608348
179026,179,0.005397225730121136,-0.1541891098022461,0.0052033462561666965,-0.15623000264167786,-0.05769139900803566,-0.38366249203681946,-0.13965754210948944,-0.35907942056655884,0.016380053013563156,0.02397375926375389,0.019003786146640778,0.010407493449747562,0.9939841032028198,1.042114496231079,0.6847614645957947,0.6391897201538086,0.015973730012774467,0.027595918625593185,0.0110058868303895,0.003987458068877459,3.782165050506592,-1.8507421016693115,0.006460782884590552,-0.0012098449585027978,0.0,-0.171710943978788,0.0,-0.148723177806131
179027,179,0.005441609304398298,-0.15767265856266022,0.004089507274329662,-0.1589960902929306,0.03619542717933655,-0.3308878540992737,-0.09344978630542755,-0.2247561514377594,0.015595276840031147,0.022222155705094337,0.017888978123664856,0.01035812497138977,0.9940246939659119,1.0433320999145508,0.6849187016487122,0.6383251547813416,0.015120955184102058,0.02569439262151718,0.010387714020907879,0.004055151250213385,2.2529149055480957,-1.2705576419830322,0.0022125046189157144,-0.003799913332331926,0.0,-0.1731135107645712,0.0,-0.1402566785783073
179028,179,0.005781498271971941,-0.16078460216522217,0.0034817398991435766,-0.16091683506965637,0.03908677399158478,-0.2852100133895874,-0.015998728573322296,-0.16040228307247162,0.014907638542354107,0.020694976672530174,0.018054375424981117,0.010314698331058025,0.9939994812011719,1.0443028211593628,0.6850564479827881,0.6376739740371704,0.014361647889018059,0.023763101547956467,0.010475126095116138,0.00430169515311718,1.989448070526123,-0.049457550048828125,-0.0018785955022082648,-0.01808053659508005,0.0,-0.17451607755035445,0.0,-0.09165460465571888
179029,179,0.006260262336581945,-0.1630670577287674,0.00389424548484385,-0.16224093735218048,0.0495058074593544,-0.1835072934627533,0.08337020128965378,-0.12193331867456436,0.014304720796644688,0.019361775368452072,0.0191456601023674,0.010276488959789276,0.9940677881240845,1.0450886487960815,0.6850214600563049,0.6371616721153259,0.01407564990222454,0.022411711513996124,0.01082531176507473,0.004282032605260611,-0.5472111701965332,-2.4762487411499023,-0.0034236634009958133,-0.019309646517504005,0.0,-0.17483422086211478,0.0,-0.030495883183302375
179030,179,0.006182169541716576,-0.16498970985412598,0.004764874465763569,-0.16371609270572662,-0.02904072403907776,-0.17352470755577087,0.10740452259778976,-0.1470327079296112,0.013777979649603367,0.018201583996415138,0.021551061421632767,0.01432071439921856,0.9941975474357605,1.0457326173782349,0.6848798990249634,0.63660728931427,0.01347168255597353,0.021157216280698776,0.012234628200531006,0.006125289015471935,1.3186216354370117,-3.3761584758758545,-0.014965520365900063,-0.021955234913621096,0.0,-0.17513917969394777,0.0,-0.03049588318328916
179031,179,0.006064304616302252,-0.1665457785129547,0.006019858177751303,-0.16509665548801422,-0.0030733346939086914,-0.14471514523029327,0.12934871017932892,-0.13541457056999207,0.01331536564975977,0.017185987904667854,0.0201262179762125,0.013959708623588085,0.9941509962081909,1.0462520122528076,0.6850659847259521,0.636288046836853,0.012645477429032326,0.02004912868142128,0.011872702278196812,0.006111334078013897,3.789401054382324,-3.0310964584350586,-0.011377237117502471,-0.010140712989959867,0.0,-0.17442464688180706,0.0,0.08431328740960922
179032,179,0.00666409358382225,-0.16770873963832855,0.007349581457674503,-0.16628342866897583,0.10015971958637238,-0.10631980001926422,0.11455550789833069,-0.11788429319858551,0.012910140678286552,0.016299014911055565,0.01935419999063015,0.013602319173514843,0.9939852952957153,1.0467848777770996,0.685325562953949,0.6359297037124634,0.01232212409377098,0.01936040073633194,0.01131390780210495,0.00581762008368969,0.37037134170532227,-4.074916839599609,-0.011040983110369575,-0.013921377633232625,0.0,-0.17358151400771096,0.0,0.08431328740960922
179033,179,0.007368878927081823,-0.16911233961582184,0.00796513445675373,-0.16774502396583557,0.06476340442895889,-0.15076211094856262,0.03785356134176254,-0.15058773756027222,0.012554818764328957,0.015523266978561878,0.02913024090230465,0.013281725347042084,0.9937211871147156,1.04713773727417,0.685226321220398,0.6357418894767761,0.011751222424209118,0.01811187155544758,0.016810866072773933,0.006054531782865524,0.993807315826416,0.829472541809082,-0.010981670602511442,-0.030739195581991226,0.0,-0.17179431226209094,0.0,0.20412080807174518
179034,179,0.008383041247725487,-0.16965748369693756,0.0085289990529418,-0.16885006427764893,0.10305191576480865,-0.0033032819628715515,0.048635371029376984,-0.0994618833065033,0.012242893688380718,0.014843793585896492,0.028856748715043068,0.012880302965641022,0.9934365749359131,1.0472222566604614,0.6854852437973022,0.6358296275138855,0.011540690436959267,0.017189165577292442,0.016853809356689453,0.0060296268202364445,1.609330177307129,-0.3512990474700928,0.0025614768619939797,-0.026986696573439987,0.0,-0.16975310418137338,0.0,0.20412080807174518
179035,179,0.009345132857561111,-0.16940072178840637,0.008888005279004574,-0.1696929931640625,0.09131819754838943,0.050657063722610474,0.031443916261196136,-0.061258308589458466,0.01196922268718481,0.014248830266296864,0.03406713530421257,0.012847409583628178,0.993154764175415,1.0470117330551147,0.6855665445327759,0.6361705660820007,0.01125080231577158,0.016078392043709755,0.01971314288675785,0.006389711983501911,1.4374542236328125,2.741825580596924,-0.012611259624417517,-0.034925958740059285,0.0,-0.1668532467017202,0.0,0.32892667880310555
179036,179,0.010320455767214298,-0.16806669533252716,0.009435576386749744,-0.16963772475719452,0.08560793101787567,0.18176305294036865,0.06294779479503632,0.057749081403017044,0.011729108169674873,0.01372772641479969,0.035103000700473785,0.014311108738183975,0.9930137991905212,1.0466792583465576,0.6856403946876526,0.6365500688552856,0.011300456710159779,0.015663370490074158,0.02014337293803692,0.006903074681758881,1.083385944366455,-1.8793845176696777,-0.014523566880745378,-0.035276986884418875,0.0,-0.16356397991368896,0.0,0.32892667880310555
179037,179,0.01070262212306261,-0.16668036580085754,0.009891505353152752,-0.1685819774866104,0.019546017050743103,0.13014444708824158,0.05259130150079727,0.16961106657981873,0.01151867676526308,0.013271731324493885,0.03635506331920624,0.026588579639792442,0.9931284189224243,1.0464227199554443,0.6854895949363708,0.6364439725875854,0.011529291048645973,0.015314302407205105,0.02039569430053234,0.012233586981892586,-1.7325818538665771,-2.7196455001831055,-0.028581413838025434,-0.036577501839492474,0.0,-0.1595114798994487,0.0,0.45873089960370345
179038,179,0.010195732116699219,-0.16573549807071686,0.010266614146530628,-0.1664801836013794,-0.09626342356204987,0.0766226053237915,0.035853005945682526,0.2529851794242859,0.011334088630974293,0.012872286140918732,0.03522665798664093,0.02502417005598545,0.9935030341148376,1.046218991279602,0.6852002143859863,0.6367002725601196,0.011573857627809048,0.01493739802390337,0.01962679624557495,0.011807276867330074,-1.2979960441589355,-1.9643211364746094,-0.01420154013352221,-0.02764659989858046,0.0,-0.15492417090341146,0.0,0.45873089960370345
179039,179,0.009008210152387619,-0.16487690806388855,0.0105140907689929,-0.1635638028383255,-0.14553242921829224,0.0892038643360138,-0.009364388883113861,0.2998465895652771,0.011171819642186165,0.012521546334028244,0.03197161853313446,0.023132827132940292,0.9940977096557617,1.046043872833252,0.6848039031028748,0.637000322341919,0.011736692860722542,0.014582587406039238,0.017587799578905106,0.010959433391690254,-2.3767852783203125,-2.9138565063476562,0.002748388499959958,-0.009465318436268718,0.0,-0.1496790415540303,0.0,0.593533470473539
179040,179,0.007108471821993589,-0.16403189301490784,0.009680673480033875,-0.16103549301624298,-0.22260139882564545,0.08802518248558044,-0.15192827582359314,0.20219144225120544,0.011029202491044998,0.012389106675982475,0.02915538288652897,0.021485477685928345,0.9946848750114441,1.045595407485962,0.684446394443512,0.6375518441200256,0.011312872171401978,0.01384282298386097,0.01622910052537918,0.010682043619453907,1.3658738136291504,0.9216690063476562,0.011437353068233222,0.0001199121377430841,0.0,-0.14374370684929463,0.0,0.593533470473539
179041,179,0.005552820395678282,-0.16207897663116455,0.00791048351675272,-0.15908899903297424,-0.13841582834720612,0.24554120004177094,-0.22723092138767242,0.16203045845031738,0.014801828190684319,0.02199951931834221,0.02671630308032036,0.020050371065735817,0.9945708513259888,1.0435373783111572,0.6841835379600525,0.638388454914093,0.01445569284260273,0.021228929981589317,0.01490665040910244,0.010288026183843613,1.7703986167907715,1.4047861099243164,0.023414934851002274,0.015337564803194252,0.0,-0.13726596136421879,0.0,0.7333343914125857
179042,179,0.004334501456469297,-0.15908831357955933,0.005243445280939341,-0.1575981229543686,-0.10986143350601196,0.3424776792526245,-0.2933047413825989,0.14706967771053314,0.014212138950824738,0.02064773626625538,0.0246015302836895,0.01879969611763954,0.9947440028190613,1.0423333644866943,0.6841471791267395,0.6395858526229858,0.013874407857656479,0.020505521446466446,0.014148416928946972,0.010237694717943668,5.232341289520264,2.943894863128662,0.011191314461961553,0.005709975676145403,0.0,-0.1299326174500923,0.0,0.7333343914125989
179043,179,0.004076643846929073,-0.1547447144985199,0.002485882956534624,-0.1557004600763321,0.015329118818044662,0.48705893754959106,-0.2620276212692261,0.21790316700935364,0.013695629313588142,0.019320709630846977,0.022763799875974655,0.01770804636180401,0.9947731494903564,1.0410301685333252,0.6843045949935913,0.6411215662956238,0.01327439770102501,0.018749583512544632,0.013143370859324932,0.010048856027424335,3.7897562980651855,4.500155448913574,0.006908334210788056,0.0037767642992548624,0.0,-0.12218226902876772,0.0,0.8781336624208899
179044,179,0.004323466680943966,-0.14934015274047852,0.0006168670952320099,-0.15264412760734558,0.026300126686692238,0.5819100141525269,-0.10208456218242645,0.40650826692581177,0.013243394903838634,0.018163815140724182,0.021736983209848404,0.016755178570747375,0.9948265552520752,1.0394186973571777,0.6843767762184143,0.6429311037063599,0.01298524346202612,0.017009573057293892,0.012363806366920471,0.009992457926273346,1.1316490173339844,6.497554779052734,-0.005076503805538132,-0.014567636207211762,0.0,-0.11340093240455851,0.0,0.8781336624208832
179045,179,0.0043238503858447075,-0.1429128795862198,0.0004881657660007477,-0.14724643528461456,-0.0200069397687912,0.7022682428359985,0.05599711090326309,0.6594881415367126,0.01284679863601923,0.017153041437268257,0.021118752658367157,0.016055798158049583,0.9949986934661865,1.037399411201477,0.6843045949935913,0.6451159119606018,0.012739487923681736,0.015239909291267395,0.011878934688866138,0.010171983391046524,0.5223178863525391,7.094917297363281,-0.0110873693259263,-0.016793402389157563,0.0,-0.10433799424643149,0.0,1.0279312834984118
179046,179,0.003931350074708462,-0.13511314988136292,0.0014996640384197235,-0.13941411674022675,-0.05223383381962776,0.8496795892715454,0.12922604382038116,0.8852623701095581,0.012498917058110237,0.016269328072667122,0.019731368869543076,0.01988391950726509,0.9953844547271729,1.0349162817001343,0.6840454936027527,0.6475512981414795,0.012841924093663692,0.013549407944083214,0.010759329423308372,0.012620418332517147,-2.955310344696045,7.901945114135742,-0.020459940303499957,-0.009934586838353425,0.0,-0.09405868141144695,0.0,1.0279312834984118
179047,179,0.002680682111531496,-0.1258670687675476,0.002707217587158084,-0.12970031797885895,-0.17008669674396515,0.9987040758132935,0.12018081545829773,1.0524238348007202,0.012194596230983734,0.015498521737754345,0.018524490296840668,0.03382665663957596,0.996001124382019,1.0319713354110718,0.683581531047821,0.6499921083450317,0.012647566385567188,0.012118048034608364,0.00999758392572403,0.020270582288503647,-1.0360157489776611,5.65546989440918,-0.03631067262427107,-0.004394179109949619,0.0,-0.08364316671596361,0.0,1.1701872978806114
179048,179,0.0008836573688313365,-0.11540534347295761,0.0034530663397163153,-0.11841921508312225,-0.18110521137714386,1.0911130905151367,0.003096476197242737,1.1942051649093628,0.015257578343153,0.014823026023805141,0.017469240352511406,0.049483705312013626,0.9962028861045837,1.0289249420166016,0.6830589771270752,0.6523528099060059,0.015285603702068329,0.011522036977112293,0.009344985708594322,0.02847440540790558,-0.4818296432495117,-0.5354058742523193,-0.05242093924829849,0.01573147261282429,0.0,-0.07181589416951127,0.0,1.1827272546451713
179049,179,-0.0010812543332576752,-0.10520165413618088,0.0022110273130238056,-0.10633260011672974,-0.1902388036251068,0.9813033938407898,-0.21310195326805115,1.236067771911621,0.02019251137971878,0.014231173321604729,0.016546519473195076,0.06030001863837242,0.9958004355430603,1.0258973836898804,0.6828272938728333,0.6548064351081848,0.019036734476685524,0.010631573386490345,0.009401125833392143,0.035006336867809296,4.971408843994141,2.3289108276367188,-0.06244286251285196,0.020960626145824793,0.0,-0.05998862162305875,0.0,1.2534841709393707
179050,179,-0.0017372521106153727,-0.0949447825551033,3.5688281059265137e-06,-0.09338371455669403,0.008696416392922401,1.0349681377410889,-0.24755537509918213,1.2913168668746948,0.025398993864655495,0.013713413849473,0.015740733593702316,0.05729743838310242,0.9948902130126953,1.022730827331543,0.6829991340637207,0.6578752398490906,0.023448556661605835,0.009667838923633099,0.009222578257322311,0.03472510725259781,3.573124408721924,5.818619728088379,-0.038394363118973235,0.02628211347386241,0.0,-0.04658260037750543,0.0,1.3425215758611548
179051,179,-0.0011071078479290009,-0.08402793109416962,-0.002537776716053486,-0.08104832470417023,0.1002056673169136,1.1396623849868774,-0.2457265406847,1.1648666858673096,0.02345786802470684,0.01325880829244852,0.015034308657050133,0.054783303290605545,0.9947994947433472,1.0192759037017822,0.6831627488136292,0.661259114742279,0.02313571237027645,0.008622290566563606,0.008514715358614922,0.034266017377376556,-1.3892567157745361,7.609710693359375,-0.03887163839022452,-0.002211428931914269,0.0,-0.033157384618893164,0.0,1.3425215758611548
179052,179,-0.000766906829085201,-0.07213476300239563,-0.004384920001029968,-0.07011344283819199,-0.012200923636555672,1.2410746812820435,-0.1016976535320282,1.0572121143341064,0.021768825128674507,0.012860159389674664,0.016899678856134415,0.05349704250693321,0.9950991868972778,1.0153727531433105,0.6830356121063232,0.6649976968765259,0.021657651290297508,0.007472746539860964,0.00942358747124672,0.03470486402511597,-0.11937260627746582,9.041175842285156,-0.045317186602341186,-0.017175962938927113,0.0,-0.01826882973418353,0.0,1.507314247146373
179053,179,-0.000990111380815506,-0.058820825070142746,-0.004419025033712387,-0.05945452302694321,-0.03989102691411972,1.393044352531433,0.05727827176451683,1.0726196765899658,0.020300451666116714,0.012511208653450012,0.016049224883317947,0.05340134724974632,0.9955167174339294,1.0110723972320557,0.6828950047492981,0.6690149903297424,0.020411064848303795,0.0066956933587789536,0.008874299935996532,0.03542656451463699,-0.7767128944396973,9.187207221984863,-0.0527903007724414,-0.000980038197012617,0.0,-0.0031956872627189777,0.0,1.5073142471463747
179054,179,-0.0016537794144824147,-0.044502511620521545,-0.003564743557944894,-0.048080313950777054,-0.08520640432834625,1.4569188356399536,0.10344254225492477,1.23305082321167,0.019018372520804405,0.012204733677208424,0.015304284170269966,0.06559797376394272,0.9959361553192139,1.0064640045166016,0.6827619075775146,0.6727774143218994,0.01897360384464264,0.005934032611548901,0.008563417010009289,0.04342752322554588,1.2836337089538574,10.389165878295898,-0.06804772238840953,0.0036396886256989105,0.0,0.013167383123319446,0.0,1.671013178378493
179055,179,-0.002205458004027605,-0.029473446309566498,-0.002333399374037981,-0.03425745293498039,-0.04333978891372681,1.524937391281128,0.12018420547246933,1.4940940141677856,0.018119296059012413,0.01193502452224493,0.014650223776698112,0.07045403867959976,0.9962553381919861,1.0016441345214844,0.6826663613319397,0.6768835783004761,0.017986370250582695,0.00537578109651804,0.008243105374276638,0.04777294397354126,-0.10069847106933594,10.780248641967773,-0.07135765765580532,0.011797406893456357,0.0,0.029877514907105517,0.0,1.6710131783784947
179056,179,-0.0026788644026964903,-0.013994855806231499,-0.0014561155112460256,-0.018380483612418175,-0.04497683420777321,1.571712613105774,0.05897567421197891,1.6571869850158691,0.017113788053393364,0.011699123308062553,0.014079360291361809,0.07400386780500412,0.9965856671333313,0.9966164231300354,0.6825425624847412,0.6812161803245544,0.017099881544709206,0.004928495269268751,0.007817511446774006,0.051181089133024216,-1.4943194389343262,11.167821884155273,-0.07475595956026718,0.006664880920434372,0.0,0.047538699481011915,0.0,1.8092500090681671
179057,179,-0.003263806225731969,0.002043955260887742,-0.001458902028389275,-0.001323949545621872,-0.06352324783802032,1.637921929359436,-0.04370449483394623,1.7496370077133179,0.016234803944826126,0.011492052115499973,0.013579175807535648,0.07478627562522888,0.9968329668045044,0.9913193583488464,0.6825026273727417,0.6858673095703125,0.015902217477560043,0.004404969047755003,0.0077731069177389145,0.05309854820370674,1.6147327423095703,10.748260498046875,-0.07495190255171086,0.007910827799933032,0.0,0.06563119957169428,0.0,1.8092500090681671
179058,179,-0.003401117166504264,0.018877636641263962,-0.0021990949753671885,0.01664411835372448,0.011907996609807014,1.712565541267395,-0.10597527772188187,1.8222475051879883,0.01570354588329792,0.0113102737814188,0.013140779919922352,0.07733700424432755,0.9968220591545105,0.9858229756355286,0.6826577186584473,0.6905873417854309,0.015028619207441807,0.004146445542573929,0.007691400125622749,0.055757176131010056,3.054943084716797,9.494953155517578,-0.07787521921520094,0.011927949615055696,0.0,0.0843509807709921,0.0,1.915932649093066
179059,179,-0.0028819937724620104,0.036082565784454346,-0.0034897939767688513,0.034964513033628464,0.080759197473526,1.7281770706176758,-0.13895486295223236,1.8353862762451172,0.015002009458839893,0.011150907725095749,0.012756972573697567,0.08173813670873642,0.9967387318611145,0.9801483154296875,0.682852566242218,0.6953424215316772,0.014539219439029694,0.0036162666510790586,0.007318791002035141,0.060107167810201645,-0.38394689559936523,12.56917953491211,-0.08272781736787127,0.0009559071727562715,0.0,0.10351030726192348,0.0,1.915932649093066
179060,179,-0.0023716879077255726,0.05383121967315674,-0.0045961178839206696,0.05323241278529167,0.02486138977110386,1.8099614381790161,-0.07053446769714355,1.814527153968811,0.014387325383722782,0.011010861955583096,0.012463151477277279,0.08129650354385376,0.9969133734703064,0.974277913570404,0.6827651858329773,0.7003870606422424,0.014412361197173595,0.0034462083131074905,0.006816877517849207,0.06109645590186119,-2.3527181148529053,10.609991073608398,-0.0786884427425153,-0.010352379869436844,0.0,0.12303625156129451,0.0,1.9910610984531851
179061,179,-0.0028502466157078743,0.07187396287918091,-0.0049839927814900875,0.07108927518129349,-0.08928485214710236,1.8164770603179932,-0.0010324297472834587,1.7803254127502441,0.013849621638655663,0.010888035409152508,0.012162747792899609,0.08418338000774384,0.997219443321228,0.9681243896484375,0.682582676410675,0.7055585384368896,0.01382913812994957,0.0027089708019047976,0.006699697580188513,0.06493128091096878,0.05966901779174805,14.840049743652344,-0.08484987082760115,-0.002940886685391886,0.0,0.14294686254582778,0.0,1.9910610984531982
179062,179,-0.003493641968816519,0.09099556505680084,-0.004442266654223204,0.0892556682229042,-0.06621046364307404,1.963356852531433,0.07071365416049957,1.830407977104187,0.015017664059996605,0.010780156590044498,0.011899158358573914,0.08356498181819916,0.9972512125968933,0.9614549875259399,0.6824467778205872,0.7112385034561157,0.014635490253567696,0.0020146083552390337,0.006588621065020561,0.06670789420604706,0.6888961791992188,17.915386199951172,-0.07993030134142978,0.015195171950617807,0.0,0.1630265364199532,0.0,2.034635357148537
179063,179,-0.003977569751441479,0.11153735220432281,-0.003628561506047845,0.10810641199350357,-0.047078270465135574,2.1067934036254883,0.06751515716314316,1.9328993558883667,0.014781016856431961,0.01068542618304491,0.011667890474200249,0.094933420419693,0.9974003434181213,0.954478919506073,0.6823303699493408,0.7166250944137573,0.014499036595225334,0.0018206388922408223,0.006528617348521948,0.07566820085048676,1.7566323280334473,14.104857444763184,-0.09766522088701937,0.013090677220607177,0.0,0.18337288999143994,0.0,2.034635357148537
179064,179,-0.004377458244562149,0.1323830634355545,-0.003435169579461217,0.12801741063594818,-0.022298820316791534,2.0748839378356934,-0.01671607419848442,2.0535190105438232,0.014349382370710373,0.010602098889648914,0.011464612558484077,0.11313848942518234,0.9975476264953613,0.9477864503860474,0.6822770237922668,0.7213159203529358,0.013968146406114101,0.002599285217002034,0.006531617138534784,0.08823800086975098,2.842099666595459,5.760433673858643,-0.11765800784483368,0.011268255204195157,0.0,0.2037538599150021,0.0,2.046655425179096
179065,179,-0.004563942551612854,0.15147803723812103,-0.004281390458345413,0.14847643673419952,0.013393212109804153,1.8124171495437622,-0.10286759585142136,2.0574913024902344,0.01381608098745346,0.010528977029025555,0.011286349035799503,0.11293014138936996,0.9975642561912537,0.9417315125465393,0.6823599338531494,0.726117730140686,0.013378255069255829,0.0030941024888306856,0.006474637426435947,0.08952422440052032,0.4547238349914551,8.7396240234375,-0.11179315492061809,0.008438663833076137,0.0,0.22422041416679456,0.0,2.046655425179109
179066,179,-0.004340126179158688,0.16902732849121094,-0.0053028748370707035,0.16885484755039215,0.028807174414396286,1.6993029117584229,-0.08757740259170532,2.0112600326538086,0.013349121436476707,0.010464792139828205,0.011129956692457199,0.10601139068603516,0.9974623918533325,0.9359315633773804,0.6825510263442993,0.7310889959335327,0.012739487923681736,0.0029967373702675104,0.006517619360238314,0.08632124960422516,1.822066307067871,12.597718238830566,-0.06788997519907175,0.00354910643422045,0.0,0.24465024661447587,0.0,2.0271213025449013
179067,179,-0.003661202033981681,0.1862940937280655,-0.0055802310816943645,0.18851691484451294,0.07354263216257095,1.7290548086166382,0.0066108317114412785,1.8728325366973877,0.01293952763080597,0.010408367961645126,0.010992549359798431,0.09657303988933563,0.9973094463348389,0.9299676418304443,0.6827631592750549,0.736366331577301,0.012387780472636223,0.0025391443632543087,0.006377726793289185,0.08103971183300018,0.5008459091186523,16.322546005249023,-0.04356111336357674,0.0008761818672064709,0.0,0.2649214596399257,0.0,2.0271213025449146
179068,179,-0.0029795703012496233,0.20422260463237762,-0.005019513424485922,0.20620596408843994,0.0536833293735981,1.8346806764602661,0.08696310222148895,1.676745891571045,0.012580526061356068,0.010358816012740135,0.010871932841837406,0.08820831030607224,0.9973893761634827,0.923718273639679,0.6827170848846436,0.7418472766876221,0.012568225152790546,0.002172127366065979,0.005879295989871025,0.07569240033626556,-3.5128307342529297,16.5520076751709,-0.04012783292588809,-0.007118761044694109,0.0,0.2851477210864073,0.0,1.9801716321007514
179069,179,-0.0033302768133580685,0.22281786799430847,-0.004174365662038326,0.22205236554145813,-0.09031274914741516,1.8938755989074707,0.09151594340801239,1.5283088684082031,0.012265468016266823,0.010315258987247944,0.01076594553887844,0.08267085254192352,0.99779212474823,0.9172061085700989,0.6823723912239075,0.7473857402801514,0.012560919858515263,0.0019190337043255568,0.005650640465319157,0.0720127671957016,-3.010845184326172,16.146949768066406,-0.05029436619920685,-0.005443537685787304,0.0,0.30490805097886725,0.0,1.9760329892459265
179070,179,-0.004592787474393845,0.24195779860019684,-0.003277437062934041,0.2377004325389862,-0.15034723281860352,1.9205719232559204,0.07107900083065033,1.6415899991989136,0.01631058007478714,0.01027701422572136,0.0106729194521904,0.0786474347114563,0.9976097941398621,0.9107130169868469,0.6820390224456787,0.7527543902397156,0.01568041741847992,0.0021112223621457815,0.005829554982483387,0.06880328059196472,1.6878747940063477,12.814495086669922,-0.054806461247687815,0.016923892652848736,0.0,0.32466838087132777,0.0,1.9394388932179145
179071,179,-0.005596615374088287,0.26065605878829956,-0.003178240032866597,0.2551898956298828,-0.06215713545680046,1.8317232131958008,-0.05343862250447273,1.8295804262161255,0.0268624909222126,0.01024340745061636,0.01059119962155819,0.07557058334350586,0.9961933493614197,0.9043973684310913,0.6819818615913391,0.7578938603401184,0.024444561451673508,0.002138287527486682,0.006066488567739725,0.06677117943763733,2.744584083557129,13.835453987121582,-0.057170019068050526,0.02854594227508642,0.0,0.34361221275165393,0.0,1.8933904852821584
179072,179,-0.005559839308261871,0.2788875699043274,-0.00413337629288435,0.27401793003082275,0.053442008793354034,1.8116098642349243,-0.128353551030159,1.9071909189224243,0.025671247392892838,0.010213933885097504,0.010519548319280148,0.0707201138138771,0.9959805011749268,0.8982099294662476,0.6820473670959473,0.7629594206809998,0.024979734793305397,0.002283378504216671,0.005979829467833042,0.06323360651731491,-1.301572322845459,13.346403121948242,-0.04133362205326849,0.01743701577768661,0.0,0.3625461176044769,0.0,1.8933904852821584
179073,179,-0.005323342047631741,0.2965973913669586,-0.0058648185804486275,0.2928228974342346,0.012674267403781414,1.7556602954864502,-0.18266627192497253,1.8677318096160889,0.0236956924200058,0.010187992826104164,0.010456498712301254,0.06597388535737991,0.9961597323417664,0.8920264840126038,0.6821205615997314,0.7680362462997437,0.02333117090165615,0.002031993353739381,0.005965889431536198,0.06009109318256378,-0.27965307235717773,14.981719970703125,-0.03690837010506848,0.00013478879467584276,0.0,0.3804659695263191,0.0,1.7791937906536368
179074,179,-0.005093933083117008,0.31446391344070435,-0.007217187434434891,0.3114979863166809,0.017732061445713043,1.8048219680786133,-0.08968441933393478,1.8554397821426392,0.021977080032229424,0.010165194049477577,0.010401096194982529,0.0604715533554554,0.9962434768676758,0.8856514096260071,0.6823405623435974,0.7732633352279663,0.021181484684348106,0.0018013549270108342,0.006218027323484421,0.056216660887002945,4.392349720001221,14.37044620513916,-0.026318491583667752,0.005883422322804109,0.0,0.39825790743285616,0.0,1.7791937906536368
179075,179,-0.0042339409701526165,0.33277127146720886,-0.007275071926414967,0.3300469219684601,0.12094630300998688,1.838168740272522,0.053854674100875854,1.8380284309387207,0.020480206236243248,0.010145153850317001,0.010352415032684803,0.05685514956712723,0.9961584210395813,0.879266619682312,0.6826613545417786,0.7783625721931458,0.019669417291879654,0.0018572867847979069,0.006175140384584665,0.053224701434373856,2.0630288124084473,13.460698127746582,-0.03413016109530087,0.004767813949147239,0.0,0.41490134587089567,0.0,1.6334429053603086
179076,179,-0.0031868494115769863,0.3508683145046234,-0.00629459461197257,0.3480210602283478,0.10925044119358063,1.7995983362197876,0.14800620079040527,1.7776368856430054,0.01917525939643383,0.010127549059689045,0.012095145881175995,0.054708242416381836,0.9959520697593689,0.8728883862495422,0.6829851865768433,0.7833561301231384,0.018132438883185387,0.001702088862657547,0.007317785173654556,0.05171804502606392,2.8264284133911133,14.270634651184082,-0.04110874480104171,-0.012349627692019565,0.0,0.4312357749245,0.0,1.633442905360335
179077,179,-0.001770917559042573,0.3689870834350586,-0.00424839137122035,0.36577340960502625,0.16515713930130005,1.8155522346496582,0.2432728111743927,1.7703436613082886,0.018037090077996254,0.010112088173627853,0.012556519359350204,0.05261724814772606,0.9957574605941772,0.8666802644729614,0.6832953095436096,0.7881078720092773,0.017286038026213646,0.0021856657695025206,0.007369083818048239,0.049536969512701035,-0.46109914779663086,10.011470794677734,-0.039285170588753,-0.01262569454847835,0.0,0.446396542484307,0.0,1.4628495935163963
179078,179,-0.000730082334484905,0.3861415982246399,-0.0019881839398294687,0.3829526901245117,0.08222728222608566,1.6595792770385742,0.2325488179922104,1.6954044103622437,0.01704336889088154,0.01009850762784481,0.0222602728754282,0.05183414742350578,0.9955276846885681,0.860690176486969,0.6832380890846252,0.7926670908927917,0.016123268753290176,0.0020290957763791084,0.012862836942076683,0.04915594682097435,0.7780981063842773,13.755266189575195,-0.04681804224408698,-0.02380814461852424,0.0,0.46102503841947134,0.0,1.4628495935163697
179079,179,0.0004745982587337494,0.40309715270996094,0.0007006116211414337,0.4000263512134552,0.12628640234470367,1.6960783004760742,0.26935145258903503,1.6895768642425537,0.01617412641644478,0.010086563415825367,0.021156301721930504,0.0487205795943737,0.9953562021255493,0.8547748923301697,0.683514416217804,0.7971838116645813,0.01553876232355833,0.002322097774595022,0.012273161672055721,0.04657788574695587,-1.0359370708465576,11.60614013671875,-0.02868628561044234,-0.013435734859667717,0.0,0.47466225315573274,0.0,1.2942609115783388
179080,179,0.001295942929573357,0.4194674789905548,0.0028473297134041786,0.41642534732818604,0.06464046239852905,1.6037683486938477,0.17083047330379486,1.6111282110214233,0.015412663109600544,0.010076049715280533,0.02229396253824234,0.04761835187673569,0.9953568577766418,0.8491203188896179,0.6835660338401794,0.8014277219772339,0.015058331191539764,0.0024955112021416426,0.012636080384254456,0.0454271025955677,-2.8284013271331787,12.019613265991211,-0.04049687567390978,-0.022463456029072404,0.0,0.487604862271517,0.0,1.2942609115783388
179081,179,0.0015304575208574533,0.4351899325847626,0.003867535386234522,0.43217334151268005,-0.002951479982584715,1.5496854782104492,0.04572312906384468,1.5483181476593018,0.014747179113328457,0.010066828690469265,0.021366480737924576,0.04573001340031624,0.9954993724822998,0.8437451720237732,0.6835625767707825,0.8054327368736267,0.014493749476969242,0.00301133724860847,0.012105562724173069,0.04327334463596344,-0.25763988494873047,7.5679826736450195,-0.033460135661806306,-0.014885173237416893,0.0,0.49976731382613976,0.0,1.1343886236603582
179082,179,0.0014116355450823903,0.44983482360839844,0.003612993285059929,0.4471943974494934,-0.015545963309705257,1.3917485475540161,-0.08051495254039764,1.4618091583251953,0.014165801927447319,0.01005874015390873,0.019951196387410164,0.043989136815071106,0.9956251382827759,0.8388293385505676,0.6835997104644775,0.8091079592704773,0.013903891667723656,0.003309542778879404,0.011356336995959282,0.04160097613930702,-0.31348109245300293,9.621780395507812,-0.03258641445494437,-0.00524602021323517,0.0,0.5111112000627438,0.0,1.1343886236603318
179083,179,0.0013379008742049336,0.46342742443084717,0.002534311730414629,0.46139806509017944,-0.012873701751232147,1.31618070602417,-0.13785555958747864,1.3643263578414917,0.013655037619173527,0.010051611810922623,0.018713142722845078,0.04019465297460556,0.9958154559135437,0.8342835903167725,0.6835615038871765,0.8125767111778259,0.013551509939134121,0.0038316042628139257,0.010505990125238895,0.03800357133150101,-0.5241477489471436,7.972962856292725,-0.015230141933873648,-0.00314743647351861,0.0,0.5218686195878877,0.0,0.9832327297624018
179084,179,0.0009628832340240479,0.4758070707321167,0.0008425824344158173,0.4742394983768463,-0.05396663025021553,1.1801397800445557,-0.18417228758335114,1.21890127658844,0.013208432123064995,0.010045366361737251,0.017634833231568336,0.03626513108611107,0.9960737228393555,0.8301280736923218,0.6834408044815063,0.8158259391784668,0.013207297772169113,0.004046319983899593,0.009820327162742615,0.03447520732879639,-0.3403770923614502,9.838910102844238,-0.0100500423049516,-0.0034275643830187627,0.0,0.5317009468855123,0.0,0.9832327297624018
179085,179,0.0003484525077510625,0.4873581826686859,-0.0008310899720527232,0.48581135272979736,-0.07848986983299255,1.125452995300293,-0.15017710626125336,1.0913351774215698,0.012816261500120163,0.010039863176643848,0.016691088676452637,0.03286726027727127,0.99641352891922,0.8260375261306763,0.6832341551780701,0.8190147280693054,0.01297268457710743,0.0038796146400272846,0.009162433445453644,0.031713906675577164,-0.7606244087219238,13.66889476776123,0.005747361181127536,0.003467152507510035,0.0,0.5411230655333381,0.0,0.8407932298844696
179086,179,-0.0005675479769706726,0.4989239275455475,-0.001932602608576417,0.49628809094429016,-0.11485517024993896,1.164503812789917,-0.08826658129692078,1.0061887502670288,0.012472109869122505,0.010035025887191296,0.015865320339798927,0.02993036061525345,0.996807336807251,0.8218058943748474,0.682979166507721,0.8222548961639404,0.012585969641804695,0.0037072517443448305,0.008718771860003471,0.029290147125720978,1.2295031547546387,14.566693305969238,0.008907475920588381,0.008367530847317539,0.0,0.5495309978321831,0.0,0.8407932298844696
179087,179,-0.0015632957220077515,0.5107872486114502,-0.0025249761529266834,0.5063977241516113,-0.09983837604522705,1.1867772340774536,-0.050951212644577026,1.0207397937774658,0.015244610607624054,0.010030783712863922,0.015143733471632004,0.027391595765948296,0.9968363046646118,0.8176677823066711,0.6826297044754028,0.8253397941589355,0.015082740224897861,0.003999228589236736,0.00814189575612545,0.026789037510752678,-0.3027331829071045,12.079095840454102,-0.00259326622705644,0.015665677838842384,0.0,0.557687546754851,0.0,0.7070701240266409
179088,179,-0.002934523392468691,0.522067666053772,-0.0032152545172721148,0.5166865587234497,-0.14675290882587433,1.0991965532302856,-0.06890824437141418,1.0537667274475098,0.01541165541857481,0.010027049109339714,0.014511401765048504,0.025748953223228455,0.9971322417259216,0.8137876987457275,0.6823163628578186,0.82819664478302,0.015311112627387047,0.00420439662411809,0.007971018552780151,0.025073422119021416,2.121129035949707,10.844057083129883,-0.014440099083786156,0.015435920112649909,0.0,0.5647582479951174,0.0,0.707070124026588
179089,179,-0.004017926286906004,0.5327045321464539,-0.003881944576278329,0.5274077653884888,-0.07850541174411774,1.0374592542648315,-0.07047416269779205,1.0774190425872803,0.023993203416466713,0.010023768059909344,0.013957570306956768,0.023760447278618813,0.9961572885513306,0.8100780844688416,0.682168185710907,0.8309417963027954,0.022347262129187584,0.004269253928214312,0.007802371401339769,0.02336246520280838,1.9191765785217285,12.171516418457031,-0.008949385296193657,0.025274245838518252,0.0,0.5717189583447877,0.0,0.5921901535381006
179090,179,-0.004480972420424223,0.54298335313797,-0.004656326491385698,0.5380803346633911,-0.015410946682095528,1.019281029701233,-0.08111147582530975,1.054951548576355,0.023151520639657974,0.01002089399844408,0.013473919592797756,0.022037144750356674,0.9961962699890137,0.8065696358680725,0.6820462346076965,0.8334869146347046,0.022849079221487045,0.004630489740520716,0.007451605051755905,0.021507250145077705,-0.5734014511108398,9.690804481506348,-0.008424553186559242,0.01728428559086751,0.0,0.5775395924666755,0.0,0.582063412188757
179091,179,-0.0049705407582223415,0.5524605512619019,-0.0057488977909088135,0.5480649471282959,-0.05818292126059532,0.9057709574699402,-0.1064860075712204,0.9637918472290039,0.02150500752031803,0.01001836359500885,0.013049421831965446,0.021008925512433052,0.9965487718582153,0.803352415561676,0.6819460391998291,0.835814356803894,0.021410005167126656,0.004814936313778162,0.007290634326636791,0.020400086417794228,0.533447265625,10.034610748291016,-0.013806655772263698,0.008835827547009102,0.0,0.5833602265885636,0.0,0.530570066110839
179092,179,-0.005376304499804974,0.561293363571167,-0.006549582816660404,0.5574038624763489,-0.03287892788648605,0.8569339513778687,-0.06010056287050247,0.897952675819397,0.020857922732830048,0.01001613587141037,0.012676532380282879,0.01963539980351925,0.9966687560081482,0.800324559211731,0.6820312738418579,0.8379965424537659,0.020092956721782684,0.005042152013629675,0.007391218561679125,0.019035646691918373,4.080410003662109,9.04644775390625,-0.005679714182576873,0.016330171224544755,0.0,0.5880319263392187,0.0,0.46577309437097664
179093,179,-0.005039421375840902,0.5695348978042603,-0.006753627676516771,0.566026508808136,0.07669977098703384,0.7902091145515442,0.007961681112647057,0.8219783902168274,0.019936807453632355,0.010014183819293976,0.012350523844361305,0.018441040068864822,0.9966039061546326,0.7976208329200745,0.6822508573532104,0.8399273157119751,0.019185952842235565,0.005441219080239534,0.007207205984741449,0.017679521813988686,1.8022394180297852,8.837318420410156,-0.006076400125640896,0.013453625791589728,0.0,0.5926896572829289,0.0,0.46577309437097664
179094,179,-0.0043709720484912395,0.5768178105354309,-0.0064933039247989655,0.5735434889793396,0.07430846244096756,0.6844365000724792,0.060962557792663574,0.6981885433197021,0.018702497705817223,0.01001246552914381,0.012064086273312569,0.017396442592144012,0.9965833425521851,0.795242965221405,0.68244868516922,0.8416430950164795,0.018140016123652458,0.005704289767891169,0.006991332862526178,0.016560964286327362,0.1463770866394043,9.629106521606445,-0.004608623285504598,-0.00355615685984958,0.0,0.5963921447051075,0.0,0.35819917057324685
179095,179,-0.003780303755775094,0.5833030939102173,-0.005572001449763775,0.5799700021743774,0.05236932262778282,0.6189135313034058,0.1212572231888771,0.5977519750595093,0.017623204737901688,0.01001095399260521,0.011812373995780945,0.016482140868902206,0.99660325050354,0.7930254340171814,0.6826048493385315,0.8432546257972717,0.01713860034942627,0.005734104197472334,0.00680786045268178,0.015743300318717957,-0.5575191974639893,11.781983375549316,0.004318553352986976,-0.004446939791669138,0.0,0.59997413641084,0.0,0.35819917057324685
179096,179,-0.003314313478767872,0.5894840359687805,-0.004096622113138437,0.5856302380561829,0.037616066634655,0.6112126708030701,0.15934494137763977,0.5387251377105713,0.01668046973645687,0.010009624995291233,0.011591531336307526,0.01568281650543213,0.9966787099838257,0.7908482551574707,0.6826884746551514,0.8448118567466736,0.016317883506417274,0.005778837949037552,0.006599624175578356,0.01500315684825182,-0.9921789169311523,12.240293502807617,0.007171925385430378,-0.0022617993300082153,0.0,0.6027771426567027,0.0,0.25934164079556765
179097,179,-0.0031022399198263884,0.5954911112785339,-0.002551719546318054,0.5908424258232117,0.00908940564841032,0.5896732807159424,0.14252285659313202,0.5123886466026306,0.01585804484784603,0.010008462704718113,0.011398113332688808,0.014984971843659878,0.9967880249023438,0.7887429594993591,0.6827256679534912,0.8463096022605896,0.015511088073253632,0.005838507320731878,0.006481633055955172,0.014336297288537025,-0.7164454460144043,12.39100456237793,0.001469733621183078,-0.0009145052154781296,0.0,0.6053705590646583,0.0,0.25934164079551475
179098,179,-0.0030123675242066383,0.6012850403785706,-0.0014678352745249867,0.5959944128990173,0.009463409893214703,0.567851722240448,0.06765240430831909,0.5187966227531433,0.015136859379708767,0.010007436387240887,0.011227937415242195,0.014372625388205051,0.9969524145126343,0.7867597937583923,0.682686448097229,0.8476995825767517,0.01497982069849968,0.005997754167765379,0.006238976959139109,0.013679743744432926,-2.4023962020874023,12.015113830566406,-0.0031299419616844792,0.003002391612972133,0.0,0.607343815286365,0.0,0.16920050503783327
179099,179,-0.003252108581364155,0.6066757440567017,-0.0014233626425266266,0.6011005640029907,-0.04403532296419144,0.5218941569328308,-0.042542219161987305,0.5089539885520935,0.01450575515627861,0.010006535798311234,0.01107857283204794,0.013836457394063473,0.9972456097602844,0.7850669622421265,0.6825135350227356,0.8488411903381348,0.01449163444340229,0.006540616042912006,0.00605752132833004,0.012772928923368454,-1.4145708084106445,7.4060773849487305,-0.007905540690512261,0.0028267935354961086,0.0,0.609035820336744,0.0,0.16920050503783327
179100,179,-0.003909888211637735,0.6109828948974609,-0.002447031904011965,0.6058598160743713,-0.07497946172952652,0.3738437592983246,-0.1387537717819214,0.45194151997566223,0.014124264009296894,0.01000574417412281,0.010947437025606632,0.013366702944040298,0.9974514842033386,0.7837647199630737,0.6824110746383667,0.8497637510299683,0.01386177260428667,0.006770794745534658,0.006154200527817011,0.012202350422739983,1.0541749000549316,8.727312088012695,-0.009295372278614128,0.011396127750049345,0.0,0.6102490576864553,0.0,0.08777576330025526
179101,179,-0.004220089875161648,0.6145262718200684,-0.003883080556988716,0.6101471781730652,-0.01317563932389021,0.32111290097236633,-0.15903955698013306,0.38841670751571655,0.017009010538458824,0.010005045682191849,0.010832211934030056,0.012954704463481903,0.9970546960830688,0.7826966047286987,0.6824401617050171,0.8504987359046936,0.016041003167629242,0.007122823968529701,0.0062070549465715885,0.011547944508492947,2.281622886657715,8.36355209350586,0.00605627935948834,0.017431505589629522,0.0,0.6111268153194579,0.0,0.08777576330025526
179102,179,-0.004064834211021662,0.6173148155212402,-0.0054556564427912235,0.6134951114654541,0.031437262892723083,0.23841390013694763,-0.14692245423793793,0.282454252243042,0.01614396646618843,0.010004432871937752,0.010731106624007225,0.012593772262334824,0.9969614744186401,0.7819114923477173,0.6825729608535767,0.8510521054267883,0.01557922177016735,0.007320801727473736,0.00623299041762948,0.011152580380439758,2.4499082565307617,9.204090118408203,0.0078675233855054,0.008865737353335134,0.0,0.6116497649493343,0.0,0.015067415582674975
179103,179,-0.003579387441277504,0.6194292306900024,-0.006362214684486389,0.6157985329627991,0.05611921846866608,0.18256279826164246,-0.035004839301109314,0.18101364374160767,0.015386728569865227,0.014275155030190945,0.010642237961292267,0.01227696891874075,0.9968653321266174,0.7808114290237427,0.6827913522720337,0.8514594435691833,0.014687353745102882,0.010612008161842823,0.006304840091615915,0.01070058811455965,3.381795883178711,9.227237701416016,0.01488634689180672,0.001944587376783602,0.0,0.6118004391051612,0.0,0.015067415582674975
179104,179,-0.0028008229564875364,0.6209795475006104,-0.00597077002748847,0.6171586513519287,0.09671555459499359,0.13009579479694366,0.09837566316127777,0.09851287305355072,0.014725573360919952,0.01807250827550888,0.010564356110990047,0.01199969369918108,0.9967167377471924,0.7798764705657959,0.6830320358276367,0.8517615795135498,0.014137869700789452,0.013689207844436169,0.0061621773056685925,0.01044632587581873,-0.060395002365112305,11.671509742736816,0.018685439989528558,-0.002657011750270612,0.0,0.6117028321673629,0.0,-0.04892453811485471
179105,179,-0.002051949966698885,0.6222175359725952,-0.004550915211439133,0.6177940368652344,0.060039862990379333,0.12388375401496887,0.17958711087703705,0.04309341683983803,0.014146920293569565,0.021670039743185043,0.01052597351372242,0.011756520718336105,0.9966422319412231,0.7789847254753113,0.6831861138343811,0.8520586490631104,0.013628226704895496,0.016529887914657593,0.006102363578975201,0.010217157192528248,0.17066001892089844,11.499202728271484,0.022281046911432914,-0.010247574679669923,0.0,0.6112135867862145,0.0,-0.048924538114801845
179106,179,-0.0015364439459517598,0.6234056949615479,-0.002562661422416568,0.618179976940155,0.046165831387043,0.114781454205513,0.2100173681974411,0.041587360203266144,0.01363849826157093,0.021361839026212692,0.010462082922458649,0.011542480438947678,0.9965462684631348,0.7784740328788757,0.6833592653274536,0.8524144887924194,0.013058526441454887,0.016466684639453888,0.006119308061897755,0.010170957073569298,0.5357074737548828,13.417198181152344,0.019206963747339937,-0.00620292791922111,0.0,0.6105651544329017,0.0,-0.10420009779233382
179107,179,-0.0009242035448551178,0.6248626708984375,-0.0003679692163132131,0.6188799142837524,0.06545447558164597,0.15820150077342987,0.2082422375679016,0.0882573053240776,0.013193074613809586,0.02067122980952263,0.01040597166866064,0.011354658752679825,0.9963564872741699,0.7779825329780579,0.6836181282997131,0.8528051972389221,0.012414884753525257,0.015991881489753723,0.00624496303498745,0.01000065915286541,1.832888126373291,12.076108932495117,0.01583433795487486,-0.005122106341295876,0.0,0.6095231534549783,0.0,-0.10420009779233382
179108,179,3.06144320347812e-05,0.6263870000839233,0.0013535284670069814,0.6199871301651001,0.1192719116806984,0.1486557275056839,0.13365525007247925,0.12785211205482483,0.012802906334400177,0.019342482089996338,0.010356717742979527,0.011189908720552921,0.9961573481559753,0.777683675289154,0.6838498115539551,0.8531022071838379,0.012242958880960941,0.01528135221451521,0.006028630770742893,0.00973536353558302,-1.8725132942199707,11.132347106933594,0.003818944981371985,-0.009221399701782502,0.0,0.6083936268383116,0.0,-0.15075926344976232
179109,179,0.000729501189198345,0.6274974942207336,0.002027902752161026,0.6211302280426025,0.04949553310871124,0.09844928979873657,0.031236236914992332,0.11654216051101685,0.012460701167583466,0.018182849511504173,0.01803777925670147,0.011045231483876705,0.9960750937461853,0.777566134929657,0.6836270689964294,0.8532842397689819,0.012027555145323277,0.01461326889693737,0.010136060416698456,0.009412356652319431,-1.3496458530426025,9.149446487426758,-0.0012030519860359058,-0.01920426335906086,0.0,0.6068860342038136,0.0,-0.15075926344976232
179110,179,0.0010120644001290202,0.6280897855758667,0.001969721168279648,0.622158408164978,0.010267311707139015,0.033089425414800644,-0.032787833362817764,0.08956112712621689,0.012160674668848515,0.017170580103993416,0.017062366008758545,0.010918251238763332,0.9959209561347961,0.7775354981422424,0.6838275790214539,0.8534311056137085,0.011469199322164059,0.013726018369197845,0.010053983889520168,0.009316414594650269,2.8943872451782227,10.479121208190918,0.0005820989457687858,-0.010150170111373882,0.0,0.605345144475953,0.0,-0.1855364080125649
179111,179,0.0017790908459573984,0.628627359867096,0.0017577150138095021,0.6231405138969421,0.10117461532354355,0.042391322553157806,-0.03736625984311104,0.07637102901935577,0.011897226795554161,0.01628507301211357,0.016190461814403534,0.01080664899200201,0.9957079291343689,0.7775982618331909,0.6841060519218445,0.8534361124038696,0.011296318843960762,0.013379303738474846,0.009455244988203049,0.00902083795517683,0.9727048873901367,9.041810035705566,0.00493684196233371,-0.004851304611001979,0.0,0.6034591241250812,0.0,-0.1886020350871931
179112,179,0.0025655708741396666,0.6285718679428101,0.0012405664892867208,0.6234532594680786,0.06438624858856201,-0.03923159837722778,-0.044199034571647644,-0.002809411846101284,0.011665724217891693,0.01550951600074768,0.01957470178604126,0.01070849597454071,0.9956013560295105,0.7779058814048767,0.6840786337852478,0.8533056378364563,0.011290110647678375,0.012983150780200958,0.011083347722887993,0.008809220977127552,-0.46310901641845703,9.520502090454102,-0.0018467170144797285,-0.02005703486203856,0.0,0.6015731037742094,0.0,-0.2014991934301282
179113,179,0.002854836406186223,0.6279382705688477,0.0011052824556827545,0.6230751276016235,-0.001342086587101221,-0.08543006330728531,0.012802604585886002,-0.06818265467882156,0.011462772265076637,0.01483161747455597,0.01915019191801548,0.010622387751936913,0.9957749843597412,0.7783104181289673,0.6839194297790527,0.8531185388565063,0.01160392165184021,0.012426353059709072,0.010517308488488197,0.008743156678974628,-3.466627597808838,11.61245346069336,0.0055766830548813874,-0.016163051325638663,0.0,0.5993993183111418,0.0,-0.2177284127045204
179114,179,0.0021236578468233347,0.6271474361419678,0.0014253781409934163,0.6221432685852051,-0.12651124596595764,-0.07663938403129578,0.043482936918735504,-0.10884864628314972,0.011284909211099148,0.014239063486456871,0.01801573485136032,0.010546871460974216,0.9961990714073181,0.7787213325500488,0.6836022138595581,0.852885365486145,0.011487845331430435,0.012117007747292519,0.009878706187009811,0.008518773131072521,0.2898716926574707,9.092583656311035,0.008804754560528706,-0.006939428841506015,0.0,0.5972220341840963,0.0,-0.21772841270457324
179115,179,0.0009012185037136078,0.6261032223701477,0.0018602130003273487,0.6209650039672852,-0.12323008477687836,-0.13003304600715637,0.023224107921123505,-0.13005585968494415,0.013003751635551453,0.013719446957111359,0.01702374592423439,0.010480465367436409,0.9962374567985535,0.7792254686355591,0.6834132075309753,0.8526115417480469,0.01264234445989132,0.011668218299746513,0.009560479782521725,0.008495441637933254,2.217221260070801,11.26291275024414,0.003705098377657612,0.013255829027111758,0.0,0.5948635118543562,0.0,-0.23813839630184996
179116,179,0.00020411607692949474,0.6249812841415405,0.0018275454640388489,0.6197131872177124,-0.038645099848508835,-0.11497750878334045,-0.04585130512714386,-0.13560429215431213,0.014914795756340027,0.013263814151287079,0.016156088560819626,0.010422094725072384,0.9961169362068176,0.7798019647598267,0.6832828521728516,0.8522347807884216,0.014514896087348461,0.011576967313885689,0.00897401012480259,0.008277533575892448,-0.2559971809387207,10.022762298583984,0.008367385402063277,0.015190509164895045,0.0,0.5924821278913375,0.0,-0.23813839630184996
179117,179,-0.00040581077337265015,0.6233999729156494,0.0007101893424987793,0.6180220246315002,-0.06560015678405762,-0.17959116399288177,-0.14656667411327362,-0.18275947868824005,0.014311356469988823,0.012864763848483562,0.01539786159992218,0.010370862670242786,0.9962984919548035,0.7804728150367737,0.6831843852996826,0.8518491387367249,0.014146307483315468,0.011162916198372841,0.008664936758577824,0.008293738588690758,0.6535124778747559,11.832518577575684,0.002706421501311819,0.0038928839576692544,0.0,0.5900085998470853,0.0,-0.24983198587912894
179118,179,-0.0008161626756191254,0.6218093633651733,-0.0008191540837287903,0.6162675619125366,-0.032437391579151154,-0.15414737164974213,-0.16330817341804504,-0.177015483379364,0.01378245372325182,0.012514617294073105,0.014733836986124516,0.010325826704502106,0.99649578332901,0.7810829877853394,0.6831299066543579,0.8514677286148071,0.013612460345029831,0.01088100764900446,0.008279560133814812,0.008246143348515034,0.8291006088256836,11.622610092163086,0.009846658658395225,0.009164112414073314,0.0,0.5875102799882939,0.0,-0.24983198587907607
179119,179,-0.0011315010488033295,0.6202506422996521,-0.002425488783046603,0.6144872903823853,-0.03417224436998367,-0.15811116993427277,-0.14478914439678192,-0.17699000239372253,0.01332019828259945,0.01220829226076603,0.014153911732137203,0.010286356322467327,0.9966484308242798,0.7817070484161377,0.6831008195877075,0.8510720729827881,0.013054338283836842,0.010678953491151333,0.008023573085665703,0.008174274116754532,2.3540401458740234,11.054609298706055,0.003437345974998361,0.005026724691342677,0.0,0.5849914773816897,0.0,-0.25280918143635733
179120,179,-0.0012976044090464711,0.6186137199401855,-0.0034572239965200424,0.6127660274505615,-0.007262881845235825,-0.17069022357463837,-0.06309692561626434,-0.17154666781425476,0.012913904152810574,0.011938830837607384,0.013644513674080372,0.010251588188111782,0.9967554807662964,0.7823956608772278,0.683097243309021,0.8506220579147339,0.012641300447285175,0.010571856051683426,0.007727708201855421,0.008081204257905483,1.7365717887878418,10.924690246582031,0.0013374290853461826,0.005940259377312031,0.0,0.5824633855673258,0.0,-0.2528091814364102
179121,179,-0.0014067403972148895,0.6167665123939514,-0.003673771396279335,0.6109676957130432,-0.00935281626880169,-0.19274571537971497,0.015766391530632973,-0.1846769154071808,0.012558056972920895,0.011702652089297771,0.013198615051805973,0.010221075266599655,0.9969964027404785,0.7832293510437012,0.6829354166984558,0.8500544428825378,0.012656965292990208,0.010643932037055492,0.0071640037931501865,0.007893233560025692,-1.8806850910186768,9.99889850616455,0.0007365462089497059,0.0022620138072670663,0.0,0.5799690395505301,0.0,-0.24706998297353513
179122,179,-0.002179402858018875,0.6144153475761414,-0.00347542529925704,0.6087958812713623,-0.11171978712081909,-0.2524949610233307,0.036358773708343506,-0.23013664782047272,0.012245879508554935,0.011495320126414299,0.012807624414563179,0.010194258764386177,0.9972970485687256,0.7841585278511047,0.6827378273010254,0.849454402923584,0.012158631347119808,0.010489528067409992,0.007125836797058582,0.007828614674508572,1.872103214263916,9.854639053344727,0.0020125219592449506,0.00282191075508308,0.0,0.5774983397207945,0.0,-0.24706998297353513
179123,179,-0.002839324064552784,0.6119439005851746,-0.002824203111231327,0.6065654754638672,-0.04875626415014267,-0.26086464524269104,0.06320643424987793,-0.23732924461364746,0.018798256292939186,0.0113242631778121,0.01246458850800991,0.010170684196054935,0.9964526295661926,0.7851630449295044,0.6827115416526794,0.8487632870674133,0.017366809770464897,0.0105553874745965,0.007128849625587463,0.00768333300948143,3.1035566329956055,9.033398628234863,0.010090578569149987,0.01976586936165404,0.0,0.5750981814459675,0.0,-0.2326143904907152
179124,179,-0.002835364080965519,0.609126091003418,-0.002307542134076357,0.6040234565734863,0.03692791983485222,-0.3057680130004883,0.030355991795659065,-0.27756404876708984,0.01791788451373577,0.011266959831118584,0.012163945473730564,0.010149985551834106,0.9962513446807861,0.78619784116745,0.6828786730766296,0.8481023907661438,0.017228983342647552,0.010276725515723228,0.007109769620001316,0.007845776155591011,0.6477069854736328,13.703861236572266,0.010853200113291044,0.011697969810411449,0.0,0.5727720375410603,0.0,-0.23261439049066232
179125,179,-0.002239991445094347,0.6065288782119751,-0.0020999242551624775,0.6012082099914551,0.07059033215045929,-0.23344099521636963,0.007674206048250198,-0.2883329689502716,0.016935214400291443,0.017229236662387848,0.01189930085092783,0.010131740011274815,0.9962537884712219,0.7863504886627197,0.6830201745033264,0.847474992275238,0.016496676951646805,0.014778424985706806,0.006830905564129353,0.007785215973854065,-0.874243974685669,12.015032768249512,0.017980039822217256,-0.0011058704728930035,0.0,0.5705357981603626,0.0,-0.2094424039877918
179126,179,-0.001863334677182138,0.6040569543838501,-0.002284575952216983,0.5982311964035034,0.02247537486255169,-0.2443631887435913,-0.023565273731946945,-0.2898385524749756,0.01607881300151348,0.0163358636200428,0.011667749844491482,0.01011575199663639,0.9962649345397949,0.787057101726532,0.6831539273262024,0.847042977809906,0.015595195814967155,0.014073541387915611,0.006764784920960665,0.008162131533026695,-0.19144058227539062,15.696244239807129,0.0073748145758991066,-0.00730117776307452,0.0,0.5684413741204845,0.0,-0.20944240398784464
179127,179,-0.0014257357688620687,0.6024624109268188,-0.002171840751543641,0.5959204435348511,0.04766945540904999,-0.1059209555387497,0.029465144500136375,-0.18491476774215698,0.0153299355879426,0.015554811805486679,0.011464589275419712,0.010101708583533764,0.9962875247001648,0.7875475883483887,0.6832649111747742,0.846770167350769,0.01486848946660757,0.013332086615264416,0.0066036260686814785,0.008170226588845253,0.7379961013793945,13.343911170959473,0.00919944920046021,-0.0007999810121691563,0.0,0.5664387847860761,0.0,-0.17755402346492352
179128,179,-0.0010832174448296428,0.6013662815093994,-0.0019371362868696451,0.5943366289138794,0.03245437145233154,-0.09783872216939926,0.029174260795116425,-0.12334797531366348,0.014674851670861244,0.014871702529489994,0.011286349967122078,0.012355481274425983,0.9961866736412048,0.7878435850143433,0.6834800839424133,0.8465300798416138,0.013962878845632076,0.012306495569646358,0.006710710469633341,0.010253100655972958,2.5227713584899902,15.45798110961914,-0.01268486266300934,-0.005425776195406798,0.0,0.5646632445514271,0.0,-0.17755402346487065
179129,179,-0.00028662756085395813,0.6010327935218811,-0.0013184137642383575,0.5937262773513794,0.10316138714551926,0.004134461283683777,0.07579707354307175,-0.020934458822011948,0.014100915752351284,0.014273297041654587,0.01112978532910347,0.015423614531755447,0.9960526823997498,0.7878332138061523,0.683691680431366,0.8463956117630005,0.013617714866995811,0.011495097540318966,0.006414683535695076,0.012998850084841251,-1.5301406383514404,16.47383689880371,-0.015871400007368603,-0.00380688590106729,0.0,0.5629640364154687,0.0,-0.13694924892189891
179130,179,0.00031188130378723145,0.6013746857643127,-0.0006066672503948212,0.5938050746917725,0.02784675359725952,0.06922975182533264,0.07823918759822845,0.04423455148935318,0.013598514720797539,0.013749546371400356,0.015366672538220882,0.03143090754747391,0.9962562322616577,0.7877406477928162,0.6833574771881104,0.8454592227935791,0.013697621412575245,0.011294248513877392,0.008282598108053207,0.02548488974571228,-3.6389923095703125,11.064372062683105,-0.034028151520644895,-0.016000385471779736,0.0,0.5615945439262497,0.0,-0.13694924892189891
179131,179,-0.00041747838258743286,0.6013243794441223,-0.00021513178944587708,0.5941083431243896,-0.12495502829551697,-0.030195480212569237,0.033533450216054916,0.04071374982595444,0.013158298097550869,0.013290678150951862,0.014707195572555065,0.04543374106287956,0.9966841340065002,0.787803053855896,0.6830257773399353,0.8445653915405273,0.013364613056182861,0.011012083850800991,0.007998304441571236,0.03687209635972977,-1.2596869468688965,11.391463279724121,-0.04795054590992025,-0.005906445794898901,0.0,0.5602684481409015,0.0,-0.09162356755906952
179132,179,-0.001605585333891213,0.600989043712616,3.6094337701797485e-05,0.5946224331855774,-0.12146580964326859,-0.05014908313751221,-0.008954937569797039,0.04200413078069687,0.017780305817723274,0.012888344004750252,0.014129586517810822,0.04411894828081131,0.996361255645752,0.7879782915115356,0.6827793121337891,0.8444339632987976,0.017037520185112953,0.010860377922654152,0.00779732596129179,0.03655688092112541,0.5628514289855957,12.257885932922363,-0.035527354313167704,0.01848089042941865,0.0,0.5593921673373128,0.0,-0.0876280803588766
179133,179,-0.002441734541207552,0.6005041599273682,-0.0004690513014793396,0.5949352383613586,-0.06502684205770493,-0.060573674738407135,-0.0996316447854042,0.0064699845388531685,0.020015649497509003,0.012535648420453072,0.01362372562289238,0.04284219071269035,0.9960581064224243,0.788169801235199,0.6827223896980286,0.8444368243217468,0.01910642720758915,0.010387714020907879,0.007750909775495529,0.03575551137328148,1.750929355621338,15.00368595123291,-0.03446566716216881,0.020365833240866778,0.0,0.5585158865337241,0.0,0.22139257817852107
179134,179,-0.002576594240963459,0.6002936363220215,-0.0016851612599566579,0.5949555039405823,0.013802362605929375,-0.0056211501359939575,-0.14909565448760986,-0.013451732695102692,0.019219357520341873,0.012225992046296597,0.013179957866668701,0.039914172142744064,0.9961150884628296,0.7882816791534424,0.6827293038368225,0.8445460200309753,0.01883980631828308,0.010171983391046524,0.00743549969047308,0.03348478674888611,-0.2400374412536621,14.277019500732422,-0.020614248479632207,0.013621121208489056,0.0,0.5645345636821298,0.0,0.6102506424417637
179135,179,-0.0026578204706311226,0.6001059412956238,-0.003502143546938896,0.5945734977722168,-0.01524294912815094,-0.01676119491457939,-0.18393950164318085,-0.04263727366924286,0.018075410276651382,0.011954635381698608,0.012791361659765244,0.036898523569107056,0.9962815046310425,0.7882270812988281,0.6827515363693237,0.844856858253479,0.017803702503442764,0.009445032104849815,0.007248411420732737,0.03153352811932564,0.09299755096435547,18.146278381347656,-0.01682419843477473,0.0021179917932749952,0.0,0.5706370701065476,0.0,0.6102506424418167
179136,179,-0.0026561887934803963,0.6007598042488098,-0.004745855927467346,0.5945723056793213,-0.006776958703994751,0.1128816157579422,-0.08008687943220139,0.029004255309700966,0.017075927928090096,0.011716442182660103,0.012450476177036762,0.03341282159090042,0.9964402318000793,0.7879108190536499,0.6827975511550903,0.8452898859977722,0.016617773100733757,0.009297030046582222,0.007167017553001642,0.02854464203119278,3.558073043823242,13.252058029174805,-0.005297768668458018,0.006690397422134992,0.0,0.5756219267503669,0.0,0.4843874781065452
179137,179,-0.0024972043465822935,0.6016310453414917,-0.005094284191727638,0.5950900316238403,0.037781212478876114,0.0762263610959053,0.00934876874089241,0.07423017919063568,0.01620434783399105,0.011507866904139519,0.012152147479355335,0.03127686679363251,0.996461808681488,0.7876216173171997,0.6829307079315186,0.8456873893737793,0.01571452058851719,0.00894653145223856,0.007021434139460325,0.026844920590519905,1.2593913078308105,16.04393196105957,-0.01677004666792462,0.005470359280079718,0.0,0.5804658015314326,0.0,0.4843874781065981
179138,179,-0.0021131488028913736,0.6027165651321411,-0.004504096228629351,0.5960735082626343,0.04187783971428871,0.13485294580459595,0.10157878696918488,0.11951375007629395,0.015440328046679497,0.011324391700327396,0.011889844201505184,0.028557514771819115,0.9964995384216309,0.7870938181877136,0.6830251216888428,0.8462682366371155,0.015068942680954933,0.008441693149507046,0.006780811585485935,0.024943625554442406,-0.3696024417877197,17.338119506835938,-0.005585136250734793,-0.0014813912042154704,0.0,0.5843531328578926,0.0,0.362996864393302
179139,179,-0.0018854365916922688,0.6044865846633911,-0.003231035079807043,0.5975556373596191,0.010697226971387863,0.2137797623872757,0.14546549320220947,0.1785215437412262,0.014770865440368652,0.01116312574595213,0.011659388430416584,0.026198189705610275,0.99658203125,0.7864571213722229,0.683070182800293,0.8468472957611084,0.014339466579258442,0.008522831834852695,0.006689687259495258,0.022649729624390602,1.7422819137573242,11.730151176452637,-0.009584895523077865,-0.002821733400851373,0.0,0.5879831015018254,0.0,0.36299686439324913
179140,179,-0.0017361791105940938,0.6061092019081116,-0.0018857867689803243,0.599385142326355,0.027928931638598442,0.14153605699539185,0.13086384534835815,0.19195246696472168,0.014185572974383831,0.011021737940609455,0.011457422748208046,0.025362325832247734,0.9966714382171631,0.7860273718833923,0.6830781102180481,0.8472238779067993,0.013966038823127747,0.008545152842998505,0.006418680306524038,0.021719619631767273,-1.9636929035186768,12.30862808227539,-0.019586342179777984,0.0014376428200193908,0.0,0.5908086879159012,0.0,0.24607880130192833
179141,179,-0.001840207725763321,0.6073302626609802,-0.0008548385230824351,0.6011382341384888,-0.028921004384756088,0.1146201342344284,0.08220537006855011,0.16627702116966248,0.013672572560608387,0.010897519998252392,0.011280037462711334,0.023426104336977005,0.9968047738075256,0.7856412529945374,0.6830503344535828,0.8476278185844421,0.013378255069255829,0.008449804969131947,0.006391709670424461,0.020147759467363358,-0.21454572677612305,11.931157112121582,-0.007330239353982668,-0.001410904260046664,0.0,0.59326947592892,0.0,0.24607880130192833
179142,179,-0.0019334147218614817,0.6084735989570618,-0.0003362894058227539,0.6027562022209167,-0.0004885029047727585,0.10927308350801468,0.014430109411478043,0.15022709965705872,0.01322318147867918,0.01078847236931324,0.011124364100396633,0.02174254134297371,0.9968637824058533,0.7852134704589844,0.6830848455429077,0.8480697274208069,0.01288166269659996,0.00819249078631401,0.006338782142847776,0.018877867609262466,-0.5971705913543701,14.237751960754395,-0.002380951928749226,0.007361447528310236,0.0,0.595069097835587,0.0,0.1336332888324772
179143,179,-0.0018458851845934987,0.6098700761795044,-0.0005215927958488464,0.6042364835739136,0.007916650734841824,0.1554204821586609,-0.05202551186084747,0.1412186473608017,0.012829117476940155,0.010692674666643143,0.010987636633217335,0.020275766029953957,0.9970635771751404,0.7847275733947754,0.6829519271850586,0.8485046029090881,0.012888983823359013,0.008172251284122467,0.0059419963508844376,0.017578091472387314,-3.6727023124694824,13.320104598999023,-0.0014342644999638804,0.0033216545929462874,0.0,0.5964054307239117,0.0,0.1336332888324772
179144,179,-0.0024753257166594267,0.611223578453064,-0.0015943350736051798,0.6054139137268066,-0.10677029192447662,0.1346733570098877,-0.13453221321105957,0.11626237630844116,0.012483694590628147,0.010608564130961895,0.010867617093026638,0.018997328355908394,0.9972729086875916,0.784110426902771,0.682834804058075,0.8490726947784424,0.01222213264554739,0.007732751779258251,0.006153203547000885,0.016740038990974426,1.9695281982421875,14.690413475036621,-0.009783557287006066,0.0019227401761600044,0.0,0.5972148685281453,0.0,0.025660326984948478
179145,179,-0.0027629404794424772,0.6132073998451233,-0.0026903082616627216,0.607100248336792,0.002600647509098053,0.2246650755405426,-0.11588341742753983,0.18995371460914612,0.01938469707965851,0.010534661822021008,0.010762188583612442,0.017881227657198906,0.9964568018913269,0.7836585640907288,0.682703971862793,0.8493444919586182,0.018156254664063454,0.008583716116845608,0.005918107461184263,0.01503074076026678,1.328260898590088,5.1271748542785645,-0.009140328655212172,0.020434169153522815,0.0,0.5974714717979945,0.0,0.025660326984948478
179146,179,-0.003211741568520665,0.6138113141059875,-0.004446070175617933,0.6082965135574341,-0.04479776322841644,-0.028434688225388527,-0.1728602945804596,0.08814655244350433,0.01821867562830448,0.010469711385667324,0.01066953968256712,0.025963690131902695,0.9965999722480774,0.7839344143867493,0.6825236678123474,0.8486467599868774,0.01820714958012104,0.009127785451710224,0.005828560329973698,0.0208541639149189,-0.6798052787780762,5.6815266609191895,-0.02721427888418477,0.004659016573641565,0.0,0.5973265059047702,0.0,-0.07784008424071062
179147,179,-0.003838928882032633,0.6127302050590515,-0.005834838841110468,0.6085813045501709,-0.07607187330722809,-0.17105227708816528,-0.09863238781690598,-0.027579467743635178,0.017538730055093765,0.010412676259875298,0.010588197037577629,0.023948341608047485,0.9970266222953796,0.7847867608070374,0.6822380423545837,0.8480765223503113,0.017693553119897842,0.009950430132448673,0.005640707910060883,0.01895837113261223,-1.0165977478027344,3.6226677894592285,0.007640791293289912,0.012730615193795529,0.0,0.5965481050623632,0.0,-0.07784008424071062
179148,179,-0.0049123214557766914,0.609946608543396,-0.006547450087964535,0.6073758602142334,-0.12352354824542999,-0.3568878471851349,-0.04336545243859291,-0.1982419341802597,0.01860140450298786,0.02640543319284916,0.010516652837395668,0.022193489596247673,0.9972405433654785,0.7842803001403809,0.6819477081298828,0.8472114205360413,0.0183772724121809,0.022299494594335556,0.005680442787706852,0.017126768827438354,0.14581680297851562,5.92754602432251,0.028723555561516515,0.01875288491028186,0.0,0.5954845158766562,0.0,-0.1768679448443415
179149,179,-0.0059059662744402885,0.6060968637466431,-0.00658221822232008,0.6046122908592224,-0.09269770979881287,-0.4192592203617096,0.011612477712333202,-0.3566748797893524,0.026803283020853996,0.05339707434177399,0.010453932918608189,0.02066897414624691,0.9962598085403442,0.7828211784362793,0.68187415599823,0.8461658954620361,0.024692222476005554,0.04278174787759781,0.006020661909133196,0.015753960236907005,4.3586039543151855,6.150386333465576,0.05830410976818211,0.028115667727615798,0.0,0.5937158364282126,0.0,-0.1768679448443415
179150,179,-0.0059145973064005375,0.6019059419631958,-0.006201852113008499,0.6002697348594666,0.06014217436313629,-0.4319551885128021,0.038331400603055954,-0.5148937702178955,0.02665029652416706,0.06821674853563309,0.010398807004094124,0.019339267164468765,0.9957141876220703,0.7822657823562622,0.6822580099105835,0.8453351855278015,0.02488722652196884,0.05508210510015488,0.006442659068852663,0.015319617465138435,3.5171008110046387,13.554205894470215,0.07117989200391286,0.02559720092343923,0.0,0.5917694043549984,0.0,-0.27142325482615565
179151,179,-0.004402998834848404,0.5988654494285583,-0.005427233409136534,0.5949543118476868,0.19950242340564728,-0.2368628978729248,0.08912131190299988,-0.547514021396637,0.024544747546315193,0.07445269823074341,0.010350389406085014,0.018179435282945633,0.9954277276992798,0.7823081016540527,0.6827411651611328,0.8446645736694336,0.023442965000867844,0.06179418787360191,0.006303842179477215,0.01430039294064045,0.6574821472167969,9.487302780151367,0.0757806502938197,0.0028067723091953645,0.0,0.5890551718067372,0.0,-0.2714232548261028
179152,179,-0.0028080909978598356,0.5960969924926758,-0.004690147470682859,0.5896668434143066,0.15400730073451996,-0.2809322476387024,0.09842586517333984,-0.4622272551059723,0.022712189704179764,0.0705178901553154,0.019725896418094635,0.01716512069106102,0.9951595664024353,0.7833451628684998,0.6828414797782898,0.8440627455711365,0.021491775289177895,0.06091897189617157,0.011597701348364353,0.013604051433503628,1.4124298095703125,9.76915168762207,0.04675872721206998,-0.02103240201358858,0.0,0.5862616772509913,0.0,-0.3542084475940293
179153,179,-0.0011172665981575847,0.5934885740280151,-0.003176593454554677,0.5860186219215393,0.17415213584899902,-0.24676434695720673,0.18829131126403809,-0.29788854718208313,0.021120572462677956,0.06782884895801544,0.01942925900220871,0.016280366107821465,0.9948081374168396,0.7845896482467651,0.6833726763725281,0.843461811542511,0.01984439045190811,0.058791276067495346,0.011711789295077324,0.012744713574647903,2.794497013092041,6.682467460632324,0.0514069157573116,-0.017341787466939425,0.0,0.5826466171091317,0.0,-0.36150601418594164
179154,179,0.0008003413677215576,0.590767502784729,-0.000992812099866569,0.5834334492683411,0.2097460925579071,-0.28309085965156555,0.2452545166015625,-0.23258310556411743,0.01973079890012741,0.06448829174041748,0.02318406105041504,0.015504995360970497,0.9943267107009888,0.7859674096107483,0.6838668584823608,0.8427973985671997,0.018292730674147606,0.05647510662674904,0.01393759623169899,0.012033794075250626,2.6088857650756836,6.583447456359863,0.043979306959474176,-0.023722816201552636,0.0,0.5790315569672719,0.0,-0.3994142097181926
179155,179,0.0030673120636492968,0.5878340005874634,0.0017000476364046335,0.5811514854431152,0.24105653166770935,-0.29980218410491943,0.28735125064849854,-0.2294832170009613,0.0185212604701519,0.061870377510786057,0.031545355916023254,0.014827965758740902,0.993710458278656,0.7872965931892395,0.6842411160469055,0.8422077298164368,0.017042895779013634,0.05368438735604286,0.018720244988799095,0.011695189401507378,1.28248929977417,9.96175765991211,0.04562473241807435,-0.03291313246700156,0.0,0.5745706782465904,0.0,-0.44711622292391084
179156,179,0.005528367590159178,0.585309624671936,0.00480578513815999,0.5789574384689331,0.24147625267505646,-0.22543568909168243,0.3189760148525238,-0.21638046205043793,0.01746417209506035,0.05949883908033371,0.040683601051568985,0.014234614558517933,0.9930204749107361,0.7883391380310059,0.6846147179603577,0.8417853713035583,0.015864871442317963,0.05103416368365288,0.024170301854610443,0.011388427577912807,3.1462502479553223,10.264396667480469,0.044701421330729026,-0.04220498596660036,0.0,0.5700995160173516,0.0,-0.447116222923858
179157,179,0.008175159804522991,0.5834519267082214,0.008083481341600418,0.5770271420478821,0.27508437633514404,-0.1617821604013443,0.3224363327026367,-0.17754524946212769,0.016543792560696602,0.05517207831144333,0.04621472582221031,0.013716689310967922,0.9921753406524658,0.7893867492675781,0.6852566599845886,0.8413805365562439,0.014672535471618176,0.048076555132865906,0.027859583497047424,0.010833561420440674,6.163637638092041,6.696639060974121,0.027803853864879192,-0.04730062252252537,0.0,0.5649078611303084,0.0,-0.5282538810399047
179158,179,0.011355084367096424,0.5815876722335815,0.011153564788401127,0.5753182768821716,0.35599198937416077,-0.20498968660831451,0.29225805401802063,-0.16741520166397095,0.01573554240167141,0.049178313463926315,0.056041765958070755,0.013260919600725174,0.9908822774887085,0.7907731533050537,0.686147928237915,0.8408816456794739,0.012968498282134533,0.0439530685544014,0.034847795963287354,0.010242830030620098,10.996780395507812,4.919323921203613,0.01092961078019394,-0.0577989286963566,0.0,0.5596253223199097,0.0,-0.5282538810398518
179159,179,0.0161404088139534,0.5793085098266602,0.0143213402479887,0.5736944675445557,0.5548564195632935,-0.2572968006134033,0.33537113666534424,-0.17695501446723938,0.015029622241854668,0.04395222291350365,0.05520769953727722,0.012862090021371841,0.9889425039291382,0.7924319505691528,0.6879832148551941,0.8401859402656555,0.01157489325851202,0.04000452160835266,0.03576748073101044,0.009690343402326107,14.242830276489258,3.4465456008911133,0.008808967352417284,-0.04992390755559262,0.013167383123319446,0.5537386716714797,1.671013178378493,-0.6049189885339232
179160,179,0.02287118323147297,0.576266884803772,0.018609104678034782,0.5716232657432556,0.7553274631500244,-0.3494122624397278,0.5274971723556519,-0.24462436139583588,0.014413231052458286,0.039490170776844025,0.055556219071149826,0.012513257563114166,0.9864833950996399,0.7943185567855835,0.6902622580528259,0.839304506778717,0.010442212224006653,0.036496780812740326,0.03686366602778435,0.00924909021705389,13.399116516113281,5.069715976715088,0.00848259893553436,-0.05562921528824129,0.029877514907105517,0.5476894817861404,1.6710131783784947,-0.6049189885339232
179161,179,0.031109459698200226,0.5725396871566772,0.025353267788887024,0.5686986446380615,0.8863287568092346,-0.40071895718574524,0.8103010654449463,-0.34150198101997375,0.01387322973459959,0.036249030381441116,0.061970457434654236,0.012207216583192348,0.9835441708564758,0.7963566780090332,0.6926991939544678,0.838188111782074,0.009225636720657349,0.03422800824046135,0.041887201368808746,0.008614168502390385,15.321760177612305,2.369530200958252,0.014588970865127775,-0.06334570118848648,0.047538699481011915,0.5411436157812993,1.8092500090681671,-0.6771115454060722
179162,179,0.040807630866765976,0.5678220987319946,0.03469887003302574,0.564656138420105,1.0486632585525513,-0.5309011340141296,1.0476784706115723,-0.4619007706642151,0.013398498296737671,0.033550847321748734,0.06249452754855156,0.01193783525377512,0.979900598526001,0.7986603379249573,0.6959306001663208,0.8368588089942932,0.007796316407620907,0.03222084790468216,0.044271279126405716,0.00821678340435028,17.808490753173828,4.020082950592041,0.01543379572651006,-0.06259701319198901,0.06563119957169375,0.5343725003272388,1.8092500090681671,-0.6771115454061251
179163,179,0.05276435241103172,0.5623748302459717,0.04663088545203209,0.5596343278884888,1.2979893684387207,-0.5771713852882385,1.2971489429473877,-0.5565122961997986,0.012982922606170177,0.0329957939684391,0.06708066165447235,0.011701755225658417,0.975602924823761,0.8009244799613953,0.699558436870575,0.8353996276855469,0.006787823513150215,0.0315663106739521,0.04849264398217201,0.0079386867582798,14.82661247253418,6.835463047027588,0.029245319200358763,-0.06803310139393794,0.08435098077099153,0.527203199370962,1.915932649093066,-0.7448315516562987
179164,179,0.06642132997512817,0.5565147399902344,0.06060108169913292,0.5534600019454956,1.4235848188400269,-0.5982685685157776,1.4775116443634033,-0.6676458120346069,0.012618663720786572,0.03278149664402008,0.08578682690858841,0.011494625359773636,0.9709855318069458,0.8031676411628723,0.7028039693832397,0.833867609500885,0.006298851687461138,0.031520649790763855,0.06120677292346954,0.007704509887844324,10.181574821472168,8.22957992553711,0.03133136390256377,-0.09001188888651308,0.10351030726192348,0.5197548838543992,1.915932649093066,-0.7448315516562987
179165,179,0.08047600090503693,0.5504036545753479,0.07580694556236267,0.5463227033615112,1.4041621685028076,-0.6147692203521729,1.5605279207229614,-0.7312721610069275,0.012298942543566227,0.03239915892481804,0.09403995424509048,0.011312668211758137,0.9663463830947876,0.8055310249328613,0.7063343524932861,0.8322070240974426,0.006054531782865524,0.03176313266158104,0.06812874227762222,0.007271531969308853,10.80080509185791,4.799470901489258,0.029811874659923514,-0.09598097454443653,0.12303625156129451,0.511997928351662,1.9910610984531851,-0.8080790072846027
179166,179,0.09445599466562271,0.5437175631523132,0.09150943160057068,0.5389143228530884,1.401365041732788,-0.7078893780708313,1.579803228378296,-0.7377327680587769,0.012018370442092419,0.03175835311412811,0.09197025001049042,0.011152868159115314,0.9616265296936035,0.8081908226013184,0.7103614807128906,0.8303713202476501,0.00558509910479188,0.03169398754835129,0.06867433339357376,0.006970265880227089,12.710466384887695,4.963374137878418,0.027417832793532868,-0.08010627965178879,0.14294686254582778,0.5039171382788159,1.9910610984531982,-0.8080790072846027
179167,179,0.10892079025506973,0.5364255309104919,0.1074700579047203,0.5316483378410339,1.4768401384353638,-0.7544529438018799,1.5949375629425049,-0.7312317490577698,0.011772144585847855,0.036414630711078644,0.0881526842713356,0.011012540198862553,0.9565275311470032,0.8104122877120972,0.7148565053939819,0.8284181952476501,0.004626546986401081,0.035554490983486176,0.06827817857265472,0.0067006987519562244,17.168270111083984,4.581975936889648,0.0371781949186023,-0.06611593957411874,0.16302653641995382,0.49560830863459376,2.034635357148537,-0.8668539122909842
179168,179,0.1248432919383049,0.5287740230560303,0.12356555461883545,0.5243635177612305,1.6665935516357422,-0.7888283729553223,1.602579116821289,-0.7473165988922119,0.011556063778698444,0.0398431196808815,0.08464156836271286,0.010889319702982903,0.9507766962051392,0.8127049207687378,0.7198858857154846,0.8264458179473877,0.003627025056630373,0.038793522864580154,0.06787019968032837,0.006685683038085699,18.42889404296875,7.36713171005249,0.04042000078810648,-0.06418504612069825,0.18337288999144055,0.486939769511684,2.0346353571485243,-0.8668539122909842
179169,179,0.142625629901886,0.5212018489837646,0.13989445567131042,0.516848087310791,1.8492064476013184,-0.7485120892524719,1.6583739519119263,-0.7687845826148987,0.011366504244506359,0.04186485707759857,0.08427877724170685,0.010781168937683105,0.9445368051528931,0.8151389360427856,0.7251424193382263,0.8244617581367493,0.0030532001983374357,0.04112687706947327,0.0687866359949112,0.0065226186998188496,17.57481575012207,6.23586893081665,0.04221630057008119,-0.08215291026056581,0.20375385991500333,0.4781148461309523,2.046655425179096,-0.9211562666754168
179170,179,0.16148389875888824,0.5135126113891602,0.1570366770029068,0.5089023113250732,1.9229209423065186,-0.774182915687561,1.7865936756134033,-0.802369236946106,0.011200080625712872,0.04054516181349754,0.0990980789065361,0.01068617682904005,0.9379551410675049,0.817982017993927,0.7299420833587646,0.8224824666976929,0.002525567775592208,0.04063914716243744,0.08079897612333298,0.006463644094765186,16.903514862060547,6.972506046295166,0.03184410951528603,-0.10254451639368375,0.22422041416679456,0.4689032834641985,2.046655425179109,-0.9211562666754433
179171,179,0.18096929788589478,0.505835771560669,0.17583094537258148,0.5008951425552368,1.9651827812194824,-0.763364315032959,1.952418565750122,-0.7967950105667114,0.011054006405174732,0.039342693984508514,0.10687824338674545,0.01060276199132204,0.9313348531723022,0.8210075497627258,0.7348792552947998,0.8203862905502319,0.0025954043958336115,0.040144018828868866,0.08786048740148544,0.006131270434707403,14.201906204223633,4.58918571472168,0.03138444395248212,-0.10879523646099395,0.24465024661447587,0.45959804675193267,2.0271213025449013,-0.9709860704379535
179172,179,0.20008371770381927,0.4976149797439575,0.1955684870481491,0.49264881014823914,1.8931769132614136,-0.8441623449325562,2.0039169788360596,-0.8265045881271362,0.01092610228806734,0.03741767629981041,0.11081209778785706,0.010529700666666031,0.9247938394546509,0.8243532180786133,0.7399197816848755,0.8181155920028687,0.0024189474061131477,0.03911111131310463,0.0926605612039566,0.005835522897541523,16.260602951049805,2.2511816024780273,0.024576660392252786,-0.11188384126597017,0.26492145963992625,0.4498881860475531,2.0271213025449146,-0.9709860704379535
179173,179,0.21916890144348145,0.48872649669647217,0.215765580534935,0.4842875301837921,1.9181519746780396,-0.924684464931488,2.0263559818267822,-0.8512294292449951,0.010813459753990173,0.0367753840982914,0.1087099015712738,0.010465340688824654,0.9184311628341675,0.8280176520347595,0.7450079917907715,0.8154799342155457,0.002877079648897052,0.0394267663359642,0.09140154719352722,0.0052885799668729305,11.01417350769043,0.4860687255859375,0.03248887796626139,-0.09715799774749381,0.2851477210864079,0.4401384164087285,1.9801716321007252,-1.0126689515059053
179174,179,0.23729516565799713,0.4784424602985382,0.23544391989707947,0.4749789237976074,1.7645856142044067,-1.0776944160461426,1.9490220546722412,-0.9693393707275391,0.010714640840888023,0.04022958129644394,0.10704488307237625,0.010408861562609673,0.9124060273170471,0.8315801620483398,0.7498660087585449,0.8125895261764526,0.0029578120447695255,0.04278050735592842,0.09062403440475464,0.004938374739140272,12.277069091796875,0.7667231559753418,0.040842265319029944,-0.09783918166368327,0.3049080509788684,0.4299749831729428,1.9760329892459265,-1.0163433235785675
179175,179,0.2547215223312378,0.4673153758049011,0.2546015679836273,0.4648457169532776,1.7164499759674072,-1.1463388204574585,1.8747801780700684,-1.0613458156585693,0.010627909563481808,0.0591338574886322,0.10138688236474991,0.010359279811382294,0.9064584970474243,0.8336077928543091,0.7547886967658997,0.8094943761825562,0.00282944249920547,0.058821920305490494,0.08760067075490952,0.004747834522277117,13.993749618530273,1.0179972648620605,0.06286234610329842,-0.06978863193248439,0.32466838087132777,0.4198115499371578,1.9394388932179145,-1.0344470675152253
179176,179,0.2720111310482025,0.45573610067367554,0.27282094955444336,0.4537868797779083,1.7334600687026978,-1.1695196628570557,1.7557151317596436,-1.1551250219345093,0.010551578365266323,0.07078355550765991,0.0948294922709465,0.010315632447600365,0.9003368020057678,0.8359887003898621,0.7599198222160339,0.8064835667610168,0.0023753559216856956,0.07080111652612686,0.08373650908470154,0.005004584323614836,15.905585289001465,4.5789289474487305,0.07311701348001341,-0.057755521974355184,0.34361221275165393,0.4092441807515629,1.8933904852821584,-1.0572280260972593
179177,179,0.28992563486099243,0.44477277994155884,0.28988420963287354,0.4420618414878845,1.8122050762176514,-1.06258225440979,1.641108751296997,-1.20389986038208,0.010484718717634678,0.07622306048870087,0.08897514641284943,0.010277396067976952,0.893907368183136,0.8387739062309265,0.7652516961097717,0.8037911057472229,0.0019161386881023645,0.07660765945911407,0.08024720847606659,0.005292542278766632,18.21731948852539,6.365671157836914,0.07746684557679732,-0.05520774388180674,0.3625461176044769,0.3986719004905903,1.8933904852821584,-1.0572280260972593
179178,179,0.3086642026901245,0.43489620089530945,0.30610933899879456,0.4303334355354309,1.9027318954467773,-0.941010057926178,1.6165854930877686,-1.1387220621109009,0.010425903834402561,0.07397060841321945,0.0854923352599144,0.010243754833936691,0.8873975276947021,0.8421909213066101,0.770464301109314,0.8011866211891174,0.0020339253824204206,0.07687340676784515,0.07728824019432068,0.005174710880964994,16.09644317626953,3.0806541442871094,0.06042171427703588,-0.0651979920976408,0.38046596952631806,0.38777628469460734,1.7791937906536368,-1.093640177994002
179179,179,0.3271370232105255,0.42509526014328003,0.32242855429649353,0.4192245900630951,1.823365330696106,-0.9842546582221985,1.6870853900909424,-1.0555075407028198,0.010374229401350021,0.0690121129155159,0.08452823013067245,0.010214194655418396,0.8812153339385986,0.8462573289871216,0.7752411961555481,0.7984644770622253,0.0024916334077715874,0.07384135574102402,0.07583761215209961,0.004954183008521795,12.423129081726074,0.983741283416748,0.03890511297749995,-0.07887840073234414,0.3982579074328556,0.3768398829146673,1.7791937906536368,-1.0936401779940284
179180,179,0.3443901836872101,0.4147244691848755,0.33950796723365784,0.40884140133857727,1.676782250404358,-1.0494335889816284,1.7402052879333496,-1.0047266483306885,0.010328776203095913,0.0651458352804184,0.082251638174057,0.010188189335167408,0.8752890825271606,0.8504465222358704,0.7798467874526978,0.7957646250724792,0.002508114790543914,0.06972303241491318,0.07451789081096649,0.004985805135220289,14.108255386352539,1.9741296768188477,0.04142865133856735,-0.06887689373125794,0.41490134587089567,0.36565180091327015,1.6334429053603086,-1.1255797792688487
179181,179,0.36116912961006165,0.4045089781284332,0.3571819067001343,0.399213045835495,1.6644681692123413,-1.012568473815918,1.765761137008667,-0.9471887946128845,0.010288940742611885,0.06279820203781128,0.07717844843864441,0.01016539428383112,0.8694131970405579,0.8544002771377563,0.7845295667648315,0.793096125125885,0.002449955092743039,0.0670052021741867,0.07101782411336899,0.004937386605888605,15.291269302368164,1.8079447746276855,0.04822890796262798,-0.046989982708910444,0.4312357749245,0.3543960031205816,1.633442905360335,-1.1255797792688487
179182,179,0.3778344988822937,0.3944423794746399,0.37466904520988464,0.38979992270469666,1.663009762763977,-1.0059963464736938,1.7237001657485962,-0.9440868496894836,0.010253805667161942,0.059504296630620956,0.07281631231307983,0.010145287960767746,0.8636503219604492,0.8584598898887634,0.7890796661376953,0.7902925610542297,0.0026390717830508947,0.06472646445035934,0.06719395518302917,0.00468175346031785,13.631300926208496,-0.33838510513305664,0.03900943234079196,-0.04667467899871214,0.446396542484307,0.3429512353187465,1.4628495935163963,-1.1530468299217465
179183,179,0.39396417140960693,0.3838483989238739,0.39130884408950806,0.379975289106369,1.592658281326294,-1.081601619720459,1.632298469543457,-0.9986357688903809,0.010222996585071087,0.055985670536756516,0.06942877173423767,0.0101276570931077,0.8579884171485901,0.8626695275306702,0.7935084104537964,0.7874937057495117,0.0025798818096518517,0.06114622578024864,0.06453271955251694,0.004753754008561373,13.687761306762695,2.3195767402648926,0.033835441699509,-0.04886585391485024,0.4610250384194709,0.3314207670195296,1.4628495935163963,-1.1530468299217729
179184,179,0.4099277853965759,0.37339526414871216,0.407463401556015,0.3700093626976013,1.586311936378479,-1.0306285619735718,1.5875213146209717,-1.0081197023391724,0.010195917449891567,0.05404631048440933,0.06553533673286438,0.010112161748111248,0.852406919002533,0.8667953610420227,0.7978496551513672,0.784548819065094,0.0026167510077357292,0.05967487022280693,0.061407361179590225,0.004334143362939358,15.17138671875,-2.630739212036133,0.04175098129142739,-0.041684085646378044,0.47466225315573274,0.31975509382223183,1.2942609115783388,-1.1760413299527483
179185,179,0.4255822002887726,0.3622699975967407,0.4227640926837921,0.3594607412815094,1.5618817806243896,-1.1576167345046997,1.501834511756897,-1.0786503553390503,0.010172146372497082,0.050818100571632385,0.062709741294384,0.01009855605661869,0.846839189529419,0.8712488412857056,0.8021214008331299,0.7814427614212036,0.0025701813865453005,0.05708542466163635,0.0590938925743103,0.004263356328010559,14.228507995605469,0.009417533874511719,0.03018245390814253,-0.04522060210907644,0.487604862271517,0.3079946805227043,1.2942609115783388,-1.1760413299527483
179186,179,0.4411652684211731,0.3507315218448639,0.43773627281188965,0.3484675884246826,1.5480012893676758,-1.1609808206558228,1.4909006357192993,-1.1270209550857544,0.010151257738471031,0.05023081600666046,0.06054471433162689,0.010086597874760628,0.8414270877838135,0.875575602054596,0.8061814904212952,0.7782565951347351,0.0028634672053158283,0.05612311512231827,0.05686991289258003,0.004105207975953817,12.07542610168457,0.3324127197265625,0.04645709421094804,-0.04705630315036349,0.49976731382613976,0.29614388233491923,1.1343886236603582,-1.1945632793618277
179187,179,0.45606595277786255,0.3389103412628174,0.45240360498428345,0.33672916889190674,1.4491163492202759,-1.191297173500061,1.4526419639587402,-1.2038981914520264,0.010132905095815659,0.04950294643640518,0.05937514081597328,0.01007609162479639,0.836235523223877,0.8798161149024963,0.8100324273109436,0.775067150592804,0.0029052814934402704,0.05542333424091339,0.05588742718100548,0.004106189589947462,13.729402542114258,1.005089282989502,0.04481672760406227,-0.05205367462061794,0.5111112000627438,0.2841982495413009,1.1343886236603318,-1.1945632793618277
179188,179,0.4705265462398529,0.32717573642730713,0.46689796447753906,0.3246298134326935,1.430923581123352,-1.169963002204895,1.4333065748214722,-1.2212529182434082,0.010116776451468468,0.049256980419158936,0.05729060620069504,0.010066858492791653,0.8310810327529907,0.8839208483695984,0.8138644695281982,0.7719365954399109,0.0028537448961287737,0.05494050681591034,0.05439984053373337,0.00413269829005003,14.858946800231934,2.1326780319213867,0.04767201145830238,-0.04419140992539908,0.5218686195878874,0.2721981067680047,0.9832327297624018,-1.2086126781489845
179189,179,0.48488858342170715,0.3157166838645935,0.48113110661506653,0.3125057816505432,1.4293529987335205,-1.1374598741531372,1.4058929681777954,-1.2085248231887817,0.01010261382907629,0.04834143817424774,0.056225333362817764,0.010058747604489326,0.8260765671730042,0.888146698474884,0.8175033330917358,0.7686542868614197,0.0031135843601077795,0.05502178519964218,0.05314275622367859,0.003754237201064825,13.723699569702148,-1.715543270111084,0.042427566743252654,-0.04949553902667905,0.531700946885512,0.260111979986515,0.983232729762349,-1.2086126781489845
179190,179,0.4986107051372528,0.303584486246109,0.49468088150024414,0.3001815676689148,1.344632625579834,-1.2531018257141113,1.3330168724060059,-1.2315315008163452,0.010090155526995659,0.04654182493686676,0.057730380445718765,0.01005161739885807,0.8212884664535522,0.8926827311515808,0.8208305835723877,0.7652678489685059,0.003329057712107897,0.05350587144494057,0.054078392684459686,0.003777736099436879,11.948060989379883,1.1951398849487305,0.03488842053661115,-0.05801509909402833,0.5411230655333379,0.24799827303268154,0.8407932298844696,-1.2181895263142055
179191,179,0.5116931200027466,0.29124924540519714,0.5079001188278198,0.2880200743675232,1.2737306356430054,-1.2265563011169434,1.3031456470489502,-1.2093143463134766,0.01007922738790512,0.0501052588224411,0.05734534561634064,0.010045360773801804,0.8168004155158997,0.8966591954231262,0.8239972591400146,0.761841893196106,0.003622134681791067,0.056422337889671326,0.05363225191831589,0.0035927968565374613,12.103767395019531,-0.34697532653808594,0.050779955811910915,-0.05491701610047767,0.5495309978321831,0.23581637776953956,0.8407932298844696,-1.2181895263142055
179192,179,0.5239374041557312,0.2787622809410095,0.5204979777336121,0.2757994532585144,1.1877528429031372,-1.2569018602371216,1.223626732826233,-1.2244988679885864,0.010069613344967365,0.049517352133989334,0.05677994713187218,0.0100398575887084,0.8126923441886902,0.9011254906654358,0.826900064945221,0.758182168006897,0.004062020685523748,0.05751173198223114,0.05267377942800522,0.0032178633846342564,11.369600296020508,-3.767901659011841,0.04573314017806937,-0.05321356096056301,0.557687546754851,0.22362488704014505,0.7070701240266409,-1.2232938238575042
179193,179,0.5350605249404907,0.265413373708725,0.5319974422454834,0.2631661295890808,1.0692874193191528,-1.3739641904830933,1.1042654514312744,-1.2799934148788452,0.0100611736997962,0.04950771480798721,0.055833663791418076,0.010035024024546146,0.8089267611503601,0.9058641791343689,0.8295872211456299,0.7543983459472656,0.004373486619442701,0.057640306651592255,0.05153590440750122,0.003161327913403511,10.423750877380371,-1.3482868671417236,0.049445619854532635,-0.04984764099823144,0.5647582479951174,0.21139194880157008,0.707070124026588,-1.223293823857491
179194,179,0.545308530330658,0.2517419457435608,0.5426099300384521,0.2502332031726837,0.9793453216552734,-1.367663025856018,1.0135232210159302,-1.316256046295166,0.010053755715489388,0.0648563951253891,0.05363522842526436,0.010030776262283325,0.805502712726593,0.9088519811630249,0.832085371017456,0.750622570514679,0.004763620439916849,0.0705985501408577,0.04931696876883507,0.0031623023096472025,10.0767183303833,-0.05578279495239258,0.06791069727589419,-0.039669479662726104,0.5717189583447878,0.1991584547015898,0.5921901535381006,-1.2238743932254685
179195,179,0.5546010732650757,0.23833473026752472,0.5521901249885559,0.2368541657924652,0.8837183117866516,-1.3145405054092407,0.9046968221664429,-1.3576359748840332,0.010047229006886482,0.06792094558477402,0.05102916806936264,0.010027041658759117,0.802450954914093,0.9124532341957092,0.8343536853790283,0.7470682859420776,0.005187578033655882,0.07555437088012695,0.046532440930604935,0.003508732421323657,9.289798736572266,2.3752689361572266,0.06853341216158856,-0.03438828630698221,0.5775395924666759,0.18691919899380105,0.582063412188757,-1.2239255707788805
179196,179,0.5628598928451538,0.22589771449565887,0.5606201887130737,0.2232857346534729,0.7712738513946533,-1.1942543983459473,0.7834514379501343,-1.3490169048309326,0.010041511617600918,0.0670408308506012,0.04773132503032684,0.010023768059909344,0.7997671961784363,0.9164912700653076,0.8364197015762329,0.7437361478805542,0.005404530093073845,0.07571090012788773,0.04357683286070824,0.003476489568129182,11.977560043334961,-0.90972900390625,0.061627857891437904,-0.026412869385279203,0.5833602265885636,0.17467994328601305,0.530570066110839,-1.2221639080016642
179197,179,0.5702970027923584,0.2139364778995514,0.5677530765533447,0.21010129153728485,0.7161837816238403,-1.1920620203018188,0.6539238691329956,-1.273524522781372,0.010036473162472248,0.06365472823381424,0.04353416711091995,0.010020884685218334,0.7973498702049255,0.9209282994270325,0.8383366465568542,0.7403631210327148,0.005782815162092447,0.07335411012172699,0.03957929089665413,0.0033485754393041134,10.634703636169434,-2.0012426376342773,0.04279072101102141,-0.016216999315444056,0.5880319263392187,0.16247999430558668,0.46577309437097664,-1.2199471087084592
179198,179,0.5768420100212097,0.20177173614501953,0.5736452341079712,0.19772230088710785,0.6148180365562439,-1.2225918769836426,0.551527738571167,-1.2003957033157349,0.01003205869346857,0.06048697233200073,0.03953093662858009,0.010018357075750828,0.7952215671539307,0.9255927205085754,0.8400816917419434,0.7368748188018799,0.0059370193630456924,0.07053292542695999,0.03594595566391945,0.0030872842762619257,12.786898612976074,-5.0792765617370605,0.040712276228827005,-0.01306439376699961,0.5926896572829289,0.15028052321850213,0.46577309437097664,-1.219947108708446
179199,179,0.5827928185462952,0.18911586701869965,0.5788499116897583,0.18590785562992096,0.5789448022842407,-1.296703815460205,0.500686764717102,-1.1682440042495728,0.010028161108493805,0.05822887644171715,0.03566956892609596,0.010016128420829773,0.7931525111198425,0.9302404522895813,0.8417750000953674,0.7333746552467346,0.005961907096207142,0.06750563532114029,0.032510142773389816,0.0032061641104519367,12.497200965881348,-1.113675832748413,0.044112417357285355,-0.003153568926527406,0.5963921447051076,0.13816220805793353,0.35819917057324685,-1.2108078041667532
179200,179,0.5885778665542603,0.17663100361824036,0.5839816331863403,0.17445600032806396,0.5606049299240112,-1.230851650238037,0.5083705186843872,-1.148494839668274,0.01002474594861269,0.0577949583530426,0.03235233202576637,0.010014171712100506,0.7911878228187561,0.9346280097961426,0.843358039855957,0.7298402786254883,0.006018669810146093,0.0669308453798294,0.02958296239376068,0.0029169530607759953,14.483990669250488,-5.021662712097168,0.05506355555802578,-0.002166591067141746,0.5999741364108402,0.126054130016266,0.35819917057324685,-1.2108078041667598
179201,179,0.5940910577774048,0.16387300193309784,0.5889230966567993,0.1626856029033661,0.5479977130889893,-1.3027538061141968,0.49160584807395935,-1.195717215538025,0.010021744295954704,0.05603339150547981,0.029485803097486496,0.010012452490627766,0.7893679738044739,0.9392518997192383,0.8447844982147217,0.72611004114151,0.006321810185909271,0.065887950360775,0.026714934036135674,0.0027351928874850273,10.994915962219238,-4.486668109893799,0.044915414167147644,-0.005095708215263672,0.6027771426567027,0.11405982014674518,0.25934164079556765,-1.1963699987838148
179202,179,0.5989537835121155,0.1505364626646042,0.5936655402183533,0.1502939909696579,0.4545077681541443,-1.3450515270233154,0.469998836517334,-1.2661664485931396,0.010019107721745968,0.056050509214401245,0.027003895491361618,0.010010940954089165,0.787747859954834,0.9437221884727478,0.8460769057273865,0.7224550247192383,0.00640769163146615,0.06494630873203278,0.024441184476017952,0.0028926387894898653,11.381052017211914,-1.8767380714416504,0.056053803307694744,-0.008818585294643091,0.6053705590646583,0.10209612015890618,0.25934164079551475,-1.1963699987838148
179203,179,0.603459894657135,0.1376006007194519,0.5984238386154175,0.13750912249088287,0.4336549639701843,-1.266033411026001,0.4627634882926941,-1.3064367771148682,0.0100167915225029,0.06283161789178848,0.02485319785773754,0.010009615682065487,0.7863103747367859,0.9471949338912964,0.8471847772598267,0.7189128398895264,0.006709708832204342,0.07047010958194733,0.02229505218565464,0.0028955559246242046,9.969322204589844,-1.8253803253173828,0.06421034165601058,-0.0004062319449392726,0.607343815286365,0.09026820358716096,0.16920050503783327,-1.1766336925598029
179204,179,0.6072953343391418,0.12510988116264343,0.6026599407196045,0.12407764047384262,0.3495054841041565,-1.226690411567688,0.3931237757205963,-1.3595037460327148,0.010014752857387066,0.06154002249240875,0.022981099784374237,0.010008448734879494,0.785109281539917,0.9511451721191406,0.8481482267379761,0.7154660820960999,0.0068188817240297794,0.0708276703953743,0.020589038729667664,0.0029159802943468094,11.737642288208008,-3.1818103790283203,0.05351469961436253,-0.0027950049930343113,0.609035820336744,0.07850186666156214,0.16920050503783327,-1.1766336925598029
179205,179,0.610657274723053,0.1129475086927414,0.6062511801719666,0.11062739044427872,0.3264780640602112,-1.214676856994629,0.32945364713668823,-1.320387840270996,0.01001296192407608,0.05969647318124771,0.021352618932724,0.010007423348724842,0.7838801145553589,0.9553223848342896,0.8491317629814148,0.712105393409729,0.006642646621912718,0.06895866245031357,0.019310228526592255,0.002945163520053029,13.698363304138184,-2.485041618347168,0.04819187527938823,0.004642086789224932,0.6102490576864552,0.06688273139432319,0.08777576330025526,-1.151598885494631
179206,179,0.6142264008522034,0.10103084146976471,0.6094722747802734,0.0980311781167984,0.36543217301368713,-1.186847448348999,0.30858904123306274,-1.219267725944519,0.010011390782892704,0.05788756534457207,0.019935280084609985,0.010006519965827465,0.7826972007751465,0.9595487117767334,0.8500002026557922,0.708700954914093,0.006972272414714098,0.06720636039972305,0.01778641901910305,0.0027905681636184454,10.569894790649414,-3.0422353744506836,0.046530994000270554,0.0031372251059281556,0.611126815319458,0.055366742539375416,0.08777576330025526,-1.151598885494631
179207,179,0.6172764301300049,0.08889945596456528,0.6122190952301025,0.08600622415542603,0.2731715142726898,-1.2174854278564453,0.2617955505847931,-1.1752972602844238,0.01001000963151455,0.05575678497552872,0.0186987966299057,0.010005727410316467,0.7818405032157898,0.9639179706573486,0.850657045841217,0.7051572203636169,0.0073047117330133915,0.06551525741815567,0.016444195061922073,0.0024945419281721115,10.20571231842041,-5.815494060516357,0.042313343939643366,-0.00884977695369877,0.6116497649493343,0.043998776583371306,0.015067415582674975,-1.121265577588303
179208,179,0.6195110082626343,0.07622228562831879,0.61451256275177,0.07431001216173172,0.19606631994247437,-1.2901772260665894,0.21207775175571442,-1.156451940536499,0.010008796118199825,0.054649751633405685,0.01762065291404724,0.010005032643675804,0.7811755537986755,0.9683030247688293,0.8511919379234314,0.7015393972396851,0.007403293624520302,0.06402315199375153,0.01542702317237854,0.002487755846232176,10.40632438659668,-4.634382724761963,0.04762423362125001,-0.0009189082069952295,0.6118004391051612,0.03278612080748751,0.015067415582674975,-1.121265577588303
179209,179,0.6213454604148865,0.06341447681188583,0.6165170669555664,0.06287644058465958,0.16454750299453735,-1.2805122137069702,0.18038110435009003,-1.1460438966751099,0.010007732547819614,0.05959656089544296,0.016680533066391945,0.010004422627389431,0.7807394862174988,0.9719073176383972,0.8515072464942932,0.6980000138282776,0.007885154336690903,0.06744768470525742,0.014206444844603539,0.0026070475578308105,6.478173732757568,-1.343318223953247,0.060643315280007076,0.005826337279776144,0.6117028321673629,0.02171171216944745,-0.04892453811485471,-1.0856337688408215
179210,179,0.6222464442253113,0.05103360489010811,0.6179205775260925,0.05122681334614754,0.027328135445713997,-1.1949505805969238,0.09947249293327332,-1.1871801614761353,0.010006795637309551,0.06162435933947563,0.015857364982366562,0.010003886185586452,0.780739426612854,0.9753082394599915,0.8515530824661255,0.694739580154419,0.00827854685485363,0.06931555271148682,0.013230359181761742,0.002881941618397832,7.713956832885742,-1.318114995956421,0.06204532363549389,0.0057041272825919115,0.6112135867862144,0.010855374481037837,-0.048924538114801845,-1.0856337688408233
179211,179,0.6221340894699097,0.03968086466193199,0.61844402551651,0.039228178560733795,-0.05159202963113785,-1.0867966413497925,0.0007956502959132195,-1.2111964225769043,0.021146899089217186,0.06022651493549347,0.015137639828026295,0.010003415867686272,0.7797806262969971,0.9789275527000427,0.8513174653053284,0.6916080117225647,0.01672394573688507,0.06884489208459854,0.012308578938245773,0.0027371353935450315,8.15218448638916,-5.490593910217285,0.05147756201140061,0.02295457429159224,0.6105651544329017,0.00011691116769110225,-0.10420009779233382,-1.0447034592521818
179212,179,0.6210481524467468,0.028541963547468185,0.6176454424858093,0.026979513466358185,-0.14065322279930115,-1.128335952758789,-0.13723096251487732,-1.206770420074463,0.031065549701452255,0.056909892708063126,0.014506415463984013,0.010003002360463142,0.7791118621826172,0.9830101132392883,0.8508902192115784,0.6882829070091248,0.02508922666311264,0.06665150076150894,0.011600811034440994,0.0024082905147224665,8.14934253692627,-8.135004997253418,0.03606566263390276,0.032681087887777814,0.6095231534549783,-0.010330123424831429,-0.10420009779233382,-1.0447034592521813
179213,179,0.6192882657051086,0.016643408685922623,0.615654468536377,0.015100416727364063,-0.19400539994239807,-1.2297859191894531,-0.23795932531356812,-1.161824345588684,0.043532270938158035,0.05499406158924103,0.01395348459482193,0.010002640075981617,0.7782248258590698,0.9870157837867737,0.8505536317825317,0.6851040720939636,0.03425176441669464,0.06314678490161896,0.011322185397148132,0.002821666654199362,10.091436386108398,-0.8850443363189697,0.04286945727124589,0.045699997163825765,0.6083936268383116,-0.020690253406756197,-0.15075926344976232,-0.9984746488223865
179214,179,0.6180320382118225,0.0055703106336295605,0.6136106848716736,0.004323375411331654,-0.11174225062131882,-1.0560972690582275,-0.2114863246679306,-1.0553984642028809,0.05242018774151802,0.06004210561513901,0.013468258082866669,0.0100023178383708,0.7775953412055969,0.9900338053703308,0.8501813411712646,0.6820179224014282,0.041945237666368484,0.06689504534006119,0.010920214466750622,0.002546902745962143,10.082368850708008,-5.116957664489746,0.06096820081086944,0.05395936731954484,0.6068860342038136,-0.030674999894980744,-0.1507592634498152,-0.9984746488223865
179215,179,0.6166641712188721,-0.005417288281023502,0.6112462282180786,-0.006387101020663977,-0.13757549226284027,-1.1061298847198486,-0.23168551921844482,-1.0631165504455566,0.050851013511419296,0.05677836760878563,0.01304392796009779,0.010002035647630692,0.7779200673103333,0.9936423301696777,0.8499659895896912,0.678909420967102,0.041769951581954956,0.06540574133396149,0.01081087440252304,0.0026051069144159555,12.436881065368652,-5.373837947845459,0.0362585877247794,0.04079683257751687,0.6053451444759531,-0.04061440853875308,-0.1855364080125649,-0.9511215434480482
179216,179,0.6158143877983093,-0.016347752884030342,0.609420895576477,-0.016763119027018547,-0.053667210042476654,-1.0896830558776855,-0.14350701868534088,-1.0275951623916626,0.04984329268336296,0.05529326945543289,0.012671533972024918,0.010001787915825844,0.7781329154968262,0.9972842335700989,0.8499926924705505,0.6759262681007385,0.04015136510133743,0.06295832991600037,0.010777883231639862,0.002691492438316345,13.640217781066895,-4.072246551513672,0.04590639927963268,0.04337141116602628,0.6034591241250812,-0.05008388191426863,-0.1886020350871931,-0.9469473375514328
179217,179,0.6158809661865234,-0.026889869943261147,0.6086865663528442,-0.026863718405365944,0.043149519711732864,-1.0368748903274536,-0.022508863359689713,-1.0100222826004028,0.04697446525096893,0.0539611354470253,0.01234532706439495,0.01000156905502081,0.7783306241035461,1.0007579326629639,0.8500267267227173,0.673007607460022,0.03852378576993942,0.06118389964103699,0.010350708849728107,0.002687608590349555,9.0345458984375,-3.441495895385742,0.04549724536017802,0.028427869291871594,0.6015731037742094,-0.05955335528978305,-0.2014991934301282,-0.9217848711986326
179218,179,0.6158449053764343,-0.037226393818855286,0.6086133122444153,-0.03724974766373634,-0.016855502501130104,-1.0134598016738892,0.015857158228754997,-1.0446491241455078,0.042069949209690094,0.05207235366106033,0.012059287168085575,0.010001378133893013,0.7790969014167786,1.0042552947998047,0.8497745394706726,0.6700557470321655,0.03615577891469002,0.059502437710762024,0.009647383354604244,0.002534295665100217,3.9038515090942383,-5.300530433654785,0.04001274176007763,0.009094999168669184,0.5993993183111418,-0.06846139646755374,-0.2177284127045204,-0.8901215254393259
179219,179,0.6145370602607727,-0.047755736857652664,0.608286440372467,-0.04805884510278702,-0.18716689944267273,-1.052740454673767,-0.05594601482152939,-1.0752495527267456,0.038310009986162186,0.05025039613246918,0.011808129958808422,0.010001208633184433,0.7803236246109009,1.0077111721038818,0.849276602268219,0.6671752333641052,0.03348834067583084,0.05722302943468094,0.009186895564198494,0.0026390717830508947,4.183952808380127,-3.80057692527771,0.038568371346381664,0.013440848442838996,0.5972220341840963,-0.0773626117219476,-0.21772841270457324,-0.8901215254393259
179220,179,0.612281084060669,-0.057931896299123764,0.6074032783508301,-0.05849812924861908,-0.2654763162136078,-0.9948772192001343,-0.1315261870622635,-1.0231953859329224,0.03807259351015091,0.04995578154921532,0.011587747372686863,0.010001060552895069,0.7814170718193054,1.0108833312988281,0.8486704230308533,0.6644091606140137,0.0326702706515789,0.056312885135412216,0.008986224420368671,0.0025954043958336115,8.140358924865723,-5.333843231201172,0.04806090906482076,0.036492732587785334,0.5948635118543563,-0.08571217053969585,-0.23813839630184996,-0.8279972124860627
179221,179,0.6097560524940491,-0.06778581440448761,0.6056570410728455,-0.06839341670274734,-0.25605684518814087,-0.9871354103088379,-0.22197124361991882,-0.9698830842971802,0.04623327776789665,0.04894616827368736,0.011394072324037552,0.010000932030379772,0.7815384268760681,1.0139985084533691,0.8480675220489502,0.6616724133491516,0.0380786694586277,0.055290721356868744,0.008861077949404716,0.002634219126775861,9.266185760498047,-4.349373817443848,0.04245259344968602,0.0475923504542089,0.5924821278913375,-0.09399214266455751,-0.23813839630190284,-0.8279972124860561
179222,179,0.6073645949363708,-0.07746978849172592,0.6030980348587036,-0.07779910415410995,-0.22861932218074799,-0.9559273719787598,-0.28209638595581055,-0.9233078956604004,0.04618721082806587,0.04839346930384636,0.011224400252103806,0.010000819340348244,0.7820687890052795,1.0168821811676025,0.8476324677467346,0.659160852432251,0.03852135315537453,0.05392305552959442,0.009000476449728012,0.0028955559246242046,11.598594665527344,-1.91650390625,0.04482268109050369,0.04588748779218502,0.5900085998470853,-0.10174083111555463,-0.24983198587912894,-0.7605743986916399
179223,179,0.6057239770889282,-0.08628509938716888,0.600492000579834,-0.08660727739334106,-0.13329224288463593,-0.8386374115943909,-0.2490624487400055,-0.8643649220466614,0.04551766812801361,0.0477595217525959,0.011075346730649471,0.01000071968883276,0.7826290130615234,1.01956045627594,0.8472763299942017,0.6567921042442322,0.03815621882677078,0.05317007005214691,0.008888539858162403,0.002858605934306979,10.644268989562988,-3.90968918800354,0.043660399809419825,0.04116104843988807,0.5875102799882939,-0.10934657510247155,-0.24983198587907607,-0.7605743986916399
179224,179,0.6042687296867371,-0.09474358707666397,0.5980779528617859,-0.09529542177915573,-0.138573557138443,-0.8333601951599121,-0.2120620757341385,-0.8509527444839478,0.04275650903582573,0.04524233937263489,0.010944562964141369,0.01000063493847847,0.7834344506263733,1.022391676902771,0.8468914031982422,0.6544148325920105,0.036588139832019806,0.05123782157897949,0.008696422912180424,0.0027779366355389357,9.058448791503906,-5.094679832458496,0.02888332927175974,0.024690967033003358,0.5849914773816897,-0.11645200517998869,-0.25280918143635733,-0.6878530840560638
179225,179,0.6026173830032349,-0.10324662178754807,0.5961107611656189,-0.1037064865231514,-0.16997304558753967,-0.8485174179077148,-0.17274992167949677,-0.8167149424552917,0.0401381179690361,0.043308451771736145,0.01082958560436964,0.010000559501349926,0.7843239307403564,1.0252156257629395,0.8465394377708435,0.6520732045173645,0.034247010946273804,0.04907675459980965,0.008696422912180424,0.0027808514423668385,10.263252258300781,-5.091550350189209,0.03067992152557822,0.022901368464340776,0.5824633855673258,-0.12333053602054977,-0.2528091814364102,-0.6878530840560572
179226,179,0.6011433601379395,-0.11160644143819809,0.5946686267852783,-0.11153262108564377,-0.13595840334892273,-0.8305215835571289,-0.12811188399791718,-0.7616689205169678,0.03821934387087822,0.04242135211825371,0.010728830471634865,0.010000492446124554,0.78509122133255,1.02775239944458,0.8461900353431702,0.6499157547950745,0.03265613317489624,0.04729995131492615,0.008499499410390854,0.0030463843140751123,7.6961445808410645,-0.9072291851043701,0.03658993300629647,0.025472326196064276,0.5799690395505301,-0.12975031971785686,-0.24706998297353513,-0.6098332685793347
179227,179,0.5996253490447998,-0.11918115615844727,0.5935019850730896,-0.1189267486333847,-0.16897110641002655,-0.7053498029708862,-0.11901431530714035,-0.7315523028373718,0.03557265177369118,0.04182839021086693,0.010640217922627926,0.010000432841479778,0.7859850525856018,1.029902458190918,0.8458035588264465,0.6480513215065002,0.030647078529000282,0.046155381947755814,0.008469072170555592,0.0032120137475430965,9.975900650024414,-2.4285733699798584,0.03792868756411141,0.017903875523047817,0.5774983397207942,-0.13584865240365093,-0.24706998297353513,-0.6098332685793215
179228,179,0.5980377197265625,-0.12582312524318695,0.5922418236732483,-0.12608139216899872,-0.15298840403556824,-0.633800208568573,-0.1349872648715973,-0.6993748545646667,0.03363177925348282,0.03928091377019882,0.010562333278357983,0.010000377893447876,0.7868236303329468,1.0320746898651123,0.8454264998435974,0.6463019251823425,0.028929702937602997,0.044059086591005325,0.008387965150177479,0.003216888289898634,9.797425270080566,-3.664182424545288,0.022471666384825534,0.020600943266862532,0.5750981814459675,-0.14154040171401913,-0.2326143904907152,-0.5265149522614327
179229,179,0.5964490175247192,-0.13211587071418762,0.5907420516014099,-0.13286186754703522,-0.15804828703403473,-0.6189472675323486,-0.1527371108531952,-0.6479846239089966,0.03138188645243645,0.03598018363118172,0.010493803769350052,0.010000331327319145,0.7876911163330078,1.034368872642517,0.8450266718864441,0.644574761390686,0.02723202295601368,0.04103095829486847,0.00828968733549118,0.003174972254782915,9.339251518249512,-4.410129547119141,0.014073217828859522,0.016221195093644034,0.5727720375410603,-0.14680555123663386,-0.23261439049066232,-0.5265149522614461
179230,179,0.5947641730308533,-0.1383594423532486,0.5891109704971313,-0.13899390399456024,-0.17047448456287384,-0.6218717098236084,-0.16430096328258514,-0.5789932608604431,0.029303882271051407,0.033157918602228165,0.010433786548674107,0.010000293143093586,0.7884060740470886,1.0364453792572021,0.8448094725608826,0.643089771270752,0.024815062060952187,0.037448491901159286,0.008532976731657982,0.0035175273660570383,12.817840576171875,-0.711057186126709,0.014195893633244194,0.015166838798418188,0.5705357981603627,-0.1517268781533339,-0.20944240398784464,-0.43789813510238434
179231,179,0.5939086675643921,-0.14358441531658173,0.5879726409912109,-0.14399293065071106,-0.052778229117393494,-0.4757150411605835,-0.09833019226789474,-0.4679679274559021,0.027569904923439026,0.03121037222445011,0.010381150990724564,0.010000256821513176,0.7889021039009094,1.0382601022720337,0.8446033000946045,0.6417222619056702,0.023498889058828354,0.035372793674468994,0.00840925145894289,0.003416910534724593,10.687532424926758,-3.556305170059204,0.018008812209983904,0.01568515335751187,0.5684413741204843,-0.1561058595043584,-0.2094424039877918,-0.43789813510238434
179232,179,0.593034565448761,-0.14860960841178894,0.586829662322998,-0.14873553812503815,-0.09445015341043472,-0.5017111897468567,-0.10657639056444168,-0.4568732976913452,0.025340890511870384,0.02849557437002659,0.010334842838346958,0.010000227019190788,0.7895123362541199,1.040033221244812,0.8443893194198608,0.6404114961624146,0.02177939936518669,0.03266320377588272,0.008349455893039703,0.0035605330485850573,9.870994567871094,-1.997392177581787,-0.002014374409490441,-0.004812850350770571,0.5664387847860761,-0.16021437602066105,-0.17755402346492352,-0.3439828171021762
179233,179,0.5920842885971069,-0.15327592194080353,0.5859408378601074,-0.15299220383167267,-0.09708262234926224,-0.43503397703170776,-0.07800368219614029,-0.40404078364372253,0.023405002430081367,0.026143474504351616,0.010294157080352306,0.010000202804803848,0.7900843024253845,1.0415624380111694,0.8442005515098572,0.6393628716468811,0.02000093087553978,0.02983100898563862,0.00839201919734478,0.0038482591044157743,10.699407577514648,-0.8018720149993896,0.004754885811222839,-0.0009323643627968392,0.5646632445514271,-0.16365420419168317,-0.17755402346487065,-0.3439828171021762
179234,179,0.5913005471229553,-0.15699566900730133,0.5853251218795776,-0.15671215951442719,-0.07182811945676804,-0.3283214569091797,-0.05344409495592117,-0.35166722536087036,0.021722853183746338,0.024103965610265732,0.01025844644755125,0.010000180453062057,0.7905640006065369,1.0428102016448975,0.8440450429916382,0.6385347843170166,0.01850525662302971,0.027544379234313965,0.00838897842913866,0.003927642945200205,11.417269706726074,-1.597590446472168,-0.002693337263573778,-0.0026177616342143075,0.5629640364154687,-0.16690752230085934,-0.13694924892189891,-0.2447689982608348
179235,179,0.5906543135643005,-0.16001281142234802,0.5847292542457581,-0.16008204221725464,-0.05770344287157059,-0.276566743850708,-0.05809034779667854,-0.3169011175632477,0.020259620621800423,0.022333135828375816,0.010227108374238014,0.01555650308728218,0.7910239100456238,1.0439568758010864,0.8438635468482971,0.6375367641448975,0.01737973652780056,0.025929108262062073,0.008300828747451305,0.006219025235623121,10.712377548217773,-4.321765899658203,-0.016403291979697712,-0.008171559162157392,0.5615945439262496,-0.16935521228346784,-0.13694924892189891,-0.2447689982608348
179236,179,0.5898708701133728,-0.1630871593952179,0.5839798450469971,-0.16316856443881989,-0.08318229019641876,-0.32226768136024475,-0.07660742104053497,-0.2845155894756317,0.0189825389534235,0.020790008828043938,0.012001322582364082,0.022077174857258797,0.7913851141929626,1.0451478958129883,0.843691885471344,0.6363809704780579,0.01578807830810547,0.024737289175391197,0.010029369965195656,0.008889556862413883,15.296630859375,-6.759018898010254,-0.023077640150144144,-0.0122577024117917,0.5602684481409015,-0.17171094397878797,-0.09162356755906952,-0.14872317780614422
179237,179,0.5896819829940796,-0.16660133004188538,0.5834836959838867,-0.16563886404037476,0.029398439452052116,-0.38462889194488525,-0.028150061145424843,-0.22855176031589508,0.017867647111415863,0.01944471150636673,0.01175728254020214,0.02095119096338749,0.7913815379142761,1.0465596914291382,0.8438212275505066,0.6352249979972839,0.014595281332731247,0.02387181483209133,0.01001296378672123,0.008210710249841213,13.985605239868164,-7.291394233703613,-0.013079464176927603,-0.009231124073907625,0.5593921673373128,-0.1731135107645713,-0.08762808035882373,-0.1402566785783205
179238,179,0.5901791453361511,-0.17093268036842346,0.5834715366363525,-0.16821782290935516,0.06935292482376099,-0.4649539589881897,0.02978639490902424,-0.2971694767475128,0.016893597319722176,0.01827077381312847,0.02597060054540634,0.019584860652685165,0.791164755821228,1.0479873418807983,0.8431796431541443,0.6340736746788025,0.01352524571120739,0.022611891850829124,0.02138018049299717,0.007748892996460199,12.667155265808105,-3.311176300048828,0.0003396301823677464,-0.028116342818976334,0.5585158865337241,-0.17451607755035445,0.22139257817852107,-0.09165460465571888
179239,179,0.5910137891769409,-0.17513112723827362,0.5842190980911255,-0.17166362702846527,0.08365382254123688,-0.3984140455722809,0.09807667136192322,-0.39662840962409973,0.016042198985815048,0.020068414509296417,0.025667870417237282,0.01839302107691765,0.7908424735069275,1.0488238334655762,0.8434153199195862,0.6331347823143005,0.012723815627396107,0.023667892441153526,0.021858029067516327,0.007419395726174116,14.068460464477539,-1.8968701362609863,0.020336773458545093,-0.023579377645144645,0.5645345636821298,-0.17483422086211478,0.6102506424417637,-0.030495883183302375
179240,179,0.5921897888183594,-0.17855440080165863,0.5855380892753601,-0.1758260428905487,0.13326165080070496,-0.3105504512786865,0.14644525945186615,-0.43488696217536926,0.015297467820346355,0.019828321412205696,0.02439519762992859,0.017352379858493805,0.7903745174407959,1.0496474504470825,0.8439035415649414,0.6323838233947754,0.011805200949311256,0.023539165034890175,0.021183693781495094,0.007088684476912022,15.732817649841309,-2.129068374633789,0.018142601473079632,-0.015596321516917904,0.5706370701065476,-0.17513917969394777,0.6102506424418167,-0.030495883183302375
179241,179,0.5939428806304932,-0.18133732676506042,0.587256669998169,-0.18012575805187225,0.20508091151714325,-0.2585974633693695,0.1908167600631714,-0.4231641888618469,0.014645920135080814,0.0190183874219656,0.023306572809815407,0.01644338108599186,0.7897351980209351,1.0504971742630005,0.8444799184799194,0.6317073106765747,0.01120013277977705,0.022902578115463257,0.02028484269976616,0.006683681160211563,13.913965225219727,-2.449105978012085,0.013321270158488947,-0.015751138992395813,0.5756219267503672,-0.17442464688180706,0.4843874781065452,0.08431328740960922
179242,179,0.5959551334381104,-0.18390287458896637,0.5892651081085205,-0.18425382673740387,0.21004177629947662,-0.24755048751831055,0.2176380753517151,-0.38769593834877014,0.014075374230742455,0.018262729048728943,0.022967828437685966,0.015648480504751205,0.7890362739562988,1.0512536764144897,0.845056414604187,0.6311307549476624,0.010649081319570541,0.02200985886156559,0.019973551854491234,0.006485631223767996,12.799556732177734,-0.581507682800293,0.012935555902234164,-0.020612003743979528,0.5804658015314326,-0.17358151400771096,0.4843874781065981,0.08431328740960922
179243,179,0.5981260538101196,-0.18602357804775238,0.5916439890861511,-0.18749530613422394,0.22052127122879028,-0.18565258383750916,0.24930959939956665,-0.26376450061798096,0.013575984165072441,0.019965138286352158,0.02232423424720764,0.014953551813960075,0.7882516980171204,1.0514271259307861,0.8456956744194031,0.6308347582817078,0.01010425016283989,0.022785574197769165,0.01955360174179077,0.006518619600683451,12.960884094238281,2.3475122451782227,0.020226179910164767,-0.017838016435248225,0.5843531328578926,-0.17179431226209094,0.362996864393302,0.20412080807174518
179244,179,0.6005529165267944,-0.18702806532382965,0.5943560004234314,-0.1891465038061142,0.24798639118671417,-0.045188505202531815,0.2741689682006836,-0.09064818918704987,0.01313809771090746,0.019918469712138176,0.021618792787194252,0.014344845898449421,0.7874305844306946,1.0514028072357178,0.8463361859321594,0.630906343460083,0.009800873696804047,0.022340595722198486,0.018911587074398994,0.006636642850935459,11.65273666381836,3.964695930480957,0.019590726914379287,-0.016694703176964046,0.5879831015018254,-0.16975310418137338,0.36299686439324913,0.20412080807174518
179245,179,0.6029303073883057,-0.1867159903049469,0.5970489382743835,-0.18917277455329895,0.22540155053138733,0.09782084077596664,0.2610532343387604,0.07235196977853775,0.01275436207652092,0.018684642389416695,0.021442752331495285,0.01381190400570631,0.7869296073913574,1.0513304471969604,0.8466646075248718,0.631178617477417,0.010202781297266483,0.021235551685094833,0.018131354823708534,0.006477635353803635,7.079677581787109,0.8371520042419434,0.006733301003035892,-0.020211908348068464,0.5908086879159012,-0.16685324670172014,0.24607880130192833,0.32892667880310555
179246,179,0.6040158271789551,-0.1858564168214798,0.5989379286766052,-0.1880611926317215,0.050919193774461746,0.11545418202877045,0.15353883802890778,0.1770174652338028,0.012418090365827084,0.01760832779109478,0.020869072526693344,0.01334526389837265,0.7867389917373657,1.0510339736938477,0.846908450126648,0.6316856741905212,0.009836711920797825,0.019775470718741417,0.017787499353289604,0.006572617217898369,11.452550888061523,0.4647946357727051,-0.008300677147616623,-0.016850604575941903,0.5932694759289201,-0.16356397991368885,0.24607880130187548,0.32892667880310555
179247,179,0.6048624515533447,-0.18404723703861237,0.6003636121749878,-0.18533368408679962,0.08973737061023712,0.2227524071931839,0.11427555978298187,0.33408355712890625,0.012193058617413044,0.016669219359755516,0.01951652020215988,0.012936774641275406,0.7864103317260742,1.0505703687667847,0.8472647070884705,0.6323506832122803,0.009445032104849815,0.018710466101765633,0.016892466694116592,0.006433666218072176,14.127443313598633,-2.148188352584839,-0.004032926535550711,0.01057101858276462,0.595069097835587,-0.1595114798994488,0.1336332888324772,0.45873089960370345
179248,179,0.6060421466827393,-0.18178720772266388,0.6012603044509888,-0.18157613277435303,0.13811159133911133,0.23100106418132782,0.07315438985824585,0.40827563405036926,0.01192562934011221,0.01584664359688759,0.01833432912826538,0.013853248208761215,0.7859082818031311,1.0499540567398071,0.8477360606193542,0.6330852508544922,0.009056477807462215,0.017481038346886635,0.01598227024078369,0.007093704771250486,13.654942512512207,0.1645374298095703,-0.01398894056116836,0.005558568668679726,0.5964054307239117,-0.1549241709034112,0.1336332888324772,0.45873089960370345
179249,179,0.6076253652572632,-0.17896990478038788,0.6021100878715515,-0.1773305982351303,0.167835533618927,0.323405921459198,0.09618063271045685,0.4181350767612457,0.011690927669405937,0.015126875601708889,0.017301851883530617,0.013381279073655605,0.7854352593421936,1.0491440296173096,0.8481232523918152,0.6340338587760925,0.009105369448661804,0.016499890014529228,0.01492573507130146,0.007055557332932949,11.291842460632324,-0.952298641204834,-0.008613875719152467,-0.0026146246540651556,0.5972148685281453,-0.1496790415540303,0.025660326984948478,0.593533470473539
179250,179,0.6088560223579407,-0.17561714351177216,0.6029961109161377,-0.1735568344593048,0.10703279823064804,0.3648850619792938,0.09798186272382736,0.36052781343460083,0.011484366841614246,0.014495035633444786,0.01639697328209877,0.015292395837605,0.7850413918495178,1.0480406284332275,0.8485008478164673,0.6351796984672546,0.00882243737578392,0.015276037156581879,0.014216998592019081,0.008302854374051094,12.57016658782959,1.0333061218261719,-0.015534016827291601,-0.009929524474572297,0.5974714717979945,-0.14374370684929455,0.025660326984948478,0.5935334704735258
179251,179,0.6101350784301758,-0.17118413746356964,0.6042214632034302,-0.16983461380004883,0.13542471826076508,0.49214935302734375,0.1330047845840454,0.37787550687789917,0.011303558014333248,0.013943271711468697,0.015607944689691067,0.01522426400333643,0.7847044467926025,1.0467379093170166,0.8487651944160461,0.6365619897842407,0.008989278227090836,0.014469433575868607,0.013318449258804321,0.008393032476305962,10.185656547546387,-0.07384896278381348,-0.014738895829435286,-0.0037909504831974868,0.5973265059047702,-0.137265961364219,-0.07784008424071062,0.7333343914125989
179252,179,0.6109351515769958,-0.16625237464904785,0.6052470207214355,-0.16616618633270264,0.054877813905477524,0.5115044116973877,0.09015419334173203,0.3792548179626465,0.011144918389618397,0.01346012856811285,0.015217555686831474,0.025595135986804962,0.7845640778541565,1.0452377796173096,0.8489126563072205,0.6377463340759277,0.008967902511358261,0.013578829355537891,0.012858654372394085,0.013477982953190804,10.361328125,1.1310839653015137,-0.027202833354524364,-0.012436391784355492,0.5965481050623632,-0.12993261745009207,-0.07784008424071062,0.7333343914125989
179253,179,0.6113641262054443,-0.16074731945991516,0.606050968170166,-0.1618863195180893,0.02754119597375393,0.5713134407997131,0.06265665590763092,0.4725874364376068,0.01100566703826189,0.013036787509918213,0.014576339162886143,0.02534138597548008,0.7846220135688782,1.043595790863037,0.8488891124725342,0.6393901705741882,0.009273568168282509,0.01282833144068718,0.012023395858705044,0.01377651747316122,7.553362846374512,2.544434070587158,-0.023587518829020777,-0.004390693510123131,0.5954845158766563,-0.12218226902876798,-0.1768679448443415,0.8781336624208899
179254,179,0.6110092997550964,-0.1547701507806778,0.6062763929367065,-0.1565755009651184,-0.07939773797988892,0.6226661205291748,-0.011520537547767162,0.5899991989135742,0.01088332012295723,0.012665404006838799,0.0140144731849432,0.02530573308467865,0.7851083874702454,1.0418630838394165,0.8485668897628784,0.6411301493644714,0.009736387990415096,0.012236709706485271,0.01118048932403326,0.013903891667723656,6.245827674865723,1.3441252708435059,-0.025059382583108858,-0.0050384747696936485,0.5937158364282126,-0.11340093240455851,-0.1768679448443415,0.8781336624208832
179255,179,0.6094494462013245,-0.14855480194091797,0.60551518201828,-0.15014836192131042,-0.2069440484046936,0.6340144276618958,-0.12537381052970886,0.6957342028617859,0.010775879956781864,0.012339727021753788,0.013522266410291195,0.025544941425323486,0.7857399582862854,1.0398091077804565,0.8482398986816406,0.643178403377533,0.009383770637214184,0.011102977208793163,0.010952207259833813,0.014762536622583866,11.193690299987793,5.01309871673584,-0.025582102454063907,0.007434356169618206,0.5917694043549984,-0.10433799424643149,-0.27142325482615565,1.0279312834984118
179256,179,0.6080414652824402,-0.14099299907684326,0.6042574644088745,-0.14212989807128906,-0.13002909719944,0.8178552985191345,-0.16133040189743042,0.8500350117683411,0.0222336333245039,0.012053806334733963,0.013090529479086399,0.024599000811576843,0.7849763631820679,1.0374729633331299,0.8477841019630432,0.6455408334732056,0.01820714958012104,0.010367153212428093,0.010295217856764793,0.014592108316719532,8.642065048217773,3.511528968811035,-0.018066498122932567,0.023849659256468703,0.5890551718067372,-0.09405868141144665,-0.2714232548261028,1.0279312834984118
179257,179,0.606175422668457,-0.13266399502754211,0.6019997596740723,-0.13349105417728424,-0.2160346955060959,0.8603906631469727,-0.2579755187034607,0.8906078338623047,0.020703667774796486,0.011803459376096725,0.012712813913822174,0.0367395281791687,0.7857826948165894,1.0349390506744385,0.8471962213516235,0.6475746631622314,0.018467284739017487,0.009725131094455719,0.009917638264596462,0.020888296887278557,8.891088485717773,2.022061347961426,-0.03878820844148487,0.00910579354132856,0.5862616772509913,-0.08364316671596396,-0.3542084475940293,1.170187297880585
179258,179,0.6037595272064209,-0.12395713478326797,0.599150538444519,-0.1243210956454277,-0.25886672735214233,0.8835345506668091,-0.29938217997550964,0.9448435306549072,0.020371045917272568,0.011583710089325905,0.012381492182612419,0.036923378705978394,0.7869051694869995,1.0322840213775635,0.8464712500572205,0.6500730514526367,0.01843908429145813,0.009144088253378868,0.00937968771904707,0.02163773775100708,6.886658668518066,3.3362460136413574,-0.03695501412419719,0.01803802212038745,0.5826466171091317,-0.07181589416951144,-0.36150601418594164,1.1827272546451713
179259,179,0.6006529331207275,-0.11484920233488083,0.5959473252296448,-0.11467508226633072,-0.3448409140110016,0.9390504360198975,-0.3344184160232544,0.9828689098358154,0.021409394219517708,0.011390847153961658,0.012090882286429405,0.036400750279426575,0.788105309009552,1.0294159650802612,0.8455688953399658,0.6528400778770447,0.019515380263328552,0.008410264737904072,0.008942460641264915,0.022008748725056648,7.0728373527526855,4.524359703063965,-0.03290640238461176,0.021569938132864216,0.5790315569672719,-0.05998862162305892,-0.3994142097181926,1.2534841709393612
179260,179,0.5969135761260986,-0.10492027550935745,0.5924078226089478,-0.10465556383132935,-0.40329667925834656,1.0320395231246948,-0.37875691056251526,1.0113859176635742,0.02986467070877552,0.011221589520573616,0.011835977435112,0.035734646022319794,0.7885327935218811,1.0261484384536743,0.8446235060691833,0.6559959053993225,0.025766927748918533,0.007436506450176239,0.008771611377596855,0.022558486089110374,9.492006301879883,6.94270133972168,-0.03127227555409316,0.031235851764233477,0.5745706782465901,-0.046582600377504634,-0.447116222923858,1.3425215758611548
179261,179,0.5931872129440308,-0.09357843548059464,0.5886256694793701,-0.09412707388401031,-0.3689514994621277,1.1955041885375977,-0.39654746651649475,1.0711894035339355,0.036817941814661026,0.011072996072471142,0.011612295173108578,0.036636751145124435,0.7888951897621155,1.0224639177322388,0.8437523245811462,0.6594675779342651,0.03141766041517258,0.006647650618106127,0.008752302266657352,0.023719409480690956,11.644990921020508,6.650075912475586,-0.036792802935826915,0.038004324879941126,0.5700995160173516,-0.03315738461889296,-0.447116222923858,1.3425215758611548
179262,179,0.5898723602294922,-0.08104100823402405,0.5846751928329468,-0.08293215185403824,-0.30720001459121704,1.2918998003005981,-0.3924894332885742,1.1668553352355957,0.03584705665707588,0.010942390188574791,0.011415774002671242,0.05031714588403702,0.7900630235671997,1.0185269117355347,0.8428351879119873,0.6626207828521729,0.03219030052423477,0.006071470677852631,0.00838289875537157,0.03176078945398331,7.119319438934326,7.035467624664307,-0.052712880920939925,0.029356377464282494,0.5649078611303081,-0.01826882973418308,-0.5282538810398518,1.5073142471463747
179263,179,0.586155116558075,-0.0680500864982605,0.5805707573890686,-0.07080893963575363,-0.3990742266178131,1.3178696632385254,-0.40677016973495483,1.2731715440750122,0.03322074934840202,0.010827815160155296,0.011243440210819244,0.05888911336660385,0.7918339371681213,1.0143643617630005,0.8417746424674988,0.6660715937614441,0.03087441436946392,0.005515620578080416,0.008024584501981735,0.03770951181650162,5.64119815826416,8.431356430053711,-0.06054388581617734,0.015553341783734576,0.5596253223199097,-0.0031956872627191997,-0.5282538810398518,1.5073142471463747
179264,179,0.5817717909812927,-0.054463498294353485,0.5764606595039368,-0.05730653181672096,-0.4698786437511444,1.3919987678527832,-0.420292466878891,1.4137533903121948,0.03207695856690407,0.010727119632065296,0.011092024855315685,0.0585017092525959,0.7937965393066406,1.009995460510254,0.8405371308326721,0.6700308918952942,0.030070103704929352,0.005095554981380701,0.007705518510192633,0.038639165461063385,5.644364356994629,8.188042640686035,-0.05607071856388263,0.02434733073596592,0.5537386716714794,0.013167383123320444,-0.6049189885339762,1.671013178378492
179265,179,0.5767231583595276,-0.04023418575525284,0.5719901323318481,-0.0425814725458622,-0.5321996808052063,1.4507685899734497,-0.47331610321998596,1.517531394958496,0.03193272277712822,0.01063880231231451,0.010959259234368801,0.05913068726658821,0.7957841753959656,1.005478024482727,0.8392044305801392,0.6740993857383728,0.029934268444776535,0.004810988437384367,0.007550293579697609,0.039698950946331024,7.633419036865234,6.431941986083984,-0.059256176832236024,0.03095461850494908,0.5476894817861404,0.029877514907105517,-0.6049189885339232,1.6710131783784947
179266,179,0.5713806748390198,-0.02565600350499153,0.5669510960578918,-0.027045540511608124,-0.5406844019889832,1.4652365446090698,-0.5320088267326355,1.5784245729446411,0.03588259965181351,0.010561332106590271,0.010842832736670971,0.05939674377441406,0.7973299622535706,1.0007976293563843,0.8378238677978516,0.6782945394515991,0.033032238483428955,0.004395130090415478,0.007351981941610575,0.040881022810935974,6.6877055168151855,8.671770095825195,-0.05945244837599695,0.03659671644534099,0.5411436157812989,0.047538699481013,-0.6771115454060722,1.8092500090681671
179267,179,0.5658795237541199,-0.010558031499385834,0.56145840883255,-0.011037958785891533,-0.5627278089523315,1.5448514223098755,-0.5684831142425537,1.609006643295288,0.03567350655794144,0.010493149980902672,0.010740382596850395,0.05848585441708565,0.7992838621139526,0.9957396984100342,0.8363949656486511,0.6828469634056091,0.03358892723917961,0.003727806033566594,0.00721725495532155,0.04180449992418289,6.539175510406494,11.536688804626465,-0.05276826182896743,0.034271997265567414,0.5343725003272388,0.06563119957169375,-0.6771115454061251,1.8092500090681671
179268,179,0.5602322816848755,0.005758743733167648,0.5557186603546143,0.0052118366584181786,-0.5775381922721863,1.6946067810058594,-0.5882232785224915,1.6260695457458496,0.03538775444030762,0.010433316230773926,0.010650495998561382,0.058086052536964417,0.8013797998428345,0.990206778049469,0.8349457383155823,0.6877817511558533,0.03350845351815224,0.0031730227638036013,0.007140901405364275,0.042815230786800385,7.682530879974365,11.649603843688965,-0.05556869485129423,0.03346868207965187,0.5272031993709616,0.08435098077099266,-0.7448315516562987,1.9159326490930595
179269,179,0.5545094609260559,0.02338445372879505,0.5497668981552124,0.021658997982740402,-0.5763021111488342,1.8117390871047974,-0.6051564812660217,1.6664562225341797,0.034855034202337265,0.010380685329437256,0.010571446269750595,0.0683300644159317,0.803536593914032,0.9842541217803955,0.8334632515907288,0.6925913691520691,0.033334605395793915,0.0026371306739747524,0.006981301121413708,0.05061712488532066,6.984291076660156,12.78097152709961,-0.07039186486836205,0.03127854472638446,0.5197548838543992,0.10351030726192348,-0.7448315516562987,1.915932649093066
179270,179,0.5486208200454712,0.04202715680003166,0.5436607003211975,0.03887525573372841,-0.6008071303367615,1.9000474214553833,-0.6154477000236511,1.7792822122573853,0.03373241424560547,0.010334469377994537,0.010502037592232227,0.07970688492059708,0.8058210015296936,0.9779218435287476,0.8319469094276428,0.6975620985031128,0.03260667249560356,0.002172127366065979,0.006905080284923315,0.05990363657474518,7.334854602813721,14.07400894165039,-0.08216820621906559,0.02617463241855867,0.511997928351662,0.12303625156129451,-0.8080790072846027,1.9910610984531851
179271,179,0.5426267981529236,0.06156141683459282,0.5375585556030273,0.05757531151175499,-0.6041410565376282,1.9874000549316406,-0.6110320091247559,1.943364143371582,0.032553404569625854,0.010293939150869846,0.010441179387271404,0.08870094269514084,0.8081528544425964,0.9713228344917297,0.8304181694984436,0.7027891278266907,0.03166469559073448,0.0019074537558481097,0.006844935938715935,0.06777486205101013,8.003786087036133,13.855142593383789,-0.09086024643014656,0.02457201327689293,0.5039171382788165,0.1429468625458266,-0.8080790072846027,1.9910610984531851
179272,179,0.5366021990776062,0.08167561888694763,0.5314286947250366,0.07770343124866486,-0.6012157797813416,2.0323288440704346,-0.6126623749732971,2.070089817047119,0.030876312404870987,0.010258256457746029,0.0103876031935215,0.0985049456357956,0.8106810450553894,0.9646652936935425,0.8287283778190613,0.7079635262489319,0.0309304166585207,0.0019171037711203098,0.0064866309985518456,0.0758005902171135,4.853882789611816,12.219476699829102,-0.10084301138074833,0.01950211691330732,0.4956083086345943,0.1630265364199526,-0.8668539122909842,2.0346353571485243
179273,179,0.5298597812652588,0.10162752866744995,0.5249128341674805,0.09848695248365402,-0.7101476788520813,1.9858226776123047,-0.6643754839897156,2.1002912521362305,0.02856815978884697,0.010226973332464695,0.010340635664761066,0.10372069478034973,0.8135917782783508,0.9579839706420898,0.8268603086471558,0.7132878303527832,0.029420871287584305,0.0017830377910286188,0.006250950042158365,0.08140121400356293,4.1294121742248535,13.516132354736328,-0.10508408129121369,0.012782196713360991,0.4869397695116845,0.18337288999143933,-0.8668539122909842,2.034635357148537
179274,179,0.5224495530128479,0.12167320400476456,0.5180920362472534,0.11967857927083969,-0.7683882117271423,2.017402410507202,-0.7024948000907898,2.1284074783325195,0.027976559475064278,0.010199432261288166,0.010299286805093288,0.10242918878793716,0.8164719939231873,0.9511540532112122,0.8249338865280151,0.7189692854881287,0.028584953397512436,0.0015451590297743678,0.006209049839526415,0.08258763700723648,6.688852310180664,14.225916862487793,-0.09520750941142225,0.023922071734517367,0.47811484613095284,0.2037538599150021,-0.9211562666754168,2.046655425179096
179275,179,0.5149345993995667,0.14217209815979004,0.5109319090843201,0.14106543362140656,-0.7575154900550842,2.0597002506256104,-0.7441584467887878,2.12566876411438,0.027983421459794044,0.010175247676670551,0.010262981057167053,0.10161575675010681,0.819282054901123,0.9441830515861511,0.8229117393493652,0.7247655987739563,0.028877774253487587,0.0012645255774259567,0.005970868282020092,0.08360911905765533,4.693732261657715,15.629146575927734,-0.09705176731346055,0.027984557446116637,0.4689032834641985,0.22422041416679456,-0.9211562666754433,2.046655425179109
179276,179,0.5070192217826843,0.16305077075958252,0.5031654238700867,0.16208477318286896,-0.8180055022239685,2.1092400550842285,-0.8033266067504883,2.079821825027466,0.027179349213838577,0.010153956711292267,0.010231023654341698,0.10159595310688019,0.8224833011627197,0.9371210336685181,0.8206160664558411,0.730525016784668,0.029106369242072105,0.001325019751675427,0.00558907026425004,0.0845637172460556,2.586374282836914,13.594999313354492,-0.10148500377681885,0.02166635194438729,0.4595980467519333,0.24465024661447468,-0.9709860704379535,2.0271213025449013
179277,179,0.49803152680397034,0.18381354212760925,0.4945182800292969,0.1824185699224472,-0.9445164799690247,2.0664634704589844,-0.8983829021453857,2.0183732509613037,0.02703053131699562,0.010135260410606861,0.010202962905168533,0.10681980103254318,0.8260822892189026,0.9301711320877075,0.8180100321769714,0.7359163165092468,0.029635092243552208,0.0014884046977385879,0.005196486599743366,0.0890943706035614,1.4997363090515137,12.08249568939209,-0.10809347981668882,0.026008266880022807,0.4498881860475537,0.2649214596399251,-0.9709860704379535,2.0271213025449146
179278,179,0.4878605306148529,0.20399585366249084,0.4849459230899811,0.20236904919147491,-1.0612927675247192,1.9896306991577148,-0.9962965846061707,1.9897620677947998,0.04019277170300484,0.010118826292455196,0.010178296826779842,0.10588669031858444,0.8283676505088806,0.9235320687294006,0.8151980638504028,0.741205632686615,0.04076189175248146,0.0021054234821349382,0.00505896145477891,0.08855792135000229,4.872174263000488,8.283076286315918,-0.10072332838681658,0.042302902013655164,0.4401384164087291,0.2851477210864067,-1.0126689515058789,1.9801716321007514
179279,179,0.4772193729877472,0.2229360044002533,0.47446486353874207,0.22205770015716553,-1.0596721172332764,1.8247156143188477,-1.0868747234344482,1.9535198211669922,0.0558132529258728,0.010104403831064701,0.01015664916485548,0.10316648334264755,0.8300977349281311,0.9172458052635193,0.8124669194221497,0.7463219165802002,0.05452409386634827,0.002147955121472478,0.0051974765956401825,0.08754279464483261,5.704071521759033,12.041263580322266,-0.08802413203014062,0.05867676010483465,0.4299749831729434,0.30490805097886725,-1.0163433235785675,1.9760329892459265
179280,179,0.46714332699775696,0.24124661087989807,0.46366047859191895,0.2414558231830597,-0.9831122756004333,1.8087197542190552,-1.0897367000579834,1.898432970046997,0.05785234272480011,0.010091730393469334,0.010137631557881832,0.09659624844789505,0.8329778909683228,0.9110298156738281,0.8098158836364746,0.7515218257904053,0.05906454473733902,0.0021228210534900427,0.00516778277233243,0.08363254368305206,3.8730859756469727,14.142842292785645,-0.05961186346549299,0.05824095488274665,0.4198115499371578,0.32466838087132777,-1.0344470675152253,1.9394388932179145
179281,179,0.45725634694099426,0.25933852791786194,0.45279914140701294,0.2597200274467468,-0.9921097755432129,1.8067562580108643,-1.0757899284362793,1.761098027229309,0.05604255199432373,0.010080603882670403,0.01012093760073185,0.09025164693593979,0.8366451859474182,0.9048164486885071,0.8071181178092957,0.7567313313484192,0.058988530188798904,0.002072567818686366,0.004993712063878775,0.07922761142253876,1.9884443283081055,14.39197063446045,-0.0538987216117284,0.04461634932168816,0.4092441807515635,0.3436122127516528,-1.0572280260972593,1.8933904852821584
179282,179,0.44698718190193176,0.27735117077827454,0.44213956594467163,0.2765561640262604,-1.0490413904190063,1.801747441291809,-1.052762508392334,1.6316559314727783,0.054320406168699265,0.010070807300508022,0.010106241330504417,0.08431334793567657,0.8406173586845398,0.898529589176178,0.8043279051780701,0.7619622349739075,0.05785253643989563,0.0018910508370026946,0.0048514618538320065,0.075252965092659,1.4086246490478516,16.162551879882812,-0.049856069757049315,0.04342368497567743,0.398671900490591,0.3625461176044758,-1.0572280260972593,1.8933904852821584
179283,179,0.4363449215888977,0.2955729067325592,0.43176478147506714,0.2927730977535248,-1.080384612083435,1.832937479019165,-1.0349512100219727,1.6313588619232178,0.05366957560181618,0.010062218643724918,0.010093356482684612,0.07894440740346909,0.844524085521698,0.8921496868133545,0.8015547394752502,0.7672021985054016,0.056864626705646515,0.0018534287810325623,0.004944302141666412,0.07130610942840576,4.479856491088867,15.00711441040039,-0.04722803315137078,0.04952630774905767,0.38777628469460734,0.38046596952631806,-1.093640177994002,1.7791937906536368
179284,179,0.42590177059173584,0.31387171149253845,0.4215185046195984,0.3096335828304291,-1.0265436172485352,1.817765474319458,-1.0252692699432373,1.7310048341751099,0.05350442975759506,0.010054687969386578,0.010082056745886803,0.07490959018468857,0.8482926487922668,0.8857927322387695,0.7987502813339233,0.7723416686058044,0.057048387825489044,0.001725211855955422,0.004725146107375622,0.06848033517599106,0.795128345489502,17.584003448486328,-0.05071243489196256,0.052449407291425415,0.3768398829146673,0.3982579074328556,-1.0936401779940284,1.7791937906536368
179285,179,0.4152575433254242,0.332133024930954,0.41113680601119995,0.3273075520992279,-1.088466763496399,1.8394345045089722,-1.04514479637146,1.8050248622894287,0.05190138891339302,0.010048049502074718,0.010072089731693268,0.07132746279239655,0.8524064421653748,0.879367470741272,0.7957308888435364,0.7774443030357361,0.056731194257736206,0.001662597176618874,0.0044325231574475765,0.06589207798242569,-0.3679800033569336,16.115713119506836,-0.04972677414331564,0.04167839666414919,0.3656518009132695,0.41490134587089667,-1.1255797792688487,1.633442905360335
179286,179,0.40384310483932495,0.3503720760345459,0.4003501832485199,0.3455536961555481,-1.1692808866500854,1.82770836353302,-1.0977667570114136,1.8497636318206787,0.05144680291414261,0.010042235255241394,0.01006336510181427,0.06900884956121445,0.8566715121269226,0.8729108572006226,0.7925931811332703,0.7824862599372864,0.05640387162566185,0.0015769141027703881,0.004330209922045469,0.06433776021003723,0.7356977462768555,15.349936485290527,-0.05484884244149632,0.04852649674447945,0.3543960031205816,0.4312357749245,-1.1255797792688487,1.633442905360335
179287,179,0.3920714855194092,0.3686661124229431,0.38915011286735535,0.36424002051353455,-1.1874538660049438,1.8304523229599,-1.1455943584442139,1.8785477876663208,0.05808183550834656,0.010037112049758434,0.010055681690573692,0.06736843287944794,0.8600417375564575,0.8664441108703613,0.7895767688751221,0.7874292731285095,0.06104669347405434,0.0016674125799909234,0.004639360588043928,0.06300848722457886,6.593136787414551,12.192590713500977,-0.05732599905367808,0.05937011919564908,0.3429512353187465,0.446396542484307,-1.1530468299217465,1.4628495935163963
179288,179,0.3810439109802246,0.3867500424385071,0.37769365310668945,0.38312339782714844,-1.0469132661819458,1.7786983251571655,-1.1525617837905884,1.876395583152771,0.06085103377699852,0.010032601654529572,0.010048915632069111,0.06678647547960281,0.8633633255958557,0.8602706789970398,0.7866369485855103,0.7920441031455994,0.06483158469200134,0.0020271639805287123,0.004480755887925625,0.06225324049592018,1.7751884460449219,12.195747375488281,-0.06322149535424612,0.06136535377027805,0.3314207670195296,0.4610250384194709,-1.1530468299217729,1.4628495935163963
179289,179,0.37016502022743225,0.40386462211608887,0.36600056290626526,0.4012090563774109,-1.093045949935913,1.6780354976654053,-1.1530972719192505,1.769453525543213,0.05767712742090225,0.01002864632755518,0.010042982175946236,0.06619977205991745,0.8673946261405945,0.8544278740882874,0.7836977243423462,0.7963789105415344,0.06328924000263214,0.002420885255560279,0.004509310238063335,0.06144776940345764,2.6971840858459473,9.912479400634766,-0.06259358202809409,0.037782290137440694,0.31975509382223116,0.4746622531557335,-1.1760413299527748,1.2942609115783388
179290,179,0.35930877923965454,0.4199617803096771,0.3547080457210541,0.41831326484680176,-1.074367642402649,1.5615085363388062,-1.1013740301132202,1.6620194911956787,0.05549577623605728,0.010025175288319588,0.010037773288786411,0.06452250480651855,0.871577799320221,0.8489852547645569,0.7807185053825378,0.8004454374313354,0.06137773394584656,0.0027915399987250566,0.004287931136786938,0.059910330921411514,-0.13966798782348633,10.520100593566895,-0.05416329422481814,0.04169574081297221,0.3079946805227043,0.487604862271517,-1.1760413299527483,1.2942609115783388
179291,179,0.34816986322402954,0.4349886476993561,0.34377115964889526,0.4341110289096832,-1.1324650049209595,1.46132493019104,-1.0807334184646606,1.5123332738876343,0.05279449000954628,0.010022117756307125,0.010033187456429005,0.06152569130063057,0.8761376738548279,0.8441003561019897,0.777377724647522,0.8041187524795532,0.06020229682326317,0.00367202446796,0.003749342169612646,0.05640387162566185,-3.947875499725342,6.654961109161377,-0.04295755263342865,0.03564158234487169,0.2961438823349185,0.4997673138261404,-1.1945632793618277,1.1343886236603582
179292,179,0.3356561064720154,0.44812074303627014,0.3323752284049988,0.44789236783981323,-1.3051828145980835,1.2333132028579712,-1.159645438194275,1.3012028932571411,0.05126199871301651,0.010019434615969658,0.010029157623648643,0.0577029325067997,0.8810611367225647,0.8397597670555115,0.7737129330635071,0.8075104355812073,0.05937018245458603,0.003886474994942546,0.003304664511233568,0.053084246814250946,-5.9545207023620605,10.380234718322754,-0.033773522970148545,0.04146332089297999,0.28419824954130163,0.5111112000627431,-1.1945632793618277,1.1343886236603318
179293,179,0.3220115900039673,0.4602504074573517,0.32054010033607483,0.4601247012615204,-1.4212850332260132,1.1892976760864258,-1.2187517881393433,1.1433824300765991,0.06446799635887146,0.01001708023250103,0.010025623254477978,0.051220789551734924,0.8845920562744141,0.835465133190155,0.7698656320571899,0.8110020160675049,0.07038776576519012,0.00381299271248281,0.0032656455878168344,0.04800156503915787,-1.8158555030822754,11.767449378967285,-0.00284615796269419,0.06712906030790139,0.272198106768004,0.521868619587888,-1.2086126781489581,0.9832327297624018
179294,179,0.30811238288879395,0.4723629355430603,0.30810874700546265,0.4710320234298706,-1.389090657234192,1.198853850364685,-1.300032138824463,1.0262900590896606,0.08253274857997894,0.010015007108449936,0.010022517293691635,0.045696064829826355,0.8872056007385254,0.8312156200408936,0.7660678029060364,0.8144221305847168,0.08727733045816422,0.0038913751486688852,0.003409098833799362,0.04306713119149208,0.10938405990600586,12.169696807861328,0.0005905075946855964,0.08642318027485998,0.260111979986515,0.531700946885512,-1.2086126781489845,0.983232729762349
179295,179,0.294704794883728,0.48423337936401367,0.2944696843624115,0.48102444410324097,-1.3008801937103271,1.1626765727996826,-1.4282580614089966,0.9851344227790833,0.08370205760002136,0.010013183578848839,0.010019784793257713,0.040970467031002045,0.8909628987312317,0.8271388411521912,0.7624738812446594,0.8176544308662415,0.09236492216587067,0.004084594082087278,0.003577152732759714,0.0386974923312664,-1.1879980564117432,12.802987098693848,-0.004848534823011952,0.08396274200164283,0.2479982730326808,0.5411230655333384,-1.2181895263142055,0.8407932298844167
179296,179,0.28193408250808716,0.4955485761165619,0.2796953618526459,0.49096134305000305,-1.25590980052948,1.1068464517593384,-1.4911309480667114,1.0109788179397583,0.08200380951166153,0.010011586360633373,0.010017385706305504,0.03691737726330757,0.8953415751457214,0.8232713937759399,0.7590134143829346,0.8206775784492493,0.0919174775481224,0.004311526659876108,0.003575197421014309,0.0348990373313427,-1.1890244483947754,12.027044296264648,-0.005041013863115701,0.07200478961462872,0.23581637776953956,0.5495309978321831,-1.2181895263142055,0.8407932298844696
179297,179,0.26941242814064026,0.5062193870544434,0.26516619324684143,0.5012024641036987,-1.2477747201919556,1.041422963142395,-1.3982659578323364,1.0359705686569214,0.07958194613456726,0.010010181926190853,0.010015277191996574,0.03342713788151741,0.8998540639877319,0.8194922804832458,0.7556427717208862,0.8236281871795654,0.08959443122148514,0.004170015919953585,0.0036123546306043863,0.031982459127902985,-0.7382738590240479,14.236776351928711,-0.0017410119540597901,0.06525149002063702,0.22362488704014577,0.5576875467548505,-1.2232938238575042,0.707070124026588
179298,179,0.25719311833381653,0.5168731212615967,0.2521149814128876,0.5117987394332886,-1.2134393453598022,1.0695602893829346,-1.2417725324630737,1.0636436939239502,0.0772610530257225,0.010008946061134338,0.01001342199742794,0.03041362576186657,0.9044284820556641,0.8157023191452026,0.7521820068359375,0.8265154361724854,0.08783672749996185,0.004196537658572197,0.003338815877214074,0.029335252940654755,-3.826632499694824,14.058177947998047,0.0020430691620651475,0.0634482506409708,0.2113919488015708,0.564758247995117,-1.2232938238575042,0.707070124026588
179299,179,0.24455268681049347,0.5273881554603577,0.23994243144989014,0.5222506523132324,-1.284408688545227,1.0508943796157837,-1.1915035247802734,1.0442348718643188,0.07437924295663834,0.010007861070334911,0.010011793114244938,0.02780689112842083,0.9093012809753418,0.8122677206993103,0.7484866380691528,0.829039990901947,0.08583108335733414,0.005027321632951498,0.003108713775873184,0.026185734197497368,-3.626241683959961,5.784659385681152,-0.008466660747317667,0.057108882557190266,0.19915845470159055,0.5717189583447875,-1.2238743932254816,0.5921901535381534
179300,179,0.23113487660884857,0.5363402366638184,0.2276470959186554,0.5320104360580444,-1.351591944694519,0.8156091570854187,-1.2307569980621338,0.9448850154876709,0.0733870416879654,0.010006907396018505,0.010010362602770329,0.026061786338686943,0.9142199158668518,0.8095124363899231,0.7446252107620239,0.8310828804969788,0.08498261868953705,0.005577156785875559,0.0028109755367040634,0.02413436397910118,-6.8056440353393555,6.6521453857421875,-0.014052545695864532,0.06740396590973874,0.1869191989938018,0.5775395924666755,-1.2239255707788805,0.582063412188757
179301,179,0.21710406243801117,0.5437641739845276,0.21514654159545898,0.5408140420913696,-1.4318965673446655,0.6877004504203796,-1.2628105878829956,0.8241041302680969,0.07774777710437775,0.015149571001529694,0.010009106248617172,0.024034494534134865,0.9186258912086487,0.8063036799430847,0.7407035827636719,0.8330804109573364,0.0884135439991951,0.008929233066737652,0.002775021828711033,0.022675329819321632,-5.742325782775879,12.228398323059082,0.015917743319039807,0.07870946465338816,0.17467994328601305,0.5833602265885636,-1.2221639080016642,0.530570066110839
179302,179,0.2030813843011856,0.5512610673904419,0.20266662538051605,0.5488178133964539,-1.40796959400177,0.7645942568778992,-1.274594783782959,0.7447695732116699,0.09030667692422867,0.02827448397874832,0.010008001700043678,0.02227417565882206,0.922069787979126,0.80201256275177,0.736748218536377,0.8351197242736816,0.09967474639415741,0.01796582154929638,0.0027225667145103216,0.021231135353446007,-4.7735395431518555,12.402084350585938,0.030484929225780957,0.09332440706908518,0.16247999430558743,0.5880319263392185,-1.2199471087084592,0.46577309437097664
179303,179,0.18913404643535614,0.5590704083442688,0.18948641419410706,0.5558061599731445,-1.3813081979751587,0.7920917272567749,-1.3677579164505005,0.6641538739204407,0.09194245934486389,0.026473458856344223,0.010007031261920929,0.020738326013088226,0.926139235496521,0.799162745475769,0.7328348755836487,0.8371120691299438,0.1043236255645752,0.018318738788366318,0.00277210702188313,0.019792970269918442,-4.8891520500183105,10.151445388793945,0.014101105130594191,0.0923257579454792,0.15028052321850285,0.5926896572829286,-1.2199471087084592,0.46577309437097664
179304,179,0.17538093030452728,0.5666158199310303,0.17510703206062317,0.5621815919876099,-1.3586211204528809,0.7309211492538452,-1.4830472469329834,0.6349523067474365,0.09179779887199402,0.024392180144786835,0.01000618003308773,0.019400708377361298,0.9306050539016724,0.7967746257781982,0.7290220856666565,0.8390570878982544,0.10507899522781372,0.016765790060162544,0.0027225667145103216,0.018682220950722694,-6.835806369781494,12.65937328338623,0.002509212237683453,0.09096515718446076,0.13816220805793425,0.5963921447051074,-1.2108078041667532,0.35819917057324685
179305,179,0.16180044412612915,0.5739615559577942,0.16009649634361267,0.5686867237091064,-1.3653502464294434,0.7386971712112427,-1.49996018409729,0.6668871641159058,0.09151168167591095,0.022581661120057106,0.01000542938709259,0.018232695758342743,0.9350945949554443,0.7942976951599121,0.7253103256225586,0.8410561680793762,0.10447393357753754,0.01508804690092802,0.0028605505358427763,0.017761576920747757,-3.3666300773620605,12.716997146606445,0.0044251255056613065,0.08986563572867656,0.12605413001626672,0.59997413641084,-1.2108078041667598,0.35819917057324685
179306,179,0.14866550266742706,0.5815776586532593,0.14561274647712708,0.5757837295532227,-1.2922089099884033,0.7639666795730591,-1.4110338687896729,0.729920506477356,0.09278726577758789,0.02100702002644539,0.010004770010709763,0.017213458195328712,0.9393274188041687,0.7918498516082764,0.7216745018959045,0.8429388999938965,0.1052955836057663,0.01409462932497263,0.002825554460287094,0.01666066236793995,-3.3963894844055176,10.377912521362305,-0.005250425615772533,0.0930925447633264,0.11405982014674518,0.6027771426567027,-1.1963699987838148,0.25934164079556765
179307,179,0.1357497274875641,0.5887313485145569,0.13190290331840515,0.582990288734436,-1.277068018913269,0.6905133128166199,-1.3198684453964233,0.7195318341255188,0.09141872078180313,0.019636688753962517,0.010004193522036076,0.01841551996767521,0.9436158537864685,0.7896983623504639,0.7181284427642822,0.8444406390190125,0.10425005853176117,0.013510541059076786,0.0029305710922926664,0.017188088968396187,-2.2971856594085693,7.082457542419434,-0.018610366436836376,0.08353243958872762,0.1020961201589069,0.6053705590646581,-1.1963699987838148,0.25934164079556765
179308,179,0.12321185320615768,0.5948467254638672,0.11916779726743698,0.589836061000824,-1.2211048603057861,0.5572850108146667,-1.2208796739578247,0.6547530889511108,0.09010707587003708,0.01844051666557789,0.01000368595123291,0.01831212267279625,0.9477787613868713,0.7879812717437744,0.7147917747497559,0.8456934094429016,0.10207561403512955,0.013150705024600029,0.0031126101966947317,0.016727162525057793,-1.9895005226135254,6.075387001037598,-0.017580979367115612,0.08252739266568489,0.09026820358716166,0.607343815286365,-1.1766336925598029,0.16920050503783327
179309,179,0.11140497773885727,0.5997265577316284,0.10748694837093353,0.5958410501480103,-1.14114248752594,0.4298936128616333,-1.119381308555603,0.5469377040863037,0.08785291761159897,0.017395125702023506,0.010003238916397095,0.017282970249652863,0.9518511891365051,0.7866696119308472,0.7115426063537598,0.846748948097229,0.10001751780509949,0.012644433416426182,0.002986031584441662,0.015736903995275497,-6.183563232421875,8.724799156188965,-0.006159695967228096,0.07478179385528574,0.07850186666156284,0.6090358203367439,-1.1766336925598029,0.16920050503788614
179310,179,0.09976698458194733,0.6036721467971802,0.09658989310264587,0.6005501747131348,-1.1692107915878296,0.36698368191719055,-1.0615880489349365,0.4086974859237671,0.08410467952489853,0.01647956855595112,0.010002845898270607,0.016381554305553436,0.9560352563858032,0.7854782938957214,0.7083505988121033,0.8477357625961304,0.0961328074336052,0.011926726438105106,0.003088258672505617,0.01491831336170435,-4.607349395751953,9.809813499450684,0.005826273888723907,0.06227247341153827,0.0668827313943225,0.6102490576864553,-1.1515988854946242,0.08777576330025526
179311,179,0.08844608813524246,0.6073541045188904,0.08632328361272812,0.6041690111160278,-1.1154396533966064,0.3546172082424164,-1.0147916078567505,0.3132261335849762,0.08145469427108765,0.015681035816669464,0.01000249944627285,0.01559529546648264,0.9602194428443909,0.784525454044342,0.7050753831863403,0.8484660983085632,0.0934826135635376,0.011881012469530106,0.0027905681636184454,0.013805982656776905,-7.676174640655518,7.245352268218994,0.009276194035737505,0.06583872278389737,0.055366742539376096,0.6111268153194579,-1.151598885494631,0.08777576330025526
179312,179,0.07666720449924469,0.6099550724029541,0.07578738033771515,0.6064499616622925,-1.1996192932128906,0.20684939622879028,-1.063159704208374,0.1827053725719452,0.07789761573076248,0.014981770887970924,0.010002197697758675,0.014906731434166431,0.9645413756370544,0.7838878035545349,0.7017018795013428,0.84904545545578,0.09013423323631287,0.01140602771192789,0.002687608590349555,0.013148609548807144,-8.099546432495117,10.140910148620605,0.004899062111894954,0.0567899668055766,0.043998776583371306,0.6116497649493343,-1.121265577588303,0.015067415582674975
179313,179,0.06464575231075287,0.6120491623878479,0.06517615914344788,0.6080794334411621,-1.2132205963134766,0.19593490660190582,-1.0774424076080322,0.13809923827648163,0.07671911269426346,0.02122168429195881,0.010001933202147484,0.014304556883871555,0.9687390327453613,0.7825044989585876,0.6983046531677246,0.8495585918426514,0.08798824995756149,0.01570705883204937,0.0026448953431099653,0.012583880685269833,-7.364928722381592,11.164731979370117,0.022200553791509193,0.0696717468244134,0.032786120807488175,0.6118004391051611,-1.121265577588303,0.015067415582674975
179314,179,0.05258142203092575,0.6140116453170776,0.054051075130701065,0.609362006187439,-1.2046396732330322,0.1907893270254135,-1.158185601234436,0.11914202570915222,0.07615096867084503,0.021000035107135773,0.010001697577536106,0.01377688255161047,0.972783625125885,0.7819311618804932,0.6948752403259277,0.8498441576957703,0.08706393837928772,0.016764717176556587,0.0025701813865453005,0.011707639321684837,-6.253855228424072,6.230010986328125,0.019447406785748054,0.07274734858757606,0.0217117121694468,0.6117028321673629,-1.0856337688408215,-0.048924538114801845
179315,179,0.04044729098677635,0.6149531602859497,0.04170048236846924,0.6101658344268799,-1.200796127319336,0.03865918517112732,-1.277068018913269,0.06426392495632172,0.075706347823143,0.020283307880163193,0.01000149268656969,0.013314193114638329,0.9766663312911987,0.7818548083305359,0.6915502548217773,0.8500081896781921,0.0861513614654541,0.016327515244483948,0.0026264553889632225,0.011340812779963017,-6.50564432144165,10.293793678283691,0.015259825930848438,0.07304167435734929,0.010855374481038486,0.6112135867862145,-1.0856337688408224,-0.048924538114801845
179316,179,0.02870660275220871,0.6154865622520447,0.028823355212807655,0.610750675201416,-1.1648774147033691,0.04758991301059723,-1.3032300472259521,0.03932172805070877,0.07552723586559296,0.032654449343681335,0.010001312009990215,0.01290955301374197,0.9804401397705078,0.7804998755455017,0.6882709264755249,0.8500014543533325,0.0856555849313736,0.025236083194613457,0.002606077352538705,0.010661441832780838,-5.035998821258545,7.056393623352051,0.03481169244756066,0.07444987033551588,0.00011691116769047862,0.6105651544329017,-1.0447034592521818,-0.10420009779233382
179317,179,0.017131825909018517,0.6153848171234131,0.01569146290421486,0.6107640266418457,-1.1466630697250366,-0.0488564670085907,-1.298688292503357,-0.02626175805926323,0.07486259937286377,0.03233881667256355,0.01000115368515253,0.012554110959172249,0.9840149879455566,0.7803589701652527,0.6852296590805054,0.8499981164932251,0.08408969640731812,0.026065321639180183,0.0028955559246242046,0.010581121779978275,-2.3457980155944824,10.740351676940918,0.03020200920766212,0.07086863620367155,-0.010330123424831429,0.6095231534549783,-1.0447034592521813,-0.10420009779233382
179318,179,0.0064958445727825165,0.6154423952102661,0.003633487969636917,0.6106537580490112,-1.0279719829559326,0.0170440711081028,-1.144004464149475,-0.024455387145280838,0.07414250820875168,0.04098786413669586,0.010001014918088913,0.01224226038902998,0.9874085783958435,0.7794655561447144,0.6823290586471558,0.8500016331672668,0.08308257907629013,0.03202706202864647,0.002847912022843957,0.010255154222249985,-3.8742470741271973,10.389873504638672,0.04247357942876792,0.06980933659313701,-0.020690253406756197,0.6083936268383116,-0.9984746488223865,-0.15075926344976232
179319,179,-0.0037989122793078423,0.6154766082763672,-0.007189997471868992,0.6101900935173035,-1.0210597515106201,0.002693383488804102,-1.0195773839950562,-0.049792610108852386,0.0710805207490921,0.03945150226354599,0.010000893846154213,0.011968698352575302,0.9910308718681335,0.7794958353042603,0.6793323159217834,0.849930465221405,0.08103826642036438,0.03238308057188988,0.0026167510077357292,0.009938132017850876,-7.001771926879883,9.25877571105957,0.029287030048433107,0.05256472638444026,-0.030674999894980147,0.6068860342038137,-0.9984746488223865,-0.1507592634498152
179320,179,-0.014507375657558441,0.61514812707901,-0.017082100734114647,0.6094924211502075,-1.0881903171539307,-0.04312051832675934,-0.9512726664543152,-0.06654787808656693,0.06832149624824524,0.03796525299549103,0.010000785812735558,0.011728729121387005,0.9946227073669434,0.7796207070350647,0.6765359044075012,0.8500743508338928,0.07690342515707016,0.03041188046336174,0.003008417086675763,0.010118614882230759,-2.384796142578125,13.27117919921875,0.028086798327396065,0.05150227815908817,-0.04061440853875365,0.605345144475953,-0.9511215434480318,-0.1855364080125649
179321,179,-0.02428216114640236,0.6157218217849731,-0.02571803517639637,0.6095536947250366,-0.9280897974967957,0.09596394002437592,-0.8346567749977112,0.03368654102087021,0.06762117892503738,0.037135545164346695,0.010000692680478096,0.011517897248268127,0.9977419972419739,0.7793973684310913,0.6739992499351501,0.8503217697143555,0.07469084113836288,0.029475271701812744,0.003102869028225541,0.009981180541217327,-2.7849018573760986,12.033451080322266,0.03161002523362295,0.06333831288592295,-0.05008388191426807,0.6034591241250813,-0.9469473375514361,-0.1886020350871931
179322,179,-0.033288415521383286,0.6166811585426331,-0.034047145396471024,0.6100509166717529,-0.8699208498001099,0.10243616253137589,-0.8262884020805359,0.07083156704902649,0.0636577382683754,0.033616580069065094,0.010000609792768955,0.011333106085658073,1.0010045766830444,0.7795127630233765,0.6713986992835999,0.8504427075386047,0.07191170006990433,0.027700191363692284,0.0028391629457473755,0.009598301723599434,-7.225579261779785,9.108548164367676,0.005544952007067019,0.03922843528114178,-0.059553355289783616,0.6015731037742093,-0.9217848711986193,-0.2014991934301282
179323,179,-0.04265711084008217,0.6170072555541992,-0.042685285210609436,0.6104830503463745,-0.9518078565597534,0.013572609052062035,-0.8597865700721741,0.048620108515024185,0.05901515483856201,0.030585044994950294,0.01000053808093071,0.01117115467786789,1.0045676231384277,0.7798389196395874,0.6687154173851013,0.8505303263664246,0.06738284975290298,0.025167159736156464,0.0027517059352248907,0.009468522854149342,-7.737945556640625,10.197820663452148,-0.002037762615067081,0.029996059902138203,-0.06846139646755321,0.599399318311142,-0.8901215254393259,-0.2177284127045204
179324,179,-0.052260078489780426,0.6172264814376831,-0.05123651772737503,0.6110507845878601,-0.9704243540763855,0.02288590371608734,-0.863813042640686,0.05650538578629494,0.05675420165061951,0.027956847101449966,0.010000472888350487,0.011028691194951534,1.008080005645752,0.7802717685699463,0.6659074425697327,0.8504161834716797,0.06451362371444702,0.023669011890888214,0.002547872718423605,0.008954673074185848,-7.756140232086182,5.65485954284668,0.0058893037022043175,0.04251996102705749,-0.07736261172194707,0.5972220341840964,-0.8901215254393259,-0.21772841270457324
179325,179,-0.0623277947306633,0.616563081741333,-0.06045112386345863,0.6111433506011963,-1.01937735080719,-0.11726273596286774,-0.9588584303855896,-0.020402971655130386,0.05544481799006462,0.02568100392818451,0.01000041514635086,0.010903717018663883,1.0114256143569946,0.7809735536575317,0.6630624532699585,0.8501818776130676,0.06282961368560791,0.02184252254664898,0.0024945419281721115,0.008855992928147316,-8.14399242401123,9.007560729980469,-0.0011104463155139936,0.047150211477452963,-0.08571217053969585,0.5948635118543563,-0.8279972124860627,-0.23813839630184996
179326,179,-0.07245848327875137,0.6155290603637695,-0.07027170807123184,0.610752522945404,-1.0222564935684204,-0.11195097118616104,-1.0172220468521118,-0.07250620424747467,0.057117071002721786,0.024457169696688652,0.010000362992286682,0.01079381164163351,1.0143721103668213,0.7815921306610107,0.6602614521980286,0.8498976230621338,0.06352820247411728,0.020785914734005928,0.0025488424580544233,0.008661890402436256,-5.267126560211182,8.264930725097656,0.015994262025992207,0.05743536226043916,-0.09399214266455702,0.5924821278913376,-0.8279972124860627,-0.23813839630184996
179327,179,-0.08232519775629044,0.6142878532409668,-0.08066730201244354,0.609767735004425,-0.9690805673599243,-0.14427055418491364,-1.0638130903244019,-0.1294703185558319,0.0612645298242569,0.022863266989588737,0.010000319220125675,0.010697204619646072,1.016849398612976,0.782361626625061,0.657500684261322,0.8494993448257446,0.06734561175107956,0.019834542647004128,0.0024741850793361664,0.00845994520932436,-6.667843818664551,8.87784481048584,0.011808074765774917,0.06204558691206857,-0.10174083111555463,0.5900085998470853,-0.7605743986916399,-0.24983198587912894
179328,179,-0.09208433330059052,0.6126033067703247,-0.09149666130542755,0.608074963092804,-0.9787624478340149,-0.18691857159137726,-1.0885004997253418,-0.19667628407478333,0.0608210414648056,0.021703558042645454,0.010000279173254967,0.0106125483289361,1.0195401906967163,0.783149778842926,0.6549471020698547,0.849107563495636,0.06712780892848969,0.018713723868131638,0.0027954268734902143,0.0084224296733737,-2.4370718002319336,9.636678695678711,0.01360623527855737,0.05805071141511578,-0.10934657510247109,0.5875102799882941,-0.7605743986916399,-0.24983198587912894
179329,179,-0.10095184296369553,0.6109615564346313,-0.10194173455238342,0.6061837673187256,-0.8391640782356262,-0.16984359920024872,-1.0181386470794678,-0.20105251669883728,0.06374093145132065,0.0212129857391119,0.010000244714319706,0.010538121685385704,1.0216145515441895,0.7837571501731873,0.6528535485267639,0.8487818837165833,0.06809139996767044,0.017983123660087585,0.0032061641104519367,0.008473129011690617,0.7998776435852051,11.526147842407227,0.017782689029829987,0.06432305098220718,-0.11645200517998827,0.5849914773816899,-0.6878530840560572,-0.25280918143635733
179330,179,-0.10822085291147232,0.6096612811088562,-0.11113788932561874,0.604385495185852,-0.6620633602142334,-0.12222812324762344,-0.8389490246772766,-0.1793035864830017,0.06140783801674843,0.02017229236662388,0.010000217705965042,0.010472751222550869,1.0237998962402344,0.7844060063362122,0.6509509682655334,0.8483940362930298,0.06698592007160187,0.017476728186011314,0.0031827695202082396,0.008332232013344765,-3.248029947280884,10.719361305236816,0.012878796796473378,0.04691367932639964,-0.12333053602054936,0.5824633855673259,-0.6878530840560638,-0.25280918143635733
179331,179,-0.11505717039108276,0.6080604791641235,-0.1187310516834259,0.6023486852645874,-0.6758591532707214,-0.17065821588039398,-0.6669003963470459,-0.19992735981941223,0.05593738704919815,0.018905309960246086,0.010000193491578102,0.010415300726890564,1.0264085531234741,0.7851608991622925,0.6490717530250549,0.8480253219604492,0.06250473111867905,0.01637246273458004,0.003146710805594921,0.00833527185022831,-5.033073425292969,12.257843017578125,0.002754489190371811,0.021616434788001626,-0.12975031971785686,0.5799690395505301,-0.6098332685793347,-0.24706998297353513
179332,179,-0.12184431403875351,0.6065270900726318,-0.1245749369263649,0.600475013256073,-0.6725611090660095,-0.13905109465122223,-0.5209909081459045,-0.17077508568763733,0.05170346051454544,0.01780063472688198,0.010000171139836311,0.01036488451063633,1.029115080833435,0.7859200239181519,0.6471545696258545,0.8475831747055054,0.058025114238262177,0.01571984961628914,0.003021071432158351,0.008103455416858196,-5.989577770233154,9.11883544921875,0.007667964526414776,0.024745943693856937,-0.13584865240365057,0.5774983397207945,-0.6098332685793215,-0.24706998297353513
179333,179,-0.12883026897907257,0.6046521067619324,-0.1295577436685562,0.5986475348472595,-0.7035543918609619,-0.2104458063840866,-0.47010356187820435,-0.18204574286937714,0.04825165867805481,0.016835244372487068,0.010000154376029968,0.010320572182536125,1.0315903425216675,0.7866954803466797,0.6453830599784851,0.8471974730491638,0.05366092175245285,0.014617500826716423,0.0032724731136113405,0.008230956271290779,-3.466794490814209,12.13277816772461,0.000564779802835147,0.026048103984249213,-0.14154040171401913,0.5750981814459675,-0.5265149522614327,-0.2326143904907152
179334,179,-0.13512496650218964,0.6031030416488647,-0.13373252749443054,0.5971820950508118,-0.58975750207901,-0.13744327425956726,-0.4164077639579773,-0.14102604985237122,0.04631206393241882,0.015989268198609352,0.01000013668090105,0.01028155442327261,1.0336334705352783,0.7873963713645935,0.6438720226287842,0.846763551235199,0.050574690103530884,0.01416002120822668,0.0034950526896864176,0.008024584501981735,-2.210063934326172,9.137962341308594,0.009734063989932228,0.03377920159375013,-0.14680555123663355,0.5727720375410604,-0.5265149522614327,-0.2326143904907152
179335,179,-0.14051207900047302,0.6012982130050659,-0.1383838951587677,0.595587432384491,-0.49374231696128845,-0.20397022366523743,-0.4981408715248108,-0.17027822136878967,0.042704395949840546,0.015251715667545795,0.010000123642385006,0.010247385129332542,1.0355373620986938,0.788316547870636,0.6425402164459229,0.8461876511573792,0.04723029583692551,0.013814402744174004,0.0035488028079271317,0.007864958606660366,-4.486738204956055,9.063858985900879,-0.0032420092337761518,0.019124371106267357,-0.15172687815333416,0.5705357981603626,-0.43789813510239756,-0.2094424039877918
179336,179,-0.14536520838737488,0.598921537399292,-0.1437152624130249,0.593587338924408,-0.46561750769615173,-0.2548457682132721,-0.5438987612724304,-0.2173147201538086,0.038402967154979706,0.014605656266212463,0.010000109672546387,0.010217341594398022,1.037535309791565,0.7893181443214417,0.6412256360054016,0.8455900549888611,0.043355394154787064,0.013186335563659668,0.00337980967015028,0.007900303229689598,-7.267768383026123,11.703432083129883,0.005500705607224134,0.006426480023050282,-0.15610585950435812,0.5684413741204845,-0.43789813510239756,-0.20944240398784464
179337,179,-0.15024350583553314,0.5965267419815063,-0.14917707443237305,0.5912558436393738,-0.5062179565429688,-0.2282002866268158,-0.5424372553825378,-0.2433832287788391,0.034701358526945114,0.014436544850468636,0.010000098496675491,0.010190926492214203,1.0395371913909912,0.7900736927986145,0.6398879289627075,0.845135509967804,0.039479225873947144,0.012651742435991764,0.0034364417660981417,0.008052891120314598,-5.3455281257629395,13.03659439086914,0.013230554779895959,0.0034000010218115106,-0.16021437602066124,0.566438784786076,-0.3439828171021894,-0.17755402346492352
179338,179,-0.15508191287517548,0.5947319269180298,-0.1543126404285431,0.5890575647354126,-0.4846218228340149,-0.15799933671951294,-0.5049711465835571,-0.21118223667144775,0.03178514912724495,0.013892211019992828,0.01000009011477232,0.010167754255235195,1.0412994623184204,0.7905723452568054,0.6387048959732056,0.844876229763031,0.03596273437142372,0.011842582374811172,0.003669088939204812,0.008293738588690758,-1.995300054550171,14.437885284423828,0.00983497295959948,0.012098792935983746,-0.16365420419168317,0.5646632445514271,-0.3439828171021762,-0.17755402346487065
179339,179,-0.1592789888381958,0.5937545299530029,-0.15898041427135468,0.5874504446983337,-0.38416382670402527,-0.06557347625494003,-0.4527948796749115,-0.12955066561698914,0.02921876311302185,0.013414453715085983,0.010000082664191723,0.010147358290851116,1.042801856994629,0.7907911539077759,0.6377003192901611,0.844794750213623,0.03316446393728256,0.01112467609345913,0.003720954293385148,0.008462987840175629,-2.6103436946868896,15.403669357299805,-0.0011393134815110076,0.011793038552059307,-0.16690752230085934,0.5629640364154687,-0.2447689982608348,-0.13694924892189891
179340,179,-0.1629398763179779,0.5934873223304749,-0.16328221559524536,0.5865567326545715,-0.34987324476242065,0.0038572940975427628,-0.40837153792381287,-0.052286289632320404,0.026772283017635345,0.012996584177017212,0.0100000761449337,0.015635259449481964,1.044346809387207,0.7909082770347595,0.636569619178772,0.8443614840507507,0.031263288110494614,0.010927438735961914,0.0033817621879279613,0.012734264135360718,-6.3919677734375,12.334796905517578,-0.016430583320116113,2.1586624479354166e-05,-0.1693552122834677,0.5615945439262497,-0.2447689982608348,-0.13694924892189891
179341,179,-0.1671985238790512,0.593083918094635,-0.1674121618270874,0.5860277414321899,-0.4588124454021454,-0.04593604803085327,-0.3855336010456085,-0.029978834092617035,0.024647265672683716,0.012629817239940166,0.010000067763030529,0.027839457616209984,1.0458714962005615,0.790905237197876,0.6354276537895203,0.8436546921730042,0.028955094516277313,0.010164798237383366,0.003581063589081168,0.022866910323500633,-3.139781951904297,14.571380615234375,-0.029627352682420376,-0.0026871104510540478,-0.17171094397878806,0.5602684481409015,-0.1487231778061178,-0.09162356755901664
179342,179,-0.17122872173786163,0.5932844281196594,-0.17058874666690826,0.5863521099090576,-0.38267162442207336,0.04498916119337082,-0.29363003373146057,0.05849607661366463,0.023966386914253235,0.012308537028729916,0.010000062175095081,0.027322912588715553,1.046987771987915,0.7906262278556824,0.6345629096031189,0.8438364863395691,0.027437908574938774,0.009668862447142601,0.003915879409760237,0.0232172179967165,-0.09947896003723145,15.269827842712402,-0.02377793951380512,0.019247631457774562,-0.1731135107645712,0.5593921673373128,-0.1402566785783073,-0.0876280803588766
179343,179,-0.17422516644001007,0.5942075848579407,-0.1732436865568161,0.5873535871505737,-0.2484847605228424,0.11527204513549805,-0.2616754472255707,0.11966943740844727,0.0225895456969738,0.012026798911392689,0.010000055655837059,0.038412678986787796,1.0479567050933838,0.7901540994644165,0.6338365077972412,0.8435477018356323,0.02639153227210045,0.009159374982118607,0.00381103390827775,0.032203223556280136,-4.302605628967285,17.098552703857422,-0.04026567338638391,0.013016023340568103,-0.17451607755035453,0.558515886533724,-0.09165460465569245,0.22139257817873254
179344,179,-0.17696481943130493,0.5956110954284668,-0.17601671814918518,0.5886279940605164,-0.2772960960865021,0.16664911806583405,-0.2742388844490051,0.14895367622375488,0.021013293415308,0.011779705062508583,0.01000005193054676,0.04079218581318855,1.0488715171813965,0.7894361615180969,0.633197009563446,0.8438689708709717,0.024626895785331726,0.008679155260324478,0.004058095160871744,0.034961022436618805,-1.535106897354126,16.642375946044922,-0.04121052558097085,-0.0017675845519821987,-0.17483422086211475,0.5645345636821294,-0.03049588318328916,0.6102506424418167
179345,179,-0.17918761074543,0.5976853370666504,-0.17848335206508636,0.5905998349189758,-0.18628621101379395,0.23589488863945007,-0.23033574223518372,0.23215490579605103,0.019640406593680382,0.011562967672944069,0.010000048205256462,0.040690552443265915,1.04952073097229,0.7885201573371887,0.6328302621841431,0.844506025314331,0.02287359908223152,0.008283611387014389,0.004283998627215624,0.03527962043881416,0.021436214447021484,16.665428161621094,-0.04001857531917544,0.007460016896237591,-0.17513917969394777,0.5706370701065476,-0.030495883183302375,0.6102506424418167
179346,179,-0.18045826256275177,0.6003544926643372,-0.18050464987754822,0.5932793617248535,-0.08263172209262848,0.2892948389053345,-0.17947158217430115,0.2936709523200989,0.018439576029777527,0.011372243985533714,0.010000045411288738,0.04441587254405022,1.0499260425567627,0.7875229120254517,0.6326697468757629,0.8449746370315552,0.021402273327112198,0.008185407146811485,0.0045004477724432945,0.03818652033805847,-0.2183544635772705,14.466166496276855,-0.045025479100272055,-0.00022155833486469517,-0.1744246468818071,0.5756219267503669,0.08431328740960922,0.4843874781065452
179347,179,-0.18102920055389404,0.6030261516571045,-0.18203532695770264,0.596237301826477,-0.028365207836031914,0.26273787021636963,-0.11416174471378326,0.3039316236972809,0.017393171787261963,0.011205133982002735,0.011232313700020313,0.0483737513422966,1.0500551462173462,0.7864652276039124,0.6327046751976013,0.8454933166503906,0.020021742209792137,0.007741830311715603,0.005247971974313259,0.04191930219531059,0.395205020904541,16.775484085083008,-0.04908380709605442,-0.011404627319102778,-0.1735815140077109,0.5804658015314329,0.08431328740960922,0.4843874781065452
179348,179,-0.18073584139347076,0.6061190366744995,-0.182332381606102,0.5995491743087769,0.06515458226203918,0.33274489641189575,0.03393854945898056,0.3430568277835846,0.016480036079883575,0.011058610863983631,0.014198343269526958,0.04766072332859039,1.0499987602233887,0.785362184047699,0.632838785648346,0.8462281823158264,0.018909409642219543,0.00788414478302002,0.006629638373851776,0.04131269082427025,0.6659555435180664,13.293325424194336,-0.04304237750130922,-0.014643627218231717,-0.17179431226209094,0.5843531328578926,0.20412080807174518,0.362996864393302
179349,179,-0.17992466688156128,0.608965277671814,-0.1815156191587448,0.6027787923812866,0.1095547303557396,0.2646411955356598,0.137547105550766,0.31610506772994995,0.015680311247706413,0.01092976238578558,0.023569220677018166,0.05203743651509285,1.0497887134552002,0.7844796776771545,0.6328681707382202,0.8466061949729919,0.017991775646805763,0.007960913702845573,0.01083768717944622,0.04444868490099907,-0.9702980518341064,13.140316009521484,-0.052831982881015996,-0.024956243148111866,-0.16975310418137338,0.5879831015018254,0.20412080807174518,0.36299686439324913
179350,179,-0.17879532277584076,0.6113083958625793,-0.17965956032276154,0.6056734919548035,0.12124679237604141,0.214538112282753,0.22950468957424164,0.2690102458000183,0.014983006753027439,0.010816995985805988,0.026639902964234352,0.05082385614514351,1.049484133720398,0.7837871313095093,0.6331574320793152,0.8471037149429321,0.017129996791481972,0.00814189575612545,0.012459722347557545,0.043482255190610886,-0.09908676147460938,11.770536422729492,-0.043020868711176344,-0.02717747102308299,-0.16685324670172033,0.5908086879159011,0.32892667880310555,0.24607880130187548
179351,179,-0.17733658850193024,0.6130884885787964,-0.17699405550956726,0.6080738306045532,0.17131567001342773,0.14991064369678497,0.2968897819519043,0.21173879504203796,0.014370668679475784,0.0107176648452878,0.026344072073698044,0.04878061264753342,1.049141526222229,0.7832773327827454,0.6335991024971008,0.8475892543792725,0.016593117266893387,0.008100420236587524,0.012314829975366592,0.04187609255313873,-3.6659562587738037,14.709200859069824,-0.03563084497740655,-0.02430680810426369,-0.16356397991368904,0.59326947592892,0.32892667880310555,0.24607880130192833
179352,179,-0.17585167288780212,0.6146317720413208,-0.17402209341526031,0.6098361611366272,0.1370335966348648,0.15414586663246155,0.28677746653556824,0.14773306250572205,0.013833989389240742,0.010630364529788494,0.026335066184401512,0.04576747119426727,1.0488988161087036,0.7828736305236816,0.6339225172996521,0.8480278253555298,0.016147848218679428,0.008361616171896458,0.012189858593046665,0.038999106734991074,-4.091840744018555,11.756081581115723,-0.026258054123475528,-0.026273106097162574,-0.1595114798994488,0.595069097835587,0.45873089960370345,0.1336332888324772
179353,179,-0.174741730093956,0.6156148910522461,-0.17173296213150024,0.6108746528625488,0.10225105285644531,0.06733439862728119,0.18162140250205994,0.07747891545295715,0.013364343903958797,0.01055377908051014,0.024839188903570175,0.04336559772491455,1.0485422611236572,0.7825998067855835,0.6343955993652344,0.8484079837799072,0.015371715649962425,0.008193504065275192,0.011893478222191334,0.03703591972589493,-1.4280998706817627,13.656681060791016,-0.027671765538574863,-0.014507458286871857,-0.15492417090341146,0.5964054307239116,0.45873089960370345,0.1336332888324243
179354,179,-0.17308692634105682,0.6165715456008911,-0.17002972960472107,0.6117392778396606,0.19174210727214813,0.09407466650009155,0.14013391733169556,0.07250453531742096,0.012952535413205624,0.010486482642591,0.022969737648963928,0.03967490792274475,1.0480035543441772,0.7822465300559998,0.6350786685943604,0.8488838076591492,0.014691589400172234,0.008028627373278141,0.011258043348789215,0.03421257063746452,-0.8446300029754639,15.299515724182129,-0.015365408201663017,-0.0005184498382403719,-0.1496790415540303,0.5972148685281453,0.593533470473539,0.025660326984948478
179355,179,-0.17081230878829956,0.6177244186401367,-0.16873125731945038,0.6124587059020996,0.24768663942813873,0.12604321539402008,0.12169167399406433,0.06954874843358994,0.012592092156410217,0.010427468456327915,0.02134607918560505,0.037257421761751175,1.0472259521484375,0.7818892002105713,0.6359827518463135,0.8492802381515503,0.013778622262179852,0.008187430910766125,0.010934662073850632,0.031746722757816315,3.5848450660705566,11.293251037597656,-0.021158552416234093,-0.004794181707088063,-0.14374370684929488,0.5974714717979945,0.5935334704735258,0.025660326984948478
179356,179,-0.16760729253292084,0.6185998916625977,-0.1674129217863083,0.6131321787834167,0.38248032331466675,0.05491575598716736,0.1447283923625946,0.06301704049110413,0.012275644578039646,0.010375572368502617,0.019929995760321617,0.03617750480771065,1.0460073947906494,0.7817035913467407,0.6373142004013062,0.8495046496391296,0.012801149860024452,0.008207674138247967,0.010784068144857883,0.030655236914753914,4.645495414733887,12.749822616577148,-0.02895747086997057,-0.004108678717367802,-0.137265961364219,0.5973265059047702,0.7333343914125989,-0.07784008424071062
179357,179,-0.1628909558057785,0.6191818714141846,-0.16529595851898193,0.6137967705726624,0.5273622274398804,0.04844869300723076,0.28927433490753174,0.0563032291829586,0.011997435241937637,0.010329881682991982,0.01935456320643425,0.03433993086218834,1.0446701049804688,0.7816554307937622,0.6387073993682861,0.8496276140213013,0.012567181140184402,0.008508628234267235,0.010234614834189415,0.02892393060028553,-0.5391669273376465,12.454652786254883,-0.022037135420682974,-0.01531758248119492,-0.12993261745009252,0.5965481050623633,0.7333343914125989,-0.07784008424065775
179358,179,-0.15815892815589905,0.6192049980163574,-0.1614929437637329,0.6138954162597656,0.45236918330192566,-0.01568589359521866,0.47560039162635803,-0.008797348476946354,0.011753973551094532,0.010289846919476986,0.02867473103106022,0.033112283796072006,1.043365478515625,0.7819504737854004,0.6396790742874146,0.8494821190834045,0.012043152935802937,0.009016765281558037,0.014799611642956734,0.02719772979617119,1.864774227142334,7.07423210144043,-0.02483216095903096,-0.030167670976072335,-0.12218226902876798,0.5954845158766563,0.8781336624208899,-0.1768679448443415
179359,179,-0.153528094291687,0.6180750131607056,-0.15599921345710754,0.6133646965026855,0.4821629226207733,-0.1741502285003662,0.6145618557929993,-0.08517633378505707,0.011540208011865616,0.01025465503334999,0.026300417259335518,0.03133532777428627,1.0418310165405273,0.7826746106147766,0.6412510275840759,0.8490964770317078,0.011319081299006939,0.009365398436784744,0.014395455829799175,0.025410208851099014,3.905200958251953,7.8519487380981445,-0.019305368301659583,-0.009924936491692293,-0.11340093240455851,0.5937158364282126,0.8781336624208832,-0.1768679448443415
179360,179,-0.1479538083076477,0.6159958839416504,-0.1490933746099472,0.6121675968170166,0.6059163212776184,-0.2515857219696045,0.733820378780365,-0.16933654248714447,0.011352311819791794,0.010223692283034325,0.02423657663166523,0.028600605204701424,1.0400058031082153,0.7836954593658447,0.6431635618209839,0.8485519886016846,0.010474096983671188,0.009805993176996708,0.013948129490017891,0.022814538329839706,4.139490127563477,8.148012161254883,0.0023052753228736816,-0.0045459868007843435,-0.10433799424643149,0.5917694043549984,1.0279312834984118,-0.27142325482615565
179361,179,-0.14125938713550568,0.6130617260932922,-0.14136996865272522,0.6098313331604004,0.7164743542671204,-0.33271268010139465,0.7953577041625977,-0.29241958260536194,0.011187668889760971,0.011878721415996552,0.02277514711022377,0.026236144825816154,1.0377312898635864,0.7846400737762451,0.6454793214797974,0.8479628562927246,0.009580923244357109,0.010817062109708786,0.013752317987382412,0.021105382591485977,5.106611251831055,12.154297828674316,0.01211157844214935,-0.012621040359497293,-0.09405868141144727,0.5890551718067373,1.0279312834984118,-0.2714232548261028
179362,179,-0.13306987285614014,0.6101771593093872,-0.13293740153312683,0.6066309213638306,0.8831965923309326,-0.2798998951911926,0.8604105114936829,-0.3598890006542206,0.011043133214116096,0.022444743663072586,0.022503403946757317,0.02418411150574684,1.0350204706192017,0.78436279296875,0.6481671929359436,0.8474019765853882,0.008640565909445286,0.01865180768072605,0.01418006606400013,0.019413862377405167,5.822305679321289,12.68697738647461,0.02402594777029579,-0.020610233852847742,-0.08364316671596325,0.5862616772509911,1.1701872978806314,-0.3542084475940293
179363,179,-0.1234254464507103,0.6075412631034851,-0.12407787144184113,0.6028841733932495,1.0268093347549438,-0.2536025643348694,0.9088090062141418,-0.37895864248275757,0.010916287079453468,0.021398741751909256,0.03504413738846779,0.02240125834941864,1.0319364070892334,0.7851868271827698,0.6506887674331665,0.8468868136405945,0.007929595187306404,0.018845241516828537,0.02098633535206318,0.018077239394187927,4.17546272277832,13.429861068725586,0.014092432473851616,-0.03711797345451448,-0.07181589416951144,0.5826466171091317,1.1827272546451713,-0.36150601418594164
179364,179,-0.11288198828697205,0.6051398515701294,-0.1145877093076706,0.5992730855941772,1.0734527111053467,-0.23227176070213318,0.9942822456359863,-0.3372383415699005,0.010804903693497181,0.01997588947415352,0.050264641642570496,0.020849406719207764,1.0286141633987427,0.786270260810852,0.6532421708106995,0.846345841884613,0.007290634326636791,0.018011244013905525,0.029674489051103592,0.01659204624593258,6.157846450805664,10.180635452270508,0.0076193108507633285,-0.05302545603951633,-0.05998862162305822,0.5790315569672718,1.253484170939404,-0.3994142097182454
179365,179,-0.10175985842943192,0.6024683713912964,-0.10401585698127747,0.5961611866950989,1.1389901638031006,-0.2884312570095062,1.1148226261138916,-0.29126086831092834,0.01070702075958252,0.018734127283096313,0.052549879997968674,0.01949596405029297,1.0251415967941284,0.7875904440879822,0.6563493609428406,0.8456238508224487,0.006862976588308811,0.01736357808113098,0.031805336475372314,0.01519422885030508,5.796248912811279,8.411469459533691,-0.00031062753526891335,-0.05297084857025999,-0.046582600377506236,0.5745706782465906,1.3425215758611548,-0.447116222923858
179366,179,-0.09021307528018951,0.5991119146347046,-0.09230362623929977,0.5931829214096069,1.1749181747436523,-0.3647800087928772,1.2227846384048462,-0.30421367287635803,0.010621151886880398,0.017651505768299103,0.05612477660179138,0.018316660076379776,1.021613597869873,0.7892162799835205,0.6594918966293335,0.8446599245071411,0.006550615653395653,0.0169515460729599,0.03423513472080231,0.013867036439478397,4.600474834442139,6.692748069763184,0.003866555702546279,-0.05682324519656601,-0.03315738461889296,0.5700995160173516,1.3425215758611548,-0.447116222923858
179367,179,-0.07854633033275604,0.5948169827461243,-0.0797773003578186,0.5897194147109985,1.1731846332550049,-0.46968334913253784,1.2854259014129639,-0.3776966631412506,0.010545709170401096,0.01682451367378235,0.05584719404578209,0.017286574468016624,1.0178794860839844,0.7911044359207153,0.6629431247711182,0.8435087203979492,0.00586337735876441,0.0165448896586895,0.0352855883538723,0.012776064686477184,8.25510025024414,6.08461856842041,0.010964391139061197,-0.054090018455795516,-0.018268829734183978,0.5649078611303084,1.5073142471463747,-0.5282538810399047
179368,179,-0.06602861732244492,0.5898367166519165,-0.06646780669689178,0.585668683052063,1.303693175315857,-0.5344060659408569,1.3502626419067383,-0.44655507802963257,0.010479377582669258,0.023088332265615463,0.0544382780790329,0.016385518014431,1.0137146711349487,0.7922686338424683,0.6668490171432495,0.8422715663909912,0.005066873040050268,0.021193619817495346,0.03579142689704895,0.01205667294561863,9.121274948120117,9.39222526550293,0.024020845137848447,-0.04551017932303317,-0.003195687262718301,0.5596253223199094,1.5073142471463747,-0.5282538810398518
179369,179,-0.05209529772400856,0.5847604870796204,-0.052603255957365036,0.5809291005134583,1.4490841627120972,-0.5052123069763184,1.397489309310913,-0.5177307724952698,0.010421158745884895,0.030073707923293114,0.05559094622731209,0.015598224475979805,1.009204387664795,0.7932801246643066,0.6709500551223755,0.8409266471862793,0.0045733340084552765,0.027441341429948807,0.03723244369029999,0.011210471391677856,8.529653549194336,7.418103218078613,0.031194522651043846,-0.05581182587179251,0.013167383123319446,0.5537386716714797,1.671013178378493,-0.6049189885339232
179370,179,-0.03731732815504074,0.579290509223938,-0.038600143045186996,0.5752444863319397,1.5087000131607056,-0.570009708404541,1.418750286102295,-0.6009475588798523,0.010369968600571156,0.029312925413250923,0.06801572442054749,0.014908695593476295,1.0042920112609863,0.795240044593811,0.6749135255813599,0.8395545482635498,0.0038805946242064238,0.02781026065349579,0.04586201161146164,0.01067071221768856,10.813425064086914,8.24185562133789,0.02412811807440711,-0.07042739335790676,0.029877514907105517,0.5476894817861404,1.6710131783784947,-0.6049189885339232
179371,179,-0.021437374874949455,0.5737124085426331,-0.023748155683279037,0.5692275762557983,1.6304680109024048,-0.5648560523986816,1.5323959589004517,-0.6136630773544312,0.010325074195861816,0.030701039358973503,0.07122406363487244,0.014306060038506985,0.9990503191947937,0.7971499562263489,0.6794119477272034,0.8381573557853699,0.0035390283446758986,0.02890085242688656,0.04933231323957443,0.010122719220817089,10.704708099365234,8.614255905151367,0.030933014121471224,-0.07190622036260205,0.04753869948101083,0.5411436157812998,1.8092500090681671,-0.6771115454061251
179372,179,-0.004778916481882334,0.5680263638496399,-0.0077556101605296135,0.5630548000335693,1.692630648612976,-0.574196994304657,1.6583317518234253,-0.6191968321800232,0.010285657830536366,0.03022599406540394,0.08164282888174057,0.01377861574292183,0.9938443899154663,0.7994416356086731,0.683579683303833,0.8365302085876465,0.003815931035205722,0.029552847146987915,0.05595323443412781,0.009321516379714012,6.026701927185059,5.649936199188232,0.02698713801077171,-0.0840049549137386,0.06563119957169482,0.5343725003272385,1.8092500090681671,-0.6771115454060722
179373,179,0.011260942555963993,0.5613642930984497,0.008854779414832592,0.5563406944274902,1.5701824426651,-0.7028882503509521,1.6947457790374756,-0.6825563311576843,0.010250983759760857,0.02950723096728325,0.08635614067316055,0.013315832242369652,0.988833487033844,0.8022516965866089,0.6876923441886902,0.834594190120697,0.003968824166804552,0.02991337887942791,0.0598675012588501,0.008470085449516773,7.10951566696167,2.094907760620117,0.024605303480527932,-0.0874241070128077,0.08435098077099153,0.527203199370962,1.915932649093066,-0.7448315516562987
179374,179,0.026665793731808662,0.5534236431121826,0.02586379274725914,0.5491200685501099,1.5277774333953857,-0.8502765893936157,1.7110532522201538,-0.7498884201049805,0.010220530442893505,0.03973658010363579,0.08265803009271622,0.01291035208851099,0.983710765838623,0.8040673732757568,0.6922411918640137,0.8325828313827515,0.0036094209644943476,0.03750405088067055,0.05954653024673462,0.008261332288384438,10.142207145690918,7.346088886260986,0.04150431417184487,-0.0609729539203335,0.10351030726192463,0.5197548838543987,1.9159326490930595,-0.7448315516562987
179375,179,0.042758628726005554,0.5455770492553711,0.04343285784125328,0.5417439937591553,1.6400302648544312,-0.7704942226409912,1.7452197074890137,-0.7659350037574768,0.010193740017712116,0.05955157428979874,0.07713738828897476,0.012554334476590157,0.9783231616020203,0.8046342730522156,0.6971516013145447,0.8305587768554688,0.0031506081577390432,0.05352150276303291,0.05747462809085846,0.007916463539004326,12.159080505371094,6.294617652893066,0.06315143970009571,-0.044442607126238626,0.12303625156129333,0.5119979283516625,1.9910610984531982,-0.8080790072846027
179376,179,0.059720516204833984,0.5378869771957397,0.060494717210531235,0.5337985754013062,1.7385965585708618,-0.7670876383781433,1.6668765544891357,-0.8170318603515625,0.010170213878154755,0.05822192132472992,0.07349412888288498,0.012242262251675129,0.9725857973098755,0.8070065379142761,0.7022838592529297,0.8285126090049744,0.0027147973887622356,0.05643685162067413,0.05622720345854759,0.007661150768399239,12.740114212036133,4.588515758514404,0.04988249403560081,-0.05164121518802384,0.14294686254582778,0.5039171382788159,1.9910610984531982,-0.8080790072846027
179377,179,0.07760056853294373,0.5300249457359314,0.07679375261068344,0.525466799736023,1.8290066719055176,-0.7960769534111023,1.6115639209747314,-0.8385629653930664,0.010149582289159298,0.056726351380348206,0.07131709158420563,0.011969002895057201,0.966418981552124,0.8099596500396729,0.7076853513717651,0.8265262842178345,0.0021605240181088448,0.05547324940562248,0.056206114590168,0.0074747600592672825,15.073606491088867,5.090687274932861,0.04728841785577027,-0.05812446605059332,0.1630265364199526,0.4956083086345943,2.0346353571485243,-0.8668539122909842
179378,179,0.09670964628458023,0.5222145318984985,0.0934373065829277,0.5172894597053528,1.9582045078277588,-0.781355619430542,1.7268586158752441,-0.8102544546127319,0.010131466202437878,0.05569576099514961,0.07037533074617386,0.011729414574801922,0.9600481986999512,0.8129006624221802,0.7131261229515076,0.8245531916618347,0.002199205569922924,0.05450054630637169,0.05604276806116104,0.0073409173637628555,10.613541603088379,7.470552921295166,0.04916209626002625,-0.06463793413486785,0.18337288999143933,0.4869397695116845,2.034635357148537,-0.8668539122909842
179379,179,0.11590350419282913,0.5145066380500793,0.11146815121173859,0.5091594457626343,1.8991096019744873,-0.7533115744590759,1.8820680379867554,-0.8009862899780273,0.010115542449057102,0.054112862795591354,0.07767375558614731,0.011519081890583038,0.9536660313606262,0.8158203959465027,0.7181705832481384,0.8225873708724976,0.0019537797197699547,0.05351238697767258,0.06214515119791031,0.007031469605863094,14.051423072814941,3.734757900238037,0.04404288336099367,-0.079332940906743,0.2037538599150021,0.47811484613095284,2.046655425179096,-0.9211562666754168
179380,179,0.1351160854101181,0.5067331194877625,0.1309126615524292,0.5012938976287842,1.9416427612304688,-0.796753466129303,1.9918694496154785,-0.7752799987792969,0.010101523250341415,0.05164790153503418,0.07596646249294281,0.011334088630974293,0.9470956921577454,0.8189750909805298,0.7236379981040955,0.8205112218856812,0.001781109836883843,0.05193266645073891,0.06254531443119049,0.006776804570108652,13.688645362854004,3.909027576446533,0.0359168718868859,-0.0657569741421859,0.22422041416679456,0.4689032834641985,2.046655425179109,-0.9211562666754433
179381,179,0.15471436083316803,0.4986027181148529,0.15119318664073944,0.49353212118148804,1.9771116971969604,-0.8256449103355408,2.0532500743865967,-0.7812197804450989,0.010089227929711342,0.04987019672989845,0.07476207613945007,0.01117202639579773,0.9403638243675232,0.8221722841262817,0.7292556762695312,0.8184086084365845,0.0014999458799138665,0.05029715225100517,0.06283367425203323,0.006617632228881121,14.093160629272461,4.711146354675293,0.03842701788280667,-0.06751176234571366,0.24465024661447468,0.4595980467519333,2.0271213025449013,-0.9709860704379535
179382,179,0.1748141646385193,0.49041181802749634,0.17197227478027344,0.4857017695903778,2.032579183578491,-0.8206409215927124,2.089751958847046,-0.792605996131897,0.01007839385420084,0.04835990443825722,0.07398068904876709,0.011029324494302273,0.9334472417831421,0.825370192527771,0.7349446415901184,0.8162349462509155,0.0013010106049478054,0.04922366514801979,0.06327159702777863,0.006357753649353981,14.027762413024902,3.5222578048706055,0.03862752520945632,-0.06928208555975135,0.2649214596399251,0.4498881860475537,2.0271213025449146,-0.9709860704379535
179383,179,0.19526053965091705,0.4819505214691162,0.19283278286457062,0.47754836082458496,2.059452772140503,-0.8619866371154785,2.08628511428833,-0.8300608396530151,0.010068879462778568,0.04640654847025871,0.07494009286165237,0.010904071852564812,0.9263231158256531,0.8287124037742615,0.7406834363937378,0.813981294631958,0.0009203671361319721,0.047864366322755814,0.0652579814195633,0.006151209119707346,15.564994812011719,3.152186870574951,0.033753719762720596,-0.0751426221057625,0.2851477210864067,0.4401384164087291,1.9801716321007514,-1.0126689515058789
179384,179,0.21627400815486908,0.4732111096382141,0.21379181742668152,0.4691334366798401,2.1331639289855957,-0.8872697353363037,2.098712205886841,-0.8524893522262573,0.010060521773993969,0.04495632275938988,0.07774604856967926,0.010794141329824924,0.919116199016571,0.8322667479515076,0.74629807472229,0.81148362159729,0.0010717175900936127,0.047383569180965424,0.06788402050733566,0.005673488602042198,12.256738662719727,0.9011435508728027,0.03551179297040098,-0.07835280040337966,0.30490805097886725,0.4299749831729434,1.9760329892459265,-1.0163433235785675
179385,179,0.2370246946811676,0.4635069668292999,0.23446297645568848,0.45992353558540344,2.056407928466797,-1.0092929601669312,2.0674731731414795,-0.9501417875289917,0.010053173638880253,0.043685995042324066,0.0875895693898201,0.010697538033127785,0.9120252132415771,0.8361353278160095,0.7514327764511108,0.8087623715400696,0.0011426667915657163,0.046802718192338943,0.07618671655654907,0.0053728073835372925,12.091760635375977,1.0375261306762695,0.03538822369973535,-0.08974786369879492,0.324668380871329,0.4198115499371572,1.9394388932178879,-1.0344470675152517
179386,179,0.25728854537010193,0.4530196487903595,0.255072683095932,0.4500225782394409,2.000735282897949,-1.077705979347229,2.0526232719421387,-1.024215817451477,0.010046733543276787,0.04971281811594963,0.08643791079521179,0.01061290968209505,0.9051472544670105,0.8394266366958618,0.7567836046218872,0.8058598041534424,0.0015124499332159758,0.05192878469824791,0.07618243992328644,0.0051014903001487255,10.596756935119629,1.787261962890625,0.050879998949415736,-0.07971642255151482,0.3436122127516528,0.4092441807515635,1.8933904852821584,-1.0572280260972593
179387,179,0.27677133679389954,0.4420020878314972,0.2753264904022217,0.4393324851989746,1.901050090789795,-1.1191197633743286,1.995653748512268,-1.108552098274231,0.010041072964668274,0.0581585057079792,0.08432267606258392,0.010538585484027863,0.8985984921455383,0.8423467874526978,0.7619665861129761,0.8028939962387085,0.0018225674284622073,0.05984341353178024,0.07475607842206955,0.005028310231864452,10.309677124023438,2.9708433151245117,0.05988507241639951,-0.07192026594372061,0.3625461176044769,0.3986719004905903,1.8933904852821584,-1.0572280260972593
179388,179,0.2953771948814392,0.43095162510871887,0.2949257493019104,0.42800766229629517,1.8176140785217285,-1.0978798866271973,1.9139184951782227,-1.1561700105667114,0.010036083869636059,0.06411490589380264,0.08050096780061722,0.010473091155290604,0.8922674655914307,0.8453716039657593,0.7670433521270752,0.7999716997146606,0.0019132436718791723,0.06626806408166885,0.07223326712846756,0.004992723930627108,12.469210624694824,2.5992178916931152,0.06525651428348535,-0.05801947347676206,0.38046596952631806,0.38777628469460734,1.7791937906536368,-1.093640177994002
179389,179,0.3134608268737793,0.42011645436286926,0.3135112524032593,0.41644003987312317,1.7942928075790405,-1.0789706707000732,1.7991007566452026,-1.1579495668411255,0.010031698271632195,0.0637110248208046,0.07540041953325272,0.010415533557534218,0.8859595656394958,0.8491138219833374,0.772161602973938,0.7969834804534912,0.0017541215056553483,0.06802086532115936,0.06891148537397385,0.004748821724206209,14.988927841186523,-0.47963857650756836,0.061216419813209785,-0.04507429774752569,0.3982579074328567,0.37683988291466664,1.7791937906536368,-1.093640177994002
179390,179,0.33157190680503845,0.4088921844959259,0.3307044208049774,0.4048735499382019,1.820520281791687,-1.1512837409973145,1.6596509218215942,-1.1541701555252075,0.010027854703366756,0.06272159516811371,0.07071578502655029,0.010365068912506104,0.8796125054359436,0.8533263206481934,0.7772662043571472,0.7938421368598938,0.0018293176544830203,0.06803055107593536,0.06519096344709396,0.004532946273684502,13.395416259765625,-0.0979757308959961,0.0565849218440555,-0.042427683834782515,0.41490134587089567,0.36565180091327015,1.6334429053603086,-1.1255797792688487
179391,179,0.3495517373085022,0.3970922529697418,0.34693020582199097,0.39323458075523376,1.7797789573669434,-1.1981405019760132,1.61379873752594,-1.1699217557907104,0.010024476796388626,0.06567836552858353,0.06750733405351639,0.010320746339857578,0.8732138276100159,0.8572372198104858,0.7823383808135986,0.7906986474990845,0.0015297654317691922,0.07025664299726486,0.06316984444856644,0.004503401927649975,17.060657501220703,0.7635641098022461,0.0662789029096444,-0.04792182935959985,0.4312357749245,0.3543960031205816,1.633442905360335,-1.1255797792688487
179392,179,0.3678777813911438,0.38538631796836853,0.3636431396007538,0.3817552328109741,1.8456469774246216,-1.1692286729812622,1.7082926034927368,-1.153011441230774,0.010021508671343327,0.07167290151119232,0.06443485617637634,0.01028182078152895,0.8667750954627991,0.8607911467552185,0.7873445749282837,0.787408173084259,0.0016375600825995207,0.07648345082998276,0.06068924814462662,0.00420341407880187,15.486886978149414,-1.2684297561645508,0.0729349241521287,-0.04551186047968753,0.4463965424843061,0.3429512353187472,1.4628495935163963,-1.1530468299217729
179393,179,0.3859422206878662,0.3731814920902252,0.3809368908405304,0.36983948945999146,1.7942452430725098,-1.239930510520935,1.7643458843231201,-1.2072020769119263,0.010018903762102127,0.07113601267337799,0.06394746899604797,0.010247676633298397,0.8604647517204285,0.8649990558624268,0.7921020984649658,0.7840554714202881,0.0017570126801729202,0.07772377878427505,0.06013128161430359,0.00419948436319828,13.564558029174805,0.15185832977294922,0.06786977218824927,-0.06092421464272452,0.4610250384194718,0.33142076701952894,1.4628495935163697,-1.1530468299217729
179394,179,0.4035620093345642,0.36084818840026855,0.3987908661365509,0.3576268255710602,1.7418348789215088,-1.2238634824752808,1.7998807430267334,-1.2288424968719482,0.010016607120633125,0.07724981755018234,0.06343880295753479,0.010217569768428802,0.8544315695762634,0.8687888979911804,0.7965518832206726,0.7806382775306702,0.0022388664074242115,0.083222895860672,0.05930742248892784,0.003977650310844183,10.748944282531738,-1.1985254287719727,0.07848482521553275,-0.06029400296147336,0.47466225315573274,0.31975509382223183,1.2942609115783388,-1.1760413299527483
179395,179,0.4201148748397827,0.3482508063316345,0.4163733720779419,0.34499016404151917,1.6041104793548584,-1.2695204019546509,1.7325518131256104,-1.2733687162399292,0.010014594532549381,0.07709407806396484,0.0629761666059494,0.010191166773438454,0.8486769795417786,0.8729801177978516,0.800817608833313,0.7772628664970398,0.0022620882373303175,0.08439338952302933,0.059169940650463104,0.0040757604874670506,12.756500244140625,-0.3446483612060547,0.07616348163199009,-0.06010595034191002,0.4876048622715178,0.30799468052270357,1.2942609115783388,-1.1760413299527748
179396,179,0.4361940026283264,0.3359260559082031,0.4335302412509918,0.33250510692596436,1.5919876098632812,-1.218230962753296,1.678549885749817,-1.2415165901184082,0.010012822225689888,0.08236200362443924,0.06071070581674576,0.010167933069169521,0.8430930376052856,0.8767173290252686,0.8049790263175964,0.7739660739898682,0.0025750314816832542,0.08862194418907166,0.057217735797166824,0.004067908972501755,11.10105037689209,0.6630754470825195,0.08346304883566205,-0.04663506952837973,0.4997673138261391,0.2961438823349199,1.1343886236603054,-1.1945632793618277
179397,179,0.45155829191207886,0.3239126205444336,0.4496629238128662,0.3201136291027069,1.4994502067565918,-1.1823809146881104,1.5615854263305664,-1.2275327444076538,0.010011270642280579,0.08136963099241257,0.05962178111076355,0.01014760136604309,0.8377822041511536,0.880727231502533,0.8089117407798767,0.7707780599594116,0.0027487915940582752,0.08894973248243332,0.05610203742980957,0.004154302179813385,11.887531280517578,0.419769287109375,0.07549331208774558,-0.0527887782598328,0.5111112000627438,0.2841982495413009,1.1343886236603318,-1.1945632793618277
179398,179,0.4662790894508362,0.3123169541358948,0.46466824412345886,0.3081027567386627,1.4425379037857056,-1.1407028436660767,1.4389734268188477,-1.175381064414978,0.010009905323386192,0.0795992761850357,0.057849619537591934,0.010129695758223534,0.8327966928482056,0.8849357962608337,0.8125683069229126,0.7675854563713074,0.0032783253118395805,0.0879644826054573,0.0540444478392601,0.004004132933914661,9.653156280517578,-1.504065990447998,0.06910809978338585,-0.04671570075753084,0.5218686195878874,0.2721981067680047,0.9832327297624018,-1.2086126781489845
179399,179,0.47981345653533936,0.3005956709384918,0.47813042998313904,0.2963530719280243,1.298439860343933,-1.175361156463623,1.2869796752929688,-1.1554821729660034,0.010008701123297215,0.07689163088798523,0.05631142109632492,0.010113910771906376,0.8282243013381958,0.8892854452133179,0.8159370422363281,0.764411985874176,0.003729763440787792,0.08545221388339996,0.051961131393909454,0.0040208096615970135,9.957378387451172,-0.9781718254089355,0.06083136890118987,-0.04664735864546887,0.5317009468855125,0.26011197998651425,0.9832327297624018,-1.2086126781489845
179400,179,0.49229031801223755,0.2890089154243469,0.4904135465621948,0.2850617468357086,1.2039084434509277,-1.1488378047943115,1.179009199142456,-1.1136000156402588,0.010007645934820175,0.07507634162902832,0.053008850663900375,0.010100092738866806,0.8241064548492432,0.8935972452163696,0.8190289735794067,0.7612037658691406,0.004153319634497166,0.08379510045051575,0.049113791435956955,0.0038521778769791126,9.28746223449707,-2.670726776123047,0.06419332034984614,-0.03203095682259863,0.5411230655333379,0.24799827303268154,0.8407932298844696,-1.2181895263142055
179401,179,0.5035334825515747,0.2772318422794342,0.5014467835426331,0.27383342385292053,1.0677121877670288,-1.1871883869171143,1.0498782396316528,-1.122277021408081,0.010006719268858433,0.07264171540737152,0.049211230129003525,0.010087953880429268,0.8204334378242493,0.8980915546417236,0.821861982345581,0.7578043341636658,0.004594025202095509,0.08245638012886047,0.04538567364215851,0.0034794204402714968,10.329084396362305,-6.219432353973389,0.05796068734835913,-0.02484428904835495,0.5495309978321831,0.23581637776953956,0.8407932298844696,-1.2181895263142055
179402,179,0.5135918855667114,0.2647378444671631,0.5112382173538208,0.2623526155948639,0.9619896411895752,-1.2940266132354736,0.928570032119751,-1.1650103330612183,0.010005905292928219,0.07110827416181564,0.04398171231150627,0.010077284649014473,0.8171260356903076,0.9028046727180481,0.8245068788528442,0.7541954517364502,0.005002608057111502,0.08124291151762009,0.04054100438952446,0.0033027133904397488,8.994321823120117,-4.76895809173584,0.061812300393030095,-0.009505000645042977,0.557687546754851,0.22362488704014505,0.7070701240266409,-1.2232938238575042
179403,179,0.5226231813430786,0.2516178488731384,0.5200338363647461,0.2504233717918396,0.8529653549194336,-1.3298254013061523,0.8373903036117554,-1.2234035730361938,0.010005188174545765,0.07620981335639954,0.039500847458839417,0.010067908093333244,0.814139723777771,0.906925618648529,0.8269187211990356,0.7505065202713013,0.005199456587433815,0.08529461175203323,0.03641147539019585,0.0031847187783569098,10.620786666870117,-4.417967796325684,0.07729323557486448,0.0014013050404025895,0.5647582479951174,0.21139194880157008,0.707070124026588,-1.223293823857491
179404,179,0.5309349298477173,0.2383304089307785,0.5280539393424988,0.23788481950759888,0.8015411496162415,-1.334405541419983,0.7631215453147888,-1.2931187152862549,0.013972093351185322,0.08202418684959412,0.0356612503528595,0.010059686377644539,0.810812771320343,0.9107372164726257,0.8291926383972168,0.7468211650848389,0.008020540699362755,0.09112363308668137,0.03300273418426514,0.0032061641104519367,12.1867036819458,-3.5460472106933594,0.08338686889012557,0.014595692667563692,0.5717189583447875,0.19915845470159055,0.5921901535381534,-1.2238743932254816
179405,179,0.5389428734779358,0.22521819174289703,0.5354742407798767,0.22463807463645935,0.7923065423965454,-1.2958940267562866,0.7184584736824036,-1.361851453781128,0.01768452860414982,0.08455527573823929,0.032347675412893295,0.010052456520497799,0.8074914216995239,0.9146435260772705,0.8313882946968079,0.7432866096496582,0.010925374925136566,0.09419915080070496,0.030077073723077774,0.0033710242714732885,12.222800254821777,-1.7831313610076904,0.08514203417760301,0.018259187949920416,0.5775395924666755,0.1869191989938018,0.582063412188757,-1.2239255707788805
179406,179,0.5468199849128723,0.2127065658569336,0.5425919890403748,0.21083976328372955,0.7778482437133789,-1.2216126918792725,0.7053158283233643,-1.3882982730865479,0.01749565824866295,0.08390692621469498,0.029483817517757416,0.010046099312603474,0.8047788143157959,0.9188546538352966,0.8334200978279114,0.7397416234016418,0.011407062411308289,0.09515155106782913,0.027353236451745033,0.003111636033281684,11.515844345092773,-5.45778751373291,0.08010046496909635,0.01615810707842645,0.5833602265885636,0.17467994328601305,0.530570066110839,-1.2221639080016642
179407,179,0.5540898442268372,0.1999427080154419,0.5493351221084595,0.19686976075172424,0.7035011649131775,-1.3026427030563354,0.6686528921127319,-1.373392939567566,0.01690719649195671,0.08167986571788788,0.027001213282346725,0.010040505789220333,0.8023187518119812,0.9234105944633484,0.8353704810142517,0.7361448407173157,0.011012083850800991,0.09358552098274231,0.025168288499116898,0.0031204037368297577,11.715593338012695,-3.615093231201172,0.06857708711759136,0.01274026734086571,0.5880319263392187,0.16247999430558668,0.46577309437097664,-1.2199471087084592
179408,179,0.5611262321472168,0.1870863139629364,0.5561652183532715,0.18367211520671844,0.6955380439758301,-1.2795917987823486,0.6851052045822144,-1.2850598096847534,0.019098378717899323,0.08156229555606842,0.024850882589817047,0.01003559771925211,0.7995004057884216,0.9277226328849792,0.8373510241508484,0.7327396869659424,0.012157591059803963,0.09197317808866501,0.023479871451854706,0.0033475994132459164,13.655695915222168,-0.8223414421081543,0.08086711860702778,0.01944006868150766,0.5926896572829286,0.15028052321850285,0.46577309437097664,-1.2199471087084592
179409,179,0.5684871673583984,0.17498593032360077,0.5632914304733276,0.17146097123622894,0.7477985620498657,-1.1736255884170532,0.7162483334541321,-1.187149167060852,0.018548032268881798,0.08103286474943161,0.022979136556386948,0.010031274519860744,0.7967578768730164,0.9316853880882263,0.8394231200218201,0.729564905166626,0.011685851961374283,0.09073198586702347,0.022086383774876595,0.0035009151324629784,15.322785377502441,-0.7667100429534912,0.07790715863170351,0.014672054076865934,0.5963921447051074,0.13816220805793425,0.35819917057324685,-1.2108078041667532
179410,179,0.5763170123100281,0.16369105875492096,0.5706250667572021,0.16003942489624023,0.8037478923797607,-1.0991828441619873,0.7465751767158508,-1.1094452142715454,0.01748831197619438,0.07814729958772659,0.021352197974920273,0.010027480311691761,0.7941771745681763,0.9357494115829468,0.8413611650466919,0.726384699344635,0.011368758045136929,0.08874407410621643,0.020293619483709335,0.0033417437225580215,10.563907623291016,-3.1113791465759277,0.061018202266098776,-9.517126408870036e-05,0.59997413641084,0.12605413001626672,0.35819917057324685,-1.2108078041667598
179411,179,0.5834794044494629,0.15227186679840088,0.5777400732040405,0.14883264899253845,0.6851092576980591,-1.138562798500061,0.7117526531219482,-1.096203327178955,0.016562752425670624,0.07376076281070709,0.020934810861945152,0.010024144314229488,0.7918222546577454,0.9400063753128052,0.8431410193443298,0.7232705354690552,0.010597593151032925,0.08436843752861023,0.019859706982970238,0.0034130048006772995,12.096576690673828,-3.2993805408477783,0.047460289253990345,-0.018012045618173045,0.6027771426567028,0.11405982014674446,0.25934164079551475,-1.1963699987838214
179412,179,0.5903972387313843,0.14113284647464752,0.5849360227584839,0.13826940953731537,0.6904876232147217,-1.0992952585220337,0.7160097360610962,-1.0323299169540405,0.015753012150526047,0.07057209312915802,0.019570723176002502,0.010021214373409748,0.7894675731658936,0.9441440105438232,0.8449179530143738,0.7202427387237549,0.010008862242102623,0.08029206097126007,0.0186865646392107,0.0034335118252784014,11.502372741699219,-2.8246796131134033,0.05127475140927516,-0.00891637878657249,0.6053705590646583,0.10209612015890618,0.25934164079551475,-1.1963699987838148
179413,179,0.5971617698669434,0.1302921324968338,0.5919498205184937,0.1280711591243744,0.6630558967590332,-1.0711854696273804,0.6863747835159302,-1.0127794742584229,0.015044622123241425,0.06669223308563232,0.019533701241016388,0.010018641129136086,0.7873374223709106,0.9483256340026855,0.8464241027832031,0.717117428779602,0.009878706187009811,0.07683338224887848,0.018221227452158928,0.0031671749893575907,9.468588829040527,-5.636494159698486,0.04298953505883904,-0.019273358203401564,0.607343815286365,0.09026820358716166,0.16920050503783327,-1.1766336925598029
179414,179,0.6030536890029907,0.1190180778503418,0.5982444882392883,0.11762117594480515,0.5509992837905884,-1.14901864528656,0.5988934636116028,-1.0525896549224854,0.014424866065382957,0.06240225210785866,0.024319473654031754,0.010016378946602345,0.785423994064331,0.9526603817939758,0.8475024104118347,0.7139450311660767,0.009434820152819157,0.07234009355306625,0.022096363827586174,0.003143787384033203,10.63774585723877,-4.569580554962158,0.035886015512365435,-0.025066170396012846,0.6090358203367439,0.07850186666156284,0.16920050503788614,-1.1766336925598029
179415,179,0.6085119843482971,0.10768188536167145,0.6040538549423218,0.10714563727378845,0.5251665711402893,-1.1340991258621216,0.5509106516838074,-1.0600792169570923,0.013882546685636044,0.06011435016989708,0.023458072915673256,0.010014393366873264,0.7836321592330933,0.9568982720375061,0.8487861752510071,0.7106761336326599,0.009179760701954365,0.06965205818414688,0.021529359742999077,0.0028741625137627125,11.760404586791992,-6.819407939910889,0.04582812369062528,-0.0174711346497486,0.6102490576864553,0.0668827313943225,0.08777576330025526,-1.1515988854946242
179416,179,0.6135716438293457,0.09592504799365997,0.609150767326355,0.09621812403202057,0.4924338757991791,-1.2027314901351929,0.4801865518093109,-1.1183123588562012,0.013407034799456596,0.05765124410390854,0.02336340770125389,0.010012648068368435,0.782155454158783,0.9612817168235779,0.84978848695755,0.7071818113327026,0.009493038058280945,0.06751667708158493,0.02074410207569599,0.0026448953431099653,6.401324272155762,-5.986881256103516,0.04218430018796013,-0.022705006557387962,0.611126815319458,0.055366742539375416,0.08777576330025526,-1.151598885494631
179417,179,0.6173745393753052,0.08346506208181381,0.6132831573486328,0.08434444665908813,0.3090862035751343,-1.2611634731292725,0.3721737861633301,-1.2302380800247192,0.012989510782063007,0.056906286627054214,0.026450101286172867,0.01001111138612032,0.7812132835388184,0.9654867053031921,0.850256621837616,0.7037487030029297,0.009656587615609169,0.06569742411375046,0.022821223363280296,0.0028041726909577847,6.222267150878906,-2.981853485107422,0.052218372224731135,-0.026906959536166203,0.6116497649493343,0.04399877658337197,0.015067415582674975,-1.121265577588303
179418,179,0.6198700666427612,0.07137167453765869,0.6165771484375,0.07181212306022644,0.18852238357067108,-1.1845215559005737,0.2751179337501526,-1.282945990562439,0.01262443047016859,0.06152462214231491,0.024372508749365807,0.010009765625,0.7806374430656433,0.9688846468925476,0.8507856130599976,0.7004067301750183,0.009631020948290825,0.06930165737867355,0.021193619817495346,0.0027060573920607567,9.612984657287598,-4.96540641784668,0.06246425112028131,-0.006820733488227676,0.6118004391051611,0.032786120807488175,0.015067415582674975,-1.121265577588303
179419,179,0.621583104133606,0.059550076723098755,0.6186925172805786,0.05882764607667923,0.14468176662921906,-1.1854658126831055,0.14669965207576752,-1.3081393241882324,0.012304018251597881,0.06021175533533096,0.022565262392163277,0.010008581914007664,0.7801352739334106,0.9726447463035583,0.8513122200965881,0.6971057653427124,0.009292949922382832,0.06910857558250427,0.01970549114048481,0.002750734332948923,11.98488998413086,-3.828737735748291,0.05201272210083971,0.005914226412425203,0.6117028321673629,0.0217117121694468,-0.048924538114801845,-1.0856337688408215
179420,179,0.6232506036758423,0.04796134680509567,0.6197717189788818,0.046088553965091705,0.1643577516078949,-1.1559473276138306,0.06649653613567352,-1.2506694793701172,0.01202305220067501,0.05923473462462425,0.02099287137389183,0.010007542558014393,0.7797370553016663,0.9765853881835938,0.8516833782196045,0.6937596797943115,0.00946035236120224,0.06831140071153641,0.018009081482887268,0.0025721213314682245,9.324043273925781,-4.536229133605957,0.05311098682568019,0.007878362862708783,0.6112135867862144,0.010855374481037837,-0.048924538114801845,-1.0856337688408233
179421,179,0.6242343187332153,0.03607538342475891,0.6199370622634888,0.03373698517680168,0.056194208562374115,-1.2012643814086914,-0.006213385611772537,-1.2045197486877441,0.011776208877563477,0.05788695067167282,0.01962076872587204,0.010006627067923546,0.7796875834465027,0.9806832671165466,0.8518307209014893,0.6902642846107483,0.009621817618608475,0.06746423989534378,0.016536317765712738,0.0022978968918323517,9.785971641540527,-6.7368879318237305,0.04942685856185358,4.139233995056543e-05,0.6105651544329017,0.00011691116769110225,-0.10420009779233382,-1.0447034592521818
179422,179,0.6243598461151123,0.023630494251847267,0.6196293830871582,0.021927332505583763,-0.0184155385941267,-1.2701942920684814,-0.04668000340461731,-1.1584829092025757,0.011902522295713425,0.05812796950340271,0.018424304202198982,0.010005823336541653,0.7797011733055115,0.9846549034118652,0.8519296646118164,0.6868050694465637,0.009587056003510952,0.06679181754589081,0.015556862577795982,0.0024577078875154257,11.603269577026367,-3.6524033546447754,0.05817416406971937,0.011920268420621062,0.6095231534549783,-0.010330123424831429,-0.10420009779233382,-1.0447034592521813
179423,179,0.6244376301765442,0.011501896195113659,0.619388222694397,0.010806926526129246,0.002727898769080639,-1.192291259765625,-0.030286356806755066,-1.102401614189148,0.019189471378922462,0.06947564333677292,0.017380498349666595,0.01000511646270752,0.7789227366447449,0.9872873425483704,0.8519088625907898,0.6833778619766235,0.01506469864398241,0.07632791250944138,0.014523356221616268,0.0023337157908827066,10.849075317382812,-5.12528657913208,0.07179675409748952,0.020282298111432673,0.6083936268383116,-0.020690253406756197,-0.15075926344976232,-0.9984746488223865
179424,179,0.6241375207901001,-0.0005110743804834783,0.618863046169281,-0.00038339378079399467,-0.04265142232179642,-1.1894479990005493,-0.060007043182849884,-1.123903512954712,0.018493743613362312,0.06864259392023087,0.01646832749247551,0.010004494339227676,0.779197096824646,0.9907389879226685,0.8516908884048462,0.6799831390380859,0.015747563913464546,0.07812841236591339,0.013420237228274345,0.002411196706816554,7.345232963562012,-4.808239936828613,0.06355546446727729,0.013588997195637284,0.6068860342038136,-0.030674999894980744,-0.1507592634498152,-0.9984746488223865
179425,179,0.622952938079834,-0.012323596514761448,0.6179043054580688,-0.011935077607631683,-0.1669829934835434,-1.162929654121399,-0.12103177607059479,-1.1725910902023315,0.018375176936388016,0.06833774596452713,0.01567051373422146,0.010003948584198952,0.779708981513977,0.9942038059234619,0.8514629006385803,0.6770023703575134,0.015389795415103436,0.07636500895023346,0.01288793794810772,0.002902363892644644,11.131234169006348,-1.2878382205963135,0.06647403253300017,0.017538487150153124,0.6053451444759531,-0.04061440853875308,-0.1855364080125649,-0.9511215434480482
179426,179,0.6218388676643372,-0.022673018276691437,0.6169267892837524,-0.02323010005056858,-0.10583176463842392,-0.9677603244781494,-0.11294899135828018,-1.1246215105056763,0.03224017843604088,0.06806919723749161,0.014972150325775146,0.010003470815718174,0.7784937024116516,0.9971727728843689,0.8513109087944031,0.6745051145553589,0.024811677634716034,0.07458876073360443,0.012448251247406006,0.0032627196051180363,13.445677757263184,-0.0052797794342041016,0.06642717261066346,0.03439547126410872,0.6034591241250813,-0.05008388191426807,-0.1886020350871931,-0.9469473375514361
179427,179,0.6212590336799622,-0.03142257779836655,0.6158697009086609,-0.03392313793301582,-0.03137440234422684,-0.8173384070396423,-0.10534802079200745,-1.0168112516403198,0.031087810173630714,0.06388998031616211,0.014361142180860043,0.010003049857914448,0.7785089015960693,1.0002905130386353,0.8512076139450073,0.6720391511917114,0.02542378380894661,0.07191871851682663,0.012040033005177975,0.002950028283521533,13.433470726013184,-6.2019147872924805,0.03817406319674303,0.02327357178878778,0.6015731037742093,-0.059553355289783616,-0.2014991934301282,-0.9217848711986193
179428,179,0.620836079120636,-0.04036149010062218,0.6146330237388611,-0.043641045689582825,-0.025657670572400093,-0.9211349487304688,-0.10442342609167099,-0.9034743905067444,0.028390849009156227,0.05708058923482895,0.013826056383550167,0.010002678260207176,0.7789767384529114,1.0040408372879028,0.8510866761207581,0.6693583130836487,0.02392115443944931,0.0660470649600029,0.011369792744517326,0.0027264514937996864,9.312729835510254,-6.446342468261719,0.01455303589539321,0.008479870179896907,0.5993993183111418,-0.06846139646755374,-0.2177284127045204,-0.8901215254393259
179429,179,0.6200730800628662,-0.05000084266066551,0.6136474013328552,-0.05228647589683533,-0.09832832217216492,-0.9822506904602051,-0.07996375113725662,-0.8238595724105835,0.0260597113519907,0.05332622304558754,0.013358304277062416,0.010002353228628635,0.7795911431312561,1.0077192783355713,0.8509395718574524,0.6666538715362549,0.021899022161960602,0.0610184520483017,0.011054424569010735,0.0027283939998596907,10.901592254638672,-5.899275779724121,0.029457888812315286,0.003641420379953594,0.5972220341840964,-0.07736261172194707,-0.21772841270457324,-0.8901215254393259
179430,179,0.6193089485168457,-0.05968133360147476,0.6130690574645996,-0.06009016931056976,-0.07001122832298279,-0.9660471677780151,-0.049561887979507446,-0.7576113939285278,0.024141987785696983,0.051593124866485596,0.012948211282491684,0.010002068243920803,0.780131995677948,1.0110961198806763,0.8507780432701111,0.6639118194580078,0.02031995728611946,0.05856622755527496,0.010665562003850937,0.0026002556551247835,10.75225830078125,-6.555080413818359,0.04049061099878426,0.010846780211807483,0.5948635118543563,-0.08571217053969585,-0.23813839630184996,-0.8279972124860627
179431,179,0.6185102462768555,-0.06949706375598907,0.6124789118766785,-0.067802794277668,-0.08483175933361053,-0.9851296544075012,-0.06502800434827805,-0.8000108003616333,0.02236516959965229,0.05005500465631485,0.01258805487304926,0.010001818649470806,0.7808163166046143,1.0143778324127197,0.8504530191421509,0.6611194014549255,0.019376764073967934,0.05684876814484596,0.01005500927567482,0.002547872718423605,7.213835716247559,-6.288652420043945,0.04017490404708923,0.0028281748879233955,0.5924821278913375,-0.09399214266455751,-0.23813839630190284,-0.8279972124860561
179432,179,0.6169614195823669,-0.0794248878955841,0.6114575862884521,-0.07660824060440063,-0.19465184211730957,-0.9840072989463806,-0.12513017654418945,-0.9405125379562378,0.020818093791604042,0.04958077147603035,0.012272125110030174,0.010001596994698048,0.7817381620407104,1.0173498392105103,0.8500010371208191,0.6585352420806885,0.01825372502207756,0.055353738367557526,0.009680114686489105,0.0028109755367040634,7.939774990081787,-3.230774402618408,0.04652648510135435,0.0011315700023980906,0.5900085998470852,-0.10174083111555507,-0.24983198587912894,-0.7605743986916399
179433,179,0.6149643063545227,-0.08849763870239258,0.6101057529449463,-0.08624722808599472,-0.22605037689208984,-0.8682706356048584,-0.1682138890028,-0.9956721067428589,0.020107293501496315,0.05027158930897713,0.011995132081210613,0.010001404210925102,0.7826547622680664,1.019881010055542,0.8494845032691956,0.6561899781227112,0.017581326887011528,0.05538393557071686,0.009450138546526432,0.002904308959841728,10.055133819580078,-4.014011383056641,0.05040385834340655,0.01511657329946631,0.5875102799882941,-0.10934657510247109,-0.24983198587912894,-0.7605743986916399
179434,179,0.6128084659576416,-0.09681640565395355,0.608173131942749,-0.09622683376073837,-0.22077098488807678,-0.8106659054756165,-0.22366392612457275,-1.0013467073440552,0.019867846742272377,0.04841359704732895,0.011752158403396606,0.010001232847571373,0.7835511565208435,1.0223970413208008,0.848904013633728,0.6540495157241821,0.01753818430006504,0.05355146527290344,0.009076847694814205,0.0031418385915458202,7.714204788208008,-0.612267255783081,0.03641891297120892,0.018183518178706795,0.5849914773816899,-0.11645200517998827,-0.25280918143635733,-0.6878530840560572
179435,179,0.6103224754333496,-0.10432653874158859,0.6056956052780151,-0.10598541051149368,-0.279890239238739,-0.7043625116348267,-0.2723217308521271,-0.9354320168495178,0.01939139887690544,0.04597122594714165,0.011538701131939888,0.010001083835959435,0.7845250964164734,1.024781346321106,0.8483301401138306,0.6521797180175781,0.016979483887553215,0.05086931586265564,0.009080922231078148,0.0032510163728147745,12.590656280517578,-2.2364163398742676,0.030128393066490483,0.016040204935332793,0.5824633855673259,-0.12333053602054936,-0.25280918143635733,-0.6878530840560638
179436,179,0.6080163717269897,-0.11102274060249329,0.6029959917068481,-0.11422623693943024,-0.20909705758094788,-0.6551529765129089,-0.2779886722564697,-0.7310978770256042,0.02365386113524437,0.04197460785508156,0.011351127177476883,0.010000952519476414,0.7848623991012573,1.0273494720458984,0.8477631211280823,0.6502602696418762,0.02011268399655819,0.047554709017276764,0.00885802786797285,0.0030678065959364176,11.336505889892578,-4.7090888023376465,0.01585510715150097,0.024284313385267924,0.57996903955053,-0.12975031971785722,-0.24706998297358798,-0.6098332685793347
179437,179,0.6057137250900269,-0.11800583451986313,0.6000658273696899,-0.12084748595952988,-0.2280758023262024,-0.7104135155677795,-0.28357064723968506,-0.5961649417877197,0.022281331941485405,0.03777981922030449,0.011186681687831879,0.010000836104154587,0.7858489751815796,1.030151128768921,0.8471001386642456,0.6481919288635254,0.019951652735471725,0.043685149401426315,0.008573566563427448,0.002908199094235897,8.876142501831055,-5.80791711807251,0.009172896997412125,0.012725783249723482,0.5774983397207942,-0.13584865240365093,-0.24706998297353513,-0.6098332685793215
179438,179,0.6029660105705261,-0.12550613284111023,0.5971395373344421,-0.12650857865810394,-0.2899164855480194,-0.7599973082542419,-0.2827657163143158,-0.5287732481956482,0.021339507773518562,0.03540928289294243,0.01104220561683178,0.010000733658671379,0.7870315909385681,1.032738208770752,0.8464004397392273,0.6461947560310364,0.019179416820406914,0.04048214480280876,0.008376817218959332,0.0030668326653540134,8.95878791809082,-2.75299072265625,0.019573975725763568,0.014765260812903198,0.5750981814459677,-0.1415404017140188,-0.2326143904907152,-0.5265149522614327
179439,179,0.6000629663467407,-0.13259556889533997,0.5944471955299377,-0.13139580190181732,-0.301901251077652,-0.6765020489692688,-0.2735256552696228,-0.4847100079059601,0.02386852726340294,0.03484566882252693,0.010915588587522507,0.01000064518302679,0.7878270149230957,1.0348891019821167,0.8456912040710449,0.6443565487861633,0.02080242522060871,0.039334092289209366,0.008346416056156158,0.0030999467708170414,11.50174617767334,-4.9072465896606445,0.031055853858087165,0.024280625064773388,0.5727720375410604,-0.14680555123663355,-0.2326143904907152,-0.5265149522614327
179440,179,0.597256600856781,-0.13921186327934265,0.5916624665260315,-0.13659194111824036,-0.26825621724128723,-0.6442255973815918,-0.2833411991596222,-0.5616084337234497,0.026417290791869164,0.03324779495596886,0.01080426387488842,0.010000567883253098,0.7885431051254272,1.0369877815246582,0.8449323177337646,0.6425701379776001,0.023192651569843292,0.037958767265081406,0.0080903060734272,0.0031048175878822803,8.559295654296875,-4.746156692504883,0.02248515705523954,0.026821406216665802,0.5705357981603626,-0.15172687815333416,-0.2094424039877918,-0.43789813510239756
179441,179,0.5941843390464783,-0.1456126719713211,0.5886231660842896,-0.14285387098789215,-0.32512229681015015,-0.6259148716926575,-0.30980828404426575,-0.6645312309265137,0.025935998186469078,0.03176933899521828,0.01070639118552208,0.010000498034060001,0.7896873950958252,1.0390284061431885,0.8441553115844727,0.6408488750457764,0.02311227284371853,0.03653043508529663,0.008112558163702488,0.0031204037368297577,10.462250709533691,-5.906269550323486,0.021780435458544578,0.0226222295066481,0.5684413741204843,-0.1561058595043584,-0.2094424039877918,-0.43789813510238434
179442,179,0.5910912752151489,-0.15181425213813782,0.5855444073677063,-0.14968594908714294,-0.29831069707870483,-0.6177297830581665,-0.3059138357639313,-0.6944389939308167,0.03178290277719498,0.030685799196362495,0.01062055118381977,0.010000437498092651,0.7900472283363342,1.0409471988677979,0.8435080647468567,0.639204740524292,0.02688598819077015,0.035295143723487854,0.008187430910766125,0.0031739973928779364,12.227640151977539,-4.51107120513916,0.023326376875569252,0.03273657530855852,0.5664387847860761,-0.16021437602066105,-0.17755402346492352,-0.3439828171021762
179443,179,0.588593602180481,-0.15768900513648987,0.5827226638793945,-0.156490758061409,-0.21951323747634888,-0.574119508266449,-0.2653208374977112,-0.6745988726615906,0.03165917843580246,0.030262473970651627,0.01054506003856659,0.010000382550060749,0.7905733585357666,1.0426360368728638,0.8431289792060852,0.6377022862434387,0.026667069643735886,0.034552522003650665,0.00851370021700859,0.003277349751442671,15.06852912902832,-3.4487295150756836,0.027385318530914277,0.030821321928928246,0.5646632445514272,-0.16365420419168297,-0.17755402346487065,-0.3439828171021894
179444,179,0.5872403383255005,-0.16304470598697662,0.5806105136871338,-0.16291390359401703,-0.08635523170232773,-0.5203157067298889,-0.172697052359581,-0.6261528134346008,0.03017326444387436,0.029704038053750992,0.010478777810931206,0.010000333189964294,0.7909132242202759,1.0441619157791138,0.8430320620536804,0.6363367438316345,0.0251750648021698,0.03386492654681206,0.008721820078790188,0.0033846909645944834,14.869718551635742,-2.0713388919830322,0.02590227674722062,0.020086041470693344,0.5629640364154687,-0.16690752230085934,-0.13694924892189891,-0.2447689982608348
179445,179,0.5868968963623047,-0.16790319979190826,0.5795326232910156,-0.16879841685295105,0.0045516155660152435,-0.46336832642555237,-0.054453182965517044,-0.5531226396560669,0.027599062770605087,0.02891434170305729,0.010420617647469044,0.010000291280448437,0.7911748290061951,1.0455366373062134,0.8430563807487488,0.635144054889679,0.02316027320921421,0.03286944329738617,0.008709629066288471,0.003567376406863332,11.653475761413574,-0.04992961883544922,0.023521518126563293,-0.0004330325518719525,0.5615945439262496,-0.16935521228346784,-0.13694924892189891,-0.2447689982608348
179446,179,0.5869333744049072,-0.17211468517780304,0.5794448852539062,-0.17378532886505127,0.010490738786756992,-0.3813900351524353,0.02877693995833397,-0.4420284032821655,0.02536725625395775,0.027766861021518707,0.015792185440659523,0.010000254958868027,0.7913034558296204,1.0467121601104736,0.8428769111633301,0.6341977715492249,0.02075950615108013,0.031558115035295486,0.013299568556249142,0.003771861083805561,14.343576431274414,-0.9270143508911133,0.019908780416398236,-0.016566936250856146,0.5602684481409015,-0.17171094397878797,-0.09162356755906952,-0.14872317780614422
179447,179,0.5875908732414246,-0.17549249529838562,0.5801988244056702,-0.17735958099365234,0.1007680669426918,-0.30620771646499634,0.10733278095722198,-0.2910008132457733,0.023429865017533302,0.025919876992702484,0.019303204491734505,0.010000225156545639,0.7912967205047607,1.0479493141174316,0.8427655696868896,0.6332600116729736,0.019468434154987335,0.03015955537557602,0.01602071151137352,0.0036094209644943476,10.150890350341797,-3.522186279296875,0.01320989741391839,-0.01983414656770177,0.5593921673373128,-0.1731135107645712,-0.0876280803588766,-0.1402566785783073
179448,179,0.5879760980606079,-0.17898346483707428,0.581046998500824,-0.18005873262882233,0.02159808948636055,-0.3511482775211334,0.08924144506454468,-0.22519312798976898,0.021741392090916634,0.023905985057353973,0.03473043069243431,0.010000196285545826,0.7913646101951599,1.0491936206817627,0.8419458866119385,0.6323552131652832,0.017931221053004265,0.02819603495299816,0.028332864865660667,0.0037013799883425236,11.130642890930176,-3.0048370361328125,0.005902564635361859,-0.03702480480545811,0.5585158865337241,-0.17451607755035445,0.22139257817852107,-0.09165460465571888
179449,179,0.5882510542869568,-0.1822410374879837,0.5819962620735168,-0.18179263174533844,0.02250562608242035,-0.308463454246521,0.09170595556497574,-0.14138968288898468,0.02027028612792492,0.023296242579817772,0.03209279850125313,0.010000172071158886,0.791435182094574,1.0501433610916138,0.8420704007148743,0.6316167712211609,0.016902131959795952,0.026948748156428337,0.026952173560857773,0.003988439217209816,11.23843002319336,-1.9213056564331055,0.019072286127138266,-0.014351234216133161,0.5645345636821298,-0.17483422086211478,0.6102506424417637,-0.030495883183302375
179450,179,0.5884429216384888,-0.1848319172859192,0.5828045606613159,-0.18310897052288055,0.012956845574080944,-0.2225637435913086,0.06711490452289581,-0.13745401799678802,0.01899065636098385,0.022720564156770706,0.029259048402309418,0.010000151582062244,0.7914521098136902,1.0507715940475464,0.8424111604690552,0.6311416029930115,0.01537809707224369,0.02610507234930992,0.025044068694114685,0.004129752516746521,15.376496315002441,-2.501887083053589,0.018716827429979994,-0.0031845439930131584,0.5706370701065473,-0.17513917969394777,0.6102506424417637,-0.030495883183302375
179451,179,0.5892326235771179,-0.18653607368469238,0.5835785865783691,-0.18448959290981293,0.11164084076881409,-0.13987311720848083,0.07677428424358368,-0.1519116908311844,0.01787768304347992,0.021461863070726395,0.02681403048336506,0.010000132024288177,0.7911750674247742,1.051251769065857,0.8428909778594971,0.63088458776474,0.014256049878895283,0.0246888417750597,0.023074330762028694,0.004318410065025091,14.27164077758789,-0.860445499420166,0.012650841459932699,0.007577331770050652,0.5756219267503669,-0.1744246468818071,0.4843874781065452,0.08431328740960922
179452,179,0.5905289649963379,-0.18742208182811737,0.5844831466674805,-0.18605037033557892,0.1465931534767151,-0.046074602752923965,0.10785520076751709,-0.15520144999027252,0.01690514013171196,0.020034143701195717,0.024691922590136528,0.010000118054449558,0.7907580137252808,1.051573634147644,0.8434369564056396,0.6308161616325378,0.013248182833194733,0.023165855556726456,0.0214287880808115,0.004421697463840246,14.934741973876953,-2.0912599563598633,0.005600917241786928,0.0007077417348005863,0.5804658015314329,-0.1735815140077109,0.4843874781065452,0.08431328740960922
179453,179,0.5921902060508728,-0.18770310282707214,0.5857594609260559,-0.18749883770942688,0.1878596991300583,-0.007636253722012043,0.1527799814939499,-0.12352247536182404,0.016054635867476463,0.0187885370105505,0.022847013548016548,0.010000105947256088,0.7901670336723328,1.0517089366912842,0.8440725803375244,0.6309128999710083,0.012347131967544556,0.021612295880913734,0.01997464895248413,0.004626546986401081,14.038837432861328,-0.3354978561401367,-0.0028098847571359385,0.000523358000326414,0.5843531328578928,-0.17179431226209083,0.362996864393302,0.20412080807174518
179454,179,0.5942510366439819,-0.18731559813022614,0.5876216292381287,-0.18828140199184418,0.22275279462337494,0.07409374415874481,0.2141392081975937,-0.029536359012126923,0.015309195034205914,0.017699021846055984,0.021238189190626144,0.010000094771385193,0.7894363403320312,1.0516109466552734,0.8447725176811218,0.6312177777290344,0.011551054194569588,0.02022780291736126,0.018734369426965714,0.004817897453904152,14.121301651000977,0.1819133758544922,-0.003572178979514541,-0.0018133107598610546,0.5879831015018252,-0.1697531041813735,0.36299686439324913,0.20412080807174518
179455,179,0.5966583490371704,-0.18619942665100098,0.5900105237960815,-0.1878783255815506,0.25554409623146057,0.1410784274339676,0.2578466832637787,0.10447080433368683,0.01465573813766241,0.0167456716299057,0.01983417570590973,0.010350214317440987,0.788608729839325,1.051401972770691,0.8455092310905457,0.6315832138061523,0.01092640683054924,0.019262252375483513,0.017599666491150856,0.004948254209011793,14.138591766357422,-2.079463005065918,-0.010397726067443666,-0.005586610416486566,0.5908086879159011,-0.16685324670172033,0.24607880130187548,0.32892667880310555
179456,179,0.5992520451545715,-0.18492044508457184,0.5926422476768494,-0.1862667202949524,0.2719098627567291,0.12919342517852783,0.27656903862953186,0.21509040892124176,0.01408441923558712,0.015913495793938637,0.018669400364160538,0.014965161681175232,0.787745475769043,1.0511188507080078,0.8462339043617249,0.6318473219871521,0.010518337599933147,0.01823422685265541,0.01650417596101761,0.007100732531398535,11.589611053466797,-0.5752849578857422,-0.015646529006368152,-0.010466131880203448,0.5932694759289201,-0.16356397991368885,0.24607880130187548,0.32892667880310555
179457,179,0.601786732673645,-0.18341252207756042,0.5954514741897583,-0.18365564942359924,0.24349714815616608,0.17300888895988464,0.2842012941837311,0.2982214689254761,0.01358223520219326,0.01518301758915186,0.018161941319704056,0.014353311620652676,0.7869197130203247,1.0506365299224854,0.8469053506851196,0.6324666142463684,0.010037573985755444,0.01713860034942627,0.016060231253504753,0.00716802291572094,12.471389770507812,0.4651618003845215,-0.0078085624687274265,-0.01459280422684156,0.5950690978355871,-0.15951147989944855,0.1336332888324243,0.45873089960370345
179458,179,0.6043263077735901,-0.18115752935409546,0.5983588695526123,-0.1802707016468048,0.2593733072280884,0.2669803500175476,0.2891267240047455,0.35527774691581726,0.013144593685865402,0.014547236263751984,0.01750330999493599,0.013820426538586617,0.7860370874404907,1.0498853921890259,0.8475973010063171,0.6333638429641724,0.009646360762417316,0.0160655714571476,0.015546216629445553,0.007237354759126902,12.470893859863281,0.9780573844909668,-0.0076523430343966165,-0.012835232337249813,0.5964054307239116,-0.15492417090341146,0.1336332888324243,0.45873089960370345
179459,179,0.6069498062133789,-0.1779402196407318,0.6011935472488403,-0.17668098211288452,0.26229459047317505,0.36904436349868774,0.2760508954524994,0.35832279920578003,0.012759779579937458,0.013988778926432133,0.01865164376795292,0.014974407851696014,0.7852746248245239,1.049007773399353,0.8480550050735474,0.6342992186546326,0.009657610207796097,0.015423831529915333,0.016191676259040833,0.007705518510192633,10.541424751281738,-2.281675338745117,-0.015138219185213124,-0.018819159574369776,0.5972148685281453,-0.14967904155403067,0.025660326984948478,0.5935334704735258
179460,179,0.6089852452278137,-0.17454904317855835,0.6035014390945435,-0.17340999841690063,0.18101251125335693,0.3408626616001129,0.21051348745822906,0.3267279267311096,0.012422841042280197,0.01350026112049818,0.02342563308775425,0.02306249924004078,0.7846975922584534,1.0480726957321167,0.848177969455719,0.6350104808807373,0.0094869090244174,0.014778424985706806,0.019940704107284546,0.011442270129919052,10.569448471069336,-2.089049816131592,-0.024327840968811146,-0.024180709089319657,0.5974714717979945,-0.14374370684929488,0.025660326984948478,0.5935334704735258
179461,179,0.6105908751487732,-0.171071395277977,0.6054593324661255,-0.170032799243927,0.14171762764453888,0.35073322057724,0.175807923078537,0.3458821177482605,0.012127203866839409,0.013071977533400059,0.022566283121705055,0.021823501214385033,0.7842522263526917,1.0469956398010254,0.8485129475593567,0.6361506581306458,0.009478737600147724,0.013918636366724968,0.01929059997200966,0.01141431089490652,9.32925033569336,1.5908336639404297,-0.013181786001931463,-0.016582381808126326,0.5973265059047701,-0.13726596136421812,-0.07784008424065775,0.7333343914125989
179462,179,0.6117745041847229,-0.1669277548789978,0.6070616841316223,-0.1663060188293457,0.091656394302845,0.4582960903644562,0.13534341752529144,0.38718533515930176,0.011867715045809746,0.012696330435574055,0.02171020768582821,0.02034543640911579,0.7840768098831177,1.0457580089569092,0.8486886620521545,0.6374898552894592,0.009622840210795403,0.013325792737305164,0.01829814910888672,0.010823248885571957,9.412939071655273,-0.07334589958190918,-0.006128202264852632,-0.015737066195264517,0.5965481050623632,-0.12993261745009166,-0.07784008424071062,0.7333343914125989
179463,179,0.6122124195098877,-0.1623259335756302,0.6078781485557556,-0.16238097846508026,0.013482416048645973,0.4737149178981781,0.043617166578769684,0.4118972718715668,0.011639862321317196,0.012366688810288906,0.02062630094587803,0.019573232159018517,0.7842665314674377,1.0444526672363281,0.8486083745956421,0.6388483047485352,0.010037573985755444,0.012765612453222275,0.016934357583522797,0.010559504851698875,6.336820125579834,0.39792776107788086,-0.01415430697124151,-0.013048117403485026,0.5954845158766563,-0.12218226902876798,-0.1768679448443415,0.8781336624208899
179464,179,0.6114608645439148,-0.15754662454128265,0.607653796672821,-0.15808415412902832,-0.1326458752155304,0.49171528220176697,-0.06855076551437378,0.4605109989643097,0.011440022848546505,0.012077739462256432,0.019301533699035645,0.01838289014995098,0.7848525643348694,1.0429556369781494,0.84831702709198,0.6404003500938416,0.010212023742496967,0.01197765115648508,0.015555798076093197,0.010435013100504875,7.368781566619873,2.370483875274658,-0.0071296004361946635,-0.006105141874205701,0.5937158364282126,-0.11340093240455851,-0.1768679448443415,0.8781336624208832
179465,179,0.6098480820655823,-0.15201543271541595,0.6065508127212524,-0.15285687148571014,-0.19693636894226074,0.5926626920700073,-0.1599845588207245,0.5650784373283386,0.012829268351197243,0.011824378743767738,0.018146347254514694,0.017344187945127487,0.7856597900390625,1.0412341356277466,0.8476591110229492,0.6421788334846497,0.011997402645647526,0.011287007480859756,0.01403980702161789,0.010149401612579823,3.7055301666259766,3.3302974700927734,-0.000198224228276922,0.013030518397159779,0.5917694043549984,-0.10433799424643149,-0.27142325482615565,1.0279312834984118
179466,179,0.6067633628845215,-0.14574843645095825,0.6040727496147156,-0.146904855966568,-0.38677018880844116,0.6647757887840271,-0.31516480445861816,0.6338785290718079,0.019166434183716774,0.011601786129176617,0.01713627018034458,0.0164354145526886,0.7862302660942078,1.0391826629638672,0.8468149304389954,0.6442606449127197,0.016937579959630966,0.010463811457157135,0.013220923952758312,0.010128876194357872,9.21999454498291,3.05880069732666,-0.004684958664197325,0.02005533411113508,0.5890551718067372,-0.09405868141144665,-0.2714232548261028,1.0279312834984118
179467,179,0.6032012701034546,-0.13835689425468445,0.6004984378814697,-0.1397036612033844,-0.3581908941268921,0.7801227569580078,-0.41314229369163513,0.7716449499130249,0.044502489268779755,0.011406595818698406,0.016254309564828873,0.015641480684280396,0.7846696972846985,1.036766529083252,0.8459731936454773,0.6466923952102661,0.03532261401414871,0.009495082311332226,0.012527527287602425,0.010258235968649387,10.487281799316406,5.228877067565918,-0.0059627809145490485,0.04870282262902099,0.5862616772509911,-0.08364316671596325,-0.3542084475940293,1.1701872978806314
179468,179,0.5999442338943481,-0.12965980172157288,0.5961133241653442,-0.131226047873497,-0.3087480068206787,0.9288226962089539,-0.459775447845459,0.899290919303894,0.04442241042852402,0.011235369369387627,0.015483501367270947,0.015323977917432785,0.7852933406829834,1.0340713262557983,0.8451569676399231,0.6493465900421143,0.038443662226200104,0.008901763707399368,0.01198908593505621,0.010281862691044807,9.94056224822998,2.97208309173584,-0.01306254543858526,0.043898900645316694,0.5826466171091315,-0.07181589416951073,-0.36150601418594164,1.1827272546451713
179469,179,0.5967573523521423,-0.12027785927057266,0.5914409756660461,-0.1218610480427742,-0.31653082370758057,0.962216317653656,-0.4461205303668976,0.9826032519340515,0.043219756335020065,0.011084985919296741,0.014808706939220428,0.026073897257447243,0.7865809202194214,1.031172275543213,0.8443294167518616,0.6517232060432434,0.03827017545700073,0.008248168043792248,0.011265283450484276,0.016100827604532242,7.7597856521606445,3.711385726928711,-0.027713752697574923,0.03534816614533674,0.5790315569672718,-0.05998862162305822,-0.3994142097182454,1.253484170939404
179470,179,0.5932111144065857,-0.11039341241121292,0.5871792435646057,-0.11165161430835724,-0.373830646276474,1.0156688690185547,-0.40082406997680664,1.0612231492996216,0.04193972796201706,0.010953061282634735,0.014218420721590519,0.025710389018058777,0.7880885004997253,1.0280205011367798,0.8434264063835144,0.65470290184021,0.03746660798788071,0.007562382612377405,0.010689254850149155,0.016638142988085747,7.619187831878662,5.237908363342285,-0.023200733147312164,0.03352386083930925,0.5745706782465901,-0.046582600377504634,-0.447116222923858,1.3425215758611548
179471,179,0.5893920063972473,-0.09963974356651306,0.5833969116210938,-0.10056107491254807,-0.39354753494262695,1.120997667312622,-0.36984458565711975,1.1426657438278198,0.04165806621313095,0.010836976580321789,0.01370028406381607,0.025315437465906143,0.789513111114502,1.0244886875152588,0.8425438404083252,0.6580892205238342,0.03688895329833031,0.006679676938802004,0.010356876067817211,0.01715151034295559,9.236631393432617,6.844630241394043,-0.022592357497698362,0.039806753689495336,0.5700995160173519,-0.03315738461889377,-0.44711622292391084,1.3425215758611548
179472,179,0.5857583284378052,-0.08750491589307785,0.5799129605293274,-0.08858060091733932,-0.3537554144859314,1.2722828388214111,-0.344963014125824,1.2303537130355835,0.041378386318683624,0.01073546800762415,0.013248215429484844,0.0280202217400074,0.790950357913971,1.0206630229949951,0.841546893119812,0.6615978479385376,0.0372396856546402,0.006123295519500971,0.009729224257171154,0.018996460363268852,6.070098876953125,5.704460144042969,-0.028494486885142056,0.039529510328669415,0.5649078611303084,-0.018268829734183978,-0.5282538810399047,1.5073142471463747
179473,179,0.5815929174423218,-0.07468342036008835,0.5760852098464966,-0.07620063424110413,-0.44909900426864624,1.3108686208724976,-0.4003825783729553,1.2707785367965698,0.03985023871064186,0.010646164417266846,0.012851255014538765,0.04128571227192879,0.7927075624465942,1.0166385173797607,0.8404632806777954,0.6647919416427612,0.03640667349100113,0.005735097918659449,0.009399084374308586,0.026743432506918907,8.300909996032715,3.375236988067627,-0.04362444844279037,0.029740310435892568,0.559625322319909,-0.0031956872627174025,-0.5282538810399047,1.5073142471463747
179474,179,0.5771528482437134,-0.06159670650959015,0.5719298720359802,-0.06305868178606033,-0.44131261110305786,1.3071924448013306,-0.4278402030467987,1.3534599542617798,0.04001421481370926,0.01056761760264635,0.012502687983214855,0.04119173064827919,0.7943562269210815,1.0125187635421753,0.8393616676330566,0.668516218662262,0.03635142371058464,0.005354966502636671,0.009017783217132092,0.027614247053861618,6.843860149383545,5.904262065887451,-0.04057214997468647,0.0400422846819898,0.553738671671479,0.01316738312332144,-0.6049189885339232,1.671013178378492
179475,179,0.5726287364959717,-0.04815080761909485,0.5675836205482483,-0.04911554977297783,-0.46370795369148254,1.3678953647613525,-0.4453027546405792,1.4182804822921753,0.03936530277132988,0.010498643852770329,0.012197064235806465,0.039844807237386703,0.7960633635520935,1.0081850290298462,0.8382318019866943,0.6725296378135681,0.0360286571085453,0.004814936313778162,0.00878685712814331,0.027695607393980026,7.72937536239624,7.186934947967529,-0.030944403269105802,0.03506681700453961,0.5476894817861404,0.029877514907105517,-0.6049189885339232,1.6710131783784947
179476,179,0.5680772066116333,-0.03393395245075226,0.5631068348884583,-0.03462022542953491,-0.4548868238925934,1.4605735540390015,-0.4560336172580719,1.466514229774475,0.03863106295466423,0.010438110679388046,0.011929185129702091,0.03851770609617233,0.7978312373161316,1.0034844875335693,0.8370539546012878,0.6768711805343628,0.035723187029361725,0.004165105056017637,0.008420402184128761,0.027830906212329865,6.173062324523926,9.847223281860352,-0.029705479754284808,0.0337529074643111,0.5411436157812993,0.047538699481011915,-0.6771115454060722,1.8092500090681671
179477,179,0.5632954239845276,-0.018550576642155647,0.558427095413208,-0.019759077578783035,-0.4984239339828491,1.5968736410140991,-0.4822450876235962,1.5027176141738892,0.037151675671339035,0.01038482878357172,0.011693659238517284,0.03790886327624321,0.7998535633087158,0.9983783960342407,0.8357310891151428,0.6815054416656494,0.03511488810181618,0.0037111665587872267,0.008056935854256153,0.028194887563586235,5.50891637802124,9.086146354675293,-0.03386461526080245,0.027316472729344878,0.5343725003272385,0.06563119957169482,-0.6771115454060722,1.8092500090681671
179478,179,0.5579518675804138,-0.0021385776344686747,0.5533122420310974,-0.004433721303939819,-0.560965359210968,1.6747510433197021,-0.5335881114006042,1.57248854637146,0.036006029695272446,0.01033808197826147,0.01148722693324089,0.04444336146116257,0.8020223379135132,0.9928696751594543,0.8343440890312195,0.6861515045166016,0.034247010946273804,0.003054173896089196,0.00779732596129179,0.03331451117992401,6.25802755355835,11.36059284210205,-0.0455787863774017,0.028350158092269595,0.5272031993709616,0.08435098077099266,-0.7448315516562987,1.9159326490930595
179479,179,0.5523675680160522,0.015437198802828789,0.547917902469635,0.012169691734015942,-0.570479691028595,1.8068345785140991,-0.5581749081611633,1.7265621423721313,0.03558412939310074,0.010297023691236973,0.011306064203381538,0.04885956645011902,0.8042342662811279,0.9869922995567322,0.8328200578689575,0.6911188364028931,0.03421732038259506,0.0027390781324356794,0.007464691996574402,0.037154052406549454,5.002410411834717,11.247920989990234,-0.04965276405882435,0.03275791397706891,0.5197548838543987,0.10351030726192463,-0.7448315516562987,1.9159326490930595
179480,179,0.5462708473205566,0.03384276106953621,0.5419777035713196,0.03011801280081272,-0.6399413347244263,1.871475100517273,-0.6201764345169067,1.8570703268051147,0.034734029322862625,0.010260936804115772,0.0111469691619277,0.06111638993024826,0.8067347407341003,0.9808730483055115,0.8310942649841309,0.6959059834480286,0.03423157334327698,0.0024315433111041784,0.007053549867123365,0.046147819608449936,3.9899849891662598,10.656929016113281,-0.06341297755867217,0.029032359079675815,0.5119979283516625,0.12303625156129333,-0.8080790072846027,1.9910610984531982
179481,179,0.539360761642456,0.052720747888088226,0.5353586077690125,0.04923747107386589,-0.727252721786499,1.9041825532913208,-0.692780613899231,1.9587016105651855,0.03472139686346054,0.010229297913610935,0.011007596738636494,0.06673247367143631,0.8094494938850403,0.9745462536811829,0.8291785717010498,0.7010604739189148,0.034573934972286224,0.002154722809791565,0.00674475496634841,0.05144423991441727,3.745265007019043,11.670215606689453,-0.06791687639396579,0.03463639269851281,0.5039171382788155,0.14294686254582897,-0.8080790072846027,1.9910610984531851
179482,179,0.5317578911781311,0.0721282958984375,0.5281098484992981,0.06928275525569916,-0.7954298257827759,1.9635037183761597,-0.7617139220237732,2.033843517303467,0.04275999218225479,0.010201425291597843,0.010884870775043964,0.06797350198030472,0.8115752935409546,0.9679944515228271,0.8269387483596802,0.7065715789794922,0.04197364300489426,0.0018061755690723658,0.00614722166210413,0.053829126060009,0.41378259658813477,13.360633850097656,-0.06821350442828758,0.04406056376542328,0.49560830863459326,0.16302653641995504,-0.8668539122909842,2.034635357148537
179483,179,0.5229513049125671,0.09219932556152344,0.5199280381202698,0.08982107788324356,-0.9374329447746277,2.0443501472473145,-0.8624048829078674,2.072726249694824,0.0498657152056694,0.010177027434110641,0.010777506977319717,0.07208959013223648,0.8139969110488892,0.961186945438385,0.8245171308517456,0.7121636271476746,0.0488521084189415,0.0015826886519789696,0.006050547119230032,0.05785784125328064,4.523122310638428,11.072685241699219,-0.07300917618688338,0.05125942961436826,0.4869397695116845,0.18337288999143933,-0.8668539122909842,2.034635357148537
179484,179,0.513706624507904,0.11282186210155487,0.5108950138092041,0.1108308881521225,-0.9266111850738525,2.0691511631011963,-0.9511616230010986,2.1142871379852295,0.06793863326311111,0.010155564174056053,0.010683081112802029,0.08042582124471664,0.8152889013290405,0.9541652798652649,0.8222024440765381,0.7176659107208252,0.06290548294782639,0.0012530063977465034,0.006163174286484718,0.06525250524282455,7.287154197692871,12.278642654418945,-0.08228516930953339,0.07162649405717839,0.47811484613095284,0.2037538599150021,-0.9211562666754168,2.046655425179096
179485,179,0.5050672292709351,0.133913055062294,0.5013177990913391,0.13227075338363647,-0.8270056843757629,2.1209828853607178,-0.9693723320960999,2.1481924057006836,0.06896224617958069,0.010136684402823448,0.010600065812468529,0.08342283964157104,0.8176953196525574,0.9470991492271423,0.8199450373649597,0.7233247756958008,0.06742560863494873,0.0013471122365444899,0.006064495537430048,0.06856346130371094,4.441640377044678,11.414718627929688,-0.0840893152227889,0.06917339875700554,0.4689032834641985,0.22422041416679456,-0.9211562666754433,2.046655425179109
179486,179,0.49655044078826904,0.1547817885875702,0.4915478229522705,0.15343248844146729,-0.8567185401916504,2.071233034133911,-0.958103597164154,2.1022121906280518,0.06658044457435608,0.010120096616446972,0.010527156293392181,0.08957027643918991,0.8208597302436829,0.9400878548622131,0.817728579044342,0.7287806272506714,0.06660061329603195,0.001344230491667986,0.006024646107107401,0.0741397812962532,4.5098114013671875,11.62027359008789,-0.09097205075678899,0.051991507051318275,0.45959804675193267,0.24465024661447587,-0.9709860704379535,2.0271213025449013
179487,179,0.4880209267139435,0.17539717257022858,0.4823625981807709,0.1743222028017044,-0.8508114814758301,2.0485305786132812,-0.8867247700691223,2.073373794555664,0.06470143049955368,0.01010551955550909,0.010463101789355278,0.08852919191122055,0.824064314365387,0.9330154657363892,0.8156195282936096,0.7345312237739563,0.06452862918376923,0.0011138987028971314,0.0060943905264139175,0.07521744072437286,5.517003536224365,14.561376571655273,-0.08250182065137251,0.05312904588545998,0.4498881860475531,0.26492145963992625,-0.9709860704379535,2.0271213025449146
179488,179,0.47990280389785767,0.19627785682678223,0.47405385971069336,0.19508419930934906,-0.7965760827064514,2.1048669815063477,-0.7969151139259338,2.0598552227020264,0.06249542534351349,0.010092704556882381,0.010406803339719772,0.08693460375070572,0.8272318243980408,0.9258256554603577,0.8134719133377075,0.7403996586799622,0.06308576464653015,0.0009893140522763133,0.005882281344383955,0.07519187033176422,2.598297595977783,15.189306259155273,-0.07767968642530798,0.04884482574298453,0.4401384164087285,0.2851477210864079,-1.0126689515059053,1.9801716321007252
179489,179,0.47157785296440125,0.21736328303813934,0.46604204177856445,0.2153787612915039,-0.848838210105896,2.117461681365967,-0.7964088916778564,2.0199925899505615,0.05879069119691849,0.010081468150019646,0.010357453487813473,0.086826853454113,0.8306797742843628,0.9186036586761475,0.8112521767616272,0.7461915612220764,0.060349754989147186,0.0009969772072508931,0.005802702624350786,0.07576784491539001,3.3994030952453613,13.558282852172852,-0.08619825170441256,0.03562033867367975,0.4299749831729428,0.3049080509788684,-1.0163433235785675,1.9760329892459265
179490,179,0.4630192518234253,0.2383156269788742,0.45800960063934326,0.23560205101966858,-0.8559064269065857,2.0824947357177734,-0.8061297535896301,2.0349478721618652,0.0560450553894043,0.010071581229567528,0.010314042679965496,0.08826357126235962,0.8342236280441284,0.9114858508110046,0.8089078664779663,0.7517512440681458,0.05824168026447296,0.0011167752090841532,0.005481886677443981,0.0774214044213295,0.7284116744995117,13.701891899108887,-0.08859154736448455,0.038747367118393106,0.4198115499371572,0.324668380871329,-1.0344470675152517,1.9394388932178879
179491,179,0.45392149686813354,0.25877323746681213,0.4496227502822876,0.25588253140449524,-0.9389665722846985,2.026650905609131,-0.8566476702690125,2.0331432819366455,0.05314658209681511,0.01006290316581726,0.010275951586663723,0.08782249689102173,0.8379806876182556,0.9045042395591736,0.806410014629364,0.7572238445281982,0.05601511523127556,0.0012904481263831258,0.005306412000209093,0.0777667984366417,1.3856101036071777,12.863998413085938,-0.08525759792261758,0.03471456212782127,0.4092441807515622,0.34361221275165504,-1.0572280260972593,1.8933904852821848
179492,179,0.4443333148956299,0.2787213623523712,0.4407687187194824,0.27617934346199036,-0.9778963923454285,1.967169165611267,-0.9141865968704224,2.021084785461426,0.051792629063129425,0.010055286809802055,0.010242518037557602,0.08636447042226791,0.8417379856109619,0.8976832628250122,0.8038036823272705,0.7625921964645386,0.05476756766438484,0.001405724324285984,0.005127211567014456,0.07723528146743774,1.194746494293213,13.266959190368652,-0.07785297707380232,0.0431195413956284,0.398671900490591,0.3625461176044758,-1.0572280260972593,1.8933904852821584
179493,179,0.43437108397483826,0.2981935739517212,0.431315541267395,0.2962070405483246,-1.0163929462432861,1.924452304840088,-0.9784895181655884,1.9772710800170898,0.050903696566820145,0.010048572905361652,0.010213052853941917,0.08411158621311188,0.8454915285110474,0.8909648060798645,0.8011214733123779,0.7678802013397217,0.054048363119363785,0.0014739796752110124,0.005042152013629675,0.07600569725036621,2.269721031188965,13.494941711425781,-0.07095236985807751,0.04521300615375752,0.38777628469460734,0.38046596952631806,-1.093640177994002,1.7791937906536368
179494,179,0.42421600222587585,0.3173148036003113,0.42126545310020447,0.31570467352867126,-1.0213698148727417,1.8953803777694702,-1.0325690507888794,1.916043758392334,0.05049823597073555,0.010042688809335232,0.0101872393861413,0.08147349953651428,0.84921795129776,0.8843871355056763,0.798393726348877,0.7730515003204346,0.05381086468696594,0.0016423745546489954,0.004941338207572699,0.07413271069526672,2.5287961959838867,12.721161842346191,-0.06590410145839828,0.04788852349893316,0.37683988291466597,0.39825790743285777,-1.093640177994002,1.7791937906536368
179495,179,0.4139197766780853,0.3359229862689972,0.4106791615486145,0.3344280421733856,-1.03566312789917,1.8328564167022705,-1.0762066841125488,1.8324308395385742,0.049811653792858124,0.010037507861852646,0.010164506733417511,0.07902863621711731,0.8531129956245422,0.8780117630958557,0.7954732775688171,0.7780242562294006,0.05414368957281113,0.0018129248637706041,0.004561512265354395,0.07229792326688766,-1.0776054859161377,13.612532615661621,-0.06454716397349441,0.04539776926222987,0.3656518009132688,0.4149013458708976,-1.1255797792688487,1.6334429053603086
179496,179,0.40283843874931335,0.3539065718650818,0.3995881676673889,0.3521561622619629,-1.1506593227386475,1.779770851135254,-1.1241363286972046,1.7361490726470947,0.049088042229413986,0.010032952763140202,0.010144520550966263,0.07597922533750534,0.8573819994926453,0.8719009757041931,0.7922788262367249,0.7827713489532471,0.054360613226890564,0.002276604063808918,0.004230925347656012,0.06937669962644577,-0.564042329788208,10.315818786621094,-0.057809821270471545,0.044432146255250715,0.3543960031205816,0.4312357749245,-1.1255797792688487,1.633442905360335
179497,179,0.3908178210258484,0.3708744943141937,0.38794374465942383,0.3689863085746765,-1.2317146062850952,1.644598126411438,-1.1887582540512085,1.6525261402130127,0.05798204988241196,0.01002895925194025,0.010127007029950619,0.07280149310827255,0.8607892990112305,0.8661401271820068,0.7889748215675354,0.78726726770401,0.06179148703813553,0.0024993892293423414,0.004165105056017637,0.06676843017339706,0.9542298316955566,11.105422973632812,-0.05364282309558979,0.05975697166643473,0.3429512353187465,0.446396542484307,-1.1530468299217465,1.4628495935163963
179498,179,0.37860310077667236,0.38703423738479614,0.3759579658508301,0.38528385758399963,-1.2193812131881714,1.579432487487793,-1.2188953161239624,1.5951156616210938,0.06941737234592438,0.010025444440543652,0.010111589916050434,0.06763935089111328,0.8636662364006042,0.8605408668518066,0.7856461405754089,0.7917191386222839,0.07287619262933731,0.0025275072548538446,0.004097354598343372,0.0628756731748581,0.2609062194824219,13.821930885314941,-0.03624275653280598,0.07170762196677023,0.33142076701952894,0.4610250384194718,-1.1530468299217729,1.4628495935163697
179499,179,0.3664836287498474,0.40285027027130127,0.363664448261261,0.40089771151542664,-1.210566520690918,1.5740954875946045,-1.2436221837997437,1.5235296487808228,0.06971675902605057,0.010022355243563652,0.010098046623170376,0.06235620379447937,0.8675682544708252,0.8551656603813171,0.7822936773300171,0.7959745526313782,0.07593730837106705,0.0030668326653540134,0.004089501686394215,0.05764693766832352,1.0692119598388672,9.261741638183594,-0.02976040704752192,0.06977874696689935,0.31975509382223116,0.4746622531557335,-1.1760413299527748,1.2942609115783388
179500,179,0.35426586866378784,0.4176255166530609,0.3509029150009155,0.415461003780365,-1.2154122591018677,1.4148104190826416,-1.2816956043243408,1.4172337055206299,0.0694759339094162,0.010019647888839245,0.01008616667240858,0.05831584334373474,0.8718342781066895,0.8501943349838257,0.7789660096168518,0.7998978495597839,0.07644063234329224,0.0032246881164610386,0.0039599984884262085,0.054107122123241425,-1.383727788925171,12.064347267150879,-0.033011612764981074,0.06800488158236322,0.30799468052270357,0.4876048622715178,-1.1760413299527748,1.2942609115783388
179501,179,0.34195655584335327,0.43158185482025146,0.3382318317890167,0.42927828431129456,-1.2428265810012817,1.3736976385116577,-1.253829836845398,1.3462196588516235,0.06931117177009583,0.010017269290983677,0.010075734928250313,0.05211673304438591,0.8762203454971313,0.8453075885772705,0.7755579948425293,0.8038418292999268,0.07681194692850113,0.0032100637909024954,0.003817890305072069,0.049168720841407776,-1.958906650543213,13.577392578125,-0.012701606199001764,0.06830322641398014,0.2961438823349199,0.4997673138261391,-1.1945632793618277,1.1343886236603054
179502,179,0.32938912510871887,0.4453437030315399,0.3258211612701416,0.44248825311660767,-1.269455909729004,1.3736062049865723,-1.2355281114578247,1.299083948135376,0.07149884104728699,0.010015178471803665,0.010066564194858074,0.04649600014090538,0.8805339336395264,0.8405013680458069,0.7719693779945374,0.8076955080032349,0.07950451970100403,0.0033329606521874666,0.0035136183723807335,0.04416640102863312,-3.5959601402282715,12.995445251464844,-0.010169006069674358,0.07198756862648083,0.2841982495413002,0.5111112000627446,-1.1945632793618277,1.1343886236603318
179503,179,0.3161848485469818,0.45875412225723267,0.313210666179657,0.45517057180404663,-1.3496394157409668,1.3242018222808838,-1.275598168373108,1.2579184770584106,0.07518696039915085,0.010013335384428501,0.010058487765491009,0.04226791858673096,0.8848438262939453,0.8359352350234985,0.7681859135627747,0.8112649917602539,0.08384197950363159,0.0037356370594352484,0.0033056403044611216,0.03989690914750099,-3.096914291381836,9.830896377563477,-0.01463365008207354,0.07597272349149982,0.27219810676800327,0.5218686195878885,-1.2086126781489581,0.983232729762349
179504,179,0.30240073800086975,0.4712705910205841,0.30009642243385315,0.46751517057418823,-1.3881700038909912,1.2078596353530884,-1.3320544958114624,1.2245118618011475,0.08641588687896729,0.010011720471084118,0.010051409713923931,0.038423676043748856,0.8884782791137695,0.8317342400550842,0.764339029788971,0.8145337104797363,0.09406117349863052,0.004061039537191391,0.0032441900111734867,0.03627218306064606,-2.769300937652588,9.132814407348633,-0.012920240039793418,0.08911509158258246,0.260111979986515,0.531700946885512,-1.2086126781489845,0.983232729762349
179505,179,0.2885594666004181,0.48284435272216797,0.28655534982681274,0.47951552271842957,-1.3743406534194946,1.1148427724838257,-1.3723913431167603,1.172723650932312,0.09509632736444473,0.010010299272835255,0.010045173577964306,0.03472616896033287,0.8919464945793152,0.8276748061180115,0.7606696486473083,0.8177183270454407,0.10293648391962051,0.003946270793676376,0.0035204587038606405,0.033227067440748215,-0.6988680362701416,12.324609756469727,-0.0002605627414200562,0.09714743769027964,0.24799827303268154,0.5411230655333379,-1.2181895263142055,0.8407932298844696
179506,179,0.2755807042121887,0.4943009614944458,0.2730444669723511,0.49119552969932556,-1.2575277090072632,1.143957495689392,-1.351980209350586,1.1367684602737427,0.09690118581056595,0.01000904943794012,0.010039696469902992,0.03153756633400917,0.8958479166030884,0.8236163258552551,0.757117748260498,0.8208321332931519,0.10706965625286102,0.003979611676186323,0.0034462083131074905,0.0304363202303648,-3.485773801803589,13.103690147399902,0.008694040785692358,0.0973369256175569,0.23581637776953956,0.5495309978321831,-1.2181895263142055,0.8407932298844696
179507,179,0.26283225417137146,0.5055953860282898,0.2594852149486542,0.502073347568512,-1.275734782218933,1.1244431734085083,-1.3409732580184937,1.06070077419281,0.09443234652280807,0.010007953271269798,0.010034886188805103,0.02878398261964321,0.9003019332885742,0.8195986151695251,0.7536032795906067,0.8238875865936279,0.10626724362373352,0.0039864773862063885,0.003468674374744296,0.0280122272670269,-3.087693452835083,12.647409439086914,-0.001005555689154336,0.08035041092995104,0.22362488704014505,0.557687546754851,-1.2232938238575042,0.7070701240266409
179508,179,0.25016462802886963,0.5167490243911743,0.24637141823768616,0.5125633478164673,-1.256874442100525,1.1081126928329468,-1.2817769050598145,1.0459190607070923,0.09275010973215103,0.01000699121505022,0.010030665434896946,0.026402100920677185,0.904779851436615,0.815668523311615,0.7502264976501465,0.826826274394989,0.1038871705532074,0.004131716676056385,0.003623112803325057,0.02575899288058281,-0.9217703342437744,11.003856658935547,-0.005342596694840357,0.0830836894087901,0.21139194880157008,0.5647582479951174,-1.223293823857491,0.707070124026588
179509,179,0.23800770938396454,0.5275441408157349,0.2339399755001068,0.523028552532196,-1.1815478801727295,1.0543006658554077,-1.207137107849121,1.0444015264511108,0.09087508916854858,0.010006142780184746,0.010026942007243633,0.02434973046183586,0.9091446399688721,0.8120995759963989,0.7468761801719666,0.8294317722320557,0.1021735668182373,0.004782368429005146,0.003468674374744296,0.023305468261241913,-3.4259462356567383,7.922697067260742,-0.010179481955862185,0.0801027790095264,0.1991584547015898,0.5717189583447878,-1.2238743932254685,0.5921901535381006
179510,179,0.22585506737232208,0.5370486378669739,0.22187088429927826,0.5329129695892334,-1.2152972221374512,0.8924397230148315,-1.1828736066818237,0.9602874517440796,0.08745144307613373,0.010005399584770203,0.010023673996329308,0.022678202018141747,0.9136531949043274,0.8089633584022522,0.7434898614883423,0.8317716717720032,0.09950967133045197,0.004875159822404385,0.003339791903272271,0.021862460300326347,-6.49430513381958,11.420028686523438,-0.011056733481557446,0.06761735038678643,0.18691919899380105,0.5775395924666759,-1.2239255707788805,0.582063412188757
179511,179,0.21356455981731415,0.5458000898361206,0.21029654145240784,0.5421721339225769,-1.2492607831954956,0.8692341446876526,-1.1438348293304443,0.891223132610321,0.08511769771575928,0.010004746727645397,0.010020806454122066,0.02109193243086338,0.9183088541030884,0.8059002757072449,0.7399212121963501,0.8340215682983398,0.09757059812545776,0.0049848174676299095,0.0030512528028339148,0.02036605402827263,-7.3983001708984375,10.881752967834473,0.006780913860258836,0.07148302180747593,0.1746799432860123,0.5833602265885639,-1.2221639080016642,0.530570066110839
179512,179,0.20062941312789917,0.5542214512825012,0.1986914426088333,0.5506029725074768,-1.3243248462677002,0.8239869475364685,-1.1759727001190186,0.8084087371826172,0.08374980092048645,0.01000417210161686,0.010018279775977135,0.01970735378563404,0.922987699508667,0.8029665350914001,0.736258864402771,0.8361625671386719,0.09591007977724075,0.005137105938047171,0.003023992059752345,0.0189910177141428,-4.930169582366943,10.013136863708496,0.0029468829024145438,0.07573698180511122,0.16247999430558596,0.5880319263392191,-1.2199471087084592,0.46577309437097664
179513,179,0.18750929832458496,0.5622501373291016,0.18676283955574036,0.5584527254104614,-1.3059163093566895,0.7776158452033997,-1.2188055515289307,0.759706437587738,0.08678507804870605,0.010003667324781418,0.010016062296926975,0.01849953457713127,0.9272198677062988,0.8002002239227295,0.7325537800788879,0.8381763100624084,0.09830270707607269,0.00520341657102108,0.002825554460287094,0.017929060384631157,-7.269694805145264,12.205972671508789,0.0029760655897584087,0.08746096467241776,0.15028052321850285,0.5926896572829286,-1.2199471087084592,0.46577309437097664
179514,179,0.174224391579628,0.5699210166931152,0.17415325343608856,0.5657514929771423,-1.3450595140457153,0.7606129050254822,-1.2953479290008545,0.7094590663909912,0.08662847429513931,0.010003224015235901,0.01001411397010088,0.017445558682084084,0.9315742254257202,0.7974818348884583,0.7288703322410583,0.8401346802711487,0.09860248118638992,0.005280655808746815,0.0029694882687181234,0.016904281452298164,-4.0734148025512695,10.87648868560791,0.001962173838395795,0.08571634161592437,0.13816220805793425,0.5963921447051074,-1.2108078041667532,0.35819917057324685
179515,179,0.1612115353345871,0.5773715376853943,0.1608961820602417,0.5728189945220947,-1.2767329216003418,0.7245153784751892,-1.3600682020187378,0.6966983675956726,0.09178674221038818,0.010002831928431988,0.010012403130531311,0.016524892300367355,0.9353920817375183,0.7949603796005249,0.7252764701843262,0.8419190049171448,0.10270275175571442,0.00555432541295886,0.0028994460590183735,0.015903284773230553,-5.209090709686279,10.288386344909668,-0.0030640980571242094,0.09297807449458985,0.12605413001626672,0.59997413641084,-1.2108078041667598,0.35819917057324685
179516,179,0.1484537571668625,0.5841894149780273,0.14694829285144806,0.5795255899429321,-1.270355224609375,0.6523275971412659,-1.4032959938049316,0.6536118984222412,0.09060945361852646,0.01000248733907938,0.010010900907218456,0.015720482915639877,0.9395763278007507,0.7927978038787842,0.7216442227363586,0.8434241414070129,0.1035199984908104,0.006081435363739729,0.0028041726909577847,0.01476995088160038,-5.453286170959473,7.19080924987793,-0.006436386467986777,0.08382314407506569,0.11405982014674518,0.6027771426567027,-1.1963699987838148,0.25934164079556765
179517,179,0.13557939231395721,0.5898457169532776,0.13293799757957458,0.5855823755264282,-1.289668083190918,0.5082906484603882,-1.3751475811004639,0.5721194744110107,0.08956494927406311,0.010002185590565205,0.010009576566517353,0.015016630291938782,0.9438947439193726,0.7910141944885254,0.7181147933006287,0.8447027206420898,0.10213780403137207,0.006320812273770571,0.002923761960119009,0.013974468223750591,-3.8317346572875977,8.407807350158691,-0.0036335181555205293,0.08352749314603279,0.10209612015890618,0.6053705590646583,-1.1963699987838148,0.25934164079551475
179518,179,0.12309131771326065,0.5947121977806091,0.11983826756477356,0.5910240411758423,-1.2298601865768433,0.4526916742324829,-1.2655404806137085,0.5011991858482361,0.08927729725837708,0.010834110900759697,0.010008415207266808,0.014400633983314037,0.9479573369026184,0.7892502546310425,0.7147961258888245,0.8459063172340393,0.1007351279258728,0.006887034047394991,0.003100920934230089,0.013468530960381031,-2.5595414638519287,11.019523620605469,0.01095589460618586,0.08761109472104844,0.09026820358716096,0.607343815286365,-1.1766336925598029,0.16920050503783327
179519,179,0.11136142164468765,0.5994022488594055,0.10788923501968384,0.5957574248313904,-1.1430864334106445,0.46018099784851074,-1.1518316268920898,0.4319569766521454,0.08779463171958923,0.012928197160363197,0.010007396340370178,0.013860935345292091,0.9519497752189636,0.7874204516410828,0.7115066647529602,0.8469967246055603,0.09971950203180313,0.008630412630736828,0.002948082285001874,0.012862836942076683,-5.620627403259277,10.962653160095215,0.013233261637589339,0.07919159655809582,0.07850186666156073,0.6090358203367441,-1.1766336925598029,0.16920050503783327
179520,179,0.09961307048797607,0.6036393642425537,0.09653052687644958,0.5995025634765625,-1.1800308227539062,0.40653783082962036,-1.1095654964447021,0.3461449146270752,0.08453462272882462,0.012570379301905632,0.010006499476730824,0.0133880116045475,0.9560664296150208,0.7859435677528381,0.7083073258399963,0.8480580449104309,0.09629767388105392,0.008537035435438156,0.003125275019556284,0.012457636184990406,-3.401930332183838,11.386919021606445,0.0053731718135558715,0.06550748138082828,0.0668827313943225,0.6102490576864553,-1.1515988854946242,0.08777576330025526
179521,179,0.0883147343993187,0.607767641544342,0.08586522191762924,0.603002667427063,-1.0986970663070679,0.4054274260997772,-1.0439058542251587,0.34647366404533386,0.08250946551561356,0.01225617527961731,0.010005710646510124,0.012972989119589329,0.9599964022636414,0.7845620512962341,0.7052478790283203,0.8490525484085083,0.09333738684654236,0.00838897842913866,0.003136966610327363,0.012053553014993668,-4.883584022521973,11.919569969177246,0.00685068038763649,0.07062893782687452,0.055366742539375416,0.611126815319458,-1.151598885494631,0.08777576330025526
179522,179,0.07740961015224457,0.6116593480110168,0.07552479207515717,0.6063856482505798,-1.081084966659546,0.380472868680954,-1.022382140159607,0.33699390292167664,0.07888281345367432,0.011981029063463211,0.010005018673837185,0.012609762139618397,0.9640868306159973,0.7834072709083557,0.7020129561424255,0.8498569130897522,0.09087897837162018,0.008568491786718369,0.0027371353935450315,0.011439163237810135,-9.01411247253418,9.941973686218262,-0.00011577177861123167,0.05740329546883771,0.04399877658337197,0.6116497649493343,-1.121265577588303,0.015067415582674975
179523,179,0.06575914472341537,0.6147153973579407,0.06493813544511795,0.6093435883522034,-1.2005311250686646,0.27485400438308716,-1.0622048377990723,0.285961389541626,0.07520456612110138,0.011739268898963928,0.010004408657550812,0.012290756218135357,0.9684094190597534,0.7824944257736206,0.6986825466156006,0.8505262732505798,0.08686549961566925,0.008568491786718369,0.002781823044642806,0.010988336987793446,-5.834453105926514,8.92434310913086,-0.003851830965600621,0.05325394767719219,0.032786120807486836,0.6118004391051612,-1.121265577588303,0.015067415582674975
179524,179,0.05397125333547592,0.6172387599945068,0.05436874181032181,0.6121839284896851,-1.1597367525100708,0.22986452281475067,-1.0654213428497314,0.2729127109050751,0.0746675431728363,0.01152724027633667,0.010003872215747833,0.01201110053807497,0.9723186492919922,0.7816905975341797,0.6955453753471375,0.8511220216751099,0.08440219610929489,0.008403169922530651,0.0029354351572692394,0.010751083493232727,-4.3019795417785645,10.786194801330566,0.005623434805823453,0.07144203636906027,0.02171171216944745,0.6117028321673629,-1.0856337688408215,-0.04892453811485471
179525,179,0.04288734868168831,0.6195882558822632,0.043548546731472015,0.614783525466919,-1.080976128578186,0.2222333550453186,-1.1122913360595703,0.2333078533411026,0.07347854226827621,0.011341108940541744,0.010003400035202503,0.011765695177018642,0.9759259819984436,0.7809532880783081,0.6925612688064575,0.8516513109207153,0.08272041380405426,0.008374789729714394,0.0030054969247430563,0.010457639582455158,-4.3234405517578125,11.018836975097656,0.006226137541479035,0.06632367030724347,0.010855374481038486,0.6112135867862145,-1.0856337688408224,-0.048924538114801845
179526,179,0.03233756497502327,0.6216505169868469,0.03212020918726921,0.6168193221092224,-1.0357215404510498,0.1913500428199768,-1.16313636302948,0.1787939965724945,0.07076526433229446,0.011177808046340942,0.010002988390624523,0.011550460010766983,0.979527473449707,0.7803671360015869,0.6896858215332031,0.8520633578300476,0.07998834550380707,0.008475156500935555,0.0030415160581469536,0.01011245884001255,-4.091154098510742,9.774568557739258,0.0011944941957683225,0.05434505064806128,0.00011691116769110225,0.6105651544329017,-1.0447034592521818,-0.10420009779233382
179527,179,0.02214622311294079,0.6231960654258728,0.020490065217018127,0.6183299422264099,-1.0048884153366089,0.13026706874370575,-1.143269419670105,0.13185495138168335,0.06740839034318924,0.011034543626010418,0.010002626106142998,0.011361688375473022,0.983172595500946,0.7799867391586304,0.6868612766265869,0.8523397445678711,0.07653341442346573,0.008565448224544525,0.0029947906732559204,0.009810088202357292,-4.642148971557617,9.89163875579834,-0.0006240804060822953,0.046909006889276184,-0.010330123424832676,0.6095231534549782,-1.0447034592521822,-0.10420009779233382
179528,179,0.012083819136023521,0.6242190599441528,0.009520269930362701,0.6193857192993164,-1.006111979484558,0.08123970776796341,-1.0481078624725342,0.08504883944988251,0.06372883915901184,0.010908575728535652,0.01000230759382248,0.011195747181773186,0.9868382215499878,0.7797093391418457,0.6840789914131165,0.8525624871253967,0.07247929275035858,0.00849138479679823,0.003000630298629403,0.009642270393669605,-4.120428562164307,11.167842864990234,0.0028921668222220767,0.041089732352034045,-0.020690253406756197,0.6083936268383116,-0.9984746488223865,-0.15075926344976232
179529,179,0.0021908674389123917,0.6250678300857544,-0.00030831803451292217,0.6201244592666626,-0.9846780300140381,0.07691031694412231,-0.9401678442955017,0.05608042702078819,0.06052009016275406,0.010798051953315735,0.010002028197050095,0.011050179600715637,0.9905315637588501,0.7795327305793762,0.6812048554420471,0.852685809135437,0.06926552951335907,0.008605032227933407,0.0027546200435608625,0.009400105103850365,-6.776098251342773,10.84561538696289,0.0048384361482206786,0.04057340557099179,-0.030674999894980744,0.6068860342038136,-0.9984746488223865,-0.1507592634498152
179530,179,-0.008136111311614513,0.6254967451095581,-0.009596939198672771,0.6203655004501343,-1.0584826469421387,0.024129891768097878,-0.9117633104324341,0.006583908572793007,0.0572148934006691,0.010701251216232777,0.010001781396567822,0.01092271413654089,0.9942588806152344,0.7794206738471985,0.6783155798912048,0.8528004884719849,0.06544817239046097,0.008475156500935555,0.00283138663507998,0.00930723175406456,-4.406087398529053,11.584569931030273,0.000314071320676507,0.036409293737536944,-0.04061440853875365,0.605345144475953,-0.9511215434480318,-0.1855364080125649
179531,179,-0.01835724338889122,0.6259065866470337,-0.0184017363935709,0.6205642819404602,-1.0051599740982056,0.0399470292031765,-0.8735652565956116,0.01779242977499962,0.05600515007972717,0.01061609759926796,0.010001564398407936,0.010810607112944126,0.9977875351905823,0.7794601321220398,0.6754024028778076,0.8527271747589111,0.06360021233558655,0.008896677754819393,0.00264877756126225,0.008887522853910923,-6.132935523986816,8.141617774963379,0.0031605119280390965,0.04835604161472046,-0.05008388191426976,0.603459124125081,-0.9469473375514328,-0.1886020350871931
179532,179,-0.028770852833986282,0.6255030035972595,-0.02761014550924301,0.6202858686447144,-1.049365758895874,-0.08855225145816803,-0.9499797821044922,-0.05160720646381378,0.05396590381860733,0.010541200637817383,0.010001377202570438,0.01071202103048563,1.0012214183807373,0.7797285318374634,0.6725707054138184,0.8525983691215515,0.06116102263331413,0.008740108460187912,0.002805144526064396,0.008876333944499493,-4.895732402801514,11.637959480285645,-0.004290452121373315,0.041037035853640644,-0.059553355289782485,0.6015731037742095,-0.9217848711986492,-0.2014991934301282
179533,179,-0.03874797746539116,0.6249536275863647,-0.037173014134168625,0.6198469400405884,-0.9730189442634583,-0.04804797098040581,-0.9819853901863098,-0.05608656629920006,0.0534120611846447,0.010874530300498009,0.010001209564507008,0.010625490918755531,1.0043028593063354,0.7797890305519104,0.6699900031089783,0.852556586265564,0.0593501478433609,0.008772628381848335,0.003010364016517997,0.008911936543881893,-2.7250659465789795,13.032417297363281,0.01092196144551945,0.049885229235268266,-0.06846139646755321,0.599399318311142,-0.8901215254393259,-0.2177284127045204
179534,179,-0.04782998189330101,0.6248149275779724,-0.04706123098731041,0.6193804144859314,-0.8729342818260193,-0.003153150901198387,-1.006076693534851,-0.04971582442522049,0.05157430097460747,0.010768342763185501,0.010001060552895069,0.010549595579504967,1.0073473453521729,0.7800237536430359,0.6674172282218933,0.8523306250572205,0.05797199904918671,0.009286828339099884,0.002810003934428096,0.008497470989823341,-5.277214050292969,8.39625358581543,0.0010358712735080025,0.03981273310929684,-0.07736261172194707,0.5972220341840964,-0.8901215254393259,-0.21772841270457324
179535,179,-0.057053498923778534,0.6237894892692566,-0.05762858688831329,0.6183484196662903,-0.9288839101791382,-0.1462540179491043,-1.0540964603424072,-0.11858035624027252,0.04806755855679512,0.010674921795725822,0.010000932961702347,0.010714001953601837,1.0106730461120605,0.7807292938232422,0.6647473573684692,0.8518190979957581,0.05504276603460312,0.009740481153130531,0.0026730454992502928,0.008265381678938866,-5.814797878265381,6.694126129150391,-0.010737024695541449,0.025507281191073164,-0.08571217053969685,0.594863511854356,-0.8279972124860627,-0.23813839630184996
179536,179,-0.06658942252397537,0.6216149926185608,-0.06794044375419617,0.6167700886726379,-0.9640739560127258,-0.2618328928947449,-0.9936578869819641,-0.18710178136825562,0.04632933437824249,0.010592957027256489,0.010000818409025669,0.010627283714711666,1.013769268989563,0.7816498875617981,0.6622726321220398,0.8512247800827026,0.05196242034435272,0.00969136692583561,0.003004523692652583,0.008189455606043339,-0.8895885944366455,8.513226509094238,0.0073900668254807955,0.03504804238046015,-0.09399214266455702,0.5924821278913376,-0.8279972124860627,-0.23813839630184996
179537,179,-0.07525634765625,0.6191760897636414,-0.07695917040109634,0.614898145198822,-0.8226449489593506,-0.26327216625213623,-0.8554542660713196,-0.22316323220729828,0.045912548899650574,0.021757062524557114,0.010000718757510185,0.010551138781011105,1.0164637565612793,0.781334400177002,0.659946084022522,0.8505039215087891,0.051048338413238525,0.0180523544549942,0.002926680026575923,0.008021552115678787,-3.9000165462493896,10.1444673538208,0.023496707424784442,0.04319799138206519,-0.10174083111555463,0.5900085998470853,-0.7605743986916399,-0.24983198587912894
179538,179,-0.0836019441485405,0.6163889765739441,-0.0851764902472496,0.6121317744255066,-0.8332017064094543,-0.28500813245773315,-0.783984363079071,-0.3135707974433899,0.042928148061037064,0.022799231112003326,0.010000631213188171,0.010484184138476849,1.0191748142242432,0.7819387912750244,0.6577885746955872,0.8498956561088562,0.048071470111608505,0.01950555294752121,0.003208114067092538,0.008188442327082157,-1.0590481758117676,12.100122451782227,0.02296044822514217,0.02342419806584989,-0.10934657510247155,0.5875102799882939,-0.7605743986916399,-0.24983198587907607
179539,179,-0.0911703035235405,0.61407071352005,-0.09233259409666061,0.6091110706329346,-0.7159430980682373,-0.2119757980108261,-0.6815212965011597,-0.303820937871933,0.040806155651807785,0.025673389434814453,0.010000554844737053,0.010425389744341373,1.0217015743255615,0.7823116779327393,0.6558153033256531,0.8494126200675964,0.0455288365483284,0.021470777690410614,0.0031973908189684153,0.008293738588690758,-3.6730825901031494,13.930185317993164,0.026129514338322765,0.026831043292283224,-0.11645200517998869,0.5849914773816897,-0.6878530840560638,-0.25280918143635733
179540,179,-0.09827924519777298,0.6122223138809204,-0.09891447424888611,0.6062136888504028,-0.7039046287536621,-0.15774697065353394,-0.6345008611679077,-0.26365774869918823,0.03677240386605263,0.02421402931213379,0.01000048778951168,0.010373701341450214,1.024354338645935,0.7830402851104736,0.6538522243499756,0.8489392399787903,0.0418415293097496,0.021045846864581108,0.0031954410951584578,0.008118627592921257,-2.9696881771087646,9.74449348449707,0.014122860091293217,0.009978704460039955,-0.12333053602054894,0.5824633855673261,-0.6878530840560572,-0.25280918143635733
179541,179,-0.10530724376440048,0.6102548837661743,-0.10523390024900436,0.6037485003471375,-0.6874380707740784,-0.21436093747615814,-0.6203022003173828,-0.22258159518241882,0.03330111503601074,0.02242625504732132,0.01000042725354433,0.010328312404453754,1.0268832445144653,0.7839947938919067,0.6520447134971619,0.8484580516815186,0.03785104304552078,0.01960822194814682,0.0033485754393041134,0.00811963900923729,-2.527066469192505,11.021158218383789,0.004051577745759344,0.00892182852630187,-0.1297503197178565,0.5799690395505304,-0.6098332685793347,-0.24706998297353513
179542,179,-0.1117609515786171,0.6082795858383179,-0.11120662838220596,0.6018279790878296,-0.6176154017448425,-0.192341148853302,-0.589163064956665,-0.17825321853160858,0.030303992331027985,0.020980089902877808,0.010000373236835003,0.010288427583873272,1.0293065309524536,0.7848882079124451,0.6502422094345093,0.847999632358551,0.034981295466423035,0.018289480358362198,0.0031506081577390432,0.008152012713253498,-6.340525150299072,12.368762969970703,0.010882002458265982,0.007700348418246919,-0.1358486524036502,0.5774983397207946,-0.6098332685793347,-0.24706998297358798
179543,179,-0.11836294084787369,0.6064309477806091,-0.11726447939872742,0.600013017654419,-0.6801831126213074,-0.17148283123970032,-0.6106481552124023,-0.17352604866027832,0.0277109257876873,0.0196096058934927,0.010000327602028847,0.010253392159938812,1.0317442417144775,0.7857263088226318,0.6483493447303772,0.8475441932678223,0.03231135010719299,0.017277425155043602,0.0031350180506706238,0.008004368282854557,-3.992886543273926,9.07187271118164,0.006065685383049725,-0.001844723931150441,-0.1415404017140188,0.5750981814459677,-0.5265149522614327,-0.2326143904907152
179544,179,-0.12512937188148499,0.6044986248016357,-0.1235450953245163,0.5983064770698547,-0.6682196855545044,-0.2135467231273651,-0.6455495953559875,-0.17117750644683838,0.02546381764113903,0.018414560705423355,0.010000287555158138,0.010222622193396091,1.0341992378234863,0.7867729067802429,0.6463640928268433,0.8469088673591614,0.030422354117035866,0.01669176295399666,0.0028673564083874226,0.007747883442789316,-7.225139141082764,8.224374771118164,0.0013087478418209626,0.00964525998582648,-0.14680555123663416,0.5727720375410602,-0.5265149522614327,-0.2326143904907152
179545,179,-0.13236592710018158,0.6018542051315308,-0.13043993711471558,0.5962361097335815,-0.7486934065818787,-0.2885896563529968,-0.7095676064491272,-0.2256373167037964,0.023641083389520645,0.01737208291888237,0.010000253096222878,0.010195608250796795,1.0365583896636963,0.7878438830375671,0.6444280743598938,0.8463323712348938,0.028294911608099937,0.015482352115213871,0.003062937408685684,0.007906363345682621,-3.5857725143432617,11.325020790100098,0.006331242288697005,0.011009004034192166,-0.1517268781533339,0.5705357981603627,-0.43789813510238434,-0.20944240398784464
179546,179,-0.13920027017593384,0.5995454788208008,-0.13733358681201935,0.5942004919052124,-0.66155606508255,-0.21481266617774963,-0.701076090335846,-0.21185468137264252,0.027668360620737076,0.017933635041117668,0.010000220499932766,0.010171879082918167,1.0379908084869385,0.7885921001434326,0.6426616907119751,0.8457804918289185,0.031156940385699272,0.015791278332471848,0.0031642515677958727,0.007805399131029844,-1.3848984241485596,9.844778060913086,0.018019416912774318,0.02832041127555955,-0.15610585950435812,0.5684413741204845,-0.43789813510239756,-0.20944240398784464
179547,179,-0.14542043209075928,0.5973174571990967,-0.14442110061645508,0.5919727087020874,-0.5903452634811401,-0.23774349689483643,-0.7153415083885193,-0.23586320877075195,0.026729866862297058,0.016951339319348335,0.010000195354223251,0.010151016525924206,1.0397967100143433,0.789616584777832,0.6409283876419067,0.8451111316680908,0.03130420669913292,0.015490864403545856,0.00301133724860847,0.007673250045627356,-5.214223861694336,9.631893157958984,0.006903008458436055,0.020281181052664396,-0.16021437602066105,0.5664387847860761,-0.3439828171021762,-0.17755402346492352
179548,179,-0.15168070793151855,0.5946053266525269,-0.15167807042598724,0.5892886519432068,-0.6405165791511536,-0.28690290451049805,-0.712679922580719,-0.2822970747947693,0.025218553841114044,0.01616619899868965,0.010000173933804035,0.010132689028978348,1.0417689085006714,0.7906676530838013,0.6392327547073364,0.8445160388946533,0.02993891015648842,0.014515954069793224,0.00313014630228281,0.007828614674508572,-3.5576248168945312,12.001850128173828,0.010594511587155644,0.014795552858040212,-0.16365420419168358,0.564663244551427,-0.3439828171021894,-0.17755402346487065
179549,179,-0.15770646929740906,0.5922256708145142,-0.1582004278898239,0.5867111086845398,-0.5915213823318481,-0.21878951787948608,-0.6153438687324524,-0.25122690200805664,0.027640527114272118,0.018941164016723633,0.010000153444707394,0.01011658925563097,1.043078064918518,0.791064977645874,0.637769877910614,0.844046950340271,0.03123757243156433,0.01618633046746254,0.0034247227013111115,0.0079386867582798,0.21956443786621094,12.14759349822998,0.019361441745986654,0.02803062938432245,-0.16690752230085934,0.5629640364154687,-0.2447689982608348,-0.13694924892189891
179550,179,-0.16279593110084534,0.5904098749160767,-0.1636975109577179,0.5845301151275635,-0.4596129357814789,-0.16619588434696198,-0.5091564059257507,-0.2031102478504181,0.02763594500720501,0.017899081110954285,0.01000013668090105,0.010102428495883942,1.0441614389419556,0.7916573882102966,0.6367413997650146,0.8436815142631531,0.030770625919103622,0.015571768395602703,0.0038894149474799633,0.008034693077206612,3.237578868865967,12.06036376953125,0.010552137911156924,0.027604517768269478,-0.16935521228346784,0.5615945439262496,-0.2447689982608348,-0.13694924892189891
179551,179,-0.1662970781326294,0.5890042185783386,-0.16807067394256592,0.5828251242637634,-0.276615709066391,-0.13159869611263275,-0.38230928778648376,-0.1519491821527481,0.02579357475042343,0.016921749338507652,0.010000122711062431,0.010090003721415997,1.0449362993240356,0.7920956611633301,0.6362864375114441,0.8435266017913818,0.02847440540790558,0.014248661696910858,0.004415793344378471,0.008350469172000885,4.934077262878418,15.240581512451172,0.003039664571953749,0.01310741074438769,-0.1717109439787879,0.5602684481409016,-0.14872317780618385,-0.09162356755906952
179552,179,-0.16779838502407074,0.5884627103805542,-0.17074085772037506,0.5818300247192383,-0.06390777230262756,-0.01117590069770813,-0.17509426176548004,-0.06565132737159729,0.0237986259162426,0.01606656424701214,0.010247436352074146,0.010079076513648033,1.045566201210022,0.7923598885536194,0.6360122561454773,0.8433963060379028,0.026661373674869537,0.013668176718056202,0.004396114032715559,0.008269432000815868,-1.3009989261627197,12.70998477935791,-0.0016834036197177459,-0.01028134142351303,-0.1731135107645713,0.5593921673373128,-0.1402566785783205,-0.08762808035882373
179553,179,-0.16895435750484467,0.5879154205322266,-0.17197847366333008,0.5810250043869019,-0.11251378059387207,-0.050743408501148224,-0.0457800067961216,-0.057838324457407,0.02206967957317829,0.015320924110710621,0.037363745272159576,0.019482918083667755,1.0461523532867432,0.7924779653549194,0.6348317265510559,0.8428571224212646,0.025076808407902718,0.012449294328689575,0.01596946083009243,0.016095485538244247,-4.891901969909668,17.06151008605957,-0.021015304620501583,-0.04212440557728667,-0.17451607755035436,0.5585158865337241,-0.09165460465575853,0.22139257817836247
179554,179,-0.17038165032863617,0.5881280303001404,-0.17172758281230927,0.5809199810028076,-0.17237713932991028,0.07572325319051743,0.0782986730337143,0.033782709389925,0.020560262724757195,0.014666677452623844,0.03683120012283325,0.018304623663425446,1.046931266784668,0.7922051548957825,0.6342158913612366,0.8431304693222046,0.024107417091727257,0.011624659411609173,0.015806207433342934,0.015752892941236496,-5.442343711853027,15.707433700561523,-0.0024158615935215982,-0.03327544326271831,-0.17483422086211475,0.5645345636821294,-0.03049588318328916,0.6102506424418167
179555,179,-0.1726003885269165,0.5891594886779785,-0.170745387673378,0.581685483455658,-0.24948415160179138,0.13521520793437958,0.09646420925855637,0.12023214995861053,0.0192433949559927,0.01409333385527134,0.034922316670417786,0.017274880781769753,1.047845721244812,0.7916510105133057,0.63358473777771,0.8436843752861023,0.02292710170149803,0.010602741502225399,0.014990427531301975,0.015307924710214138,-5.772228240966797,17.524703979492188,-0.009955886738135139,-0.022146422055701828,-0.17513917969394777,0.5706370701065473,-0.030495883183302375,0.6102506424417637
179556,179,-0.17507219314575195,0.5912079811096191,-0.17057064175605774,0.5835140347480774,-0.2459818422794342,0.25538742542266846,-0.07682669162750244,0.23025989532470703,0.018096264451742172,0.01359189860522747,0.03170863538980484,0.016529932618141174,1.0487251281738281,0.7907905578613281,0.6330324411392212,0.8443670868873596,0.021750614047050476,0.010103223845362663,0.013630329631268978,0.014667241834104061,-3.869708776473999,13.960533142089844,-0.011243634656302567,-0.004750313361175283,-0.174424646881807,0.5756219267503675,0.08431328740960922,0.4843874781065452
179557,179,-0.17739154398441315,0.5937214493751526,-0.1724768728017807,0.586134672164917,-0.2201113998889923,0.26278865337371826,-0.26870718598365784,0.29244768619537354,0.017093712463974953,0.013152165338397026,0.028928840532898903,0.02292162925004959,1.0494182109832764,0.7898234724998474,0.6326355338096619,0.8446807861328125,0.020498929545283318,0.009550259448587894,0.012623550370335579,0.019892539829015732,-1.0731518268585205,13.36822509765625,-0.023893546172260735,0.0013840288090949462,-0.17358151400771096,0.5804658015314326,0.08431328740960922,0.4843874781065981
179558,179,-0.1790567934513092,0.5965245962142944,-0.1754733920097351,0.5893736481666565,-0.1352776437997818,0.28705230355262756,-0.31953883171081543,0.33775898814201355,0.016217505559325218,0.012766689993441105,0.026521222665905952,0.02286156453192234,1.0498123168945312,0.7888691425323486,0.6325222253799438,0.8452962040901184,0.019043268635869026,0.00952368974685669,0.012022355571389198,0.01986408606171608,3.2054662704467773,9.579949378967285,-0.022443370573410254,0.005828512253537546,-0.17179431226209094,0.5843531328578926,0.20412080807174518,0.362996864393302
179559,179,-0.1795809119939804,0.5990191102027893,-0.17856042087078094,0.5926989316940308,0.01859045773744583,0.22189418971538544,-0.2912290692329407,0.3213983476161957,0.015451420098543167,0.012428776361048222,0.024432705715298653,0.02436344139277935,1.0498100519180298,0.7882448434829712,0.6327688694000244,0.8456313014030457,0.017912842333316803,0.009647383354604244,0.011362547986209393,0.02071109600365162,2.7672243118286133,8.545546531677246,-0.02460010438491405,0.000702437720781917,-0.16975310418137338,0.5879831015018254,0.20412080807174518,0.36299686439324913
179560,179,-0.17890991270542145,0.6006306409835815,-0.18118853867053986,0.5954302549362183,0.10612958669662476,0.1180352196097374,-0.1949605494737625,0.23073476552963257,0.014780915342271328,0.012132338248193264,0.023279836401343346,0.023100489750504494,1.049660563468933,0.7878445386886597,0.6330913305282593,0.8460181355476379,0.017297880724072456,0.009429714642465115,0.010750051587820053,0.019890351220965385,-1.04789137840271,12.239664077758789,-0.014328450903902931,-0.015275272159307334,-0.16685324670171975,0.5908086879159016,0.32892667880310555,0.24607880130187548
179561,179,-0.17801499366760254,0.601951539516449,-0.18174150586128235,0.5973585247993469,0.07718691229820251,0.135575532913208,0.06494073569774628,0.1581955850124359,0.014193053357303143,0.01187191717326641,0.023227330297231674,0.021455584093928337,1.0495096445083618,0.7873514294624329,0.633353054523468,0.8465189933776855,0.01662098988890648,0.009031019173562527,0.010771697387099266,0.018673531711101532,-0.22357583045959473,13.279881477355957,0.0028016857753031706,-0.02286268784840642,-0.16356397991368923,0.5932694759289199,0.32892667880310555,0.24607880130187548
179562,179,-0.177079975605011,0.6035723686218262,-0.17992225289344788,0.598789632320404,0.10419628769159317,0.1750131994485855,0.25569942593574524,0.12914907932281494,0.013678562827408314,0.011643593199551105,0.021797094494104385,0.020024005323648453,1.0491286516189575,0.7866598963737488,0.633884608745575,0.8471437096595764,0.015595195814967155,0.008567477576434612,0.010620246641337872,0.017641747370362282,3.0112481117248535,14.235780715942383,0.0009904366937647999,-0.011836054460437543,-0.15951147989944908,0.595069097835587,0.45873089960370345,0.1336332888324772
179563,179,-0.1751730591058731,0.6057488918304443,-0.17650410532951355,0.6003156304359436,0.2435549646615982,0.23323605954647064,0.3881138861179352,0.16032390296459198,0.013228630647063255,0.011443603783845901,0.02032441832125187,0.018778173252940178,1.0484811067581177,0.7858922481536865,0.6346843838691711,0.8477540016174316,0.014814442954957485,0.008499499410390854,0.010161718353629112,0.016502033919095993,1.6161394119262695,12.813728332519531,-0.0056375444786055835,-0.008139762808522574,-0.15492417090341173,0.5964054307239115,0.45873089960370345,0.1336332888324243
179564,179,-0.1724671572446823,0.6078668236732483,-0.17241418361663818,0.6019088625907898,0.3065623939037323,0.2030133605003357,0.4343949556350708,0.17011213302612305,0.012833873741328716,0.01126790326088667,0.02165011502802372,0.01859166845679283,1.047656774520874,0.7852539420127869,0.6355312466621399,0.8482231497764587,0.014155801385641098,0.008503556251525879,0.010887198150157928,0.016144640743732452,-0.2056729793548584,11.967759132385254,-0.01727582476810304,-0.021857258302498607,-0.14967904155402995,0.5972148685281453,0.593533470473539,0.02566032698489561
179565,179,-0.16929581761360168,0.6096204519271851,-0.16807465255260468,0.6035784482955933,0.3431219756603241,0.16635006666183472,0.4385250210762024,0.17413651943206787,0.012487029656767845,0.011113346554338932,0.02394312247633934,0.01835312694311142,1.046614408493042,0.7846716046333313,0.6365414261817932,0.8486616611480713,0.013365661725401878,0.008361616171896458,0.012285660021007061,0.015937434509396553,0.7365512847900391,12.13589859008789,-0.01667298409459734,-0.024275037993822454,-0.14374370684929488,0.5974714717979945,0.5935334704735258,0.025660326984948478
179566,179,-0.16532576084136963,0.6113104224205017,-0.16368752717971802,0.6054142713546753,0.43428412079811096,0.16683045029640198,0.43215084075927734,0.1849200278520584,0.012183742597699165,0.01097805518656969,0.02376233972609043,0.01796458475291729,1.0452080965042114,0.7840484976768494,0.6379930973052979,0.8491340279579163,0.012335669249296188,0.008177310228347778,0.012873295694589615,0.015662305057048798,4.383120536804199,12.106990814208984,-0.015216557233592668,-0.022505566424333087,-0.137265961364219,0.5973265059047702,0.7333343914125989,-0.07784008424071062
179567,179,-0.1599469929933548,0.6131240129470825,-0.15916253626346588,0.6073996424674988,0.6102574467658997,0.17945995926856995,0.4596344828605652,0.19474469125270844,0.011917243711650372,0.010859064757823944,0.028069933876395226,0.020188840106129646,1.0433613061904907,0.783471941947937,0.6397300362586975,0.8493727445602417,0.011347021907567978,0.008272470906376839,0.01544085331261158,0.017266657203435898,5.179715156555176,10.612893104553223,-0.02052060379738758,-0.028745451043386716,-0.12993261745009252,0.5965481050623633,0.7333343914125989,-0.07784008424065775
179568,179,-0.15313203632831573,0.6145924925804138,-0.15439653396606445,0.6091327667236328,0.7385445833206177,0.12133550643920898,0.5086068511009216,0.15678267180919647,0.011683440767228603,0.01075458899140358,0.04648550972342491,0.027403220534324646,1.041249394416809,0.7831493616104126,0.6411836743354797,0.8491103053092957,0.010791285894811153,0.008585745468735695,0.02441868931055069,0.022767750546336174,2.677915096282959,9.743032455444336,-0.02852217950919699,-0.04964299431264389,-0.12218226902876798,0.5954845158766563,0.8781336624208899,-0.1768679448443415
179569,179,-0.1458752453327179,0.6151984930038452,-0.14866061508655548,0.6101781129837036,0.7257006168365479,0.0233861543238163,0.654888391494751,0.07233946025371552,0.01147838681936264,0.010662894695997238,0.06129299849271774,0.027313297614455223,1.0392742156982422,0.7833245396614075,0.6425334215164185,0.8488990068435669,0.01078819204121828,0.009292949922382832,0.0314750000834465,0.022332819178700447,-0.6333529949188232,6.457498073577881,-0.02669536287138739,-0.06415868279903345,-0.11340093240455745,0.5937158364282124,0.8781336624208899,-0.1768679448443415
179570,179,-0.13946351408958435,0.6142688989639282,-0.14164139330387115,0.6100742220878601,0.6023591756820679,-0.1574784517288208,0.7616100907325745,-0.059084124863147736,0.011298494413495064,0.01058240421116352,0.06080939620733261,0.026079116389155388,1.0373543500900269,0.7840299606323242,0.6443111896514893,0.8484815955162048,0.01025104708969593,0.009711829014122486,0.03230077028274536,0.02095658890902996,4.340925216674805,5.148522853851318,-0.017576406820346186,-0.057789048479641,-0.10433799424643149,0.5917694043549984,1.0279312834984118,-0.27142325482615565
179571,179,-0.13280777633190155,0.6121517419815063,-0.13328270614147186,0.6090776324272156,0.698560357093811,-0.2724497318267822,0.8731229305267334,-0.158470019698143,0.011140307411551476,0.010511583648622036,0.056660305708646774,0.024046095088124275,1.0352705717086792,0.7851036190986633,0.6464548707008362,0.8478776812553406,0.009713875129818916,0.009960680268704891,0.030980601906776428,0.01915217749774456,3.467731475830078,8.333538055419922,0.005479732527717156,-0.030644572469203678,-0.09405868141144665,0.5890551718067372,1.0279312834984118,-0.2714232548261028
179572,179,-0.1254747211933136,0.6092146635055542,-0.12428601086139679,0.6067842245101929,0.7572413086891174,-0.32153862714767456,0.8987749814987183,-0.30079832673072815,0.011001639068126678,0.019495822489261627,0.05392454192042351,0.02228161133825779,1.0328686237335205,0.7852363586425781,0.6488882303237915,0.8471436500549316,0.008760432712733746,0.016869915649294853,0.03061562590301037,0.01746918074786663,7.224407196044922,8.089451789855957,0.020854948101153584,-0.03657190361304807,-0.08364316671596467,0.5862616772509915,1.1701872978805388,-0.35420844759397646
179573,179,-0.11686477065086365,0.6058459877967834,-0.11533209681510925,0.6031971573829651,0.9326976537704468,-0.36058393120765686,0.8775045275688171,-0.4179443120956421,0.010880038142204285,0.02535020187497139,0.05140968784689903,0.02074764296412468,1.0300437211990356,0.7857411503791809,0.6517031788825989,0.8463019728660583,0.008025594986975193,0.022098582237958908,0.030082879588007927,0.016175640746951103,5.78230619430542,9.95478630065918,0.026330958139543077,-0.03531243499613593,-0.07181589416951073,0.5826466171091315,1.1827272546451713,-0.36150601418594164
179574,179,-0.10703112185001373,0.6022245287895203,-0.10662849247455597,0.5985624194145203,1.0289020538330078,-0.3677860200405121,0.8713603615760803,-0.49486392736434937,0.010772918350994587,0.03038426861166954,0.053652938455343246,0.01940619759261608,1.0268763303756714,0.7864065766334534,0.6546511650085449,0.8454453349113464,0.007262484170496464,0.0265201386064291,0.03200358524918556,0.01502755843102932,6.6896748542785645,10.101613998413086,0.031158696265773098,-0.05405871976977698,-0.05998862162305963,0.5790315569672722,1.2534841709393147,-0.3994142097181926
179575,179,-0.09615765511989594,0.5985350012779236,-0.0976315587759018,0.5936230421066284,1.126382827758789,-0.37297385931015015,0.9380248785018921,-0.4864189624786377,0.010679091326892376,0.030336035415530205,0.059044886380434036,0.018239080905914307,1.023415207862854,0.7876836657524109,0.6577048897743225,0.8445530533790588,0.006678675767034292,0.027211446315050125,0.035632241517305374,0.014011349529027939,7.360882759094238,9.663293838500977,0.030007093153006027,-0.06013566446030405,-0.046582600377506236,0.5745706782465906,1.3425215758611548,-0.447116222923858
179576,179,-0.08453118056058884,0.5946927070617676,-0.08746868371963501,0.5889842510223389,1.1875085830688477,-0.3952074646949768,1.0963011980056763,-0.4454660713672638,0.010596766136586666,0.030121173709630966,0.0667203739285469,0.017220990732312202,1.019774079322815,0.7891815900802612,0.6607889533042908,0.8435797095298767,0.0062499516643583775,0.027376119047403336,0.04056062921881676,0.013047006912529469,7.204117774963379,8.932132720947266,0.02865328990295625,-0.06839427708216186,-0.03315738461889377,0.5700995160173519,1.3425215758611548,-0.44711622292391084
179577,179,-0.07252565771341324,0.5905024409294128,-0.07569994777441025,0.5846050381660461,1.2159758806228638,-0.43405577540397644,1.2508349418640137,-0.430433064699173,0.010524251498281956,0.029938530176877975,0.06920382380485535,0.016328591853380203,1.01608145236969,0.790852427482605,0.664047360420227,0.842476487159729,0.0060445694252848625,0.02760622836649418,0.042673900723457336,0.012130534276366234,5.602920055389404,8.087387084960938,0.028693912450274833,-0.06971373271133345,-0.01826882973418218,0.5649078611303078,1.5073142471463765,-0.5282538810398518
179578,179,-0.06052465736865997,0.5858109593391418,-0.06272484362125397,0.5801501870155334,1.2001397609710693,-0.48567384481430054,1.339705467224121,-0.4516054093837738,0.010460561141371727,0.03146972134709358,0.06881791353225708,0.015548231080174446,1.012260913848877,0.7924339771270752,0.6675319671630859,0.8413232564926147,0.005549362860620022,0.028806254267692566,0.04365401715040207,0.011452626436948776,8.14771842956543,8.159072875976562,0.03171907132834804,-0.06646198868684727,-0.0031956872627191997,0.5596253223199097,1.5073142471463747,-0.5282538810398518
179579,179,-0.047938983887434006,0.5810035467147827,-0.048827845603227615,0.5756884813308716,1.2944573163986206,-0.48614051938056946,1.4132288694381714,-0.45449933409690857,0.010404608212411404,0.03572607785463333,0.06672210991382599,0.014865354634821415,1.0081137418746948,0.7937127947807312,0.6713851690292358,0.8401102423667908,0.004872197285294533,0.032332517206668854,0.04388948529958725,0.010802625678479671,10.442709922790527,7.472093105316162,0.03642999787022548,-0.053888589846667806,0.013167383123319446,0.5537386716714797,1.671013178378493,-0.6049189885339232
179580,179,-0.03423525020480156,0.5760474801063538,-0.03449791669845581,0.5710339546203613,1.427401065826416,-0.5079310536384583,1.4383774995803833,-0.4820641279220581,0.010355522856116295,0.0354180708527565,0.06553646922111511,0.014268336817622185,1.003496766090393,0.7954857349395752,0.6756268739700317,0.8388493061065674,0.0041346619836986065,0.03285764902830124,0.04463374987244606,0.010260290466248989,11.782097816467285,7.429163455963135,0.03335016323463262,-0.05823097657978951,0.029877514907105517,0.5476894817861404,1.6710131783784947,-0.6049189885339232
179581,179,-0.01908976584672928,0.5709215402603149,-0.019985662773251534,0.5660855174064636,1.5808178186416626,-0.5231531262397766,1.4595900774002075,-0.5127768516540527,0.01031232438981533,0.03507068753242493,0.06810867786407471,0.013744469732046127,0.9984235763549805,0.7973965406417847,0.6800801753997803,0.8375910520553589,0.0037287846207618713,0.03258194774389267,0.04724042862653732,0.00991148967295885,9.709671020507812,9.899773597717285,0.03274106729398897,-0.06862215821769016,0.04753869948101407,0.5411436157812985,1.8092500090681671,-0.6771115454061251
179582,179,-0.0028617442585527897,0.5658338665962219,-0.005045657977461815,0.5608359575271606,1.6463602781295776,-0.4935114085674286,1.5354702472686768,-0.5317999124526978,0.010274413041770458,0.03454393148422241,0.08120789378881454,0.013285927474498749,0.99317866563797,0.7993085384368896,0.6841972470283508,0.836307168006897,0.003579108277335763,0.032444246113300323,0.05609413608908653,0.009396021254360676,9.2720365524292,7.649381160736084,0.0310030461694843,-0.08404622036639614,0.06563119957169267,0.5343725003272393,1.8092500090681605,-0.6771115454060722
179583,179,0.013507612980902195,0.5605819821357727,0.010730545036494732,0.5553401112556458,1.6354598999023438,-0.5389490723609924,1.6256881952285767,-0.5519381761550903,0.010241118259727955,0.03287581354379654,0.08604101836681366,0.012884191237390041,0.9878886938095093,0.8015922904014587,0.688555121421814,0.834784209728241,0.0034735589288175106,0.03214448690414429,0.060640908777713776,0.00862635113298893,11.170560836791992,2.3998665809631348,0.021620920589759424,-0.08714981556675011,0.08435098077099039,0.5272031993709625,1.9159326490930595,-0.7448315516562987
179584,179,0.029910046607255936,0.5542947053909302,0.027317775413393974,0.5495138764381409,1.6554325819015503,-0.6917153596878052,1.6951904296875,-0.604655385017395,0.010211859829723835,0.03163473680615425,0.08488672226667404,0.012531866319477558,0.9823010563850403,0.8041751980781555,0.6934192776679993,0.8331508040428162,0.0029383536893874407,0.031013285741209984,0.06213163956999779,0.008364656008780003,13.76528263092041,6.464211940765381,0.02322716608093922,-0.0781347664440907,0.10351030726192234,0.5197548838543996,1.915932649093066,-0.7448315516562987
179585,179,0.04746810719370842,0.5477633476257324,0.0450982004404068,0.5435717701911926,1.8000622987747192,-0.6640645861625671,1.8099936246871948,-0.6257787942886353,0.010186149738729,0.04078211262822151,0.08315925300121307,0.012222766876220703,0.9764017462730408,0.8056525588035583,0.6985912322998047,0.8314061164855957,0.002589583396911621,0.0380932092666626,0.062457386404275894,0.007932625710964203,13.36172866821289,5.955936908721924,0.042356816123384475,-0.07302112329885155,0.1230362515612957,0.5119979283516615,1.9910610984531851,-0.8080790072846027
179586,179,0.0658208355307579,0.5409071445465088,0.06346368789672852,0.5369135737419128,1.8657201528549194,-0.7001000642776489,1.8608636856079102,-0.6975080966949463,0.010163524188101292,0.03992054611444473,0.08722259104251862,0.01195117924362421,0.9702447652816772,0.8080251812934875,0.7037113308906555,0.8296481966972351,0.0023250021040439606,0.038729093968868256,0.06633536517620087,0.00785789079964161,11.837051391601562,8.311540603637695,0.034233411292365956,-0.08810090492662775,0.1429468625458266,0.5039171382788165,1.9910610984531851,-0.8080790072846027
179587,179,0.0846894234418869,0.5340878963470459,0.08240480720996857,0.5297512412071228,1.897395133972168,-0.6640291213989258,1.917747139930725,-0.7279863953590393,0.010143686085939407,0.03938407450914383,0.09153931587934494,0.011713375337421894,0.9639938473701477,0.81049644947052,0.7088046073913574,0.8279665112495422,0.0022785395849496126,0.038245923817157745,0.07045614719390869,0.007660142611712217,11.408720016479492,7.972562313079834,0.03582750316139295,-0.09255157794672089,0.1630265364199526,0.4956083086345943,2.0346353571485243,-0.8668539122909842
179588,179,0.10357201844453812,0.527450442314148,0.10169137269258499,0.5224466323852539,1.8844685554504395,-0.6587035655975342,1.9379541873931885,-0.7223965525627136,0.010126279667019844,0.037608273327350616,0.09220825880765915,0.01150498352944851,0.9577434659004211,0.8130155801773071,0.7139868140220642,0.8263446092605591,0.0022998328786343336,0.03681550920009613,0.07212229818105698,0.007572457659989595,10.790414810180664,8.99118423461914,0.0257753173459834,-0.0923736244626017,0.18337288999143933,0.4869397695116845,2.034635357148537,-0.8668539122909842
179589,179,0.12232141941785812,0.521080732345581,0.12110880017280579,0.5154789090156555,1.8620895147323608,-0.6234852075576782,1.936468243598938,-0.674270510673523,0.010110943578183651,0.03526599705219269,0.09120423346757889,0.011321579106152058,0.9514873027801514,0.8156300187110901,0.7192208170890808,0.8246607184410095,0.0021112223621457815,0.035313062369823456,0.07286351919174194,0.007224289700388908,13.53306770324707,4.815425872802734,0.01961483335644104,-0.0854342510131049,0.20375385991500455,0.47811484613095173,2.046655425179096,-0.9211562666754433
179590,179,0.14114175736904144,0.5143712759017944,0.14026309549808502,0.5088421702384949,1.9002536535263062,-0.6978170275688171,1.9003347158432007,-0.6519374847412109,0.010097481310367584,0.03200359642505646,0.08905021101236343,0.011160752736032009,0.9451314806938171,0.818724513053894,0.7245622277259827,0.8226942420005798,0.0020242666359990835,0.033433929085731506,0.07243991643190384,0.0066376435570418835,13.440591812133789,1.79002046585083,0.007604825276462376,-0.07660510845347449,0.22422041416679456,0.4689032834641985,2.046655425179109,-0.9211562666754433
179591,179,0.1601005494594574,0.5065218210220337,0.1588817536830902,0.5019075274467468,1.9064980745315552,-0.8387773036956787,1.8472912311553955,-0.7204035520553589,0.01008564978837967,0.02949761226773262,0.08728422224521637,0.011019446887075901,0.938721239566803,0.8222271203994751,0.7299008369445801,0.8204392790794373,0.002012676792219281,0.03163892403244972,0.07195240259170532,0.006211044732481241,12.154455184936523,2.1704483032226562,0.01246757315817755,-0.07704057049466159,0.24465024661447587,0.45959804675193267,2.0271213025449013,-0.9709860704379535
179592,179,0.179052472114563,0.49762266874313354,0.17727355659008026,0.49420759081840515,1.8882437944412231,-0.9303044676780701,1.838418960571289,-0.8136689066886902,0.010075278580188751,0.0294033195823431,0.08523603528738022,0.010895680636167526,0.9323358535766602,0.8257456421852112,0.7351932525634766,0.8179745674133301,0.0020252324175089598,0.03151479735970497,0.07124451547861099,0.005915121175348759,12.220752716064453,2.7630972862243652,0.02875813022847952,-0.0732559735717708,0.26492145963992625,0.4498881860475531,2.0271213025449146,-0.9709860704379535
179593,179,0.1978500932455063,0.4880123436450958,0.19573217630386353,0.48552432656288147,1.868202805519104,-0.9907750487327576,1.8493505716323853,-0.9226251244544983,0.0100661376491189,0.03820965439081192,0.08241060376167297,0.010786672122776508,0.925948977470398,0.8282843828201294,0.7404772639274597,0.8153632283210754,0.0019634331110864878,0.03903684392571449,0.07000293582677841,0.005702302325516939,12.93919563293457,3.70086669921875,0.03963628505930368,-0.0658472489960368,0.2851477210864055,0.4401384164087297,1.9801716321007776,-1.0126689515058789
179594,179,0.21658460795879364,0.4780432879924774,0.21434736251831055,0.47578758001327515,1.8715301752090454,-1.0053824186325073,1.8625062704086304,-1.0217453241348267,0.010058118961751461,0.04518376663327217,0.07899599522352219,0.010691091418266296,0.9194296598434448,0.8308348655700684,0.7458891272544861,0.8127841353416443,0.0016414116835221648,0.0456821583211422,0.06862582266330719,0.0057082646526396275,15.33681869506836,5.367841720581055,0.046439908732565316,-0.05877452398001237,0.3049080509788684,0.4299749831729428,1.9760329892459265,-1.0163433235785675
179595,179,0.2357970029115677,0.4683685898780823,0.23325544595718384,0.46539387106895447,1.9378242492675781,-0.9586983323097229,1.8920916318893433,-1.0685365200042725,0.01005106046795845,0.046801354736089706,0.07555675506591797,0.01060698926448822,0.912679135799408,0.8338552117347717,0.7514427304267883,0.8102931380271912,0.0013644046848639846,0.048074014484882355,0.06697352975606918,0.005712240003049374,16.10653305053711,5.797171592712402,0.047077624290089326,-0.055060323616911266,0.3246683808713266,0.41981154993715836,1.9394388932179674,-1.0344470675152253
179596,179,0.25551915168762207,0.45899060368537903,0.2523595094680786,0.4547525644302368,1.9905290603637695,-0.9306669235229492,1.9229151010513306,-1.0548841953277588,0.010044869966804981,0.0455101877450943,0.07382231205701828,0.010533276945352554,0.9058427810668945,0.8374207615852356,0.7569425106048584,0.8076463341712952,0.001292368513531983,0.048450615257024765,0.06609097868204117,0.005278674885630608,15.898674011230469,1.1209893226623535,0.03710718101674189,-0.06338525667378517,0.3436122127516528,0.4092441807515635,1.8933904852821584,-1.0572280260972593
179597,179,0.2752593159675598,0.4488050937652588,0.27151569724082947,0.44408389925956726,1.9834951162338257,-1.0621336698532104,1.9371144771575928,-1.0553444623947144,0.01003943383693695,0.0433628223836422,0.07338269054889679,0.01046857237815857,0.8989697694778442,0.8414633870124817,0.7623415589332581,0.8048586249351501,0.0013154156040400267,0.046949367970228195,0.06611567735671997,0.005185598507523537,12.950630187988281,3.994934558868408,0.02930750749829157,-0.07072692686633966,0.3625461176044758,0.398671900490591,1.8933904852821584,-1.0572280260972593
179598,179,0.2948794662952423,0.43819817900657654,0.2911531329154968,0.43361979722976685,1.9458500146865845,-1.060508131980896,1.9834624528884888,-1.041980504989624,0.010034660808742046,0.04589533433318138,0.07307449728250504,0.01041178498417139,0.8921592235565186,0.8451348543167114,0.7676398158073425,0.8019515872001648,0.001243407721631229,0.049153391271829605,0.06659923493862152,0.004838627763092518,15.598098754882812,0.17429113388061523,0.046386731514688265,-0.07120832689185949,0.38046596952632017,0.38777628469460607,1.7791937906536368,-1.0936401779940284
179599,179,0.31437480449676514,0.4271050691604614,0.3109746277332306,0.4230567216873169,1.9582581520080566,-1.1479583978652954,1.9810529947280884,-1.0697755813598633,0.010030449368059635,0.045676812529563904,0.0722322091460228,0.010361701250076294,0.8854419589042664,0.8492754101753235,0.7727950811386108,0.7987775206565857,0.0016192669281736016,0.05024579167366028,0.0658399686217308,0.004541810601949692,10.800833702087402,1.0206913948059082,0.04425676086948992,-0.0671504176793152,0.3982579074328556,0.3768398829146673,1.7791937906536368,-1.0936401779940284
179600,179,0.3331432342529297,0.41513049602508545,0.3304078280925751,0.41183242201805115,1.8332655429840088,-1.2198752164840698,1.923825979232788,-1.1543030738830566,0.010026751086115837,0.05439436063170433,0.07262486219406128,0.010317739099264145,0.879176676273346,0.8527489304542542,0.7775267958641052,0.7953909039497375,0.002153756096959114,0.05827358365058899,0.06571386754512787,0.004208326805382967,8.685407638549805,-0.06348252296447754,0.05595529107664195,-0.07270490697701903,0.41490134587089567,0.36565180091327015,1.6334429053603086,-1.1255797792688487
179601,179,0.3505558669567108,0.4024515748023987,0.349099725484848,0.39978674054145813,1.6820237636566162,-1.2880222797393799,1.8276824951171875,-1.2364263534545898,0.010023504495620728,0.06491141766309738,0.07039261609315872,0.010279147885739803,0.8733116388320923,0.8559597134590149,0.7820477485656738,0.7919106483459473,0.00248581706546247,0.06865769624710083,0.06399865448474884,0.0041356440633535385,9.330482482910156,0.5501604080200195,0.06696567469674294,-0.05686216621510093,0.4312357749245,0.3543960031205816,1.633442905360335,-1.1255797792688487
179602,179,0.3669580817222595,0.38967275619506836,0.3668847978115082,0.38720622658729553,1.5969860553741455,-1.2743126153945923,1.7196003198623657,-1.2840341329574585,0.010020655579864979,0.07605654001235962,0.06567449122667313,0.010245287790894508,0.8676964640617371,0.8591497540473938,0.7865123748779297,0.7882902026176453,0.0025488424580544233,0.0807221531867981,0.060593925416469574,0.0037914460990577936,12.68333911895752,-3.7313592433929443,0.07846603423706691,-0.03676281609338475,0.4463965424843087,0.34295123531874516,1.4628495935163697,-1.1530468299217729
179603,179,0.38285166025161743,0.37635818123817444,0.38316017389297485,0.3739900588989258,1.5853486061096191,-1.366733193397522,1.5437434911727905,-1.3484299182891846,0.010018148459494114,0.07744143158197403,0.0601232647895813,0.010215511545538902,0.8619892001152039,0.8633531928062439,0.7911115884780884,0.7846589684486389,0.0022998328786343336,0.08454462885856628,0.056552957743406296,0.003921761177480221,13.706552505493164,-0.24683833122253418,0.07774124541806901,-0.025673258377844815,0.46102503841947,0.3314207670195303,1.4628495935163697,-1.1530468299217465
179604,179,0.39909836649894714,0.3631429970264435,0.3980180323123932,0.3605218231678009,1.63176429271698,-1.309477686882019,1.4234776496887207,-1.3659957647323608,0.010015944950282574,0.09078781306743622,0.05552517622709274,0.010189342312514782,0.8563486337661743,0.8667183518409729,0.7955577373504639,0.7810121774673462,0.0026458657812327147,0.09605498611927032,0.05215267464518547,0.003760111518204212,11.09351634979248,-1.1039519309997559,0.09377007388938194,-0.02660415671627553,0.47466225315573196,0.31975509382223255,1.2942609115783388,-1.1760413299527748
179605,179,0.4147270619869232,0.3498172461986542,0.4117221236228943,0.3465409576892853,1.5229196548461914,-1.3279484510421753,1.363201379776001,-1.398847222328186,0.010014014318585396,0.0902269184589386,0.05319873243570328,0.01016637310385704,0.850935697555542,0.8709105849266052,0.7997315526008606,0.7774409651756287,0.0026720748282969,0.09886251389980316,0.05010974779725075,0.0038658957928419113,13.376825332641602,-0.8663451671600342,0.0869883234063885,-0.03840457405501918,0.4876048622715162,0.30799468052270496,1.2942609115783388,-1.1760413299527748
179606,179,0.4299413561820984,0.33686599135398865,0.4257110059261322,0.33289745450019836,1.5024330615997314,-1.2794743776321411,1.420624017715454,-1.3411353826522827,0.010012314654886723,0.09136173129081726,0.0497078113257885,0.010146204382181168,0.8457325100898743,0.8753008842468262,0.8037153482437134,0.7739018201828003,0.0030794928316026926,0.10035447776317596,0.04683052375912666,0.0037483631167560816,11.0316801071167,-1.792147159576416,0.09163537603314284,-0.02730956120432021,0.4997673138261404,0.2961438823349185,1.1343886236603582,-1.1945632793618277
179607,179,0.4442422091960907,0.3238811492919922,0.4398403763771057,0.31955283880233765,1.3849977254867554,-1.298051357269287,1.4148141145706177,-1.3121705055236816,0.01001082081347704,0.09046859294176102,0.04711347073316574,0.01012845803052187,0.840656042098999,0.8796090483665466,0.8076170682907104,0.7706843614578247,0.0028722179122269154,0.09846562147140503,0.044891607016325,0.004280066583305597,13.678071975708008,3.9408326148986816,0.0853221542874813,-0.03035399125688326,0.5111112000627431,0.28419824954130163,1.1343886236603318,-1.1945632793618277
179608,179,0.45858263969421387,0.3122915029525757,0.45445308089256287,0.30738914012908936,1.4305733442306519,-1.0919221639633179,1.454826831817627,-1.1717833280563354,0.010009507648646832,0.09025854617357254,0.04328272491693497,0.010112882591784,0.8356648683547974,0.8835461139678955,0.8114349842071533,0.7676593661308289,0.00313014630228281,0.09790651500225067,0.04150853678584099,0.004225029144436121,12.627876281738281,0.23234128952026367,0.08904443895997255,-0.01827302960979696,0.5218686195878874,0.2721981067680047,0.9832327297624018,-1.2086126781489845
179609,179,0.4723421633243561,0.3011874556541443,0.4684623181819916,0.29589131474494934,1.355339527130127,-1.0940605401992798,1.3774217367172241,-1.1046983003616333,0.010008356533944607,0.08524461835622787,0.041880857199430466,0.010099192149937153,0.8308813571929932,0.8878502249717712,0.8150048851966858,0.7645328044891357,0.0031964159570634365,0.09530828893184662,0.0400901697576046,0.003919800277799368,13.948795318603516,-5.1505231857299805,0.05608850862060953,-0.03266321267855282,0.531700946885512,0.260111979986515,0.983232729762349,-1.2086126781489845
179610,179,0.4856509566307068,0.28962504863739014,0.48178794980049133,0.2849467992782593,1.3301732540130615,-1.1870238780975342,1.3147355318069458,-1.075141191482544,0.010007343254983425,0.08060775697231293,0.040143635123968124,0.010087157599627972,0.8261706829071045,0.8925617933273315,0.8184792399406433,0.7612536549568176,0.00333003350533545,0.0910905972123146,0.038494646549224854,0.00378067372366786,11.774942398071289,-4.041032791137695,0.05332616209276744,-0.02867733203392489,0.5411230655333389,0.24799827303268007,0.8407932298844696,-1.2181895263141924
179611,179,0.4986060559749603,0.27758124470710754,0.4947251081466675,0.27415192127227783,1.273990273475647,-1.214963674545288,1.2797638177871704,-1.0858896970748901,0.010006452910602093,0.07835201174020767,0.03926289826631546,0.010076582431793213,0.821593701839447,0.8970900774002075,0.8218048810958862,0.7580278515815735,0.003415934043005109,0.08759622275829315,0.03761158883571625,0.0038903949316591024,11.626019477844238,-1.0295665264129639,0.0649555128673759,-0.033426512257348634,0.5495309978321831,0.23581637776953956,0.8407932298844696,-1.2181895263142055
179612,179,0.5112394690513611,0.2658534348011017,0.5074707269668579,0.26332396268844604,1.2406976222991943,-1.1480625867843628,1.2542983293533325,-1.0952997207641602,0.01000567153096199,0.07683712244033813,0.03849918395280838,0.010067307390272617,0.8171636462211609,0.9012508988380432,0.8249866962432861,0.7549585700035095,0.0035634657833725214,0.08517390489578247,0.036845605820417404,0.004007075913250446,11.91006851196289,-0.21735191345214844,0.0677719815829759,-0.0334145362043099,0.557687546754851,0.22362488704014505,0.7070701240266409,-1.2232938238575042
179613,179,0.5234234929084778,0.25473424792289734,0.5197458863258362,0.2522776424884796,1.1914845705032349,-1.0863901376724243,1.1958407163619995,-1.1154804229736328,0.0100049814209342,0.07381026446819305,0.03849611058831215,0.010059142485260963,0.8130629658699036,0.9055055379867554,0.8278496265411377,0.751745879650116,0.004044357221573591,0.08354910463094711,0.03631420060992241,0.0035390283446758986,10.884559631347656,-5.794968605041504,0.055637332033711226,-0.038475686621237126,0.5647582479951166,0.21139194880157153,0.7070701240266409,-1.2232938238575042
179614,179,0.5344840288162231,0.24291805922985077,0.530906081199646,0.24060285091400146,1.0656843185424805,-1.2227593660354614,1.0782830715179443,-1.1781517267227173,0.01000437792390585,0.06945263594388962,0.04026927426457405,0.010051966644823551,0.8093056082725525,0.9101711511611938,0.830369234085083,0.7483916878700256,0.004377421457320452,0.07969939708709717,0.03744969889521599,0.0035380509216338396,9.193921089172363,-3.292078971862793,0.04304633435893945,-0.040574446558008015,0.5717189583447878,0.1991584547015898,0.5921901535381006,-1.2238743932254685
179615,179,0.5446351170539856,0.23078100383281708,0.5413740277290344,0.22881855070590973,0.9690127968788147,-1.2151434421539307,1.0120649337768555,-1.186295509338379,0.010003846138715744,0.06833670288324356,0.039094120264053345,0.010045651346445084,0.8058615922927856,0.9146167039871216,0.8328168392181396,0.7450470328330994,0.004615705460309982,0.07753458619117737,0.03647875785827637,0.0034745356533676386,10.664701461791992,-3.20597767829895,0.061535607379192656,-0.03132310106260178,0.5775395924666752,0.18691919899380252,0.5820634121888099,-1.2239255707788672
179616,179,0.5540512204170227,0.21867305040359497,0.5510507225990295,0.21689903736114502,0.911323606967926,-1.2131377458572388,0.9239476323127747,-1.2020282745361328,0.010003379546105862,0.06703641265630722,0.037215299904346466,0.01004011183977127,0.8025392889976501,0.9187301993370056,0.8352595567703247,0.7419459819793701,0.004626546986401081,0.07495471835136414,0.034921687096357346,0.003907057456672192,11.529733657836914,2.6024508476257324,0.0590667969645169,-0.024708778854109187,0.5833602265885632,0.17467994328601377,0.530570066110892,-1.2221639080016775
179617,179,0.5632732510566711,0.20767994225025177,0.5601471662521362,0.20521219074726105,0.900570809841156,-1.0415992736816406,0.8690661787986755,-1.1640565395355225,0.010002970695495605,0.06569640338420868,0.03560865670442581,0.010035243816673756,0.7994775772094727,0.9225649237632751,0.8374568223953247,0.7389646172523499,0.005063906311988831,0.07363363355398178,0.03310424089431763,0.003747384063899517,10.832529067993164,-1.2506687641143799,0.057458090295644526,-0.024864593473795618,0.5880319263392185,0.16247999430558743,0.46577309437097664,-1.2199471087084592
179618,179,0.5715129971504211,0.19688646495342255,0.5680391788482666,0.19348599016666412,0.7875118255615234,-1.0782865285873413,0.7516851425170898,-1.1433606147766113,0.010002611204981804,0.06048715487122536,0.03511368855834007,0.01003096904605627,0.7968429923057556,0.9269745945930481,0.8393116593360901,0.7356956601142883,0.005501728970557451,0.07068374752998352,0.03210337832570076,0.0031671749893575907,10.728282928466797,-7.12512731552124,0.028166605221184055,-0.03179194517213063,0.5926896572829291,0.1502805232185014,0.46577309437097664,-1.2199471087084592
179619,179,0.5785963535308838,0.18492358922958374,0.5748155117034912,0.18193462491035461,0.6725530624389648,-1.2534005641937256,0.6479454040527344,-1.1395013332366943,0.010002294555306435,0.0562930665910244,0.03360354155302048,0.010027222335338593,0.7944936156272888,0.9318580031394958,0.8410220742225647,0.7321562767028809,0.0057311225682497025,0.06652361899614334,0.03065873123705387,0.0029908977448940277,10.084321975708008,-5.633835792541504,0.029845532591650625,-0.023410031922234606,0.5963921447051078,0.1381622080579328,0.35819917057324685,-1.2108078041667532
179620,179,0.584990382194519,0.17215202748775482,0.5810956358909607,0.1706029176712036,0.6035894155502319,-1.3059873580932617,0.6025646328926086,-1.1424771547317505,0.010002014227211475,0.05606797710061073,0.030917998403310776,0.010023919865489006,0.7922008037567139,0.936280369758606,0.8427979946136475,0.7287346720695496,0.005557303316891193,0.06429960578680038,0.028634490445256233,0.0032636949326843023,13.141738891601562,-0.4415404796600342,0.05464484411268741,-0.012741391145712697,0.59997413641084,0.12605413001626672,0.35819917057324685,-1.2108078041667598
179621,179,0.5915231704711914,0.16002942621707916,0.5873388051986694,0.15945400297641754,0.6546838879585266,-1.1756258010864258,0.6037160754203796,-1.1360841989517212,0.010001769289374352,0.06176844611763954,0.02824717015028,0.010021020658314228,0.7900854349136353,0.9397442936897278,0.8443726897239685,0.725324809551239,0.006113327573984861,0.06921273469924927,0.025803206488490105,0.003057094756513834,9.574987411499023,-2.5742673873901367,0.06292552279541241,-0.009223153738704179,0.6027771426567027,0.11405982014674518,0.25934164079556765,-1.1963699987838148
179622,179,0.5970462560653687,0.14788363873958588,0.5927107334136963,0.14731980860233307,0.49877476692199707,-1.2127118110656738,0.505196750164032,-1.2487183809280396,0.01000155508518219,0.059113163501024246,0.027768613770604134,0.010018467903137207,0.7884270548820496,0.9438929557800293,0.8455634713172913,0.7218492031097412,0.0064666420221328735,0.06873117387294769,0.024866927415132523,0.002958785044029355,9.873714447021484,-4.898440837860107,0.042530425688896895,-0.024489120565512515,0.6053705590646583,0.10209612015890618,0.25934164079551475,-1.1963699987838148
179623,179,0.6015125513076782,0.13553185760974884,0.5973358750343323,0.13453328609466553,0.4168408215045929,-1.243306040763855,0.4361211061477661,-1.285606861114502,0.010001368820667267,0.05753049626946449,0.0255157221108675,0.010016228072345257,0.7868235111236572,0.9481708407402039,0.8468455076217651,0.7184920310974121,0.0061940886080265045,0.06637383252382278,0.023359112441539764,0.003116506850346923,13.916268348693848,-2.4579954147338867,0.04757676029423166,-0.007996459970554162,0.607343815286365,0.09026820358716096,0.16920050503783327,-1.1766336925598029
179624,179,0.6062166690826416,0.12363703548908234,0.6017893552780151,0.12205375730991364,0.4869462251663208,-1.1717166900634766,0.43134525418281555,-1.2375612258911133,0.010001203045248985,0.056800566613674164,0.023558879271149635,0.010014260187745094,0.7853293418884277,0.952286422252655,0.8479282855987549,0.7151307463645935,0.0068188817240297794,0.06540163606405258,0.021039236336946487,0.0029685150366276503,7.914667129516602,-1.810312271118164,0.052196183338474395,-0.0011044831612239611,0.6090358203367437,0.07850186666156354,0.16920050503788614,-1.1766336925598029
179625,179,0.6099164485931396,0.11166410148143768,0.6054653525352478,0.10942626744508743,0.306840181350708,-1.1939865350723267,0.3368663787841797,-1.25229012966156,0.01000105682760477,0.05462699383497238,0.022925328463315964,0.010012528859078884,0.7843029499053955,0.956409215927124,0.8486954569816589,0.7118508815765381,0.007081656716763973,0.06317120045423508,0.020169684663414955,0.003084362717345357,9.498085975646973,-1.2954390048980713,0.040874068358376175,-0.018521406788910726,0.6102490576864552,0.06688273139432388,0.08777576330025526,-1.1515988854946375
179626,179,0.6127145886421204,0.10005152225494385,0.608584463596344,0.09737297892570496,0.252514511346817,-1.1396533250808716,0.28062281012535095,-1.168927788734436,0.010000928305089474,0.05318571627140045,0.021306907758116722,0.010011009871959686,0.7833662033081055,0.9603561758995056,0.8494604825973511,0.7087164521217346,0.007007386069744825,0.06109242141246796,0.018948577344417572,0.003116506850346923,12.653026580810547,-1.691666841506958,0.04400248823625763,0.0028746633629668367,0.6111268153194579,0.05536674253937679,0.08777576330025526,-1.1515988854946277
179627,179,0.615455687046051,0.08891597390174866,0.6111788749694824,0.0861969068646431,0.2767079770565033,-1.0998896360397339,0.23317955434322357,-1.0841861963272095,0.010000815615057945,0.050756897777318954,0.019895188510417938,0.010009674355387688,0.7824657559394836,0.9644307494163513,0.8501611948013306,0.7054381966590881,0.007150945719331503,0.05945299565792084,0.01763635128736496,0.0027351928874850273,12.767677307128906,-6.1865973472595215,0.03522067836508319,0.006451836551486186,0.6116497649493343,0.04399877658337063,0.015067415582674975,-1.121265577588303
179628,179,0.6179000735282898,0.07713001221418381,0.6130374670028687,0.07525047659873962,0.23574930429458618,-1.219120740890503,0.17243342101573944,-1.0874454975128174,0.01000071782618761,0.047700945287942886,0.018665218725800514,0.010008503682911396,0.7816222906112671,0.9688785672187805,0.8508416414260864,0.7019241452217102,0.007114790845662355,0.05683423578739166,0.016581326723098755,0.002505206037312746,13.108434677124023,-6.512755393981934,0.027979313101652803,-0.00243113675999225,0.6118004391051611,0.032786120807488175,0.015067415582674975,-1.121265577588303
179629,179,0.6202925443649292,0.06459026783704758,0.6148180365562439,0.06438828259706497,0.2408752143383026,-1.2822993993759155,0.1875036656856537,-1.0917059183120728,0.010000629350543022,0.04749745875597,0.01759098656475544,0.010007473640143871,0.7807689309120178,0.9731110334396362,0.8514907956123352,0.698415219783783,0.0071901241317391396,0.05535898730158806,0.01554834470152855,0.002657513599842787,11.053266525268555,-2.0474112033843994,0.0461787189274217,-0.0014952675129972712,0.6117028321673629,0.02171171216944745,-0.04892453811485471,-1.0856337688408215
179630,179,0.6225834488868713,0.05225861072540283,0.6169074773788452,0.05335645750164986,0.21091842651367188,-1.2003039121627808,0.21417099237442017,-1.1380294561386108,0.010000553913414478,0.056364983320236206,0.016650734469294548,0.01000656746327877,0.779984176158905,0.9758514761924744,0.8520950078964233,0.6952039003372192,0.0071931383572518826,0.06192505732178688,0.014754063449800014,0.002976299962028861,12.16265869140625,0.05942344665527344,0.05794763321056798,-0.008209165606704559,0.6112135867862145,0.010855374481038486,-0.048924538114801845,-1.0856337688408224
179631,179,0.6247967481613159,0.041138507425785065,0.619167685508728,0.04171542823314667,0.21498200297355652,-1.0546739101409912,0.22010564804077148,-1.195143461227417,0.01000048778951168,0.05519600212574005,0.015830449759960175,0.010005769319832325,0.7793158292770386,0.9791144728660583,0.852583646774292,0.692200779914856,0.007414364255964756,0.0625520795583725,0.013885989785194397,0.0029782461933791637,11.359842300415039,-2.6592206954956055,0.04779186373403563,-0.009834687072599463,0.6105651544329016,0.00011691116768985498,-0.10420009779233382,-1.0447034592521818
179632,179,0.6265259981155396,0.030587954446673393,0.6210178136825562,0.029362807050347328,0.15453912317752838,-1.0392777919769287,0.16934598982334137,-1.2351791858673096,0.010000426322221756,0.05127427726984024,0.017073148861527443,0.010005068965256214,0.7788377404212952,0.982880175113678,0.8528238534927368,0.6892502307891846,0.007625867612659931,0.05938353389501572,0.014646073803305626,0.002904308959841728,10.330848693847656,-3.523883819580078,0.02626412822794788,-0.017260295940444634,0.6095231534549783,-0.010330123424831429,-0.10420009779233382,-1.0447034592521813
179633,179,0.6277185082435608,0.020095156505703926,0.6224463582038879,0.017386632040143013,0.09582049399614334,-1.0549472570419312,0.12455996870994568,-1.144946813583374,0.010000375099480152,0.047517355531454086,0.016727160662412643,0.010004452429711819,0.7786803245544434,0.9869059324264526,0.8528985977172852,0.6861624121665955,0.008156060241162777,0.05574928596615791,0.014018726535141468,0.002656542928889394,7.602047920227051,-5.020740032196045,0.023309992340643737,-0.014274064538365765,0.6083936268383116,-0.020690253406756197,-0.15075926344976232,-0.9984746488223865
179634,179,0.6278375387191772,0.009028966538608074,0.623131513595581,0.006317610386759043,-0.03360345587134361,-1.126024603843689,0.03599255532026291,-1.0589393377304077,0.010000329464673996,0.04460526630282402,0.016055185347795486,0.010003910399973392,0.7787613272666931,0.990879237651825,0.852920413017273,0.6830844879150391,0.008110535331070423,0.05210218206048012,0.0135210445150733,0.0027225667145103216,10.940067291259766,-3.3552026748657227,0.025661111877872678,-0.011283125166990886,0.6068860342038138,-0.03067499989497955,-0.15075926344976232,-0.9984746488223865
179635,179,0.6277615427970886,-0.0018694013124331832,0.623378574848175,-0.0035967451985925436,-0.012854631058871746,-1.0815694332122803,-0.007241927087306976,-0.9634075164794922,0.010000286623835564,0.043673768639564514,0.015308862552046776,0.010003437288105488,0.7788599729537964,0.9945417046546936,0.8528895378112793,0.6800584197044373,0.008275508880615234,0.05031255632638931,0.012768748216331005,0.0026778997853398323,10.607962608337402,-3.051304817199707,0.03758340904323257,0.004360779021313093,0.605345144475953,-0.04061440853875365,-0.1855364080125649,-0.9511215434480318
179636,179,0.6274230480194092,-0.012606685981154442,0.6229237914085388,-0.013135889545083046,-0.052677568048238754,-1.066725254058838,-0.07623334974050522,-0.9512935876846313,0.010000249370932579,0.04223700612783432,0.014655929058790207,0.010003019124269485,0.7791166305541992,0.9980625510215759,0.8527492880821228,0.6771056056022644,0.008473129011690617,0.048565253615379333,0.012102441862225533,0.0027837662491947412,10.057573318481445,-2.457916736602783,0.0328086327875394,-0.0028576419315637716,0.6034591241250814,-0.050083881914267506,-0.1886020350871931,-0.9469473375514328
179637,179,0.6266305446624756,-0.02302173711359501,0.6219147443771362,-0.02267133817076683,-0.09484834969043732,-1.0128141641616821,-0.1162489503622055,-0.9555264115333557,0.010000220499932766,0.04091197997331619,0.01408443134278059,0.010002654045820236,0.7795718312263489,1.0015133619308472,0.8524686098098755,0.6741906404495239,0.008709629066288471,0.04717712104320526,0.011446412652730942,0.002640042221173644,10.396726608276367,-5.0341081619262695,0.03217869511476307,-0.0004962514144476772,0.6015731037742095,-0.059553355289782485,-0.2014991934301282,-0.9217848711986492
179638,179,0.6252924799919128,-0.03341834992170334,0.6203807592391968,-0.032575223594903946,-0.15179893374443054,-1.0423500537872314,-0.17009693384170532,-1.0064897537231445,0.010000195354223251,0.038976818323135376,0.013582740910351276,0.010002330876886845,0.7800728678703308,1.00493586063385,0.8521902561187744,0.6713711023330688,0.008593865670263767,0.044891607016325,0.011096778325736523,0.0027847380843013525,12.078971862792969,-3.119783401489258,0.026197258352450237,0.0025221770925877227,0.599399318311142,-0.06846139646755321,-0.2177284127045204,-0.8901215254393259
179639,179,0.6240352988243103,-0.043355792760849,0.6187988519668579,-0.04259338229894638,-0.12066728621721268,-0.9703765511512756,-0.1597292572259903,-1.0123066902160645,0.010000172071158886,0.038161516189575195,0.01314426027238369,0.010002045892179012,0.7806925773620605,1.008216381072998,0.8517419099807739,0.6685526371002197,0.009068699553608894,0.04387452453374863,0.010392853990197182,0.002609958639368415,8.46458911895752,-4.650679588317871,0.03273955166770451,0.00882491687156407,0.5972220341840961,-0.07736261172194812,-0.2177284127045204,-0.8901215254393259
179640,179,0.6220166087150574,-0.053419869393110275,0.6167668700218201,-0.05315661057829857,-0.24430647492408752,-1.0137898921966553,-0.22106486558914185,-1.0663281679153442,0.01000015065073967,0.03635198250412941,0.01275989506393671,0.01000179722905159,0.7815863490104675,1.0115519762039185,0.8511840105056763,0.6657159328460693,0.009130841121077538,0.04225420206785202,0.010053983889520168,0.00257309153676033,11.064069747924805,-5.081443786621094,0.02427216675953009,0.0013690516788076486,0.5948635118543563,-0.08571217053969585,-0.23813839630184996,-0.8279972124860627
179641,179,0.619625985622406,-0.06349136680364609,0.6145033836364746,-0.0636361613869667,-0.24069951474666595,-1.0118557214736938,-0.24033139646053314,-1.0369668006896973,0.01751699484884739,0.03598649054765701,0.012422592379152775,0.01000157929956913,0.7815456986427307,1.014788269996643,0.8505995869636536,0.6628516912460327,0.01469582412391901,0.04163673520088196,0.009738434106111526,0.00246158498339355,11.408476829528809,-5.192525386810303,0.03354093146570833,0.01859885266083299,0.5924821278913376,-0.09399214266455702,-0.23813839630184996,-0.8279972124860627
179642,179,0.6172653436660767,-0.07368454337120056,0.612001895904541,-0.07383335381746292,-0.23393863439559937,-1.0289946794509888,-0.2587522864341736,-1.0073387622833252,0.017490165308117867,0.036950625479221344,0.012127647176384926,0.010001388378441334,0.7823232412338257,1.0178126096725464,0.8499662280082703,0.6599621176719666,0.015492993406951427,0.04239276796579361,0.009393978863954544,0.0024305740371346474,9.339216232299805,-3.725377321243286,0.037131434490102366,0.017299651015511543,0.5900085998470853,-0.10174083111555463,-0.24983198587912894,-0.7605743986916399
179643,179,0.6146592497825623,-0.08389266580343246,0.6093026995658875,-0.08382463455200195,-0.2793029248714447,-1.0108383893966675,-0.2777179777622223,-0.9906551837921143,0.017233360558748245,0.04309006780385971,0.011868123896420002,0.010001218877732754,0.7833234071731567,1.0199471712112427,0.8493252396583557,0.6572859287261963,0.015356828458607197,0.04722396656870842,0.009182817302644253,0.0027371353935450315,10.028276443481445,-0.44389843940734863,0.04416390271334443,0.015415061884371195,0.5875102799882936,-0.10934657510247245,-0.24983198587912894,-0.7605743986916464
179644,179,0.6119929552078247,-0.09315162897109985,0.6066493988037109,-0.09338600188493729,-0.27102261781692505,-0.8685949444770813,-0.2720605134963989,-0.9438536167144775,0.021203145384788513,0.046402789652347565,0.011640369892120361,0.010001069866120815,0.7839419841766357,1.0220024585723877,0.8485587239265442,0.6548590660095215,0.01859317161142826,0.050830695778131485,0.008796005509793758,0.00282944249920547,8.892581939697266,-2.035660743713379,0.04699465712709647,0.02180093256155141,0.5849914773816897,-0.11645200517998869,-0.25280918143635733,-0.6878530840560638
179645,179,0.6088541746139526,-0.10165948420763016,0.6036220788955688,-0.10273194313049316,-0.3346719741821289,-0.8210909366607666,-0.31871217489242554,-0.9072607159614563,0.021083442494273186,0.044199179857969284,0.011440720409154892,0.010000944137573242,0.7850841879844666,1.0245153903961182,0.8477501273155212,0.6526351571083069,0.018911587074398994,0.04956641048192978,0.00864665862172842,0.002976299962028861,10.089197158813477,-2.3152661323547363,0.02981542690238384,0.020244700631311542,0.5824633855673261,-0.12333053602054894,-0.25280918143635733,-0.6878530840560572
179646,179,0.6055804491043091,-0.1095033511519432,0.6003609895706177,-0.11122972518205643,-0.329093873500824,-0.7586788535118103,-0.3368319272994995,-0.799064576625824,0.02921292930841446,0.04183272272348404,0.011265297420322895,0.010000829584896564,0.7853310704231262,1.0271321535110474,0.8469671010971069,0.6505154967308044,0.024702362716197968,0.047305021435022354,0.008581685833632946,0.0029286255594342947,11.91042709350586,-4.658107757568359,0.026304152098177602,0.030503270538976293,0.5799690395505304,-0.1297503197178565,-0.24706998297353513,-0.6098332685793347
179647,179,0.602510929107666,-0.1171414703130722,0.5969674587249756,-0.11865755915641785,-0.2871231138706207,-0.7642422318458557,-0.33536070585250854,-0.6948564648628235,0.030504416674375534,0.03895045816898346,0.011111229658126831,0.01000072993338108,0.785984992980957,1.0297716856002808,0.8463406562805176,0.6484416723251343,0.02608235739171505,0.04440119490027428,0.008659860119223595,0.0029655960388481617,12.871025085449219,-3.8853025436401367,0.019906502117838704,0.030710964608925785,0.5774983397207946,-0.1358486524036502,-0.24706998297358798,-0.6098332685793347
179648,179,0.6000969409942627,-0.12455813586711884,0.5939310789108276,-0.12507951259613037,-0.2108699381351471,-0.7280476093292236,-0.27641570568084717,-0.6094433069229126,0.029827039688825607,0.037019673734903336,0.010976193472743034,0.010000642389059067,0.7867481708526611,1.0322147607803345,0.8458494544029236,0.6464895009994507,0.02562868408858776,0.04191683605313301,0.00864665862172842,0.003086310578510165,11.918706893920898,-2.524285316467285,0.02414576994144607,0.025205819154793016,0.5750981814459674,-0.14154040171401944,-0.23261439049066232,-0.5265149522614461
179649,179,0.5981296300888062,-0.13151304423809052,0.5914963483810425,-0.13096773624420166,-0.18363213539123535,-0.6668391227722168,-0.2142438292503357,-0.5789244771003723,0.027729613706469536,0.035140831023454666,0.01085737906396389,0.010000565089285374,0.7876659631729126,1.0344218015670776,0.8453590869903564,0.6447144746780396,0.024327607825398445,0.039681851863861084,0.00847921334207058,0.0032305384520441294,9.820871353149414,-2.170354127883911,0.022574660319426024,0.013397033142400719,0.5727720375410604,-0.14680555123663355,-0.2326143904907152,-0.5265149522614327
179650,179,0.5960817337036133,-0.13784059882164001,0.5894950032234192,-0.13684919476509094,-0.21078674495220184,-0.5969841480255127,-0.1859404444694519,-0.5906420350074768,0.02548588439822197,0.032808396965265274,0.010753350332379341,0.010000498965382576,0.7887599468231201,1.036482810974121,0.8447971343994141,0.6431088447570801,0.022709842771291733,0.03729276731610298,0.00829272624105215,0.003319299779832363,8.875703811645508,-2.957838773727417,0.017056273566112765,0.008221629141762738,0.5705357981603627,-0.1517268781533339,-0.20944240398784464,-0.43789813510238434
179651,179,0.5937336683273315,-0.1436096876859665,0.5875653028488159,-0.14284023642539978,-0.24712282419204712,-0.5509428381919861,-0.19626206159591675,-0.5951413512229919,0.02374015562236309,0.029893923550844193,0.010661783628165722,0.0100004393607378,0.7897883057594299,1.0383684635162354,0.8443208336830139,0.6417710185050964,0.02081233076751232,0.03402739763259888,0.008406209759414196,0.0036045312881469727,11.866259574890137,-1.2534809112548828,0.010109868605503378,0.011648958074874392,0.5684413741204845,-0.15610585950435812,-0.20944240398784464,-0.43789813510239756
179652,179,0.5918110609054565,-0.14835324883460999,0.5858558416366577,-0.14836929738521576,-0.16957086324691772,-0.43208712339401245,-0.16737942397594452,-0.5332660675048828,0.022924065589904785,0.027359606698155403,0.010581429116427898,0.010000384412705898,0.7905013561248779,1.0401419401168823,0.8439562320709229,0.6404929161071777,0.019700024276971817,0.03175375610589981,0.00851370021700859,0.0033905485179275274,14.060811996459961,-6.156041622161865,0.006192723059826752,0.017244424373772396,0.5664387847860759,-0.16021437602066146,-0.17755402346492352,-0.3439828171021894
179653,179,0.5903851985931396,-0.15313632786273956,0.5841379761695862,-0.15359459817409515,-0.11276097595691681,-0.5098859071731567,-0.1600465625524521,-0.49561357498168945,0.021304812282323837,0.0251607745885849,0.010510817170143127,0.010000336915254593,0.7910175919532776,1.0419235229492188,0.843779981136322,0.6391286253929138,0.01811620220541954,0.029504211619496346,0.00863244291394949,0.003431558609008789,13.249475479125977,-3.3559131622314453,-0.00933418731176719,0.0053628082793748845,0.5646632445514271,-0.16365420419168317,-0.17755402346487065,-0.3439828171021762
179654,179,0.5896444320678711,-0.15801316499710083,0.5829853415489197,-0.15806326270103455,-0.046472929418087006,-0.4758836328983307,-0.07903610914945602,-0.4150523245334625,0.01989426463842392,0.023250985890626907,0.010448799468576908,0.010000296868383884,0.7915337085723877,1.0437626838684082,0.8435068726539612,0.6376508474349976,0.0173571165651083,0.028014525771141052,0.008306906558573246,0.0031506081577390432,9.008321762084961,-5.954756736755371,0.005119728204248886,-0.004253789704961819,0.5629640364154687,-0.16690752230085934,-0.13694924892189891,-0.2447689982608348
179655,179,0.5884374976158142,-0.1634543538093567,0.5819629430770874,-0.1624392569065094,-0.14563463628292084,-0.5657258033752441,-0.09750399738550186,-0.4325823485851288,0.018662739545106888,0.021587809547781944,0.015323770232498646,0.010000262409448624,0.7922441363334656,1.0456455945968628,0.8428231477737427,0.6360785365104675,0.016433486714959145,0.02650419995188713,0.012046273797750473,0.00311942957341671,8.996809005737305,-5.507042407989502,0.004650840420803798,-0.016015446376519204,0.5615945439262499,-0.16935521228346753,-0.13694924892189891,-0.2447689982608348
179656,179,0.5868340730667114,-0.16910523176193237,0.5809702277183533,-0.16685383021831512,-0.18209721148014069,-0.5695436596870422,-0.10786400735378265,-0.46296530961990356,0.017588768154382706,0.023787546902894974,0.014669285155832767,0.010000230744481087,0.7927808165550232,1.0468813180923462,0.8426473736763,0.6346867680549622,0.01486848946660757,0.02780337817966938,0.012160714715719223,0.0033466233871877193,15.134315490722656,-3.8164448738098145,0.02413294842282284,-0.001942894002875388,0.5602684481409015,-0.17171094397878806,-0.09162356755901664,-0.1487231778061178
179657,179,0.586185872554779,-0.1739993393421173,0.5803277492523193,-0.17134487628936768,-0.01566478982567787,-0.4627160131931305,-0.055649030953645706,-0.4735026955604553,0.016652092337608337,0.03173400089144707,0.014097188599407673,0.010000200942158699,0.7929450869560242,1.0470497608184814,0.8426600098609924,0.6335508823394775,0.01394180953502655,0.03413064405322075,0.011720090173184872,0.0036397406365722418,11.96859359741211,0.6053543090820312,0.033122083623125013,0.004431941653147791,0.5593921673373128,-0.17311351076457113,-0.08762808035882373,-0.1402566785783073
179658,179,0.5860773921012878,-0.17782996594905853,0.5799444913864136,-0.17620117962360382,-0.009643553756177425,-0.31779736280441284,-0.024932414293289185,-0.4934234023094177,0.01583094708621502,0.03074995055794716,0.02059299498796463,0.010000179521739483,0.7929109334945679,1.0477402210235596,0.8424168229103088,0.6328247785568237,0.01261833030730486,0.03402502462267876,0.01732265017926693,0.003981573507189751,16.960561752319336,-0.7203793525695801,0.0240706834736769,-0.021542481898755378,0.5585158865337241,-0.17451607755035436,0.22139257817836247,-0.09165460465575853
179659,179,0.5867887735366821,-0.1803101897239685,0.580159604549408,-0.1807987540960312,0.12281534820795059,-0.1992940902709961,0.05817248672246933,-0.43111616373062134,0.015113173983991146,0.028099671006202698,0.019350722432136536,0.010000159032642841,0.7923791408538818,1.0485445261001587,0.842924952507019,0.6324076652526855,0.01148991845548153,0.031506601721048355,0.017064396291971207,0.004219134338200092,18.275218963623047,-0.18701910972595215,0.009417767407469801,-0.01062220867377055,0.5645345636821294,-0.17483422086211475,0.6102506424418167,-0.03049588318328916
179660,179,0.5887593030929565,-0.18179917335510254,0.5813792943954468,-0.18429285287857056,0.2544768452644348,-0.1156129240989685,0.18152236938476562,-0.263208270072937,0.014485330320894718,0.02580438368022442,0.019938979297876358,0.010000142268836498,0.7915931344032288,1.0493168830871582,0.8434801697731018,0.6320324540138245,0.010960465297102928,0.02932947315275669,0.017404519021511078,0.004100299905985594,14.467351913452148,-1.9984126091003418,-0.0039037733857884283,-0.02003182805894368,0.5706370701065481,-0.1751391796939478,0.6102506424417637,-0.03049588318328916
179661,179,0.591053307056427,-0.18327364325523376,0.583423912525177,-0.18620160222053528,0.23882023990154266,-0.14649289846420288,0.24534401297569275,-0.10431095212697983,0.013934144750237465,0.023806337267160416,0.03217252343893051,0.011678056791424751,0.7907655239105225,1.0500441789627075,0.8433506488800049,0.6315817832946777,0.010416503064334393,0.027362389490008354,0.027233164757490158,0.004834678955376148,13.18747329711914,-2.5117886066436768,-0.011901424895577179,-0.03401514596917919,0.5756219267503669,-0.1744246468818071,0.4843874781065452,0.08431328740960922
179662,179,0.5933696031570435,-0.18474990129470825,0.5861042141914368,-0.1865188628435135,0.2309444099664688,-0.13844917714595795,0.2875686585903168,0.026722975075244904,0.013451933860778809,0.022071607410907745,0.031478993594646454,0.011473559774458408,0.7899547219276428,1.0506155490875244,0.8439006209373474,0.6313255429267883,0.010126824490725994,0.025327645242214203,0.027174873277544975,0.004977899137884378,12.27206039428711,-0.6254744529724121,-0.0024403806073868724,-0.026778663640054916,0.5804658015314326,-0.17358151400771096,0.4843874781065981,0.08431328740960922
179663,179,0.5956294536590576,-0.18563684821128845,0.5890661478042603,-0.18567527830600739,0.2201535552740097,-0.0518077053129673,0.29462730884552,0.12124152481555939,0.013029641471803188,0.020562445744872093,0.030345406383275986,0.011294201016426086,0.7892571687698364,1.0510551929473877,0.8444766402244568,0.6311705708503723,0.009884851984679699,0.023874059319496155,0.026241423562169075,0.004862322937697172,13.100581169128418,-4.238550662994385,0.0031390925457177553,-0.02263554810408972,0.5843531328578926,-0.17179431226209094,0.362996864393302,0.20412080807174518
179664,179,0.5976917743682861,-0.18632221221923828,0.5917267799377441,-0.1845097839832306,0.2041204273700714,-0.06796395033597946,0.25061333179473877,0.10734093189239502,0.012659633532166481,0.01924772560596466,0.028824159875512123,0.011136841028928757,0.7886645197868347,1.0514309406280518,0.8450056314468384,0.6310345530509949,0.009787565097212791,0.0224395003169775,0.024763209745287895,0.004884047899395227,10.700693130493164,-3.299243450164795,-0.0036831433540364944,-0.018429610659527265,0.5879831015018259,-0.16975310418137313,0.36299686439324913,0.20412080807174518
179665,179,0.5993547439575195,-0.1868245154619217,0.5939531326293945,-0.18389102816581726,0.14463458955287933,-0.027608711272478104,0.20291626453399658,0.023113444447517395,0.012334673665463924,0.018098799511790276,0.02701788954436779,0.010998480953276157,0.7881770133972168,1.0515979528427124,0.8455058932304382,0.631092369556427,0.009510406292974949,0.020994050428271294,0.023276422172784805,0.0050500622019171715,12.070364952087402,-2.3895740509033203,0.0063001156849713195,-0.014635771793290495,0.5908086879159012,-0.16685324670172014,0.24607880130192833,0.32892667880310555
179666,179,0.6009083390235901,-0.18659797310829163,0.5958776473999023,-0.18386240303516388,0.15155915915966034,0.05078789219260216,0.1725965142250061,-0.01867244765162468,0.012049206532537937,0.017093878239393234,0.024858824908733368,0.010876813903450966,0.7877004742622375,1.051605224609375,0.8460005521774292,0.6312819719314575,0.009305192157626152,0.019889257848262787,0.021488459780812263,0.005032265093177557,12.56934928894043,-3.2490110397338867,0.008295180597839385,-0.004238964633713205,0.5932694759289199,-0.16356397991368923,0.24607880130187548,0.32892667880310555
179667,179,0.602370023727417,-0.18597641587257385,0.5973519682884216,-0.18419188261032104,0.1444483995437622,0.06865537166595459,0.1332726627588272,-0.03459284082055092,0.011798717081546783,0.016215486451983452,0.02298281341791153,0.010769958607852459,0.7872459292411804,1.0516020059585571,0.8464750051498413,0.6314306855201721,0.009099257178604603,0.019136926159262657,0.01987502910196781,0.004887009970843792,12.995829582214355,-4.600987434387207,0.004729335263474356,-0.004902381217297209,0.595069097835587,-0.15951147989944908,0.1336332888324772,0.45873089960370345
179668,179,0.6037759780883789,-0.1855294555425644,0.5985015034675598,-0.18454012274742126,0.1418733298778534,0.031640101224184036,0.10857643932104111,-0.025640025734901428,0.011579502373933792,0.015523522160947323,0.02135532721877098,0.010676371864974499,0.7869448661804199,1.0516670942306519,0.8467734456062317,0.6314759850502014,0.009375604800879955,0.01851828023791313,0.018058843910694122,0.004776447545737028,8.430938720703125,-3.4749484062194824,0.010601761762494994,-0.004205762765987036,0.5964054307239117,-0.1549241709034112,0.1336332888324772,0.45873089960370345
179669,179,0.6044070720672607,-0.18539419770240784,0.5992861986160278,-0.18479639291763306,0.01884644106030464,0.009696513414382935,0.0624702163040638,-0.010454263538122177,0.011387184262275696,0.024988586083054543,0.019938137382268906,0.010594209656119347,0.7868785262107849,1.0502864122390747,0.8469598293304443,0.6316393613815308,0.009226655587553978,0.025798672810196877,0.016852734610438347,0.004993712063878775,10.54224967956543,-0.8437085151672363,0.026467398647274855,-0.005143757620762027,0.5972148685281453,-0.14967904155402995,0.02566032698489561,0.593533470473539
179670,179,0.6047649383544922,-0.18459582328796387,0.5999679565429688,-0.18433742225170135,0.02859232760965824,0.11991485208272934,0.051233842968940735,0.07555420696735382,0.012292271479964256,0.03971424698829651,0.018701814115047455,0.010522021912038326,0.7866407036781311,1.0477372407913208,0.8471406102180481,0.6322978138923645,0.009831591509282589,0.037009406834840775,0.015798741951584816,0.005672495346516371,10.290023803710938,5.6990838050842285,0.04219210036496428,0.012422582278419733,0.5974714717979945,-0.14374370684929488,0.025660326984948478,0.5935334704735258
179671,179,0.6051774024963379,-0.18171745538711548,0.6005271673202515,-0.1828724443912506,0.02895958721637726,0.3979697823524475,0.03545065596699715,0.18933136761188507,0.012012441642582417,0.03948478028178215,0.017622116953134537,0.010458585806190968,0.7866340279579163,1.0462676286697388,0.8472062349319458,0.6334486603736877,0.009928909130394459,0.03825926408171654,0.014783722348511219,0.005959915928542614,11.327147483825684,1.6357994079589844,0.037964688944451,0.00980626628611072,0.5973265059047702,-0.137265961364219,-0.07784008424071062,0.7333343914125989
179672,179,0.605174720287323,-0.17747662961483002,0.6004036664962769,-0.1803433895111084,-0.012549536302685738,0.4628884196281433,-0.03722243010997772,0.33938515186309814,0.011766979470849037,0.03563714772462845,0.0166790671646595,0.010402875952422619,0.7867292761802673,1.0452908277511597,0.8472532033920288,0.6347941160202026,0.009688298217952251,0.035338144749403,0.014017673209309578,0.006049550604075193,12.483739852905273,-0.2753114700317383,0.006202098189291738,0.007196861427917974,0.5965481050623632,-0.12993261745009166,-0.07784008424071062,0.7333343914125989
179673,179,0.6050921678543091,-0.17270180583000183,0.5999119877815247,-0.1758611798286438,-0.0026169558987021446,0.4986443519592285,-0.0513482391834259,0.5412043929100037,0.011686690151691437,0.03232652321457863,0.0158556941896677,0.010354000143706799,0.7869100570678711,1.0443121194839478,0.8471590280532837,0.6362634897232056,0.010001685470342636,0.03175375610589981,0.01298524346202612,0.006208051927387714,8.203451156616211,0.7718086242675781,0.004589235107737136,0.011107611914179579,0.5954845158766561,-0.12218226902876694,-0.1768679448443415,0.8781336624208899
179674,179,0.6043698191642761,-0.16746656596660614,0.5991741418838501,-0.1697782576084137,-0.1119726374745369,0.5587700605392456,-0.08399742096662521,0.6725812554359436,0.01148101408034563,0.029460445046424866,0.015134003944694996,0.01031098049134016,0.7873175740242004,1.0429363250732422,0.8469626903533936,0.6380969285964966,0.009901244193315506,0.028034046292304993,0.012364848516881466,0.006717718672007322,10.036201477050781,3.2181191444396973,0.00842488840534368,0.006017944194200948,0.5937158364282126,-0.11340093240455851,-0.1768679448443415,0.8781336624208832
179675,179,0.6033721566200256,-0.16081584990024567,0.5984082818031311,-0.16215726733207703,-0.1080852597951889,0.734305739402771,-0.08969899266958237,0.8148605823516846,0.01866787299513817,0.02698136679828167,0.014502846635878086,0.010273217223584652,0.7869826555252075,1.041117787361145,0.8465953469276428,0.6403065919876099,0.015547280199825764,0.024884970858693123,0.011550018563866615,0.007044516038149595,8.326358795166016,3.2519054412841797,0.008324000142207244,0.019721121368028106,0.5917694043549984,-0.10433799424643149,-0.27142325482615565,1.0279312834984118
179676,179,0.6017505526542664,-0.15291579067707062,0.5970751047134399,-0.15369942784309387,-0.19180992245674133,0.8475062847137451,-0.1619812250137329,0.8802622556686401,0.018263917416334152,0.024827981367707253,0.013949400745332241,0.010239997878670692,0.7877167463302612,1.0390069484710693,0.8460209369659424,0.6427068710327148,0.01644633710384369,0.022402821108698845,0.010849031619727612,0.00721022067591548,7.749497890472412,-0.036188364028930664,-0.009414014780299365,0.015418535011839398,0.5890551718067375,-0.09405868141144788,-0.2714232548261028,1.0279312834984118
179677,179,0.5992820262908936,-0.14442802965641022,0.5948941707611084,-0.14474384486675262,-0.27742525935173035,0.8646779656410217,-0.2511517107486725,0.9227291941642761,0.024403199553489685,0.022959411144256592,0.013465113006532192,0.0187598317861557,0.7881123423576355,1.0366140604019165,0.8452710509300232,0.6449946761131287,0.021241068840026855,0.019979028031229973,0.010212023742496967,0.011762639507651329,6.518902778625488,2.4538111686706543,-0.019977733153104082,0.025323675723032492,0.5862616772509911,-0.08364316671596325,-0.3542084475940293,1.1701872978806314
179678,179,0.5961320996284485,-0.13513915240764618,0.5920670032501221,-0.13514119386672974,-0.3453099727630615,0.9731201529502869,-0.31427881121635437,0.9849368929862976,0.033898722380399704,0.021337373182177544,0.013041612692177296,0.018222181126475334,0.7882957458496094,1.0339165925979614,0.8443170785903931,0.647841215133667,0.029147962108254433,0.017878256738185883,0.00963817909359932,0.012027555145323277,6.22370719909668,2.6558780670166016,-0.014422219530876246,0.03554020051667284,0.5826466171091319,-0.07181589416951215,-0.3615060141859945,1.1827272546451713
179679,179,0.5923117399215698,-0.12496805936098099,0.5884860754013062,-0.12509094178676605,-0.4099028408527374,1.0571403503417969,-0.39636754989624023,1.0251260995864868,0.04287082701921463,0.019922513514757156,0.012669888325035572,0.023313745856285095,0.7885514497756958,1.0308704376220703,0.843389093875885,0.6507952213287354,0.036367036402225494,0.01586807332932949,0.009532886557281017,0.01509972382336855,10.42241096496582,2.8636646270751953,-0.024108746416197327,0.044450629716319634,0.5790315569672722,-0.05998862162305963,-0.3994142097181926,1.2534841709393147
179680,179,0.5887738466262817,-0.11375729739665985,0.5844590067863464,-0.11433696001768112,-0.3315027058124542,1.152546763420105,-0.4204670190811157,1.1017309427261353,0.0510028675198555,0.018688464537262917,0.012343875132501125,0.02793353982269764,0.7887796759605408,1.0276120901107788,0.8425163626670837,0.6538807153701782,0.043218668550252914,0.014342634938657284,0.00926336832344532,0.017870690673589706,9.182047843933105,2.4154043197631836,-0.028674210447477977,0.052503700668665616,0.5745706782465906,-0.046582600377506236,-0.447116222923858,1.3425215758611548
179681,179,0.5853917002677917,-0.10216964781284332,0.5801531076431274,-0.10310512036085129,-0.334116667509079,1.1690561771392822,-0.4222431182861328,1.1517821550369263,0.04932147637009621,0.017611324787139893,0.01205793209373951,0.03564538434147835,0.7899640798568726,1.0242046117782593,0.8416045308113098,0.6569240689277649,0.043885745108127594,0.012921412475407124,0.008898711763322353,0.022469518706202507,6.054482460021973,4.108185768127441,-0.036944266565082845,0.038503655932542145,0.5700995160173513,-0.03315738461889216,-0.447116222923858,1.3425215758611548
179682,179,0.5817086100578308,-0.0902719497680664,0.5760215520858765,-0.09129828959703445,-0.39196455478668213,1.2135764360427856,-0.40057507157325745,1.2116765975952148,0.04738379269838333,0.01666947454214096,0.011806849390268326,0.03506084531545639,0.7915034294128418,1.0204131603240967,0.8407163619995117,0.6606091856956482,0.04233584553003311,0.011152580380439758,0.008765514008700848,0.0233702901750803,7.615606784820557,8.429422378540039,-0.03114085165960298,0.03486705634718043,0.5649078611303084,-0.018268829734183978,-0.5282538810399047,1.5073142471463747
179683,179,0.578101634979248,-0.07693750411272049,0.5724196434020996,-0.0784316137433052,-0.3599275052547455,1.4027055501937866,-0.3530367910861969,1.3268016576766968,0.04638481140136719,0.015846215188503265,0.011586565524339676,0.0343698151409626,0.7929366827011108,1.0161365270614624,0.8398467302322388,0.6647646427154541,0.041289299726486206,0.00955536961555481,0.008610107935965061,0.02395031414926052,8.34909439086914,9.10703182220459,-0.029726476391645884,0.039903676483186865,0.5596253223199097,-0.0031956872627191997,-0.5282538810398518,1.5073142471463747
179684,179,0.5745877027511597,-0.06212657317519188,0.5689366459846497,-0.0645536333322525,-0.35022175312042236,1.538670539855957,-0.34974217414855957,1.441331386566162,0.0442083366215229,0.015125025995075703,0.011392967775464058,0.04800383001565933,0.7944774627685547,1.0115137100219727,0.8389309048652649,0.6685785055160522,0.03998495638370514,0.008610107935965061,0.008379857055842876,0.03213273733854294,8.167264938354492,6.076035499572754,-0.050236496308189826,0.0300515086475466,0.5537386716714797,0.013167383123319446,-0.6049189885339232,1.671013178378493
179685,179,0.5708528161048889,-0.04684686288237572,0.5652086734771729,-0.04964249208569527,-0.3771408498287201,1.5335382223129272,-0.37706443667411804,1.5478246212005615,0.041404496878385544,0.014495305716991425,0.011223437264561653,0.062217190861701965,0.7962396144866943,1.00675630569458,0.8379145860671997,0.6723678708076477,0.038204703480005264,0.0077731069177389145,0.008024584501981735,0.04139149934053421,5.184345245361328,7.369143962860107,-0.06499276130335033,0.022987166093594504,0.5476894817861397,0.02987751490710751,-0.6049189885339232,1.671013178378493
179686,179,0.5666413903236389,-0.031383708119392395,0.5612999796867371,-0.03369554132223129,-0.45128247141838074,1.5603488683700562,-0.40166768431663513,1.6361087560653687,0.03869640454649925,0.013942820951342583,0.011074329726397991,0.06157318502664566,0.7982739210128784,1.00192391872406,0.8367221355438232,0.6767124533653259,0.0363982617855072,0.00727655878290534,0.007669216487556696,0.04209348186850548,5.230121612548828,5.953114032745361,-0.05757225386245168,0.020808887876228047,0.5411436157812993,0.047538699481011915,-0.6771115454060722,1.8092500090681671
179687,179,0.5617712140083313,-0.015842454507946968,0.5569930076599121,-0.01706269569694996,-0.5124687552452087,1.551761507987976,-0.455015629529953,1.6826910972595215,0.03706458956003189,0.013460755348205566,0.010943934321403503,0.060584090650081635,0.800299882888794,0.9970026016235352,0.8355308771133423,0.6811959743499756,0.03457512706518173,0.006631639786064625,0.0077105616219341755,0.042517803609371185,8.360867500305176,7.052128314971924,-0.054394861961804486,0.02616537396912904,0.5343725003272393,0.06563119957169267,-0.6771115454060722,1.8092500090681605
179688,179,0.5570273995399475,8.366256224690005e-05,0.5524590015411377,0.0001090317964553833,-0.4616957902908325,1.610318660736084,-0.4699789881706238,1.7214275598526,0.03615298122167587,0.01303747296333313,0.010829225182533264,0.058405861258506775,0.8022109270095825,0.9919317960739136,0.8342577815055847,0.6858293414115906,0.0340890996158123,0.006053535733371973,0.0073721022345125675,0.04206135496497154,5.106019973754883,8.312716484069824,-0.04474583402320917,0.03005370696846757,0.5272031993709625,0.08435098077099039,-0.7448315516562987,1.9159326490930595
179689,179,0.551889955997467,0.016360880807042122,0.5473989248275757,0.01699535734951496,-0.5465975403785706,1.6514276266098022,-0.5286507606506348,1.6621720790863037,0.03357522934675217,0.012665658257901669,0.010728295892477036,0.05656622350215912,0.8045480251312256,0.986696720123291,0.8327820301055908,0.6905571222305298,0.03279399126768112,0.00558708468452096,0.007058568298816681,0.04160591587424278,4.693460464477539,7.105772495269775,-0.044994455199950906,0.01628330981524015,0.5197548838543987,0.10351030726192463,-0.7448315516562987,1.9159326490930595
179690,179,0.545961320400238,0.03293469920754433,0.541739284992218,0.03324480354785919,-0.6249982118606567,1.6659722328186035,-0.592942476272583,1.6030023097991943,0.03221017122268677,0.012340165674686432,0.01063980720937252,0.05465283617377281,0.8069565892219543,0.9810662865638733,0.831272304058075,0.6956365704536438,0.03137437626719475,0.004479771014302969,0.006969263311475515,0.042045291513204575,5.49654483795166,13.359627723693848,-0.04252984055677672,0.022981707854973207,0.5119979283516625,0.12303625156129333,-0.8080790072846027,1.9910610984531982
179691,179,0.5399541854858398,0.051025234162807465,0.5359583497047424,0.0496472530066967,-0.6154382824897766,1.8835511207580566,-0.6005469560623169,1.6479542255401611,0.03187456727027893,0.01205499842762947,0.010562179610133171,0.052105214446783066,0.8093138337135315,0.9749568104743958,0.8296432495117188,0.7011101245880127,0.0312387365847826,0.003888435196131468,0.006759777199476957,0.041288070380687714,6.02994441986084,12.013883590698242,-0.03583770305326922,0.029596615983623703,0.5039171382788165,0.1429468625458266,-0.8080790072846027,1.9910610984531851
179692,179,0.5335322618484497,0.07015660405158997,0.5295542478561401,0.06658598780632019,-0.6625798940658569,1.9366096258163452,-0.6711934804916382,1.7620654106140137,0.030693648383021355,0.011804456822574139,0.010493901558220387,0.0606001652777195,0.8119027018547058,0.9685681462287903,0.8278753757476807,0.7062819600105286,0.03085925430059433,0.0032705222256481647,0.006472638342529535,0.04792660474777222,4.047338962554932,13.89274787902832,-0.06225623236131858,0.022672319581318906,0.4956083086345943,0.1630265364199526,-0.8668539122909842,2.0346353571485243
179693,179,0.5265126824378967,0.0898839458823204,0.5225477814674377,0.08519086986780167,-0.7391402125358582,2.003849506378174,-0.7256852984428406,1.946702003479004,0.029879258945584297,0.011585012078285217,0.010434038005769253,0.06464948505163193,0.8146809339523315,0.9619202017784119,0.8260000944137573,0.7117246985435486,0.030232777819037437,0.002919871127232909,0.006401698105037212,0.05199476704001427,6.88899040222168,11.880329132080078,-0.06552071503585136,0.02431848049995408,0.48693976951168344,0.18337288999144177,-0.8668539122909842,2.0346353571485243
179694,179,0.5191836357116699,0.11004767566919327,0.51511549949646,0.10549421608448029,-0.7328897714614868,2.030285596847534,-0.7595444917678833,2.095381021499634,0.0310190562158823,0.01139241922646761,0.010381453670561314,0.07067559659481049,0.8173485398292542,0.9551745653152466,0.8239784240722656,0.7171275019645691,0.03154991939663887,0.002592494012787938,0.006051543168723583,0.057377930730581284,3.629741668701172,12.791571617126465,-0.0720220426538073,0.031223883603957933,0.47811484613095173,0.20375385991500455,-0.9211562666754433,2.046655425179096
179695,179,0.511227011680603,0.13038568198680878,0.5071535110473633,0.12668338418006897,-0.8356781601905823,2.0488131046295166,-0.8172049522399902,2.1456480026245117,0.030313903465867043,0.011222937144339085,0.010335145518183708,0.07267481833696365,0.8204544186592102,0.9482925534248352,0.8217635750770569,0.7227333784103394,0.03167172521352768,0.002340493490919471,0.005844475701451302,0.06010448932647705,4.431588649749756,11.834295272827148,-0.07309835252442512,0.025515678516800006,0.4689032834641985,0.22422041416679456,-0.9211562666754433,2.046655425179109
179696,179,0.5026066899299622,0.15093152225017548,0.4987322688102722,0.14830438792705536,-0.8822012543678284,2.0622222423553467,-0.8635259866714478,2.172459602355957,0.03620096296072006,0.011074179783463478,0.010294471867382526,0.07327859848737717,0.8230645656585693,0.9414152503013611,0.81936115026474,0.7283686399459839,0.036866072565317154,0.002276604063808918,0.00554241519421339,0.06135483831167221,3.5969018936157227,10.553863525390625,-0.07340853513903756,0.03720413216519301,0.45959804675193267,0.24465024661447587,-0.9709860704379535,2.0271213025449013
179697,179,0.49332278966903687,0.1712944209575653,0.48966893553733826,0.1698278784751892,-0.9535998702049255,2.0255956649780273,-0.9330026507377625,2.140681743621826,0.040255799889564514,0.010943484492599964,0.010258715599775314,0.07361782342195511,0.8258259892463684,0.9345178604125977,0.8169329166412354,0.7339947819709778,0.04086628183722496,0.002077399054542184,0.005609921645373106,0.06262245029211044,6.198623180389404,10.929862976074219,-0.07368936152594957,0.040949148306654276,0.4498881860475531,0.26492145963992625,-0.9709860704379535,2.0271213025449146
179698,179,0.48412683606147766,0.19168750941753387,0.48030370473861694,0.19118179380893707,-0.9086015224456787,2.034860610961914,-0.9507505893707275,2.1099631786346436,0.04822978749871254,0.01082875020802021,0.010227309539914131,0.0725628212094307,0.8281712532043457,0.9276173114776611,0.8144610524177551,0.7396354079246521,0.048213891685009,0.0019489534897729754,0.00539065059274435,0.06266441196203232,3.823103904724121,11.818916320800781,-0.06619158343859119,0.049663514461214045,0.4401384164087285,0.2851477210864079,-1.0126689515059053,1.9801716321007252
179699,179,0.47473573684692383,0.21195708215236664,0.4705893397331238,0.21174335479736328,-0.9536212682723999,2.025998592376709,-0.9789161682128906,2.0132369995117188,0.04711538553237915,0.010728026740252972,0.010199726559221745,0.07171537727117538,0.8316616415977478,0.9207202792167664,0.8117183446884155,0.7452247142791748,0.04994942992925644,0.0018322108080610633,0.004947266541421413,0.06276595592498779,-1.0570132732391357,12.83302116394043,-0.06658243163996835,0.0398957659831059,0.429974983172944,0.3049080509788661,-1.0163433235785675,1.9760329892458999
179700,179,0.46420225501060486,0.2321034073829651,0.46040377020835876,0.2311876267194748,-1.1118764877319336,2.0190956592559814,-1.0395855903625488,1.9075429439544678,0.046699926257133484,0.010639489628374577,0.010175470262765884,0.07062579691410065,0.8358772993087769,0.9138612747192383,0.8085810542106628,0.7507277727127075,0.050911806523799896,0.0019257890526205301,0.004436459857970476,0.06231946870684624,-2.6744580268859863,11.028847694396973,-0.06401738856255293,0.04400557607645511,0.41981154993715836,0.3246683808713266,-1.0344470675152253,1.9394388932179674
179701,179,0.4521121084690094,0.2518675923347473,0.4493963122367859,0.24988441169261932,-1.2736854553222656,1.9517791271209717,-1.145359754562378,1.8603508472442627,0.063369020819664,0.010561779141426086,0.010154175572097301,0.06957191973924637,0.8384890556335449,0.9068797826766968,0.805412769317627,0.7563353776931763,0.06376739591360092,0.001398997032083571,0.004611763637512922,0.06285535544157028,3.874530792236328,14.913759231567383,-0.06315675918761457,0.06657692281165256,0.4092441807515635,0.3436122127516528,-1.0572280260972593,1.8933904852821584
179702,179,0.44037461280822754,0.2723073959350586,0.4381145238876343,0.26930347084999084,-1.139302372932434,2.065903425216675,-1.164308786392212,1.966827630996704,0.08755461126565933,0.010493529960513115,0.010135465301573277,0.06717362999916077,0.8398047089576721,0.899671196937561,0.8024410009384155,0.7621093392372131,0.08392990380525589,0.001192547264508903,0.004862322937697172,0.06177935004234314,6.050846576690674,15.026993751525879,-0.052506269059882316,0.09281519635187725,0.3986719004905897,0.3625461176044781,-1.0572280260972593,1.8933904852821848
179703,179,0.42970746755599976,0.29309695959091187,0.42626169323921204,0.28932321071624756,-1.0104701519012451,2.0816946029663086,-1.1933661699295044,2.0269088745117188,0.08546866476535797,0.010433648712933064,0.010119044221937656,0.07155627757310867,0.8428176045417786,0.8926089406013489,0.7996326684951782,0.7673693895339966,0.08839122205972672,0.0015230313874781132,0.004961099941283464,0.06489577144384384,3.7008142471313477,11.20663833618164,-0.07250164565935524,0.07328952716072913,0.38777628469460734,0.38046596952631806,-1.093640177994002,1.7791937906536368
179704,179,0.41945087909698486,0.3129505515098572,0.41426700353622437,0.30930963158607483,-1.007830262184143,1.9351963996887207,-1.1553399562835693,1.9981805086135864,0.08065576106309891,0.010380959138274193,0.010104591026902199,0.07750784605741501,0.8469007015228271,0.8859407901763916,0.7967597246170044,0.7721348404884338,0.08642764389514923,0.0018978046718984842,0.00461964774876833,0.06979959458112717,-2.160123586654663,11.405298233032227,-0.0787623548635929,0.05236882925779965,0.3768398829146673,0.3982579074328556,-1.0936401779940284,1.7791937906536368
179705,179,0.4085102081298828,0.3315419554710388,0.40294763445854187,0.32881972193717957,-1.1287477016448975,1.8206185102462769,-1.0937737226486206,1.9301073551177979,0.07610724866390228,0.01033469196408987,0.010091898031532764,0.07516876608133316,0.8515175580978394,0.8795808553695679,0.7936457991600037,0.7770243883132935,0.08316150307655334,0.0021324874833226204,0.004279084037989378,0.06862998008728027,-4.316869735717773,12.02749252319336,-0.061168915446544514,0.049033877151795566,0.36565180091327015,0.41490134587089567,-1.1255797792688487,1.6334429053603086
179706,179,0.39666399359703064,0.3493892550468445,0.39206618070602417,0.3477199077606201,-1.2292016744613647,1.760026216506958,-1.0939334630966187,1.8525220155715942,0.0745873898267746,0.010294073261320591,0.010080751031637192,0.07109732180833817,0.8561667799949646,0.8732925057411194,0.7903562188148499,0.782008945941925,0.08146078139543533,0.0019132436718791723,0.004097354598343372,0.06614724546670914,-3.282437324523926,14.909122467041016,-0.046502305456259274,0.06545895531954697,0.3543960031205803,0.43123577492450194,-1.1255797792688487,1.633442905360335
179707,179,0.3842833936214447,0.36733657121658325,0.3810828924179077,0.3659857213497162,-1.2628450393676758,1.8058730363845825,-1.1268055438995361,1.7828625440597534,0.07922805100679398,0.010258393362164497,0.01007095817476511,0.06684299558401108,0.860383152961731,0.8670942187309265,0.7867850661277771,0.7868853211402893,0.08599339425563812,0.0022417688742280006,0.0037131241988390684,0.062311358749866486,-4.003739356994629,11.166133880615234,-0.04084637967861346,0.08025568953848815,0.3429512353187465,0.446396542484307,-1.1530468299217465,1.4628495935163963
179708,179,0.37095361948013306,0.3846060633659363,0.36901187896728516,0.38297519087791443,-1.364801049232483,1.6873914003372192,-1.2562698125839233,1.6540064811706543,0.0847034677863121,0.010227042250335217,0.010062351822853088,0.06483855098485947,0.8643715381622314,0.8610730171203613,0.7832728028297424,0.7915356755256653,0.09080696851015091,0.002220485359430313,0.003981573507189751,0.060624800622463226,1.1116600036621094,12.014961242675781,-0.052487273785350924,0.0859452050951361,0.3314207670195303,0.46102503841947,-1.1530468299217465,1.4628495935163697
179709,179,0.35817599296569824,0.40157172083854675,0.35636404156684875,0.3995012938976288,-1.2367154359817505,1.6711630821228027,-1.3018314838409424,1.6223175525665283,0.09994329512119293,0.010199480690062046,0.010054786689579487,0.06141459569334984,0.8672540187835693,0.8552688956260681,0.7798507213592529,0.7959960699081421,0.10376369208097458,0.00257309153676033,0.0039041168056428432,0.05759125202894211,-1.0580885410308838,11.312294006347656,-0.04017845940863274,0.1035428379497269,0.31975509382223255,0.47466225315573196,-1.1760413299527748,1.2942609115783388
179710,179,0.3457571864128113,0.4176517724990845,0.3429158329963684,0.4151923954486847,-1.2275371551513672,1.5679738521575928,-1.3539073467254639,1.5382004976272583,0.09774933755397797,0.01017526350915432,0.010048137977719307,0.059022463858127594,0.8711850047111511,0.8498328328132629,0.7764534950256348,0.8001344203948975,0.10667215287685394,0.0029539200477302074,0.003922741394490004,0.055063746869564056,-2.036590576171875,10.212950706481934,-0.04406964556146001,0.08536079614306874,0.30799468052270357,0.4876048622715178,-1.1760413299527748,1.2942609115783388
179711,179,0.33345359563827515,0.43266549706459045,0.32946813106536865,0.4301326870918274,-1.2268892526626587,1.4522119760513306,-1.3192919492721558,1.4616637229919434,0.095711350440979,0.010154002346098423,0.010042299516499043,0.05570526421070099,0.8755461573600769,0.8447121977806091,0.7732537388801575,0.8040631413459778,0.10444887727499008,0.0032120137475430965,0.004162158351391554,0.05210477486252785,0.9252333641052246,10.115022659301758,-0.03478415045197028,0.08412780466716002,0.2961438823349199,0.4997673138261391,-1.1945632793618277,1.1343886236603054
179712,179,0.3217872679233551,0.44685330986976624,0.3169395923614502,0.44453030824661255,-1.1307950019836426,1.3767921924591064,-1.2041192054748535,1.4032983779907227,0.09392999112606049,0.010135315358638763,0.010037168860435486,0.051294244825839996,0.8796948194503784,0.8399227857589722,0.7702386379241943,0.8077884316444397,0.10212226212024689,0.0035742197651416063,0.004259425215423107,0.04806765913963318,0.5921792984008789,10.000879287719727,-0.023190631633871833,0.08376142833375004,0.28419824954130163,0.5111112000627431,-1.1945632793618277,1.1343886236603318
179713,179,0.3107331097126007,0.46007221937179565,0.30541905760765076,0.4579908549785614,-1.0813775062561035,1.2775366306304932,-1.1046315431594849,1.2959020137786865,0.09003908187150955,0.01011888962239027,0.010032656602561474,0.046721234917640686,0.8838170766830444,0.8354426622390747,0.7673473954200745,0.8113154172897339,0.09853942692279816,0.003798301098868251,0.004332176875323057,0.043933119624853134,-0.30390143394470215,11.020910263061523,-0.017238144460738763,0.06768787739203688,0.2721981067680047,0.5218686195878874,-1.2086126781489845,0.9832327297624018
179714,179,0.3001236021518707,0.47252365946769714,0.294871062040329,0.47038769721984863,-1.042900800704956,1.2181813716888428,-1.015895128250122,1.1921195983886719,0.08521718531847,0.010104460641741753,0.01002869475632906,0.04184839129447937,0.8880031704902649,0.8312045335769653,0.7645131945610046,0.8146679997444153,0.09393840283155441,0.004050244577229023,0.004311526659876108,0.03950362652540207,-1.2903690338134766,10.549893379211426,-0.007690400044979673,0.05719889329691065,0.26011197998651353,0.5317009468855132,-1.2086126781489845,0.9832327297624018
179715,179,0.28968241810798645,0.4842470586299896,0.2849333882331848,0.48171767592430115,-1.0352669954299927,1.1412519216537476,-0.9718118906021118,1.093856930732727,0.07971885800361633,0.010091773234307766,0.010025209747254848,0.03766612336039543,0.8924443125724792,0.827268123626709,0.7614516615867615,0.8177633881568909,0.08991580456495285,0.004323326516896486,0.0038022189401090145,0.03556644544005394,-7.531602382659912,11.660833358764648,-0.003473765978572879,0.047376482095650735,0.24799827303268154,0.5411230655333379,-1.2181895263142055,0.8407932298844696
179716,179,0.2782527208328247,0.4951379895210266,0.2748863697052002,0.4919772744178772,-1.1977258920669556,1.0671674013137817,-1.0167293548583984,0.9969360828399658,0.07427120208740234,0.010080646723508835,0.010022154077887535,0.03407621011137962,0.8973435163497925,0.8235663175582886,0.7580804824829102,0.8206400871276855,0.08525043725967407,0.004607821349054575,0.0035175273660570383,0.03209280967712402,-6.5444793701171875,9.564099311828613,0.002740396583840621,0.04167266805912191,0.23581637776953956,0.5495309978321831,-1.2181895263142055,0.8407932298844696
179717,179,0.2658378481864929,0.5052905082702637,0.2643747925758362,0.5017189979553223,-1.2775300741195679,0.9760376214981079,-1.0847935676574707,0.9578697085380554,0.07272709906101227,0.01007085107266903,0.010019464418292046,0.030971858650445938,0.9020923972129822,0.8200045228004456,0.7546014785766602,0.8234109878540039,0.0826386958360672,0.004504386335611343,0.0034178870264440775,0.02950652875006199,-5.139434337615967,12.75627326965332,0.009635301842773863,0.06342535897034723,0.22362488704014505,0.557687546754851,-1.2232938238575042,0.7070701240266409
179718,179,0.25315606594085693,0.5153362154960632,0.2533096671104431,0.5113988518714905,-1.2835636138916016,1.0004488229751587,-1.1537162065505981,0.9548989534378052,0.07433107495307922,0.0172821544110775,0.010017103515565395,0.028290478512644768,0.9064072966575623,0.8156065940856934,0.7510868906974792,0.8260840773582458,0.08336913585662842,0.009648405946791172,0.003423746209591627,0.026979567483067513,-2.5821757316589355,11.165800094604492,0.018330488591680794,0.07467093710605419,0.21139194880157008,0.5647582479951174,-1.223293823857491,0.707070124026588
179719,179,0.2405015230178833,0.5251116156578064,0.2410735934972763,0.5208393335342407,-1.2489601373672485,0.9557175040245056,-1.2906427383422852,0.9331839680671692,0.07520615309476852,0.016382021829485893,0.010015029460191727,0.025967048481106758,0.9105468392372131,0.8122323751449585,0.7476438283920288,0.8285772204399109,0.08426718413829803,0.009902268648147583,0.0034364417660981417,0.02477899007499218,-2.6450443267822266,10.246820449829102,0.009626469474839305,0.07539259213838535,0.1991584547015898,0.5717189583447878,-1.2238743932254685,0.5921901535381006
179720,179,0.22814320027828217,0.5342741012573242,0.2274472862482071,0.5299496054649353,-1.2231701612472534,0.8871803879737854,-1.4103870391845703,0.8949337601661682,0.0744573175907135,0.015594420954585075,0.010013204999268055,0.023948853835463524,0.9148006439208984,0.809320867061615,0.7441859245300293,0.8308017253875732,0.08430679887533188,0.009801897220313549,0.0032988109160214663,0.022592976689338684,-3.464251756668091,7.7539849281311035,0.009475194773903045,0.06996099860962351,0.18691919899380252,0.5775395924666752,-1.2239255707788672,0.5820634121888099
179721,179,0.21568453311920166,0.5423440933227539,0.21306301653385162,0.5384137034416199,-1.255804181098938,0.7581327557563782,-1.426426887512207,0.8157719969749451,0.07314827293157578,0.015404644422233105,0.010011604055762291,0.022195428609848022,0.9191234707832336,0.8065723776817322,0.7407932877540588,0.8329262733459473,0.08292480558156967,0.009401125833392143,0.0033915245439857244,0.02120465226471424,-1.812211275100708,11.717288970947266,0.014053781732876303,0.06526137111540367,0.17467994328601377,0.5833602265885632,-1.2221639080016775,0.530570066110892
179722,179,0.20353715121746063,0.5502674579620361,0.19966602325439453,0.5465519428253174,-1.2048066854476929,0.7979404330253601,-1.2840031385421753,0.7876809239387512,0.07264619320631027,0.02587549202144146,0.010010195896029472,0.020670557394623756,0.9233998656272888,0.8027318120002747,0.7373476624488831,0.8348389267921448,0.08255408704280853,0.016993451863527298,0.0032129886094480753,0.01944223791360855,-2.371993064880371,7.99100399017334,0.027528098596269063,0.06960981967418935,0.16247999430558596,0.5880319263392191,-1.2199471087084592,0.46577309437097664
179723,179,0.19114162027835846,0.5574146509170532,0.18704703450202942,0.5537557601928711,-1.243748664855957,0.6739658713340759,-1.2242823839187622,0.684671938419342,0.07097001373767853,0.024613652378320694,0.010008959099650383,0.019342729821801186,0.927787721157074,0.8003349900245667,0.7338618636131287,0.8365232348442078,0.0812995433807373,0.017526322975754738,0.003146710805594921,0.018104296177625656,-2.9590260982513428,7.846934795379639,0.01587412360119521,0.06079088439583637,0.1502805232185014,0.5926896572829291,-1.2199471087084592,0.46577309437097664
179724,179,0.17864921689033508,0.563735842704773,0.17508834600448608,0.5601790547370911,-1.247300148010254,0.5980381965637207,-1.1719411611557007,0.6065420508384705,0.07028473913669586,0.0278744176030159,0.010007871314883232,0.018180347979068756,0.9320515990257263,0.7978360056877136,0.7304703593254089,0.8381375670433044,0.07989729195833206,0.019526299089193344,0.003254917450249195,0.017116015776991844,-2.0850002765655518,10.179319381713867,0.028360446664971256,0.06612702461973757,0.13816220805793425,0.5963921447051074,-1.2108078041667532,0.35819917057324685
179725,179,0.16656671464443207,0.5698615312576294,0.1637405902147293,0.5660738945007324,-1.1893723011016846,0.6076564788818359,-1.121771216392517,0.5649489164352417,0.0697333961725235,0.03399093449115753,0.010006915777921677,0.0171669851988554,0.9363015294075012,0.7950660586357117,0.7269327640533447,0.8396233320236206,0.080251544713974,0.024098437279462814,0.002802229253575206,0.016105102375149727,-7.892148494720459,10.83867073059082,0.034995963590671586,0.06637649604811247,0.12605413001626672,0.59997413641084,-1.2108078041667598,0.35819917057324685
179726,179,0.15378017723560333,0.5755707621574402,0.1521548181772232,0.5711729526519775,-1.3236016035079956,0.5669291615486145,-1.1673518419265747,0.49583807587623596,0.06791958957910538,0.03316288813948631,0.010006074793636799,0.016283078119158745,0.9410010576248169,0.7930480241775513,0.7230733036994934,0.8410463929176331,0.07974416017532349,0.02430400438606739,0.00246158498339355,0.015285603702068329,-8.53973388671875,9.89504623413086,0.027566168856949028,0.05681356587463329,0.11405982014674375,0.602777142656703,-1.1963699987838148,0.25934164079551475
179727,179,0.13994647562503815,0.5809974074363708,0.14015817642211914,0.5760294795036316,-1.4248244762420654,0.5309635996818542,-1.2254053354263306,0.4886303246021271,0.07585921883583069,0.03250287473201752,0.010005338117480278,0.015508814714848995,0.9449337124824524,0.791159451007843,0.7191106677055359,0.8424941301345825,0.08595206588506699,0.023568259552121162,0.0024586773943156004,0.01471805851906538,-5.779725074768066,11.032099723815918,0.028039633411366047,0.07755995493602551,0.10209612015890476,0.6053705590646585,-1.1963699987838148,0.25934164079551475
179728,179,0.12599799036979675,0.5865644216537476,0.12759624421596527,0.5812273025512695,-1.3803461790084839,0.5614416003227234,-1.3125896453857422,0.5307708978652954,0.09211637824773788,0.03180169314146042,0.010004689916968346,0.014830810017883778,0.9476441740989685,0.7891425490379333,0.7152836322784424,0.8440306186676025,0.10022304952144623,0.02264861762523651,0.0025983150117099285,0.014313063584268093,-4.28676700592041,12.93184757232666,0.027054617733931682,0.09576139048302121,0.09026820358716096,0.607343815286365,-1.1766336925598029,0.16920050503783327
179729,179,0.11276784539222717,0.5925747156143188,0.11394289135932922,0.5868240594863892,-1.2867977619171143,0.6166284084320068,-1.4179940223693848,0.5723714828491211,0.09243164211511612,0.029669512063264847,0.01000412181019783,0.014237049967050552,0.9513043761253357,0.787246584892273,0.7115607261657715,0.845497727394104,0.10492371022701263,0.02150835655629635,0.0026051069144159555,0.013599847443401814,-5.853863716125488,10.249469757080078,0.015182327277465199,0.09250402008310729,0.07850186666156354,0.6090358203367437,-1.1766336925598029,0.16920050503788614
179730,179,0.09980208426713943,0.5982163548469543,0.09905130416154861,0.5923589468002319,-1.285712718963623,0.5429483652114868,-1.5182162523269653,0.552825391292572,0.09070425480604172,0.027160769328475,0.010003621689975262,0.01371700782328844,0.9556383490562439,0.785728931427002,0.7078357338905334,0.8467451333999634,0.10476848483085632,0.02015104703605175,0.0024451096542179585,0.012856563553214073,-7.408959865570068,7.680628299713135,-0.002336320319204263,0.08077607466010364,0.06688273139432388,0.6102490576864552,-1.1515988854946375,0.08777576330025526
179731,179,0.08658359199762344,0.602936327457428,0.08391006290912628,0.5975633859634399,-1.3369144201278687,0.4352205991744995,-1.474241018295288,0.5036964416503906,0.089513398706913,0.024989834055304527,0.010003182105720043,0.013262277469038963,0.9601479768753052,0.7844757437705994,0.7040684223175049,0.8478410243988037,0.10359808802604675,0.018588827922940254,0.002357923425734043,0.01233045943081379,-6.775119304656982,8.442740440368652,-0.0005538678259415647,0.08262415592280317,0.055366742539375416,0.611126815319458,-1.151598885494631,0.08777576330025526
179732,179,0.07322433590888977,0.6071245074272156,0.06991992145776749,0.6024012565612793,-1.3421686887741089,0.3958814740180969,-1.3416428565979004,0.4545149505138397,0.09247071295976639,0.02310054376721382,0.010002793744206429,0.012863031588494778,0.9642428755760193,0.7833040356636047,0.7003514170646667,0.8488520979881287,0.10516215860843658,0.017137525603175163,0.0024422025308012962,0.011947509832680225,-4.9503984451293945,9.250659942626953,0.007385519868250007,0.09315376741618009,0.04399877658337197,0.6116497649493343,-1.121265577588303,0.015067415582674975
179733,179,0.06015609949827194,0.6110408306121826,0.05715182051062584,0.6066972017288208,-1.2855165004730225,0.3775409758090973,-1.2373090982437134,0.39710748195648193,0.0965263620018959,0.02145463228225708,0.010002456605434418,0.012512515299022198,0.9679083228111267,0.7822039723396301,0.696787416934967,0.849783182144165,0.10845830291509628,0.01592355966567993,0.002543023321777582,0.011541726998984814,-4.168612957000732,9.725168228149414,0.005304895647347742,0.09742634403678788,0.032786120807488175,0.6118004391051611,-1.121265577588303,0.015067415582674975
179734,179,0.04768550395965576,0.6146434545516968,0.04516175389289856,0.610318660736084,-1.21635103225708,0.34244224429130554,-1.173482060432434,0.33106040954589844,0.0958709642291069,0.02002311311662197,0.010002159513533115,0.012205535545945168,0.9717658162117004,0.7812709212303162,0.6933141946792603,0.8505503535270691,0.10898329317569733,0.015144314616918564,0.002533325692638755,0.011024474166333675,-6.396992206573486,8.937416076660156,4.1350164270689826e-05,0.09214728359020262,0.02171171216944745,0.6117028321673629,-1.0856337688408215,-0.04892453811485471
179735,179,0.035447414964437485,0.617557942867279,0.0334981270134449,0.6131291389465332,-1.212033987045288,0.26232483983039856,-1.1475822925567627,0.25292104482650757,0.09414445608854294,0.01877870410680771,0.0100018959492445,0.011937051080167294,0.9757527709007263,0.7805965542793274,0.6899674534797668,0.8511271476745605,0.1071343794465065,0.014471548609435558,0.00264198356308043,0.01057494431734085,-5.360677242279053,7.593593597412109,-0.0029461761046954693,0.0842643764686507,0.01085537448103719,0.6112135867862144,-1.0856337688408215,-0.04892453811485471
179736,179,0.023657437413930893,0.6197073459625244,0.02221590280532837,0.6153517961502075,-1.1474030017852783,0.17534446716308594,-1.1107178926467896,0.1934109479188919,0.09292100369930267,0.0176903884857893,0.010001664981245995,0.011701039038598537,0.9795271754264832,0.7800912261009216,0.686869740486145,0.8516116142272949,0.10463998466730118,0.013611407950520515,0.002843051217496395,0.010367153212428093,-5.10151481628418,10.473957061767578,0.0018057374579631066,0.08590946097469136,0.00011691116769110225,0.6105651544329017,-1.0447034592521818,-0.10420009779233382
179737,179,0.01273561641573906,0.6215850710868835,0.011467085219919682,0.6171525716781616,-1.0600695610046387,0.178603857755661,-1.058829426765442,0.15351566672325134,0.09074080735445023,0.016738077625632286,0.010001462884247303,0.011493588797748089,0.9831000566482544,0.779560387134552,0.6839941143989563,0.8520902395248413,0.10173065215349197,0.012788606807589531,0.0029743537306785583,0.010217157192528248,-4.865208625793457,11.844301223754883,0.008266301361571565,0.07822094788488276,-0.010330123424831429,0.6095231534549783,-1.0447034592521813,-0.10420009779233382
179738,179,0.002570393728092313,0.6234688758850098,0.0011445563286542892,0.6185687780380249,-0.9885066151618958,0.18653617799282074,-1.0183513164520264,0.12932011485099792,0.08702897280454636,0.015905123203992844,0.010001283138990402,0.01131141185760498,0.9865316152572632,0.7789851427078247,0.6814176440238953,0.85257887840271,0.09694726020097733,0.012093079276382923,0.003304664511233568,0.010056035593152046,-2.0039498805999756,11.39739990234375,0.0014990604056620734,0.06557579640387108,-0.020690253406756197,0.6083936268383116,-0.9984746488223865,-0.15075926344976232
179739,179,-0.0064908843487501144,0.6253694295883179,-0.00853970367461443,0.619962215423584,-0.852897584438324,0.18213589489459991,-0.9358303546905518,0.14078675210475922,0.08229605108499527,0.015178556554019451,0.010001126676797867,0.0111519331112504,0.9898584485054016,0.7785314917564392,0.6790183782577515,0.8529396057128906,0.09189188480377197,0.011789627373218536,0.0032763746567070484,0.00975071545690298,-4.852956771850586,10.584020614624023,-0.006805239328784185,0.05453739905384254,-0.030674999894980744,0.6068860342038136,-0.9984746488223865,-0.1507592634498152
179740,179,-0.015123953111469746,0.6267369985580444,-0.017636679112911224,0.6211252808570862,-0.8519450426101685,0.11564981937408447,-0.8642454147338867,0.11040295660495758,0.07501217722892761,0.014541227370500565,0.010000988841056824,0.013155086897313595,0.9933527708053589,0.7782331109046936,0.676693320274353,0.8530738949775696,0.08465920388698578,0.01137496903538704,0.0033368642907589674,0.011288042180240154,-4.798297882080078,10.651907920837402,-0.013428569428635306,0.03175731282764803,-0.04061440853875252,0.6053451444759532,-0.9511215434480615,-0.1855364080125649
179741,179,-0.02345935069024563,0.6277406215667725,-0.025727534666657448,0.6221786737442017,-0.8176823258399963,0.08870178461074829,-0.7660120725631714,0.10006733983755112,0.06853187084197998,0.013984140008687973,0.010000869631767273,0.012821752578020096,0.9969707727432251,0.7781266570091248,0.6742711067199707,0.8531736135482788,0.07800208032131195,0.011307698674499989,0.003020097967237234,0.010842843912541866,-8.61428451538086,9.556183815002441,-0.010428394230414004,0.02924242375177806,-0.050083881914267506,0.6034591241250814,-0.9469473375514328,-0.1886020350871931
179742,179,-0.032319169491529465,0.6280277371406555,-0.03338279202580452,0.6227116584777832,-0.9183428287506104,0.0008410420268774033,-0.7478198409080505,0.0318160355091095,0.06191583350300789,0.013495893217623234,0.010000765323638916,0.012805504724383354,1.0006500482559204,0.7782183885574341,0.6718372702598572,0.8531636595726013,0.07043381780385971,0.01107095181941986,0.0031681498512625694,0.010664531961083412,-4.388257026672363,8.768613815307617,-0.012688826090964745,0.021112984550783323,-0.059553355289782485,0.6015731037742095,-0.9217848711986492,-0.2014991934301282
179743,179,-0.0409773513674736,0.6278929710388184,-0.04053247720003128,0.6229698657989502,-0.8416352272033691,-0.039263106882572174,-0.7125746011734009,0.0022174660116434097,0.05825498327612877,0.013067499734461308,0.010000673122704029,0.012462318874895573,1.0040074586868286,0.7784909605979919,0.6694415807723999,0.853024959564209,0.06557413935661316,0.01095943246036768,0.00301133724860847,0.010291107930243015,-7.514556884765625,10.316596031188965,-0.005004085153876121,0.03539277069487899,-0.06846139646755427,0.5993993183111417,-0.8901215254393259,-0.21772841270457324
179744,179,-0.04966471344232559,0.6272379755973816,-0.04804432392120361,0.6225225925445557,-0.8827667832374573,-0.08233733475208282,-0.7835317254066467,-0.07728192210197449,0.05340074375271797,0.01269251387566328,0.010000594891607761,0.012161779217422009,1.007363200187683,0.7788253426551819,0.6670096516609192,0.8528804183006287,0.06062077358365059,0.010589356534183025,0.0029986838344484568,0.010068343952298164,-6.724765300750732,11.743578910827637,-0.0036869176049698846,0.02267285849880389,-0.07736261172194812,0.5972220341840961,-0.8901215254393259,-0.2177284127045204
179745,179,-0.058365628123283386,0.6265515685081482,-0.05622062459588051,0.6216278672218323,-0.8685790300369263,-0.06655820459127426,-0.8570168614387512,-0.10407983511686325,0.050074122846126556,0.012363403104245663,0.010000522248446941,0.011897901073098183,1.0107024908065796,0.7793121933937073,0.6644629240036011,0.852536141872406,0.057000782340765,0.010878944769501686,0.0027400495018810034,0.009458309039473534,-7.685903549194336,7.587320804595947,-0.0012803264760099936,0.02879724927617827,-0.08571217053969585,0.5948635118543563,-0.8279972124860627,-0.23813839630184996
179746,179,-0.06755518168210983,0.6249709129333496,-0.06554978340864182,0.6200634241104126,-0.9397071003913879,-0.20665985345840454,-0.9720727205276489,-0.18030601739883423,0.04695487022399902,0.012075020000338554,0.010000457987189293,0.011666595004498959,1.0140122175216675,0.7801070213317871,0.6618610620498657,0.8520535826683044,0.053651802241802216,0.010767574422061443,0.0027118839789181948,0.009198108687996864,-6.8691229820251465,9.461073875427246,-0.007718538560038037,0.026798441117466376,-0.09399214266455702,0.5924821278913376,-0.8279972124860627,-0.23813839630184996
179747,179,-0.07683641463518143,0.6229075193405151,-0.07533363997936249,0.6181674599647522,-0.9338958263397217,-0.22205603122711182,-0.9942939281463623,-0.21177515387535095,0.04598300904035568,0.01192096434533596,0.010000400245189667,0.01146360021084547,1.0170769691467285,0.7809527516365051,0.6592795252799988,0.8515079617500305,0.051904208958148956,0.010710891336202621,0.0027118839789181948,0.008978081867098808,-5.325586795806885,9.948625564575195,0.01081171756939835,0.039665668897622575,-0.10174083111555553,0.5900085998470851,-0.7605743986916399,-0.24983198587912894
179748,179,-0.08601733297109604,0.6206309199333191,-0.08529026806354523,0.6158807873725891,-0.9121986627578735,-0.23883727192878723,-0.9997199177742004,-0.24848192930221558,0.045385804027318954,0.011874930933117867,0.010000349022448063,0.01128543633967638,1.0200097560882568,0.78187495470047,0.6566528677940369,0.85089111328125,0.05142617225646973,0.010794378817081451,0.0025294467341154814,0.008749254047870636,-6.674370765686035,10.70657730102539,0.011543346915746058,0.04149475251283616,-0.10934657510247245,0.5875102799882936,-0.7605743986916464,-0.24983198587912894
179749,179,-0.09541478008031845,0.6180790662765503,-0.0953495129942894,0.6131134033203125,-0.9516857266426086,-0.25943589210510254,-0.9964168667793274,-0.2888280153274536,0.04490664601325989,0.012740994803607464,0.010000305250287056,0.011128929443657398,1.0228239297866821,0.782642126083374,0.6541273593902588,0.8503382802009583,0.05040118470788002,0.011233220808207989,0.002807088429108262,0.008732996881008148,-2.54913330078125,11.943885803222656,0.012863337771149605,0.04178246104817951,-0.11645200517998787,0.58499147738169,-0.6878530840560638,-0.2528091814364102
179750,179,-0.10425172001123428,0.6158207654953003,-0.10484296083450317,0.6104438900947571,-0.8494565486907959,-0.2164715826511383,-0.9256848096847534,-0.2625759243965149,0.051059540361166,0.014966286718845367,0.010000267066061497,0.010991580784320831,1.0245721340179443,0.7830147743225098,0.651920735836029,0.8499216437339783,0.05470732972025871,0.012632947415113449,0.0030132841784507036,0.00882243737578392,-0.749812126159668,14.211926460266113,0.015288340868222304,0.05218503804940784,-0.12333053602054894,0.5824633855673261,-0.6878530840560572,-0.25280918143635733
179751,179,-0.11195269227027893,0.6142148971557617,-0.11348332464694977,0.6081795692443848,-0.7221075296401978,-0.13446466624736786,-0.8203456997871399,-0.2059021145105362,0.04973166063427925,0.014357398264110088,0.01000023353844881,0.010871232487261295,1.0266605615615845,0.7835075259208679,0.6499377489089966,0.8496065735816956,0.05456465482711792,0.01228774432092905,0.0031359924469143152,0.00881938822567463,-1.855332851409912,13.889198303222656,0.007654569460140016,0.04117500182971855,-0.12975031971785722,0.57996903955053,-0.6098332685793347,-0.24706998297358798
179752,179,-0.11894185841083527,0.6129680275917053,-0.12117353826761246,0.6063278317451477,-0.6708694696426392,-0.10857810080051422,-0.7082808017730713,-0.1557193398475647,0.046397317200899124,0.013823439367115498,0.010000201873481274,0.010765419341623783,1.0290106534957886,0.7839680910110474,0.6481037735939026,0.849355161190033,0.05164309963583946,0.011774057522416115,0.003225663211196661,0.008779742754995823,-2.591841220855713,13.112196922302246,-0.007110462129519338,0.024800008915963262,-0.13584865240365093,0.5774983397207942,-0.6098332685793215,-0.24706998297353513
179753,179,-0.12549631297588348,0.6119134426116943,-0.12764357030391693,0.605024516582489,-0.6322814226150513,-0.09319313615560532,-0.5866224765777588,-0.10190902650356293,0.04279812052845955,0.013355513103306293,0.010000178590416908,0.013626947067677975,1.0314303636550903,0.7845291495323181,0.6463266015052795,0.8487743735313416,0.048076555132865906,0.011818698607385159,0.0031983654480427504,0.010728409513831139,-3.1515586376190186,8.210638046264648,-0.0140574212910024,0.01925716271064276,-0.1415404017140188,0.5750981814459677,-0.5265149522614327,-0.2326143904907152
179754,179,-0.13192005455493927,0.610177218914032,-0.13325850665569305,0.6037812232971191,-0.6252359747886658,-0.21072298288345337,-0.519619345664978,-0.12970896065235138,0.03921922668814659,0.012944657355546951,0.010000158101320267,0.018925607204437256,1.0337107181549072,0.7853646278381348,0.6447202563285828,0.8478810787200928,0.04401916638016701,0.011695189401507378,0.003419840009883046,0.01484411396086216,-1.8780946731567383,8.570449829101562,-0.01969111193894395,0.015621380976156521,-0.14680555123663355,0.5727720375410604,-0.5265149522614327,-0.2326143904907152
179755,179,-0.13765038549900055,0.607860803604126,-0.13794191181659698,0.602355420589447,-0.530916154384613,-0.2524430453777313,-0.43388327956199646,-0.16348306834697723,0.03634224832057953,0.01258478220552206,0.010000141337513924,0.017818134278059006,1.0356987714767456,0.7861961722373962,0.6433351039886475,0.847425103187561,0.04069437459111214,0.01111434306949377,0.0034989609848707914,0.01445569284260273,-3.993837833404541,14.178757667541504,-0.003854494710910851,0.01717325665494164,-0.1517268781533339,0.5705357981603627,-0.43789813510238434,-0.20944240398784464
179756,179,-0.14269092679023743,0.6059645414352417,-0.1419134885072708,0.6006582379341125,-0.48801904916763306,-0.15899524092674255,-0.38505783677101135,-0.18308885395526886,0.03293014317750931,0.012269046157598495,0.010000125505030155,0.01685035042464733,1.037687063217163,0.7868124842643738,0.6419378519058228,0.8471102118492126,0.03756929188966751,0.010705740191042423,0.0033885957673192024,0.01374916173517704,-5.816974639892578,14.016935348510742,0.0020591086136130185,0.0053588733002996325,-0.15610585950435865,0.5684413741204842,-0.43789813510239756,-0.2094424039877918
179757,179,-0.14781908690929413,0.6044688820838928,-0.14602969586849213,0.5986912846565247,-0.5181211233139038,-0.1315372884273529,-0.4298614263534546,-0.189166858792305,0.029987841844558716,0.011992416344583035,0.01000011246651411,0.01637043058872223,1.0396381616592407,0.7873307466506958,0.6405400037765503,0.8468261361122131,0.03447520732879639,0.010418558493256569,0.0034217932261526585,0.013317400589585304,-4.618659019470215,12.613065719604492,-0.01296123151806626,0.00043788808301312154,-0.16021437602066105,0.5664387847860761,-0.3439828171021762,-0.17755402346492352
179758,179,-0.1528557538986206,0.6031535267829895,-0.15061452984809875,0.596978485584259,-0.4946076273918152,-0.13096770644187927,-0.4862847626209259,-0.15524931252002716,0.02743491716682911,0.011749137192964554,0.01000010222196579,0.018185339868068695,1.0413838624954224,0.7877611517906189,0.6392982006072998,0.8464546203613281,0.031602613627910614,0.010065266862511635,0.0035761750768870115,0.01481232512742281,-3.063260316848755,13.072202682495117,-0.018435798910224222,0.008013160755375143,-0.16365420419168317,0.5646632445514271,-0.3439828171021762,-0.17755402346487065
179759,179,-0.15729697048664093,0.6021136045455933,-0.15551665425300598,0.5957735180854797,-0.4194939434528351,-0.09497970342636108,-0.49973711371421814,-0.10409057885408401,0.02523050270974636,0.011536463163793087,0.010000092908740044,0.01982181891798973,1.0429245233535767,0.7880551218986511,0.6381928324699402,0.8461748957633972,0.029256612062454224,0.009685228578746319,0.0036338716745376587,0.01633179560303688,-3.4896063804626465,14.535608291625977,-0.020092731685505977,0.007771798759317675,-0.16690752230085934,0.5629640364154687,-0.2447689982608348,-0.13694924892189891
179760,179,-0.16130375862121582,0.6014708280563354,-0.16046389937400818,0.5949639081954956,-0.39078816771507263,-0.044802699238061905,-0.4898599684238434,-0.06397484242916107,0.023309776559472084,0.011349259875714779,0.010000083595514297,0.026011869311332703,1.0443992614746094,0.7882624268531799,0.6370850801467896,0.8456360101699829,0.027441341429948807,0.009607503190636635,0.0035595553927123547,0.021190311759710312,-3.9288103580474854,12.221331596374512,-0.026960453853866202,0.00025063454335776114,-0.16935521228346784,0.5615945439262496,-0.2447689982608348,-0.13694924892189891
179761,179,-0.16535042226314545,0.6007673144340515,-0.16534636914730072,0.5943236351013184,-0.40562525391578674,-0.07853963971138,-0.4707547128200531,-0.05519353225827217,0.021638493984937668,0.011184876784682274,0.010000075213611126,0.035217683762311935,1.045676350593567,0.7883325815200806,0.6361427307128906,0.845071017742157,0.02543170563876629,0.008977063000202179,0.0038208288606256247,0.029072867706418037,-1.2216603755950928,16.088979721069336,-0.03667769067260019,-0.0009612626459483548,-0.1717109439787879,0.5602684481409016,-0.14872317780618385,-0.09162356755906952
179762,179,-0.16865618526935577,0.6007901430130005,-0.16931183636188507,0.5942977666854858,-0.2989698350429535,0.03458509221673012,-0.35754331946372986,0.01721224933862686,0.020184122025966644,0.011040679179131985,0.010000067763030529,0.034903015941381454,1.0468158721923828,0.7881441712379456,0.6353000402450562,0.8451575636863708,0.024060271680355072,0.00874620582908392,0.0037513000424951315,0.02947758510708809,-3.4267091751098633,16.662235260009766,-0.03279018690614699,0.006397232226423029,-0.17311351076457113,0.5593921673373128,-0.1402566785783073,-0.08762808035882373
179763,179,-0.17177577316761017,0.6013437509536743,-0.17255167663097382,0.5945992469787598,-0.31726741790771484,0.08011453598737717,-0.28552237153053284,0.05195680260658264,0.018917471170425415,0.010914206504821777,0.010000062175095081,0.04967553913593292,1.0480635166168213,0.7878370881080627,0.634274423122406,0.8445591330528259,0.02327418513596058,0.008504570461809635,0.0034716050140559673,0.04100145399570465,-6.249587535858154,16.045936584472656,-0.05240260059002437,-0.005911886009267751,-0.17451607755035436,0.5585158865337241,-0.09165460465575853,0.22139257817836247
179764,179,-0.1756041944026947,0.6020748019218445,-0.17526616156101227,0.5951799154281616,-0.41613873839378357,0.082321397960186,-0.24415411055088043,0.08023806661367416,0.01781320385634899,0.01080326922237873,0.010000061243772507,0.04959005117416382,1.049404263496399,0.7874979376792908,0.6331294775009155,0.844683825969696,0.02225840464234352,0.008518773131072521,0.00348723609931767,0.04168359562754631,-4.002174377441406,13.935270309448242,-0.04903806248558783,0.0023744716395443094,-0.17483422086211478,0.5645345636821302,-0.030495883183302375,0.6102506424417637
179765,179,-0.17967599630355835,0.602837324142456,-0.17763130366802216,0.5961920022964478,-0.39217501878738403,0.07097922265529633,-0.24968750774860382,0.11415953189134598,0.023389706388115883,0.010705663822591305,0.010000055655837059,0.04820414260029793,1.0497004985809326,0.7872263789176941,0.6321790218353271,0.8449413180351257,0.026446150615811348,0.008445749059319496,0.0037278058007359505,0.040723830461502075,-1.7152786254882812,13.941879272460938,-0.03925493550532118,0.02426139481313265,-0.17513917969394777,0.5706370701065473,-0.030495883183302375,0.6102506424417637
179766,179,-0.18292665481567383,0.603627622127533,-0.1803130805492401,0.5974612832069397,-0.2787550687789917,0.07646746933460236,-0.29475146532058716,0.12369493395090103,0.02940625138580799,0.01061985269188881,0.010000050067901611,0.045725252479314804,1.0495355129241943,0.7869466543197632,0.6314986348152161,0.8452832102775574,0.03175023943185806,0.008311971090734005,0.003950193058699369,0.03890662640333176,-1.8307042121887207,15.047332763671875,-0.029653248311013354,0.030344533286616397,-0.1744246468818071,0.5756219267503669,0.08431328740960922,0.4843874781065452
179767,179,-0.1852058470249176,0.6045237183570862,-0.18337982892990112,0.5986580848693848,-0.18831470608711243,0.10049234330654144,-0.3040262758731842,0.11649572849273682,0.02842387557029724,0.010544543154537678,0.010000045411288738,0.04268905892968178,1.049932599067688,0.7865334153175354,0.6311004757881165,0.8457777500152588,0.031437553465366364,0.007990218698978424,0.004205379169434309,0.036743298172950745,-1.2633252143859863,16.63041114807129,-0.02283256813285381,0.021706026373940007,-0.17358151400771096,0.5804658015314326,0.08431328740960922,0.4843874781065981
179768,179,-0.18652531504631042,0.6059085130691528,-0.18625642359256744,0.5999221205711365,-0.09320492297410965,0.162789985537529,-0.2686745524406433,0.13397365808486938,0.026913892477750778,0.010478440672159195,0.010000044479966164,0.03981712460517883,1.0503689050674438,0.7859017252922058,0.630908191204071,0.8464163541793823,0.02995515987277031,0.007659134455025196,0.004309560172259808,0.03465010225772858,-2.242628335952759,17.56767463684082,-0.020857240744814078,0.016540990575142772,-0.1717943122620907,0.584353132857893,0.20412080807174518,0.362996864393302
179769,179,-0.18724937736988068,0.6078819632530212,-0.18853911757469177,0.6014618873596191,-0.0579499751329422,0.22746641933918,-0.17677679657936096,0.1772729754447937,0.02477452903985977,0.010420371778309345,0.010000042617321014,0.038019150495529175,1.0507036447525024,0.7850666642189026,0.6309159398078918,0.8471243381500244,0.02756270207464695,0.007482815068215132,0.004592054523527622,0.03309125453233719,1.3967180252075195,15.267248153686523,-0.026070047447076375,0.00933131952971186,-0.16975310418137313,0.5879831015018259,0.20412080807174518,0.36299686439324913
179770,179,-0.18714049458503723,0.6102551817893982,-0.189397931098938,0.6035959124565125,0.058524586260318756,0.2452554553747177,-0.007442733272910118,0.23840028047561646,0.023122239857912064,0.010369164869189262,0.01000003982335329,0.03754640370607376,1.0506986379623413,0.7841396331787109,0.631258487701416,0.8478145003318787,0.02524738386273384,0.007259468547999859,0.0049057756550610065,0.03275274112820625,2.1007871627807617,15.820765495300293,-0.03440870556365315,0.01169883957334564,-0.16685324670172053,0.5908086879159009,0.32892667880310555,0.24607880130187548
179771,179,-0.1858682483434677,0.6129366159439087,-0.18842114508152008,0.6062631011009216,0.17555132508277893,0.2811258137226105,0.17491255700588226,0.2829158306121826,0.021478040143847466,0.010324373841285706,0.010000038892030716,0.03750668838620186,1.050543189048767,0.7833995223045349,0.6316810250282288,0.8482580184936523,0.02370372973382473,0.007911412976682186,0.004866272676736116,0.03191792592406273,-0.5993974208831787,9.329816818237305,-0.037241636132909345,0.001059953664159138,-0.16356397991368923,0.5932694759289199,0.32892667880310555,0.24607880130187548
179772,179,-0.1844543218612671,0.6145039200782776,-0.18641801178455353,0.6084930300712585,0.1573132872581482,0.10119493305683136,0.2587873041629791,0.20141898095607758,0.020045993849635124,0.010285030119121075,0.010354097932577133,0.04362853616476059,1.050278902053833,0.7830823063850403,0.6321592926979065,0.848149299621582,0.022160718217492104,0.00806199200451374,0.005126222502440214,0.03646794334053993,-2.0047807693481445,10.954887390136719,-0.04474316474294617,-0.010406414244987151,-0.15951147989944855,0.5950690978355871,0.45873089960370345,0.1336332888324243
179773,179,-0.1827249825000763,0.6152926087379456,-0.18322162330150604,0.6102187633514404,0.18883277475833893,0.05467470362782478,0.3669993281364441,0.1404900848865509,0.018796812742948532,0.010250452905893326,0.010311136953532696,0.04032709449529648,1.0498450994491577,0.7828732132911682,0.6328162550926208,0.8484252691268921,0.02055826410651207,0.008117616176605225,0.005349020007997751,0.034337304532527924,-0.6904339790344238,12.351903915405273,-0.01857744492225525,-0.0007333405244619798,-0.1549241709034112,0.5964054307239117,0.45873089960370345,0.1336332888324772
179774,179,-0.1803235113620758,0.6158837676048279,-0.17910154163837433,0.6113758087158203,0.27635306119918823,0.05038026347756386,0.42357781529426575,0.08162063360214233,0.017705781385302544,0.010220056399703026,0.010273372754454613,0.036613721400499344,1.0490775108337402,0.7826749086380005,0.6337990760803223,0.8488061428070068,0.01883980631828308,0.008033682592213154,0.005744043737649918,0.031347475945949554,1.2898898124694824,13.628389358520508,-0.011919467022969013,0.0022312351458097963,-0.14967904155403067,0.5972148685281453,0.5935334704735258,0.025660326984948478
179775,179,-0.1767004430294037,0.6165836453437805,-0.1748446673154831,0.6120124459266663,0.4183363616466522,0.0690760463476181,0.40956994891166687,0.03723695129156113,0.016752872616052628,0.01019335724413395,0.010240202769637108,0.03346533700823784,1.0480201244354248,0.7825238704681396,0.6350317001342773,0.8491097688674927,0.017541421577334404,0.008177310228347778,0.0058763111010193825,0.02848706766963005,-0.34320831298828125,12.740507125854492,-0.012312658110632736,-0.003097484596591406,-0.14374370684929488,0.5974714717979945,0.5935334704735258,0.025660326984948478
179776,179,-0.17231959104537964,0.6169808506965637,-0.17100125551223755,0.6120398044586182,0.46731099486351013,0.027044719085097313,0.3813886046409607,-0.011293329298496246,0.015921099111437798,0.01016993448138237,0.016850031912326813,0.031374603509902954,1.046777367591858,0.7825784087181091,0.6361652612686157,0.8491986393928528,0.016376744955778122,0.0085360212251544,0.009061569347977638,0.026209600269794464,0.010190010070800781,9.540748596191406,-0.017191855594275253,-0.017896935725597952,-0.13726596136421812,0.5973265059047701,0.7333343914125989,-0.07784008424065775
179777,179,-0.1674749255180359,0.6166471838951111,-0.16721075773239136,0.6116398572921753,0.5104273557662964,-0.07482599467039108,0.3960801959037781,-0.055436305701732635,0.015191738493740559,0.01014931034296751,0.01827840320765972,0.029104536399245262,1.0451745986938477,0.7828095555305481,0.6377967596054077,0.8492220044136047,0.014873788692057133,0.00845994520932436,0.010428843088448048,0.02437145635485649,3.9516639709472656,11.985652923583984,-0.013647023807961296,-0.018490407376016066,-0.12993261745009166,0.5965481050623632,0.7333343914125989,-0.07784008424071062
179778,179,-0.16123658418655396,0.616176962852478,-0.16250017285346985,0.6112426519393921,0.6875945925712585,-0.049367837607860565,0.5204632878303528,-0.052109286189079285,0.014552999287843704,0.010131177492439747,0.018273714929819107,0.02667132392525673,1.0432813167572021,0.7830942869186401,0.6397712230682373,0.8491615056991577,0.01384282298386097,0.008692359551787376,0.010652171447873116,0.02216404676437378,2.7055883407592773,11.202139854431152,-0.0002495148735157035,-0.018240642593688815,-0.12218226902876798,0.5954845158766563,0.8781336624208899,-0.1768679448443415
179779,179,-0.1541793942451477,0.6153092980384827,-0.15664814412593842,0.6103596091270447,0.7276004552841187,-0.10834219306707382,0.6568692326545715,-0.11030974984169006,0.013993814587593079,0.010115248151123524,0.03597777336835861,0.02456084080040455,1.0411068201065063,0.7834927439689636,0.6413566470146179,0.8490535020828247,0.012671586126089096,0.008692359551787376,0.019559064880013466,0.020352883264422417,4.090573787689209,12.230398178100586,-0.0071143777730019115,-0.03877302449333815,-0.11340093240455851,0.5937158364282126,0.8781336624208832,-0.1768679448443415
179780,179,-0.146347776055336,0.6143055558204651,-0.14903414249420166,0.609210729598999,0.8116392493247986,-0.10796330869197845,0.8350449204444885,-0.12739987671375275,0.01350414752960205,0.010101258754730225,0.03921724855899811,0.022727638483047485,1.0388402938842773,0.7841432094573975,0.6434361338615417,0.8486695289611816,0.012017156928777695,0.009376625530421734,0.02160455286502838,0.018230976536870003,2.782120704650879,7.061963081359863,-0.0008965568462273414,-0.03976557946685125,-0.10433799424643149,0.5917694043549984,1.0279312834984118,-0.27142325482615565
179781,179,-0.1384381800889969,0.6121096611022949,-0.14035700261592865,0.6073150038719177,0.8028525710105896,-0.2775200307369232,0.9180266261100769,-0.2173575460910797,0.013075212016701698,0.010088973678648472,0.04534419625997543,0.021133100613951683,1.036295771598816,0.7850742340087891,0.645715594291687,0.8481963872909546,0.010809844359755516,0.009217479266226292,0.025641143321990967,0.01702677085995674,5.678472518920898,11.138873100280762,-0.00487937784325343,-0.046430227389729184,-0.09405868141144665,0.5890551718067372,1.0279312834984118,-0.2714232548261028
179782,179,-0.12933462858200073,0.6097917556762695,-0.13024035096168518,0.6052525043487549,0.9674200415611267,-0.22897455096244812,1.0558418035507202,-0.22745078802108765,0.01269889809191227,0.017758674919605255,0.04450119286775589,0.019742703065276146,1.0334322452545166,0.7850455641746521,0.6485329866409302,0.8476309180259705,0.009892023168504238,0.015139006078243256,0.025980178266763687,0.01569214090704918,5.561118125915527,10.287318229675293,0.018841971111311313,-0.03900448791685149,-0.08364316671596467,0.5862616772509915,1.1701872978805388,-0.35420844759397646
179783,179,-0.11923681199550629,0.6072283983230591,-0.11947475373744965,0.6025984287261963,1.0522403717041016,-0.269008994102478,1.0962588787078857,-0.28776243329048157,0.01236933283507824,0.016799015924334526,0.05509089678525925,0.01853163167834282,1.0303199291229248,0.7861674427986145,0.6511760354042053,0.8468613028526306,0.00903305597603321,0.01570919156074524,0.03194373846054077,0.014329961501061916,5.3215765953063965,7.071106433868408,0.008422936942128808,-0.05709179173226958,-0.07181589416951215,0.5826466171091319,1.1827272546451713,-0.3615060141859945
179784,179,-0.10852019488811493,0.6037663221359253,-0.10855726152658463,0.5992203950881958,1.1015068292617798,-0.39203447103500366,1.1019642353057861,-0.367069274187088,0.012079959735274315,0.016176525503396988,0.06354707479476929,0.01747319847345352,1.0268287658691406,0.7876619696617126,0.6541628837585449,0.8459926843643188,0.007989208213984966,0.015229285694658756,0.037778448313474655,0.013417087495326996,7.597815990447998,9.145183563232422,0.011760761008718965,-0.06517096552635077,-0.05998862162305963,0.5790315569672722,1.2534841709393147,-0.3994142097181926
179785,179,-0.09658033400774002,0.5999599695205688,-0.09707637876272202,0.5955130457878113,1.2452994585037231,-0.39313095808029175,1.168412446975708,-0.3946099579334259,0.011826833710074425,0.025979800149798393,0.06551582366228104,0.016551228240132332,1.022939920425415,0.7879969477653503,0.6577339172363281,0.8450303673744202,0.007025448139756918,0.022539576515555382,0.040333837270736694,0.012517093680799007,9.747207641601562,8.84518814086914,0.027633064603714615,-0.06594337399346292,-0.046582600377504634,0.5745706782465901,1.3425215758611548,-0.447116222923858
179786,179,-0.08332900702953339,0.5959345102310181,-0.08494070917367935,0.5914080142974854,1.385571002960205,-0.4150766134262085,1.256686806678772,-0.4309590458869934,0.011604205705225468,0.025965990498661995,0.08014977723360062,0.015743188560009003,1.0186190605163574,0.7893171310424805,0.6612530946731567,0.8440123200416565,0.006099374033510685,0.023691408336162567,0.049659859389066696,0.011854005977511406,10.189741134643555,9.45513916015625,0.025870709362679857,-0.08327309963550561,-0.03315738461889377,0.5700995160173519,1.3425215758611548,-0.44711622292391084
179787,179,-0.06890836358070374,0.5917574167251587,-0.07166256755590439,0.5869427919387817,1.4779446125030518,-0.42537254095077515,1.393081784248352,-0.46108511090278625,0.011408875696361065,0.02617572620511055,0.09601113945245743,0.01503648143261671,1.0140713453292847,0.7908556461334229,0.6648174524307251,0.8429670333862305,0.005676468834280968,0.024043435230851173,0.059745755046606064,0.011229084804654121,7.889554500579834,10.14578628540039,0.0262096334875679,-0.09973817194506465,-0.018268829734183978,0.5649078611303084,1.5073142471463747,-0.5282538810399047
179788,179,-0.054241541773080826,0.5873976945877075,-0.05708998814225197,0.5821655988693237,1.4605964422225952,-0.4389638602733612,1.5156503915786743,-0.48170599341392517,0.011237340979278088,0.026014216244220734,0.10800086706876755,0.014417561702430248,1.009357213973999,0.7924235463142395,0.6685953140258789,0.8419451117515564,0.005016447044909,0.02393236942589283,0.06884073466062546,0.010722226463258266,11.652626991271973,9.576826095581055,0.024900490119069182,-0.11097496180486172,-0.0031956872627191997,0.5596253223199097,1.5073142471463747,-0.5282538810398518
179789,179,-0.03898264467716217,0.5831352472305298,-0.041190456598997116,0.5775967836380005,1.5599082708358765,-0.4281049370765686,1.6323498487472534,-0.44837626814842224,0.011086524464190006,0.025659000501036644,0.1073300763964653,0.013874704018235207,1.0043643712997437,0.7940504550933838,0.6730207800865173,0.8408581614494324,0.0045004477724432945,0.023905454203486443,0.07088078558444977,0.010158640332520008,12.979898452758789,8.33352279663086,0.023212150537173536,-0.10363206060802964,0.01316738312332144,0.553738671671479,1.671013178378492,-0.6049189885339232
179790,179,-0.022860102355480194,0.5786374807357788,-0.024501249194145203,0.5731226205825806,1.6518174409866333,-0.46495321393013,1.694551706314087,-0.449952095746994,0.010954356752336025,0.024603156372904778,0.11283235996961594,0.013400000520050526,0.9991467595100403,0.7958775162696838,0.6774779558181763,0.8396973013877869,0.0041091348975896835,0.023326702415943146,0.07566393166780472,0.009725131094455719,11.210341453552246,9.166852951049805,0.017300911692445048,-0.11424916233260564,0.029877514907105517,0.5476894817861404,1.6710131783784947,-0.6049189885339232
179791,179,-0.006213332526385784,0.5738827586174011,-0.007386868353933096,0.5684913396835327,1.6788227558135986,-0.4807543158531189,1.7293020486831665,-0.47140178084373474,0.010838206857442856,0.023768069222569466,0.12133985012769699,0.012983595952391624,0.9937056303024292,0.7978423237800598,0.6819342374801636,0.8384097814559937,0.003706273389980197,0.02300739288330078,0.08294379711151123,0.009118613786995411,13.456876754760742,6.072688102722168,0.01798207690121105,-0.1235502773140449,0.04753869948100975,0.5411436157813001,1.8092500090681705,-0.6771115454060722
179792,179,0.010957890190184116,0.5685539245605469,0.009985876269638538,0.5635571479797363,1.7458791732788086,-0.5662193298339844,1.746078372001648,-0.5118329524993896,0.010736552998423576,0.022735008969902992,0.12283926457166672,0.012619770132005215,0.9881405234336853,0.8000394701957703,0.6866745352745056,0.8370077013969421,0.0037111665587872267,0.02228061482310295,0.08557009696960449,0.008798040449619293,9.80771541595459,9.161748886108398,0.015529250352489851,-0.12327272337295114,0.06563119957169267,0.5343725003272393,1.8092500090681605,-0.6771115454060722
179793,179,0.02820120006799698,0.5629026889801025,0.027490226551890373,0.5581811666488647,1.706364631652832,-0.5622730851173401,1.7574599981307983,-0.5582807064056396,0.010647261515259743,0.023678574711084366,0.12741954624652863,0.012300637550652027,0.9826287627220154,0.8020250797271729,0.6912646293640137,0.8355838060379028,0.0036035533994436264,0.022947169840335846,0.08990832418203354,0.008442707359790802,11.472318649291992,7.865355014801025,0.023841054146981087,-0.12876620721565618,0.08435098077099266,0.5272031993709616,1.9159326490930595,-0.7448315516562987
179794,179,0.04527130722999573,0.5571532845497131,0.04506004601716995,0.5524449944496155,1.7026190757751465,-0.5858166217803955,1.7496583461761475,-0.5872741937637329,0.010568663477897644,0.023064514622092247,0.12584081292152405,0.012020077556371689,0.9770998954772949,0.8042430281639099,0.696012020111084,0.8340526223182678,0.0035077552311122417,0.022954976186156273,0.09073798358440399,0.00805188063532114,12.158119201660156,6.795835494995117,0.018792001464733296,-0.117500810601643,0.10351030726192463,0.5197548838543987,1.9159326490930595,-0.7448315516562987
179795,179,0.06228848546743393,0.5510058403015137,0.06236400827765465,0.5463739633560181,1.7025495767593384,-0.6355659365653992,1.712723731994629,-0.6225488781929016,0.010499637573957443,0.022354736924171448,0.12340500950813293,0.011773955076932907,0.9715141654014587,0.8067015409469604,0.7008556127548218,0.8323853015899658,0.003319299779832363,0.022716524079442024,0.09085197746753693,0.007659134455025196,13.379400253295898,5.901057720184326,0.01740532269553692,-0.11047200405862434,0.12303625156129333,0.5119979283516625,1.9910610984531982,-0.8080790072846027
179796,179,0.07949477434158325,0.5443217158317566,0.07928004115819931,0.5399355888366699,1.7319796085357666,-0.6963261365890503,1.671168565750122,-0.6664530038833618,0.010438969358801842,0.02206706814467907,0.12019678950309753,0.011557845398783684,0.9658077955245972,0.8094255328178406,0.7058109641075134,0.8304620981216431,0.003083388786762953,0.023092184215784073,0.09038577228784561,0.007097720168530941,14.728131294250488,3.090643882751465,0.02005925422354045,-0.10306154617049518,0.1429468625458266,0.5039171382788165,1.9910610984531851,-0.8080790072846027
179797,179,0.09699838608503342,0.5366039872169495,0.0957818478345871,0.5328189134597778,1.7685545682907104,-0.8238939046859741,1.6463819742202759,-0.7482580542564392,0.010385639034211636,0.024564865976572037,0.1170388013124466,0.01136805023998022,0.9598502516746521,0.8121351003646851,0.7109586596488953,0.8283289670944214,0.0026381011120975018,0.02547244168817997,0.090239018201828,0.006737744901329279,16.524669647216797,4.309823513031006,0.02494960573421255,-0.10005864569543357,0.16302653641995504,0.49560830863459326,2.034635357148537,-0.8668539122909842
179798,179,0.11525823175907135,0.5281928777694702,0.11267616599798203,0.5250253081321716,1.8547320365905762,-0.8688520789146423,1.7228302955627441,-0.8223159313201904,0.010338828898966312,0.03878583759069443,0.114095039665699,0.011201574467122555,0.953666627407074,0.8136042952537537,0.7162524461746216,0.8260359168052673,0.0024538314901292324,0.03728070482611656,0.08967511355876923,0.00648862961679697,15.891447067260742,5.506336688995361,0.04118986557844044,-0.0981319159244739,0.18337288999144177,0.48693976951168344,2.0346353571485243,-0.8668539122909842
179799,179,0.1339503973722458,0.5194065570831299,0.13046246767044067,0.5163317322731018,1.8801807165145874,-0.8847338557243347,1.8290345668792725,-0.9092205762863159,0.01029771938920021,0.04497726634144783,0.11269314587116241,0.01105546671897173,0.9473830461502075,0.8157827854156494,0.7215331792831421,0.8237250447273254,0.002301768632605672,0.044086530804634094,0.08985299617052078,0.006413685157895088,15.27780532836914,6.246652603149414,0.04610440321346765,-0.1050463751072904,0.2037538599150021,0.47811484613095284,2.046655425179096,-0.9211562666754168
179800,179,0.15277902781963348,0.510644793510437,0.14924930036067963,0.5069486498832703,1.8854601383209229,-0.8692440390586853,1.916146159172058,-0.9562238454818726,0.010261587798595428,0.046371303498744965,0.11127378046512604,0.010927124880254269,0.9410760402679443,0.8187046647071838,0.7267687916755676,0.8213219046592712,0.002234028885141015,0.046925339847803116,0.09001901745796204,0.00605752132833004,15.627875328063965,2.6366209983825684,0.04662612030171491,-0.10350949948276514,0.22422041416679456,0.4689032834641985,2.046655425179109,-0.9211562666754433
179801,179,0.17151281237602234,0.5013284683227539,0.1684681624174118,0.4971078336238861,1.8784435987472534,-0.9653390645980835,1.9367961883544922,-0.9900847673416138,0.010229877196252346,0.04581568390130997,0.10942604392766953,0.0108145447447896,0.9347009658813477,0.8221790790557861,0.7320372462272644,0.8188071250915527,0.002114122034981847,0.04724676162004471,0.08995768427848816,0.005880291573703289,14.791731834411621,4.101395606994629,0.042194766587551474,-0.09926158437723137,0.24465024661447587,0.45959804675193267,2.0271213025449013,-0.9709860704379535
179802,179,0.19034963846206665,0.4916086494922638,0.18797418475151062,0.4872186779975891,1.8863413333892822,-0.9815617799758911,1.9554208517074585,-0.9919214844703674,0.010201952420175076,0.053420424461364746,0.10694462805986404,0.010715452954173088,0.9282525181770325,0.8249005079269409,0.7373517155647278,0.8162539005279541,0.001962467795237899,0.053309276700019836,0.08942864835262299,0.005754978395998478,15.141472816467285,4.857077598571777,0.05479314373956663,-0.09326607355778468,0.26492145963992386,0.44988818604755426,2.027121302544888,-0.9709860704379535
179803,179,0.20933112502098083,0.48185956478118896,0.20752540230751038,0.47733357548713684,1.9058765172958374,-0.9687820076942444,1.9485855102539062,-0.9868608713150024,0.010177453979849815,0.05569520592689514,0.10432646423578262,0.010628541931509972,0.9217477440834045,0.8280029892921448,0.7426930665969849,0.8136256337165833,0.001845712773501873,0.05684612691402435,0.088566854596138,0.0055324905551970005,15.838961601257324,2.6039624214172363,0.05613724476789557,-0.08977590138072242,0.2851477210864079,0.4401384164087285,1.9801716321007252,-1.0126689515059053
179804,179,0.22838887572288513,0.47184205055236816,0.22672538459300995,0.46732693910598755,1.9133976697921753,-1.0187448263168335,1.9022231101989746,-1.004989504814148,0.010155915282666683,0.05523968115448952,0.10203547775745392,0.01055215671658516,0.9150357842445374,0.8315339088439941,0.7481564879417419,0.8110306859016418,0.001437444007024169,0.05700739100575447,0.08845669776201248,0.00558907026425004,17.66488265991211,4.3277788162231445,0.05235389024406198,-0.08923695378045535,0.3049080509788684,0.4299749831729428,1.9760329892459265,-1.0163433235785675
179805,179,0.24809043109416962,0.46198686957359314,0.24586835503578186,0.45748135447502136,1.9994277954101562,-0.9733409285545349,1.913685917854309,-0.9813490509986877,0.010136997327208519,0.05798156186938286,0.09976989030838013,0.01048509031534195,0.9080865979194641,0.8345932960510254,0.7537486553192139,0.8086702227592468,0.001267405692487955,0.05821908265352249,0.08777434378862381,0.005900193005800247,15.992633819580078,9.493293762207031,0.0585158650112165,-0.08703437817082463,0.324668380871329,0.4198115499371572,1.9394388932178879,-1.0344470675152517
179806,179,0.2682003676891327,0.4531588554382324,0.265240341424942,0.44799157977104187,2.0070130825042725,-0.8252408504486084,1.9484689235687256,-0.9249429106712341,0.01012037880718708,0.056783270090818405,0.09973584860563278,0.01042619813233614,0.901328444480896,0.8377684950828552,0.7590330839157104,0.8062785267829895,0.001636597327888012,0.05868738144636154,0.08755911886692047,0.005502721294760704,14.380109786987305,2.3275160789489746,0.049226050156791226,-0.09954390836228899,0.34361221275165504,0.4092441807515622,1.8933904852821848,-1.0572280260972593
179807,179,0.2873748540878296,0.44396325945854187,0.2842346727848053,0.43850141763687134,1.8844006061553955,-0.9452323913574219,1.8980894088745117,-0.9289065599441528,0.010105770081281662,0.05211126431822777,0.10086975991725922,0.01037443708628416,0.8948228359222412,0.841736376285553,0.7640110850334167,0.8036153316497803,0.001808103988878429,0.056333981454372406,0.0889422819018364,0.005083685740828514,14.62629508972168,-1.4795589447021484,0.022432767090728403,-0.1011468499123842,0.3625461176044758,0.398671900490591,1.8933904852821584,-1.0572280260972593
179808,179,0.30583325028419495,0.4336872696876526,0.30302709341049194,0.429069459438324,1.8288062810897827,-1.0732238292694092,1.8748944997787476,-0.9495841860771179,0.010092949494719505,0.04992882162332535,0.09824238717556,0.010329022072255611,0.8885599970817566,0.8459579944610596,0.7688965797424316,0.8007772564888,0.0022659588139504194,0.054010502994060516,0.08693953603506088,0.00495912367478013,10.346755981445312,2.0859432220458984,0.03590771909918558,-0.08340242510499221,0.38046596952631806,0.38777628469460734,1.7791937906536368,-1.093640177994002
179809,179,0.3233482539653778,0.4229016900062561,0.32151496410369873,0.41929420828819275,1.6902002096176147,-1.0826777219772339,1.8219200372695923,-1.0038970708847046,0.010081672109663486,0.052219636738300323,0.09469681978225708,0.010289075784385204,0.8828144073486328,0.8496376276016235,0.7734326720237732,0.7979362607002258,0.002882914151996374,0.05530516058206558,0.08353007584810257,0.004936398938298225,8.879361152648926,3.5767483711242676,0.05264866303242248,-0.07454769978183279,0.3982579074328556,0.3768398829146673,1.7791937906536368,-1.0936401779940284
179810,179,0.3393683135509491,0.4122289717197418,0.3391791582107544,0.40896904468536377,1.5345903635025024,-1.0507041215896606,1.7143182754516602,-1.051840901374817,0.010071760043501854,0.05220571905374527,0.08861944079399109,0.010253977961838245,0.8774010539054871,0.8533443808555603,0.7778553366661072,0.795093834400177,0.002824582625180483,0.0559927299618721,0.0793992131948471,0.004739942494779825,14.621806144714355,0.4080033302307129,0.05211674451673516,-0.05366885770918284,0.41490134587089567,0.36565180091327015,1.6334429053603086,-1.1255797792688487
179811,179,0.3549104630947113,0.4015271067619324,0.3555971086025238,0.3983590602874756,1.5544172525405884,-1.0922189950942993,1.557594656944275,-1.0784870386123657,0.010063066147267818,0.051233477890491486,0.07978184521198273,0.010223188437521458,0.8718313574790955,0.8572752475738525,0.7825349569320679,0.7921894192695618,0.0024790316820144653,0.055602025240659714,0.0732821598649025,0.004684711806476116,16.599735260009766,1.2819409370422363,0.044997886074267496,-0.027861292628378942,0.4312357749245,0.3543960031205816,1.633442905360335,-1.1255797792688487
179812,179,0.37096935510635376,0.3906670808792114,0.37041136622428894,0.3875463604927063,1.6330386400222778,-1.0977165699005127,1.4043158292770386,-1.0992708206176758,0.01005540881305933,0.050873685628175735,0.07261762768030167,0.010196077637374401,0.8662259578704834,0.8614349365234375,0.7871474623680115,0.7890032529830933,0.0026856670156121254,0.056410469114780426,0.06685788184404373,0.004141535609960556,14.062416076660156,-2.4887430667877197,0.04856779398304806,-0.02976836836421004,0.446396542484307,0.3429512353187465,1.4628495935163963,-1.1530468299217465
179813,179,0.3867051899433136,0.37863394618034363,0.3836857080459595,0.3758822977542877,1.5511493682861328,-1.2542963027954102,1.320084810256958,-1.1939053535461426,0.010048678144812584,0.05033310130238533,0.0683743879199028,0.01017224881798029,0.8605891466140747,0.8658105134963989,0.7916690707206726,0.7857539057731628,0.0023008007556200027,0.05583610758185387,0.06368310749530792,0.004229942802339792,17.381811141967773,1.063385009765625,0.04686661909379321,-0.04262125497315647,0.4610250384194718,0.33142076701952894,1.4628495935163697,-1.1530468299217729
179814,179,0.4028594195842743,0.36660927534103394,0.3978950083255768,0.36414384841918945,1.627181053161621,-1.1973857879638672,1.481300711631775,-1.192731499671936,0.010042773559689522,0.06667588651180267,0.06340041756629944,0.010151345282793045,0.8549712896347046,0.8683765530586243,0.7960831522941589,0.7824516892433167,0.002678870689123869,0.0692724734544754,0.05920463800430298,0.004120916128158569,13.161816596984863,2.1837878227233887,0.06991092498400565,-0.03277596314988257,0.4746622531557335,0.31975509382223116,1.2942609115783388,-1.1760413299527748
179815,179,0.41840043663978577,0.35457807779312134,0.4130181074142456,0.3517584204673767,1.5169543027877808,-1.188830852508545,1.544360876083374,-1.2561521530151367,0.010037573054432869,0.06584292650222778,0.06138826534152031,0.01013294979929924,0.8494723439216614,0.8720307350158691,0.8003127574920654,0.7793151140213013,0.0023927907459437847,0.07147839665412903,0.057794153690338135,0.004379388876259327,16.735734939575195,2.551860809326172,0.06073057094247464,-0.048909048077816986,0.4876048622715162,0.30799468052270496,1.2942609115783388,-1.1760413299527748
179816,179,0.43401825428009033,0.3432679772377014,0.4289132356643677,0.3395382761955261,1.5775851011276245,-1.1040480136871338,1.6022100448608398,-1.201343059539795,0.010033014230430126,0.06483788788318634,0.058099281042814255,0.01011681742966175,0.8439520597457886,0.8760640621185303,0.804509699344635,0.7762302160263062,0.0026148101314902306,0.071181520819664,0.054954927414655685,0.004205379169434309,13.913531303405762,0.59295654296875,0.05863944543526735,-0.03750482897979113,0.4997673138261391,0.2961438823349199,1.1343886236603054,-1.1945632793618277
179817,179,0.4492673873901367,0.33187898993492126,0.4446188807487488,0.327487975358963,1.5001156330108643,-1.150915503501892,1.5573256015777588,-1.184192180633545,0.01002900768071413,0.061868343502283096,0.05748302862048149,0.010102633386850357,0.8387331366539001,0.880502462387085,0.8083492517471313,0.7729669213294983,0.002950028283521533,0.06963397562503815,0.0538630411028862,0.003925682511180639,11.827592849731445,-1.9255399703979492,0.043469560581731015,-0.05360545262251573,0.5111112000627431,0.28419824954130163,1.1343886236603318,-1.1945632793618277
179818,179,0.46359309554100037,0.31977689266204834,0.45973333716392517,0.3156287968158722,1.4003522396087646,-1.233400821685791,1.487561583518982,-1.1724870204925537,0.010025489144027233,0.05996459722518921,0.056393176317214966,0.010090180672705173,0.8339172005653381,0.8850934505462646,0.8118444085121155,0.7696322202682495,0.003630937309935689,0.06748355180025101,0.052076295018196106,0.0039305840618908405,6.744880676269531,1.1330318450927734,0.048083755449572926,-0.04951643493085084,0.5218686195878874,0.2721981067680047,0.9832327297624018,-1.2086126781489845
179819,179,0.4765295386314392,0.30755850672721863,0.4740440249443054,0.303888201713562,1.2140326499938965,-1.2066693305969238,1.3819901943206787,-1.1712745428085327,0.01002239715307951,0.05987243726849556,0.05445654317736626,0.010079246945679188,0.8295266628265381,0.8893605470657349,0.815127432346344,0.7663765549659729,0.0036377841606736183,0.06682760268449783,0.05076377093791962,0.0038825548253953457,12.64477252960205,-1.0356855392456055,0.059295195906413495,-0.042176530600123996,0.531700946885512,0.260111979986515,0.983232729762349,-1.2086126781489845
179820,179,0.4888613522052765,0.2956172525882721,0.48739033937454224,0.29241806268692017,1.2230554819107056,-1.1981765031814575,1.2670084238052368,-1.1468931436538696,0.010019680485129356,0.05910557508468628,0.04978891462087631,0.010069625452160835,0.8252025842666626,0.8936618566513062,0.8184703588485718,0.7630138397216797,0.003762069856747985,0.0667615458369255,0.04693545401096344,0.0036671319976449013,12.54538345336914,-2.2537648677825928,0.05430362553118209,-0.019965370505079377,0.5411230655333389,0.24799827303268007,0.8407932298844696,-1.2181895263141924
179821,179,0.5008392333984375,0.2833160161972046,0.499161958694458,0.2807159423828125,1.1809468269348145,-1.2520681619644165,1.1097099781036377,-1.1880788803100586,0.010017291642725468,0.058040179312229156,0.04686138406395912,0.0100611736997962,0.8209706544876099,0.8982434272766113,0.8217067122459412,0.7594109177589417,0.0036739809438586235,0.06684961915016174,0.04440244659781456,0.0032266383059322834,15.205528259277344,-6.181895732879639,0.05135240167409666,-0.02795316493004682,0.5495309978321841,0.23581637776953812,0.8407932298844696,-1.2181895263141924
179822,179,0.5127147436141968,0.27007848024368286,0.5096784830093384,0.2684926986694336,1.1957998275756836,-1.3778367042541504,1.0209672451019287,-1.2498997449874878,0.010015196166932583,0.05839098244905472,0.04437294229865074,0.010053756646811962,0.8168648481369019,0.9030619263648987,0.8247323632240295,0.7555344700813293,0.004215204156935215,0.06749183684587479,0.04148758575320244,0.0030678065959364176,8.258099555969238,-2.4015140533447266,0.058461819231748174,-0.02814256495752307,0.557687546754851,0.22362488704014505,0.7070701240266409,-1.2232938238575042
179823,179,0.5236911177635193,0.25604552030563354,0.5196641683578491,0.2554148733615875,1.0205745697021484,-1.4095708131790161,0.9941785335540771,-1.3530633449554443,0.01001335121691227,0.07476881891489029,0.043652813881635666,0.010047235526144505,0.8132688999176025,0.9061156511306763,0.8273283839225769,0.7517045736312866,0.00458515714854002,0.08088307082653046,0.040343642234802246,0.0031535315793007612,9.54061508178711,-0.685732364654541,0.0781625653762596,-0.03893926291702074,0.5647582479951174,0.21139194880157008,0.707070124026588,-1.223293823857491
179824,179,0.5335168838500977,0.2424738109111786,0.5296539068222046,0.24165290594100952,0.9366965889930725,-1.320883870124817,0.9807623624801636,-1.4078199863433838,0.010011730715632439,0.08346529304981232,0.04049615561962128,0.010041505098342896,0.8100111484527588,0.9092814326286316,0.8297810554504395,0.7479862570762634,0.004906763322651386,0.09150075167417526,0.037543922662734985,0.0031837441492825747,10.735864639282227,-2.4975764751434326,0.08538387207904963,-0.019726245023670708,0.5717189583447871,0.19915845470159127,0.5921901535382063,-1.2238743932254816
179825,179,0.5424349308013916,0.22938837110996246,0.5390088558197021,0.22730742394924164,0.8571802973747253,-1.2968772649765015,0.894314169883728,-1.4410274028778076,0.010010306723415852,0.08203977346420288,0.037069156765937805,0.010036475025117397,0.8068925738334656,0.9134233593940735,0.8322141766548157,0.7444162964820862,0.004795196931809187,0.09274961054325104,0.03477274253964424,0.0033066156320273876,13.91256332397461,-2.4027466773986816,0.07363464575590467,-0.014274357674358445,0.5775395924666752,0.18691919899380252,0.5820634121888099,-1.2239255707788672
179826,179,0.5512520670890808,0.2167222797870636,0.5477211475372314,0.21334005892276764,0.8865982294082642,-1.256507396697998,0.8391168117523193,-1.3609946966171265,0.010009058751165867,0.08039185404777527,0.0335635282099247,0.010032054968178272,0.8037518262863159,0.9178250432014465,0.8346286416053772,0.7409877777099609,0.00489293597638607,0.09099902957677841,0.0316014438867569,0.0034217932261526585,11.927652359008789,-0.08585453033447266,0.07063185461403315,-0.0077232336746747565,0.5833602265885632,0.17467994328601377,0.530570066110892,-1.2221639080016775
179827,179,0.5598905086517334,0.20446637272834778,0.555854856967926,0.20024557411670685,0.8405173420906067,-1.1981780529022217,0.7941727042198181,-1.2602653503417969,0.010007956996560097,0.0780889168381691,0.031774647533893585,0.01002816203981638,0.8007924556732178,0.9221376776695251,0.8368211984634399,0.7377111911773682,0.005065884441137314,0.08838526904582977,0.029719693586230278,0.0034940754994750023,12.076830863952637,-0.6403136253356934,0.06442381334757319,-0.019691199368770673,0.5880319263392185,0.16247999430558743,0.46577309437097664,-1.2199471087084592
179828,179,0.5680245757102966,0.19270940124988556,0.563602864742279,0.18821030855178833,0.7929010391235352,-1.1534525156021118,0.7621985673904419,-1.154981017112732,0.010006990283727646,0.07473349571228027,0.030271966010332108,0.010024738498032093,0.7980570197105408,0.9265441298484802,0.8388087749481201,0.7343696355819702,0.005336137022823095,0.08581190556287766,0.02816040813922882,0.00322078843601048,12.185711860656738,-5.2397918701171875,0.05470356673126922,-0.020084504536382053,0.5926896572829291,0.1502805232185014,0.46577309437097664,-1.2199471087084592
179829,179,0.5754749178886414,0.18059290945529938,0.5708250999450684,0.17678934335708618,0.7238569259643555,-1.2363817691802979,0.7073367238044739,-1.1200380325317383,0.010006141848862171,0.07068178802728653,0.029117383062839508,0.010021737776696682,0.7953523993492126,0.9310559034347534,0.8407964110374451,0.7311317324638367,0.005112371873110533,0.08097298443317413,0.027321211993694305,0.003496029879897833,13.604471206665039,-0.8561992645263672,0.04618110490820093,-0.021237866984194137,0.5963921447051078,0.1381622080579328,0.35819917057324685,-1.2108078041667532
179830,179,0.5831137895584106,0.16906429827213287,0.5782089829444885,0.16613642871379852,0.7673602104187012,-1.1162687540054321,0.7378563284873962,-1.050269365310669,0.010005398653447628,0.0688294768333435,0.02771673910319805,0.010019099339842796,0.7927260994911194,0.9352604150772095,0.8426588177680969,0.7279528975486755,0.005442211404442787,0.07831370830535889,0.02582475170493126,0.0033427197486162186,11.598291397094727,-3.1327462196350098,0.057546544861985516,-0.01812796658509748,0.5999741364108404,0.12605413001626528,0.35819917057324685,-1.2108078041667598
179831,179,0.5901537537574768,0.1575983613729477,0.585175633430481,0.15536083281040192,0.674081563949585,-1.1476407051086426,0.6809163689613342,-1.080474853515625,0.010004745796322823,0.06444790959358215,0.03303324058651924,0.010016784071922302,0.7904301881790161,0.9396317601203918,0.8438990712165833,0.7247107625007629,0.005832538940012455,0.07461569458246231,0.029648995026946068,0.0032393145374953747,9.050936698913574,-3.6632323265075684,0.03749810565053782,-0.03393192303909688,0.602777142656703,0.11405982014674375,0.25934164079551475,-1.1963699987838148
179832,179,0.5961763858795166,0.14595474302768707,0.591570258140564,0.14434894919395447,0.5474368333816528,-1.1675199270248413,0.608370840549469,-1.1091653108596802,0.010004173032939434,0.06106679141521454,0.03245233744382858,0.010014745406806469,0.7884224653244019,0.943939208984375,0.8452819585800171,0.7215823531150818,0.005965889431536198,0.07016042619943619,0.029379215091466904,0.003401287831366062,11.378002166748047,-1.9740116596221924,0.0400983273144338,-0.02852888554480755,0.6053705590646583,0.10209612015890618,0.25934164079551475,-1.1963699987838148
179833,179,0.6016858220100403,0.13480335474014282,0.597524881362915,0.13347184658050537,0.5338385701179504,-1.0917565822601318,0.5644564628601074,-1.0884017944335938,0.010003666393458843,0.058387044817209244,0.030520938336849213,0.010012955404818058,0.7866195440292358,0.9480767250061035,0.8466046452522278,0.7184510827064514,0.006270906422287226,0.0672711506485939,0.027575301006436348,0.0031895923893898726,11.116180419921875,-4.302254676818848,0.04159788336008677,-0.017407579172147095,0.6073438152863649,0.09026820358716237,0.16920050503783327,-1.1766336925598029
179834,179,0.6065295338630676,0.12352773547172546,0.6025341749191284,0.12230003625154495,0.4529588222503662,-1.144563913345337,0.4576456546783447,-1.1284085512161255,0.010003223083913326,0.05421734228730202,0.029539749026298523,0.010011383332312107,0.7849516868591309,0.9523442387580872,0.847851574420929,0.7153070569038391,0.006185112986713648,0.06310881674289703,0.02670353837311268,0.0031983654480427504,13.30874252319336,-3.2449960708618164,0.027877454607699637,-0.022855701876347424,0.6090358203367437,0.07850186666156354,0.16920050503788614,-1.1766336925598029
179835,179,0.6112704873085022,0.11231418699026108,0.6069883704185486,0.11117349565029144,0.4748568832874298,-1.1176440715789795,0.4234488308429718,-1.114374041557312,0.010002834722399712,0.051476217806339264,0.028056694194674492,0.010010003112256527,0.7834398746490479,0.9566028118133545,0.8489251136779785,0.7120702266693115,0.006679676938802004,0.06009243428707123,0.0250079482793808,0.002976299962028861,9.48530387878418,-4.048496246337891,0.03397862219128778,-0.017910298226373807,0.6102490576864552,0.06688273139432388,0.08777576330025526,-1.1515988854946375
179836,179,0.6151281595230103,0.10069562494754791,0.6106631755828857,0.09964802861213684,0.3374219238758087,-1.1765614748001099,0.3411853611469269,-1.1618372201919556,0.010002491995692253,0.04834212735295296,0.028806913644075394,0.010008788667619228,0.7823158502578735,0.9609056115150452,0.849658191204071,0.7087787389755249,0.006979294586926699,0.05681309476494789,0.025186365470290184,0.002937380922958255,9.723520278930664,-3.3687329292297363,0.02819681629035109,-0.028924272446577998,0.6111268153194579,0.05536674253937679,0.08777576330025526,-1.1515988854946277
179837,179,0.6181172132492065,0.08897730708122253,0.6138122081756592,0.08805356919765472,0.2637055814266205,-1.1708991527557373,0.2859575152397156,-1.1614679098129272,0.010002190247178078,0.04674406349658966,0.027054443955421448,0.010007718577980995,0.7813258171081543,0.9650469422340393,0.850449800491333,0.7054964900016785,0.006921122781932354,0.05465888977050781,0.023980600759387016,0.002843051217496395,13.366300582885742,-4.310448169708252,0.036401681979650935,-0.015048041595571632,0.6116497649493343,0.04399877658337063,0.015067415582674975,-1.121265577588303
179838,179,0.620995283126831,0.07727213948965073,0.616509199142456,0.07654371112585068,0.28875139355659485,-1.1819082498550415,0.24551962316036224,-1.1552577018737793,0.010001925751566887,0.04523783549666405,0.024894453585147858,0.010006782598793507,0.7803890109062195,0.96921306848526,0.8512084484100342,0.7020779848098755,0.00713387131690979,0.05331578478217125,0.0219799242913723,0.00263033714145422,11.626102447509766,-4.782540798187256,0.03543983412840351,-0.009793684851813027,0.6118004391051612,0.032786120807486836,0.015067415582674975,-1.121265577588303
179839,179,0.6234754920005798,0.0650944635272026,0.6186258792877197,0.06472998857498169,0.22858349978923798,-1.234047770500183,0.19791065156459808,-1.1922926902770996,0.010001692920923233,0.04417570307850838,0.024237461388111115,0.010005961172282696,0.7798051238059998,0.9735193848609924,0.8516137599945068,0.6984512805938721,0.007776133716106415,0.05254663527011871,0.020666001364588737,0.0023211294319480658,7.357344627380371,-5.6385111808776855,0.037241508053957345,-0.01968775932134452,0.6117028321673628,0.021711712169446153,-0.048924538114801845,-1.0856337688408215
179840,179,0.6247126460075378,0.052177391946315765,0.6200558543205261,0.05233344808220863,0.06063011288642883,-1.3153554201126099,0.11476417630910873,-1.2572911977767944,0.010001487098634243,0.04625570774078369,0.023306386545300484,0.010005234740674496,0.77960205078125,0.9774529337882996,0.8518337607383728,0.6948404908180237,0.007898283191025257,0.053805649280548096,0.019805004820227623,0.0024354192428290844,9.600374221801758,-3.3255326747894287,0.04662033091788623,-0.016846721870322358,0.6112135867862145,0.010855374481038486,-0.048924538114801845,-1.0856337688408224
179841,179,0.6253207921981812,0.039509911090135574,0.6210995316505432,0.03987002372741699,0.03665156662464142,-1.2494961023330688,0.07066130638122559,-1.2609206438064575,0.010001308284699917,0.059599943459033966,0.021636761724948883,0.010004601441323757,0.7794749736785889,0.9798373579978943,0.8520328998565674,0.6913564205169678,0.007939697243273258,0.06526345014572144,0.018455354496836662,0.0024993892293423414,11.452701568603516,-2.6714634895324707,0.06213248527925669,0.0042921636130646805,0.6105651544329017,0.00011691116769110225,-0.10420009779233382,-1.0447034592521818
179842,179,0.6257427930831909,0.027427401393651962,0.6215323805809021,0.027204548940062523,0.034737009555101395,-1.1799194812774658,0.010951579548418522,-1.2786935567855835,0.010001149028539658,0.05906279385089874,0.02018210105597973,0.010004042647778988,0.7793598175048828,0.983096182346344,0.8522171378135681,0.6881688237190247,0.007965966127812862,0.06669414043426514,0.01716441847383976,0.0028809693176299334,11.420686721801758,0.13445377349853516,0.055697679449341536,0.004272698440335329,0.6095231534549783,-0.010330123424831429,-0.10420009779233382,-1.0447034592521813
179843,179,0.6260867714881897,0.016468435525894165,0.6215022802352905,0.014644745737314224,0.022327281534671783,-1.0443230867385864,-0.02381318435072899,-1.2341550588607788,0.010001011192798615,0.057506583631038666,0.018912484869360924,0.010003553703427315,0.7792930006980896,0.9865431189537048,0.8523579835891724,0.68528151512146,0.007974050007760525,0.06502009183168411,0.01610403321683407,0.00299576367251575,12.94466495513916,-1.3018739223480225,0.047743592624110626,0.0011098436725156882,0.6083936268383116,-0.020690253406756197,-0.15075926344976232,-0.9984746488223865
179844,179,0.6263319253921509,0.0062754228711128235,0.6211593151092529,0.0029670679941773415,0.02467450127005577,-0.9980078935623169,-0.03801557049155235,-1.100056529045105,0.010000888258218765,0.053540799766778946,0.017806891351938248,0.010003124363720417,0.7794744372367859,0.9903947710990906,0.8522487878799438,0.6822038888931274,0.008605032227933407,0.062477678060531616,0.014682061970233917,0.002497450215741992,8.9127779006958,-6.976494789123535,0.028409703493930155,-0.0011158539491004037,0.6068860342038138,-0.03067499989497955,-0.15075926344976232,-0.9984746488223865
179845,179,0.6254576444625854,-0.00484336307272315,0.6201366186141968,-0.00791256781667471,-0.1322983354330063,-1.153831958770752,-0.11536619067192078,-1.039489984512329,0.010000781156122684,0.04915209487080574,0.016840720549225807,0.010002746246755123,0.7800523042678833,0.9946429133415222,0.8519226312637329,0.6789453029632568,0.008928216062486172,0.05805300176143646,0.013586184941232204,0.002417978597804904,7.9338908195495605,-5.541670322418213,0.021031835911306723,-0.00545975979137602,0.605345144475953,-0.04061440853875365,-0.1855364080125649,-0.9511215434480318
179846,179,0.6237460374832153,-0.01642766408622265,0.6188494563102722,-0.017860641703009605,-0.20581397414207458,-1.1615041494369507,-0.1488356590270996,-0.9686721563339233,0.014906654134392738,0.04883643239736557,0.01599641516804695,0.010002413764595985,0.7801536321640015,0.9984680414199829,0.8515268564224243,0.675762951374054,0.012435737065970898,0.05614946037530899,0.012953847646713257,0.0024751543533056974,11.591703414916992,-4.572477340698242,0.04679926045238306,0.01562271646472043,0.6034591241250812,-0.05008388191426863,-0.1886020350871931,-0.9469473375514328
179847,179,0.6220145225524902,-0.027699599042534828,0.6173151731491089,-0.02718716487288475,-0.16623632609844208,-1.115516185760498,-0.1770719438791275,-0.9299158453941345,0.02442256174981594,0.05093293637037277,0.015257487073540688,0.010002118535339832,0.779608428478241,1.0017406940460205,0.8511129021644592,0.6726363301277161,0.01974375732243061,0.05756474286317825,0.01229711901396513,0.002471277257427573,11.228076934814453,-4.647319316864014,0.05131723050421072,0.02585777685389693,0.6015731037742093,-0.059553355289783616,-0.2014991934301282,-0.9217848711986193
179848,179,0.6202964782714844,-0.03872852772474289,0.6153018474578857,-0.03688099980354309,-0.1731392741203308,-1.0867266654968262,-0.21614326536655426,-1.0108896493911743,0.023686852306127548,0.05058225616812706,0.014610863290727139,0.010001860558986664,0.7800575494766235,1.005031704902649,0.850796639919281,0.6696491241455078,0.019867368042469025,0.057258766144514084,0.011999481357634068,0.002603166503831744,13.302574157714844,-4.628784656524658,0.048331587561325495,0.018584284497840158,0.5993993183111417,-0.06846139646755427,-0.21772841270457324,-0.8901215254393259
179849,179,0.6189876794815063,-0.04922778159379959,0.6133086681365967,-0.04734887555241585,-0.10908222943544388,-1.0286273956298828,-0.187124565243721,-1.0824096202850342,0.02300325781106949,0.05016755685210228,0.014045934192836285,0.010001634247601032,0.7805989384651184,1.00826895236969,0.8504848480224609,0.6667705178260803,0.019582001492381096,0.056653283536434174,0.011328395456075668,0.002603166503831744,9.391818046569824,-3.7424075603485107,0.047495904697461164,0.0182397581272968,0.5972220341840964,-0.07736261172194707,-0.21772841270457324,-0.8901215254393259
179850,179,0.6175118088722229,-0.059407006949186325,0.6114393472671509,-0.058585237711668015,-0.17509852349758148,-0.9975740313529968,-0.1779228150844574,-1.142105221748352,0.021372376009821892,0.04911643639206886,0.013549795374274254,0.010001434944570065,0.7813713550567627,1.0113041400909424,0.8501344919204712,0.6641647219657898,0.01843474619090557,0.054882846772670746,0.010929502546787262,0.002926680026575923,10.435047149658203,-1.041579246520996,0.04235071654111762,0.0060492709924966255,0.5948635118543563,-0.08571217053969585,-0.23813839630184996,-0.8279972124860627
179851,179,0.6159247756004333,-0.06851903349161148,0.6099469661712646,-0.06970053166151047,-0.16135770082473755,-0.8621093034744263,-0.14504918456077576,-1.0865575075149536,0.020405815914273262,0.04800084978342056,0.013114984147250652,0.010001259855926037,0.7821226716041565,1.0140995979309082,0.849751353263855,0.6617912650108337,0.01761261373758316,0.05341210961341858,0.010515250265598297,0.002948082285001874,10.897355079650879,-2.1007156372070312,0.040799515646328444,0.013640094774729102,0.5924821278913376,-0.09399214266455702,-0.23813839630184996,-0.8279972124860627
179852,179,0.61424320936203,-0.07697053253650665,0.6084041595458984,-0.0798926129937172,-0.17445363104343414,-0.8344420790672302,-0.16237474977970123,-0.9477022886276245,0.019108768552541733,0.04460388794541359,0.012733809649944305,0.010001106187701225,0.7829464077949524,1.0170725584030151,0.8493263721466064,0.6594138145446777,0.01670570857822895,0.05069300904870033,0.010162744671106339,0.002858605934306979,10.773513793945312,-3.8186657428741455,0.022542046694919105,0.009287658313810124,0.5900085998470853,-0.10174083111555463,-0.24983198587912894,-0.7605743986916399
179853,179,0.6123859286308289,-0.08549041301012039,0.6066365838050842,-0.08854882419109344,-0.1894126534461975,-0.8561168313026428,-0.18267424404621124,-0.7954975962638855,0.017978517338633537,0.04127822071313858,0.012400017119944096,0.010000973008573055,0.783832848072052,1.02021062374115,0.848852276802063,0.6569654941558838,0.015860604122281075,0.04746975749731064,0.009816231206059456,0.002732279011979699,10.408239364624023,-5.15641450881958,0.019435952298474973,0.00908388201836309,0.5875102799882936,-0.10934657510247245,-0.24983198587912894,-0.7605743986916464
179854,179,0.610328197479248,-0.09429599344730377,0.6046735048294067,-0.09602920711040497,-0.21137095987796783,-0.8887442946434021,-0.20142781734466553,-0.7085863351821899,0.01699139177799225,0.0391286201775074,0.012107248418033123,0.010000855661928654,0.784595251083374,1.0231659412384033,0.8485094308853149,0.6545996069908142,0.014580471441149712,0.04462749511003494,0.009836711920797825,0.002868328709155321,13.992629051208496,-3.4701120853424072,0.0248968340825845,0.009456802602989211,0.5849914773816897,-0.11645200517998869,-0.25280918143635733,-0.6878530840560638
179855,179,0.6089138984680176,-0.10269064456224442,0.6030077934265137,-0.10252418369054794,-0.10686846822500229,-0.8177646994590759,-0.15288130939006805,-0.6264743804931641,0.016282714903354645,0.03833550587296486,0.01185029186308384,0.010000752285122871,0.785085916519165,1.0258033275604248,0.8482560515403748,0.6523458361625671,0.013890201225876808,0.04325594753026962,0.00963306613266468,0.0029004188254475594,12.593426704406738,-3.4614574909210205,0.0330643619254781,0.011252531003950218,0.5824633855673258,-0.12333053602054977,-0.2528091814364102,-0.6878530840560572
179856,179,0.6078305244445801,-0.11072343587875366,0.6015492677688599,-0.10900935530662537,-0.10510051250457764,-0.7823410034179688,-0.1330706924200058,-0.6763818264007568,0.015507335774600506,0.03670192509889603,0.01162450946867466,0.010000661015510559,0.7857261896133423,1.0284318923950195,0.8478556275367737,0.6500751376152039,0.013743901625275612,0.04201687499880791,0.009155298583209515,0.0027604487258940935,8.943700790405273,-5.885429382324219,0.025825963979983324,-0.007161833933474953,0.57996903955053,-0.12975031971785722,-0.24706998297358798,-0.6098332685793347
179857,179,0.6060439944267273,-0.11888948827981949,0.5999529361724854,-0.1165347620844841,-0.21157072484493256,-0.820438027381897,-0.16602160036563873,-0.792416512966156,0.014830024912953377,0.03503711521625519,0.011525104753673077,0.010000582784414291,0.7865577936172485,1.0309849977493286,0.847375750541687,0.6479250192642212,0.013185286894440651,0.04005957394838333,0.009052404202520847,0.0029539200477302074,9.620512008666992,-3.774991035461426,0.02387882250475183,-0.010808322598610282,0.5774983397207946,-0.1358486524036502,-0.24706998297358798,-0.6098332685793347
179858,179,0.604041576385498,-0.1264926642179489,0.5984274744987488,-0.12450698018074036,-0.20757271349430084,-0.73057621717453,-0.16125378012657166,-0.8118740916252136,0.014236398972570896,0.03491416200995445,0.011339245364069939,0.01000051200389862,0.7874460220336914,1.0332274436950684,0.8468149304389954,0.6459172368049622,0.012888983823359013,0.039488982409238815,0.008778725750744343,0.0029597582761198282,9.155828475952148,-4.218181610107422,0.034088964012051554,0.003316036478879604,0.5750981814459677,-0.1415404017140188,-0.2326143904907152,-0.5265149522614327
179859,179,0.6017194986343384,-0.13368329405784607,0.59653639793396,-0.13275884091854095,-0.25167733430862427,-0.7103713154792786,-0.21298348903656006,-0.8278575539588928,0.013716636225581169,0.03361552581191063,0.011176148429512978,0.010000450536608696,0.7885904312133789,1.0354632139205933,0.8460484147071838,0.6439411640167236,0.012955940328538418,0.038503143936395645,0.00832412764430046,0.002964622573927045,6.270091533660889,-3.548555374145508,0.024879487571602188,0.001443492272040079,0.5727720375410604,-0.14680555123663355,-0.2326143904907152,-0.5265149522614327
179860,179,0.5984828472137451,-0.14073413610458374,0.5939168930053711,-0.1410360038280487,-0.3676072359085083,-0.6918025612831116,-0.2959722578525543,-0.8103306889533997,0.013261700049042702,0.03263731673359871,0.011033114977180958,0.010000394657254219,0.7899220585823059,1.0375186204910278,0.8452230095863342,0.6421692371368408,0.012502488680183887,0.037126317620277405,0.008259306661784649,0.0031798454001545906,9.8366117477417,-1.8852448463439941,0.026026486481798297,0.007607188125632984,0.5705357981603627,-0.1517268781533339,-0.20944240398784464,-0.43789813510238434
179861,179,0.5951378345489502,-0.14700402319431305,0.5908690094947815,-0.1483810395002365,-0.33449044823646545,-0.597809374332428,-0.3347280025482178,-0.6827025413513184,0.02489996887743473,0.032076165080070496,0.010907462798058987,0.010000348091125488,0.7897481322288513,1.0393589735031128,0.8444000482559204,0.6405439972877502,0.02098853886127472,0.036407873034477234,0.008194515481591225,0.003211038652807474,11.450748443603516,-2.8362905979156494,0.028277460275803565,0.026680298665179854,0.5684413741204842,-0.15610585950435865,-0.2094424039877918,-0.43789813510239756
179862,179,0.5919765830039978,-0.15284821391105652,0.5873023867607117,-0.15453991293907166,-0.3025937080383301,-0.5749821066856384,-0.37155547738075256,-0.5596259832382202,0.024764111265540123,0.030300065875053406,0.010797121562063694,0.010000304318964481,0.7906345129013062,1.0412588119506836,0.8436278700828552,0.6389433741569519,0.02200542390346527,0.035037342458963394,0.008161119185388088,0.0031681498512625694,10.967872619628906,-3.4951913356781006,0.01823701632352706,0.02382364617988913,0.5664387847860759,-0.16021437602066146,-0.17755402346492352,-0.3439828171021894
179863,179,0.5889838933944702,-0.15861476957798004,0.5835692882537842,-0.15964344143867493,-0.2942869961261749,-0.5724341869354248,-0.36370787024497986,-0.4689217507839203,0.024322791025042534,0.028908008709549904,0.010700251907110214,0.010000267066061497,0.7916314005851746,1.0431045293807983,0.8430107831954956,0.6373986601829529,0.021375762298703194,0.03359721601009369,0.008305893279612064,0.003208114067092538,13.350780487060547,-4.022238254547119,0.019405531462338782,0.02126429100172445,0.564663244551427,-0.16365420419168358,-0.17755402346487065,-0.3439828171021894
179864,179,0.5865564346313477,-0.16417135298252106,0.5803453922271729,-0.1638346165418625,-0.2088000327348709,-0.5430639386177063,-0.2856528162956238,-0.38744300603866577,0.02404056116938591,0.02826707437634468,0.010615088045597076,0.010000231675803661,0.7923714518547058,1.0447694063186646,0.8425630331039429,0.635945737361908,0.02074410207569599,0.03266673535108566,0.008406209759414196,0.003291006665676832,13.526689529418945,-3.503890037536621,0.023883963560844698,0.022084850022459607,0.5629640364154687,-0.16690752230085934,-0.13694924892189891,-0.2447689982608348
179865,179,0.584787905216217,-0.16936643421649933,0.57795649766922,-0.16768154501914978,-0.15036578476428986,-0.49726858735084534,-0.1987619400024414,-0.393351674079895,0.022383974865078926,0.027926160022616386,0.010540267452597618,0.010000205598771572,0.7929761409759521,1.046126365661621,0.8423054218292236,0.6347418427467346,0.019197942689061165,0.031791266053915024,0.00857458170503378,0.003626046935096383,13.889486312866211,-1.0559332370758057,0.025592535971033635,0.010878500247469565,0.5615945439262499,-0.16935521228346753,-0.13694924892189891,-0.2447689982608348
179866,179,0.5837857723236084,-0.1735713928937912,0.5766061544418335,-0.17166441679000854,-0.0684787854552269,-0.36713194847106934,-0.0927978903055191,-0.4109339714050293,0.02083309181034565,0.02747177518904209,0.010474607348442078,0.010000181384384632,0.79332435131073,1.047161340713501,0.8422574996948242,0.6338591575622559,0.01742606982588768,0.031006285920739174,0.008785841055214405,0.00381103390827775,15.470643043518066,-1.5866219997406006,0.024355042163074554,0.002507841169940829,0.5602684481409016,-0.1717109439787879,-0.09162356755906952,-0.14872317780618385
179867,179,0.5836318731307983,-0.1767205148935318,0.5761990547180176,-0.17575383186340332,0.027446087449789047,-0.2775777280330658,0.0014971643686294556,-0.4033738970756531,0.01948338747024536,0.02531568706035614,0.01041838712990284,0.01000016275793314,0.793542742729187,1.0482078790664673,0.842191755771637,0.6331326365470886,0.016607053577899933,0.02911214344203472,0.008497470989823341,0.003911958076059818,9.229726791381836,-0.8564257621765137,0.010448487756709812,-0.010011376648104859,0.5593921673373128,-0.17311351076457113,-0.08762808035882373,-0.1402566785783073
179868,179,0.5832350254058838,-0.17933261394500732,0.5761671662330627,-0.17987704277038574,-0.06165139377117157,-0.22730274498462677,0.008241254836320877,-0.3876378536224365,0.018306367099285126,0.023387154564261436,0.02416241727769375,0.010000146925449371,0.7937608957290649,1.0490882396697998,0.8413453698158264,0.6326001286506653,0.015123079530894756,0.02706862799823284,0.019643187522888184,0.004035526420921087,14.339456558227539,-2.485842704772949,0.000552553865787557,-0.026347190537356013,0.5585158865337241,-0.17451607755035436,0.22139257817836247,-0.09165460465575853
179869,179,0.583225667476654,-0.1812933087348938,0.5765453577041626,-0.1829487681388855,0.03354456275701523,-0.18291985988616943,0.05147494748234749,-0.2374776005744934,0.017276255413889885,0.021705742925405502,0.02238021045923233,0.010000131092965603,0.7936326861381531,1.0498871803283691,0.8415737152099609,0.6321160197257996,0.013931275345385075,0.02540568634867668,0.019138013944029808,0.004011980723589659,15.806758880615234,-3.2046568393707275,-0.0023108142503901682,-0.0005255278420472666,0.5645345636821294,-0.17483422086211475,0.6102506424418167,-0.03049588318328916
179870,179,0.5840697884559631,-0.18310587108135223,0.5773213505744934,-0.18454386293888092,0.12135205417871475,-0.1830710619688034,0.10041336715221405,-0.10290136188268661,0.016378900036215782,0.020246069878339767,0.020833861082792282,0.010000117123126984,0.793297529220581,1.0506535768508911,0.8420016169548035,0.6316105723381042,0.013033396564424038,0.02398957684636116,0.01794203370809555,0.004005114082247019,14.043291091918945,-2.765469551086426,-0.005533692518232967,-0.002832964561380623,0.5706370701065481,-0.1751391796939478,0.6102506424417637,-0.03049588318328916
179871,179,0.5853809118270874,-0.18495358526706696,0.5785288214683533,-0.1851726621389389,0.14655032753944397,-0.1782802939414978,0.1455204039812088,-0.026519980281591415,0.015591374598443508,0.018968729302287102,0.019481251016259193,0.010000104084610939,0.7928174734115601,1.051268458366394,0.8425286412239075,0.631237268447876,0.012123250402510166,0.022422827780246735,0.016967663541436195,0.004221099428832531,13.988800048828125,-1.0972201824188232,-0.00028319740464852194,-0.007891574179726774,0.5756219267503675,-0.174424646881807,0.4843874781065452,0.08431328740960922
179872,179,0.5871441960334778,-0.18623369932174683,0.5803443789482117,-0.18508386611938477,0.19520354270935059,-0.09122499078512192,0.20355647802352905,0.01987713947892189,0.0149039002135396,0.017856577411293983,0.018304038792848587,0.010000092908740044,0.7923690676689148,1.051736831665039,0.8429367542266846,0.6309846639633179,0.01195270661264658,0.021248793229460716,0.015639930963516235,0.004257459193468094,9.474790573120117,-2.157008647918701,0.004607322936064449,-0.004704114569866521,0.5804658015314331,-0.17358151400771088,0.4843874781065981,0.08431328740960922
179873,179,0.5883617997169495,-0.18717922270298004,0.5820931196212769,-0.18530787527561188,0.09169835597276688,-0.07022736221551895,0.16708503663539886,-0.037723951041698456,0.014301726594567299,0.01688460446894169,0.017275547608733177,0.010000081732869148,0.7921452522277832,1.0520350933074951,0.8432349562644958,0.630866527557373,0.01153239980340004,0.020128026604652405,0.014715940691530704,0.004388242959976196,10.657194137573242,-2.903566360473633,-0.002027553195598688,-0.007809823868725151,0.584353132857893,-0.1717943122620907,0.362996864393302,0.20412080807174518
179874,179,0.5892371535301208,-0.18760846555233002,0.5836510062217712,-0.18574216961860657,0.08212225884199142,-0.022158430889248848,0.1407511681318283,-0.0475863441824913,0.014084702357649803,0.016034582629799843,0.016376379877328873,0.010000074282288551,0.7918338775634766,1.0521851778030396,0.8435691595077515,0.6308853030204773,0.011101944372057915,0.019133657217025757,0.014090411365032196,0.004492571111768484,12.738771438598633,-2.9240047931671143,0.0011447878132940462,0.012533110098381345,0.5879831015018254,-0.16975310418137338,0.36299686439324913,0.20412080807174518
179875,179,0.5903753042221069,-0.1875489354133606,0.5850187540054321,-0.1861112117767334,0.12677159905433655,0.01848001219332218,0.1256873458623886,-0.03459744527935982,0.017402391880750656,0.015291419811546803,0.015590447001159191,0.010000067763030529,0.7909661531448364,1.0520952939987183,0.8439534902572632,0.6311326622962952,0.013401343487203121,0.017867449671030045,0.013429684564471245,0.004866272676736116,11.168394088745117,1.7058992385864258,0.0010077531493713613,0.017901420557521468,0.5908086879159009,-0.16685324670172053,0.24607880130187548,0.32892667880310555
179876,179,0.5917239785194397,-0.18651890754699707,0.5863487124443054,-0.18616178631782532,0.13138769567012787,0.1623983383178711,0.12904149293899536,0.011668352410197258,0.016970966011285782,0.014642161317169666,0.014903978444635868,0.010000066831707954,0.7904463410377502,1.0516417026519775,0.8443532586097717,0.6317315101623535,0.013298519887030125,0.016779741272330284,0.012953847646713257,0.005147990304976702,12.59422779083252,1.3997411727905273,0.0018511590951028655,0.013907177601871715,0.5932694759289199,-0.16356397991368923,0.24607880130187548,0.32892667880310555
179877,179,0.5932115912437439,-0.18433144688606262,0.5876632928848267,-0.1856359988451004,0.15834854543209076,0.2626159191131592,0.13219837844371796,0.1028631404042244,0.01662609539926052,0.014071566984057426,0.014300798065960407,0.012775656767189503,0.7899860143661499,1.0509684085845947,0.8447271585464478,0.6324224472045898,0.01316432747989893,0.01590968668460846,0.012344005517661572,0.006531617138534784,10.73739242553711,1.011500358581543,-0.013151496974875273,0.014183560714494763,0.595069097835587,-0.15951147989944908,0.1336332888324772,0.45873089960370345
179878,179,0.5945034027099609,-0.18153582513332367,0.5888569355010986,-0.18389587104320526,0.11735939234495163,0.30260154604911804,0.12010101228952408,0.25132590532302856,0.01580779068171978,0.013571996241807938,0.01377279032021761,0.021540207788348198,0.7896940112113953,1.050215482711792,0.845038652420044,0.6329376697540283,0.012636080384254456,0.015402557328343391,0.011859199032187462,0.010382574051618576,11.644816398620605,-1.7168915271759033,-0.022796291904308513,0.009900750367844664,0.5964054307239117,-0.1549241709034112,0.1336332888324772,0.45873089960370345
179879,179,0.5955845713615417,-0.17875780165195465,0.5899345874786377,-0.18065574765205383,0.10792507976293564,0.27122846245765686,0.1064615547657013,0.38807520270347595,0.015725240111351013,0.013134224340319633,0.013310170732438564,0.02303643524646759,0.7893688678741455,1.0495197772979736,0.8453188538551331,0.6336047053337097,0.01252126693725586,0.0149904265999794,0.011388427577912807,0.011105043813586235,10.964784622192383,-2.080678939819336,-0.023257985079831865,0.015138605323312324,0.5972148685281453,-0.14967904155402995,0.02566032698489561,0.593533470473539
179880,179,0.596544623374939,-0.17617395520210266,0.5909332036972046,-0.17629781365394592,0.08955545723438263,0.2521088421344757,0.09350305795669556,0.4694622755050659,0.01562872901558876,0.012750685214996338,0.012904916889965534,0.021593354642391205,0.7890694737434387,1.0487743616104126,0.8455600738525391,0.6344399452209473,0.012484755367040634,0.01429511234164238,0.01100072544068098,0.010806750506162643,10.233330726623535,0.12828588485717773,-0.011537118198326021,0.0149423594558806,0.5974714717979945,-0.1437437068492942,0.02566032698489561,0.593533470473539
179881,179,0.5973784327507019,-0.17321544885635376,0.591934084892273,-0.1713521033525467,0.07229769229888916,0.3298073410987854,0.092993825674057,0.4847535192966461,0.015613294206559658,0.012414643540978432,0.01254989579319954,0.020145080983638763,0.788879930973053,1.0478546619415283,0.8456981182098389,0.6354697942733765,0.012678897008299828,0.013651354238390923,0.010567738674581051,0.01035276334732771,9.66240119934082,-0.6238412857055664,-0.00010321720264300921,0.01550340467251687,0.5973265059047701,-0.13726596136421812,-0.07784008424065775,0.7333343914125989
179882,179,0.5978034734725952,-0.1696661114692688,0.5926134586334229,-0.16697368025779724,0.02268087863922119,0.38226720690727234,0.04899729788303375,0.40133097767829895,0.015519523993134499,0.01212023850530386,0.01223889458924532,0.01888376846909523,0.7888478636741638,1.0466947555541992,0.8457412719726562,0.636719286441803,0.012780245393514633,0.012865974567830563,0.010187381878495216,0.010123745538294315,9.029827117919922,1.2289690971374512,-0.002142660282410863,0.014851042422734705,0.5965481050623633,-0.12993261745009252,-0.07784008424065775,0.7333343914125989
179883,179,0.5978468656539917,-0.16524222493171692,0.5929477214813232,-0.16313423216342926,-0.015992475673556328,0.487464964389801,0.012903735972940922,0.3711377680301666,0.018791809678077698,0.011861552484333515,0.011965648271143436,0.017781108617782593,0.7885758280754089,1.0452851057052612,0.8456605672836304,0.6382046341896057,0.015410003252327442,0.01216279435902834,0.009775281883776188,0.009915588423609734,9.057825088500977,0.9509181976318359,-0.0006599412363947552,0.019269925504565428,0.5954845158766563,-0.12218226902876798,-0.1768679448443415,0.8781336624208899
179884,179,0.5974461436271667,-0.1600099802017212,0.5927774310112,-0.15939925611019135,-0.05889059603214264,0.5527717471122742,-0.04256531596183777,0.3825158476829529,0.0210310909897089,0.01163454633206129,0.011725883930921555,0.016817837953567505,0.7884926199913025,1.043625831604004,0.8455056548118591,0.6399140357971191,0.01738189160823822,0.011478522792458534,0.009578878059983253,0.009721037931740284,9.383683204650879,2.134699821472168,-0.006687878834915728,0.021364164807286062,0.5937158364282126,-0.11340093240455851,-0.1768679448443415,0.8781336624208832
179885,179,0.5968099236488342,-0.153960183262825,0.5921800136566162,-0.1551724523305893,-0.07087857276201248,0.6408064961433411,-0.07687413692474365,0.46743008494377136,0.024098973721265793,0.011435607448220253,0.011515778489410877,0.015977036207914352,0.7884816527366638,1.0417184829711914,0.845203161239624,0.6418540477752686,0.020263999700546265,0.010731501504778862,0.009120652452111244,0.009642270393669605,6.466312408447266,4.475307464599609,-0.007709069667920801,0.0245939279828528,0.5917694043549987,-0.10433799424643271,-0.27142325482615565,1.0279312834984118
179886,179,0.5955134630203247,-0.14704389870166779,0.5910655856132507,-0.1497347354888916,-0.1698196679353714,0.734170138835907,-0.13923989236354828,0.6262744069099426,0.023844897747039795,0.011260860599577427,0.011331232264637947,0.015395709313452244,0.7891684174537659,1.0395190715789795,0.8446647524833679,0.6440548300743103,0.02099955826997757,0.009979131631553173,0.008694391697645187,0.009720014408230782,5.322163105010986,5.254583358764648,-0.011257220193373316,0.022081004315633288,0.5890551718067372,-0.09405868141144665,-0.2714232548261028,1.0279312834984118
179887,179,0.5932601690292358,-0.13918156921863556,0.5892524719238281,-0.14244787395000458,-0.27142134308815,0.833747923374176,-0.22027377784252167,0.8186790943145752,0.03227195516228676,0.011107701808214188,0.011169495061039925,0.016774209216237068,0.7893162965774536,1.0370491743087769,0.8439011573791504,0.6464309692382812,0.02749628759920597,0.009328658692538738,0.008337297476828098,0.010682043619453907,6.480264663696289,3.6202645301818848,-0.0169952916888918,0.03374306502177737,0.5862616772509911,-0.08364316671596325,-0.3542084475940293,1.1701872978806314
179888,179,0.5902025699615479,-0.1305207908153534,0.5865530967712402,-0.13340507447719574,-0.3312990665435791,0.8988979458808899,-0.3144606649875641,0.9785745739936829,0.04405862092971802,0.010972859337925911,0.011027109809219837,0.021899692714214325,0.7891083359718323,1.0342735052108765,0.8430643677711487,0.6489381194114685,0.03684921935200691,0.008504570461809635,0.008215771988034248,0.013788091950118542,7.94464111328125,4.814507961273193,-0.02265475974180911,0.04604751295475053,0.5826466171091315,-0.07181589416951073,-0.36150601418594164,1.1827272546451713
179889,179,0.5870306491851807,-0.1208268478512764,0.5831578969955444,-0.12278687953948975,-0.3161170184612274,1.0155845880508423,-0.3676307499408722,1.1139189004898071,0.052182748913764954,0.010854571126401424,0.010902207344770432,0.02430582046508789,0.7892466187477112,1.0312411785125732,0.8421849012374878,0.6517542004585266,0.04423756152391434,0.007909392938017845,0.00806401390582323,0.015457876957952976,7.346489429473877,3.6879420280456543,-0.024683631447629625,0.05369082906483608,0.5790315569672718,-0.05998862162305822,-0.3994142097182454,1.253484170939404
179890,179,0.5836936831474304,-0.11043433845043182,0.5791832804679871,-0.11132462322711945,-0.3395371437072754,1.06843900680542,-0.40845203399658203,1.1777154207229614,0.05169699341058731,0.010750729590654373,0.010792565532028675,0.032001983374357224,0.7903239727020264,1.0279620885849,0.8412789702415466,0.6545792818069458,0.04554265737533569,0.007216249592602253,0.007921514101326466,0.020032696425914764,6.5464091300964355,4.723939895629883,-0.03327758626069713,0.048586406545083435,0.5745706782465906,-0.046582600377506236,-0.447116222923858,1.3425215758611548
179891,179,0.5801271796226501,-0.09929342567920685,0.5750758647918701,-0.09930408000946045,-0.3707159757614136,1.1506267786026,-0.41042378544807434,1.2174562215805054,0.05140836909413338,0.010659494437277317,0.010696235112845898,0.033367037773132324,0.7917391061782837,1.0243664979934692,0.8402686715126038,0.6578992009162903,0.045940034091472626,0.006460645701736212,0.007633931934833527,0.021629992872476578,4.610302448272705,6.650872230529785,-0.03359479728171724,0.049559149606412126,0.5700995160173519,-0.03315738461889377,-0.44711622292391084,1.3425215758611548
179892,179,0.5760244131088257,-0.08710093796253204,0.5709355473518372,-0.0870191752910614,-0.44025102257728577,1.2752605676651,-0.4208700358867645,1.2352371215820312,0.05131029337644577,0.010579390451312065,0.010611659847199917,0.03630286827683449,0.7933180928230286,1.0203288793563843,0.8391789793968201,0.6615800857543945,0.04605460539460182,0.00559204863384366,0.007539212238043547,0.024178164079785347,6.312563419342041,7.892177104949951,-0.036807186905424255,0.05068128532015971,0.5649078611303084,-0.018268829734183978,-0.5282538810399047,1.5073142471463747
179893,179,0.5716816186904907,-0.07346200197935104,0.5667378902435303,-0.07436805963516235,-0.4408169686794281,1.4248285293579102,-0.4317570924758911,1.2870728969573975,0.05728907138109207,0.010508989915251732,0.010537330061197281,0.046306561678647995,0.7943636178970337,1.0158497095108032,0.8380364179611206,0.6653515100479126,0.05044615641236305,0.0048425765708088875,0.007394237443804741,0.030712338164448738,6.238059997558594,8.599918365478516,-0.04806284074122305,0.05842401593361364,0.5596253223199097,-0.0031956872627191997,-0.5282538810398518,1.5073142471463747
179894,179,0.5671840906143188,-0.05863041803240776,0.5622724294662476,-0.06099134311079979,-0.4573960304260254,1.5236166715621948,-0.46018683910369873,1.3926488161087036,0.05698418244719505,0.010447136126458645,0.010472026653587818,0.060625120997428894,0.7959424257278442,1.011229157447815,0.836797833442688,0.6689760088920593,0.051689617335796356,0.004763620439916849,0.007267510984092951,0.03932677581906319,6.434051990509033,4.325120449066162,-0.06331717848737592,0.055062336448364765,0.5537386716714797,0.013167383123319446,-0.6049189885339232,1.671013178378493
179895,179,0.5623222589492798,-0.04394670948386192,0.5572986602783203,-0.046607911586761475,-0.4920493960380554,1.4434597492218018,-0.5084183812141418,1.4939448833465576,0.05658366158604622,0.010392816737294197,0.010414677672088146,0.07059022039175034,0.797673761844635,1.006518840789795,0.8356398940086365,0.6727805733680725,0.05123137682676315,0.004259425215423107,0.0072996849194169044,0.046711746603250504,6.695094108581543,8.971495628356934,-0.07260814548554248,0.05405597991545587,0.5476894817861404,0.029877514907105517,-0.6049189885339232,1.6710131783784947
179896,179,0.5577293634414673,-0.02880673110485077,0.5525153279304504,-0.03083738498389721,-0.452711284160614,1.5439746379852295,-0.472214013338089,1.6180113554000854,0.05643045902252197,0.010345120914280415,0.010364323854446411,0.0680847242474556,0.7993193864822388,1.0016865730285645,0.8345032930374146,0.6771353483200073,0.05105993524193764,0.004231907892972231,0.0073006898164749146,0.0463230237364769,8.093657493591309,6.610293388366699,-0.05279994690446496,0.05546234321429672,0.5411436157812993,0.047538699481011915,-0.6771115454060722,1.8092500090681671
179897,179,0.5532774329185486,-0.013481327332556248,0.5477705001831055,-0.014490494504570961,-0.43412724137306213,1.5283151865005493,-0.4686691164970398,1.649113416671753,0.054836634546518326,0.01030323188751936,0.010320102795958519,0.06696304678916931,0.8010743856430054,0.9968544840812683,0.8333287835121155,0.6814790964126587,0.050484709441661835,0.00406692735850811,0.007088684476912022,0.04638734459877014,4.464387893676758,8.253715515136719,-0.06008337818210477,0.044738049277899275,0.5343725003272385,0.06563119957169482,-0.6771115454060722,1.8092500090681671
179898,179,0.5485628843307495,0.0018949194345623255,0.5430562496185303,0.0019373897230252624,-0.4972341060638428,1.5549850463867188,-0.4701336622238159,1.6377040147781372,0.05228124558925629,0.010266434401273727,0.010281259194016457,0.06445419043302536,0.8031678795814514,0.9916938543319702,0.8320024013519287,0.6861485838890076,0.0491955541074276,0.0034003115724772215,0.006821887567639351,0.04651477187871933,2.299838066101074,12.708234786987305,-0.04898905944332513,0.0359942173220984,0.5272031993709616,0.08435098077099266,-0.7448315516562987,1.9159326490930595
179899,179,0.5432264804840088,0.018476836383342743,0.538357138633728,0.018356313928961754,-0.5732975602149963,1.728946566581726,-0.4891103208065033,1.6291626691818237,0.05054455250501633,0.010234086774289608,0.010247115045785904,0.061530809849500656,0.8054282069206238,0.9860031604766846,0.8305861353874207,0.6912964582443237,0.047676488757133484,0.002820694586262107,0.006829903926700354,0.04608483240008354,5.924503803253174,11.878864288330078,-0.04339107122208119,0.03941655315866265,0.5197548838543996,0.10351030726192234,-0.7448315516562987,1.915932649093066
179900,179,0.5376662015914917,0.0365341417491436,0.5333108901977539,0.034841377288103104,-0.5550418496131897,1.8523211479187012,-0.531472384929657,1.6677473783493042,0.04984838888049126,0.010205727070569992,0.010217176750302315,0.061527397483587265,0.8075528740882874,0.979927659034729,0.829179048538208,0.6966344714164734,0.04690258204936981,0.0023627656046301126,0.006766788195818663,0.04714041203260422,5.785274505615234,13.104619979858398,-0.061506056246592195,0.04536039692669595,0.5119979283516625,0.12303625156129333,-0.8080790072846027,1.9910610984531982
179901,179,0.5321198105812073,0.05559447407722473,0.5277940034866333,0.05215352028608322,-0.5593451857566833,1.9429571628570557,-0.5716872811317444,1.7991291284561157,0.04811221361160278,0.010180764831602573,0.010190825909376144,0.07199639081954956,0.8098514080047607,0.9735283255577087,0.8276196122169495,0.7017171382904053,0.04637977108359337,0.0019663292914628983,0.006445656530559063,0.05527365580201149,2.8034472465515137,13.976688385009766,-0.07417737779374003,0.03690603670951362,0.5039171382788165,0.1429468625458266,-0.8080790072846027,1.9910610984531851
179902,179,0.5259099006652832,0.0752813071012497,0.5217011570930481,0.0709068775177002,-0.6609591245651245,1.9939244985580444,-0.6346285343170166,1.950242519378662,0.04586555063724518,0.01015881635248661,0.010167659260332584,0.08154204487800598,0.8125190138816833,0.966819703578949,0.8258867263793945,0.7069717645645142,0.04505700245499611,0.0016308202175423503,0.006270906422287226,0.06361787021160126,3.3516645431518555,14.385967254638672,-0.08358545569554893,0.03129642982422999,0.4956083086345943,0.1630265364199526,-0.8668539122909842,2.0346353571485243
179903,179,0.5190757513046265,0.09564495831727982,0.5151470303535461,0.09128943085670471,-0.7088654041290283,2.0633151531219482,-0.6818180680274963,2.099181890487671,0.045198969542980194,0.010139590129256248,0.010147360153496265,0.08653552830219269,0.8151868581771851,0.9599720239639282,0.824105978012085,0.7124762535095215,0.04415516555309296,0.0016067521646618843,0.006300847511738539,0.06851496547460556,6.879560947418213,11.264446258544922,-0.08774968329796465,0.04084185960845043,0.48693976951168344,0.18337288999144177,-0.8668539122909842,2.0346353571485243
179904,179,0.512161135673523,0.11615827679634094,0.5081026554107666,0.11271224170923233,-0.6814635396003723,2.039780616760254,-0.7244105339050293,2.169814109802246,0.04493699222803116,0.01012265495955944,0.010129480622708797,0.09416305273771286,0.8177592754364014,0.9532034993171692,0.822274386882782,0.7177553176879883,0.0442001037299633,0.001702088862657547,0.006116318050771952,0.07491356134414673,4.632863998413086,11.043703079223633,-0.09596146603553043,0.0432270353994126,0.47811484613095173,0.20375385991500455,-0.9211562666754433,2.046655425179096
179905,179,0.5049946308135986,0.13622784614562988,0.5006004571914673,0.13430728018283844,-0.7335267066955566,1.9885499477386475,-0.7579706907272339,2.153998851776123,0.043442778289318085,0.01010778546333313,0.010113782249391079,0.09359842538833618,0.8205786943435669,0.9464107751846313,0.8203269243240356,0.7233386635780334,0.04362040013074875,0.0014720566105097532,0.005918107461184263,0.07656054198741913,2.9178428649902344,14.519674301147461,-0.09036357128840453,0.03365770460462608,0.4689032834641974,0.22422041416679703,-0.9211562666754433,2.046655425179109
179906,179,0.4973839521408081,0.15653197467327118,0.49304524064064026,0.15579594671726227,-0.7893700003623962,2.054546356201172,-0.7640300393104553,2.129157543182373,0.042496006935834885,0.010094708763062954,0.010099976323544979,0.09154956042766571,0.8235796093940735,0.9394832253456116,0.8182520866394043,0.729095995426178,0.04301002249121666,0.001409568707458675,0.005822592880576849,0.07628512382507324,4.971001148223877,12.289166450500488,-0.07978999672900688,0.036281784282989574,0.45959804675193267,0.24465024661447587,-0.9709860704379535,2.0271213025449013
179907,179,0.48937106132507324,0.17703187465667725,0.48519983887672424,0.17673110961914062,-0.8085497617721558,2.0440850257873535,-0.8023746609687805,2.0615594387054443,0.04210128262639046,0.01008320041000843,0.010087830014526844,0.09096238762140274,0.8267147541046143,0.9325544238090515,0.8159592747688293,0.7347679734230042,0.04353078454732895,0.001260685850866139,0.005410479381680489,0.07686340063810349,0.35663366317749023,14.157605171203613,-0.08758749930343918,0.0395099989479747,0.44988818604755426,0.26492145963992386,-0.9709860704379535,2.027121302544888
179908,179,0.4804115295410156,0.19748146831989288,0.47672855854034424,0.1967741847038269,-0.9433390498161316,2.058415651321411,-0.8707257509231567,1.9734681844711304,0.04155125468969345,0.010073107667267323,0.010077175684273243,0.08999380469322205,0.8303326964378357,0.9256340265274048,0.8133114576339722,0.7403777837753296,0.04412771016359329,0.0014393667224794626,0.004987781867384911,0.07676193863153458,-0.31306028366088867,11.879892349243164,-0.08440325988662067,0.03792855261493237,0.4401384164087297,0.2851477210864055,-1.0126689515058789,1.9801716321007776
179909,179,0.47015318274497986,0.21758392453193665,0.4673578441143036,0.21606749296188354,-1.0746890306472778,1.9889636039733887,-0.9802880883216858,1.9169282913208008,0.052673887461423874,0.010064237751066685,0.010067811235785484,0.0893731340765953,0.8330896496772766,0.9188428521156311,0.810348391532898,0.7458322048187256,0.05391392484307289,0.0015316895442083478,0.004608806688338518,0.07698778063058853,-0.8669543266296387,12.512774467468262,-0.08578284960506005,0.05473041199071123,0.429974983172944,0.3049080509788661,-1.0163433235785675,1.9760329892458999
179910,179,0.45887312293052673,0.23728269338607788,0.45697611570358276,0.2352043241262436,-1.1668287515640259,1.950584053993225,-1.0910346508026123,1.9132310152053833,0.07018338143825531,0.010056438855826855,0.010059579275548458,0.08709830045700073,0.8353753685951233,0.9122781753540039,0.8069874048233032,0.7511101961135864,0.0710499957203865,0.001910348772071302,0.004072816111147404,0.07536239922046661,-3.2888412475585938,10.804181098937988,-0.07390760601523544,0.07361590357972697,0.41981154993715836,0.3246683808713266,-1.0344470675152253,1.9394388932179674
179911,179,0.44629770517349243,0.2560516595840454,0.44511619210243225,0.2540287673473358,-1.305427074432373,1.8355079889297485,-1.2488802671432495,1.8723455667495728,0.08456721901893616,0.010049603879451752,0.010052358731627464,0.08424461632966995,0.8381577134132385,0.905905544757843,0.8034546375274658,0.7562722563743591,0.08618828654289246,0.0018804382998496294,0.004062020685523748,0.07397143542766571,-1.6606450080871582,13.067167282104492,-0.06753395707852461,0.08786966413137368,0.4092441807515622,0.34361221275165504,-1.0572280260972593,1.8933904852821848
179912,179,0.43332311511039734,0.27449560165405273,0.43218377232551575,0.2728297710418701,-1.2969355583190918,1.84059739112854,-1.3488860130310059,1.8657646179199219,0.10650388896465302,0.010043581947684288,0.010046003386378288,0.07896401733160019,0.8403695225715637,0.8994301557540894,0.8000192046165466,0.7615902423858643,0.1054479107260704,0.001653929939493537,0.004196537658572197,0.0708947703242302,0.5394315719604492,14.832000732421875,-0.04781278084888349,0.1117131714600913,0.3986719004905897,0.3625461176044781,-1.0572280260972593,1.8933904852821848
179913,179,0.42088598012924194,0.2932499051094055,0.4184090495109558,0.29145509004592896,-1.2150063514709473,1.8856115341186523,-1.4056777954101562,1.841829776763916,0.11221982538700104,0.010038292966783047,0.010040421038866043,0.07445748150348663,0.8434633612632751,0.8929227590560913,0.7966910600662231,0.7668850421905518,0.11568950116634369,0.001714613288640976,0.004268271382898092,0.06749459356069565,-0.18213510513305664,13.55809211730957,-0.047504964117587395,0.11368645596900621,0.38777628469460607,0.38046596952632017,-1.0936401779940284,1.7791937906536368
179914,179,0.40878719091415405,0.3118554651737213,0.40434738993644714,0.3095197081565857,-1.1994733810424805,1.845255970954895,-1.3757058382034302,1.7887943983078003,0.11087534576654434,0.01003364659845829,0.010035515762865543,0.07156284898519516,0.8475241661071777,0.8865543007850647,0.7934099435806274,0.7719482779502869,0.11777356266975403,0.0018949102377519011,0.004214221611618996,0.06505835801362991,-1.7100703716278076,12.553753852844238,-0.054081656617265605,0.10351761939992365,0.37683988291466597,0.39825790743285777,-1.093640177994002,1.7791937906536368
179915,179,0.39660996198654175,0.3298927843570709,0.3910714089870453,0.32716745138168335,-1.2199232578277588,1.7792704105377197,-1.2746237516403198,1.75634765625,0.10953135043382645,0.010029565542936325,0.010031208395957947,0.06850698590278625,0.8518496155738831,0.8803054690361023,0.7902400493621826,0.7768914103507996,0.11658882349729538,0.0019286845345050097,0.004374470561742783,0.06289193034172058,0.09779930114746094,12.818243026733398,-0.049891647781314385,0.10214638046302012,0.36565180091327015,0.41490134587089567,-1.1255797792688487,1.6334429053603086
179916,179,0.38484063744544983,0.34762290120124817,0.3790287673473358,0.34479424357414246,-1.1488068103790283,1.7576093673706055,-1.1564950942993164,1.7563791275024414,0.10902173072099686,0.01002598088234663,0.010027424432337284,0.06471367180347443,0.8560164570808411,0.8741083741188049,0.7871267199516296,0.7818069458007812,0.11617696285247803,0.0018486060434952378,0.0042584422044456005,0.060282714664936066,-3.368633985519409,15.671112060546875,-0.04137273416688009,0.10621244507334021,0.3543960031205816,0.4312357749245,-1.1255797792688487,1.633442905360335
179917,179,0.3731974959373474,0.3652597963809967,0.3677532970905304,0.3621838688850403,-1.1735403537750244,1.773093819618225,-1.1063939332962036,1.7277501821517944,0.10692755877971649,0.01002283114939928,0.010024099610745907,0.06146344542503357,0.8602861166000366,0.8679237365722656,0.7839844226837158,0.7866418957710266,0.11497976630926132,0.0019962601363658905,0.004273185972124338,0.0575157068669796,-1.6309928894042969,12.373340606689453,-0.04128680343489591,0.095356303392013,0.3429512353187479,0.4463965424843052,-1.1530468299217729,1.4628495935163697
179918,179,0.361557275056839,0.3825756907463074,0.35672226548194885,0.37929487228393555,-1.1487717628479004,1.7054849863052368,-1.0955593585968018,1.7042295932769775,0.10563398152589798,0.010020063258707523,0.010021178983151913,0.05956706032156944,0.8644741773605347,0.8618620038032532,0.780925452709198,0.7913063764572144,0.11340858042240143,0.0019489534897729754,0.004294812213629484,0.05611652135848999,-2.6403701305389404,14.44544792175293,-0.047710964920436916,0.09845614674082581,0.3314207670195303,0.46102503841947,-1.1530468299217465,1.4628495935163697
179919,179,0.3502131998538971,0.39967459440231323,0.3459034860134125,0.39630502462387085,-1.1248177289962769,1.7090436220169067,-1.0750696659088135,1.6928949356079102,0.10384023934602737,0.010017628781497478,0.010018608532845974,0.05730463191866875,0.8686056137084961,0.8559287190437317,0.7778934240341187,0.7958078384399414,0.1118476539850235,0.0022988650016486645,0.004318410065025091,0.05393349751830101,-1.5156996250152588,10.768489837646484,-0.04308526793339765,0.09385390984348638,0.31975509382223255,0.47466225315573196,-1.1760413299527748,1.2942609115783388
179920,179,0.33903008699417114,0.41605043411254883,0.3350221812725067,0.41288596391677856,-1.100611686706543,1.5948402881622314,-1.0855053663253784,1.6381778717041016,0.1015280932188034,0.010015487670898438,0.010016351006925106,0.056329868733882904,0.8727027773857117,0.8502912521362305,0.7749208807945251,0.8000299334526062,0.10978582501411438,0.0024596466682851315,0.004291863646358252,0.05301405116915703,-2.9650115966796875,12.231831550598145,-0.050173047013203825,0.08858375818594467,0.30799468052270357,0.4876048622715178,-1.1760413299527748,1.2942609115783388
179921,179,0.32803967595100403,0.43175452947616577,0.3242344260215759,0.4289562404155731,-1.0913728475570679,1.5508853197097778,-1.0696568489074707,1.5789451599121094,0.0986991599202156,0.010013608261942863,0.01001436822116375,0.05407840758562088,0.8769021034240723,0.844871461391449,0.7718505263328552,0.8040998578071594,0.1079578623175621,0.0027342215180397034,0.004058095160871744,0.051035456359386444,-5.238375663757324,11.66858196258545,-0.03979498565195666,0.08275975709318134,0.2961438823349185,0.4997673138261404,-1.1945632793618277,1.1343886236603582
179922,179,0.3166588544845581,0.44672131538391113,0.3133188784122467,0.44413843750953674,-1.1588656902313232,1.4675872325897217,-1.0967423915863037,1.4809648990631104,0.09568284451961517,0.010011955164372921,0.010012623853981495,0.052214283496141434,0.8813439011573792,0.8397018313407898,0.7685901522636414,0.8079715967178345,0.10610353201627731,0.002947109518572688,0.003738573519513011,0.04922238737344742,-6.64114236831665,11.8145751953125,-0.04033502522638266,0.07858665919166359,0.2841982495413002,0.5111112000627446,-1.1945632793618277,1.1343886236603318
179923,179,0.3045918941497803,0.461020290851593,0.302095502614975,0.45843973755836487,-1.2357943058013916,1.4055705070495605,-1.140303611755371,1.3947495222091675,0.09432491660118103,0.010010507889091969,0.010011093690991402,0.04985879734158516,0.8858264088630676,0.8347369432449341,0.7652561664581299,0.8116880655288696,0.10435962677001953,0.003185693407431245,0.0037845908664166927,0.04710370674729347,-3.732781410217285,10.540397644042969,-0.034756098839497485,0.08658272802476884,0.27219810676800327,0.5218686195878885,-1.2086126781489581,0.983232729762349
179924,179,0.2924295663833618,0.47469863295555115,0.2905105948448181,0.47206911444664,-1.2118196487426758,1.3289363384246826,-1.1848537921905518,1.3271030187606812,0.09662947058677673,0.010009235702455044,0.010009750723838806,0.04759635403752327,0.8898817300796509,0.8300336599349976,0.7619533538818359,0.8152076601982117,0.10567102581262589,0.003409098833799362,0.0037630486767739058,0.044968023896217346,-3.6452221870422363,11.368765830993652,-0.032973273227911964,0.09719408918359287,0.260111979986515,0.531700946885512,-1.2086126781489845,0.983232729762349
179925,179,0.28042131662368774,0.48768943548202515,0.27843835949897766,0.4849516749382019,-1.1937675476074219,1.2688148021697998,-1.2270879745483398,1.2503600120544434,0.09605736285448074,0.010008116252720356,0.010008568875491619,0.04507086053490639,0.8939131498336792,0.8255119919776917,0.758756160736084,0.8185982704162598,0.10543691366910934,0.0035380509216338396,0.0038933351170271635,0.0427408330142498,-1.9567418098449707,11.851773262023926,-0.02866210619488893,0.09280650638294198,0.24799827303268154,0.5411230655333379,-1.2181895263142055,0.8407932298844696
179926,179,0.268898069858551,0.5002034902572632,0.2661924362182617,0.49717018008232117,-1.1316622495651245,1.225231409072876,-1.2253965139389038,1.1884725093841553,0.09498264640569687,0.010007132776081562,0.010007527656853199,0.042752042412757874,0.8978959918022156,0.8211791515350342,0.7556770443916321,0.8218224048614502,0.10433614253997803,0.0037561955396085978,0.003956076223403215,0.04051647707819939,-1.9340550899505615,11.743941307067871,-0.02757278496491103,0.08885930142863513,0.23581637776953956,0.5495309978321831,-1.2181895263142055,0.8407932298844696
179927,179,0.25775888562202454,0.5121222138404846,0.25414469838142395,0.5087224245071411,-1.098282814025879,1.1649553775787354,-1.1763498783111572,1.130266547203064,0.09234985709190369,0.01000626664608717,0.010006614960730076,0.040884412825107574,0.9019365906715393,0.8170902132987976,0.752638041973114,0.8248351812362671,0.10230112075805664,0.003996285609900951,0.003897255752235651,0.038631878793239594,-2.762397527694702,11.618692398071289,-0.028600606575562737,0.07730155513740974,0.2236248870401465,0.5576875467548501,-1.223293823857491,0.707070124026588
179928,179,0.24672603607177734,0.5233446359634399,0.24267619848251343,0.519669234752655,-1.0990809202194214,1.0937244892120361,-1.1144474744796753,1.0719969272613525,0.08893091976642609,0.010005507618188858,0.010005814023315907,0.03922180458903313,0.9062281250953674,0.81331467628479,0.7494180202484131,0.827589213848114,0.10027561336755753,0.0043656169436872005,0.003496029879897833,0.03680828958749771,-7.295520305633545,11.18858814239502,-0.028202525854257032,0.06917979306601382,0.21139194880157008,0.5647582479951174,-1.223293823857491,0.707070124026588
179929,179,0.23491409420967102,0.5336191654205322,0.23145335912704468,0.5298348069190979,-1.2240829467773438,0.9918496608734131,-1.1141425371170044,0.9888973236083984,0.08556061238050461,0.010004839859902859,0.010005110874772072,0.03737321496009827,0.9107295274734497,0.8097121119499207,0.7461344599723816,0.830258309841156,0.09673313796520233,0.004357748199254274,0.003575197421014309,0.035252153873443604,-3.880288600921631,12.11733627319336,-0.025073829698195105,0.06594686826817528,0.1991584547015898,0.5717189583447878,-1.2238743932254685,0.5921901535381006
179930,179,0.2230832278728485,0.5436387062072754,0.22060085833072662,0.539766252040863,-1.1748785972595215,0.9863066077232361,-1.089077115058899,0.9738785624504089,0.08516882359981537,0.010004253126680851,0.010004489682614803,0.03482799604535103,0.9149594306945801,0.8061878681182861,0.7428522109985352,0.8328827023506165,0.09546509385108948,0.004413825459778309,0.0034432783722877502,0.033099520951509476,-5.259285926818848,13.616207122802734,-0.01782198757688727,0.08288264665618142,0.18691919899380105,0.5775395924666759,-1.2239255707788805,0.582063412188757
179931,179,0.21120645105838776,0.5534037947654724,0.20951710641384125,0.5492362380027771,-1.1988039016723633,0.9693999886512756,-1.126168966293335,0.9272938370704651,0.08350338786840439,0.010003737173974514,0.010003948584198952,0.03350679203867912,0.9193149209022522,0.802875280380249,0.7393585443496704,0.8352589011192322,0.09513329714536667,0.004839614499360323,0.003084362717345357,0.03137437626719475,-7.274219989776611,10.346717834472656,-0.024593912526445216,0.07371714979483888,0.1746799432860123,0.5833602265885639,-1.2221639080016642,0.530570066110839
179932,179,0.19855783879756927,0.5622979402542114,0.1976606845855713,0.5579894781112671,-1.2968472242355347,0.8440550565719604,-1.2160547971725464,0.8528220057487488,0.08236736804246902,0.010003285482525826,0.010003467090427876,0.0332544669508934,0.92383873462677,0.7998377680778503,0.7357456088066101,0.8374147415161133,0.09415365755558014,0.004895898513495922,0.0030249657575041056,0.031042475253343582,-6.519618034362793,12.085738182067871,-0.031552134649261016,0.07568507198978094,0.16247999430558743,0.5880319263392185,-1.2199471087084592,0.46577309437097664
179933,179,0.18560804426670074,0.5707148313522339,0.18533390760421753,0.5664462447166443,-1.3035119771957397,0.826928973197937,-1.2607606649398804,0.8272143602371216,0.08881675451993942,0.010002887807786465,0.010003047995269299,0.03162865340709686,0.9276537299156189,0.796869158744812,0.7321323752403259,0.8395600914955139,0.0989256277680397,0.004973946139216423,0.003000630298629403,0.0296965092420578,-4.969010353088379,12.160735130310059,-0.020615389586847416,0.09032430641014315,0.15028052321850285,0.5926896572829286,-1.2199471087084592,0.46577309437097664
179934,179,0.17278310656547546,0.5788821578025818,0.1724352389574051,0.5745688676834106,-1.2719193696975708,0.7990790605545044,-1.3242988586425781,0.7907637357711792,0.09141983091831207,0.010002538561820984,0.010002678260207176,0.0310299564152956,0.9314388036727905,0.7940756678581238,0.7286078929901123,0.8415167331695557,0.10220933705568314,0.005252923350781202,0.0031174812465906143,0.028799330815672874,-3.2080888748168945,10.359764099121094,-0.0269617381653737,0.09203806137059845,0.13816220805793425,0.5963921447051074,-1.2108078041667532,0.35819917057324685
179935,179,0.16038918495178223,0.5864255428314209,0.15891988575458527,0.582177996635437,-1.211703896522522,0.7155522704124451,-1.3647757768630981,0.7329865097999573,0.09088454395532608,0.010002232156693935,0.010002353228628635,0.03146062046289444,0.9354488849639893,0.7917829155921936,0.7251954674720764,0.8430043458938599,0.1024676263332367,0.0061033605597913265,0.0031535315793007612,0.028222473338246346,-2.7314233779907227,5.376291275024414,-0.03153308118592427,0.08779831003400447,0.12605413001626672,0.59997413641084,-1.2108078041667598,0.35819917057324685
179936,179,0.1483033448457718,0.5922170281410217,0.14522629976272583,0.5887391567230225,-1.1879388093948364,0.4917094111442566,-1.334109902381897,0.6032223701477051,0.08908345550298691,0.010001960210502148,0.010002070106565952,0.031037842854857445,0.9395344853401184,0.7901749014854431,0.7219164967536926,0.8441120982170105,0.10077538341283798,0.006673671305179596,0.003215913427993655,0.02739785611629486,-3.064112663269043,6.183493137359619,-0.028157788234061815,0.07863862524998674,0.11405982014674375,0.602777142656703,-1.1963699987838148,0.25934164079551475
179937,179,0.1366410255432129,0.5964290499687195,0.13259045779705048,0.5940936803817749,-1.147178053855896,0.35434964299201965,-1.1956549882888794,0.46317601203918457,0.08692748099565506,0.010001723654568195,0.010001818649470806,0.028350237756967545,0.943569540977478,0.7890744209289551,0.7187722325325012,0.8449962735176086,0.0981229767203331,0.007253437303006649,0.003329057712107897,0.02477448061108589,-2.246253490447998,5.955615043640137,-0.0007144265286518764,0.07439399792344237,0.10209612015890618,0.6053705590646583,-1.1963699987838148,0.25934164079551475
179938,179,0.12547361850738525,0.5992493033409119,0.12130947411060333,0.597827672958374,-1.0922993421554565,0.21754351258277893,-1.0752384662628174,0.287299245595932,0.08401980251073837,0.0149157689884305,0.010001596994698048,0.0260196253657341,0.9474982023239136,0.7877124547958374,0.7157842516899109,0.8457081317901611,0.09482312202453613,0.010836655274033546,0.0033876197412610054,0.02275327406823635,-3.870338201522827,10.688643455505371,0.015630302788554554,0.06702123361510766,0.09026820358716096,0.607343815286365,-1.1766336925598029,0.16920050503783327
179939,179,0.11480752378702164,0.6015735864639282,0.11119240522384644,0.5999031662940979,-1.054301142692566,0.22753247618675232,-0.9759521484375,0.12606343626976013,0.0800580158829689,0.03136645257472992,0.010001404210925102,0.02399897389113903,0.9514943957328796,0.7850632667541504,0.712794840335846,0.8463425636291504,0.0911431536078453,0.02258629910647869,0.003232488641515374,0.020934555679559708,-6.135008335113525,11.687769889831543,0.034090456046230365,0.05665213204358291,0.07850186666156214,0.609035820336744,-1.1766336925598029,0.16920050503783327
179940,179,0.10406073182821274,0.6038039326667786,0.10156955569982529,0.6004738211631775,-1.0886911153793335,0.22369420528411865,-0.9524704217910767,0.01945914700627327,0.07546533644199371,0.03126078471541405,0.010001232847571373,0.02223910391330719,0.9557377099990845,0.7840490341186523,0.7096297740936279,0.8469057083129883,0.08710986375808716,0.024348970502614975,0.0029685150366276503,0.019352763891220093,-7.936406135559082,10.587766647338867,0.03054352938347466,0.04808782518254609,0.06688273139432388,0.6102490576864552,-1.1515988854946375,0.08777576330025526
179941,179,0.09267041087150574,0.6057193279266357,0.09185807406902313,0.6006046533584595,-1.16720449924469,0.17316435277462006,-0.9801974296569824,0.03347285836935043,0.07194992154836655,0.030914627015590668,0.010001081973314285,0.020708873867988586,0.9600475430488586,0.7833999991416931,0.7063890695571899,0.8475028872489929,0.08297738432884216,0.023973869159817696,0.002945163520053029,0.01818873919546604,-6.72429084777832,12.91086196899414,0.02856055053222798,0.05073404750750815,0.05536674253937679,0.6111268153194579,-1.1515988854946277,0.08777576330025526
179942,179,0.08112232387065887,0.6077537536621094,0.08204121887683868,0.6015533208847046,-1.1568806171417236,0.2134687453508377,-1.010094404220581,0.13538077473640442,0.07048790901899338,0.03307834640145302,0.01000094786286354,0.019377656280994415,0.9641849994659424,0.7824105620384216,0.7030786275863647,0.8481400609016418,0.08095993101596832,0.02519427239894867,0.0027410206384956837,0.017137525603175163,-8.269536972045898,13.8612699508667,0.03347374588914523,0.06158233240295333,0.04399877658337197,0.6116497649493343,-1.121265577588303,0.015067415582674975
179943,179,0.06928298622369766,0.610032856464386,0.07126075029373169,0.6032496690750122,-1.2015384435653687,0.24528823792934418,-1.1437538862228394,0.20461803674697876,0.06897591054439545,0.03187862038612366,0.010000833310186863,0.01821492798626423,0.9683169722557068,0.7816065549850464,0.6996663808822632,0.8488208651542664,0.07945691049098969,0.024576228111982346,0.0026293667033314705,0.016183122992515564,-7.324464321136475,12.366485595703125,0.023741517552279975,0.05973788847617113,0.032786120807488175,0.6118004391051611,-1.121265577588303,0.015067415582674975
179944,179,0.05717844143509865,0.6124732494354248,0.05910434573888779,0.6055638790130615,-1.2168129682540894,0.25035497546195984,-1.2734622955322266,0.25621485710144043,0.06870037317276001,0.02962094359099865,0.010000730864703655,0.0171983540058136,0.9723829627037048,0.7810221314430237,0.6961899995803833,0.8494343757629395,0.07891640067100525,0.023238439112901688,0.002501328242942691,0.015133696608245373,-6.721015930175781,9.400388717651367,0.014248573699413805,0.06701499497647388,0.02171171216944745,0.6117028321673629,-1.0856337688408215,-0.04892453811485471
179945,179,0.044857244938611984,0.6145881414413452,0.04577542841434479,0.608088493347168,-1.2384589910507202,0.1876147836446762,-1.3694826364517212,0.24976995587348938,0.07050395756959915,0.027120210230350494,0.010000644251704216,0.016308695077896118,0.9761112928390503,0.7805906534194946,0.692789614200592,0.8500339984893799,0.07989440113306046,0.021192517131567,0.0026002556551247835,0.014450407586991787,-4.874668121337891,11.137264251708984,0.007604093112162667,0.07087612654107812,0.01085537448103719,0.6112135867862144,-1.0856337688408215,-0.04892453811485471
179946,179,0.03292321413755417,0.6167330741882324,0.03213553503155708,0.6107321977615356,-1.1772888898849487,0.21717239916324615,-1.3669066429138184,0.25723797082901,0.07533767074346542,0.025131752714514732,0.010000566020607948,0.015531625598669052,0.9793703556060791,0.7802372574806213,0.6894330978393555,0.8504599928855896,0.08416155725717545,0.020087476819753647,0.0025391443632543087,0.013402393087744713,-3.762812614440918,6.75450325012207,0.011408013426119919,0.07639368965143298,0.00011691116768985498,0.6105651544329016,-1.0447034592521818,-0.10420009779233382
179947,179,0.021148530766367912,0.6180970668792725,0.018599776551127434,0.6128342151641846,-1.1669931411743164,0.08805183321237564,-1.3100674152374268,0.17794570326805115,0.07447954267263412,0.023223312571644783,0.010000498965382576,0.014850523322820663,0.9829815626144409,0.7802427411079407,0.6861249208450317,0.8506727814674377,0.08468124270439148,0.018900707364082336,0.0025381746236234903,0.01264652144163847,-4.965555667877197,8.20279598236084,0.00045630523404814605,0.0693271001423901,-0.010330123424832676,0.6095231534549782,-1.0447034592521822,-0.10420009779233382
179948,179,0.009522633627057076,0.6186746954917908,0.006263262592256069,0.6141881942749023,-1.158748745918274,0.03591606393456459,-1.1676599979400635,0.09654358774423599,0.07381124049425125,0.02214859612286091,0.01000044122338295,0.014255976304411888,0.9867052435874939,0.7803484797477722,0.6829063296318054,0.8507513403892517,0.08367939293384552,0.01815192587673664,0.0025983150117099285,0.011956864036619663,-3.754098415374756,7.893590927124023,0.014643282710446117,0.06977506893085826,-0.020690253406756197,0.6083936268383116,-0.9984746488223865,-0.15075926344976232
179949,179,-0.0018101372988894582,0.6187456250190735,-0.004769286140799522,0.6147221922874451,-1.1124929189682007,-0.02166222594678402,-1.0537285804748535,0.009410466998815536,0.07341478765010834,0.02163725346326828,0.01000039093196392,0.013735132291913033,0.9902923107147217,0.7805076241493225,0.6797858476638794,0.8507561087608337,0.08289705961942673,0.017666568979620934,0.002602196065708995,0.011546908877789974,-5.506737232208252,10.67906379699707,0.018057432382326155,0.07101675827418613,-0.03067499989497955,0.6068860342038138,-0.9984746488223865,-0.15075926344976232
179950,179,-0.01286077219992876,0.6186231374740601,-0.014877082780003548,0.6144643425941467,-1.095452904701233,-0.010855043306946754,-0.9784091711044312,-0.056664686650037766,0.07237568497657776,0.022985799238085747,0.010000341571867466,0.013278084807097912,0.9937064051628113,0.7802899479866028,0.6769059896469116,0.8508991003036499,0.08088886737823486,0.018097802996635437,0.002917925827205181,0.01138118002563715,-2.2674965858459473,13.310708999633789,0.023202527743379425,0.06608902337122505,-0.04061440853875252,0.6053451444759532,-0.9511215434480615,-0.1855364080125649
179951,179,-0.022923093289136887,0.6191368103027344,-0.024096928536891937,0.6140971779823303,-0.9561848044395447,0.07474791258573532,-0.9019046425819397,-0.033482328057289124,0.07146529108285904,0.022328684106469154,0.010000298731029034,0.012877002358436584,0.9968259334564209,0.7800933122634888,0.6743001937866211,0.8510655760765076,0.07902874052524567,0.01786096580326557,0.003069754224270582,0.010998660698533058,-2.48820424079895,11.639914512634277,0.017751104468707486,0.06595088208794175,-0.050083881914267506,0.6034591241250814,-0.9469473375514328,-0.1886020350871931
179952,179,-0.032127752900123596,0.6197131872177124,-0.03309463709592819,0.6138083338737488,-0.8812838792800903,0.04962185397744179,-0.8884685039520264,-0.012344932183623314,0.06780741363763809,0.02078571543097496,0.010000261478126049,0.012525411322712898,1.0000191926956177,0.7802101969718933,0.6717694997787476,0.8510940670967102,0.07599145174026489,0.017193470150232315,0.0029772731941193342,0.010472039692103863,-5.6659722328186035,9.740036010742188,-0.00023999940485781163,0.04551375723606192,-0.059553355289782485,0.6015731037742095,-0.9217848711986492,-0.2014991934301282
179953,179,-0.04118858650326729,0.619636595249176,-0.042081333696842194,0.6135506629943848,-0.9013829231262207,-0.029913898557424545,-0.880631685256958,-0.018896957859396935,0.063108429312706,0.01944105140864849,0.010000229813158512,0.012217070907354355,1.003365159034729,0.7805176973342896,0.6693118810653687,0.8510432839393616,0.07103601098060608,0.016169225797057152,0.0030551475938409567,0.010137085802853107,-4.89223575592041,10.06725788116455,-0.0023776927478368973,0.03414518245722489,-0.06846139646755427,0.5993993183111417,-0.8901215254393259,-0.21772841270457324
179954,179,-0.049936648458242416,0.6192787885665894,-0.05057723820209503,0.6134312152862549,-0.8599416017532349,-0.04663154482841492,-0.8305163979530334,-0.016206540167331696,0.05946341156959534,0.01826729066669941,0.010000200942158699,0.011946437880396843,1.0064764022827148,0.7808589339256287,0.6670918464660645,0.8509317636489868,0.06584270298480988,0.015340880490839481,0.003409098833799362,0.009817255660891533,-1.5772652626037598,9.086456298828125,0.004902994594073137,0.036755795227270516,-0.07736261172194812,0.5972220341840961,-0.8901215254393259,-0.2177284127045204
179955,179,-0.057763587683439255,0.6186999082565308,-0.05853230878710747,0.6132550835609436,-0.7359009981155396,-0.07756351679563522,-0.7789595723152161,-0.033550675958395004,0.05551151931285858,0.017242884263396263,0.010000176727771759,0.011709095910191536,1.0094096660614014,0.7814416289329529,0.6649552583694458,0.8506052494049072,0.06189132481813431,0.014976637437939644,0.0031671749893575907,0.009359274059534073,-5.532524585723877,8.204233169555664,0.00292090470617018,0.030621092854146367,-0.08571217053969685,0.594863511854356,-0.8279972124860627,-0.23813839630184996
179956,179,-0.06554749608039856,0.6172431707382202,-0.06642365455627441,0.6122857332229614,-0.7871110439300537,-0.17950789630413055,-0.7707154154777527,-0.13064469397068024,0.04940054938197136,0.016347544267773628,0.010000156238675117,0.011500781401991844,1.0125566720962524,0.78223717212677,0.6628153920173645,0.8501787781715393,0.055969033390283585,0.014354253187775612,0.003218838246539235,0.009087033569812775,-4.533388614654541,9.104597091674805,0.003431337588028974,0.010384365409541074,-0.093992142664558,0.5924821278913373,-0.8279972124860561,-0.23813839630184996
179957,179,-0.07320776581764221,0.615388035774231,-0.07374607771635056,0.6107557415962219,-0.7572668790817261,-0.19923220574855804,-0.7098087668418884,-0.18017908930778503,0.04512322321534157,0.016322502866387367,0.010000137612223625,0.011317938566207886,1.015586018562317,0.7830098867416382,0.6607261896133423,0.8496877551078796,0.05091824382543564,0.014257105998694897,0.0031681498512625694,0.008914989419281483,-5.136833190917969,10.397768020629883,0.016144722044597805,0.017412445472940463,-0.10174083111555463,0.5900085998470853,-0.7605743986916399,-0.24983198587912894
179958,179,-0.08076199889183044,0.6133531928062439,-0.08065006881952286,0.6086876392364502,-0.75827956199646,-0.2081926465034485,-0.6801013946533203,-0.22970080375671387,0.040787432342767715,0.01713709905743599,0.010000123642385006,0.011157567612826824,1.0184974670410156,0.7835950255393982,0.6586784720420837,0.8492648601531982,0.04620956629514694,0.014624908566474915,0.0032129886094480753,0.008925163187086582,-4.407158851623535,12.71048355102539,0.017259443555938808,0.012322096060648213,-0.10934657510247155,0.5875102799882939,-0.7605743986916399,-0.24983198587907607
179959,179,-0.08810247480869293,0.6116524934768677,-0.08728063106536865,0.6064448356628418,-0.7240490913391113,-0.15174460411071777,-0.6653494834899902,-0.22401437163352966,0.03710367530584335,0.0171285942196846,0.010000109672546387,0.011016680859029293,1.0213334560394287,0.7842626571655273,0.6566187143325806,0.8487524390220642,0.04227399080991745,0.015091232024133205,0.003116506850346923,0.008549211546778679,-4.403467178344727,8.566055297851562,0.0170683560834477,0.01265780436543898,-0.11645200517998787,0.58499147738169,-0.6878530840560638,-0.2528091814364102
179960,179,-0.09552688896656036,0.6094858646392822,-0.09434650838375092,0.6039648056030273,-0.7396271824836731,-0.25059208273887634,-0.7252423763275146,-0.2513754665851593,0.033588867634534836,0.01624821498990059,0.010000097565352917,0.010893058963119984,1.0240886211395264,0.7851964831352234,0.654577910900116,0.8482202291488647,0.03864402696490288,0.01439122948795557,0.003077545203268528,0.008557329885661602,-5.775328636169434,12.293353080749512,0.0063625825963719886,0.007742562695202418,-0.12333053602054894,0.5824633855673261,-0.6878530840560572,-0.25280918143635733
179961,179,-0.10287894308567047,0.607327401638031,-0.10158991068601608,0.6016165614128113,-0.7413802146911621,-0.20186185836791992,-0.7333611249923706,-0.23024612665176392,0.030736535787582397,0.01944969780743122,0.010000087320804596,0.01078454777598381,1.0266737937927246,0.7854994535446167,0.6526458859443665,0.8477968573570251,0.03523782640695572,0.016354268416762352,0.0032432146836072206,0.008565448224544525,-2.4904966354370117,12.338102340698242,0.019943933530399333,0.01140406867297894,-0.12975031971785722,0.57996903955053,-0.6098332685793347,-0.24706998297358798
179962,179,-0.10972923040390015,0.6056495904922485,-0.10880515724420547,0.5996291637420654,-0.6590455174446106,-0.15408119559288025,-0.7266255617141724,-0.18479013442993164,0.02853570133447647,0.018451133742928505,0.010000078938901424,0.0106892054900527,1.0289608240127563,0.7861659526824951,0.6509004235267639,0.8473300337791443,0.03249719738960266,0.0162569060921669,0.0033964060712605715,0.008339324966073036,-0.44466137886047363,8.944106101989746,0.011413344979441985,0.013515072184375476,-0.13584865240365093,0.5774983397207942,-0.6098332685793215,-0.24706998297353513
179963,179,-0.11592656373977661,0.6037300825119019,-0.11612650752067566,0.5977532267570496,-0.5822820663452148,-0.2177876979112625,-0.7266241908073425,-0.1890823245048523,0.02618548832833767,0.01740586757659912,0.010000077076256275,0.010605620220303535,1.0310475826263428,0.7870612740516663,0.6493036150932312,0.8468385934829712,0.03015955537557602,0.01535470224916935,0.0033905485179275274,0.008368710055947304,-3.380923271179199,12.346997261047363,0.0021905231241716276,0.0028457201869127174,-0.14154040171401944,0.5750981814459674,-0.5265149522614461,-0.23261439049066232
179964,179,-0.12171018123626709,0.6017518043518066,-0.12303143739700317,0.5958696007728577,-0.579108715057373,-0.18009686470031738,-0.6445376873016357,-0.1873714178800583,0.024145865812897682,0.016531353816390038,0.010000077076256275,0.01053222082555294,1.0330915451049805,0.7878737449645996,0.6477051973342896,0.8463667631149292,0.02807309478521347,0.014657716266810894,0.003382738446816802,0.008237031288444996,-2.0771288871765137,10.115137100219727,0.010314065723391205,-0.00742200960141029,-0.14680555123663416,0.5727720375410602,-0.5265149522614327,-0.2326143904907152
179965,179,-0.12743927538394928,0.5997819900512695,-0.1289745420217514,0.5939539670944214,-0.5625208616256714,-0.2043883502483368,-0.5430434346199036,-0.190353125333786,0.022369299083948135,0.01572650857269764,0.010000069625675678,0.010467632673680782,1.0348951816558838,0.7886766791343689,0.6463128924369812,0.8459155559539795,0.025815678760409355,0.013890201225876808,0.003680830355733633,0.008229943923652172,1.0696029663085938,10.803213119506836,0.0035201981767159912,-0.006773765073346413,-0.1517268781533339,0.5705357981603627,-0.43789813510238434,-0.20944240398784464
179966,179,-0.13230963051319122,0.5979428291320801,-0.13366782665252686,0.5922303199768066,-0.43680891394615173,-0.18072614073753357,-0.4214380979537964,-0.1717333346605301,0.020819686353206635,0.015020973049104214,0.01000006403774023,0.010410785675048828,1.0364819765090942,0.789484977722168,0.6450850963592529,0.8454131484031677,0.024254554882645607,0.013455931097269058,0.0036407187581062317,0.008112558163702488,-2.205359935760498,10.787529945373535,0.006287889211620934,-0.007135049177193889,-0.15610585950435812,0.5684413741204845,-0.43789813510239756,-0.20944240398784464
179967,179,-0.13678978383541107,0.5959067940711975,-0.1376473307609558,0.5902578830718994,-0.4428789019584656,-0.2090308666229248,-0.36507076025009155,-0.2048984169960022,0.019469983875751495,0.01440371572971344,0.023100141435861588,0.010360876098275185,1.0380175113677979,0.7903868556022644,0.6433849334716797,0.844855546951294,0.023005163297057152,0.013054338283836842,0.00937968771904707,0.007988197728991508,-3.4737956523895264,10.232977867126465,0.0017816200676426253,-0.02502625901339317,-0.16021437602066105,0.5664387847860761,-0.3439828171021762,-0.17755402346492352
179968,179,-0.14142568409442902,0.5936039686203003,-0.14110253751277924,0.5880381464958191,-0.4706936180591583,-0.23719502985477448,-0.3232574462890625,-0.22722308337688446,0.018293512985110283,0.013863588683307171,0.023033851757645607,0.010317069478332996,1.0395174026489258,0.791219174861908,0.6421023607254028,0.8443833589553833,0.021910101175308228,0.01228982675820589,0.009519602172076702,0.00813987199217081,-3.4532761573791504,13.087167739868164,0.005923447612523079,-0.022572398916276076,-0.16365420419168317,0.5646632445514271,-0.3439828171021762,-0.17755402346487065
179969,179,-0.14595617353916168,0.5917398929595947,-0.14415453374385834,0.5859832167625427,-0.4462944567203522,-0.16109657287597656,-0.316351979970932,-0.19586686789989471,0.017265548929572105,0.013481010682880878,0.022168951109051704,0.010278560221195221,1.0409528017044067,0.7917566895484924,0.6409400701522827,0.8440895080566406,0.02085856720805168,0.01157489325851202,0.00919097289443016,0.008334258571267128,-3.210475444793701,14.76980209350586,0.010742508083081845,-0.016144663965616646,-0.16690752230085906,0.5629640364154689,-0.2447689982608348,-0.13694924892189891
179970,179,-0.15021008253097534,0.590622067451477,-0.14760546386241913,0.5843343138694763,-0.41330063343048096,-0.07737009227275848,-0.3793708086013794,-0.13893023133277893,0.01636645384132862,0.013054371811449528,0.02140878327190876,0.010244700126349926,1.0423650741577148,0.7921799421310425,0.6397663354873657,0.8438039422035217,0.020110491663217545,0.011426737532019615,0.008698455058038235,0.008159096352756023,-3.6742162704467773,10.94186019897461,-0.0002860011014322074,-0.01610692001707599,-0.16935521228346784,0.5615945439262496,-0.2447689982608348,-0.13694924892189891
179971,179,-0.1545621007680893,0.5894194841384888,-0.15204595029354095,0.5829533338546753,-0.4386361837387085,-0.1347622126340866,-0.4795544147491455,-0.12612059712409973,0.015583080239593983,0.012681681662797928,0.02094477415084839,0.013378341682255268,1.0437376499176025,0.7926369905471802,0.6385858654975891,0.84334796667099,0.019454244524240494,0.010917119681835175,0.008450819179415703,0.010768605396151543,-4.199202060699463,12.8306245803833,-0.013868586132587362,-0.017689656146526032,-0.17171094397878806,0.5602684481409015,-0.1487231778061178,-0.09162356755901664
179972,179,-0.1588737666606903,0.5883963704109192,-0.15688195824623108,0.5819903612136841,-0.4319976568222046,-0.08427248895168304,-0.49137020111083984,-0.07934081554412842,0.01489633321762085,0.012354249134659767,0.019580254331231117,0.012965111061930656,1.0449333190917969,0.7928174734115601,0.6376132369041443,0.8433040976524353,0.01845969259738922,0.010192515328526497,0.008166179060935974,0.010843874886631966,-0.22702813148498535,14.565653800964355,-0.0052077093956124955,-0.008361448897560117,-0.1731135107645713,0.5593921673373128,-0.1402566785783205,-0.08762808035882373
179973,179,-0.16238297522068024,0.5882572531700134,-0.16145837306976318,0.5817272663116455,-0.31378448009490967,0.018317727372050285,-0.4505276083946228,-0.0029247943311929703,0.014295036904513836,0.01206700224429369,0.01838977076113224,0.013069777749478817,1.0459582805633545,0.7927083969116211,0.6367946267127991,0.8434174060821533,0.01789771020412445,0.009661701507866383,0.007590595167130232,0.01113914605230093,-2.3039543628692627,15.791971206665039,-0.01308511177755539,-0.003851875939193408,-0.17451607755035453,0.558515886533724,-0.09165460465569245,0.22139257817873254
179974,179,-0.16552436351776123,0.5888122916221619,-0.16585712134838104,0.581946611404419,-0.3127884566783905,0.08913330733776093,-0.4196922481060028,0.050381191074848175,0.013768346048891544,0.011814968660473824,0.018025299534201622,0.01617278903722763,1.0468814373016357,0.7922309637069702,0.6360146403312683,0.8436222672462463,0.017311880365014076,0.008855992928147316,0.007490870542824268,0.014062998816370964,-1.3018035888671875,17.70928382873535,-0.01663250923725068,-0.015450746864656917,-0.17483422086211475,0.5645345636821294,-0.03049588318328916,0.6102506424418167
179975,179,-0.16835035383701324,0.590499997138977,-0.16943010687828064,0.583116352558136,-0.26757878065109253,0.22407828271389008,-0.30733931064605713,0.1704295128583908,0.013306431472301483,0.011593603529036045,0.017045699059963226,0.01647956669330597,1.0476353168487549,0.7912988066673279,0.6354163289070129,0.8442715406417847,0.016614556312561035,0.00820666179060936,0.007284602150321007,0.014763595536351204,0.7991576194763184,17.360027313232422,-0.016523414717880644,-0.010119587770162565,-0.17513917969394777,0.5706370701065473,-0.030495883183302375,0.6102506424417637
179976,179,-0.17052771151065826,0.5933147668838501,-0.17182858288288116,0.5855293273925781,-0.18302465975284576,0.32534992694854736,-0.19081196188926697,0.29697513580322266,0.012902253307402134,0.011399650014936924,0.01617623120546341,0.028519028797745705,1.0482038259506226,0.7900397777557373,0.6349897384643555,0.844399094581604,0.016085868701338768,0.007741830311715603,0.006996349431574345,0.024715883657336235,0.40740966796875,16.46274185180664,-0.03046842017806329,-0.00994147877236775,-0.1744246468818071,0.5756219267503669,0.08431328740960922,0.4843874781065452
179977,179,-0.17215600609779358,0.5967727899551392,-0.1732688844203949,0.5889097452163696,-0.13600914180278778,0.36878636479377747,-0.0992184579372406,0.3780934512615204,0.012547342106699944,0.011229149997234344,0.01658601686358452,0.039978738874197006,1.0486189126968384,0.788651704788208,0.6346542239189148,0.8445887565612793,0.015589872375130653,0.007595632690936327,0.007260473445057869,0.03444785624742508,0.18709897994995117,14.601842880249023,-0.041857936047925065,-0.01664469186156352,-0.17358151400771096,0.5804658015314326,0.08431328740960922,0.4843874781065981
179978,179,-0.17330944538116455,0.6003426313400269,-0.17389650642871857,0.5928764939308167,-0.08762970566749573,0.35752835869789124,-0.02512076497077942,0.4138416051864624,0.012236199341714382,0.011079524643719196,0.016824152320623398,0.0466003492474556,1.0490458011627197,0.7874332666397095,0.6342803239822388,0.8449443578720093,0.015544086694717407,0.007816501893103123,0.007166013121604919,0.03997272253036499,-3.874034881591797,12.811875343322754,-0.04776317835631174,-0.016858793011846982,-0.1717943122620907,0.584353132857893,0.20412080807174518,0.362996864393302
179979,179,-0.17474640905857086,0.6033605933189392,-0.17413762211799622,0.5966877341270447,-0.15875662863254547,0.2811787724494934,-0.002650344744324684,0.3708840310573578,0.011963381431996822,0.010948213748633862,0.017547260969877243,0.046547140926122665,1.0493543148040771,0.7864916920661926,0.6340097188949585,0.8455302119255066,0.014784780330955982,0.008114580996334553,0.00799426157027483,0.03979301452636719,1.8326878547668457,9.208121299743652,-0.04620141352060343,-0.017655286879968403,-0.16975310418137338,0.5879831015018254,0.20412080807174518,0.36299686439324913
179980,179,-0.1754153072834015,0.6056898832321167,-0.1739431917667389,0.6002383828163147,-0.0009320252574980259,0.18938183784484863,0.019912226125597954,0.3255251944065094,0.011724396608769894,0.01083309855312109,0.016615495085716248,0.04506362974643707,1.0493929386138916,0.7860387563705444,0.6340819001197815,0.845878005027771,0.014402851462364197,0.008671030402183533,0.007637964095920324,0.037973299622535706,-0.4140591621398926,7.798304557800293,-0.03538476482107758,0.0018452571260451738,-0.16685324670172014,0.5908086879159012,0.32892667880310555,0.24607880130192833
179981,179,-0.17529645562171936,0.6066567301750183,-0.17401833832263947,0.6026555895805359,0.04119611531496048,0.03266081213951111,-0.010214084759354591,0.17617611587047577,0.011514384299516678,0.01073186844587326,0.016252687200903893,0.04195878282189369,1.0492879152297974,0.7860496044158936,0.6342528462409973,0.8460677862167358,0.014073541387915611,0.008921093307435513,0.007559360004961491,0.035219915211200714,-1.8708527088165283,9.808809280395508,-0.02160063657676206,-0.013675076807093855,-0.16356397991368885,0.5932694759289201,0.32892667880310555,0.24607880130187548
179982,179,-0.17474868893623352,0.6066535711288452,-0.17401033639907837,0.6036929488182068,0.06635670363903046,-0.030942296609282494,0.014069098979234695,0.036848459392786026,0.011330027133226395,0.010642953217029572,0.015705278143286705,0.03776716813445091,1.0489192008972168,0.7860392928123474,0.6346951127052307,0.8463969826698303,0.013388749212026596,0.008454875089228153,0.007738804444670677,0.03227255865931511,1.2821221351623535,14.587289810180664,0.003341314559780602,-0.011811301673401966,-0.15951147989944908,0.595069097835587,0.45873089960370345,0.1336332888324772
179983,179,-0.1730872243642807,0.6071307063102722,-0.1731777787208557,0.6038829684257507,0.21203775703907013,0.07253318279981613,0.11002086848020554,-0.025340797379612923,0.011167933233082294,0.014789470471441746,0.01500212773680687,0.0341545008122921,1.0483893156051636,0.7854273319244385,0.635301947593689,0.8466663956642151,0.013063762336969376,0.011783399619162083,0.00746368570253253,0.028846625238656998,0.10755062103271484,11.591272354125977,0.015355801932996092,-0.007109814940253017,-0.15492417090341173,0.5964054307239115,0.45873089960370345,0.1336332888324243
179984,179,-0.1710297018289566,0.6072993278503418,-0.17198215425014496,0.6030253171920776,0.21930333971977234,-0.0064150928519666195,0.15395955741405487,-0.10555161535739899,0.011025778017938137,0.014201091602444649,0.02051057666540146,0.031041882932186127,1.0477138757705688,0.7855929732322693,0.6358057260513306,0.8467283248901367,0.01261311024427414,0.012135736644268036,0.010107328183948994,0.025791868567466736,1.616675853729248,8.76396369934082,0.00030076851160239053,-0.021326479739197476,-0.14967904155403067,0.5972148685281453,0.5935334704735258,0.025660326984948478
179985,179,-0.168538436293602,0.606656014919281,-0.16990435123443604,0.6018345355987549,0.27959054708480835,-0.11010134965181351,0.2600953280925751,-0.1261296570301056,0.010900965891778469,0.01394601259380579,0.0197129026055336,0.028350429609417915,1.046974539756775,0.7862614393234253,0.6365564465522766,0.8464359641075134,0.012455550953745842,0.012587012723088264,0.009832615964114666,0.022969473153352737,-0.7303059101104736,7.010250091552734,0.012122416197882143,-0.014114972902886214,-0.14374370684929488,0.5974714717979945,0.5935334704735258,0.025660326984948478
179986,179,-0.1659471094608307,0.6046423316001892,-0.16693641245365143,0.6001192927360535,0.2623833417892456,-0.25764092803001404,0.3431289792060852,-0.20008282363414764,0.01079132966697216,0.02660275250673294,0.019071152433753014,0.02601752057671547,1.0459282398223877,0.785625696182251,0.6376396417617798,0.8460647463798523,0.01152307353913784,0.02151167206466198,0.010341458022594452,0.021171556785702705,4.531600475311279,11.325669288635254,0.028485458613241636,-0.014559644609609547,-0.13726596136421812,0.5973265059047701,0.7333343914125989,-0.07784008424065775
179987,179,-0.16186796128749847,0.6027281880378723,-0.16242459416389465,0.5983614325523376,0.48634397983551025,-0.17514024674892426,0.49931395053863525,-0.19226638972759247,0.01069512777030468,0.049021732062101364,0.01794491335749626,0.02399427816271782,1.0445806980133057,0.7837321758270264,0.6390603184700012,0.8457450866699219,0.011181523092091084,0.03773006796836853,0.009816231206059456,0.019710956141352654,0.2260732650756836,14.568109512329102,0.05292507579258504,-0.0017742398123500452,-0.12993261745009166,0.5965481050623632,0.7333343914125989,-0.07784008424071062
179988,179,-0.15701338648796082,0.6014068722724915,-0.15722104907035828,0.5962209701538086,0.4967987537384033,-0.09214013814926147,0.5470210909843445,-0.21529211103916168,0.010610654018819332,0.048094771802425385,0.02598785050213337,0.022235676646232605,1.0429139137268066,0.7835201621055603,0.6404438614845276,0.8457621335983276,0.010300355032086372,0.038973547518253326,0.014186397194862366,0.01880066655576229,4.710395336151123,15.007224082946777,0.04210620891041674,-0.02723222117813013,-0.12218226902876694,0.5954845158766561,0.8781336624208899,-0.1768679448443415
179989,179,-0.15093635022640228,0.6013500094413757,-0.15115995705127716,0.5948009490966797,0.670932412147522,0.04238635674118996,0.631105363368988,-0.08777256309986115,0.01053650863468647,0.04549548402428627,0.025240382179617882,0.020705698058009148,1.0409739017486572,0.7837368845939636,0.6423537135124207,0.8457955121994019,0.009800873696804047,0.0379200279712677,0.014265550300478935,0.017221450805664062,4.082047939300537,8.904452323913574,0.028607644537456022,-0.020074664532552383,-0.11340093240455745,0.5937158364282124,0.8781336624208899,-0.1768679448443415
179990,179,-0.14410516619682312,0.6009942293167114,-0.1449579894542694,0.5940114855766296,0.7241459488868713,-0.06011379882693291,0.6479377746582031,-0.0485585518181324,0.01047147810459137,0.04081159457564354,0.03714168071746826,0.019374296069145203,1.0387355089187622,0.7844424843788147,0.644110918045044,0.8457404375076294,0.009151222184300423,0.034796565771102905,0.02048025280237198,0.016048479825258255,4.202516078948975,9.00364875793457,0.004457919717964906,-0.03929094238118839,-0.10433799424643271,0.5917694043549987,1.0279312834984118,-0.27142325482615565
179991,179,-0.13635601103305817,0.6003214120864868,-0.13790908455848694,0.5937182903289795,0.8143571615219116,-0.07475528120994568,0.7611744403839111,-0.021630221977829933,0.01041423063725233,0.0374162420630455,0.03904450312256813,0.01821000874042511,1.0363378524780273,0.7852120399475098,0.646306574344635,0.8456113338470459,0.008842773735523224,0.0319531224668026,0.021873539313673973,0.014955426566302776,2.3225998878479004,9.053794860839844,0.014877257055790079,-0.039375785585571976,-0.09405868141144788,0.5890551718067375,1.0279312834984118,-0.2714232548261028
179992,179,-0.12821252644062042,0.5993991494178772,-0.12978047132492065,0.5933505892753601,0.8171456456184387,-0.10428420454263687,0.8603379726409912,-0.04991787299513817,0.01036389172077179,0.03418456017971039,0.04542328417301178,0.017192315310239792,1.033900499343872,0.7860661745071411,0.6483976244926453,0.8453675508499146,0.00849138479679823,0.02960265427827835,0.025407947599887848,0.013929168693721294,2.727031707763672,7.409167289733887,0.012550930065489399,-0.046520491531049646,-0.08364316671596467,0.5862616772509915,1.1701872978805388,-0.35420844759397646
179993,179,-0.11994709074497223,0.5980174541473389,-0.12074899673461914,0.5926061272621155,0.8350525498390198,-0.1627952754497528,0.935767650604248,-0.0964467003941536,0.010319721885025501,0.031231703236699104,0.04449618607759476,0.01630394160747528,1.0312902927398682,0.7871158719062805,0.6508828997612,0.844952404499054,0.0078629394993186,0.027584463357925415,0.025855371728539467,0.012899445369839668,6.541783809661865,5.115904808044434,0.011259622972718143,-0.03844325559207702,-0.07181589416951215,0.5826466171091319,1.1827272546451713,-0.3615060141859945
179994,179,-0.1109338328242302,0.5959527492523193,-0.11102483421564102,0.5913543701171875,0.9583184123039246,-0.2497703582048416,0.9925193786621094,-0.16025933623313904,0.010280907154083252,0.02917829528450966,0.042947884649038315,0.015526874922215939,1.0282971858978271,0.7882678508758545,0.6537915468215942,0.844444990158081,0.007141905836760998,0.025721590965986252,0.02591322548687458,0.012299202382564545,6.118912696838379,9.14834976196289,0.015189835922540626,-0.03280644814111425,-0.05998862162305822,0.5790315569672718,1.253484170939404,-0.3994142097182454
179995,179,-0.10060722380876541,0.5937004089355469,-0.10075660049915314,0.5895065069198608,1.0838546752929688,-0.22454416751861572,1.0432318449020386,-0.2192087322473526,0.010246803052723408,0.028392300009727478,0.0427200011909008,0.014846804551780224,1.0248394012451172,0.7891697287559509,0.6570946574211121,0.8440064787864685,0.006199075374752283,0.02459874376654625,0.026832371950149536,0.011819737032055855,9.070804595947266,10.416436195373535,0.02301610926436507,-0.041223776212292396,-0.046582600377504634,0.5745706782465901,1.3425215758611548,-0.447116222923858
179996,179,-0.08866660296916962,0.5917608141899109,-0.08988788723945618,0.5872285962104797,1.2619752883911133,-0.1895035058259964,1.1132882833480835,-0.24669897556304932,0.010216849856078625,0.026604196056723595,0.050982993096113205,0.014251643791794777,1.0209739208221436,0.7901579141616821,0.6604169607162476,0.8434659242630005,0.005604956299066544,0.02370372973382473,0.03197776526212692,0.01112364325672388,8.07546615600586,8.199880599975586,0.014322518978134562,-0.052508005390556195,-0.03315738461889216,0.5700995160173513,1.3425215758611548,-0.447116222923858
179997,179,-0.07577487081289291,0.5893642902374268,-0.0783693939447403,0.5844348073005676,1.321845293045044,-0.2658948004245758,1.2123805284500122,-0.2912750542163849,0.010190495289862156,0.02450105920433998,0.0685858428478241,0.013729523867368698,1.016870379447937,0.7914854884147644,0.6635173559188843,0.8427494168281555,0.005198466591536999,0.022468404844403267,0.04252895340323448,0.010462782345712185,7.012879848480225,7.271687984466553,0.0020252403802345047,-0.07192227380034977,-0.01826882973418218,0.5649078611303078,1.5073142471463765,-0.5282538810398518
179998,179,-0.06249670684337616,0.5862396955490112,-0.06550393253564835,0.5812912583351135,1.3371590375900269,-0.3409825265407562,1.3547028303146362,-0.3271341919898987,0.010167350992560387,0.02267456240952015,0.07398822903633118,0.013272308744490147,1.012635350227356,0.7929474115371704,0.6670907139778137,0.8419806361198425,0.0049057756550610065,0.020805727690458298,0.046967074275016785,0.010129903443157673,7.265834808349609,9.868335723876953,0.007117125495841828,-0.07508837019705977,-0.0031956872627174025,0.559625322319909,1.5073142471463747,-0.5282538810399047
179999,179,-0.04884841665625572,0.5830216407775879,-0.05116136744618416,0.5780438780784607,1.379679560661316,-0.3170297145843506,1.484812617301941,-0.3284010589122772,0.010147043503820896,0.021363023668527603,0.07337868213653564,0.012872062623500824,1.0083287954330444,0.7944061756134033,0.6709792017936707,0.8410937786102295,0.004605850670486689,0.020061179995536804,0.047791987657547,0.009519602172076702,8.755335807800293,6.438133716583252,0.012206152015690724,-0.06970233724643313,0.013167383123319446,0.5537386716714797,1.671013178378493,-0.6049189885339232
180000,180,0.0,0.0,-0.0,-0.0,0.0,0.0,0.0,0.0,0.009999999776482582,0.009999999776482582,0.009999999776482582,0.009999999776482582,1.0819710493087769,1.0819710493087769,0.729764461517334,0.729764461517334,0.018508514389395714,0.018508514389395714,0.006624635774642229,0.006624635774642229,0.0,0.0,0.0022443168145690057,-0.06838221388252799,0.029877514907105517,0.5476894817861404,1.6710131783784947,-0.6049189885339232
